inventoryID,entityID,entityType,id,inherentRiskLevel,inherentRiskLevelID,inherentRiskScore,residualRiskLevel,residualRiskLevelID,residualRiskScore,targetRiskLevel,targetRiskLevelID,targetRiskScore,inventoryType,inventoryTypeID,inventoryName,inventoryNumber,inventoryURL,orgID,orgName,parentOrgID
0c00a859-e16b-4d41-8786-998095804a54,asset_2253_5138809,3356,Assets,20,active,active,InventoryActiveStatus,2026-04-06T02:37:12.000+00:00,2026-04-06T02:40:41.000+00:00,b99df4a4-2bf5-4c08-9483-bd636470bc11,,,"{name-->[{value:asset_2253_5138809,valueKey:0c00a859-e16b-4d41-8786-998095804a54,translationKey:asset_2253_5138809}], customField1906-->[{value:100,valueKey:8db37f7b-9910-4c87-94f6-6f2b939f4e0a,translationKey:8db37f7b-9910-4c87-94f6-6f2b939f4e0a}], location-->[{value:Unknown,valueKey:00000000-0000-0000-0000-000000000000,translationKey:Unknown}], createdBy-->[{value:OneTrust Automation,valueKey:79f09a0f-fbd7-4439-9e1e-d48abe62c98e,translationKey:OneTrust Automation}], updatedBy-->[{value:OneTrust Automation,valueKey:79f09a0f-fbd7-4439-9e1e-d48abe62c98e,translationKey:OneTrust Automation}], type-->[{value:Application,valueKey:929d286d-61d4-4533-9e4d-e2b83b3c0aca,translationKey:AssetsTypeApplication}], organization-->[{value:OTAuto02,valueKey:b99df4a4-2bf5-4c08-9483-bd636470bc11,translationKey:OTAuto02}], isParent-->[{value:false,valueKey:bc6c05e0-98f1-4b94-b678-ce68f8c0b7d2,translationKey:AssetsIsParentFalse}], number-->[{value:3356,valueKey:3356,translationKey:3356}], customField1907-->[{value:123,valueKey:null,translationKey:123}]}",2026-04-06T02:41:28.115+00:00,2026-04-06T02:43:26.895+00:00,False,e40yx52dkbjpcqazimno9yvh4k,[]
3f6f740c-f9e2-4a34-b893-5054a5665ad3,asset_163271,3357,Assets,20,active,active,InventoryActiveStatus,2026-04-06T02:41:54.000+00:00,2026-04-06T02:41:57.000+00:00,b99df4a4-2bf5-4c08-9483-bd636470bc11,1.0,,"{riskLevel-->[{value:Low,valueKey:Low,translationKey:Low}], inherentRiskLevel-->[{value:Low,valueKey:Low,translationKey:Low}], name-->[{value:asset_163271,valueKey:3f6f740c-f9e2-4a34-b893-5054a5665ad3,translationKey:asset_163271}], inherentRiskScore-->[{value:1.0,valueKey:1.0,translationKey:1.0}], updatedBy-->[{value:OneTrust Automation,valueKey:79f09a0f-fbd7-4439-9e1e-d48abe62c98e,translationKey:OneTrust Automation}], organization-->[{value:OTAuto02,valueKey:b99df4a4-2bf5-4c08-9483-bd636470bc11,translationKey:OTAuto02}], location-->[{value:Unknown,valueKey:00000000-0000-0000-0000-000000000000,translationKey:Unknown}], createdBy-->[{value:OneTrust Automation,valueKey:79f09a0f-fbd7-4439-9e1e-d48abe62c98e,translationKey:OneTrust Automation}], isParent-->[{value:false,valueKey:bc6c05e0-98f1-4b94-b678-ce68f8c0b7d2,translationKey:AssetsIsParentFalse}], riskScore-->[{value:1.0,valueKey:1.0,translationKey:1.0}], type-->[{value:Application,valueKey:929d286d-61d4-4533-9e4d-e2b83b3c0aca,translationKey:AssetsTypeApplication}], number-->[{value:3357,valueKey:3357,translationKey:3357}]}",2026-04-06T02:42:28.158+00:00,2026-04-06T02:44:54.759+00:00,False,e40yx52dkbjpcqazimno9yvh4k,[]
88b25a5f-226c-40d8-afb7-2e00641c8b91,asset_1_3631531,3360,Assets,20,active,active,InventoryActiveStatus,2026-04-06T02:45:41.000+00:00,2026-04-06T02:45:46.000+00:00,b99df4a4-2bf5-4c08-9483-bd636470bc11,2.0,,"{organization-->[{value:OTAuto02,valueKey:b99df4a4-2bf5-4c08-9483-bd636470bc11,translationKey:OTAuto02}], createdBy-->[{value:OneTrust Automation,valueKey:79f09a0f-fbd7-4439-9e1e-d48abe62c98e,translationKey:OneTrust Automation}], riskScore-->[{value:2.0,valueKey:2.0,translationKey:2.0}], inherentRiskLevel-->[{value:Medium,valueKey:Medium,translationKey:Medium}], riskLevel-->[{value:Medium,valueKey:Medium,translationKey:Medium}], name-->[{value:asset_1_3631531,valueKey:88b25a5f-226c-40d8-afb7-2e00641c8b91,translationKey:asset_1_3631531}], type-->[{value:Application,valueKey:929d286d-61d4-4533-9e4d-e2b83b3c0aca,translationKey:AssetsTypeApplication}], isParent-->[{value:false,valueKey:bc6c05e0-98f1-4b94-b678-ce68f8c0b7d2,translationKey:AssetsIsParentFalse}], location-->[{value:Unknown,valueKey:00000000-0000-0000-0000-000000000000,translationKey:Unknown}], updatedBy-->[{value:OneTrust Automation,valueKey:79f09a0f-fbd7-4439-9e1e-d48abe62c98e,translationKey:OneTrust Automation}], customField1912-->[{value:Medium,valueKey:e5d655da-b99d-4705-9222-f80ead85080d,translationKey:e5d655da-b99d-4705-9222-f80ead85080d}], number-->[{value:3360,valueKey:3360,translationKey:3360}], inherentRiskScore-->[{value:2.0,valueKey:2.0,translationKey:2.0}], customField1911-->[{value:5,valueKey:null,translationKey:5}]}",2026-04-06T02:46:28.188+00:00,2026-04-06T02:48:58.975+00:00,False,e40yx52dkbjpcqazimno9yvh4k,[]
c0eb1826-089b-4338-9f73-5004ff91a93d,asset_2999198,3359,Assets,20,active,active,InventoryActiveStatus,2026-04-06T02:44:24.000+00:00,2026-04-06T02:46:45.000+00:00,b99df4a4-2bf5-4c08-9483-bd636470bc11,,,"{organization-->[{value:OTAuto02,valueKey:b99df4a4-2bf5-4c08-9483-bd636470bc11,translationKey:OTAuto02}], isParent-->[{value:false,valueKey:bc6c05e0-98f1-4b94-b678-ce68f8c0b7d2,translationKey:AssetsIsParentFalse}], customField1908-->[{value:5,valueKey:null,translationKey:5}], location-->[{value:Unknown,valueKey:00000000-0000-0000-0000-000000000000,translationKey:Unknown}], updatedBy-->[{value:OneTrust Automation,valueKey:79f09a0f-fbd7-4439-9e1e-d48abe62c98e,translationKey:OneTrust Automation}], customField1912-->[{value:High,valueKey:bfbce820-d83e-4950-bfac-9278e0ccaba1,translationKey:bfbce820-d83e-4950-bfac-9278e0ccaba1}], createdBy-->[{value:OneTrust Automation,valueKey:79f09a0f-fbd7-4439-9e1e-d48abe62c98e,translationKey:OneTrust Automation}], number-->[{value:3359,valueKey:3359,translationKey:3359}], name-->[{value:asset_2999198,valueKey:c0eb1826-089b-4338-9f73-5004ff91a93d,translationKey:asset_2999198}], customField1911-->[{value:10,valueKey:null,translationKey:10}], type-->[{value:Application,valueKey:929d286d-61d4-4533-9e4d-e2b83b3c0aca,translationKey:AssetsTypeApplication}]}",2026-04-06T02:47:28.239+00:00,2026-04-06T02:48:58.975+00:00,False,e40yx52dkbjpcqazimno9yvh4k,[]
01e9c2d9-7167-4a4b-bcac-03a8c5c93469,Vendor_20260406060600-2e7gue,1865,Vendors,50,active,active,InventoryActiveStatus,2026-04-06T06:06:01.000+00:00,2026-04-06T06:06:01.000+00:00,b99df4a4-2bf5-4c08-9483-bd636470bc11,,,"{organization-->[{value:OTAuto02,valueKey:b99df4a4-2bf5-4c08-9483-bd636470bc11,translationKey:OTAuto02}], doraB0502005Rank-->[{value:3,valueKey:null,translationKey:3}], workflowStage-->[{value:New,valueKey:New,translationKey:VendorWorkflowStageNew}], type-->[{value:Consulting,valueKey:cdeb4908-c319-42dd-a7a6-39cda7364911,translationKey:VendorsTypeConsulting}], name-->[{value:Vendor_20260406060600-2e7gue,valueKey:01e9c2d9-7167-4a4b-bcac-03a8c5c93469,translationKey:Vendor_20260406060600-2e7gue}], number-->[{value:1865,valueKey:1865,translationKey:1865}], updatedBy-->[{value:OneTrust Automation,valueKey:79f09a0f-fbd7-4439-9e1e-d48abe62c98e,translationKey:OneTrust Automation}], createdBy-->[{value:OneTrust Automation,valueKey:79f09a0f-fbd7-4439-9e1e-d48abe62c98e,translationKey:OneTrust Automation}], isParent-->[{value:false,valueKey:72030c67-38bb-4f91-8bb6-e8b914132c9d,translationKey:VendorsIsParentFalse}], workflow-->[{value:Default Onboarding,valueKey:a730be22-9166-48c5-8e5c-9338eb40759d,translationKey:DefaultOnBoarding}]}",2026-04-06T06:06:33.647+00:00,2026-04-06T06:15:30.587+00:00,False,e40yx52dkbjpcqazimno9yvh4k,[]
06e64ceb-85f0-488a-b1a1-6390292046d5,Vendor_20260406060607-4ed5vj,1867,Vendors,50,active,active,InventoryActiveStatus,2026-04-06T06:06:08.000+00:00,2026-04-06T06:06:09.000+00:00,b99df4a4-2bf5-4c08-9483-bd636470bc11,,,"{type-->[{value:Consulting,valueKey:cdeb4908-c319-42dd-a7a6-39cda7364911,translationKey:VendorsTypeConsulting}], updatedBy-->[{value:OneTrust Automation,valueKey:79f09a0f-fbd7-4439-9e1e-d48abe62c98e,translationKey:OneTrust Automation}], number-->[{value:1867,valueKey:1867,translationKey:1867}], organization-->[{value:OTAuto02,valueKey:b99df4a4-2bf5-4c08-9483-bd636470bc11,translationKey:OTAuto02}], workflowStage-->[{value:New,valueKey:New,translationKey:VendorWorkflowStageNew}], isParent-->[{value:false,valueKey:72030c67-38bb-4f91-8bb6-e8b914132c9d,translationKey:VendorsIsParentFalse}], doraB0502005Rank-->[{value:3,valueKey:null,translationKey:3}], workflow-->[{value:Default Onboarding,valueKey:a730be22-9166-48c5-8e5c-9338eb40759d,translationKey:DefaultOnBoarding}], createdBy-->[{value:OneTrust Automation,valueKey:79f09a0f-fbd7-4439-9e1e-d48abe62c98e,translationKey:OneTrust Automation}], name-->[{value:Vendor_20260406060607-4ed5vj,valueKey:06e64ceb-85f0-488a-b1a1-6390292046d5,translationKey:Vendor_20260406060607-4ed5vj}]}",2026-04-06T06:06:33.770+00:00,2026-04-06T06:15:30.587+00:00,False,e40yx52dkbjpcqazimno9yvh4k,[]
086088cd-31dc-4e0d-a313-30a93b79b527,Vendor_parent_change_20260406060607-4ed5vj,1868,Vendors,50,active,active,InventoryActiveStatus,2026-04-06T06:06:09.000+00:00,2026-04-06T06:06:09.000+00:00,b99df4a4-2bf5-4c08-9483-bd636470bc11,,,"{organization-->[{value:OTAuto02,valueKey:b99df4a4-2bf5-4c08-9483-bd636470bc11,translationKey:OTAuto02}], isParent-->[{value:false,valueKey:72030c67-38bb-4f91-8bb6-e8b914132c9d,translationKey:VendorsIsParentFalse}], name-->[{value:Vendor_parent_change_20260406060607-4ed5vj,valueKey:086088cd-31dc-4e0d-a313-30a93b79b527,translationKey:Vendor_parent_change_20260406060607-4ed5vj}], type-->[{value:Consulting,valueKey:cdeb4908-c319-42dd-a7a6-39cda7364911,translationKey:VendorsTypeConsulting}], doraB0502005Rank-->[{value:3,valueKey:null,translationKey:3}], workflowStage-->[{value:New,valueKey:New,translationKey:VendorWorkflowStageNew}], number-->[{value:1868,valueKey:1868,translationKey:1868}], workflow-->[{value:Default Onboarding,valueKey:a730be22-9166-48c5-8e5c-9338eb40759d,translationKey:DefaultOnBoarding}], createdBy-->[{value:OneTrust Automation,valueKey:79f09a0f-fbd7-4439-9e1e-d48abe62c98e,translationKey:OneTrust Automation}], updatedBy-->[{value:OneTrust Automation,valueKey:79f09a0f-fbd7-4439-9e1e-d48abe62c98e,translationKey:OneTrust Automation}]}",2026-04-06T06:06:33.757+00:00,2026-04-06T06:15:30.587+00:00,False,e40yx52dkbjpcqazimno9yvh4k,[]
1035d74f-7b69-4684-859e-4e9842452dd8,,,,0,,,,,,,,,,2026-04-06T06:06:45.594+00:00,2026-04-06T06:15:30.587+00:00,True,e40yx52dkbjpcqazimno9yvh4k,[]
1b4358a0-a8c9-4d11-80ef-67770ad7ecbd,Vendor_20260406060455-upfcq7,1863,Vendors,50,active,active,InventoryActiveStatus,2026-04-06T06:04:57.000+00:00,2026-04-06T06:04:57.000+00:00,b99df4a4-2bf5-4c08-9483-bd636470bc11,,,"{createdBy-->[{value:OneTrust Automation,valueKey:79f09a0f-fbd7-4439-9e1e-d48abe62c98e,translationKey:OneTrust Automation}], organization-->[{value:OTAuto02,valueKey:b99df4a4-2bf5-4c08-9483-bd636470bc11,translationKey:OTAuto02}], workflowStage-->[{value:New,valueKey:New,translationKey:VendorWorkflowStageNew}], name-->[{value:Vendor_20260406060455-upfcq7,valueKey:1b4358a0-a8c9-4d11-80ef-67770ad7ecbd,translationKey:Vendor_20260406060455-upfcq7}], type-->[{value:Consulting,valueKey:cdeb4908-c319-42dd-a7a6-39cda7364911,translationKey:VendorsTypeConsulting}], updatedBy-->[{value:OneTrust Automation,valueKey:79f09a0f-fbd7-4439-9e1e-d48abe62c98e,translationKey:OneTrust Automation}], number-->[{value:1863,valueKey:1863,translationKey:1863}], doraB0502005Rank-->[{value:3,valueKey:null,translationKey:3}], isParent-->[{value:false,valueKey:72030c67-38bb-4f91-8bb6-e8b914132c9d,translationKey:VendorsIsParentFalse}], workflow-->[{value:Default Onboarding,valueKey:a730be22-9166-48c5-8e5c-9338eb40759d,translationKey:DefaultOnBoarding}]}",2026-04-06T06:07:00.654+00:00,2026-04-06T06:15:30.587+00:00,False,e40yx52dkbjpcqazimno9yvh4k,[]
25d0ba96-d31d-4265-96aa-11c122eb8b61,Vendor_20260406055429-y7yx7e,1860,Vendors,50,active,active,InventoryActiveStatus,2026-04-06T05:54:31.000+00:00,2026-04-06T05:54:31.000+00:00,b99df4a4-2bf5-4c08-9483-bd636470bc11,,,"{number-->[{value:1860,valueKey:1860,translationKey:1860}], workflow-->[{value:Default Onboarding,valueKey:a730be22-9166-48c5-8e5c-9338eb40759d,translationKey:DefaultOnBoarding}], organization-->[{value:OTAuto02,valueKey:b99df4a4-2bf5-4c08-9483-bd636470bc11,translationKey:OTAuto02}], doraB0502005Rank-->[{value:3,valueKey:null,translationKey:3}], updatedBy-->[{value:OneTrust Automation,valueKey:79f09a0f-fbd7-4439-9e1e-d48abe62c98e,translationKey:OneTrust Automation}], name-->[{value:Vendor_20260406055429-y7yx7e,valueKey:25d0ba96-d31d-4265-96aa-11c122eb8b61,translationKey:Vendor_20260406055429-y7yx7e}], type-->[{value:Consulting,valueKey:cdeb4908-c319-42dd-a7a6-39cda7364911,translationKey:VendorsTypeConsulting}], createdBy-->[{value:OneTrust Automation,valueKey:79f09a0f-fbd7-4439-9e1e-d48abe62c98e,translationKey:OneTrust Automation}], workflowStage-->[{value:New,valueKey:New,translationKey:VendorWorkflowStageNew}], isParent-->[{value:false,valueKey:72030c67-38bb-4f91-8bb6-e8b914132c9d,translationKey:VendorsIsParentFalse}]}",2026-04-06T05:55:00.239+00:00,2026-04-06T06:15:30.587+00:00,False,e40yx52dkbjpcqazimno9yvh4k,[]
2c0d2a8c-3426-4721-94ff-af6d32eed47b,,,,0,,,,,,,,,,2026-04-06T06:07:00.544+00:00,2026-04-06T06:15:30.587+00:00,True,e40yx52dkbjpcqazimno9yvh4k,[]
31e4c61b-f652-4803-b9fb-a5805c34a219,,,,0,,,,,,,,,,2026-04-06T05:54:31.484+00:00,2026-04-06T06:15:30.587+00:00,True,e40yx52dkbjpcqazimno9yvh4k,[]
445f470c-7b49-4b81-98f5-59cfdef59da2,,,,0,,,,,,,,,,2026-04-06T06:06:45.567+00:00,2026-04-06T06:15:30.587+00:00,True,e40yx52dkbjpcqazimno9yvh4k,[]
44a1e3a1-b579-4d38-a715-bb4074dfac53,,,,0,,,,,,,,,,2026-04-06T05:55:00.143+00:00,2026-04-06T06:15:30.587+00:00,True,e40yx52dkbjpcqazimno9yvh4k,[]
4a0b5568-42dc-47ea-811d-b92692107d80,,,,0,,,,,,,,,,2026-04-06T06:06:33.787+00:00,2026-04-06T06:15:30.587+00:00,True,e40yx52dkbjpcqazimno9yvh4k,[]
54c0abf6-7f14-485a-8ecc-74eb636b6e06,,,,0,,,,,,,,,,2026-04-06T06:07:00.562+00:00,2026-04-06T06:15:30.587+00:00,True,e40yx52dkbjpcqazimno9yvh4k,[]
654461d5-34cc-4bc1-aea1-55ff52dc54bc,Vendor_20260406055301-kheklo,1859,Vendors,50,active,active,InventoryActiveStatus,2026-04-06T05:53:02.000+00:00,2026-04-06T05:53:02.000+00:00,b99df4a4-2bf5-4c08-9483-bd636470bc11,,,"{type-->[{value:Consulting,valueKey:cdeb4908-c319-42dd-a7a6-39cda7364911,translationKey:VendorsTypeConsulting}], createdBy-->[{value:OneTrust Automation,valueKey:79f09a0f-fbd7-4439-9e1e-d48abe62c98e,translationKey:OneTrust Automation}], name-->[{value:Vendor_20260406055301-kheklo,valueKey:654461d5-34cc-4bc1-aea1-55ff52dc54bc,translationKey:Vendor_20260406055301-kheklo}], doraB0502005Rank-->[{value:3,valueKey:null,translationKey:3}], organization-->[{value:OTAuto02,valueKey:b99df4a4-2bf5-4c08-9483-bd636470bc11,translationKey:OTAuto02}], updatedBy-->[{value:OneTrust Automation,valueKey:79f09a0f-fbd7-4439-9e1e-d48abe62c98e,translationKey:OneTrust Automation}], number-->[{value:1859,valueKey:1859,translationKey:1859}], isParent-->[{value:false,valueKey:72030c67-38bb-4f91-8bb6-e8b914132c9d,translationKey:VendorsIsParentFalse}], workflow-->[{value:Default Onboarding,valueKey:a730be22-9166-48c5-8e5c-9338eb40759d,translationKey:DefaultOnBoarding}], workflowStage-->[{value:New,valueKey:New,translationKey:VendorWorkflowStageNew}]}",2026-04-06T05:54:31.595+00:00,2026-04-06T06:15:30.587+00:00,False,e40yx52dkbjpcqazimno9yvh4k,[]
6a42b247-c41e-440a-b673-1ad9fdf5c077,,,,0,,,,,,,,,,2026-04-06T06:06:33.677+00:00,2026-04-06T06:15:30.587+00:00,True,e40yx52dkbjpcqazimno9yvh4k,[]
707314b8-2d0a-47b4-a327-5ac6ff6ed879,Vendor_parent_change_20260406060620-tsf49h,1870,Vendors,50,active,active,InventoryActiveStatus,2026-04-06T06:06:22.000+00:00,2026-04-06T06:06:22.000+00:00,b99df4a4-2bf5-4c08-9483-bd636470bc11,,,"{organization-->[{value:OTAuto02,valueKey:b99df4a4-2bf5-4c08-9483-bd636470bc11,translationKey:OTAuto02}], isParent-->[{value:false,valueKey:72030c67-38bb-4f91-8bb6-e8b914132c9d,translationKey:VendorsIsParentFalse}], number-->[{value:1870,valueKey:1870,translationKey:1870}], createdBy-->[{value:OneTrust Automation,valueKey:79f09a0f-fbd7-4439-9e1e-d48abe62c98e,translationKey:OneTrust Automation}], type-->[{value:Consulting,valueKey:cdeb4908-c319-42dd-a7a6-39cda7364911,translationKey:VendorsTypeConsulting}], updatedBy-->[{value:OneTrust Automation,valueKey:79f09a0f-fbd7-4439-9e1e-d48abe62c98e,translationKey:OneTrust Automation}], name-->[{value:Vendor_parent_change_20260406060620-tsf49h,valueKey:707314b8-2d0a-47b4-a327-5ac6ff6ed879,translationKey:Vendor_parent_change_20260406060620-tsf49h}], doraB0502005Rank-->[{value:3,valueKey:null,translationKey:3}], workflow-->[{value:Default Onboarding,valueKey:a730be22-9166-48c5-8e5c-9338eb40759d,translationKey:DefaultOnBoarding}], workflowStage-->[{value:New,valueKey:New,translationKey:VendorWorkflowStageNew}]}",2026-04-06T06:06:45.633+00:00,2026-04-06T06:15:30.587+00:00,False,e40yx52dkbjpcqazimno9yvh4k,[]
7baa1124-a0b3-4679-a10a-6a5dcc382a75,,,,0,,,,,,,,,,2026-04-06T06:06:33.542+00:00,2026-04-06T06:15:30.587+00:00,True,e40yx52dkbjpcqazimno9yvh4k,[]
7d19e9a4-936e-48cb-8f88-28ac1f2b3f2a,Vendor_20260406060620-tsf49h,1869,Vendors,50,active,active,InventoryActiveStatus,2026-04-06T06:06:21.000+00:00,2026-04-06T06:06:21.000+00:00,b99df4a4-2bf5-4c08-9483-bd636470bc11,,,"{isParent-->[{value:false,valueKey:72030c67-38bb-4f91-8bb6-e8b914132c9d,translationKey:VendorsIsParentFalse}], organization-->[{value:OTAuto02,valueKey:b99df4a4-2bf5-4c08-9483-bd636470bc11,translationKey:OTAuto02}], name-->[{value:Vendor_20260406060620-tsf49h,valueKey:7d19e9a4-936e-48cb-8f88-28ac1f2b3f2a,translationKey:Vendor_20260406060620-tsf49h}], number-->[{value:1869,valueKey:1869,translationKey:1869}], workflow-->[{value:Default Onboarding,valueKey:a730be22-9166-48c5-8e5c-9338eb40759d,translationKey:DefaultOnBoarding}], doraB0502005Rank-->[{value:3,valueKey:null,translationKey:3}], updatedBy-->[{value:OneTrust Automation,valueKey:79f09a0f-fbd7-4439-9e1e-d48abe62c98e,translationKey:OneTrust Automation}], createdBy-->[{value:OneTrust Automation,valueKey:79f09a0f-fbd7-4439-9e1e-d48abe62c98e,translationKey:OneTrust Automation}], workflowStage-->[{value:New,valueKey:New,translationKey:VendorWorkflowStageNew}], type-->[{value:Consulting,valueKey:cdeb4908-c319-42dd-a7a6-39cda7364911,translationKey:VendorsTypeConsulting}]}",2026-04-06T06:06:45.644+00:00,2026-04-06T06:15:30.587+00:00,False,e40yx52dkbjpcqazimno9yvh4k,[]
875ea49f-03ae-4b87-bf83-16a3ad0acf0a,Vendor_20260406060502-fhskgn,1864,Vendors,50,active,active,InventoryActiveStatus,2026-04-06T06:05:04.000+00:00,2026-04-06T06:05:04.000+00:00,b99df4a4-2bf5-4c08-9483-bd636470bc11,,,"{updatedBy-->[{value:OneTrust Automation,valueKey:79f09a0f-fbd7-4439-9e1e-d48abe62c98e,translationKey:OneTrust Automation}], workflowStage-->[{value:New,valueKey:New,translationKey:VendorWorkflowStageNew}], type-->[{value:Consulting,valueKey:cdeb4908-c319-42dd-a7a6-39cda7364911,translationKey:VendorsTypeConsulting}], createdBy-->[{value:OneTrust Automation,valueKey:79f09a0f-fbd7-4439-9e1e-d48abe62c98e,translationKey:OneTrust Automation}], isParent-->[{value:false,valueKey:72030c67-38bb-4f91-8bb6-e8b914132c9d,translationKey:VendorsIsParentFalse}], doraB0502005Rank-->[{value:3,valueKey:null,translationKey:3}], name-->[{value:Vendor_20260406060502-fhskgn,valueKey:875ea49f-03ae-4b87-bf83-16a3ad0acf0a,translationKey:Vendor_20260406060502-fhskgn}], number-->[{value:1864,valueKey:1864,translationKey:1864}], workflow-->[{value:Default Onboarding,valueKey:a730be22-9166-48c5-8e5c-9338eb40759d,translationKey:DefaultOnBoarding}], organization-->[{value:OTAuto02,valueKey:b99df4a4-2bf5-4c08-9483-bd636470bc11,translationKey:OTAuto02}]}",2026-04-06T06:07:00.644+00:00,2026-04-06T06:15:30.587+00:00,False,e40yx52dkbjpcqazimno9yvh4k,[]
88a1812b-7efa-415b-9f9d-c271c5fcf6bb,Vendor_parent_change_20260406060600-2e7gue,1866,Vendors,50,active,active,InventoryActiveStatus,2026-04-06T06:06:02.000+00:00,2026-04-06T06:06:02.000+00:00,b99df4a4-2bf5-4c08-9483-bd636470bc11,,,"{createdBy-->[{value:OneTrust Automation,valueKey:79f09a0f-fbd7-4439-9e1e-d48abe62c98e,translationKey:OneTrust Automation}], type-->[{value:Consulting,valueKey:cdeb4908-c319-42dd-a7a6-39cda7364911,translationKey:VendorsTypeConsulting}], organization-->[{value:OTAuto02,valueKey:b99df4a4-2bf5-4c08-9483-bd636470bc11,translationKey:OTAuto02}], number-->[{value:1866,valueKey:1866,translationKey:1866}], isParent-->[{value:false,valueKey:72030c67-38bb-4f91-8bb6-e8b914132c9d,translationKey:VendorsIsParentFalse}], updatedBy-->[{value:OneTrust Automation,valueKey:79f09a0f-fbd7-4439-9e1e-d48abe62c98e,translationKey:OneTrust Automation}], name-->[{value:Vendor_parent_change_20260406060600-2e7gue,valueKey:88a1812b-7efa-415b-9f9d-c271c5fcf6bb,translationKey:Vendor_parent_change_20260406060600-2e7gue}], doraB0502005Rank-->[{value:3,valueKey:null,translationKey:3}], workflowStage-->[{value:New,valueKey:New,translationKey:VendorWorkflowStageNew}], workflow-->[{value:Default Onboarding,valueKey:a730be22-9166-48c5-8e5c-9338eb40759d,translationKey:DefaultOnBoarding}]}",2026-04-06T06:06:33.650+00:00,2026-04-06T06:15:30.587+00:00,False,e40yx52dkbjpcqazimno9yvh4k,[]
b049748b-a702-4c21-9cdf-62bea2632cc2,,,,0,,,,,,,,,,2026-04-06T06:07:00.540+00:00,2026-04-06T06:15:30.587+00:00,True,e40yx52dkbjpcqazimno9yvh4k,[]
c26b31b1-549c-4906-9632-109dcb6813ae,,,,0,,,,,,,,,,2026-04-06T06:06:33.781+00:00,2026-04-06T06:15:30.587+00:00,True,e40yx52dkbjpcqazimno9yvh4k,[]
f1314cad-b7e5-4a43-8ec7-0a5b0f1144c7,Vendor_parent_change_20260406055429-y7yx7e,1861,Vendors,50,active,active,InventoryActiveStatus,2026-04-06T05:54:31.000+00:00,2026-04-06T05:54:31.000+00:00,b99df4a4-2bf5-4c08-9483-bd636470bc11,,,"{type-->[{value:Consulting,valueKey:cdeb4908-c319-42dd-a7a6-39cda7364911,translationKey:VendorsTypeConsulting}], workflowStage-->[{value:New,valueKey:New,translationKey:VendorWorkflowStageNew}], organization-->[{value:OTAuto02,valueKey:b99df4a4-2bf5-4c08-9483-bd636470bc11,translationKey:OTAuto02}], workflow-->[{value:Default Onboarding,valueKey:a730be22-9166-48c5-8e5c-9338eb40759d,translationKey:DefaultOnBoarding}], number-->[{value:1861,valueKey:1861,translationKey:1861}], doraB0502005Rank-->[{value:3,valueKey:null,translationKey:3}], isParent-->[{value:false,valueKey:72030c67-38bb-4f91-8bb6-e8b914132c9d,translationKey:VendorsIsParentFalse}], createdBy-->[{value:OneTrust Automation,valueKey:79f09a0f-fbd7-4439-9e1e-d48abe62c98e,translationKey:OneTrust Automation}], updatedBy-->[{value:OneTrust Automation,valueKey:79f09a0f-fbd7-4439-9e1e-d48abe62c98e,translationKey:OneTrust Automation}], name-->[{value:Vendor_parent_change_20260406055429-y7yx7e,valueKey:f1314cad-b7e5-4a43-8ec7-0a5b0f1144c7,translationKey:Vendor_parent_change_20260406055429-y7yx7e}]}",2026-04-06T05:55:00.137+00:00,2026-04-06T06:15:30.587+00:00,False,e40yx52dkbjpcqazimno9yvh4k,[]
f3e23cb9-4f2f-4dce-b25a-156d04a94a54,,,,0,,,,,,,,,,2026-04-06T05:54:31.492+00:00,2026-04-06T06:15:30.587+00:00,True,e40yx52dkbjpcqazimno9yvh4k,[]
fbd326dc-fe72-46f9-8332-8aff5453081c,Vendor_20260406060454-fvzft8,1862,Vendors,50,active,active,InventoryActiveStatus,2026-04-06T06:04:56.000+00:00,2026-04-06T06:04:56.000+00:00,b99df4a4-2bf5-4c08-9483-bd636470bc11,,,"{isParent-->[{value:false,valueKey:72030c67-38bb-4f91-8bb6-e8b914132c9d,translationKey:VendorsIsParentFalse}], createdBy-->[{value:OneTrust Automation,valueKey:79f09a0f-fbd7-4439-9e1e-d48abe62c98e,translationKey:OneTrust Automation}], name-->[{value:Vendor_20260406060454-fvzft8,valueKey:fbd326dc-fe72-46f9-8332-8aff5453081c,translationKey:Vendor_20260406060454-fvzft8}], doraB0502005Rank-->[{value:3,valueKey:null,translationKey:3}], number-->[{value:1862,valueKey:1862,translationKey:1862}], updatedBy-->[{value:OneTrust Automation,valueKey:79f09a0f-fbd7-4439-9e1e-d48abe62c98e,translationKey:OneTrust Automation}], type-->[{value:Consulting,valueKey:cdeb4908-c319-42dd-a7a6-39cda7364911,translationKey:VendorsTypeConsulting}], organization-->[{value:OTAuto02,valueKey:b99df4a4-2bf5-4c08-9483-bd636470bc11,translationKey:OTAuto02}], workflowStage-->[{value:New,valueKey:New,translationKey:VendorWorkflowStageNew}], workflow-->[{value:Default Onboarding,valueKey:a730be22-9166-48c5-8e5c-9338eb40759d,translationKey:DefaultOnBoarding}]}",2026-04-06T06:07:00.650+00:00,2026-04-06T06:15:30.587+00:00,False,e40yx52dkbjpcqazimno9yvh4k,[]
0979e0ab-7ac3-4310-b52c-1999cef06b44,Vendor_20260406050628-70q7ta,1854,Vendors,50,active,active,InventoryActiveStatus,2026-04-06T05:06:29.000+00:00,2026-04-06T05:06:29.000+00:00,b99df4a4-2bf5-4c08-9483-bd636470bc11,,,"{isParent-->[{value:false,valueKey:72030c67-38bb-4f91-8bb6-e8b914132c9d,translationKey:VendorsIsParentFalse}], number-->[{value:1854,valueKey:1854,translationKey:1854}], workflowStage-->[{value:New,valueKey:New,translationKey:VendorWorkflowStageNew}], updatedBy-->[{value:OneTrust Automation,valueKey:79f09a0f-fbd7-4439-9e1e-d48abe62c98e,translationKey:OneTrust Automation}], organization-->[{value:OTAuto02,valueKey:b99df4a4-2bf5-4c08-9483-bd636470bc11,translationKey:OTAuto02}], name-->[{value:Vendor_20260406050628-70q7ta,valueKey:0979e0ab-7ac3-4310-b52c-1999cef06b44,translationKey:Vendor_20260406050628-70q7ta}], doraB0502005Rank-->[{value:3,valueKey:null,translationKey:3}], type-->[{value:Consulting,valueKey:cdeb4908-c319-42dd-a7a6-39cda7364911,translationKey:VendorsTypeConsulting}], createdBy-->[{value:OneTrust Automation,valueKey:79f09a0f-fbd7-4439-9e1e-d48abe62c98e,translationKey:OneTrust Automation}], workflow-->[{value:Default Onboarding,valueKey:a730be22-9166-48c5-8e5c-9338eb40759d,translationKey:DefaultOnBoarding}]}",2026-04-06T05:07:43.654+00:00,2026-04-06T05:18:36.331+00:00,False,e40yx52dkbjpcqazimno9yvh4k,[]
19f10b11-ba67-4a2f-a124-1a9843aace21,,,,0,,,,,,,,,,2026-04-06T05:09:30.509+00:00,2026-04-06T05:18:36.331+00:00,True,e40yx52dkbjpcqazimno9yvh4k,[]
2a99bd54-3d50-4f13-8e33-d5aae32b0ae8,Vendor_20260406050825-yihm7j,1857,Vendors,50,active,active,InventoryActiveStatus,2026-04-06T05:08:26.000+00:00,2026-04-06T05:08:27.000+00:00,b99df4a4-2bf5-4c08-9483-bd636470bc11,,,"{isParent-->[{value:false,valueKey:72030c67-38bb-4f91-8bb6-e8b914132c9d,translationKey:VendorsIsParentFalse}], name-->[{value:Vendor_20260406050825-yihm7j,valueKey:2a99bd54-3d50-4f13-8e33-d5aae32b0ae8,translationKey:Vendor_20260406050825-yihm7j}], type-->[{value:Consulting,valueKey:cdeb4908-c319-42dd-a7a6-39cda7364911,translationKey:VendorsTypeConsulting}], createdBy-->[{value:OneTrust Automation,valueKey:79f09a0f-fbd7-4439-9e1e-d48abe62c98e,translationKey:OneTrust Automation}], organization-->[{value:OTAuto02,valueKey:b99df4a4-2bf5-4c08-9483-bd636470bc11,translationKey:OTAuto02}], number-->[{value:1857,valueKey:1857,translationKey:1857}], workflowStage-->[{value:New,valueKey:New,translationKey:VendorWorkflowStageNew}], updatedBy-->[{value:OneTrust Automation,valueKey:79f09a0f-fbd7-4439-9e1e-d48abe62c98e,translationKey:OneTrust Automation}], workflow-->[{value:Default Onboarding,valueKey:a730be22-9166-48c5-8e5c-9338eb40759d,translationKey:DefaultOnBoarding}], doraB0502005Rank-->[{value:3,valueKey:null,translationKey:3}]}",2026-04-06T05:09:30.652+00:00,2026-04-06T05:18:36.331+00:00,False,e40yx52dkbjpcqazimno9yvh4k,[]
4fdf7e58-c38e-4832-be92-69ff9de2d922,,,,0,,,,,,,,,,2026-04-06T05:09:30.475+00:00,2026-04-06T05:18:36.331+00:00,True,e40yx52dkbjpcqazimno9yvh4k,[]
8d089a4f-b86d-4310-b65d-ac88e1342a63,Vendor_20260406050819-exyrab,1855,Vendors,50,active,active,InventoryActiveStatus,2026-04-06T05:08:20.000+00:00,2026-04-06T05:08:20.000+00:00,b99df4a4-2bf5-4c08-9483-bd636470bc11,,,"{name-->[{value:Vendor_20260406050819-exyrab,valueKey:8d089a4f-b86d-4310-b65d-ac88e1342a63,translationKey:Vendor_20260406050819-exyrab}], workflow-->[{value:Default Onboarding,valueKey:a730be22-9166-48c5-8e5c-9338eb40759d,translationKey:DefaultOnBoarding}], createdBy-->[{value:OneTrust Automation,valueKey:79f09a0f-fbd7-4439-9e1e-d48abe62c98e,translationKey:OneTrust Automation}], workflowStage-->[{value:New,valueKey:New,translationKey:VendorWorkflowStageNew}], number-->[{value:1855,valueKey:1855,translationKey:1855}], doraB0502005Rank-->[{value:3,valueKey:null,translationKey:3}], type-->[{value:Consulting,valueKey:cdeb4908-c319-42dd-a7a6-39cda7364911,translationKey:VendorsTypeConsulting}], isParent-->[{value:false,valueKey:72030c67-38bb-4f91-8bb6-e8b914132c9d,translationKey:VendorsIsParentFalse}], updatedBy-->[{value:OneTrust Automation,valueKey:79f09a0f-fbd7-4439-9e1e-d48abe62c98e,translationKey:OneTrust Automation}], organization-->[{value:OTAuto02,valueKey:b99df4a4-2bf5-4c08-9483-bd636470bc11,translationKey:OTAuto02}]}",2026-04-06T05:09:30.594+00:00,2026-04-06T05:18:36.331+00:00,False,e40yx52dkbjpcqazimno9yvh4k,[]
9b801789-39b6-467f-8447-d2580a620486,Vendor_parent_change_20260406050819-exyrab,1856,Vendors,50,active,active,InventoryActiveStatus,2026-04-06T05:08:21.000+00:00,2026-04-06T05:08:21.000+00:00,b99df4a4-2bf5-4c08-9483-bd636470bc11,,,"{number-->[{value:1856,valueKey:1856,translationKey:1856}], type-->[{value:Consulting,valueKey:cdeb4908-c319-42dd-a7a6-39cda7364911,translationKey:VendorsTypeConsulting}], doraB0502005Rank-->[{value:3,valueKey:null,translationKey:3}], createdBy-->[{value:OneTrust Automation,valueKey:79f09a0f-fbd7-4439-9e1e-d48abe62c98e,translationKey:OneTrust Automation}], organization-->[{value:OTAuto02,valueKey:b99df4a4-2bf5-4c08-9483-bd636470bc11,translationKey:OTAuto02}], workflowStage-->[{value:New,valueKey:New,translationKey:VendorWorkflowStageNew}], isParent-->[{value:false,valueKey:72030c67-38bb-4f91-8bb6-e8b914132c9d,translationKey:VendorsIsParentFalse}], updatedBy-->[{value:OneTrust Automation,valueKey:79f09a0f-fbd7-4439-9e1e-d48abe62c98e,translationKey:OneTrust Automation}], name-->[{value:Vendor_parent_change_20260406050819-exyrab,valueKey:9b801789-39b6-467f-8447-d2580a620486,translationKey:Vendor_parent_change_20260406050819-exyrab}], workflow-->[{value:Default Onboarding,valueKey:a730be22-9166-48c5-8e5c-9338eb40759d,translationKey:DefaultOnBoarding}]}",2026-04-06T05:09:30.621+00:00,2026-04-06T05:18:36.331+00:00,False,e40yx52dkbjpcqazimno9yvh4k,[]
cb1a488a-4e09-4bdc-a3ac-b4f2ed602eb5,Vendor_20260406050626-ssbh77,1853,Vendors,50,active,active,InventoryActiveStatus,2026-04-06T05:06:28.000+00:00,2026-04-06T05:06:28.000+00:00,b99df4a4-2bf5-4c08-9483-bd636470bc11,,,"{updatedBy-->[{value:OneTrust Automation,valueKey:79f09a0f-fbd7-4439-9e1e-d48abe62c98e,translationKey:OneTrust Automation}], doraB0502005Rank-->[{value:3,valueKey:null,translationKey:3}], name-->[{value:Vendor_20260406050626-ssbh77,valueKey:cb1a488a-4e09-4bdc-a3ac-b4f2ed602eb5,translationKey:Vendor_20260406050626-ssbh77}], number-->[{value:1853,valueKey:1853,translationKey:1853}], workflow-->[{value:Default Onboarding,valueKey:a730be22-9166-48c5-8e5c-9338eb40759d,translationKey:DefaultOnBoarding}], workflowStage-->[{value:New,valueKey:New,translationKey:VendorWorkflowStageNew}], isParent-->[{value:false,valueKey:72030c67-38bb-4f91-8bb6-e8b914132c9d,translationKey:VendorsIsParentFalse}], type-->[{value:Consulting,valueKey:cdeb4908-c319-42dd-a7a6-39cda7364911,translationKey:VendorsTypeConsulting}], createdBy-->[{value:OneTrust Automation,valueKey:79f09a0f-fbd7-4439-9e1e-d48abe62c98e,translationKey:OneTrust Automation}], organization-->[{value:OTAuto02,valueKey:b99df4a4-2bf5-4c08-9483-bd636470bc11,translationKey:OTAuto02}]}",2026-04-06T05:07:43.589+00:00,2026-04-06T05:18:36.331+00:00,False,e40yx52dkbjpcqazimno9yvh4k,[]
ce25c5d8-0574-4faf-ae6d-8c2abfe08e5f,,,,0,,,,,,,,,,2026-04-06T05:07:43.497+00:00,2026-04-06T05:18:36.331+00:00,True,e40yx52dkbjpcqazimno9yvh4k,[]
d025aa42-5ce3-4970-9632-4e89a572cd52,,,,0,,,,,,,,,,2026-04-06T05:07:33.796+00:00,2026-04-06T05:18:36.331+00:00,True,e40yx52dkbjpcqazimno9yvh4k,[]
f1697eaf-931c-4370-9227-452041f4c666,Vendor_parent_change_20260406050825-yihm7j,1858,Vendors,50,active,active,InventoryActiveStatus,2026-04-06T05:08:27.000+00:00,2026-04-06T05:08:27.000+00:00,b99df4a4-2bf5-4c08-9483-bd636470bc11,,,"{updatedBy-->[{value:OneTrust Automation,valueKey:79f09a0f-fbd7-4439-9e1e-d48abe62c98e,translationKey:OneTrust Automation}], type-->[{value:Consulting,valueKey:cdeb4908-c319-42dd-a7a6-39cda7364911,translationKey:VendorsTypeConsulting}], organization-->[{value:OTAuto02,valueKey:b99df4a4-2bf5-4c08-9483-bd636470bc11,translationKey:OTAuto02}], workflowStage-->[{value:New,valueKey:New,translationKey:VendorWorkflowStageNew}], doraB0502005Rank-->[{value:3,valueKey:null,translationKey:3}], isParent-->[{value:false,valueKey:72030c67-38bb-4f91-8bb6-e8b914132c9d,translationKey:VendorsIsParentFalse}], createdBy-->[{value:OneTrust Automation,valueKey:79f09a0f-fbd7-4439-9e1e-d48abe62c98e,translationKey:OneTrust Automation}], name-->[{value:Vendor_parent_change_20260406050825-yihm7j,valueKey:f1697eaf-931c-4370-9227-452041f4c666,translationKey:Vendor_parent_change_20260406050825-yihm7j}], number-->[{value:1858,valueKey:1858,translationKey:1858}], workflow-->[{value:Default Onboarding,valueKey:a730be22-9166-48c5-8e5c-9338eb40759d,translationKey:DefaultOnBoarding}]}",2026-04-06T05:09:30.635+00:00,2026-04-06T05:18:36.331+00:00,False,e40yx52dkbjpcqazimno9yvh4k,[]
f4a8ecdc-74fe-404e-825a-d72c4d80ffa4,,,,0,,,,,,,,,,2026-04-06T05:07:33.801+00:00,2026-04-06T05:18:36.331+00:00,True,e40yx52dkbjpcqazimno9yvh4k,[]
fb813a33-6e7c-4b17-ab34-ce414a0fc1ee,,,,0,,,,,,,,,,2026-04-06T05:07:43.534+00:00,2026-04-06T05:18:36.331+00:00,True,e40yx52dkbjpcqazimno9yvh4k,[]
0b4c8948-f642-464d-8159-14fc91c0768b,,,,0,,,,,,,,,,2026-03-19T16:15:18.641+00:00,2026-03-19T16:40:43.734+00:00,True,e40yx52dkbjpcqazimno9yvh4k,[]
10566599-77c4-4155-9f36-7c985f8c2065,,,,0,,,,,,,,,,2026-03-19T16:18:18.996+00:00,2026-03-19T16:40:43.734+00:00,True,e40yx52dkbjpcqazimno9yvh4k,[]
1d348e2a-be07-4801-af9d-6928d312ee60,,,,0,,,,,,,,,,2026-03-19T16:33:41.747+00:00,2026-03-19T16:40:43.734+00:00,True,e40yx52dkbjpcqazimno9yvh4k,[]
396565b9-97f9-40a9-8696-30b553815e03,,,,0,,,,,,,,,,2026-03-19T16:27:19.791+00:00,2026-03-19T16:40:43.734+00:00,True,e40yx52dkbjpcqazimno9yvh4k,[]
55b4fe28-3911-4db3-a02c-f7f3c543c986,,,,0,,,,,,,,,,2026-03-19T16:15:18.646+00:00,2026-03-19T16:40:43.734+00:00,True,e40yx52dkbjpcqazimno9yvh4k,[]
5a5a5a42-227f-4623-8703-6317ca0012fd,,,,0,,,,,,,,,,2026-03-19T16:27:19.787+00:00,2026-03-19T16:40:43.734+00:00,True,e40yx52dkbjpcqazimno9yvh4k,[]
6fb8d3d3-ca73-4f5b-bf75-68b3439f9eb1,,,,0,,,,,,,,,,2026-03-19T16:15:18.653+00:00,2026-03-19T16:40:43.734+00:00,True,e40yx52dkbjpcqazimno9yvh4k,[]
7588bdd6-acd0-442b-81c6-be60bf74458e,,,,0,,,,,,,,,,2026-03-19T16:30:19.936+00:00,2026-03-19T16:40:43.734+00:00,True,e40yx52dkbjpcqazimno9yvh4k,[]
81066059-e0b5-4f5e-9e6c-1d4b3780fc57,,,,0,,,,,,,,,,2026-03-19T16:13:31.961+00:00,2026-03-19T16:40:43.734+00:00,True,e40yx52dkbjpcqazimno9yvh4k,[]
8c262993-3440-4254-9a75-2bc81f55966c,,,,0,,,,,,,,,,2026-03-19T16:16:18.796+00:00,2026-03-19T16:40:43.734+00:00,True,e40yx52dkbjpcqazimno9yvh4k,[]
8d5a219e-1320-409f-aaf1-d7fe10dc3c3b,,,,0,,,,,,,,,,2026-03-19T16:26:19.733+00:00,2026-03-19T16:40:43.734+00:00,True,e40yx52dkbjpcqazimno9yvh4k,[]
a00ed6a6-cbca-4daa-9208-3d35ee2f2723,,,,0,,,,,,,,,,2026-03-19T16:27:19.793+00:00,2026-03-19T16:40:43.734+00:00,True,e40yx52dkbjpcqazimno9yvh4k,[]
a5afac43-1e12-4aed-b9ac-a9fe23ed972e,,,,0,,,,,,,,,,2026-03-19T16:26:19.728+00:00,2026-03-19T16:40:43.734+00:00,True,e40yx52dkbjpcqazimno9yvh4k,[]
d88f72e8-a89e-4835-924d-9e9d20141b04,,,,0,,,,,,,,,,2026-03-19T16:18:18.985+00:00,2026-03-19T16:40:43.734+00:00,True,e40yx52dkbjpcqazimno9yvh4k,[]
1b488e93-785c-462f-a8ed-dc135300b92f,,,,0,,,,,,,,,,2026-03-19T16:40:33.630+00:00,2026-03-19T16:44:55.593+00:00,True,e40yx52dkbjpcqazimno9yvh4k,[]
626cabb3-48fe-4821-91ca-f3ab3c820723,,,,0,,,,,,,,,,2026-03-19T16:40:33.634+00:00,2026-03-19T16:44:55.593+00:00,True,e40yx52dkbjpcqazimno9yvh4k,[]
67a979b9-9081-4e8b-a3f5-01f1c4421229,,,,0,,,,,,,,,,2026-03-19T16:38:20.324+00:00,2026-03-19T16:44:55.593+00:00,True,e40yx52dkbjpcqazimno9yvh4k,[]
b3d30e2f-db3a-4e17-be36-7b93fac92ee0,,,,0,,,,,,,,,,2026-03-19T16:36:20.216+00:00,2026-03-19T16:44:55.593+00:00,True,e40yx52dkbjpcqazimno9yvh4k,[]
c354c0ce-609c-4c81-b2b8-2ba7fe0b9cf7,,,,0,,,,,,,,,,2026-03-19T16:36:20.218+00:00,2026-03-19T16:44:55.593+00:00,True,e40yx52dkbjpcqazimno9yvh4k,[]
d17ec63f-8449-4d3c-8547-d45c725c596f,,,,0,,,,,,,,,,2026-03-19T16:40:33.628+00:00,2026-03-19T16:44:55.593+00:00,True,e40yx52dkbjpcqazimno9yvh4k,[]
d7b84ced-713b-4c89-b0ac-c9b74d0db6a4,,,,0,,,,,,,,,,2026-03-19T16:35:33.424+00:00,2026-03-19T16:44:55.593+00:00,True,e40yx52dkbjpcqazimno9yvh4k,[]
f5931520-17a3-4455-a297-668a9534b999,,,,0,,,,,,,,,,2026-03-19T16:35:20.170+00:00,2026-03-19T16:44:55.593+00:00,True,e40yx52dkbjpcqazimno9yvh4k,[]
7392da57-5949-4325-981c-794b284b9a56,,,,0,,,,,,,,,,2026-03-18T09:36:41.796+00:00,2026-03-18T09:37:29.119+00:00,True,e40yx52dkbjpcqazimno9yvh4k,[]
0f274f8d-4aab-47eb-b919-38efc4df8d7d,,,,0,,,,,,,,,,2026-03-19T16:44:42.536+00:00,2026-03-19T16:50:48.027+00:00,True,e40yx52dkbjpcqazimno9yvh4k,[]
1eebce36-308d-4c2f-87b0-068927f1273f,,,,0,,,,,,,,,,2026-03-19T16:45:20.801+00:00,2026-03-19T16:50:48.027+00:00,True,e40yx52dkbjpcqazimno9yvh4k,[]
41938b02-7db2-49c6-92e5-b942f7b68c10,,,,0,,,,,,,,,,2026-03-19T16:42:20.618+00:00,2026-03-19T16:50:48.027+00:00,True,e40yx52dkbjpcqazimno9yvh4k,[]
5178ac58-ed01-4ca2-b931-fb257cbfdba5,,,,0,,,,,,,,,,2026-03-19T16:45:20.808+00:00,2026-03-19T16:50:48.027+00:00,True,e40yx52dkbjpcqazimno9yvh4k,[]
d66e3311-9919-40b8-8137-be75647a25c2,,,,0,,,,,,,,,,2026-03-19T16:43:20.685+00:00,2026-03-19T16:50:48.027+00:00,True,e40yx52dkbjpcqazimno9yvh4k,[]
f1039367-798a-4058-a61a-3aa924fc18c5,,,,0,,,,,,,,,,2026-03-19T16:46:20.850+00:00,2026-03-19T16:50:48.027+00:00,True,e40yx52dkbjpcqazimno9yvh4k,[]
fda73b00-19f5-4e0e-9309-1f5178d88a7e,,,,0,,,,,,,,,,2026-03-19T16:45:20.795+00:00,2026-03-19T16:50:48.027+00:00,True,e40yx52dkbjpcqazimno9yvh4k,[]
48977944-3a2c-4856-ae4f-45a14d01d42b,,,,0,,,,,,,,,,2026-03-19T16:47:42.848+00:00,2026-03-19T16:58:18.005+00:00,True,e40yx52dkbjpcqazimno9yvh4k,[]
6efc47e1-6973-4b8a-83b2-18d37fda2885,,,,0,,,,,,,,,,2026-03-19T16:49:21.013+00:00,2026-03-19T16:58:18.005+00:00,True,e40yx52dkbjpcqazimno9yvh4k,[]
0221998c-d45c-4479-9c1e-cf07f318279a,,,,0,,,,,,,,,,2026-03-18T13:11:07.066+00:00,2026-03-18T13:14:11.753+00:00,True,e40yx52dkbjpcqazimno9yvh4k,[]
06d7b81c-46ea-4a33-bbb1-9cbf69735d5d,,,,0,,,,,,,,,,2026-03-18T13:11:07.071+00:00,2026-03-18T13:14:11.753+00:00,True,e40yx52dkbjpcqazimno9yvh4k,[]
239240db-22e4-4171-b413-85f5217b66a4,,,,0,,,,,,,,,,2026-03-18T13:11:07.119+00:00,2026-03-18T13:14:11.753+00:00,True,e40yx52dkbjpcqazimno9yvh4k,[]
3567e255-d89d-49dc-ad8d-dc4db345381a,,,,0,,,,,,,,,,2026-03-18T13:11:07.123+00:00,2026-03-18T13:14:11.753+00:00,True,e40yx52dkbjpcqazimno9yvh4k,[]
6fc6cae5-1689-40e5-bfd0-b5b246eaedb0,,,,0,,,,,,,,,,2026-03-18T13:11:43.313+00:00,2026-03-18T13:14:11.753+00:00,True,e40yx52dkbjpcqazimno9yvh4k,[]
81f4789e-99e7-4e76-826e-86fe3f5aed94,,,,0,,,,,,,,,,2026-03-18T13:11:07.072+00:00,2026-03-18T13:14:11.753+00:00,True,e40yx52dkbjpcqazimno9yvh4k,[]
cdd3a98e-599d-442c-be91-9173e4af29d3,,,,0,,,,,,,,,,2026-03-18T13:11:07.116+00:00,2026-03-18T13:14:11.753+00:00,True,e40yx52dkbjpcqazimno9yvh4k,[]
d96d052a-85f1-4efc-b25b-1a5a416d1aa6,,,,0,,,,,,,,,,2026-03-18T13:11:43.317+00:00,2026-03-18T13:14:11.753+00:00,True,e40yx52dkbjpcqazimno9yvh4k,[]
ee229b39-ddcb-4aca-9d2d-ccf10e37e260,,,,0,,,,,,,,,,2026-03-18T13:11:43.335+00:00,2026-03-18T13:14:11.753+00:00,True,e40yx52dkbjpcqazimno9yvh4k,[]
f707a168-a3e2-461d-921b-f186ba78859c,,,,0,,,,,,,,,,2026-03-18T13:11:43.308+00:00,2026-03-18T13:14:11.753+00:00,True,e40yx52dkbjpcqazimno9yvh4k,[]
18d13c10-d7a0-4596-b118-af798ca09558,,,,0,,,,,,,,,,2026-03-19T16:59:24.558+00:00,2026-03-19T17:06:52.425+00:00,True,e40yx52dkbjpcqazimno9yvh4k,[]
20ba8601-7a68-4085-b9d0-f7c236827a4d,,,,0,,,,,,,,,,2026-03-19T16:56:21.634+00:00,2026-03-19T17:06:52.425+00:00,True,e40yx52dkbjpcqazimno9yvh4k,[]
2441ac7d-d417-4fbc-9db9-7fc25dc2e173,,,,0,,,,,,,,,,2026-03-19T16:59:25.437+00:00,2026-03-19T17:06:52.425+00:00,True,e40yx52dkbjpcqazimno9yvh4k,[]
58220885-e16f-41af-8379-6555e9be52a5,,,,0,,,,,,,,,,2026-03-19T16:55:34.279+00:00,2026-03-19T17:06:52.425+00:00,True,e40yx52dkbjpcqazimno9yvh4k,[]
60330289-36ad-46b4-92da-82dab9a99257,,,,0,,,,,,,,,,2026-03-19T16:59:24.552+00:00,2026-03-19T17:06:52.425+00:00,True,e40yx52dkbjpcqazimno9yvh4k,[]
7ef2b486-22f4-41de-84be-e20cb6f2108b,,,,0,,,,,,,,,,2026-03-19T16:58:21.715+00:00,2026-03-19T17:06:52.425+00:00,True,e40yx52dkbjpcqazimno9yvh4k,[]
aa47cb99-3bc5-4403-900b-bb91ccf492eb,,,,0,,,,,,,,,,2026-03-19T16:55:34.286+00:00,2026-03-19T17:06:52.425+00:00,True,e40yx52dkbjpcqazimno9yvh4k,[]
0d95c677-7994-47ff-8080-2e2e7bd04983,,,,0,,,,,,,,,,2026-03-19T17:32:37.162+00:00,2026-03-19T17:41:14.943+00:00,True,e40yx52dkbjpcqazimno9yvh4k,[]
2d6e2ab3-ffc6-42b4-ba74-11ac1e6a1d0b,,,,0,,,,,,,,,,2026-03-19T17:32:37.185+00:00,2026-03-19T17:41:14.943+00:00,True,e40yx52dkbjpcqazimno9yvh4k,[]
3676d486-383f-4165-a77b-dff8f4bb0e2a,,,,0,,,,,,,,,,2026-03-19T17:36:37.473+00:00,2026-03-19T17:41:14.943+00:00,True,e40yx52dkbjpcqazimno9yvh4k,[]
67e56633-c920-472e-a65e-c0b8b025b3fa,,,,0,,,,,,,,,,2026-03-19T17:32:37.190+00:00,2026-03-19T17:41:14.943+00:00,True,e40yx52dkbjpcqazimno9yvh4k,[]
9ab4462e-333e-4d6d-94d1-6cae5d72b00b,,,,0,,,,,,,,,,2026-03-19T17:32:37.175+00:00,2026-03-19T17:41:14.943+00:00,True,e40yx52dkbjpcqazimno9yvh4k,[]
14829f0c-d87f-4b97-a5c5-d15425a52447,,,,0,,,,,,,,,,2026-03-19T17:28:29.592+00:00,2026-03-19T17:36:18.058+00:00,True,e40yx52dkbjpcqazimno9yvh4k,[]
2e0a539a-0a83-40f9-a73c-6356ac456d79,,,,0,,,,,,,,,,2026-03-19T17:21:36.784+00:00,2026-03-19T17:36:18.058+00:00,True,e40yx52dkbjpcqazimno9yvh4k,[]
3573d057-4e26-4fcf-8e0f-8392d8755b9e,,,,0,,,,,,,,,,2026-03-19T17:28:29.615+00:00,2026-03-19T17:36:18.058+00:00,True,e40yx52dkbjpcqazimno9yvh4k,[]
367ab99d-ec04-4a84-a9ae-6436a8fa9ba7,,,,0,,,,,,,,,,2026-03-19T17:28:29.590+00:00,2026-03-19T17:36:18.058+00:00,True,e40yx52dkbjpcqazimno9yvh4k,[]
9a04be59-fae8-4a75-bcc8-8864a61a8922,,,,0,,,,,,,,,,2026-03-19T17:25:36.893+00:00,2026-03-19T17:36:18.058+00:00,True,e40yx52dkbjpcqazimno9yvh4k,[]
d081b0f9-d7a3-4ee3-bf07-eb71251b7f9b,,,,0,,,,,,,,,,2026-03-19T17:25:36.896+00:00,2026-03-19T17:36:18.058+00:00,True,e40yx52dkbjpcqazimno9yvh4k,[]
503f28bc-ff9c-4a06-ad4d-ac893cf91464,,,,0,,,,,,,,,,2026-03-19T17:04:24.651+00:00,2026-03-19T17:11:48.727+00:00,True,e40yx52dkbjpcqazimno9yvh4k,[]
5d2cd1cf-6e04-488a-9801-30ea0b1e4489,,,,0,,,,,,,,,,2026-03-19T17:01:36.158+00:00,2026-03-19T17:11:48.727+00:00,True,e40yx52dkbjpcqazimno9yvh4k,[]
60238fd2-4591-4bee-925e-e331470a6b2f,,,,0,,,,,,,,,,2026-03-19T17:02:24.425+00:00,2026-03-19T17:11:48.727+00:00,True,e40yx52dkbjpcqazimno9yvh4k,[]
8df5aa57-c190-4040-b97b-50eef09031ac,,,,0,,,,,,,,,,2026-03-19T17:05:24.542+00:00,2026-03-19T17:11:48.727+00:00,True,e40yx52dkbjpcqazimno9yvh4k,[]
1688f751-42c0-449e-a6f9-55252763eabf,,,,0,,,,,,,,,,2026-03-19T17:13:25.192+00:00,2026-03-19T17:27:26.400+00:00,True,e40yx52dkbjpcqazimno9yvh4k,[]
18517a82-de68-4014-afa7-15fbfb98743a,,,,0,,,,,,,,,,2026-03-19T17:20:29.055+00:00,2026-03-19T17:27:26.400+00:00,True,e40yx52dkbjpcqazimno9yvh4k,[]
55aff5d0-e1d2-4ad7-828e-f2c792432b5d,,,,0,,,,,,,,,,2026-03-19T17:15:45.473+00:00,2026-03-19T17:27:26.400+00:00,True,e40yx52dkbjpcqazimno9yvh4k,[]
59395c8a-101b-47b1-8221-d44008931bf9,,,,0,,,,,,,,,,2026-03-19T17:20:29.060+00:00,2026-03-19T17:27:26.400+00:00,True,e40yx52dkbjpcqazimno9yvh4k,[]
6a5f2650-5bf4-417a-b2c7-1562946fc54a,,,,0,,,,,,,,,,2026-03-19T17:14:36.653+00:00,2026-03-19T17:27:26.400+00:00,True,e40yx52dkbjpcqazimno9yvh4k,[]
84165cc4-8c04-4b53-9ac7-b8226d0abbe9,,,,0,,,,,,,,,,2026-03-19T17:14:25.283+00:00,2026-03-19T17:27:26.400+00:00,True,e40yx52dkbjpcqazimno9yvh4k,[]
eae39b36-1d56-462c-b3d3-d10466082382,,,,0,,,,,,,,,,2026-03-19T17:14:25.285+00:00,2026-03-19T17:27:26.400+00:00,True,e40yx52dkbjpcqazimno9yvh4k,[]
0b317543-64f7-4362-9f47-6c65510f3c70,,,,0,,,,,,,,,,2026-03-19T17:09:24.934+00:00,2026-03-19T17:18:47.558+00:00,True,e40yx52dkbjpcqazimno9yvh4k,[]
1b705240-06b1-4c94-b08d-b3d786ef2198,,,,0,,,,,,,,,,2026-03-19T17:11:24.981+00:00,2026-03-19T17:18:47.558+00:00,True,e40yx52dkbjpcqazimno9yvh4k,[]
6a25e040-27bd-4897-915b-e95e0d1fa84a,,,,0,,,,,,,,,,2026-03-19T17:09:24.937+00:00,2026-03-19T17:18:47.558+00:00,True,e40yx52dkbjpcqazimno9yvh4k,[]
0500a29e-2263-4cb9-b84c-96b9ae49b758,,,,0,,,,,,,,,,2026-03-19T17:40:21.097+00:00,2026-03-19T17:46:05.185+00:00,True,e40yx52dkbjpcqazimno9yvh4k,[]
2d718bd7-de79-4bda-8c77-d32dac0ccd05,,,,0,,,,,,,,,,2026-03-19T17:40:21.100+00:00,2026-03-19T17:46:05.185+00:00,True,e40yx52dkbjpcqazimno9yvh4k,[]
41990892-bd2a-4114-984c-88aa25504b61,,,,0,,,,,,,,,,2026-03-19T17:41:21.301+00:00,2026-03-19T17:46:05.185+00:00,True,e40yx52dkbjpcqazimno9yvh4k,[]
48d55971-417e-4d3f-87ad-0d79d73be39f,,,,0,,,,,,,,,,2026-03-19T17:39:20.938+00:00,2026-03-19T17:46:05.185+00:00,True,e40yx52dkbjpcqazimno9yvh4k,[]
54a43e66-dfaa-4261-ada0-f113b0215b8d,,,,0,,,,,,,,,,2026-03-19T17:37:20.601+00:00,2026-03-19T17:46:05.185+00:00,True,e40yx52dkbjpcqazimno9yvh4k,[]
759f36a1-2c46-45ef-b32f-84b872db57aa,,,,0,,,,,,,,,,2026-03-19T17:39:20.938+00:00,2026-03-19T17:46:05.185+00:00,True,e40yx52dkbjpcqazimno9yvh4k,[]
e8d5bbd1-8f85-44cc-8f6f-f1656f6b0762,,,,0,,,,,,,,,,2026-03-19T17:40:44.238+00:00,2026-03-19T17:46:05.185+00:00,True,e40yx52dkbjpcqazimno9yvh4k,[]
1300a5bb-d260-4a28-aeee-ecd4a0c2b653,,,,0,,,,,,,,,,2026-03-19T17:44:32.763+00:00,2026-03-19T17:49:46.281+00:00,True,e40yx52dkbjpcqazimno9yvh4k,[]
6c95b24b-4ed5-4213-ba1a-94c23ed49482,,,,0,,,,,,,,,,2026-03-19T17:44:32.771+00:00,2026-03-19T17:49:46.281+00:00,True,e40yx52dkbjpcqazimno9yvh4k,[]
f1c5ddd8-c7a8-491d-85ef-7871eb62dbf5,,,,0,,,,,,,,,,2026-03-19T17:44:32.768+00:00,2026-03-19T17:49:46.281+00:00,True,e40yx52dkbjpcqazimno9yvh4k,[]
411b1a6d-667c-4e58-81e6-eaf16832e97c,,,,0,,,,,,,,,,2026-03-19T17:51:26.240+00:00,2026-03-19T17:59:45.164+00:00,True,e40yx52dkbjpcqazimno9yvh4k,[]
e85f5d9c-e4d0-4346-8211-76481e0a119a,,,,0,,,,,,,,,,2026-03-19T17:53:47.487+00:00,2026-03-19T17:59:45.164+00:00,True,e40yx52dkbjpcqazimno9yvh4k,[]
2f028578-7b30-4661-a1c5-caf7affa10bc,,,,0,,,,,,,,,,2026-03-19T17:49:44.544+00:00,2026-03-19T17:54:46.243+00:00,True,e40yx52dkbjpcqazimno9yvh4k,[]
606eb113-e956-418d-b882-6f6d48bbeabd,,,,0,,,,,,,,,,2026-03-19T17:48:22.266+00:00,2026-03-19T17:54:46.243+00:00,True,e40yx52dkbjpcqazimno9yvh4k,[]
85ad23e1-5f44-4c1d-96af-db73d7fcc500,,,,0,,,,,,,,,,2026-03-19T17:50:22.607+00:00,2026-03-19T17:54:46.243+00:00,True,e40yx52dkbjpcqazimno9yvh4k,[]
97b45be3-3b4d-4210-959c-70001f8cadf6,,,,0,,,,,,,,,,2026-03-19T17:48:47.257+00:00,2026-03-19T17:54:46.243+00:00,True,e40yx52dkbjpcqazimno9yvh4k,[]
bf685fb0-5192-4328-8389-3e558da771d0,,,,0,,,,,,,,,,2026-03-19T17:47:22.088+00:00,2026-03-19T17:54:46.243+00:00,True,e40yx52dkbjpcqazimno9yvh4k,[]
c0bebbdd-a386-459a-ba4f-5d345d943f82,,,,0,,,,,,,,,,2026-03-19T17:47:22.082+00:00,2026-03-19T17:54:46.243+00:00,True,e40yx52dkbjpcqazimno9yvh4k,[]
0bb32aea-cfa7-44c5-a230-0c038b089707,,,,0,,,,,,,,,,2026-03-19T17:59:45.329+00:00,2026-03-19T18:05:18.813+00:00,True,e40yx52dkbjpcqazimno9yvh4k,[]
3340d51e-285b-40a7-941e-7d8e154825d6,,,,0,,,,,,,,,,2026-03-19T17:56:26.687+00:00,2026-03-19T18:05:18.813+00:00,True,e40yx52dkbjpcqazimno9yvh4k,[]
3ff79702-0cef-447f-9a3a-3d3b189d3413,,,,0,,,,,,,,,,2026-03-19T17:58:27.712+00:00,2026-03-19T18:05:18.813+00:00,True,e40yx52dkbjpcqazimno9yvh4k,[]
acc6f857-0f1f-4e7c-8baa-ba70b90b0a3d,,,,0,,,,,,,,,,2026-03-19T17:58:27.633+00:00,2026-03-19T18:05:18.813+00:00,True,e40yx52dkbjpcqazimno9yvh4k,[]
e58d09b4-57ca-46ae-bf9e-69b63183e709,,,,0,,,,,,,,,,2026-03-19T17:56:26.679+00:00,2026-03-19T18:05:18.813+00:00,True,e40yx52dkbjpcqazimno9yvh4k,[]
0f1a0997-921e-4c39-87d1-1d3aba75ecaf,,,,0,,,,,,,,,,2026-03-19T18:02:34.192+00:00,2026-03-19T18:13:32.425+00:00,True,e40yx52dkbjpcqazimno9yvh4k,[]
2fde7fd9-3d1b-41e0-af41-f86ba3b011fb,,,,0,,,,,,,,,,2026-03-19T18:03:28.112+00:00,2026-03-19T18:13:32.425+00:00,True,e40yx52dkbjpcqazimno9yvh4k,[]
34567906-c3eb-4375-aed8-c267cde90e68,,,,0,,,,,,,,,,2026-03-19T18:03:28.128+00:00,2026-03-19T18:13:32.425+00:00,True,e40yx52dkbjpcqazimno9yvh4k,[]
5bb4ff0a-fbc0-42dc-985e-b1c00dda72d5,,,,0,,,,,,,,,,2026-03-19T18:02:27.950+00:00,2026-03-19T18:13:32.425+00:00,True,e40yx52dkbjpcqazimno9yvh4k,[]
9b1fc77d-6c06-443f-8fa8-39b623235d1b,,,,0,,,,,,,,,,2026-03-19T18:03:28.102+00:00,2026-03-19T18:13:32.425+00:00,True,e40yx52dkbjpcqazimno9yvh4k,[]
ad409501-4493-4651-8fe0-b69a0131e7f0,,,,0,,,,,,,,,,2026-03-19T18:02:34.197+00:00,2026-03-19T18:13:32.425+00:00,True,e40yx52dkbjpcqazimno9yvh4k,[]
19441edf-24c8-4f2e-afc8-b8ede34f01d5,,,,0,,,,,,,,,,2026-03-19T18:06:29.077+00:00,2026-03-19T18:27:03.960+00:00,True,e40yx52dkbjpcqazimno9yvh4k,[]
1cd24e1d-a349-4d3b-b32b-2a493f50294e,,,,0,,,,,,,,,,2026-03-19T18:06:29.023+00:00,2026-03-19T18:27:03.960+00:00,True,e40yx52dkbjpcqazimno9yvh4k,[]
3892ba94-dd5c-43ba-a870-886af024b2a2,,,,0,,,,,,,,,,2026-03-19T18:06:29.077+00:00,2026-03-19T18:27:03.960+00:00,True,e40yx52dkbjpcqazimno9yvh4k,[]
67c0666c-e5c6-4edd-8047-ba217cce5576,,,,0,,,,,,,,,,2026-03-19T18:10:45.645+00:00,2026-03-19T18:27:03.960+00:00,True,e40yx52dkbjpcqazimno9yvh4k,[]
6bd453c2-aabc-4171-9e75-71a472c31bf8,,,,0,,,,,,,,,,2026-03-19T18:07:45.535+00:00,2026-03-19T18:27:03.960+00:00,True,e40yx52dkbjpcqazimno9yvh4k,[]
721e0b60-ef23-4ba0-b3f0-d478444b7fd7,,,,0,,,,,,,,,,2026-03-19T18:06:29.071+00:00,2026-03-19T18:27:03.960+00:00,True,e40yx52dkbjpcqazimno9yvh4k,[]
e884b587-7d8f-49bb-b4bc-cbfab8430f7f,,,,0,,,,,,,,,,2026-03-19T18:10:29.442+00:00,2026-03-19T18:27:03.960+00:00,True,e40yx52dkbjpcqazimno9yvh4k,[]
f1ba503c-4660-44a3-a696-5d5fb013982b,,,,0,,,,,,,,,,2026-03-19T18:06:29.079+00:00,2026-03-19T18:27:03.960+00:00,True,e40yx52dkbjpcqazimno9yvh4k,[]
69bb1fff-35f2-42f2-baf7-57ac99341034,,,,0,,,,,,,,,,2026-03-19T18:24:45.920+00:00,2026-03-19T18:32:45.200+00:00,True,e40yx52dkbjpcqazimno9yvh4k,[]
93571684-27cc-475f-b7a0-78bed59d9ff9,,,,0,,,,,,,,,,2026-03-19T18:23:45.877+00:00,2026-03-19T18:32:45.200+00:00,True,e40yx52dkbjpcqazimno9yvh4k,[]
c9a8d65b-ddf3-46f8-a7ba-1f31f1ff1d27,,,,0,,,,,,,,,,2026-03-19T18:21:45.843+00:00,2026-03-19T18:32:45.200+00:00,True,e40yx52dkbjpcqazimno9yvh4k,[]
d66bab3e-91c0-44ca-a16c-b965eaaefca4,,,,0,,,,,,,,,,2026-03-19T18:24:45.912+00:00,2026-03-19T18:32:45.200+00:00,True,e40yx52dkbjpcqazimno9yvh4k,[]
f4d716d6-99ae-4c53-9add-7258425fe412,,,,0,,,,,,,,,,2026-03-19T18:25:35.522+00:00,2026-03-19T18:32:45.200+00:00,True,e40yx52dkbjpcqazimno9yvh4k,[]
f55e48d8-6591-4658-adf8-d5cbf0e2e668,,,,0,,,,,,,,,,2026-03-19T18:21:35.072+00:00,2026-03-19T18:32:45.200+00:00,True,e40yx52dkbjpcqazimno9yvh4k,[]
45a71248-63ed-4837-ba95-4fc0dcf947d4,,,,0,,,,,,,,,,2026-03-19T18:31:36.106+00:00,2026-03-19T18:36:43.020+00:00,True,e40yx52dkbjpcqazimno9yvh4k,[]
80da3939-13c0-4281-bc7f-98bb947b5ebe,,,,0,,,,,,,,,,2026-03-19T18:28:36.095+00:00,2026-03-19T18:36:43.020+00:00,True,e40yx52dkbjpcqazimno9yvh4k,[]
03d0590c-7813-4914-88d7-78459bf4e8ae,,,,0,,,,,,,,,,2026-03-19T18:43:36.802+00:00,2026-03-19T18:46:45.734+00:00,True,e40yx52dkbjpcqazimno9yvh4k,[]
04d26145-e6b0-46fb-aa5f-92d4736ed64d,,,,0,,,,,,,,,,2026-03-19T18:43:36.796+00:00,2026-03-19T18:46:45.734+00:00,True,e40yx52dkbjpcqazimno9yvh4k,[]
3d143a89-ea05-417a-b4b0-573eb93e7a3f,,,,0,,,,,,,,,,2026-03-19T18:42:36.752+00:00,2026-03-19T18:46:45.734+00:00,True,e40yx52dkbjpcqazimno9yvh4k,[]
96ecc1eb-91ea-40f5-8e20-fe5089f67455,,,,0,,,,,,,,,,2026-03-19T18:45:36.936+00:00,2026-03-19T18:50:21.945+00:00,True,e40yx52dkbjpcqazimno9yvh4k,[]
0fcc3122-4d20-423f-bf6b-d08fcb8f78f5,,,,0,,,,,,,,,,2026-03-19T18:47:36.963+00:00,2026-03-19T18:52:46.761+00:00,True,e40yx52dkbjpcqazimno9yvh4k,[]
1b4086fb-9aa6-437d-b28b-db76853cde42,,,,0,,,,,,,,,,2026-03-19T18:49:37.162+00:00,2026-03-19T18:52:46.761+00:00,True,e40yx52dkbjpcqazimno9yvh4k,[]
8747b6a2-b889-4a30-9d10-463db011b9b3,,,,0,,,,,,,,,,2026-03-19T18:47:36.972+00:00,2026-03-19T18:52:46.761+00:00,True,e40yx52dkbjpcqazimno9yvh4k,[]
e0898561-7eb6-4ea8-b5f5-726a6a648332,,,,0,,,,,,,,,,2026-03-19T18:49:37.224+00:00,2026-03-19T18:52:46.761+00:00,True,e40yx52dkbjpcqazimno9yvh4k,[]
152d5e4d-3f25-405e-a6f9-0e593ca2c012,,,,0,,,,,,,,,,2026-03-19T18:59:38.637+00:00,2026-03-19T19:05:36.492+00:00,True,e40yx52dkbjpcqazimno9yvh4k,[]
2487258e-63fa-40f2-b2b4-01d74b2ea014,,,,0,,,,,,,,,,2026-03-19T18:57:38.173+00:00,2026-03-19T19:05:36.492+00:00,True,e40yx52dkbjpcqazimno9yvh4k,[]
2b2aa4f3-7a3c-4272-a03a-0eb073c5c03e,,,,0,,,,,,,,,,2026-03-19T19:00:38.673+00:00,2026-03-19T19:05:36.492+00:00,True,e40yx52dkbjpcqazimno9yvh4k,[]
7960bb41-99fa-4b01-9bbc-9b26f2f5e960,,,,0,,,,,,,,,,2026-03-19T19:00:48.263+00:00,2026-03-19T19:05:36.492+00:00,True,e40yx52dkbjpcqazimno9yvh4k,[]
7d9930db-c676-4ed6-9c01-0bf6566b54f3,,,,0,,,,,,,,,,2026-03-19T18:56:48.056+00:00,2026-03-19T19:05:36.492+00:00,True,e40yx52dkbjpcqazimno9yvh4k,[]
057bef4d-4f71-4bfb-b401-6544d89b2929,,,,0,,,,,,,,,,2026-03-19T18:33:36.414+00:00,2026-03-19T18:40:18.614+00:00,True,e40yx52dkbjpcqazimno9yvh4k,[]
9086cf61-bb45-4116-84d5-11f9017ed231,,,,0,,,,,,,,,,2026-03-19T18:35:48.215+00:00,2026-03-19T18:40:18.614+00:00,True,e40yx52dkbjpcqazimno9yvh4k,[]
bc6990d0-0c5d-4045-8cda-2c4e6f6ea423,,,,0,,,,,,,,,,2026-03-19T18:35:39.254+00:00,2026-03-19T18:40:18.614+00:00,True,e40yx52dkbjpcqazimno9yvh4k,[]
f0c004b0-28f7-4c09-9d04-8ff9161d5f81,,,,0,,,,,,,,,,2026-03-19T18:35:48.210+00:00,2026-03-19T18:40:18.614+00:00,True,e40yx52dkbjpcqazimno9yvh4k,[]
6a70b0bb-60c4-4398-a7b0-51b665f1fd8c,,,,0,,,,,,,,,,2026-03-19T19:01:48.275+00:00,2026-03-19T19:10:46.573+00:00,True,e40yx52dkbjpcqazimno9yvh4k,[]
9c8ac151-c08e-472a-a1a2-5703e91ceecc,,,,0,,,,,,,,,,2026-03-19T19:05:38.973+00:00,2026-03-19T19:10:46.573+00:00,True,e40yx52dkbjpcqazimno9yvh4k,[]
df1b2941-938b-4153-a017-259a31d72ed6,,,,0,,,,,,,,,,2026-03-19T19:02:38.814+00:00,2026-03-19T19:10:46.573+00:00,True,e40yx52dkbjpcqazimno9yvh4k,[]
08a804b7-04c9-4f64-8d7f-44518ede180e,,,,0,,,,,,,,,,2026-03-19T19:11:39.502+00:00,2026-03-19T19:15:44.487+00:00,True,e40yx52dkbjpcqazimno9yvh4k,[]
3816ec8f-373c-4218-a17c-0df3e2b04f07,,,,0,,,,,,,,,,2026-03-19T19:11:39.605+00:00,2026-03-19T19:15:44.487+00:00,True,e40yx52dkbjpcqazimno9yvh4k,[]
5aef1efd-6fa9-4784-bf82-98e372abd70f,,,,0,,,,,,,,,,2026-03-19T19:11:39.546+00:00,2026-03-19T19:15:44.487+00:00,True,e40yx52dkbjpcqazimno9yvh4k,[]
d292f096-ee5e-480e-b0d5-cbec1a9ec486,,,,0,,,,,,,,,,2026-03-19T19:11:39.612+00:00,2026-03-19T19:15:44.487+00:00,True,e40yx52dkbjpcqazimno9yvh4k,[]
dd343599-6c9c-48f2-8db9-0150dd826576,,,,0,,,,,,,,,,2026-03-19T19:11:39.533+00:00,2026-03-19T19:15:44.487+00:00,True,e40yx52dkbjpcqazimno9yvh4k,[]
89da9a0a-13c6-4713-adca-7e423af1120c,,,,0,,,,,,,,,,2026-03-19T18:51:37.154+00:00,2026-03-19T18:55:45.525+00:00,True,e40yx52dkbjpcqazimno9yvh4k,[]
03c80f2a-c404-4967-9d63-885fbc71d799,,,,0,,,,,,,,,,2026-03-19T19:14:39.601+00:00,2026-03-19T19:19:44.124+00:00,True,e40yx52dkbjpcqazimno9yvh4k,[]
6a087bd0-23fb-4e2b-b6d2-5b86b4eb9697,,,,0,,,,,,,,,,2026-03-19T19:14:39.597+00:00,2026-03-19T19:19:44.124+00:00,True,e40yx52dkbjpcqazimno9yvh4k,[]
55cbab40-25e4-40e4-a45b-639f74a105a9,,,,0,,,,,,,,,,2026-03-19T19:20:40.001+00:00,2026-03-19T19:23:45.067+00:00,True,e40yx52dkbjpcqazimno9yvh4k,[]
58a76495-2b50-46e6-9e99-adbc06829ce2,,,,0,,,,,,,,,,2026-03-19T19:20:39.998+00:00,2026-03-19T19:23:45.067+00:00,True,e40yx52dkbjpcqazimno9yvh4k,[]
6d1a964b-c1e3-4e98-acd0-3b936b7a0f22,,,,0,,,,,,,,,,2026-03-19T19:18:39.836+00:00,2026-03-19T19:23:45.067+00:00,True,e40yx52dkbjpcqazimno9yvh4k,[]
bb6ed3b6-eaa6-49d9-8a63-6af45d57b863,,,,0,,,,,,,,,,2026-03-19T19:19:39.957+00:00,2026-03-19T19:23:45.067+00:00,True,e40yx52dkbjpcqazimno9yvh4k,[]
f75d7023-5715-4da1-91fb-23d780cadef9,,,,0,,,,,,,,,,2026-03-19T19:19:39.962+00:00,2026-03-19T19:23:45.067+00:00,True,e40yx52dkbjpcqazimno9yvh4k,[]
7cceb97a-de59-4335-b692-a9b724239a75,,,,0,,,,,,,,,,2026-03-19T19:22:40.057+00:00,2026-03-19T19:26:16.104+00:00,True,e40yx52dkbjpcqazimno9yvh4k,[]
3e9351be-ae99-4986-9c8b-1c3aca8c9193,,,,0,,,,,,,,,,2026-03-19T19:24:40.167+00:00,2026-03-19T19:29:18.648+00:00,True,e40yx52dkbjpcqazimno9yvh4k,[]
cb6099f5-0f3e-496e-904e-c1bdf0167d93,,,,0,,,,,,,,,,2026-03-19T19:24:40.162+00:00,2026-03-19T19:29:18.648+00:00,True,e40yx52dkbjpcqazimno9yvh4k,[]
503210cd-9054-4330-8293-645fa70a7b14,,,,0,,,,,,,,,,2026-03-19T19:29:40.619+00:00,2026-03-19T19:32:48.577+00:00,True,e40yx52dkbjpcqazimno9yvh4k,[]
5e4b2b9d-6b70-4a25-8b40-160852c4d8dd,,,,0,,,,,,,,,,2026-03-19T19:29:40.404+00:00,2026-03-19T19:32:48.577+00:00,True,e40yx52dkbjpcqazimno9yvh4k,[]
a639a3f0-9187-408e-a210-c7618d79dd78,,,,0,,,,,,,,,,2026-03-19T19:34:40.472+00:00,2026-03-19T19:38:14.988+00:00,True,e40yx52dkbjpcqazimno9yvh4k,[]
cf592c7e-d236-4f22-9c42-52ef568ff35d,,,,0,,,,,,,,,,2026-03-19T19:34:40.463+00:00,2026-03-19T19:38:14.988+00:00,True,e40yx52dkbjpcqazimno9yvh4k,[]
2f2f9652-0b20-4627-96cd-bfedde6db2f4,,,,0,,,,,,,,,,2026-03-19T19:42:49.012+00:00,2026-03-19T19:45:48.270+00:00,True,e40yx52dkbjpcqazimno9yvh4k,[]
980db526-63e1-4086-b0e8-098ab1d43f98,,,,0,,,,,,,,,,2026-03-19T19:42:49.009+00:00,2026-03-19T19:45:48.270+00:00,True,e40yx52dkbjpcqazimno9yvh4k,[]
fb8fc90e-4eff-4e96-a979-8361a54a0e7b,,,,0,,,,,,,,,,2026-03-19T19:40:40.605+00:00,2026-03-19T19:45:48.270+00:00,True,e40yx52dkbjpcqazimno9yvh4k,[]
086ebcff-014f-4feb-bac9-e1b49957b86a,,,,0,,,,,,,,,,2026-03-19T19:44:40.659+00:00,2026-03-19T19:48:42.164+00:00,True,e40yx52dkbjpcqazimno9yvh4k,[]
6a96df8c-12cc-4133-b803-0c5e6db6f725,,,,0,,,,,,,,,,2026-03-19T19:44:40.682+00:00,2026-03-19T19:48:42.164+00:00,True,e40yx52dkbjpcqazimno9yvh4k,[]
8b6d13c5-31d3-4a65-b72f-a12da8708d70,,,,0,,,,,,,,,,2026-03-19T19:44:40.678+00:00,2026-03-19T19:48:42.164+00:00,True,e40yx52dkbjpcqazimno9yvh4k,[]
a9fee401-3ec3-491c-b996-27122f166ea5,,,,0,,,,,,,,,,2026-03-19T19:44:40.662+00:00,2026-03-19T19:48:42.164+00:00,True,e40yx52dkbjpcqazimno9yvh4k,[]
d57d54ef-24b0-45fd-9a36-cdcf69b804b4,,,,0,,,,,,,,,,2026-03-19T19:44:40.708+00:00,2026-03-19T19:48:42.164+00:00,True,e40yx52dkbjpcqazimno9yvh4k,[]
fea5f8f7-5d35-4a7d-9e60-4e6ba39adca0,,,,0,,,,,,,,,,2026-03-19T19:43:40.654+00:00,2026-03-19T19:48:42.164+00:00,True,e40yx52dkbjpcqazimno9yvh4k,[]
4335abab-7d37-454d-82eb-7bdab742c12c,,,,0,,,,,,,,,,2026-03-19T19:49:40.979+00:00,2026-03-19T19:55:15.741+00:00,True,e40yx52dkbjpcqazimno9yvh4k,[]
5e41f5f8-c247-4200-8e8b-37f7cd942ccd,,,,0,,,,,,,,,,2026-03-19T19:49:40.753+00:00,2026-03-19T19:55:15.741+00:00,True,e40yx52dkbjpcqazimno9yvh4k,[]
a26a70c9-2806-4d0b-8fa2-1d35f78e83d3,,,,0,,,,,,,,,,2026-03-19T19:49:40.777+00:00,2026-03-19T19:55:15.741+00:00,True,e40yx52dkbjpcqazimno9yvh4k,[]
37653b93-1435-4e5a-8db7-a0183f634648,,,,0,,,,,,,,,,2026-03-19T19:55:41.070+00:00,2026-03-19T19:59:44.914+00:00,True,e40yx52dkbjpcqazimno9yvh4k,[]
40ba5c55-20bb-4443-b777-8b6555661ce3,,,,0,,,,,,,,,,2026-03-19T19:54:41.089+00:00,2026-03-19T19:59:44.914+00:00,True,e40yx52dkbjpcqazimno9yvh4k,[]
a6f16044-a07d-4d59-bef5-0ad31bd70830,,,,0,,,,,,,,,,2026-03-19T19:55:41.001+00:00,2026-03-19T19:59:44.914+00:00,True,e40yx52dkbjpcqazimno9yvh4k,[]
b9f9972e-2359-434f-88dd-a469ac20b8f1,,,,0,,,,,,,,,,2026-03-19T19:54:40.954+00:00,2026-03-19T19:59:44.914+00:00,True,e40yx52dkbjpcqazimno9yvh4k,[]
df17b49e-ffc2-450c-b3c6-72b1675c0f7d,,,,0,,,,,,,,,,2026-03-19T19:55:41.040+00:00,2026-03-19T19:59:44.914+00:00,True,e40yx52dkbjpcqazimno9yvh4k,[]
ea2ae688-042e-4a7d-a709-1c40555e4097,,,,0,,,,,,,,,,2026-03-19T19:53:40.908+00:00,2026-03-19T19:59:44.914+00:00,True,e40yx52dkbjpcqazimno9yvh4k,[]
ffc80fa3-4678-41fa-9e1e-cece65560b7a,,,,0,,,,,,,,,,2026-03-19T19:52:40.945+00:00,2026-03-19T19:59:44.914+00:00,True,e40yx52dkbjpcqazimno9yvh4k,[]
006e7ff9-af38-4b14-a54a-e321750dfde0,,,,0,,,,,,,,,,2026-03-19T20:01:41.249+00:00,2026-03-19T20:08:46.450+00:00,True,e40yx52dkbjpcqazimno9yvh4k,[]
40fa2a1e-8268-48e7-99d5-7e7688359667,,,,0,,,,,,,,,,2026-03-19T20:02:41.292+00:00,2026-03-19T20:08:46.450+00:00,True,e40yx52dkbjpcqazimno9yvh4k,[]
601ca750-e0ed-49f3-a66c-72671bb05c8f,,,,0,,,,,,,,,,2026-03-19T20:02:41.216+00:00,2026-03-19T20:08:46.450+00:00,True,e40yx52dkbjpcqazimno9yvh4k,[]
81b1a0f9-6e6b-4b61-848b-37b17c6dd720,,,,0,,,,,,,,,,2026-03-19T20:02:41.283+00:00,2026-03-19T20:08:46.450+00:00,True,e40yx52dkbjpcqazimno9yvh4k,[]
a3e1dfc5-a386-4dd0-ac77-948871e39dbf,,,,0,,,,,,,,,,2026-03-19T20:04:49.347+00:00,2026-03-19T20:08:46.450+00:00,True,e40yx52dkbjpcqazimno9yvh4k,[]
b40973a0-82c4-440a-8cc2-7f124aee96fd,,,,0,,,,,,,,,,2026-03-19T20:03:49.313+00:00,2026-03-19T20:08:46.450+00:00,True,e40yx52dkbjpcqazimno9yvh4k,[]
df0e73c1-8858-4b5d-a258-672f9498198f,,,,0,,,,,,,,,,2026-03-19T20:01:41.223+00:00,2026-03-19T20:08:46.450+00:00,True,e40yx52dkbjpcqazimno9yvh4k,[]
3728629d-ca0d-4c93-aa5b-8b441baa10a3,,,,0,,,,,,,,,,2026-03-19T20:07:41.440+00:00,2026-03-19T20:12:45.141+00:00,True,e40yx52dkbjpcqazimno9yvh4k,[]
d73675d3-2176-4594-be99-4528048478b5,,,,0,,,,,,,,,,2026-03-19T20:05:41.345+00:00,2026-03-19T20:12:45.141+00:00,True,e40yx52dkbjpcqazimno9yvh4k,[]
00755842-6b59-4dbe-82a3-e25ef44ea822,,,,0,,,,,,,,,,2026-03-19T20:17:41.832+00:00,2026-03-19T20:43:10.903+00:00,True,e40yx52dkbjpcqazimno9yvh4k,[]
0529296e-c166-40eb-8c46-7d87baa30d20,,,,0,,,,,,,,,,2026-03-19T20:35:42.456+00:00,2026-03-19T20:43:10.903+00:00,True,e40yx52dkbjpcqazimno9yvh4k,[]
0eba2bd4-8677-4162-a8ca-dd8b4bb9396e,,,,0,,,,,,,,,,2026-03-19T20:21:42.038+00:00,2026-03-19T20:43:10.903+00:00,True,e40yx52dkbjpcqazimno9yvh4k,[]
1342b811-449b-4d91-b6f2-dd4d58ccd2d0,,,,0,,,,,,,,,,2026-03-19T20:10:41.624+00:00,2026-03-19T20:43:10.903+00:00,True,e40yx52dkbjpcqazimno9yvh4k,[]
1481f0eb-a615-49ad-8bec-881354ac42bb,,,,0,,,,,,,,,,2026-03-19T20:33:42.432+00:00,2026-03-19T20:43:10.903+00:00,True,e40yx52dkbjpcqazimno9yvh4k,[]
2bfdf85c-b6d7-46fb-9c3c-35a533d6c916,,,,0,,,,,,,,,,2026-03-19T20:16:41.772+00:00,2026-03-19T20:43:10.903+00:00,True,e40yx52dkbjpcqazimno9yvh4k,[]
2e378f8f-d984-4f74-b695-1cf73ee4d98b,,,,0,,,,,,,,,,2026-03-19T20:26:42.179+00:00,2026-03-19T20:43:10.903+00:00,True,e40yx52dkbjpcqazimno9yvh4k,[]
32e915fe-91cc-461c-99f4-9e7d51360a44,,,,0,,,,,,,,,,2026-03-19T20:13:41.756+00:00,2026-03-19T20:43:10.903+00:00,True,e40yx52dkbjpcqazimno9yvh4k,[]
3693304d-ca73-4abb-b8e9-7b3b17de8339,,,,0,,,,,,,,,,2026-03-19T20:11:41.619+00:00,2026-03-19T20:43:10.903+00:00,True,e40yx52dkbjpcqazimno9yvh4k,[]
38709a9a-68b0-4652-9d12-d45f38c96f69,,,,0,,,,,,,,,,2026-03-19T20:17:41.817+00:00,2026-03-19T20:43:10.903+00:00,True,e40yx52dkbjpcqazimno9yvh4k,[]
4e18745a-becc-4bff-baba-761c401309c4,,,,0,,,,,,,,,,2026-03-19T20:32:42.368+00:00,2026-03-19T20:43:10.903+00:00,True,e40yx52dkbjpcqazimno9yvh4k,[]
509923f7-b1fb-46e2-9779-903628137f4c,,,,0,,,,,,,,,,2026-03-19T20:21:49.556+00:00,2026-03-19T20:43:10.903+00:00,True,e40yx52dkbjpcqazimno9yvh4k,[]
6285217e-3178-43f2-a9ae-30d0dcf7829b,,,,0,,,,,,,,,,2026-03-19T20:22:42.022+00:00,2026-03-19T20:43:10.903+00:00,True,e40yx52dkbjpcqazimno9yvh4k,[]
64a9707f-4ec6-4018-a098-b6fb0632783d,,,,0,,,,,,,,,,2026-03-19T20:21:49.561+00:00,2026-03-19T20:43:10.903+00:00,True,e40yx52dkbjpcqazimno9yvh4k,[]
671afe73-a870-4b2d-b266-1e96438b3b10,,,,0,,,,,,,,,,2026-03-19T20:13:41.758+00:00,2026-03-19T20:43:10.903+00:00,True,e40yx52dkbjpcqazimno9yvh4k,[]
6d2be262-eb9f-42c4-963e-b083d3c44e38,,,,0,,,,,,,,,,2026-03-19T20:15:41.809+00:00,2026-03-19T20:43:10.903+00:00,True,e40yx52dkbjpcqazimno9yvh4k,[]
76f19b9e-8f1e-4587-93fe-8ce9bf2dbb29,,,,0,,,,,,,,,,2026-03-19T20:19:49.537+00:00,2026-03-19T20:43:10.903+00:00,True,e40yx52dkbjpcqazimno9yvh4k,[]
8520d85b-14ee-4519-95a0-2941839014fc,,,,0,,,,,,,,,,2026-03-19T20:33:42.471+00:00,2026-03-19T20:43:10.903+00:00,True,e40yx52dkbjpcqazimno9yvh4k,[]
91eb2476-be12-4041-b130-e6fe416699ca,,,,0,,,,,,,,,,2026-03-19T20:26:42.232+00:00,2026-03-19T20:43:10.903+00:00,True,e40yx52dkbjpcqazimno9yvh4k,[]
9a2a8e4b-4b96-4b8a-a9d3-b2e0b02eecd4,,,,0,,,,,,,,,,2026-03-19T20:33:42.465+00:00,2026-03-19T20:43:10.903+00:00,True,e40yx52dkbjpcqazimno9yvh4k,[]
a8b81cee-aaeb-49bd-b7a4-1a2aeb954586,,,,0,,,,,,,,,,2026-03-19T20:21:49.551+00:00,2026-03-19T20:43:10.903+00:00,True,e40yx52dkbjpcqazimno9yvh4k,[]
b024a8ea-7533-4149-b519-eef7afd5ce72,,,,0,,,,,,,,,,2026-03-19T20:15:41.770+00:00,2026-03-19T20:43:10.903+00:00,True,e40yx52dkbjpcqazimno9yvh4k,[]
c555af46-4ad1-458d-8348-6771be0a186d,,,,0,,,,,,,,,,2026-03-19T20:26:42.229+00:00,2026-03-19T20:43:10.903+00:00,True,e40yx52dkbjpcqazimno9yvh4k,[]
c926380a-b53d-4027-a97c-204100689f63,,,,0,,,,,,,,,,2026-03-19T20:17:41.824+00:00,2026-03-19T20:43:10.903+00:00,True,e40yx52dkbjpcqazimno9yvh4k,[]
d75d3dc0-4630-4a8e-8dea-46bd8cff5904,,,,0,,,,,,,,,,2026-03-19T20:15:41.814+00:00,2026-03-19T20:43:10.903+00:00,True,e40yx52dkbjpcqazimno9yvh4k,[]
f8fdaf4f-badc-4be5-833b-4cc112566a40,,,,0,,,,,,,,,,2026-03-19T20:22:42.035+00:00,2026-03-19T20:43:10.903+00:00,True,e40yx52dkbjpcqazimno9yvh4k,[]
fca728b9-4991-4640-9e10-37c21cd71126,,,,0,,,,,,,,,,2026-03-19T20:20:41.978+00:00,2026-03-19T20:43:10.903+00:00,True,e40yx52dkbjpcqazimno9yvh4k,[]
fcbe4e40-edaa-4891-8ffe-f06745fe81c3,,,,0,,,,,,,,,,2026-03-19T20:22:42.037+00:00,2026-03-19T20:43:10.903+00:00,True,e40yx52dkbjpcqazimno9yvh4k,[]
e60f5c8e-5442-4b80-a02f-10d5833ed05d,,,,0,,,,,,,,,,2026-03-19T20:41:43.793+00:00,2026-03-19T20:45:23.438+00:00,True,e40yx52dkbjpcqazimno9yvh4k,[]
52bd6858-130f-4cff-83e2-cd51d7a6ff9c,,,,0,,,,,,,,,,2026-03-19T20:45:43.920+00:00,2026-03-19T20:49:13.981+00:00,True,e40yx52dkbjpcqazimno9yvh4k,[]
5536c5f4-8ff6-4719-9ced-3b8711a806e6,,,,0,,,,,,,,,,2026-03-19T20:42:43.817+00:00,2026-03-19T20:49:13.981+00:00,True,e40yx52dkbjpcqazimno9yvh4k,[]
cbedb099-c2c7-4f48-be67-2abc4be6da13,,,,0,,,,,,,,,,2026-03-19T20:43:43.812+00:00,2026-03-19T20:49:13.981+00:00,True,e40yx52dkbjpcqazimno9yvh4k,[]
47e59160-a87f-4fff-a4b1-05ccda59cbe8,,,,0,,,,,,,,,,2026-03-19T20:48:44.013+00:00,2026-03-19T20:53:01.047+00:00,True,e40yx52dkbjpcqazimno9yvh4k,[]
5d798af5-37e0-48dd-be40-f7296f129223,,,,0,,,,,,,,,,2026-03-19T20:51:44.162+00:00,2026-03-19T20:55:52.476+00:00,True,e40yx52dkbjpcqazimno9yvh4k,[]
b317bd0c-6602-4a8e-8db6-54c1381fcfac,,,,0,,,,,,,,,,2026-03-19T20:52:44.270+00:00,2026-03-19T20:55:52.476+00:00,True,e40yx52dkbjpcqazimno9yvh4k,[]
fe41e962-82fe-4d66-a983-9ddd38b29feb,,,,0,,,,,,,,,,2026-03-19T20:52:44.274+00:00,2026-03-19T20:55:52.476+00:00,True,e40yx52dkbjpcqazimno9yvh4k,[]
88bfef28-d007-4b11-a657-a92610a12d9e,,,,0,,,,,,,,,,2026-03-19T20:55:44.349+00:00,2026-03-19T20:58:04.723+00:00,True,e40yx52dkbjpcqazimno9yvh4k,[]
a700e2eb-8e31-48db-b352-e856bbedbce0,,,,0,,,,,,,,,,2026-03-19T20:55:44.354+00:00,2026-03-19T20:58:04.723+00:00,True,e40yx52dkbjpcqazimno9yvh4k,[]
a8400ee3-cac8-48ce-96a1-2a5197fd79a8,,,,0,,,,,,,,,,2026-03-19T20:53:44.207+00:00,2026-03-19T20:58:04.723+00:00,True,e40yx52dkbjpcqazimno9yvh4k,[]
060b10c2-537d-4003-980e-26f557fc72a6,,,,0,,,,,,,,,,2026-03-19T22:02:46.868+00:00,2026-03-19T22:08:47.984+00:00,True,e40yx52dkbjpcqazimno9yvh4k,[]
07c48f14-a772-49cc-8921-f556ca31a108,,,,0,,,,,,,,,,2026-03-19T21:59:46.755+00:00,2026-03-19T22:08:47.984+00:00,True,e40yx52dkbjpcqazimno9yvh4k,[]
0ce1c97b-8be3-42b8-95b8-6748d1ce43c3,,,,0,,,,,,,,,,2026-03-19T22:00:50.430+00:00,2026-03-19T22:08:47.984+00:00,True,e40yx52dkbjpcqazimno9yvh4k,[]
27e39531-838b-470a-80d9-4bcdb46aec5b,,,,0,,,,,,,,,,2026-03-19T21:59:46.741+00:00,2026-03-19T22:08:47.984+00:00,True,e40yx52dkbjpcqazimno9yvh4k,[]
8c1e5980-f22c-4c87-b96e-ddcf277b146f,,,,0,,,,,,,,,,2026-03-19T22:00:46.760+00:00,2026-03-19T22:08:47.984+00:00,True,e40yx52dkbjpcqazimno9yvh4k,[]
ebc5e7c4-1cd1-4e6a-95ed-ea00d88a0618,,,,0,,,,,,,,,,2026-03-19T21:59:46.746+00:00,2026-03-19T22:08:47.984+00:00,True,e40yx52dkbjpcqazimno9yvh4k,[]
f0015fa7-17a4-418c-9675-fad4babad325,,,,0,,,,,,,,,,2026-03-19T21:59:46.751+00:00,2026-03-19T22:08:47.984+00:00,True,e40yx52dkbjpcqazimno9yvh4k,[]
040c3864-0327-436f-b22b-e901230f4b30,,,,0,,,,,,,,,,2026-03-19T22:04:47.223+00:00,2026-03-19T22:12:37.326+00:00,True,e40yx52dkbjpcqazimno9yvh4k,[]
0c32a7a7-b3be-41d1-a096-d20d91b8e0b7,,,,0,,,,,,,,,,2026-03-19T22:04:47.336+00:00,2026-03-19T22:12:37.326+00:00,True,e40yx52dkbjpcqazimno9yvh4k,[]
123dade9-65b3-4a71-b337-57f97828f27f,,,,0,,,,,,,,,,2026-03-19T22:02:48.783+00:00,2026-03-19T22:12:37.326+00:00,True,e40yx52dkbjpcqazimno9yvh4k,[]
16a4f275-e6c4-43e9-9dbe-9e6246ea274c,,,,0,,,,,,,,,,2026-03-19T22:04:47.242+00:00,2026-03-19T22:12:37.326+00:00,True,e40yx52dkbjpcqazimno9yvh4k,[]
1aa65d9e-65e9-403c-b502-4c532f82cf54,,,,0,,,,,,,,,,2026-03-19T22:04:47.217+00:00,2026-03-19T22:12:37.326+00:00,True,e40yx52dkbjpcqazimno9yvh4k,[]
2444e7d5-dde2-442d-a43e-776d5414fb80,,,,0,,,,,,,,,,2026-03-19T22:03:47.533+00:00,2026-03-19T22:12:37.326+00:00,True,e40yx52dkbjpcqazimno9yvh4k,[]
2e6f41e4-637a-4bae-9cd6-9500d6e62a4a,,,,0,,,,,,,,,,2026-03-19T22:04:47.341+00:00,2026-03-19T22:12:37.326+00:00,True,e40yx52dkbjpcqazimno9yvh4k,[]
45efadd9-a1a5-4576-844f-0d4f9c54b410,,,,0,,,,,,,,,,2026-03-19T22:03:47.395+00:00,2026-03-19T22:12:37.326+00:00,True,e40yx52dkbjpcqazimno9yvh4k,[]
4717a2c8-2ad4-42e5-9065-4eab9aca141a,,,,0,,,,,,,,,,2026-03-19T22:04:47.210+00:00,2026-03-19T22:12:37.326+00:00,True,e40yx52dkbjpcqazimno9yvh4k,[]
5fbda13a-84c4-4e45-91ad-d7deb9de38c3,,,,0,,,,,,,,,,2026-03-19T22:04:47.228+00:00,2026-03-19T22:12:37.326+00:00,True,e40yx52dkbjpcqazimno9yvh4k,[]
63a47d3b-ab42-4603-980f-7000586f0625,,,,0,,,,,,,,,,2026-03-19T22:02:48.700+00:00,2026-03-19T22:12:37.326+00:00,True,e40yx52dkbjpcqazimno9yvh4k,[]
6a8b2ec5-a6b0-4e73-be71-1b06d394a1bc,,,,0,,,,,,,,,,2026-03-19T22:02:48.708+00:00,2026-03-19T22:12:37.326+00:00,True,e40yx52dkbjpcqazimno9yvh4k,[]
6e783bb9-d2f3-4783-8c9b-cf2d2e9a7559,,,,0,,,,,,,,,,2026-03-19T22:03:47.381+00:00,2026-03-19T22:12:37.326+00:00,True,e40yx52dkbjpcqazimno9yvh4k,[]
6eceb55a-46de-43da-91de-86505fc1bc8d,,,,0,,,,,,,,,,2026-03-19T22:03:47.386+00:00,2026-03-19T22:12:37.326+00:00,True,e40yx52dkbjpcqazimno9yvh4k,[]
773654f5-2e2b-457d-bd17-17a69a318816,,,,0,,,,,,,,,,2026-03-19T22:04:47.232+00:00,2026-03-19T22:12:37.326+00:00,True,e40yx52dkbjpcqazimno9yvh4k,[]
8274516d-f4a2-48ee-b89d-ab4ee367c383,,,,0,,,,,,,,,,2026-03-19T22:02:48.778+00:00,2026-03-19T22:12:37.326+00:00,True,e40yx52dkbjpcqazimno9yvh4k,[]
8fd68c50-9e27-45cf-8676-f83afcab3093,,,,0,,,,,,,,,,2026-03-19T22:04:47.237+00:00,2026-03-19T22:12:37.326+00:00,True,e40yx52dkbjpcqazimno9yvh4k,[]
d1a9528b-4846-4aab-a2eb-7a64d4456328,,,,0,,,,,,,,,,2026-03-19T22:03:47.538+00:00,2026-03-19T22:12:37.326+00:00,True,e40yx52dkbjpcqazimno9yvh4k,[]
d506b5ca-dd7d-4b22-9c33-70fc8a2458cb,,,,0,,,,,,,,,,2026-03-19T22:04:47.198+00:00,2026-03-19T22:12:37.326+00:00,True,e40yx52dkbjpcqazimno9yvh4k,[]
046f36d5-37f0-4fe2-bb6b-75d508cf03e3,,,,0,,,,,,,,,,2026-03-19T21:06:46.168+00:00,2026-03-19T21:10:43.849+00:00,True,e40yx52dkbjpcqazimno9yvh4k,[]
366d7402-8d44-4ffb-813d-236c70234582,,,,0,,,,,,,,,,2026-03-19T21:07:46.200+00:00,2026-03-19T21:10:43.849+00:00,True,e40yx52dkbjpcqazimno9yvh4k,[]
83c4bc08-670f-4773-8d38-239ac11c87ca,,,,0,,,,,,,,,,2026-03-19T21:07:46.207+00:00,2026-03-19T21:10:43.849+00:00,True,e40yx52dkbjpcqazimno9yvh4k,[]
af5d2a5e-24d6-45fc-a238-acbcf06f23f2,,,,0,,,,,,,,,,2026-03-19T21:06:46.165+00:00,2026-03-19T21:10:43.849+00:00,True,e40yx52dkbjpcqazimno9yvh4k,[]
1786e507-1367-4cf5-b7c9-e3ebfae3bdea,,,,0,,,,,,,,,,2026-03-19T22:06:48.261+00:00,2026-03-19T22:17:18.120+00:00,True,e40yx52dkbjpcqazimno9yvh4k,[]
1bec4386-17b3-40e6-8464-800241b3ae69,,,,0,,,,,,,,,,2026-03-19T22:07:47.769+00:00,2026-03-19T22:17:18.120+00:00,True,e40yx52dkbjpcqazimno9yvh4k,[]
1e839d35-9e47-423a-8275-b003e00950a3,,,,0,,,,,,,,,,2026-03-19T22:07:47.791+00:00,2026-03-19T22:17:18.120+00:00,True,e40yx52dkbjpcqazimno9yvh4k,[]
3e7344b1-4970-47c4-9a62-e7a9621bf4de,,,,0,,,,,,,,,,2026-03-19T22:07:48.359+00:00,2026-03-19T22:17:18.120+00:00,True,e40yx52dkbjpcqazimno9yvh4k,[]
4427e225-a086-4232-8ce8-84f17819e200,,,,0,,,,,,,,,,2026-03-19T22:07:47.759+00:00,2026-03-19T22:17:18.120+00:00,True,e40yx52dkbjpcqazimno9yvh4k,[]
578a18f8-61f0-4d55-bfee-908fd485d878,,,,0,,,,,,,,,,2026-03-19T22:07:47.780+00:00,2026-03-19T22:17:18.120+00:00,True,e40yx52dkbjpcqazimno9yvh4k,[]
82761210-6fe7-4ba2-b338-e2227b43c4a0,,,,0,,,,,,,,,,2026-03-19T22:07:48.352+00:00,2026-03-19T22:17:18.120+00:00,True,e40yx52dkbjpcqazimno9yvh4k,[]
c6f0edb8-fec8-47ad-9096-592938e5a9f2,,,,0,,,,,,,,,,2026-03-19T22:07:48.364+00:00,2026-03-19T22:17:18.120+00:00,True,e40yx52dkbjpcqazimno9yvh4k,[]
cee3eba7-2dea-451f-b28d-30f8e51f0f2c,,,,0,,,,,,,,,,2026-03-19T22:08:47.842+00:00,2026-03-19T22:17:18.120+00:00,True,e40yx52dkbjpcqazimno9yvh4k,[]
cf99e27b-7796-4400-9fbf-74c01466769e,,,,0,,,,,,,,,,2026-03-19T22:07:47.786+00:00,2026-03-19T22:17:18.120+00:00,True,e40yx52dkbjpcqazimno9yvh4k,[]
d8b8af26-aa2a-4ae7-bad6-5b0c50cd7ad9,,,,0,,,,,,,,,,2026-03-19T22:07:47.775+00:00,2026-03-19T22:17:18.120+00:00,True,e40yx52dkbjpcqazimno9yvh4k,[]
0c8b62f4-abcc-48fb-b9dc-2a969d178051,,,,0,,,,,,,,,,2026-03-19T22:12:49.745+00:00,2026-03-19T22:21:28.940+00:00,True,e40yx52dkbjpcqazimno9yvh4k,[]
1201a6eb-2662-4e27-b289-1002e44195e3,,,,0,,,,,,,,,,2026-03-19T22:12:49.634+00:00,2026-03-19T22:21:28.940+00:00,True,e40yx52dkbjpcqazimno9yvh4k,[]
1642cda3-3336-4fe9-8acf-0ceb177b040e,,,,0,,,,,,,,,,2026-03-19T22:12:49.942+00:00,2026-03-19T22:21:28.940+00:00,True,e40yx52dkbjpcqazimno9yvh4k,[]
18b2c21e-7299-4488-bbbd-59c89616d426,,,,0,,,,,,,,,,2026-03-19T22:12:49.775+00:00,2026-03-19T22:21:28.940+00:00,True,e40yx52dkbjpcqazimno9yvh4k,[]
1b666a18-bb66-464a-8c16-d2be3de32c01,,,,0,,,,,,,,,,2026-03-19T22:12:49.657+00:00,2026-03-19T22:21:28.940+00:00,True,e40yx52dkbjpcqazimno9yvh4k,[]
24fc370a-9985-4c5d-8e57-f2bb3d9f489e,,,,0,,,,,,,,,,2026-03-19T22:12:49.617+00:00,2026-03-19T22:21:28.940+00:00,True,e40yx52dkbjpcqazimno9yvh4k,[]
2763eb4f-726a-443a-a01e-f00bb1f82771,,,,0,,,,,,,,,,2026-03-19T22:10:48.617+00:00,2026-03-19T22:21:28.940+00:00,True,e40yx52dkbjpcqazimno9yvh4k,[]
2d03f573-3124-4412-b9a2-5c831f0a012d,,,,0,,,,,,,,,,2026-03-19T22:12:49.794+00:00,2026-03-19T22:21:28.940+00:00,True,e40yx52dkbjpcqazimno9yvh4k,[]
2d75c0af-9936-4d3f-a01e-7bb6376c5680,,,,0,,,,,,,,,,2026-03-19T22:16:49.748+00:00,2026-03-19T22:21:28.940+00:00,True,e40yx52dkbjpcqazimno9yvh4k,[]
3e930078-4604-4072-9407-c4d8caf6c9b8,,,,0,,,,,,,,,,2026-03-19T22:10:48.124+00:00,2026-03-19T22:21:28.940+00:00,True,e40yx52dkbjpcqazimno9yvh4k,[]
3eec561b-7ab5-46e0-90fc-0361f73af037,,,,0,,,,,,,,,,2026-03-19T22:12:49.892+00:00,2026-03-19T22:21:28.940+00:00,True,e40yx52dkbjpcqazimno9yvh4k,[]
44a97379-b359-4960-8af0-c73bd0d6368e,,,,0,,,,,,,,,,2026-03-19T22:16:49.743+00:00,2026-03-19T22:21:28.940+00:00,True,e40yx52dkbjpcqazimno9yvh4k,[]
4620a2cd-ff12-43d1-8032-8e5660790701,,,,0,,,,,,,,,,2026-03-19T22:10:48.118+00:00,2026-03-19T22:21:28.940+00:00,True,e40yx52dkbjpcqazimno9yvh4k,[]
463278b7-05c5-48d6-8837-f09b45f91f76,,,,0,,,,,,,,,,2026-03-19T22:15:49.171+00:00,2026-03-19T22:21:28.940+00:00,True,e40yx52dkbjpcqazimno9yvh4k,[]
499e764b-22f1-4b04-a482-11eda74abad0,,,,0,,,,,,,,,,2026-03-19T22:10:48.130+00:00,2026-03-19T22:21:28.940+00:00,True,e40yx52dkbjpcqazimno9yvh4k,[]
510f2543-33ba-4a70-b770-1cfe24061904,,,,0,,,,,,,,,,2026-03-19T22:15:49.171+00:00,2026-03-19T22:21:28.940+00:00,True,e40yx52dkbjpcqazimno9yvh4k,[]
5327bad2-7312-4e42-a559-bed578b10bd0,,,,0,,,,,,,,,,2026-03-19T22:12:49.945+00:00,2026-03-19T22:21:28.940+00:00,True,e40yx52dkbjpcqazimno9yvh4k,[]
59812329-7f23-46b1-8914-6e7303488b36,,,,0,,,,,,,,,,2026-03-19T22:10:49.013+00:00,2026-03-19T22:21:28.940+00:00,True,e40yx52dkbjpcqazimno9yvh4k,[]
760cdb3c-80c1-438d-8d1c-ff49fbe0df5e,,,,0,,,,,,,,,,2026-03-19T22:16:49.675+00:00,2026-03-19T22:21:28.940+00:00,True,e40yx52dkbjpcqazimno9yvh4k,[]
7a22f2ab-0593-435c-8ac7-777f9cb34940,,,,0,,,,,,,,,,2026-03-19T22:12:49.933+00:00,2026-03-19T22:21:28.940+00:00,True,e40yx52dkbjpcqazimno9yvh4k,[]
7aa99bb8-36a2-48bc-b805-526beb4a7abf,,,,0,,,,,,,,,,2026-03-19T22:10:49.158+00:00,2026-03-19T22:21:28.940+00:00,True,e40yx52dkbjpcqazimno9yvh4k,[]
7c2d89de-4e9e-4910-b6cd-78553e617a1f,,,,0,,,,,,,,,,2026-03-19T22:12:49.792+00:00,2026-03-19T22:21:28.940+00:00,True,e40yx52dkbjpcqazimno9yvh4k,[]
7f260648-3e52-4325-9671-7062989bd752,,,,0,,,,,,,,,,2026-03-19T22:12:49.774+00:00,2026-03-19T22:21:28.940+00:00,True,e40yx52dkbjpcqazimno9yvh4k,[]
86dcf0f2-58fb-4c95-b649-80acdd6b8d9e,,,,0,,,,,,,,,,2026-03-19T22:10:48.612+00:00,2026-03-19T22:21:28.940+00:00,True,e40yx52dkbjpcqazimno9yvh4k,[]
88fc39f6-bb18-4808-af39-bc21dbba0bdd,,,,0,,,,,,,,,,2026-03-19T22:18:50.756+00:00,2026-03-19T22:21:28.940+00:00,True,e40yx52dkbjpcqazimno9yvh4k,[]
8c1c7826-978b-4513-a013-efeeb991113f,,,,0,,,,,,,,,,2026-03-19T22:12:49.705+00:00,2026-03-19T22:21:28.940+00:00,True,e40yx52dkbjpcqazimno9yvh4k,[]
8d3788cc-ed89-4bd5-ab78-64959946f678,,,,0,,,,,,,,,,2026-03-19T22:10:48.126+00:00,2026-03-19T22:21:28.940+00:00,True,e40yx52dkbjpcqazimno9yvh4k,[]
8f283d97-95fb-4db7-a899-897acbdbc866,,,,0,,,,,,,,,,2026-03-19T22:15:49.177+00:00,2026-03-19T22:21:28.940+00:00,True,e40yx52dkbjpcqazimno9yvh4k,[]
9293e9ed-4a59-4c8f-a344-b053f39e059a,,,,0,,,,,,,,,,2026-03-19T22:12:49.754+00:00,2026-03-19T22:21:28.940+00:00,True,e40yx52dkbjpcqazimno9yvh4k,[]
9a2746df-2c26-4ea1-a9a6-6df374c0c39b,,,,0,,,,,,,,,,2026-03-19T22:12:49.879+00:00,2026-03-19T22:21:28.940+00:00,True,e40yx52dkbjpcqazimno9yvh4k,[]
9cd091ed-d8b0-4dea-989f-58052da8a69e,,,,0,,,,,,,,,,2026-03-19T22:12:49.611+00:00,2026-03-19T22:21:28.940+00:00,True,e40yx52dkbjpcqazimno9yvh4k,[]
a38f3136-f7d5-4fee-89f0-1fe14ef72179,,,,0,,,,,,,,,,2026-03-19T22:12:49.626+00:00,2026-03-19T22:21:28.940+00:00,True,e40yx52dkbjpcqazimno9yvh4k,[]
a7abb2bb-e575-4f63-899f-b04d50aeca0b,,,,0,,,,,,,,,,2026-03-19T22:15:49.150+00:00,2026-03-19T22:21:28.940+00:00,True,e40yx52dkbjpcqazimno9yvh4k,[]
aa2e319a-d925-4dd4-bd2d-e36c278c1ca9,,,,0,,,,,,,,,,2026-03-19T22:12:49.860+00:00,2026-03-19T22:21:28.940+00:00,True,e40yx52dkbjpcqazimno9yvh4k,[]
ac4f4c88-6c93-4e3f-b08c-b676851d03ba,,,,0,,,,,,,,,,2026-03-19T22:18:49.544+00:00,2026-03-19T22:21:28.940+00:00,True,e40yx52dkbjpcqazimno9yvh4k,[]
b393a9e6-e7f2-4522-be37-59eb75859c8d,,,,0,,,,,,,,,,2026-03-19T22:12:49.758+00:00,2026-03-19T22:21:28.940+00:00,True,e40yx52dkbjpcqazimno9yvh4k,[]
c64b6e00-3b11-4c09-8332-4739fd1af120,,,,0,,,,,,,,,,2026-03-19T22:12:49.871+00:00,2026-03-19T22:21:28.940+00:00,True,e40yx52dkbjpcqazimno9yvh4k,[]
d14c5a15-7dc1-49d6-9978-23906a870c2e,,,,0,,,,,,,,,,2026-03-19T22:12:49.750+00:00,2026-03-19T22:21:28.940+00:00,True,e40yx52dkbjpcqazimno9yvh4k,[]
d1e586c8-86be-43cf-9c6e-bc09fb1dd228,,,,0,,,,,,,,,,2026-03-19T22:13:48.877+00:00,2026-03-19T22:21:28.940+00:00,True,e40yx52dkbjpcqazimno9yvh4k,[]
e6ed8821-5941-42a5-b600-7e5f83ce81bd,,,,0,,,,,,,,,,2026-03-19T22:15:49.177+00:00,2026-03-19T22:21:28.940+00:00,True,e40yx52dkbjpcqazimno9yvh4k,[]
ec2d776a-8770-4010-9879-6c03ef5a1d79,,,,0,,,,,,,,,,2026-03-19T22:12:49.887+00:00,2026-03-19T22:21:28.940+00:00,True,e40yx52dkbjpcqazimno9yvh4k,[]
ef476c58-6ce9-496f-9d8d-8e113b180ee1,,,,0,,,,,,,,,,2026-03-19T22:12:49.784+00:00,2026-03-19T22:21:28.940+00:00,True,e40yx52dkbjpcqazimno9yvh4k,[]
079bf35b-4edd-4c5b-9af4-99c3159f94d4,,,,0,,,,,,,,,,2026-03-19T22:22:51.349+00:00,2026-03-19T22:28:12.283+00:00,True,e40yx52dkbjpcqazimno9yvh4k,[]
0c838c1d-835d-4d6a-afe8-920d381df032,,,,0,,,,,,,,,,2026-03-19T22:24:50.560+00:00,2026-03-19T22:28:12.283+00:00,True,e40yx52dkbjpcqazimno9yvh4k,[]
0cf95e76-44a5-4fba-ae2d-d489b31763be,,,,0,,,,,,,,,,2026-03-19T22:22:51.365+00:00,2026-03-19T22:28:12.283+00:00,True,e40yx52dkbjpcqazimno9yvh4k,[]
18e38967-0ba5-4d83-b5ab-01d8cd2b6f88,,,,0,,,,,,,,,,2026-03-19T22:22:51.351+00:00,2026-03-19T22:28:12.283+00:00,True,e40yx52dkbjpcqazimno9yvh4k,[]
1e6943bc-1d4f-4cd7-a5f3-6308d46b1d32,,,,0,,,,,,,,,,2026-03-19T22:22:51.352+00:00,2026-03-19T22:28:12.283+00:00,True,e40yx52dkbjpcqazimno9yvh4k,[]
32b5ad53-861f-430c-940d-4316c76da2cc,,,,0,,,,,,,,,,2026-03-19T22:24:51.315+00:00,2026-03-19T22:28:12.283+00:00,True,e40yx52dkbjpcqazimno9yvh4k,[]
35cb1bc5-9d7d-4d90-9cbe-14976faa6c90,,,,0,,,,,,,,,,2026-03-19T22:22:51.359+00:00,2026-03-19T22:28:12.283+00:00,True,e40yx52dkbjpcqazimno9yvh4k,[]
35f2ed3c-bb77-4689-8497-82a1fdf1032e,,,,0,,,,,,,,,,2026-03-19T22:23:50.525+00:00,2026-03-19T22:28:12.283+00:00,True,e40yx52dkbjpcqazimno9yvh4k,[]
3f9d6d88-803f-44a7-a7cd-8471de92f486,,,,0,,,,,,,,,,2026-03-19T22:22:51.354+00:00,2026-03-19T22:28:12.283+00:00,True,e40yx52dkbjpcqazimno9yvh4k,[]
45eddbac-4aa8-42f0-9cf5-4a9335d6c5e9,,,,0,,,,,,,,,,2026-03-19T22:23:50.511+00:00,2026-03-19T22:28:12.283+00:00,True,e40yx52dkbjpcqazimno9yvh4k,[]
47f4ef9f-6051-4f9f-9bad-1f71ebc4a8a6,,,,0,,,,,,,,,,2026-03-19T22:22:51.346+00:00,2026-03-19T22:28:12.283+00:00,True,e40yx52dkbjpcqazimno9yvh4k,[]
4cd1cca1-74f9-4793-acad-ddfb52b6dc32,,,,0,,,,,,,,,,2026-03-19T22:22:51.344+00:00,2026-03-19T22:28:12.283+00:00,True,e40yx52dkbjpcqazimno9yvh4k,[]
4f5d8658-1687-4f8f-808a-2ac433a2c509,,,,0,,,,,,,,,,2026-03-19T22:23:50.504+00:00,2026-03-19T22:28:12.283+00:00,True,e40yx52dkbjpcqazimno9yvh4k,[]
52616d1e-142b-4c55-9c0f-8f3655a558b1,,,,0,,,,,,,,,,2026-03-19T22:22:51.344+00:00,2026-03-19T22:28:12.283+00:00,True,e40yx52dkbjpcqazimno9yvh4k,[]
53ecc16e-b787-43e8-986e-9c1f936456eb,,,,0,,,,,,,,,,2026-03-19T22:22:51.361+00:00,2026-03-19T22:28:12.283+00:00,True,e40yx52dkbjpcqazimno9yvh4k,[]
5403096f-15a5-4237-a3ac-fc67ef956f73,,,,0,,,,,,,,,,2026-03-19T22:22:51.363+00:00,2026-03-19T22:28:12.283+00:00,True,e40yx52dkbjpcqazimno9yvh4k,[]
617d4f8f-89ec-4852-bdc7-6bbb9ca3069a,,,,0,,,,,,,,,,2026-03-19T22:22:51.345+00:00,2026-03-19T22:28:12.283+00:00,True,e40yx52dkbjpcqazimno9yvh4k,[]
78449b75-c513-4dcb-99fa-f72536dbc4ea,,,,0,,,,,,,,,,2026-03-19T22:22:51.364+00:00,2026-03-19T22:28:12.283+00:00,True,e40yx52dkbjpcqazimno9yvh4k,[]
797a1a35-6c13-4539-acfb-907f0e435ec9,,,,0,,,,,,,,,,2026-03-19T22:22:51.358+00:00,2026-03-19T22:28:12.283+00:00,True,e40yx52dkbjpcqazimno9yvh4k,[]
979d8ef7-60ea-4ac7-b641-5a0516d8f091,,,,0,,,,,,,,,,2026-03-19T22:23:50.525+00:00,2026-03-19T22:28:12.283+00:00,True,e40yx52dkbjpcqazimno9yvh4k,[]
a14c4152-f89d-4a94-bf80-a4d704442322,,,,0,,,,,,,,,,2026-03-19T22:22:51.359+00:00,2026-03-19T22:28:12.283+00:00,True,e40yx52dkbjpcqazimno9yvh4k,[]
a3734027-88de-4a9f-9bf1-f6185582a53a,,,,0,,,,,,,,,,2026-03-19T22:22:51.363+00:00,2026-03-19T22:28:12.283+00:00,True,e40yx52dkbjpcqazimno9yvh4k,[]
b0f68ca8-6724-4f28-8a51-9a228c76b4f9,,,,0,,,,,,,,,,2026-03-19T22:22:51.359+00:00,2026-03-19T22:28:12.283+00:00,True,e40yx52dkbjpcqazimno9yvh4k,[]
b2e5a0ac-438e-4eca-aab1-9ef782b644cc,,,,0,,,,,,,,,,2026-03-19T22:22:51.352+00:00,2026-03-19T22:28:12.283+00:00,True,e40yx52dkbjpcqazimno9yvh4k,[]
b2ff7b4b-873b-4c83-9444-108a370c10fd,,,,0,,,,,,,,,,2026-03-19T22:22:51.361+00:00,2026-03-19T22:28:12.283+00:00,True,e40yx52dkbjpcqazimno9yvh4k,[]
b9ccefca-201c-4c77-b606-8998e71ad3f5,,,,0,,,,,,,,,,2026-03-19T22:22:51.345+00:00,2026-03-19T22:28:12.283+00:00,True,e40yx52dkbjpcqazimno9yvh4k,[]
cdaf8593-06e4-4c60-a5e4-ab92399f1541,,,,0,,,,,,,,,,2026-03-19T22:22:51.356+00:00,2026-03-19T22:28:12.283+00:00,True,e40yx52dkbjpcqazimno9yvh4k,[]
df9c70ca-a79e-424b-9d3f-3e8bacadeffa,,,,0,,,,,,,,,,2026-03-19T22:22:51.349+00:00,2026-03-19T22:28:12.283+00:00,True,e40yx52dkbjpcqazimno9yvh4k,[]
e46fb34b-9667-4ca5-b2e1-c891bedb308d,,,,0,,,,,,,,,,2026-03-19T22:22:51.365+00:00,2026-03-19T22:28:12.283+00:00,True,e40yx52dkbjpcqazimno9yvh4k,[]
e9eaea93-9108-4b54-ac45-955d774ff34e,,,,0,,,,,,,,,,2026-03-19T22:23:50.529+00:00,2026-03-19T22:28:12.283+00:00,True,e40yx52dkbjpcqazimno9yvh4k,[]
ec90e1eb-1295-42f5-9aed-fb8dd07753e9,,,,0,,,,,,,,,,2026-03-19T22:23:50.521+00:00,2026-03-19T22:28:12.283+00:00,True,e40yx52dkbjpcqazimno9yvh4k,[]
fe1b2f86-180f-4eef-9499-08b0b7144f6b,,,,0,,,,,,,,,,2026-03-19T22:22:51.354+00:00,2026-03-19T22:28:12.283+00:00,True,e40yx52dkbjpcqazimno9yvh4k,[]
01d0a0be-c774-4a0f-903a-17ab04d64ac0,,,,0,,,,,,,,,,2026-03-19T22:21:50.214+00:00,2026-03-19T22:25:20.098+00:00,True,e40yx52dkbjpcqazimno9yvh4k,[]
0fcee623-e8e2-42b8-ba83-338ba47934f2,,,,0,,,,,,,,,,2026-03-19T22:19:51.353+00:00,2026-03-19T22:25:20.098+00:00,True,e40yx52dkbjpcqazimno9yvh4k,[]
127b4155-30f3-4bc7-b87c-52707c25509a,,,,0,,,,,,,,,,2026-03-19T22:19:50.653+00:00,2026-03-19T22:25:20.098+00:00,True,e40yx52dkbjpcqazimno9yvh4k,[]
1527132b-3097-4f4c-bc42-b39631bdf5de,,,,0,,,,,,,,,,2026-03-19T22:21:50.334+00:00,2026-03-19T22:25:20.098+00:00,True,e40yx52dkbjpcqazimno9yvh4k,[]
3d04f805-a0d7-4518-9308-09272a224b54,,,,0,,,,,,,,,,2026-03-19T22:19:51.348+00:00,2026-03-19T22:25:20.098+00:00,True,e40yx52dkbjpcqazimno9yvh4k,[]
529ccc1c-d4dc-42ed-be07-85f63dc929d0,,,,0,,,,,,,,,,2026-03-19T22:20:50.039+00:00,2026-03-19T22:25:20.098+00:00,True,e40yx52dkbjpcqazimno9yvh4k,[]
57ba44db-d3b0-479c-aa55-9570a7acffb0,,,,0,,,,,,,,,,2026-03-19T22:21:50.339+00:00,2026-03-19T22:25:20.098+00:00,True,e40yx52dkbjpcqazimno9yvh4k,[]
c88b33d1-bc3b-452f-8b8f-6fa1726667f7,,,,0,,,,,,,,,,2026-03-19T22:21:50.210+00:00,2026-03-19T22:25:20.098+00:00,True,e40yx52dkbjpcqazimno9yvh4k,[]
cab17af2-f164-4d2c-a7bd-9123074fe2c9,,,,0,,,,,,,,,,2026-03-19T22:19:50.648+00:00,2026-03-19T22:25:20.098+00:00,True,e40yx52dkbjpcqazimno9yvh4k,[]
e3f689f4-318b-46e2-9f0f-23388cfb674c,,,,0,,,,,,,,,,2026-03-19T22:21:50.203+00:00,2026-03-19T22:25:20.098+00:00,True,e40yx52dkbjpcqazimno9yvh4k,[]
ed5e4a24-dda2-4736-98af-73549e4294ab,,,,0,,,,,,,,,,2026-03-19T22:20:50.037+00:00,2026-03-19T22:25:20.098+00:00,True,e40yx52dkbjpcqazimno9yvh4k,[]
28bb4546-1b55-408a-90f0-93b90a031482,,,,0,,,,,,,,,,2026-03-19T22:25:50.818+00:00,2026-03-19T22:32:53.552+00:00,True,e40yx52dkbjpcqazimno9yvh4k,[]
4a8dcbff-432e-4e44-81cc-7504b22c2916,,,,0,,,,,,,,,,2026-03-19T22:28:50.989+00:00,2026-03-19T22:32:53.552+00:00,True,e40yx52dkbjpcqazimno9yvh4k,[]
6032824d-f911-4b58-9aae-ced8c7325dab,,,,0,,,,,,,,,,2026-03-19T22:28:52.893+00:00,2026-03-19T22:32:53.552+00:00,True,e40yx52dkbjpcqazimno9yvh4k,[]
63525416-157d-41ad-a11c-f8693f1f8884,,,,0,,,,,,,,,,2026-03-19T22:28:50.948+00:00,2026-03-19T22:32:53.552+00:00,True,e40yx52dkbjpcqazimno9yvh4k,[]
6ec4aeea-2c27-488b-8417-b30cc3458d6a,,,,0,,,,,,,,,,2026-03-19T22:25:50.959+00:00,2026-03-19T22:32:53.552+00:00,True,e40yx52dkbjpcqazimno9yvh4k,[]
8ef792ad-7725-4b9a-a086-72d20fa4675a,,,,0,,,,,,,,,,2026-03-19T22:28:52.765+00:00,2026-03-19T22:32:53.552+00:00,True,e40yx52dkbjpcqazimno9yvh4k,[]
ac653647-df04-4b71-b6c0-e84b93dda34d,,,,0,,,,,,,,,,2026-03-19T22:27:50.852+00:00,2026-03-19T22:32:53.552+00:00,True,e40yx52dkbjpcqazimno9yvh4k,[]
b52490cb-e264-4c73-a4be-e414a1a5b547,,,,0,,,,,,,,,,2026-03-19T22:27:51.040+00:00,2026-03-19T22:32:53.552+00:00,True,e40yx52dkbjpcqazimno9yvh4k,[]
d0ae953f-cc84-4b0c-b366-7d249c6be33c,,,,0,,,,,,,,,,2026-03-19T22:28:52.673+00:00,2026-03-19T22:32:53.552+00:00,True,e40yx52dkbjpcqazimno9yvh4k,[]
d839bb36-8184-45bc-8e53-425a3e5e196e,,,,0,,,,,,,,,,2026-03-19T22:25:50.858+00:00,2026-03-19T22:32:53.552+00:00,True,e40yx52dkbjpcqazimno9yvh4k,[]
da616fc6-3e83-4a6f-8f1a-2c5f8d821e63,,,,0,,,,,,,,,,2026-03-19T22:28:50.957+00:00,2026-03-19T22:32:53.552+00:00,True,e40yx52dkbjpcqazimno9yvh4k,[]
dcab7882-f1da-4fab-8a40-0b345cd1fac5,,,,0,,,,,,,,,,2026-03-19T22:27:50.868+00:00,2026-03-19T22:32:53.552+00:00,True,e40yx52dkbjpcqazimno9yvh4k,[]
e7b465a0-ec63-4690-bfba-fc4488c1c63e,,,,0,,,,,,,,,,2026-03-19T22:28:50.939+00:00,2026-03-19T22:32:53.552+00:00,True,e40yx52dkbjpcqazimno9yvh4k,[]
ec800c8b-07f3-415c-9478-f37648307e78,,,,0,,,,,,,,,,2026-03-19T22:28:50.959+00:00,2026-03-19T22:32:53.552+00:00,True,e40yx52dkbjpcqazimno9yvh4k,[]
eeb555f9-2022-42c2-863e-3a1468d3502b,,,,0,,,,,,,,,,2026-03-19T22:28:52.642+00:00,2026-03-19T22:32:53.552+00:00,True,e40yx52dkbjpcqazimno9yvh4k,[]
f57fa982-d340-4224-a68b-a9d9051f6af9,,,,0,,,,,,,,,,2026-03-19T22:28:52.620+00:00,2026-03-19T22:32:53.552+00:00,True,e40yx52dkbjpcqazimno9yvh4k,[]
f5e900db-18ff-43db-a60f-64876dc44d23,,,,0,,,,,,,,,,2026-03-19T22:28:50.979+00:00,2026-03-19T22:32:53.552+00:00,True,e40yx52dkbjpcqazimno9yvh4k,[]
fe441c7f-30d1-4259-8b60-fd3a0e917afc,,,,0,,,,,,,,,,2026-03-19T22:27:51.234+00:00,2026-03-19T22:32:53.552+00:00,True,e40yx52dkbjpcqazimno9yvh4k,[]
16793904-d2e2-4e27-a0d5-b4fd3afbc16b,,,,0,,,,,,,,,,2026-03-19T22:31:51.277+00:00,2026-03-19T22:36:52.598+00:00,True,e40yx52dkbjpcqazimno9yvh4k,[]
186ad1a2-309a-4f19-a59a-248c19c02ffd,,,,0,,,,,,,,,,2026-03-19T22:31:51.258+00:00,2026-03-19T22:36:52.598+00:00,True,e40yx52dkbjpcqazimno9yvh4k,[]
1bb3e5d5-7de2-44a6-af6d-fd807aae07f4,,,,0,,,,,,,,,,2026-03-19T22:32:55.232+00:00,2026-03-19T22:36:52.598+00:00,True,e40yx52dkbjpcqazimno9yvh4k,[]
1fc3dfdc-1bf3-4e12-baef-19f6e4bb49a7,,,,0,,,,,,,,,,2026-03-19T22:31:51.269+00:00,2026-03-19T22:36:52.598+00:00,True,e40yx52dkbjpcqazimno9yvh4k,[]
2605999e-5e60-4897-b45e-3725587b721e,,,,0,,,,,,,,,,2026-03-19T22:31:51.237+00:00,2026-03-19T22:36:52.598+00:00,True,e40yx52dkbjpcqazimno9yvh4k,[]
273c25d2-45a0-4e8d-9c9a-0b3ddf293310,,,,0,,,,,,,,,,2026-03-19T22:29:51.026+00:00,2026-03-19T22:36:52.598+00:00,True,e40yx52dkbjpcqazimno9yvh4k,[]
29b53148-83a0-4375-97f9-eae7aab56e03,,,,0,,,,,,,,,,2026-03-19T22:31:51.241+00:00,2026-03-19T22:36:52.598+00:00,True,e40yx52dkbjpcqazimno9yvh4k,[]
2cc7e860-d11b-4e82-bd34-6f0a7608d9a6,,,,0,,,,,,,,,,2026-03-19T22:31:51.250+00:00,2026-03-19T22:36:52.598+00:00,True,e40yx52dkbjpcqazimno9yvh4k,[]
2cf6374a-1a4a-4d2e-baeb-81a0479a599c,,,,0,,,,,,,,,,2026-03-19T22:31:51.243+00:00,2026-03-19T22:36:52.598+00:00,True,e40yx52dkbjpcqazimno9yvh4k,[]
383420dd-f551-42f8-877a-308e3fd14466,,,,0,,,,,,,,,,2026-03-19T22:31:51.182+00:00,2026-03-19T22:36:52.598+00:00,True,e40yx52dkbjpcqazimno9yvh4k,[]
43a0a1cd-d27c-41d0-893b-e40776e7eaa1,,,,0,,,,,,,,,,2026-03-19T22:31:51.188+00:00,2026-03-19T22:36:52.598+00:00,True,e40yx52dkbjpcqazimno9yvh4k,[]
559e717e-4d17-4d93-84a8-6671a4378dee,,,,0,,,,,,,,,,2026-03-19T22:31:51.221+00:00,2026-03-19T22:36:52.598+00:00,True,e40yx52dkbjpcqazimno9yvh4k,[]
64f07b7f-5c78-4bff-80c2-9de54af16065,,,,0,,,,,,,,,,2026-03-19T22:31:51.746+00:00,2026-03-19T22:36:52.598+00:00,True,e40yx52dkbjpcqazimno9yvh4k,[]
8c22f3a5-80de-40b4-a6aa-bb0e8e2c04e4,,,,0,,,,,,,,,,2026-03-19T22:31:51.274+00:00,2026-03-19T22:36:52.598+00:00,True,e40yx52dkbjpcqazimno9yvh4k,[]
93c7f16a-932f-4292-aecf-63eee67ce066,,,,0,,,,,,,,,,2026-03-19T22:31:51.216+00:00,2026-03-19T22:36:52.598+00:00,True,e40yx52dkbjpcqazimno9yvh4k,[]
9628931f-97d3-41a5-98ec-f3dfec89bd41,,,,0,,,,,,,,,,2026-03-19T22:31:51.247+00:00,2026-03-19T22:36:52.598+00:00,True,e40yx52dkbjpcqazimno9yvh4k,[]
a0d4b1c9-6fab-4ab8-99e3-56e0babcdec5,,,,0,,,,,,,,,,2026-03-19T22:31:51.230+00:00,2026-03-19T22:36:52.598+00:00,True,e40yx52dkbjpcqazimno9yvh4k,[]
aee77702-4310-4469-85aa-5a3b1b1d59c8,,,,0,,,,,,,,,,2026-03-19T22:31:51.226+00:00,2026-03-19T22:36:52.598+00:00,True,e40yx52dkbjpcqazimno9yvh4k,[]
ba25ed8b-d7ac-4888-a8c4-173a27d0e838,,,,0,,,,,,,,,,2026-03-19T22:31:51.194+00:00,2026-03-19T22:36:52.598+00:00,True,e40yx52dkbjpcqazimno9yvh4k,[]
c9322274-8c55-4d2a-babf-c23320b906b0,,,,0,,,,,,,,,,2026-03-19T22:32:55.247+00:00,2026-03-19T22:36:52.598+00:00,True,e40yx52dkbjpcqazimno9yvh4k,[]
d7fba7e2-22a9-4a75-8a38-53a0b3ed9291,,,,0,,,,,,,,,,2026-03-19T22:31:51.210+00:00,2026-03-19T22:36:52.598+00:00,True,e40yx52dkbjpcqazimno9yvh4k,[]
d8b1f645-6e3b-487d-8b6f-302a1a4f46a9,,,,0,,,,,,,,,,2026-03-19T22:31:51.234+00:00,2026-03-19T22:36:52.598+00:00,True,e40yx52dkbjpcqazimno9yvh4k,[]
e06d0bbe-63c0-4651-b893-cc1645f8dc0b,,,,0,,,,,,,,,,2026-03-19T22:31:51.218+00:00,2026-03-19T22:36:52.598+00:00,True,e40yx52dkbjpcqazimno9yvh4k,[]
e5b86aa5-584c-4030-b445-82d6698c393e,,,,0,,,,,,,,,,2026-03-19T22:31:51.211+00:00,2026-03-19T22:36:52.598+00:00,True,e40yx52dkbjpcqazimno9yvh4k,[]
ffbe5963-92eb-4de8-bdaa-bdce8c3794c0,,,,0,,,,,,,,,,2026-03-19T22:30:51.486+00:00,2026-03-19T22:36:52.598+00:00,True,e40yx52dkbjpcqazimno9yvh4k,[]
0ed9b67f-601b-4f34-ba48-7b1b0194094b,,,,0,,,,,,,,,,2026-03-19T22:34:51.561+00:00,2026-03-19T22:41:20.633+00:00,True,e40yx52dkbjpcqazimno9yvh4k,[]
112e2756-8ef4-4afb-9f0f-67aa977fa144,,,,0,,,,,,,,,,2026-03-19T22:34:51.459+00:00,2026-03-19T22:41:20.633+00:00,True,e40yx52dkbjpcqazimno9yvh4k,[]
1e2e8631-5491-416f-95f1-37886d8e5ac8,,,,0,,,,,,,,,,2026-03-19T22:34:51.453+00:00,2026-03-19T22:41:20.633+00:00,True,e40yx52dkbjpcqazimno9yvh4k,[]
1ffa9fec-4dfc-4957-8643-44b2fa693b71,,,,0,,,,,,,,,,2026-03-19T22:36:51.711+00:00,2026-03-19T22:41:20.633+00:00,True,e40yx52dkbjpcqazimno9yvh4k,[]
208f9e9b-3740-4588-b6d9-6ae1e56e9395,,,,0,,,,,,,,,,2026-03-19T22:35:52.022+00:00,2026-03-19T22:41:20.633+00:00,True,e40yx52dkbjpcqazimno9yvh4k,[]
8975509a-aafa-46db-87d3-fc69be303013,,,,0,,,,,,,,,,2026-03-19T22:34:51.566+00:00,2026-03-19T22:41:20.633+00:00,True,e40yx52dkbjpcqazimno9yvh4k,[]
8a32db8a-7fdc-41b7-80b7-491d2601b217,,,,0,,,,,,,,,,2026-03-19T22:34:51.558+00:00,2026-03-19T22:41:20.633+00:00,True,e40yx52dkbjpcqazimno9yvh4k,[]
97beb6c2-ab37-457a-b2b3-c37699d300ae,,,,0,,,,,,,,,,2026-03-19T22:36:51.712+00:00,2026-03-19T22:41:20.633+00:00,True,e40yx52dkbjpcqazimno9yvh4k,[]
9ed68ffb-518f-4d79-8ef2-0c2d54da5eb6,,,,0,,,,,,,,,,2026-03-19T22:33:51.457+00:00,2026-03-19T22:41:20.633+00:00,True,e40yx52dkbjpcqazimno9yvh4k,[]
a55c246d-d9a7-4369-bd0d-cd9683c1ccce,,,,0,,,,,,,,,,2026-03-19T22:34:51.698+00:00,2026-03-19T22:41:20.633+00:00,True,e40yx52dkbjpcqazimno9yvh4k,[]
af01a0bc-7fe7-4ea8-acc1-3eb3c217f5ed,,,,0,,,,,,,,,,2026-03-19T22:36:51.709+00:00,2026-03-19T22:41:20.633+00:00,True,e40yx52dkbjpcqazimno9yvh4k,[]
bf9713d9-d171-4f95-9ea4-b20f7ed91680,,,,0,,,,,,,,,,2026-03-19T22:34:51.467+00:00,2026-03-19T22:41:20.633+00:00,True,e40yx52dkbjpcqazimno9yvh4k,[]
caa1806b-a358-42b2-a2f1-5dce68f67bb8,,,,0,,,,,,,,,,2026-03-19T22:35:51.955+00:00,2026-03-19T22:41:20.633+00:00,True,e40yx52dkbjpcqazimno9yvh4k,[]
d6d37246-1e3d-4111-9789-45782795b552,,,,0,,,,,,,,,,2026-03-19T22:36:51.706+00:00,2026-03-19T22:41:20.633+00:00,True,e40yx52dkbjpcqazimno9yvh4k,[]
dbd75542-7056-4128-93cf-a5d757edab0c,,,,0,,,,,,,,,,2026-03-19T22:35:51.723+00:00,2026-03-19T22:41:20.633+00:00,True,e40yx52dkbjpcqazimno9yvh4k,[]
e1769920-64c6-4779-847a-024e62063d04,,,,0,,,,,,,,,,2026-03-19T22:33:51.462+00:00,2026-03-19T22:41:20.633+00:00,True,e40yx52dkbjpcqazimno9yvh4k,[]
e87aa99a-da5a-4b1b-a5f3-ab34d908e204,,,,0,,,,,,,,,,2026-03-19T22:35:51.723+00:00,2026-03-19T22:41:20.633+00:00,True,e40yx52dkbjpcqazimno9yvh4k,[]
f2034e14-3b1d-4c72-9d77-8b947abf1c60,,,,0,,,,,,,,,,2026-03-19T22:34:51.451+00:00,2026-03-19T22:41:20.633+00:00,True,e40yx52dkbjpcqazimno9yvh4k,[]
0ba6807a-b9d3-4ea6-a280-304a0ab6b42c,,,,0,,,,,,,,,,2026-03-19T23:02:21.805+00:00,2026-03-19T23:07:46.579+00:00,True,e40yx52dkbjpcqazimno9yvh4k,[]
12bff43d-b61c-4132-a7fb-4dda1928af8f,,,,0,,,,,,,,,,2026-03-19T23:00:55.271+00:00,2026-03-19T23:07:46.579+00:00,True,e40yx52dkbjpcqazimno9yvh4k,[]
2e6a2bfc-f66d-4495-9087-6077bd4661ba,,,,0,,,,,,,,,,2026-03-19T23:00:55.268+00:00,2026-03-19T23:07:46.579+00:00,True,e40yx52dkbjpcqazimno9yvh4k,[]
4b5ddde2-8344-4501-af66-26096dab2cc8,,,,0,,,,,,,,,,2026-03-19T23:02:55.038+00:00,2026-03-19T23:07:46.579+00:00,True,e40yx52dkbjpcqazimno9yvh4k,[]
4c74ca22-cb44-4222-aa06-1ee4e7cce697,,,,0,,,,,,,,,,2026-03-19T23:00:55.268+00:00,2026-03-19T23:07:46.579+00:00,True,e40yx52dkbjpcqazimno9yvh4k,[]
5497663a-198d-4a65-95cf-ec4f84772cb2,,,,0,,,,,,,,,,2026-03-19T23:02:55.040+00:00,2026-03-19T23:07:46.579+00:00,True,e40yx52dkbjpcqazimno9yvh4k,[]
6d137fe4-a0b5-4e21-8752-70c440c09d18,,,,0,,,,,,,,,,2026-03-19T23:00:55.266+00:00,2026-03-19T23:07:46.579+00:00,True,e40yx52dkbjpcqazimno9yvh4k,[]
7273b10e-1c2f-442f-b065-a8098de9ef43,,,,0,,,,,,,,,,2026-03-19T23:04:22.956+00:00,2026-03-19T23:07:46.579+00:00,True,e40yx52dkbjpcqazimno9yvh4k,[]
75ef8bc5-ff8a-434b-86ee-e452d66e9876,,,,0,,,,,,,,,,2026-03-19T23:01:55.163+00:00,2026-03-19T23:07:46.579+00:00,True,e40yx52dkbjpcqazimno9yvh4k,[]
7b084568-ddd4-4f41-8d8e-5c536b55528a,,,,0,,,,,,,,,,2026-03-19T23:01:21.643+00:00,2026-03-19T23:07:46.579+00:00,True,e40yx52dkbjpcqazimno9yvh4k,[]
8d1fe074-5cea-45ad-8ca8-ff59f6fa2b1a,,,,0,,,,,,,,,,2026-03-19T23:04:22.964+00:00,2026-03-19T23:07:46.579+00:00,True,e40yx52dkbjpcqazimno9yvh4k,[]
9bff7165-01a4-4e4a-838f-3d4d94ba414a,,,,0,,,,,,,,,,2026-03-19T23:00:55.260+00:00,2026-03-19T23:07:46.579+00:00,True,e40yx52dkbjpcqazimno9yvh4k,[]
a1c1e7fc-16f5-486a-91bc-f56b0708de29,,,,0,,,,,,,,,,2026-03-19T23:02:55.623+00:00,2026-03-19T23:07:46.579+00:00,True,e40yx52dkbjpcqazimno9yvh4k,[]
b9038b5b-8b03-4967-86c4-7ea691f0c1ff,,,,0,,,,,,,,,,2026-03-19T23:03:55.630+00:00,2026-03-19T23:07:46.579+00:00,True,e40yx52dkbjpcqazimno9yvh4k,[]
d42fe511-4d81-439b-9f6d-f1a5edd2bd52,,,,0,,,,,,,,,,2026-03-19T23:02:22.014+00:00,2026-03-19T23:07:46.579+00:00,True,e40yx52dkbjpcqazimno9yvh4k,[]
d9d903e4-f1b8-4f4a-b7bf-6067592c5b66,,,,0,,,,,,,,,,2026-03-19T23:03:55.624+00:00,2026-03-19T23:07:46.579+00:00,True,e40yx52dkbjpcqazimno9yvh4k,[]
db655793-281b-43a0-b093-905fbfa26cd6,,,,0,,,,,,,,,,2026-03-19T23:00:55.260+00:00,2026-03-19T23:07:46.579+00:00,True,e40yx52dkbjpcqazimno9yvh4k,[]
f36e3ee5-5ba2-47c8-b9a5-e84a6917d507,,,,0,,,,,,,,,,2026-03-19T23:00:55.270+00:00,2026-03-19T23:07:46.579+00:00,True,e40yx52dkbjpcqazimno9yvh4k,[]
f7f4e34a-3872-4d80-ad75-008f5ee47f25,,,,0,,,,,,,,,,2026-03-19T23:02:55.606+00:00,2026-03-19T23:07:46.579+00:00,True,e40yx52dkbjpcqazimno9yvh4k,[]
f86c2994-3b2e-4e59-989a-e9d07a7dc27d,,,,0,,,,,,,,,,2026-03-19T23:00:55.213+00:00,2026-03-19T23:07:46.579+00:00,True,e40yx52dkbjpcqazimno9yvh4k,[]
1dfe1293-78f1-4a48-b64b-f177484e744a,,,,0,,,,,,,,,,2026-03-19T22:43:52.493+00:00,2026-03-19T22:49:18.536+00:00,True,e40yx52dkbjpcqazimno9yvh4k,[]
64313f72-febb-4e90-87fe-99d6f041e3cd,,,,0,,,,,,,,,,2026-03-19T22:43:52.503+00:00,2026-03-19T22:49:18.536+00:00,True,e40yx52dkbjpcqazimno9yvh4k,[]
79a085d4-68aa-4e7b-ad5d-fa717f4b549a,,,,0,,,,,,,,,,2026-03-19T22:43:52.498+00:00,2026-03-19T22:49:18.536+00:00,True,e40yx52dkbjpcqazimno9yvh4k,[]
7ed71041-ccea-4ec0-9aae-a8ded385d54e,,,,0,,,,,,,,,,2026-03-19T22:43:52.508+00:00,2026-03-19T22:49:18.536+00:00,True,e40yx52dkbjpcqazimno9yvh4k,[]
8acb1b5f-6b0b-43d3-bbda-2c4d41a4cf4d,,,,0,,,,,,,,,,2026-03-19T22:43:52.350+00:00,2026-03-19T22:49:18.536+00:00,True,e40yx52dkbjpcqazimno9yvh4k,[]
a853a857-70ca-4540-a53d-5198e0446bcd,,,,0,,,,,,,,,,2026-03-19T22:43:52.354+00:00,2026-03-19T22:49:18.536+00:00,True,e40yx52dkbjpcqazimno9yvh4k,[]
b79e1b88-dfb8-4734-b939-ef84bfac421f,,,,0,,,,,,,,,,2026-03-19T22:43:52.348+00:00,2026-03-19T22:49:18.536+00:00,True,e40yx52dkbjpcqazimno9yvh4k,[]
bb49411e-629b-49ac-8e77-177cc9330fee,,,,0,,,,,,,,,,2026-03-19T22:41:54.473+00:00,2026-03-19T22:49:18.536+00:00,True,e40yx52dkbjpcqazimno9yvh4k,[]
0a07deec-599c-4094-be12-2f8a8142898a,,,,0,,,,,,,,,,2026-03-19T22:40:52.178+00:00,2026-03-19T22:45:49.015+00:00,True,e40yx52dkbjpcqazimno9yvh4k,[]
1bc89b16-c5ed-4cd0-b40f-c6f0b311ad69,,,,0,,,,,,,,,,2026-03-19T22:40:51.932+00:00,2026-03-19T22:45:49.015+00:00,True,e40yx52dkbjpcqazimno9yvh4k,[]
21895990-08ff-4581-963f-c155447bf9ad,,,,0,,,,,,,,,,2026-03-19T22:41:52.483+00:00,2026-03-19T22:45:49.015+00:00,True,e40yx52dkbjpcqazimno9yvh4k,[]
24608fc6-74d5-487c-b5e2-a9e60290184a,,,,0,,,,,,,,,,2026-03-19T22:38:51.905+00:00,2026-03-19T22:45:49.015+00:00,True,e40yx52dkbjpcqazimno9yvh4k,[]
7457eda4-7b11-4746-ad13-5f17bc11d51f,,,,0,,,,,,,,,,2026-03-19T22:38:51.813+00:00,2026-03-19T22:45:49.015+00:00,True,e40yx52dkbjpcqazimno9yvh4k,[]
85cbe812-5ed6-44e7-95b5-1f8891161b0e,,,,0,,,,,,,,,,2026-03-19T22:38:51.916+00:00,2026-03-19T22:45:49.015+00:00,True,e40yx52dkbjpcqazimno9yvh4k,[]
9fd2c15a-39b1-46ea-b580-d82fc52bdc28,,,,0,,,,,,,,,,2026-03-19T22:40:52.147+00:00,2026-03-19T22:45:49.015+00:00,True,e40yx52dkbjpcqazimno9yvh4k,[]
b0e9ed0e-331f-4b9e-a43b-92809c3bde03,,,,0,,,,,,,,,,2026-03-19T22:40:52.170+00:00,2026-03-19T22:45:49.015+00:00,True,e40yx52dkbjpcqazimno9yvh4k,[]
c66df92b-adb7-497a-b469-e1774ecc749b,,,,0,,,,,,,,,,2026-03-19T22:38:51.910+00:00,2026-03-19T22:45:49.015+00:00,True,e40yx52dkbjpcqazimno9yvh4k,[]
cc42d12b-f68b-4a26-aa2b-602b6f24ba55,,,,0,,,,,,,,,,2026-03-19T22:38:51.910+00:00,2026-03-19T22:45:49.015+00:00,True,e40yx52dkbjpcqazimno9yvh4k,[]
d1adeab2-b198-44eb-902b-5afee4042a3f,,,,0,,,,,,,,,,2026-03-19T22:40:52.175+00:00,2026-03-19T22:45:49.015+00:00,True,e40yx52dkbjpcqazimno9yvh4k,[]
d8959491-3b9e-4623-9d06-11d04bf826c5,,,,0,,,,,,,,,,2026-03-19T22:40:52.164+00:00,2026-03-19T22:45:49.015+00:00,True,e40yx52dkbjpcqazimno9yvh4k,[]
d8dcd178-b830-47cc-ba32-4c428853f32d,,,,0,,,,,,,,,,2026-03-19T22:38:51.814+00:00,2026-03-19T22:45:49.015+00:00,True,e40yx52dkbjpcqazimno9yvh4k,[]
e8472c37-1570-46cc-b6db-2e2e03fb1ed5,,,,0,,,,,,,,,,2026-03-19T22:39:52.798+00:00,2026-03-19T22:45:49.015+00:00,True,e40yx52dkbjpcqazimno9yvh4k,[]
e9fe89da-fa47-4888-9309-147e6051f554,,,,0,,,,,,,,,,2026-03-19T22:40:51.934+00:00,2026-03-19T22:45:49.015+00:00,True,e40yx52dkbjpcqazimno9yvh4k,[]
f1163269-3f0f-4d73-a903-6862ef76179e,,,,0,,,,,,,,,,2026-03-19T22:40:51.929+00:00,2026-03-19T22:45:49.015+00:00,True,e40yx52dkbjpcqazimno9yvh4k,[]
0017b494-1173-41a5-93be-22e66d21ddf6,,,,0,,,,,,,,,,2026-03-19T22:48:53.138+00:00,2026-03-19T22:52:02.692+00:00,True,e40yx52dkbjpcqazimno9yvh4k,[]
07a0d180-17c3-4c28-83fd-21827fffa9af,,,,0,,,,,,,,,,2026-03-19T22:48:53.143+00:00,2026-03-19T22:52:02.692+00:00,True,e40yx52dkbjpcqazimno9yvh4k,[]
083eeb39-0639-4353-a598-9777ad399e0e,,,,0,,,,,,,,,,2026-03-19T22:48:52.654+00:00,2026-03-19T22:52:02.692+00:00,True,e40yx52dkbjpcqazimno9yvh4k,[]
