inventoryID,entityID,entityType,id,inherentRiskLevel,inherentRiskLevelID,inherentRiskScore,residualRiskLevel,residualRiskLevelID,residualRiskScore,targetRiskLevel,targetRiskLevelID,targetRiskScore,inventoryType,inventoryTypeID,inventoryName,inventoryNumber,inventoryURL,orgID,orgName,parentOrgID
bd438760-303f-41aa-816a-362dd6851b60,ControlTemplate,f40e1e23-2e7f-4dd4-ac2d-749b873dd6b8,EvidenceTaskTemplate,fd6aa3da-af3f-4db4-8398-8d9dd549d546,6643bb6e-2468-3c90-9722-902fd92b11da,,automated01_3428474 user01_3428474,Africa/Asmera,Control.Evidence.Link.Description,Control.Evidence.Link.Description,control-evidence-mapping,,control-evidence-mapping,,control-evidence-mapping,control,Control.Evidence.Link.Name,,,,,,,2026-03-19T23:00:22.367+00:00,2026-03-19,2026,March,03,Quarter 1
bd438760-303f-41aa-816a-362dd6851b60,ControlTemplate,f40e1e23-2e7f-4dd4-ac2d-749b873dd6b8,EvidenceTaskTemplate,fd6aa3da-af3f-4db4-8398-8d9dd549d546,6643bb6e-2468-3c90-9722-902fd92b11da,,automated01_3428474 user01_3428474,Etc/GMT+10,Control.Evidence.Link.Description,Control.Evidence.Link.Description,control-evidence-mapping,,control-evidence-mapping,,control-evidence-mapping,control,Control.Evidence.Link.Name,,,,,,,2026-03-19T10:00:22.367+00:00,2026-03-19,2026,March,03,Quarter 1
bd438760-303f-41aa-816a-362dd6851b60,ControlTemplate,f40e1e23-2e7f-4dd4-ac2d-749b873dd6b8,EvidenceTaskTemplate,fd6aa3da-af3f-4db4-8398-8d9dd549d546,6643bb6e-2468-3c90-9722-902fd92b11da,,automated01_3428474 user01_3428474,Europe/Luxembourg,Control.Evidence.Link.Description,Control.Evidence.Link.Description,control-evidence-mapping,,control-evidence-mapping,,control-evidence-mapping,control,Control.Evidence.Link.Name,,,,,,,2026-03-19T21:00:22.367+00:00,2026-03-19,2026,March,03,Quarter 1
bd438760-303f-41aa-816a-362dd6851b60,ControlTemplate,f40e1e23-2e7f-4dd4-ac2d-749b873dd6b8,EvidenceTaskTemplate,fd6aa3da-af3f-4db4-8398-8d9dd549d546,6643bb6e-2468-3c90-9722-902fd92b11da,,automated01_3428474 user01_3428474,America/North_Dakota/New_Salem,Control.Evidence.Link.Description,Control.Evidence.Link.Description,control-evidence-mapping,,control-evidence-mapping,,control-evidence-mapping,control,Control.Evidence.Link.Name,,,,,,,2026-03-19T15:00:22.367+00:00,2026-03-19,2026,March,03,Quarter 1
bd438760-303f-41aa-816a-362dd6851b60,ControlTemplate,f40e1e23-2e7f-4dd4-ac2d-749b873dd6b8,EvidenceTaskTemplate,fd6aa3da-af3f-4db4-8398-8d9dd549d546,6643bb6e-2468-3c90-9722-902fd92b11da,,automated01_3428474 user01_3428474,America/Cayenne,Control.Evidence.Link.Description,Control.Evidence.Link.Description,control-evidence-mapping,,control-evidence-mapping,,control-evidence-mapping,control,Control.Evidence.Link.Name,,,,,,,2026-03-19T17:00:22.367+00:00,2026-03-19,2026,March,03,Quarter 1
bd438760-303f-41aa-816a-362dd6851b60,ControlTemplate,f40e1e23-2e7f-4dd4-ac2d-749b873dd6b8,EvidenceTaskTemplate,fd6aa3da-af3f-4db4-8398-8d9dd549d546,6643bb6e-2468-3c90-9722-902fd92b11da,,automated01_3428474 user01_3428474,Atlantic/South_Georgia,Control.Evidence.Link.Description,Control.Evidence.Link.Description,control-evidence-mapping,,control-evidence-mapping,,control-evidence-mapping,control,Control.Evidence.Link.Name,,,,,,,2026-03-19T18:00:22.367+00:00,2026-03-19,2026,March,03,Quarter 1
bd438760-303f-41aa-816a-362dd6851b60,ControlTemplate,f40e1e23-2e7f-4dd4-ac2d-749b873dd6b8,EvidenceTaskTemplate,fd6aa3da-af3f-4db4-8398-8d9dd549d546,6643bb6e-2468-3c90-9722-902fd92b11da,,automated01_3428474 user01_3428474,EST,Control.Evidence.Link.Description,Control.Evidence.Link.Description,control-evidence-mapping,,control-evidence-mapping,,control-evidence-mapping,control,Control.Evidence.Link.Name,,,,,,,2026-03-19T15:00:22.367+00:00,2026-03-19,2026,March,03,Quarter 1
bd438760-303f-41aa-816a-362dd6851b60,ControlTemplate,f40e1e23-2e7f-4dd4-ac2d-749b873dd6b8,EvidenceTaskTemplate,fd6aa3da-af3f-4db4-8398-8d9dd549d546,6643bb6e-2468-3c90-9722-902fd92b11da,,automated01_3428474 user01_3428474,Asia/Tashkent,Control.Evidence.Link.Description,Control.Evidence.Link.Description,control-evidence-mapping,,control-evidence-mapping,,control-evidence-mapping,control,Control.Evidence.Link.Name,,,,,,,2026-03-20T01:00:22.367+00:00,2026-03-20,2026,March,03,Quarter 1
bd438760-303f-41aa-816a-362dd6851b60,ControlTemplate,f40e1e23-2e7f-4dd4-ac2d-749b873dd6b8,EvidenceTaskTemplate,fd6aa3da-af3f-4db4-8398-8d9dd549d546,6643bb6e-2468-3c90-9722-902fd92b11da,,automated01_3428474 user01_3428474,Asia/Tehran,Control.Evidence.Link.Description,Control.Evidence.Link.Description,control-evidence-mapping,,control-evidence-mapping,,control-evidence-mapping,control,Control.Evidence.Link.Name,,,,,,,2026-03-19T23:30:22.367+00:00,2026-03-19,2026,March,03,Quarter 1
bd438760-303f-41aa-816a-362dd6851b60,ControlTemplate,f40e1e23-2e7f-4dd4-ac2d-749b873dd6b8,EvidenceTaskTemplate,fd6aa3da-af3f-4db4-8398-8d9dd549d546,6643bb6e-2468-3c90-9722-902fd92b11da,,automated01_3428474 user01_3428474,America/Nassau,Control.Evidence.Link.Description,Control.Evidence.Link.Description,control-evidence-mapping,,control-evidence-mapping,,control-evidence-mapping,control,Control.Evidence.Link.Name,,,,,,,2026-03-19T16:00:22.367+00:00,2026-03-19,2026,March,03,Quarter 1
bd438760-303f-41aa-816a-362dd6851b60,ControlTemplate,f40e1e23-2e7f-4dd4-ac2d-749b873dd6b8,EvidenceTaskTemplate,fd6aa3da-af3f-4db4-8398-8d9dd549d546,6643bb6e-2468-3c90-9722-902fd92b11da,,automated01_3428474 user01_3428474,Jamaica,Control.Evidence.Link.Description,Control.Evidence.Link.Description,control-evidence-mapping,,control-evidence-mapping,,control-evidence-mapping,control,Control.Evidence.Link.Name,,,,,,,2026-03-19T15:00:22.367+00:00,2026-03-19,2026,March,03,Quarter 1
bd438760-303f-41aa-816a-362dd6851b60,ControlTemplate,f40e1e23-2e7f-4dd4-ac2d-749b873dd6b8,EvidenceTaskTemplate,fd6aa3da-af3f-4db4-8398-8d9dd549d546,6643bb6e-2468-3c90-9722-902fd92b11da,,automated01_3428474 user01_3428474,Asia/Vientiane,Control.Evidence.Link.Description,Control.Evidence.Link.Description,control-evidence-mapping,,control-evidence-mapping,,control-evidence-mapping,control,Control.Evidence.Link.Name,,,,,,,2026-03-20T03:00:22.367+00:00,2026-03-20,2026,March,03,Quarter 1
bd438760-303f-41aa-816a-362dd6851b60,ControlTemplate,f40e1e23-2e7f-4dd4-ac2d-749b873dd6b8,EvidenceTaskTemplate,fd6aa3da-af3f-4db4-8398-8d9dd549d546,6643bb6e-2468-3c90-9722-902fd92b11da,,automated01_3428474 user01_3428474,MST7MDT,Control.Evidence.Link.Description,Control.Evidence.Link.Description,control-evidence-mapping,,control-evidence-mapping,,control-evidence-mapping,control,Control.Evidence.Link.Name,,,,,,,2026-03-19T14:00:22.367+00:00,2026-03-19,2026,March,03,Quarter 1
bd438760-303f-41aa-816a-362dd6851b60,ControlTemplate,f40e1e23-2e7f-4dd4-ac2d-749b873dd6b8,EvidenceTaskTemplate,fd6aa3da-af3f-4db4-8398-8d9dd549d546,6643bb6e-2468-3c90-9722-902fd92b11da,,automated01_3428474 user01_3428474,America/Indiana/Winamac,Control.Evidence.Link.Description,Control.Evidence.Link.Description,control-evidence-mapping,,control-evidence-mapping,,control-evidence-mapping,control,Control.Evidence.Link.Name,,,,,,,2026-03-19T16:00:22.367+00:00,2026-03-19,2026,March,03,Quarter 1
bd438760-303f-41aa-816a-362dd6851b60,ControlTemplate,f40e1e23-2e7f-4dd4-ac2d-749b873dd6b8,EvidenceTaskTemplate,fd6aa3da-af3f-4db4-8398-8d9dd549d546,6643bb6e-2468-3c90-9722-902fd92b11da,,automated01_3428474 user01_3428474,Asia/Thimbu,Control.Evidence.Link.Description,Control.Evidence.Link.Description,control-evidence-mapping,,control-evidence-mapping,,control-evidence-mapping,control,Control.Evidence.Link.Name,,,,,,,2026-03-20T02:00:22.367+00:00,2026-03-20,2026,March,03,Quarter 1
bd438760-303f-41aa-816a-362dd6851b60,ControlTemplate,f40e1e23-2e7f-4dd4-ac2d-749b873dd6b8,EvidenceTaskTemplate,fd6aa3da-af3f-4db4-8398-8d9dd549d546,6643bb6e-2468-3c90-9722-902fd92b11da,,automated01_3428474 user01_3428474,Europe/Vaduz,Control.Evidence.Link.Description,Control.Evidence.Link.Description,control-evidence-mapping,,control-evidence-mapping,,control-evidence-mapping,control,Control.Evidence.Link.Name,,,,,,,2026-03-19T21:00:22.367+00:00,2026-03-19,2026,March,03,Quarter 1
bd438760-303f-41aa-816a-362dd6851b60,ControlTemplate,f40e1e23-2e7f-4dd4-ac2d-749b873dd6b8,EvidenceTaskTemplate,fd6aa3da-af3f-4db4-8398-8d9dd549d546,6643bb6e-2468-3c90-9722-902fd92b11da,,automated01_3428474 user01_3428474,Etc/GMT-12,Control.Evidence.Link.Description,Control.Evidence.Link.Description,control-evidence-mapping,,control-evidence-mapping,,control-evidence-mapping,control,Control.Evidence.Link.Name,,,,,,,2026-03-20T08:00:22.367+00:00,2026-03-20,2026,March,03,Quarter 1
bd438760-303f-41aa-816a-362dd6851b60,ControlTemplate,f40e1e23-2e7f-4dd4-ac2d-749b873dd6b8,EvidenceTaskTemplate,fd6aa3da-af3f-4db4-8398-8d9dd549d546,6643bb6e-2468-3c90-9722-902fd92b11da,,automated01_3428474 user01_3428474,America/Puerto_Rico,Control.Evidence.Link.Description,Control.Evidence.Link.Description,control-evidence-mapping,,control-evidence-mapping,,control-evidence-mapping,control,Control.Evidence.Link.Name,,,,,,,2026-03-19T16:00:22.367+00:00,2026-03-19,2026,March,03,Quarter 1
bd438760-303f-41aa-816a-362dd6851b60,ControlTemplate,f40e1e23-2e7f-4dd4-ac2d-749b873dd6b8,EvidenceTaskTemplate,fd6aa3da-af3f-4db4-8398-8d9dd549d546,6643bb6e-2468-3c90-9722-902fd92b11da,,automated01_3428474 user01_3428474,Asia/Brunei,Control.Evidence.Link.Description,Control.Evidence.Link.Description,control-evidence-mapping,,control-evidence-mapping,,control-evidence-mapping,control,Control.Evidence.Link.Name,,,,,,,2026-03-20T04:00:22.367+00:00,2026-03-20,2026,March,03,Quarter 1
bd438760-303f-41aa-816a-362dd6851b60,ControlTemplate,f40e1e23-2e7f-4dd4-ac2d-749b873dd6b8,EvidenceTaskTemplate,fd6aa3da-af3f-4db4-8398-8d9dd549d546,6643bb6e-2468-3c90-9722-902fd92b11da,,automated01_3428474 user01_3428474,Africa/Tunis,Control.Evidence.Link.Description,Control.Evidence.Link.Description,control-evidence-mapping,,control-evidence-mapping,,control-evidence-mapping,control,Control.Evidence.Link.Name,,,,,,,2026-03-19T21:00:22.367+00:00,2026-03-19,2026,March,03,Quarter 1
bd438760-303f-41aa-816a-362dd6851b60,ControlTemplate,f40e1e23-2e7f-4dd4-ac2d-749b873dd6b8,EvidenceTaskTemplate,fd6aa3da-af3f-4db4-8398-8d9dd549d546,6643bb6e-2468-3c90-9722-902fd92b11da,,automated01_3428474 user01_3428474,Atlantic/Cape_Verde,Control.Evidence.Link.Description,Control.Evidence.Link.Description,control-evidence-mapping,,control-evidence-mapping,,control-evidence-mapping,control,Control.Evidence.Link.Name,,,,,,,2026-03-19T19:00:22.367+00:00,2026-03-19,2026,March,03,Quarter 1
bd438760-303f-41aa-816a-362dd6851b60,ControlTemplate,f40e1e23-2e7f-4dd4-ac2d-749b873dd6b8,EvidenceTaskTemplate,fd6aa3da-af3f-4db4-8398-8d9dd549d546,6643bb6e-2468-3c90-9722-902fd92b11da,,automated01_3428474 user01_3428474,Asia/Jerusalem,Control.Evidence.Link.Description,Control.Evidence.Link.Description,control-evidence-mapping,,control-evidence-mapping,,control-evidence-mapping,control,Control.Evidence.Link.Name,,,,,,,2026-03-19T22:00:22.367+00:00,2026-03-19,2026,March,03,Quarter 1
bd438760-303f-41aa-816a-362dd6851b60,ControlTemplate,f40e1e23-2e7f-4dd4-ac2d-749b873dd6b8,EvidenceTaskTemplate,fd6aa3da-af3f-4db4-8398-8d9dd549d546,6643bb6e-2468-3c90-9722-902fd92b11da,,automated01_3428474 user01_3428474,Africa/Bangui,Control.Evidence.Link.Description,Control.Evidence.Link.Description,control-evidence-mapping,,control-evidence-mapping,,control-evidence-mapping,control,Control.Evidence.Link.Name,,,,,,,2026-03-19T21:00:22.367+00:00,2026-03-19,2026,March,03,Quarter 1
bd438760-303f-41aa-816a-362dd6851b60,ControlTemplate,f40e1e23-2e7f-4dd4-ac2d-749b873dd6b8,EvidenceTaskTemplate,fd6aa3da-af3f-4db4-8398-8d9dd549d546,6643bb6e-2468-3c90-9722-902fd92b11da,,automated01_3428474 user01_3428474,America/Panama,Control.Evidence.Link.Description,Control.Evidence.Link.Description,control-evidence-mapping,,control-evidence-mapping,,control-evidence-mapping,control,Control.Evidence.Link.Name,,,,,,,2026-03-19T15:00:22.367+00:00,2026-03-19,2026,March,03,Quarter 1
bd438760-303f-41aa-816a-362dd6851b60,ControlTemplate,f40e1e23-2e7f-4dd4-ac2d-749b873dd6b8,EvidenceTaskTemplate,fd6aa3da-af3f-4db4-8398-8d9dd549d546,6643bb6e-2468-3c90-9722-902fd92b11da,,automated01_3428474 user01_3428474,Asia/Karachi,Control.Evidence.Link.Description,Control.Evidence.Link.Description,control-evidence-mapping,,control-evidence-mapping,,control-evidence-mapping,control,Control.Evidence.Link.Name,,,,,,,2026-03-20T01:00:22.367+00:00,2026-03-20,2026,March,03,Quarter 1
bd438760-303f-41aa-816a-362dd6851b60,ControlTemplate,f40e1e23-2e7f-4dd4-ac2d-749b873dd6b8,EvidenceTaskTemplate,fd6aa3da-af3f-4db4-8398-8d9dd549d546,6643bb6e-2468-3c90-9722-902fd92b11da,,automated01_3428474 user01_3428474,Pacific/Kiritimati,Control.Evidence.Link.Description,Control.Evidence.Link.Description,control-evidence-mapping,,control-evidence-mapping,,control-evidence-mapping,control,Control.Evidence.Link.Name,,,,,,,2026-03-20T10:00:22.367+00:00,2026-03-20,2026,March,03,Quarter 1
bd438760-303f-41aa-816a-362dd6851b60,ControlTemplate,f40e1e23-2e7f-4dd4-ac2d-749b873dd6b8,EvidenceTaskTemplate,fd6aa3da-af3f-4db4-8398-8d9dd549d546,6643bb6e-2468-3c90-9722-902fd92b11da,,automated01_3428474 user01_3428474,America/North_Dakota/Beulah,Control.Evidence.Link.Description,Control.Evidence.Link.Description,control-evidence-mapping,,control-evidence-mapping,,control-evidence-mapping,control,Control.Evidence.Link.Name,,,,,,,2026-03-19T15:00:22.367+00:00,2026-03-19,2026,March,03,Quarter 1
bd438760-303f-41aa-816a-362dd6851b60,ControlTemplate,f40e1e23-2e7f-4dd4-ac2d-749b873dd6b8,EvidenceTaskTemplate,fd6aa3da-af3f-4db4-8398-8d9dd549d546,6643bb6e-2468-3c90-9722-902fd92b11da,,automated01_3428474 user01_3428474,Atlantic/Bermuda,Control.Evidence.Link.Description,Control.Evidence.Link.Description,control-evidence-mapping,,control-evidence-mapping,,control-evidence-mapping,control,Control.Evidence.Link.Name,,,,,,,2026-03-19T17:00:22.367+00:00,2026-03-19,2026,March,03,Quarter 1
bd438760-303f-41aa-816a-362dd6851b60,ControlTemplate,f40e1e23-2e7f-4dd4-ac2d-749b873dd6b8,EvidenceTaskTemplate,fd6aa3da-af3f-4db4-8398-8d9dd549d546,6643bb6e-2468-3c90-9722-902fd92b11da,,automated01_3428474 user01_3428474,Australia/Perth,Control.Evidence.Link.Description,Control.Evidence.Link.Description,control-evidence-mapping,,control-evidence-mapping,,control-evidence-mapping,control,Control.Evidence.Link.Name,,,,,,,2026-03-20T04:00:22.367+00:00,2026-03-20,2026,March,03,Quarter 1
bd438760-303f-41aa-816a-362dd6851b60,ControlTemplate,f40e1e23-2e7f-4dd4-ac2d-749b873dd6b8,EvidenceTaskTemplate,fd6aa3da-af3f-4db4-8398-8d9dd549d546,6643bb6e-2468-3c90-9722-902fd92b11da,,automated01_3428474 user01_3428474,Africa/Tripoli,Control.Evidence.Link.Description,Control.Evidence.Link.Description,control-evidence-mapping,,control-evidence-mapping,,control-evidence-mapping,control,Control.Evidence.Link.Name,,,,,,,2026-03-19T22:00:22.367+00:00,2026-03-19,2026,March,03,Quarter 1
bd438760-303f-41aa-816a-362dd6851b60,ControlTemplate,f40e1e23-2e7f-4dd4-ac2d-749b873dd6b8,EvidenceTaskTemplate,fd6aa3da-af3f-4db4-8398-8d9dd549d546,6643bb6e-2468-3c90-9722-902fd92b11da,,automated01_3428474 user01_3428474,America/Managua,Control.Evidence.Link.Description,Control.Evidence.Link.Description,control-evidence-mapping,,control-evidence-mapping,,control-evidence-mapping,control,Control.Evidence.Link.Name,,,,,,,2026-03-19T14:00:22.367+00:00,2026-03-19,2026,March,03,Quarter 1
bd438760-303f-41aa-816a-362dd6851b60,ControlTemplate,f40e1e23-2e7f-4dd4-ac2d-749b873dd6b8,EvidenceTaskTemplate,fd6aa3da-af3f-4db4-8398-8d9dd549d546,6643bb6e-2468-3c90-9722-902fd92b11da,,automated01_3428474 user01_3428474,Antarctica/Davis,Control.Evidence.Link.Description,Control.Evidence.Link.Description,control-evidence-mapping,,control-evidence-mapping,,control-evidence-mapping,control,Control.Evidence.Link.Name,,,,,,,2026-03-20T03:00:22.367+00:00,2026-03-20,2026,March,03,Quarter 1
bd438760-303f-41aa-816a-362dd6851b60,ControlTemplate,f40e1e23-2e7f-4dd4-ac2d-749b873dd6b8,EvidenceTaskTemplate,fd6aa3da-af3f-4db4-8398-8d9dd549d546,6643bb6e-2468-3c90-9722-902fd92b11da,,automated01_3428474 user01_3428474,Africa/Nouakchott,Control.Evidence.Link.Description,Control.Evidence.Link.Description,control-evidence-mapping,,control-evidence-mapping,,control-evidence-mapping,control,Control.Evidence.Link.Name,,,,,,,2026-03-19T20:00:22.367+00:00,2026-03-19,2026,March,03,Quarter 1
bd438760-303f-41aa-816a-362dd6851b60,ControlTemplate,f40e1e23-2e7f-4dd4-ac2d-749b873dd6b8,EvidenceTaskTemplate,fd6aa3da-af3f-4db4-8398-8d9dd549d546,6643bb6e-2468-3c90-9722-902fd92b11da,,automated01_3428474 user01_3428474,Asia/Yakutsk,Control.Evidence.Link.Description,Control.Evidence.Link.Description,control-evidence-mapping,,control-evidence-mapping,,control-evidence-mapping,control,Control.Evidence.Link.Name,,,,,,,2026-03-20T05:00:22.367+00:00,2026-03-20,2026,March,03,Quarter 1
bd438760-303f-41aa-816a-362dd6851b60,ControlTemplate,f40e1e23-2e7f-4dd4-ac2d-749b873dd6b8,EvidenceTaskTemplate,fd6aa3da-af3f-4db4-8398-8d9dd549d546,6643bb6e-2468-3c90-9722-902fd92b11da,,automated01_3428474 user01_3428474,Etc/GMT-6,Control.Evidence.Link.Description,Control.Evidence.Link.Description,control-evidence-mapping,,control-evidence-mapping,,control-evidence-mapping,control,Control.Evidence.Link.Name,,,,,,,2026-03-20T02:00:22.367+00:00,2026-03-20,2026,March,03,Quarter 1
bd438760-303f-41aa-816a-362dd6851b60,ControlTemplate,f40e1e23-2e7f-4dd4-ac2d-749b873dd6b8,EvidenceTaskTemplate,fd6aa3da-af3f-4db4-8398-8d9dd549d546,6643bb6e-2468-3c90-9722-902fd92b11da,,automated01_3428474 user01_3428474,America/Manaus,Control.Evidence.Link.Description,Control.Evidence.Link.Description,control-evidence-mapping,,control-evidence-mapping,,control-evidence-mapping,control,Control.Evidence.Link.Name,,,,,,,2026-03-19T16:00:22.367+00:00,2026-03-19,2026,March,03,Quarter 1
bd438760-303f-41aa-816a-362dd6851b60,ControlTemplate,f40e1e23-2e7f-4dd4-ac2d-749b873dd6b8,EvidenceTaskTemplate,fd6aa3da-af3f-4db4-8398-8d9dd549d546,6643bb6e-2468-3c90-9722-902fd92b11da,,automated01_3428474 user01_3428474,America/Kralendijk,Control.Evidence.Link.Description,Control.Evidence.Link.Description,control-evidence-mapping,,control-evidence-mapping,,control-evidence-mapping,control,Control.Evidence.Link.Name,,,,,,,2026-03-19T16:00:22.367+00:00,2026-03-19,2026,March,03,Quarter 1
bd438760-303f-41aa-816a-362dd6851b60,ControlTemplate,f40e1e23-2e7f-4dd4-ac2d-749b873dd6b8,EvidenceTaskTemplate,fd6aa3da-af3f-4db4-8398-8d9dd549d546,6643bb6e-2468-3c90-9722-902fd92b11da,,automated01_3428474 user01_3428474,America/Bogota,Control.Evidence.Link.Description,Control.Evidence.Link.Description,control-evidence-mapping,,control-evidence-mapping,,control-evidence-mapping,control,Control.Evidence.Link.Name,,,,,,,2026-03-19T15:00:22.367+00:00,2026-03-19,2026,March,03,Quarter 1
bd438760-303f-41aa-816a-362dd6851b60,ControlTemplate,f40e1e23-2e7f-4dd4-ac2d-749b873dd6b8,EvidenceTaskTemplate,fd6aa3da-af3f-4db4-8398-8d9dd549d546,6643bb6e-2468-3c90-9722-902fd92b11da,,automated01_3428474 user01_3428474,America/Swift_Current,Control.Evidence.Link.Description,Control.Evidence.Link.Description,control-evidence-mapping,,control-evidence-mapping,,control-evidence-mapping,control,Control.Evidence.Link.Name,,,,,,,2026-03-19T14:00:22.367+00:00,2026-03-19,2026,March,03,Quarter 1
bd438760-303f-41aa-816a-362dd6851b60,ControlTemplate,f40e1e23-2e7f-4dd4-ac2d-749b873dd6b8,EvidenceTaskTemplate,fd6aa3da-af3f-4db4-8398-8d9dd549d546,6643bb6e-2468-3c90-9722-902fd92b11da,,automated01_3428474 user01_3428474,Africa/Lubumbashi,Control.Evidence.Link.Description,Control.Evidence.Link.Description,control-evidence-mapping,,control-evidence-mapping,,control-evidence-mapping,control,Control.Evidence.Link.Name,,,,,,,2026-03-19T22:00:22.367+00:00,2026-03-19,2026,March,03,Quarter 1
bd438760-303f-41aa-816a-362dd6851b60,ControlTemplate,f40e1e23-2e7f-4dd4-ac2d-749b873dd6b8,EvidenceTaskTemplate,fd6aa3da-af3f-4db4-8398-8d9dd549d546,6643bb6e-2468-3c90-9722-902fd92b11da,,automated01_3428474 user01_3428474,Europe/Kaliningrad,Control.Evidence.Link.Description,Control.Evidence.Link.Description,control-evidence-mapping,,control-evidence-mapping,,control-evidence-mapping,control,Control.Evidence.Link.Name,,,,,,,2026-03-19T22:00:22.367+00:00,2026-03-19,2026,March,03,Quarter 1
bd438760-303f-41aa-816a-362dd6851b60,ControlTemplate,f40e1e23-2e7f-4dd4-ac2d-749b873dd6b8,EvidenceTaskTemplate,fd6aa3da-af3f-4db4-8398-8d9dd549d546,6643bb6e-2468-3c90-9722-902fd92b11da,,automated01_3428474 user01_3428474,Africa/Mbabane,Control.Evidence.Link.Description,Control.Evidence.Link.Description,control-evidence-mapping,,control-evidence-mapping,,control-evidence-mapping,control,Control.Evidence.Link.Name,,,,,,,2026-03-19T22:00:22.367+00:00,2026-03-19,2026,March,03,Quarter 1
bd438760-303f-41aa-816a-362dd6851b60,ControlTemplate,f40e1e23-2e7f-4dd4-ac2d-749b873dd6b8,EvidenceTaskTemplate,fd6aa3da-af3f-4db4-8398-8d9dd549d546,6643bb6e-2468-3c90-9722-902fd92b11da,,automated01_3428474 user01_3428474,Atlantic/Madeira,Control.Evidence.Link.Description,Control.Evidence.Link.Description,control-evidence-mapping,,control-evidence-mapping,,control-evidence-mapping,control,Control.Evidence.Link.Name,,,,,,,2026-03-19T20:00:22.367+00:00,2026-03-19,2026,March,03,Quarter 1
bd438760-303f-41aa-816a-362dd6851b60,ControlTemplate,f40e1e23-2e7f-4dd4-ac2d-749b873dd6b8,EvidenceTaskTemplate,fd6aa3da-af3f-4db4-8398-8d9dd549d546,6643bb6e-2468-3c90-9722-902fd92b11da,,automated01_3428474 user01_3428474,America/Thule,Control.Evidence.Link.Description,Control.Evidence.Link.Description,control-evidence-mapping,,control-evidence-mapping,,control-evidence-mapping,control,Control.Evidence.Link.Name,,,,,,,2026-03-19T17:00:22.367+00:00,2026-03-19,2026,March,03,Quarter 1
bd438760-303f-41aa-816a-362dd6851b60,ControlTemplate,f40e1e23-2e7f-4dd4-ac2d-749b873dd6b8,EvidenceTaskTemplate,fd6aa3da-af3f-4db4-8398-8d9dd549d546,6643bb6e-2468-3c90-9722-902fd92b11da,,automated01_3428474 user01_3428474,Asia/Sakhalin,Control.Evidence.Link.Description,Control.Evidence.Link.Description,control-evidence-mapping,,control-evidence-mapping,,control-evidence-mapping,control,Control.Evidence.Link.Name,,,,,,,2026-03-20T07:00:22.367+00:00,2026-03-20,2026,March,03,Quarter 1
bd438760-303f-41aa-816a-362dd6851b60,ControlTemplate,f40e1e23-2e7f-4dd4-ac2d-749b873dd6b8,EvidenceTaskTemplate,fd6aa3da-af3f-4db4-8398-8d9dd549d546,6643bb6e-2468-3c90-9722-902fd92b11da,,automated01_3428474 user01_3428474,Africa/Nairobi,Control.Evidence.Link.Description,Control.Evidence.Link.Description,control-evidence-mapping,,control-evidence-mapping,,control-evidence-mapping,control,Control.Evidence.Link.Name,,,,,,,2026-03-19T23:00:22.367+00:00,2026-03-19,2026,March,03,Quarter 1
bd438760-303f-41aa-816a-362dd6851b60,ControlTemplate,f40e1e23-2e7f-4dd4-ac2d-749b873dd6b8,EvidenceTaskTemplate,fd6aa3da-af3f-4db4-8398-8d9dd549d546,6643bb6e-2468-3c90-9722-902fd92b11da,,automated01_3428474 user01_3428474,Europe/Vatican,Control.Evidence.Link.Description,Control.Evidence.Link.Description,control-evidence-mapping,,control-evidence-mapping,,control-evidence-mapping,control,Control.Evidence.Link.Name,,,,,,,2026-03-19T21:00:22.367+00:00,2026-03-19,2026,March,03,Quarter 1
bd438760-303f-41aa-816a-362dd6851b60,ControlTemplate,f40e1e23-2e7f-4dd4-ac2d-749b873dd6b8,EvidenceTaskTemplate,fd6aa3da-af3f-4db4-8398-8d9dd549d546,6643bb6e-2468-3c90-9722-902fd92b11da,,automated01_3428474 user01_3428474,EET,Control.Evidence.Link.Description,Control.Evidence.Link.Description,control-evidence-mapping,,control-evidence-mapping,,control-evidence-mapping,control,Control.Evidence.Link.Name,,,,,,,2026-03-19T22:00:22.367+00:00,2026-03-19,2026,March,03,Quarter 1
bd438760-303f-41aa-816a-362dd6851b60,ControlTemplate,f40e1e23-2e7f-4dd4-ac2d-749b873dd6b8,EvidenceTaskTemplate,fd6aa3da-af3f-4db4-8398-8d9dd549d546,6643bb6e-2468-3c90-9722-902fd92b11da,,automated01_3428474 user01_3428474,America/Moncton,Control.Evidence.Link.Description,Control.Evidence.Link.Description,control-evidence-mapping,,control-evidence-mapping,,control-evidence-mapping,control,Control.Evidence.Link.Name,,,,,,,2026-03-19T17:00:22.367+00:00,2026-03-19,2026,March,03,Quarter 1
bd438760-303f-41aa-816a-362dd6851b60,ControlTemplate,f40e1e23-2e7f-4dd4-ac2d-749b873dd6b8,EvidenceTaskTemplate,fd6aa3da-af3f-4db4-8398-8d9dd549d546,6643bb6e-2468-3c90-9722-902fd92b11da,,automated01_3428474 user01_3428474,America/Cordoba,Control.Evidence.Link.Description,Control.Evidence.Link.Description,control-evidence-mapping,,control-evidence-mapping,,control-evidence-mapping,control,Control.Evidence.Link.Name,,,,,,,2026-03-19T17:00:22.367+00:00,2026-03-19,2026,March,03,Quarter 1
bd438760-303f-41aa-816a-362dd6851b60,ControlTemplate,f40e1e23-2e7f-4dd4-ac2d-749b873dd6b8,EvidenceTaskTemplate,fd6aa3da-af3f-4db4-8398-8d9dd549d546,6643bb6e-2468-3c90-9722-902fd92b11da,,automated01_3428474 user01_3428474,Indian/Cocos,Control.Evidence.Link.Description,Control.Evidence.Link.Description,control-evidence-mapping,,control-evidence-mapping,,control-evidence-mapping,control,Control.Evidence.Link.Name,,,,,,,2026-03-20T02:30:22.367+00:00,2026-03-20,2026,March,03,Quarter 1
bd438760-303f-41aa-816a-362dd6851b60,ControlTemplate,f40e1e23-2e7f-4dd4-ac2d-749b873dd6b8,EvidenceTaskTemplate,fd6aa3da-af3f-4db4-8398-8d9dd549d546,6643bb6e-2468-3c90-9722-902fd92b11da,,automated01_3428474 user01_3428474,America/Argentina/Salta,Control.Evidence.Link.Description,Control.Evidence.Link.Description,control-evidence-mapping,,control-evidence-mapping,,control-evidence-mapping,control,Control.Evidence.Link.Name,,,,,,,2026-03-19T17:00:22.367+00:00,2026-03-19,2026,March,03,Quarter 1
bd438760-303f-41aa-816a-362dd6851b60,ControlTemplate,f40e1e23-2e7f-4dd4-ac2d-749b873dd6b8,EvidenceTaskTemplate,fd6aa3da-af3f-4db4-8398-8d9dd549d546,6643bb6e-2468-3c90-9722-902fd92b11da,,automated01_3428474 user01_3428474,GMT+0,Control.Evidence.Link.Description,Control.Evidence.Link.Description,control-evidence-mapping,,control-evidence-mapping,,control-evidence-mapping,control,Control.Evidence.Link.Name,,,,,,,2026-03-19T20:00:22.367+00:00,2026-03-19,2026,March,03,Quarter 1
bd438760-303f-41aa-816a-362dd6851b60,ControlTemplate,f40e1e23-2e7f-4dd4-ac2d-749b873dd6b8,EvidenceTaskTemplate,fd6aa3da-af3f-4db4-8398-8d9dd549d546,6643bb6e-2468-3c90-9722-902fd92b11da,,automated01_3428474 user01_3428474,Asia/Aqtobe,Control.Evidence.Link.Description,Control.Evidence.Link.Description,control-evidence-mapping,,control-evidence-mapping,,control-evidence-mapping,control,Control.Evidence.Link.Name,,,,,,,2026-03-20T01:00:22.367+00:00,2026-03-20,2026,March,03,Quarter 1
bd438760-303f-41aa-816a-362dd6851b60,ControlTemplate,f40e1e23-2e7f-4dd4-ac2d-749b873dd6b8,EvidenceTaskTemplate,fd6aa3da-af3f-4db4-8398-8d9dd549d546,6643bb6e-2468-3c90-9722-902fd92b11da,,automated01_3428474 user01_3428474,America/Kentucky/Louisville,Control.Evidence.Link.Description,Control.Evidence.Link.Description,control-evidence-mapping,,control-evidence-mapping,,control-evidence-mapping,control,Control.Evidence.Link.Name,,,,,,,2026-03-19T16:00:22.367+00:00,2026-03-19,2026,March,03,Quarter 1
bd438760-303f-41aa-816a-362dd6851b60,ControlTemplate,f40e1e23-2e7f-4dd4-ac2d-749b873dd6b8,EvidenceTaskTemplate,fd6aa3da-af3f-4db4-8398-8d9dd549d546,6643bb6e-2468-3c90-9722-902fd92b11da,,automated01_3428474 user01_3428474,America/Indiana/Indianapolis,Control.Evidence.Link.Description,Control.Evidence.Link.Description,control-evidence-mapping,,control-evidence-mapping,,control-evidence-mapping,control,Control.Evidence.Link.Name,,,,,,,2026-03-19T16:00:22.367+00:00,2026-03-19,2026,March,03,Quarter 1
bd438760-303f-41aa-816a-362dd6851b60,ControlTemplate,f40e1e23-2e7f-4dd4-ac2d-749b873dd6b8,EvidenceTaskTemplate,fd6aa3da-af3f-4db4-8398-8d9dd549d546,6643bb6e-2468-3c90-9722-902fd92b11da,,automated01_3428474 user01_3428474,Asia/Novokuznetsk,Control.Evidence.Link.Description,Control.Evidence.Link.Description,control-evidence-mapping,,control-evidence-mapping,,control-evidence-mapping,control,Control.Evidence.Link.Name,,,,,,,2026-03-20T03:00:22.367+00:00,2026-03-20,2026,March,03,Quarter 1
bd438760-303f-41aa-816a-362dd6851b60,ControlTemplate,f40e1e23-2e7f-4dd4-ac2d-749b873dd6b8,EvidenceTaskTemplate,fd6aa3da-af3f-4db4-8398-8d9dd549d546,6643bb6e-2468-3c90-9722-902fd92b11da,,automated01_3428474 user01_3428474,GMT-0,Control.Evidence.Link.Description,Control.Evidence.Link.Description,control-evidence-mapping,,control-evidence-mapping,,control-evidence-mapping,control,Control.Evidence.Link.Name,,,,,,,2026-03-19T20:00:22.367+00:00,2026-03-19,2026,March,03,Quarter 1
bd438760-303f-41aa-816a-362dd6851b60,ControlTemplate,f40e1e23-2e7f-4dd4-ac2d-749b873dd6b8,EvidenceTaskTemplate,fd6aa3da-af3f-4db4-8398-8d9dd549d546,6643bb6e-2468-3c90-9722-902fd92b11da,,automated01_3428474 user01_3428474,Africa/El_Aaiun,Control.Evidence.Link.Description,Control.Evidence.Link.Description,control-evidence-mapping,,control-evidence-mapping,,control-evidence-mapping,control,Control.Evidence.Link.Name,,,,,,,2026-03-19T20:00:22.367+00:00,2026-03-19,2026,March,03,Quarter 1
bd438760-303f-41aa-816a-362dd6851b60,ControlTemplate,f40e1e23-2e7f-4dd4-ac2d-749b873dd6b8,EvidenceTaskTemplate,fd6aa3da-af3f-4db4-8398-8d9dd549d546,6643bb6e-2468-3c90-9722-902fd92b11da,,automated01_3428474 user01_3428474,Pacific/Nauru,Control.Evidence.Link.Description,Control.Evidence.Link.Description,control-evidence-mapping,,control-evidence-mapping,,control-evidence-mapping,control,Control.Evidence.Link.Name,,,,,,,2026-03-20T08:00:22.367+00:00,2026-03-20,2026,March,03,Quarter 1
bd438760-303f-41aa-816a-362dd6851b60,ControlTemplate,f40e1e23-2e7f-4dd4-ac2d-749b873dd6b8,EvidenceTaskTemplate,fd6aa3da-af3f-4db4-8398-8d9dd549d546,6643bb6e-2468-3c90-9722-902fd92b11da,,automated01_3428474 user01_3428474,Europe/Kiev,Control.Evidence.Link.Description,Control.Evidence.Link.Description,control-evidence-mapping,,control-evidence-mapping,,control-evidence-mapping,control,Control.Evidence.Link.Name,,,,,,,2026-03-19T22:00:22.367+00:00,2026-03-19,2026,March,03,Quarter 1
bd438760-303f-41aa-816a-362dd6851b60,ControlTemplate,f40e1e23-2e7f-4dd4-ac2d-749b873dd6b8,EvidenceTaskTemplate,fd6aa3da-af3f-4db4-8398-8d9dd549d546,6643bb6e-2468-3c90-9722-902fd92b11da,,automated01_3428474 user01_3428474,Asia/Nicosia,Control.Evidence.Link.Description,Control.Evidence.Link.Description,control-evidence-mapping,,control-evidence-mapping,,control-evidence-mapping,control,Control.Evidence.Link.Name,,,,,,,2026-03-19T22:00:22.367+00:00,2026-03-19,2026,March,03,Quarter 1
bd438760-303f-41aa-816a-362dd6851b60,ControlTemplate,f40e1e23-2e7f-4dd4-ac2d-749b873dd6b8,EvidenceTaskTemplate,fd6aa3da-af3f-4db4-8398-8d9dd549d546,6643bb6e-2468-3c90-9722-902fd92b11da,,automated01_3428474 user01_3428474,Indian/Maldives,Control.Evidence.Link.Description,Control.Evidence.Link.Description,control-evidence-mapping,,control-evidence-mapping,,control-evidence-mapping,control,Control.Evidence.Link.Name,,,,,,,2026-03-20T01:00:22.367+00:00,2026-03-20,2026,March,03,Quarter 1
bd438760-303f-41aa-816a-362dd6851b60,ControlTemplate,f40e1e23-2e7f-4dd4-ac2d-749b873dd6b8,EvidenceTaskTemplate,fd6aa3da-af3f-4db4-8398-8d9dd549d546,6643bb6e-2468-3c90-9722-902fd92b11da,,automated01_3428474 user01_3428474,America/Argentina/La_Rioja,Control.Evidence.Link.Description,Control.Evidence.Link.Description,control-evidence-mapping,,control-evidence-mapping,,control-evidence-mapping,control,Control.Evidence.Link.Name,,,,,,,2026-03-19T17:00:22.367+00:00,2026-03-19,2026,March,03,Quarter 1
bd438760-303f-41aa-816a-362dd6851b60,ControlTemplate,f40e1e23-2e7f-4dd4-ac2d-749b873dd6b8,EvidenceTaskTemplate,fd6aa3da-af3f-4db4-8398-8d9dd549d546,6643bb6e-2468-3c90-9722-902fd92b11da,,automated01_3428474 user01_3428474,America/Juneau,Control.Evidence.Link.Description,Control.Evidence.Link.Description,control-evidence-mapping,,control-evidence-mapping,,control-evidence-mapping,control,Control.Evidence.Link.Name,,,,,,,2026-03-19T12:00:22.367+00:00,2026-03-19,2026,March,03,Quarter 1
bd438760-303f-41aa-816a-362dd6851b60,ControlTemplate,f40e1e23-2e7f-4dd4-ac2d-749b873dd6b8,EvidenceTaskTemplate,fd6aa3da-af3f-4db4-8398-8d9dd549d546,6643bb6e-2468-3c90-9722-902fd92b11da,,automated01_3428474 user01_3428474,Australia/Lord_Howe,Control.Evidence.Link.Description,Control.Evidence.Link.Description,control-evidence-mapping,,control-evidence-mapping,,control-evidence-mapping,control,Control.Evidence.Link.Name,,,,,,,2026-03-20T07:00:22.367+00:00,2026-03-20,2026,March,03,Quarter 1
bd438760-303f-41aa-816a-362dd6851b60,ControlTemplate,f40e1e23-2e7f-4dd4-ac2d-749b873dd6b8,EvidenceTaskTemplate,fd6aa3da-af3f-4db4-8398-8d9dd549d546,6643bb6e-2468-3c90-9722-902fd92b11da,,automated01_3428474 user01_3428474,America/Anchorage,Control.Evidence.Link.Description,Control.Evidence.Link.Description,control-evidence-mapping,,control-evidence-mapping,,control-evidence-mapping,control,Control.Evidence.Link.Name,,,,,,,2026-03-19T12:00:22.367+00:00,2026-03-19,2026,March,03,Quarter 1
bd438760-303f-41aa-816a-362dd6851b60,ControlTemplate,f40e1e23-2e7f-4dd4-ac2d-749b873dd6b8,EvidenceTaskTemplate,fd6aa3da-af3f-4db4-8398-8d9dd549d546,6643bb6e-2468-3c90-9722-902fd92b11da,,automated01_3428474 user01_3428474,Asia/Kabul,Control.Evidence.Link.Description,Control.Evidence.Link.Description,control-evidence-mapping,,control-evidence-mapping,,control-evidence-mapping,control,Control.Evidence.Link.Name,,,,,,,2026-03-20T00:30:22.367+00:00,2026-03-20,2026,March,03,Quarter 1
bd438760-303f-41aa-816a-362dd6851b60,ControlTemplate,f40e1e23-2e7f-4dd4-ac2d-749b873dd6b8,EvidenceTaskTemplate,fd6aa3da-af3f-4db4-8398-8d9dd549d546,6643bb6e-2468-3c90-9722-902fd92b11da,,automated01_3428474 user01_3428474,Canada/Mountain,Control.Evidence.Link.Description,Control.Evidence.Link.Description,control-evidence-mapping,,control-evidence-mapping,,control-evidence-mapping,control,Control.Evidence.Link.Name,,,,,,,2026-03-19T14:00:22.367+00:00,2026-03-19,2026,March,03,Quarter 1
bd438760-303f-41aa-816a-362dd6851b60,ControlTemplate,f40e1e23-2e7f-4dd4-ac2d-749b873dd6b8,EvidenceTaskTemplate,fd6aa3da-af3f-4db4-8398-8d9dd549d546,6643bb6e-2468-3c90-9722-902fd92b11da,,automated01_3428474 user01_3428474,Asia/Chongqing,Control.Evidence.Link.Description,Control.Evidence.Link.Description,control-evidence-mapping,,control-evidence-mapping,,control-evidence-mapping,control,Control.Evidence.Link.Name,,,,,,,2026-03-20T04:00:22.367+00:00,2026-03-20,2026,March,03,Quarter 1
bd438760-303f-41aa-816a-362dd6851b60,ControlTemplate,f40e1e23-2e7f-4dd4-ac2d-749b873dd6b8,EvidenceTaskTemplate,fd6aa3da-af3f-4db4-8398-8d9dd549d546,6643bb6e-2468-3c90-9722-902fd92b11da,,automated01_3428474 user01_3428474,America/Blanc-Sablon,Control.Evidence.Link.Description,Control.Evidence.Link.Description,control-evidence-mapping,,control-evidence-mapping,,control-evidence-mapping,control,Control.Evidence.Link.Name,,,,,,,2026-03-19T16:00:22.367+00:00,2026-03-19,2026,March,03,Quarter 1
bd438760-303f-41aa-816a-362dd6851b60,ControlTemplate,f40e1e23-2e7f-4dd4-ac2d-749b873dd6b8,EvidenceTaskTemplate,fd6aa3da-af3f-4db4-8398-8d9dd549d546,6643bb6e-2468-3c90-9722-902fd92b11da,,automated01_3428474 user01_3428474,Indian/Mayotte,Control.Evidence.Link.Description,Control.Evidence.Link.Description,control-evidence-mapping,,control-evidence-mapping,,control-evidence-mapping,control,Control.Evidence.Link.Name,,,,,,,2026-03-19T23:00:22.367+00:00,2026-03-19,2026,March,03,Quarter 1
bd438760-303f-41aa-816a-362dd6851b60,ControlTemplate,f40e1e23-2e7f-4dd4-ac2d-749b873dd6b8,EvidenceTaskTemplate,fd6aa3da-af3f-4db4-8398-8d9dd549d546,6643bb6e-2468-3c90-9722-902fd92b11da,,automated01_3428474 user01_3428474,Asia/Yekaterinburg,Control.Evidence.Link.Description,Control.Evidence.Link.Description,control-evidence-mapping,,control-evidence-mapping,,control-evidence-mapping,control,Control.Evidence.Link.Name,,,,,,,2026-03-20T01:00:22.367+00:00,2026-03-20,2026,March,03,Quarter 1
bd438760-303f-41aa-816a-362dd6851b60,ControlTemplate,f40e1e23-2e7f-4dd4-ac2d-749b873dd6b8,EvidenceTaskTemplate,fd6aa3da-af3f-4db4-8398-8d9dd549d546,6643bb6e-2468-3c90-9722-902fd92b11da,,automated01_3428474 user01_3428474,America/Nipigon,Control.Evidence.Link.Description,Control.Evidence.Link.Description,control-evidence-mapping,,control-evidence-mapping,,control-evidence-mapping,control,Control.Evidence.Link.Name,,,,,,,2026-03-19T16:00:22.367+00:00,2026-03-19,2026,March,03,Quarter 1
bd438760-303f-41aa-816a-362dd6851b60,ControlTemplate,f40e1e23-2e7f-4dd4-ac2d-749b873dd6b8,EvidenceTaskTemplate,fd6aa3da-af3f-4db4-8398-8d9dd549d546,6643bb6e-2468-3c90-9722-902fd92b11da,,automated01_3428474 user01_3428474,America/Sao_Paulo,Control.Evidence.Link.Description,Control.Evidence.Link.Description,control-evidence-mapping,,control-evidence-mapping,,control-evidence-mapping,control,Control.Evidence.Link.Name,,,,,,,2026-03-19T17:00:22.367+00:00,2026-03-19,2026,March,03,Quarter 1
bd438760-303f-41aa-816a-362dd6851b60,ControlTemplate,f40e1e23-2e7f-4dd4-ac2d-749b873dd6b8,EvidenceTaskTemplate,fd6aa3da-af3f-4db4-8398-8d9dd549d546,6643bb6e-2468-3c90-9722-902fd92b11da,,automated01_3428474 user01_3428474,Asia/Taipei,Control.Evidence.Link.Description,Control.Evidence.Link.Description,control-evidence-mapping,,control-evidence-mapping,,control-evidence-mapping,control,Control.Evidence.Link.Name,,,,,,,2026-03-20T04:00:22.367+00:00,2026-03-20,2026,March,03,Quarter 1
bd438760-303f-41aa-816a-362dd6851b60,ControlTemplate,f40e1e23-2e7f-4dd4-ac2d-749b873dd6b8,EvidenceTaskTemplate,fd6aa3da-af3f-4db4-8398-8d9dd549d546,6643bb6e-2468-3c90-9722-902fd92b11da,,automated01_3428474 user01_3428474,America/Montreal,Control.Evidence.Link.Description,Control.Evidence.Link.Description,control-evidence-mapping,,control-evidence-mapping,,control-evidence-mapping,control,Control.Evidence.Link.Name,,,,,,,2026-03-19T16:00:22.367+00:00,2026-03-19,2026,March,03,Quarter 1
bd438760-303f-41aa-816a-362dd6851b60,ControlTemplate,f40e1e23-2e7f-4dd4-ac2d-749b873dd6b8,EvidenceTaskTemplate,fd6aa3da-af3f-4db4-8398-8d9dd549d546,6643bb6e-2468-3c90-9722-902fd92b11da,,automated01_3428474 user01_3428474,America/Menominee,Control.Evidence.Link.Description,Control.Evidence.Link.Description,control-evidence-mapping,,control-evidence-mapping,,control-evidence-mapping,control,Control.Evidence.Link.Name,,,,,,,2026-03-19T15:00:22.367+00:00,2026-03-19,2026,March,03,Quarter 1
bd438760-303f-41aa-816a-362dd6851b60,ControlTemplate,f40e1e23-2e7f-4dd4-ac2d-749b873dd6b8,EvidenceTaskTemplate,fd6aa3da-af3f-4db4-8398-8d9dd549d546,6643bb6e-2468-3c90-9722-902fd92b11da,,automated01_3428474 user01_3428474,America/Martinique,Control.Evidence.Link.Description,Control.Evidence.Link.Description,control-evidence-mapping,,control-evidence-mapping,,control-evidence-mapping,control,Control.Evidence.Link.Name,,,,,,,2026-03-19T16:00:22.367+00:00,2026-03-19,2026,March,03,Quarter 1
bd438760-303f-41aa-816a-362dd6851b60,ControlTemplate,f40e1e23-2e7f-4dd4-ac2d-749b873dd6b8,EvidenceTaskTemplate,fd6aa3da-af3f-4db4-8398-8d9dd549d546,6643bb6e-2468-3c90-9722-902fd92b11da,,automated01_3428474 user01_3428474,Europe/Mariehamn,Control.Evidence.Link.Description,Control.Evidence.Link.Description,control-evidence-mapping,,control-evidence-mapping,,control-evidence-mapping,control,Control.Evidence.Link.Name,,,,,,,2026-03-19T22:00:22.367+00:00,2026-03-19,2026,March,03,Quarter 1
bd438760-303f-41aa-816a-362dd6851b60,ControlTemplate,f40e1e23-2e7f-4dd4-ac2d-749b873dd6b8,EvidenceTaskTemplate,fd6aa3da-af3f-4db4-8398-8d9dd549d546,6643bb6e-2468-3c90-9722-902fd92b11da,,automated01_3428474 user01_3428474,Europe/Sarajevo,Control.Evidence.Link.Description,Control.Evidence.Link.Description,control-evidence-mapping,,control-evidence-mapping,,control-evidence-mapping,control,Control.Evidence.Link.Name,,,,,,,2026-03-19T21:00:22.367+00:00,2026-03-19,2026,March,03,Quarter 1
bd438760-303f-41aa-816a-362dd6851b60,ControlTemplate,f40e1e23-2e7f-4dd4-ac2d-749b873dd6b8,EvidenceTaskTemplate,fd6aa3da-af3f-4db4-8398-8d9dd549d546,6643bb6e-2468-3c90-9722-902fd92b11da,,automated01_3428474 user01_3428474,Antarctica/Vostok,Control.Evidence.Link.Description,Control.Evidence.Link.Description,control-evidence-mapping,,control-evidence-mapping,,control-evidence-mapping,control,Control.Evidence.Link.Name,,,,,,,2026-03-20T01:00:22.367+00:00,2026-03-20,2026,March,03,Quarter 1
bd438760-303f-41aa-816a-362dd6851b60,ControlTemplate,f40e1e23-2e7f-4dd4-ac2d-749b873dd6b8,EvidenceTaskTemplate,fd6aa3da-af3f-4db4-8398-8d9dd549d546,6643bb6e-2468-3c90-9722-902fd92b11da,,automated01_3428474 user01_3428474,Europe/Zurich,Control.Evidence.Link.Description,Control.Evidence.Link.Description,control-evidence-mapping,,control-evidence-mapping,,control-evidence-mapping,control,Control.Evidence.Link.Name,,,,,,,2026-03-19T21:00:22.367+00:00,2026-03-19,2026,March,03,Quarter 1
bd438760-303f-41aa-816a-362dd6851b60,ControlTemplate,f40e1e23-2e7f-4dd4-ac2d-749b873dd6b8,EvidenceTaskTemplate,fd6aa3da-af3f-4db4-8398-8d9dd549d546,6643bb6e-2468-3c90-9722-902fd92b11da,,automated01_3428474 user01_3428474,Canada/Saskatchewan,Control.Evidence.Link.Description,Control.Evidence.Link.Description,control-evidence-mapping,,control-evidence-mapping,,control-evidence-mapping,control,Control.Evidence.Link.Name,,,,,,,2026-03-19T14:00:22.367+00:00,2026-03-19,2026,March,03,Quarter 1
bd438760-303f-41aa-816a-362dd6851b60,ControlTemplate,f40e1e23-2e7f-4dd4-ac2d-749b873dd6b8,EvidenceTaskTemplate,fd6aa3da-af3f-4db4-8398-8d9dd549d546,6643bb6e-2468-3c90-9722-902fd92b11da,,automated01_3428474 user01_3428474,America/Montserrat,Control.Evidence.Link.Description,Control.Evidence.Link.Description,control-evidence-mapping,,control-evidence-mapping,,control-evidence-mapping,control,Control.Evidence.Link.Name,,,,,,,2026-03-19T16:00:22.367+00:00,2026-03-19,2026,March,03,Quarter 1
bd438760-303f-41aa-816a-362dd6851b60,ControlTemplate,f40e1e23-2e7f-4dd4-ac2d-749b873dd6b8,EvidenceTaskTemplate,fd6aa3da-af3f-4db4-8398-8d9dd549d546,6643bb6e-2468-3c90-9722-902fd92b11da,,automated01_3428474 user01_3428474,Asia/Ashgabat,Control.Evidence.Link.Description,Control.Evidence.Link.Description,control-evidence-mapping,,control-evidence-mapping,,control-evidence-mapping,control,Control.Evidence.Link.Name,,,,,,,2026-03-20T01:00:22.367+00:00,2026-03-20,2026,March,03,Quarter 1
bd438760-303f-41aa-816a-362dd6851b60,ControlTemplate,f40e1e23-2e7f-4dd4-ac2d-749b873dd6b8,EvidenceTaskTemplate,fd6aa3da-af3f-4db4-8398-8d9dd549d546,6643bb6e-2468-3c90-9722-902fd92b11da,,automated01_3428474 user01_3428474,Asia/Damascus,Control.Evidence.Link.Description,Control.Evidence.Link.Description,control-evidence-mapping,,control-evidence-mapping,,control-evidence-mapping,control,Control.Evidence.Link.Name,,,,,,,2026-03-19T23:00:22.367+00:00,2026-03-19,2026,March,03,Quarter 1
bd438760-303f-41aa-816a-362dd6851b60,ControlTemplate,f40e1e23-2e7f-4dd4-ac2d-749b873dd6b8,EvidenceTaskTemplate,fd6aa3da-af3f-4db4-8398-8d9dd549d546,6643bb6e-2468-3c90-9722-902fd92b11da,,automated01_3428474 user01_3428474,Africa/Conakry,Control.Evidence.Link.Description,Control.Evidence.Link.Description,control-evidence-mapping,,control-evidence-mapping,,control-evidence-mapping,control,Control.Evidence.Link.Name,,,,,,,2026-03-19T20:00:22.367+00:00,2026-03-19,2026,March,03,Quarter 1
bd438760-303f-41aa-816a-362dd6851b60,ControlTemplate,f40e1e23-2e7f-4dd4-ac2d-749b873dd6b8,EvidenceTaskTemplate,fd6aa3da-af3f-4db4-8398-8d9dd549d546,6643bb6e-2468-3c90-9722-902fd92b11da,,automated01_3428474 user01_3428474,Asia/Pontianak,Control.Evidence.Link.Description,Control.Evidence.Link.Description,control-evidence-mapping,,control-evidence-mapping,,control-evidence-mapping,control,Control.Evidence.Link.Name,,,,,,,2026-03-20T03:00:22.367+00:00,2026-03-20,2026,March,03,Quarter 1
bd438760-303f-41aa-816a-362dd6851b60,ControlTemplate,f40e1e23-2e7f-4dd4-ac2d-749b873dd6b8,EvidenceTaskTemplate,fd6aa3da-af3f-4db4-8398-8d9dd549d546,6643bb6e-2468-3c90-9722-902fd92b11da,,automated01_3428474 user01_3428474,Africa/Lusaka,Control.Evidence.Link.Description,Control.Evidence.Link.Description,control-evidence-mapping,,control-evidence-mapping,,control-evidence-mapping,control,Control.Evidence.Link.Name,,,,,,,2026-03-19T22:00:22.367+00:00,2026-03-19,2026,March,03,Quarter 1
bd438760-303f-41aa-816a-362dd6851b60,ControlTemplate,f40e1e23-2e7f-4dd4-ac2d-749b873dd6b8,EvidenceTaskTemplate,fd6aa3da-af3f-4db4-8398-8d9dd549d546,6643bb6e-2468-3c90-9722-902fd92b11da,,automated01_3428474 user01_3428474,America/Antigua,Control.Evidence.Link.Description,Control.Evidence.Link.Description,control-evidence-mapping,,control-evidence-mapping,,control-evidence-mapping,control,Control.Evidence.Link.Name,,,,,,,2026-03-19T16:00:22.367+00:00,2026-03-19,2026,March,03,Quarter 1
bd438760-303f-41aa-816a-362dd6851b60,ControlTemplate,f40e1e23-2e7f-4dd4-ac2d-749b873dd6b8,EvidenceTaskTemplate,fd6aa3da-af3f-4db4-8398-8d9dd549d546,6643bb6e-2468-3c90-9722-902fd92b11da,,automated01_3428474 user01_3428474,America/Argentina/Ushuaia,Control.Evidence.Link.Description,Control.Evidence.Link.Description,control-evidence-mapping,,control-evidence-mapping,,control-evidence-mapping,control,Control.Evidence.Link.Name,,,,,,,2026-03-19T17:00:22.367+00:00,2026-03-19,2026,March,03,Quarter 1
bd438760-303f-41aa-816a-362dd6851b60,ControlTemplate,f40e1e23-2e7f-4dd4-ac2d-749b873dd6b8,EvidenceTaskTemplate,fd6aa3da-af3f-4db4-8398-8d9dd549d546,6643bb6e-2468-3c90-9722-902fd92b11da,,automated01_3428474 user01_3428474,America/Porto_Velho,Control.Evidence.Link.Description,Control.Evidence.Link.Description,control-evidence-mapping,,control-evidence-mapping,,control-evidence-mapping,control,Control.Evidence.Link.Name,,,,,,,2026-03-19T16:00:22.367+00:00,2026-03-19,2026,March,03,Quarter 1
bd438760-303f-41aa-816a-362dd6851b60,ControlTemplate,f40e1e23-2e7f-4dd4-ac2d-749b873dd6b8,EvidenceTaskTemplate,fd6aa3da-af3f-4db4-8398-8d9dd549d546,6643bb6e-2468-3c90-9722-902fd92b11da,,automated01_3428474 user01_3428474,America/El_Salvador,Control.Evidence.Link.Description,Control.Evidence.Link.Description,control-evidence-mapping,,control-evidence-mapping,,control-evidence-mapping,control,Control.Evidence.Link.Name,,,,,,,2026-03-19T14:00:22.367+00:00,2026-03-19,2026,March,03,Quarter 1
bd438760-303f-41aa-816a-362dd6851b60,ControlTemplate,f40e1e23-2e7f-4dd4-ac2d-749b873dd6b8,EvidenceTaskTemplate,fd6aa3da-af3f-4db4-8398-8d9dd549d546,6643bb6e-2468-3c90-9722-902fd92b11da,,automated01_3428474 user01_3428474,Australia/ACT,Control.Evidence.Link.Description,Control.Evidence.Link.Description,control-evidence-mapping,,control-evidence-mapping,,control-evidence-mapping,control,Control.Evidence.Link.Name,,,,,,,2026-03-20T07:00:22.367+00:00,2026-03-20,2026,March,03,Quarter 1
bd438760-303f-41aa-816a-362dd6851b60,ControlTemplate,f40e1e23-2e7f-4dd4-ac2d-749b873dd6b8,EvidenceTaskTemplate,fd6aa3da-af3f-4db4-8398-8d9dd549d546,6643bb6e-2468-3c90-9722-902fd92b11da,,automated01_3428474 user01_3428474,America/St_Kitts,Control.Evidence.Link.Description,Control.Evidence.Link.Description,control-evidence-mapping,,control-evidence-mapping,,control-evidence-mapping,control,Control.Evidence.Link.Name,,,,,,,2026-03-19T16:00:22.367+00:00,2026-03-19,2026,March,03,Quarter 1
bd438760-303f-41aa-816a-362dd6851b60,ControlTemplate,f40e1e23-2e7f-4dd4-ac2d-749b873dd6b8,EvidenceTaskTemplate,fd6aa3da-af3f-4db4-8398-8d9dd549d546,6643bb6e-2468-3c90-9722-902fd92b11da,,automated01_3428474 user01_3428474,Pacific/Fakaofo,Control.Evidence.Link.Description,Control.Evidence.Link.Description,control-evidence-mapping,,control-evidence-mapping,,control-evidence-mapping,control,Control.Evidence.Link.Name,,,,,,,2026-03-20T09:00:22.367+00:00,2026-03-20,2026,March,03,Quarter 1
bd438760-303f-41aa-816a-362dd6851b60,ControlTemplate,f40e1e23-2e7f-4dd4-ac2d-749b873dd6b8,EvidenceTaskTemplate,fd6aa3da-af3f-4db4-8398-8d9dd549d546,6643bb6e-2468-3c90-9722-902fd92b11da,,automated01_3428474 user01_3428474,America/Maceio,Control.Evidence.Link.Description,Control.Evidence.Link.Description,control-evidence-mapping,,control-evidence-mapping,,control-evidence-mapping,control,Control.Evidence.Link.Name,,,,,,,2026-03-19T17:00:22.367+00:00,2026-03-19,2026,March,03,Quarter 1
bd438760-303f-41aa-816a-362dd6851b60,ControlTemplate,f40e1e23-2e7f-4dd4-ac2d-749b873dd6b8,EvidenceTaskTemplate,fd6aa3da-af3f-4db4-8398-8d9dd549d546,6643bb6e-2468-3c90-9722-902fd92b11da,,automated01_3428474 user01_3428474,Pacific/Palau,Control.Evidence.Link.Description,Control.Evidence.Link.Description,control-evidence-mapping,,control-evidence-mapping,,control-evidence-mapping,control,Control.Evidence.Link.Name,,,,,,,2026-03-20T05:00:22.367+00:00,2026-03-20,2026,March,03,Quarter 1
bd438760-303f-41aa-816a-362dd6851b60,ControlTemplate,f40e1e23-2e7f-4dd4-ac2d-749b873dd6b8,EvidenceTaskTemplate,fd6aa3da-af3f-4db4-8398-8d9dd549d546,6643bb6e-2468-3c90-9722-902fd92b11da,,automated01_3428474 user01_3428474,Asia/Kuching,Control.Evidence.Link.Description,Control.Evidence.Link.Description,control-evidence-mapping,,control-evidence-mapping,,control-evidence-mapping,control,Control.Evidence.Link.Name,,,,,,,2026-03-20T04:00:22.367+00:00,2026-03-20,2026,March,03,Quarter 1
bd438760-303f-41aa-816a-362dd6851b60,ControlTemplate,f40e1e23-2e7f-4dd4-ac2d-749b873dd6b8,EvidenceTaskTemplate,fd6aa3da-af3f-4db4-8398-8d9dd549d546,6643bb6e-2468-3c90-9722-902fd92b11da,,automated01_3428474 user01_3428474,Canada/Atlantic,Control.Evidence.Link.Description,Control.Evidence.Link.Description,control-evidence-mapping,,control-evidence-mapping,,control-evidence-mapping,control,Control.Evidence.Link.Name,,,,,,,2026-03-19T17:00:22.367+00:00,2026-03-19,2026,March,03,Quarter 1
bd438760-303f-41aa-816a-362dd6851b60,ControlTemplate,f40e1e23-2e7f-4dd4-ac2d-749b873dd6b8,EvidenceTaskTemplate,fd6aa3da-af3f-4db4-8398-8d9dd549d546,6643bb6e-2468-3c90-9722-902fd92b11da,,automated01_3428474 user01_3428474,America/Monterrey,Control.Evidence.Link.Description,Control.Evidence.Link.Description,control-evidence-mapping,,control-evidence-mapping,,control-evidence-mapping,control,Control.Evidence.Link.Name,,,,,,,2026-03-19T14:00:22.367+00:00,2026-03-19,2026,March,03,Quarter 1
bd438760-303f-41aa-816a-362dd6851b60,ControlTemplate,f40e1e23-2e7f-4dd4-ac2d-749b873dd6b8,EvidenceTaskTemplate,fd6aa3da-af3f-4db4-8398-8d9dd549d546,6643bb6e-2468-3c90-9722-902fd92b11da,,automated01_3428474 user01_3428474,Etc/GMT-9,Control.Evidence.Link.Description,Control.Evidence.Link.Description,control-evidence-mapping,,control-evidence-mapping,,control-evidence-mapping,control,Control.Evidence.Link.Name,,,,,,,2026-03-20T05:00:22.367+00:00,2026-03-20,2026,March,03,Quarter 1
bd438760-303f-41aa-816a-362dd6851b60,ControlTemplate,f40e1e23-2e7f-4dd4-ac2d-749b873dd6b8,EvidenceTaskTemplate,fd6aa3da-af3f-4db4-8398-8d9dd549d546,6643bb6e-2468-3c90-9722-902fd92b11da,,automated01_3428474 user01_3428474,Portugal,Control.Evidence.Link.Description,Control.Evidence.Link.Description,control-evidence-mapping,,control-evidence-mapping,,control-evidence-mapping,control,Control.Evidence.Link.Name,,,,,,,2026-03-19T20:00:22.367+00:00,2026-03-19,2026,March,03,Quarter 1
bd438760-303f-41aa-816a-362dd6851b60,ControlTemplate,f40e1e23-2e7f-4dd4-ac2d-749b873dd6b8,EvidenceTaskTemplate,fd6aa3da-af3f-4db4-8398-8d9dd549d546,6643bb6e-2468-3c90-9722-902fd92b11da,,automated01_3428474 user01_3428474,Europe/Stockholm,Control.Evidence.Link.Description,Control.Evidence.Link.Description,control-evidence-mapping,,control-evidence-mapping,,control-evidence-mapping,control,Control.Evidence.Link.Name,,,,,,,2026-03-19T21:00:22.367+00:00,2026-03-19,2026,March,03,Quarter 1
bd438760-303f-41aa-816a-362dd6851b60,ControlTemplate,f40e1e23-2e7f-4dd4-ac2d-749b873dd6b8,EvidenceTaskTemplate,fd6aa3da-af3f-4db4-8398-8d9dd549d546,6643bb6e-2468-3c90-9722-902fd92b11da,,automated01_3428474 user01_3428474,Asia/Chita,Control.Evidence.Link.Description,Control.Evidence.Link.Description,control-evidence-mapping,,control-evidence-mapping,,control-evidence-mapping,control,Control.Evidence.Link.Name,,,,,,,2026-03-20T05:00:22.367+00:00,2026-03-20,2026,March,03,Quarter 1
bd438760-303f-41aa-816a-362dd6851b60,ControlTemplate,f40e1e23-2e7f-4dd4-ac2d-749b873dd6b8,EvidenceTaskTemplate,fd6aa3da-af3f-4db4-8398-8d9dd549d546,6643bb6e-2468-3c90-9722-902fd92b11da,,automated01_3428474 user01_3428474,America/Detroit,Control.Evidence.Link.Description,Control.Evidence.Link.Description,control-evidence-mapping,,control-evidence-mapping,,control-evidence-mapping,control,Control.Evidence.Link.Name,,,,,,,2026-03-19T16:00:22.367+00:00,2026-03-19,2026,March,03,Quarter 1
bd438760-303f-41aa-816a-362dd6851b60,ControlTemplate,f40e1e23-2e7f-4dd4-ac2d-749b873dd6b8,EvidenceTaskTemplate,fd6aa3da-af3f-4db4-8398-8d9dd549d546,6643bb6e-2468-3c90-9722-902fd92b11da,,automated01_3428474 user01_3428474,America/Aruba,Control.Evidence.Link.Description,Control.Evidence.Link.Description,control-evidence-mapping,,control-evidence-mapping,,control-evidence-mapping,control,Control.Evidence.Link.Name,,,,,,,2026-03-19T16:00:22.367+00:00,2026-03-19,2026,March,03,Quarter 1
bd438760-303f-41aa-816a-362dd6851b60,ControlTemplate,f40e1e23-2e7f-4dd4-ac2d-749b873dd6b8,EvidenceTaskTemplate,fd6aa3da-af3f-4db4-8398-8d9dd549d546,6643bb6e-2468-3c90-9722-902fd92b11da,,automated01_3428474 user01_3428474,Pacific/Chuuk,Control.Evidence.Link.Description,Control.Evidence.Link.Description,control-evidence-mapping,,control-evidence-mapping,,control-evidence-mapping,control,Control.Evidence.Link.Name,,,,,,,2026-03-20T06:00:22.367+00:00,2026-03-20,2026,March,03,Quarter 1
bd438760-303f-41aa-816a-362dd6851b60,ControlTemplate,f40e1e23-2e7f-4dd4-ac2d-749b873dd6b8,EvidenceTaskTemplate,fd6aa3da-af3f-4db4-8398-8d9dd549d546,6643bb6e-2468-3c90-9722-902fd92b11da,,automated01_3428474 user01_3428474,America/Barbados,Control.Evidence.Link.Description,Control.Evidence.Link.Description,control-evidence-mapping,,control-evidence-mapping,,control-evidence-mapping,control,Control.Evidence.Link.Name,,,,,,,2026-03-19T16:00:22.367+00:00,2026-03-19,2026,March,03,Quarter 1
bd438760-303f-41aa-816a-362dd6851b60,ControlTemplate,f40e1e23-2e7f-4dd4-ac2d-749b873dd6b8,EvidenceTaskTemplate,fd6aa3da-af3f-4db4-8398-8d9dd549d546,6643bb6e-2468-3c90-9722-902fd92b11da,,automated01_3428474 user01_3428474,America/Indiana/Tell_City,Control.Evidence.Link.Description,Control.Evidence.Link.Description,control-evidence-mapping,,control-evidence-mapping,,control-evidence-mapping,control,Control.Evidence.Link.Name,,,,,,,2026-03-19T15:00:22.367+00:00,2026-03-19,2026,March,03,Quarter 1
bd438760-303f-41aa-816a-362dd6851b60,ControlTemplate,f40e1e23-2e7f-4dd4-ac2d-749b873dd6b8,EvidenceTaskTemplate,fd6aa3da-af3f-4db4-8398-8d9dd549d546,6643bb6e-2468-3c90-9722-902fd92b11da,,automated01_3428474 user01_3428474,Australia/South,Control.Evidence.Link.Description,Control.Evidence.Link.Description,control-evidence-mapping,,control-evidence-mapping,,control-evidence-mapping,control,Control.Evidence.Link.Name,,,,,,,2026-03-20T06:30:22.367+00:00,2026-03-20,2026,March,03,Quarter 1
bd438760-303f-41aa-816a-362dd6851b60,ControlTemplate,f40e1e23-2e7f-4dd4-ac2d-749b873dd6b8,EvidenceTaskTemplate,fd6aa3da-af3f-4db4-8398-8d9dd549d546,6643bb6e-2468-3c90-9722-902fd92b11da,,automated01_3428474 user01_3428474,Pacific/Kanton,Control.Evidence.Link.Description,Control.Evidence.Link.Description,control-evidence-mapping,,control-evidence-mapping,,control-evidence-mapping,control,Control.Evidence.Link.Name,,,,,,,2026-03-20T09:00:22.367+00:00,2026-03-20,2026,March,03,Quarter 1
bd438760-303f-41aa-816a-362dd6851b60,ControlTemplate,f40e1e23-2e7f-4dd4-ac2d-749b873dd6b8,EvidenceTaskTemplate,fd6aa3da-af3f-4db4-8398-8d9dd549d546,6643bb6e-2468-3c90-9722-902fd92b11da,,automated01_3428474 user01_3428474,Australia/Yancowinna,Control.Evidence.Link.Description,Control.Evidence.Link.Description,control-evidence-mapping,,control-evidence-mapping,,control-evidence-mapping,control,Control.Evidence.Link.Name,,,,,,,2026-03-20T06:30:22.367+00:00,2026-03-20,2026,March,03,Quarter 1
bd438760-303f-41aa-816a-362dd6851b60,ControlTemplate,f40e1e23-2e7f-4dd4-ac2d-749b873dd6b8,EvidenceTaskTemplate,fd6aa3da-af3f-4db4-8398-8d9dd549d546,6643bb6e-2468-3c90-9722-902fd92b11da,,automated01_3428474 user01_3428474,America/Whitehorse,Control.Evidence.Link.Description,Control.Evidence.Link.Description,control-evidence-mapping,,control-evidence-mapping,,control-evidence-mapping,control,Control.Evidence.Link.Name,,,,,,,2026-03-19T13:00:22.367+00:00,2026-03-19,2026,March,03,Quarter 1
bd438760-303f-41aa-816a-362dd6851b60,ControlTemplate,f40e1e23-2e7f-4dd4-ac2d-749b873dd6b8,EvidenceTaskTemplate,fd6aa3da-af3f-4db4-8398-8d9dd549d546,6643bb6e-2468-3c90-9722-902fd92b11da,,automated01_3428474 user01_3428474,America/Vancouver,Control.Evidence.Link.Description,Control.Evidence.Link.Description,control-evidence-mapping,,control-evidence-mapping,,control-evidence-mapping,control,Control.Evidence.Link.Name,,,,,,,2026-03-19T13:00:22.367+00:00,2026-03-19,2026,March,03,Quarter 1
bd438760-303f-41aa-816a-362dd6851b60,ControlTemplate,f40e1e23-2e7f-4dd4-ac2d-749b873dd6b8,EvidenceTaskTemplate,fd6aa3da-af3f-4db4-8398-8d9dd549d546,6643bb6e-2468-3c90-9722-902fd92b11da,,automated01_3428474 user01_3428474,Europe/Istanbul,Control.Evidence.Link.Description,Control.Evidence.Link.Description,control-evidence-mapping,,control-evidence-mapping,,control-evidence-mapping,control,Control.Evidence.Link.Name,,,,,,,2026-03-19T23:00:22.367+00:00,2026-03-19,2026,March,03,Quarter 1
bd438760-303f-41aa-816a-362dd6851b60,ControlTemplate,f40e1e23-2e7f-4dd4-ac2d-749b873dd6b8,EvidenceTaskTemplate,fd6aa3da-af3f-4db4-8398-8d9dd549d546,6643bb6e-2468-3c90-9722-902fd92b11da,,automated01_3428474 user01_3428474,Europe/Tallinn,Control.Evidence.Link.Description,Control.Evidence.Link.Description,control-evidence-mapping,,control-evidence-mapping,,control-evidence-mapping,control,Control.Evidence.Link.Name,,,,,,,2026-03-19T22:00:22.367+00:00,2026-03-19,2026,March,03,Quarter 1
bd438760-303f-41aa-816a-362dd6851b60,ControlTemplate,f40e1e23-2e7f-4dd4-ac2d-749b873dd6b8,EvidenceTaskTemplate,fd6aa3da-af3f-4db4-8398-8d9dd549d546,6643bb6e-2468-3c90-9722-902fd92b11da,,automated01_3428474 user01_3428474,Etc/GMT+7,Control.Evidence.Link.Description,Control.Evidence.Link.Description,control-evidence-mapping,,control-evidence-mapping,,control-evidence-mapping,control,Control.Evidence.Link.Name,,,,,,,2026-03-19T13:00:22.367+00:00,2026-03-19,2026,March,03,Quarter 1
bd438760-303f-41aa-816a-362dd6851b60,ControlTemplate,f40e1e23-2e7f-4dd4-ac2d-749b873dd6b8,EvidenceTaskTemplate,fd6aa3da-af3f-4db4-8398-8d9dd549d546,6643bb6e-2468-3c90-9722-902fd92b11da,,automated01_3428474 user01_3428474,Africa/Timbuktu,Control.Evidence.Link.Description,Control.Evidence.Link.Description,control-evidence-mapping,,control-evidence-mapping,,control-evidence-mapping,control,Control.Evidence.Link.Name,,,,,,,2026-03-19T20:00:22.367+00:00,2026-03-19,2026,March,03,Quarter 1
bd438760-303f-41aa-816a-362dd6851b60,ControlTemplate,f40e1e23-2e7f-4dd4-ac2d-749b873dd6b8,EvidenceTaskTemplate,fd6aa3da-af3f-4db4-8398-8d9dd549d546,6643bb6e-2468-3c90-9722-902fd92b11da,,automated01_3428474 user01_3428474,Pacific/Yap,Control.Evidence.Link.Description,Control.Evidence.Link.Description,control-evidence-mapping,,control-evidence-mapping,,control-evidence-mapping,control,Control.Evidence.Link.Name,,,,,,,2026-03-20T06:00:22.367+00:00,2026-03-20,2026,March,03,Quarter 1
bd438760-303f-41aa-816a-362dd6851b60,ControlTemplate,f40e1e23-2e7f-4dd4-ac2d-749b873dd6b8,EvidenceTaskTemplate,fd6aa3da-af3f-4db4-8398-8d9dd549d546,6643bb6e-2468-3c90-9722-902fd92b11da,,automated01_3428474 user01_3428474,America/Rosario,Control.Evidence.Link.Description,Control.Evidence.Link.Description,control-evidence-mapping,,control-evidence-mapping,,control-evidence-mapping,control,Control.Evidence.Link.Name,,,,,,,2026-03-19T17:00:22.367+00:00,2026-03-19,2026,March,03,Quarter 1
bd438760-303f-41aa-816a-362dd6851b60,ControlTemplate,f40e1e23-2e7f-4dd4-ac2d-749b873dd6b8,EvidenceTaskTemplate,fd6aa3da-af3f-4db4-8398-8d9dd549d546,6643bb6e-2468-3c90-9722-902fd92b11da,,automated01_3428474 user01_3428474,America/Caracas,Control.Evidence.Link.Description,Control.Evidence.Link.Description,control-evidence-mapping,,control-evidence-mapping,,control-evidence-mapping,control,Control.Evidence.Link.Name,,,,,,,2026-03-19T16:00:22.367+00:00,2026-03-19,2026,March,03,Quarter 1
bd438760-303f-41aa-816a-362dd6851b60,ControlTemplate,f40e1e23-2e7f-4dd4-ac2d-749b873dd6b8,EvidenceTaskTemplate,fd6aa3da-af3f-4db4-8398-8d9dd549d546,6643bb6e-2468-3c90-9722-902fd92b11da,,automated01_3428474 user01_3428474,Indian/Chagos,Control.Evidence.Link.Description,Control.Evidence.Link.Description,control-evidence-mapping,,control-evidence-mapping,,control-evidence-mapping,control,Control.Evidence.Link.Name,,,,,,,2026-03-20T02:00:22.367+00:00,2026-03-20,2026,March,03,Quarter 1
bd438760-303f-41aa-816a-362dd6851b60,ControlTemplate,f40e1e23-2e7f-4dd4-ac2d-749b873dd6b8,EvidenceTaskTemplate,fd6aa3da-af3f-4db4-8398-8d9dd549d546,6643bb6e-2468-3c90-9722-902fd92b11da,,automated01_3428474 user01_3428474,Brazil/Acre,Control.Evidence.Link.Description,Control.Evidence.Link.Description,control-evidence-mapping,,control-evidence-mapping,,control-evidence-mapping,control,Control.Evidence.Link.Name,,,,,,,2026-03-19T15:00:22.367+00:00,2026-03-19,2026,March,03,Quarter 1
bd438760-303f-41aa-816a-362dd6851b60,ControlTemplate,f40e1e23-2e7f-4dd4-ac2d-749b873dd6b8,EvidenceTaskTemplate,fd6aa3da-af3f-4db4-8398-8d9dd549d546,6643bb6e-2468-3c90-9722-902fd92b11da,,automated01_3428474 user01_3428474,Africa/Bamako,Control.Evidence.Link.Description,Control.Evidence.Link.Description,control-evidence-mapping,,control-evidence-mapping,,control-evidence-mapping,control,Control.Evidence.Link.Name,,,,,,,2026-03-19T20:00:22.367+00:00,2026-03-19,2026,March,03,Quarter 1
bd438760-303f-41aa-816a-362dd6851b60,ControlTemplate,f40e1e23-2e7f-4dd4-ac2d-749b873dd6b8,EvidenceTaskTemplate,fd6aa3da-af3f-4db4-8398-8d9dd549d546,6643bb6e-2468-3c90-9722-902fd92b11da,,automated01_3428474 user01_3428474,Europe/Copenhagen,Control.Evidence.Link.Description,Control.Evidence.Link.Description,control-evidence-mapping,,control-evidence-mapping,,control-evidence-mapping,control,Control.Evidence.Link.Name,,,,,,,2026-03-19T21:00:22.367+00:00,2026-03-19,2026,March,03,Quarter 1
bd438760-303f-41aa-816a-362dd6851b60,ControlTemplate,f40e1e23-2e7f-4dd4-ac2d-749b873dd6b8,EvidenceTaskTemplate,fd6aa3da-af3f-4db4-8398-8d9dd549d546,6643bb6e-2468-3c90-9722-902fd92b11da,,automated01_3428474 user01_3428474,America/New_York,Control.Evidence.Link.Description,Control.Evidence.Link.Description,control-evidence-mapping,,control-evidence-mapping,,control-evidence-mapping,control,Control.Evidence.Link.Name,,,,,,,2026-03-19T16:00:22.367+00:00,2026-03-19,2026,March,03,Quarter 1
bd438760-303f-41aa-816a-362dd6851b60,ControlTemplate,f40e1e23-2e7f-4dd4-ac2d-749b873dd6b8,EvidenceTaskTemplate,fd6aa3da-af3f-4db4-8398-8d9dd549d546,6643bb6e-2468-3c90-9722-902fd92b11da,,automated01_3428474 user01_3428474,Europe/Zagreb,Control.Evidence.Link.Description,Control.Evidence.Link.Description,control-evidence-mapping,,control-evidence-mapping,,control-evidence-mapping,control,Control.Evidence.Link.Name,,,,,,,2026-03-19T21:00:22.367+00:00,2026-03-19,2026,March,03,Quarter 1
bd438760-303f-41aa-816a-362dd6851b60,ControlTemplate,f40e1e23-2e7f-4dd4-ac2d-749b873dd6b8,EvidenceTaskTemplate,fd6aa3da-af3f-4db4-8398-8d9dd549d546,6643bb6e-2468-3c90-9722-902fd92b11da,,automated01_3428474 user01_3428474,Pacific/Enderbury,Control.Evidence.Link.Description,Control.Evidence.Link.Description,control-evidence-mapping,,control-evidence-mapping,,control-evidence-mapping,control,Control.Evidence.Link.Name,,,,,,,2026-03-20T09:00:22.367+00:00,2026-03-20,2026,March,03,Quarter 1
bd438760-303f-41aa-816a-362dd6851b60,ControlTemplate,f40e1e23-2e7f-4dd4-ac2d-749b873dd6b8,EvidenceTaskTemplate,fd6aa3da-af3f-4db4-8398-8d9dd549d546,6643bb6e-2468-3c90-9722-902fd92b11da,,automated01_3428474 user01_3428474,Canada/Yukon,Control.Evidence.Link.Description,Control.Evidence.Link.Description,control-evidence-mapping,,control-evidence-mapping,,control-evidence-mapping,control,Control.Evidence.Link.Name,,,,,,,2026-03-19T13:00:22.367+00:00,2026-03-19,2026,March,03,Quarter 1
bd438760-303f-41aa-816a-362dd6851b60,ControlTemplate,f40e1e23-2e7f-4dd4-ac2d-749b873dd6b8,EvidenceTaskTemplate,fd6aa3da-af3f-4db4-8398-8d9dd549d546,6643bb6e-2468-3c90-9722-902fd92b11da,,automated01_3428474 user01_3428474,Europe/Bucharest,Control.Evidence.Link.Description,Control.Evidence.Link.Description,control-evidence-mapping,,control-evidence-mapping,,control-evidence-mapping,control,Control.Evidence.Link.Name,,,,,,,2026-03-19T22:00:22.367+00:00,2026-03-19,2026,March,03,Quarter 1
bd438760-303f-41aa-816a-362dd6851b60,ControlTemplate,f40e1e23-2e7f-4dd4-ac2d-749b873dd6b8,EvidenceTaskTemplate,fd6aa3da-af3f-4db4-8398-8d9dd549d546,6643bb6e-2468-3c90-9722-902fd92b11da,,automated01_3428474 user01_3428474,Etc/Zulu,Control.Evidence.Link.Description,Control.Evidence.Link.Description,control-evidence-mapping,,control-evidence-mapping,,control-evidence-mapping,control,Control.Evidence.Link.Name,,,,,,,2026-03-19T20:00:22.367+00:00,2026-03-19,2026,March,03,Quarter 1
bd438760-303f-41aa-816a-362dd6851b60,ControlTemplate,f40e1e23-2e7f-4dd4-ac2d-749b873dd6b8,EvidenceTaskTemplate,fd6aa3da-af3f-4db4-8398-8d9dd549d546,6643bb6e-2468-3c90-9722-902fd92b11da,,automated01_3428474 user01_3428474,Africa/Juba,Control.Evidence.Link.Description,Control.Evidence.Link.Description,control-evidence-mapping,,control-evidence-mapping,,control-evidence-mapping,control,Control.Evidence.Link.Name,,,,,,,2026-03-19T22:00:22.367+00:00,2026-03-19,2026,March,03,Quarter 1
bd438760-303f-41aa-816a-362dd6851b60,ControlTemplate,f40e1e23-2e7f-4dd4-ac2d-749b873dd6b8,EvidenceTaskTemplate,fd6aa3da-af3f-4db4-8398-8d9dd549d546,6643bb6e-2468-3c90-9722-902fd92b11da,,automated01_3428474 user01_3428474,Etc/GMT+3,Control.Evidence.Link.Description,Control.Evidence.Link.Description,control-evidence-mapping,,control-evidence-mapping,,control-evidence-mapping,control,Control.Evidence.Link.Name,,,,,,,2026-03-19T17:00:22.367+00:00,2026-03-19,2026,March,03,Quarter 1
bd438760-303f-41aa-816a-362dd6851b60,ControlTemplate,f40e1e23-2e7f-4dd4-ac2d-749b873dd6b8,EvidenceTaskTemplate,fd6aa3da-af3f-4db4-8398-8d9dd549d546,6643bb6e-2468-3c90-9722-902fd92b11da,,automated01_3428474 user01_3428474,US/Mountain,Control.Evidence.Link.Description,Control.Evidence.Link.Description,control-evidence-mapping,,control-evidence-mapping,,control-evidence-mapping,control,Control.Evidence.Link.Name,,,,,,,2026-03-19T14:00:22.367+00:00,2026-03-19,2026,March,03,Quarter 1
bd438760-303f-41aa-816a-362dd6851b60,ControlTemplate,f40e1e23-2e7f-4dd4-ac2d-749b873dd6b8,EvidenceTaskTemplate,fd6aa3da-af3f-4db4-8398-8d9dd549d546,6643bb6e-2468-3c90-9722-902fd92b11da,,automated01_3428474 user01_3428474,Europe/Uzhgorod,Control.Evidence.Link.Description,Control.Evidence.Link.Description,control-evidence-mapping,,control-evidence-mapping,,control-evidence-mapping,control,Control.Evidence.Link.Name,,,,,,,2026-03-19T22:00:22.367+00:00,2026-03-19,2026,March,03,Quarter 1
bd438760-303f-41aa-816a-362dd6851b60,ControlTemplate,f40e1e23-2e7f-4dd4-ac2d-749b873dd6b8,EvidenceTaskTemplate,fd6aa3da-af3f-4db4-8398-8d9dd549d546,6643bb6e-2468-3c90-9722-902fd92b11da,,automated01_3428474 user01_3428474,Zulu,Control.Evidence.Link.Description,Control.Evidence.Link.Description,control-evidence-mapping,,control-evidence-mapping,,control-evidence-mapping,control,Control.Evidence.Link.Name,,,,,,,2026-03-19T20:00:22.367+00:00,2026-03-19,2026,March,03,Quarter 1
bd438760-303f-41aa-816a-362dd6851b60,ControlTemplate,f40e1e23-2e7f-4dd4-ac2d-749b873dd6b8,EvidenceTaskTemplate,fd6aa3da-af3f-4db4-8398-8d9dd549d546,6643bb6e-2468-3c90-9722-902fd92b11da,,automated01_3428474 user01_3428474,America/Eirunepe,Control.Evidence.Link.Description,Control.Evidence.Link.Description,control-evidence-mapping,,control-evidence-mapping,,control-evidence-mapping,control,Control.Evidence.Link.Name,,,,,,,2026-03-19T15:00:22.367+00:00,2026-03-19,2026,March,03,Quarter 1
bd438760-303f-41aa-816a-362dd6851b60,ControlTemplate,f40e1e23-2e7f-4dd4-ac2d-749b873dd6b8,EvidenceTaskTemplate,fd6aa3da-af3f-4db4-8398-8d9dd549d546,6643bb6e-2468-3c90-9722-902fd92b11da,,automated01_3428474 user01_3428474,America/Marigot,Control.Evidence.Link.Description,Control.Evidence.Link.Description,control-evidence-mapping,,control-evidence-mapping,,control-evidence-mapping,control,Control.Evidence.Link.Name,,,,,,,2026-03-19T16:00:22.367+00:00,2026-03-19,2026,March,03,Quarter 1
bd438760-303f-41aa-816a-362dd6851b60,ControlTemplate,f40e1e23-2e7f-4dd4-ac2d-749b873dd6b8,EvidenceTaskTemplate,fd6aa3da-af3f-4db4-8398-8d9dd549d546,6643bb6e-2468-3c90-9722-902fd92b11da,,automated01_3428474 user01_3428474,Europe/Dublin,Control.Evidence.Link.Description,Control.Evidence.Link.Description,control-evidence-mapping,,control-evidence-mapping,,control-evidence-mapping,control,Control.Evidence.Link.Name,,,,,,,2026-03-19T20:00:22.367+00:00,2026-03-19,2026,March,03,Quarter 1
bd438760-303f-41aa-816a-362dd6851b60,ControlTemplate,f40e1e23-2e7f-4dd4-ac2d-749b873dd6b8,EvidenceTaskTemplate,fd6aa3da-af3f-4db4-8398-8d9dd549d546,6643bb6e-2468-3c90-9722-902fd92b11da,,automated01_3428474 user01_3428474,Europe/Guernsey,Control.Evidence.Link.Description,Control.Evidence.Link.Description,control-evidence-mapping,,control-evidence-mapping,,control-evidence-mapping,control,Control.Evidence.Link.Name,,,,,,,2026-03-19T20:00:22.367+00:00,2026-03-19,2026,March,03,Quarter 1
bd438760-303f-41aa-816a-362dd6851b60,ControlTemplate,f40e1e23-2e7f-4dd4-ac2d-749b873dd6b8,EvidenceTaskTemplate,fd6aa3da-af3f-4db4-8398-8d9dd549d546,6643bb6e-2468-3c90-9722-902fd92b11da,,automated01_3428474 user01_3428474,Africa/Dar_es_Salaam,Control.Evidence.Link.Description,Control.Evidence.Link.Description,control-evidence-mapping,,control-evidence-mapping,,control-evidence-mapping,control,Control.Evidence.Link.Name,,,,,,,2026-03-19T23:00:22.367+00:00,2026-03-19,2026,March,03,Quarter 1
bd438760-303f-41aa-816a-362dd6851b60,ControlTemplate,f40e1e23-2e7f-4dd4-ac2d-749b873dd6b8,EvidenceTaskTemplate,fd6aa3da-af3f-4db4-8398-8d9dd549d546,6643bb6e-2468-3c90-9722-902fd92b11da,,automated01_3428474 user01_3428474,Etc/GMT+6,Control.Evidence.Link.Description,Control.Evidence.Link.Description,control-evidence-mapping,,control-evidence-mapping,,control-evidence-mapping,control,Control.Evidence.Link.Name,,,,,,,2026-03-19T14:00:22.367+00:00,2026-03-19,2026,March,03,Quarter 1
bd438760-303f-41aa-816a-362dd6851b60,ControlTemplate,f40e1e23-2e7f-4dd4-ac2d-749b873dd6b8,EvidenceTaskTemplate,fd6aa3da-af3f-4db4-8398-8d9dd549d546,6643bb6e-2468-3c90-9722-902fd92b11da,,automated01_3428474 user01_3428474,America/Danmarkshavn,Control.Evidence.Link.Description,Control.Evidence.Link.Description,control-evidence-mapping,,control-evidence-mapping,,control-evidence-mapping,control,Control.Evidence.Link.Name,,,,,,,2026-03-19T20:00:22.367+00:00,2026-03-19,2026,March,03,Quarter 1
bd438760-303f-41aa-816a-362dd6851b60,ControlTemplate,f40e1e23-2e7f-4dd4-ac2d-749b873dd6b8,EvidenceTaskTemplate,fd6aa3da-af3f-4db4-8398-8d9dd549d546,6643bb6e-2468-3c90-9722-902fd92b11da,,automated01_3428474 user01_3428474,America/Buenos_Aires,Control.Evidence.Link.Description,Control.Evidence.Link.Description,control-evidence-mapping,,control-evidence-mapping,,control-evidence-mapping,control,Control.Evidence.Link.Name,,,,,,,2026-03-19T17:00:22.367+00:00,2026-03-19,2026,March,03,Quarter 1
bd438760-303f-41aa-816a-362dd6851b60,ControlTemplate,f40e1e23-2e7f-4dd4-ac2d-749b873dd6b8,EvidenceTaskTemplate,fd6aa3da-af3f-4db4-8398-8d9dd549d546,6643bb6e-2468-3c90-9722-902fd92b11da,,automated01_3428474 user01_3428474,Australia/Victoria,Control.Evidence.Link.Description,Control.Evidence.Link.Description,control-evidence-mapping,,control-evidence-mapping,,control-evidence-mapping,control,Control.Evidence.Link.Name,,,,,,,2026-03-20T07:00:22.367+00:00,2026-03-20,2026,March,03,Quarter 1
bd438760-303f-41aa-816a-362dd6851b60,ControlTemplate,f40e1e23-2e7f-4dd4-ac2d-749b873dd6b8,EvidenceTaskTemplate,fd6aa3da-af3f-4db4-8398-8d9dd549d546,6643bb6e-2468-3c90-9722-902fd92b11da,,automated01_3428474 user01_3428474,Etc/GMT+2,Control.Evidence.Link.Description,Control.Evidence.Link.Description,control-evidence-mapping,,control-evidence-mapping,,control-evidence-mapping,control,Control.Evidence.Link.Name,,,,,,,2026-03-19T18:00:22.367+00:00,2026-03-19,2026,March,03,Quarter 1
bd438760-303f-41aa-816a-362dd6851b60,ControlTemplate,f40e1e23-2e7f-4dd4-ac2d-749b873dd6b8,EvidenceTaskTemplate,fd6aa3da-af3f-4db4-8398-8d9dd549d546,6643bb6e-2468-3c90-9722-902fd92b11da,,automated01_3428474 user01_3428474,America/Belize,Control.Evidence.Link.Description,Control.Evidence.Link.Description,control-evidence-mapping,,control-evidence-mapping,,control-evidence-mapping,control,Control.Evidence.Link.Name,,,,,,,2026-03-19T14:00:22.367+00:00,2026-03-19,2026,March,03,Quarter 1
bd438760-303f-41aa-816a-362dd6851b60,ControlTemplate,f40e1e23-2e7f-4dd4-ac2d-749b873dd6b8,EvidenceTaskTemplate,fd6aa3da-af3f-4db4-8398-8d9dd549d546,6643bb6e-2468-3c90-9722-902fd92b11da,,automated01_3428474 user01_3428474,America/Fortaleza,Control.Evidence.Link.Description,Control.Evidence.Link.Description,control-evidence-mapping,,control-evidence-mapping,,control-evidence-mapping,control,Control.Evidence.Link.Name,,,,,,,2026-03-19T17:00:22.367+00:00,2026-03-19,2026,March,03,Quarter 1
bd438760-303f-41aa-816a-362dd6851b60,ControlTemplate,f40e1e23-2e7f-4dd4-ac2d-749b873dd6b8,EvidenceTaskTemplate,fd6aa3da-af3f-4db4-8398-8d9dd549d546,6643bb6e-2468-3c90-9722-902fd92b11da,,automated01_3428474 user01_3428474,Brazil/DeNoronha,Control.Evidence.Link.Description,Control.Evidence.Link.Description,control-evidence-mapping,,control-evidence-mapping,,control-evidence-mapping,control,Control.Evidence.Link.Name,,,,,,,2026-03-19T18:00:22.367+00:00,2026-03-19,2026,March,03,Quarter 1
bd438760-303f-41aa-816a-362dd6851b60,ControlTemplate,f40e1e23-2e7f-4dd4-ac2d-749b873dd6b8,EvidenceTaskTemplate,fd6aa3da-af3f-4db4-8398-8d9dd549d546,6643bb6e-2468-3c90-9722-902fd92b11da,,automated01_3428474 user01_3428474,Asia/Kuwait,Control.Evidence.Link.Description,Control.Evidence.Link.Description,control-evidence-mapping,,control-evidence-mapping,,control-evidence-mapping,control,Control.Evidence.Link.Name,,,,,,,2026-03-19T23:00:22.367+00:00,2026-03-19,2026,March,03,Quarter 1
bd438760-303f-41aa-816a-362dd6851b60,ControlTemplate,f40e1e23-2e7f-4dd4-ac2d-749b873dd6b8,EvidenceTaskTemplate,fd6aa3da-af3f-4db4-8398-8d9dd549d546,6643bb6e-2468-3c90-9722-902fd92b11da,,automated01_3428474 user01_3428474,Asia/Magadan,Control.Evidence.Link.Description,Control.Evidence.Link.Description,control-evidence-mapping,,control-evidence-mapping,,control-evidence-mapping,control,Control.Evidence.Link.Name,,,,,,,2026-03-20T07:00:22.367+00:00,2026-03-20,2026,March,03,Quarter 1
bd438760-303f-41aa-816a-362dd6851b60,ControlTemplate,f40e1e23-2e7f-4dd4-ac2d-749b873dd6b8,EvidenceTaskTemplate,fd6aa3da-af3f-4db4-8398-8d9dd549d546,6643bb6e-2468-3c90-9722-902fd92b11da,,automated01_3428474 user01_3428474,Africa/Dakar,Control.Evidence.Link.Description,Control.Evidence.Link.Description,control-evidence-mapping,,control-evidence-mapping,,control-evidence-mapping,control,Control.Evidence.Link.Name,,,,,,,2026-03-19T20:00:22.367+00:00,2026-03-19,2026,March,03,Quarter 1
bd438760-303f-41aa-816a-362dd6851b60,ControlTemplate,f40e1e23-2e7f-4dd4-ac2d-749b873dd6b8,EvidenceTaskTemplate,fd6aa3da-af3f-4db4-8398-8d9dd549d546,6643bb6e-2468-3c90-9722-902fd92b11da,,automated01_3428474 user01_3428474,America/Cancun,Control.Evidence.Link.Description,Control.Evidence.Link.Description,control-evidence-mapping,,control-evidence-mapping,,control-evidence-mapping,control,Control.Evidence.Link.Name,,,,,,,2026-03-19T15:00:22.367+00:00,2026-03-19,2026,March,03,Quarter 1
bd438760-303f-41aa-816a-362dd6851b60,ControlTemplate,f40e1e23-2e7f-4dd4-ac2d-749b873dd6b8,EvidenceTaskTemplate,fd6aa3da-af3f-4db4-8398-8d9dd549d546,6643bb6e-2468-3c90-9722-902fd92b11da,,automated01_3428474 user01_3428474,Asia/Krasnoyarsk,Control.Evidence.Link.Description,Control.Evidence.Link.Description,control-evidence-mapping,,control-evidence-mapping,,control-evidence-mapping,control,Control.Evidence.Link.Name,,,,,,,2026-03-20T03:00:22.367+00:00,2026-03-20,2026,March,03,Quarter 1
bd438760-303f-41aa-816a-362dd6851b60,ControlTemplate,f40e1e23-2e7f-4dd4-ac2d-749b873dd6b8,EvidenceTaskTemplate,fd6aa3da-af3f-4db4-8398-8d9dd549d546,6643bb6e-2468-3c90-9722-902fd92b11da,,automated01_3428474 user01_3428474,Etc/GMT+12,Control.Evidence.Link.Description,Control.Evidence.Link.Description,control-evidence-mapping,,control-evidence-mapping,,control-evidence-mapping,control,Control.Evidence.Link.Name,,,,,,,2026-03-19T08:00:22.367+00:00,2026-03-19,2026,March,03,Quarter 1
bd438760-303f-41aa-816a-362dd6851b60,ControlTemplate,f40e1e23-2e7f-4dd4-ac2d-749b873dd6b8,EvidenceTaskTemplate,fd6aa3da-af3f-4db4-8398-8d9dd549d546,6643bb6e-2468-3c90-9722-902fd92b11da,,automated01_3428474 user01_3428474,Pacific/Guam,Control.Evidence.Link.Description,Control.Evidence.Link.Description,control-evidence-mapping,,control-evidence-mapping,,control-evidence-mapping,control,Control.Evidence.Link.Name,,,,,,,2026-03-20T06:00:22.367+00:00,2026-03-20,2026,March,03,Quarter 1
bd438760-303f-41aa-816a-362dd6851b60,ControlTemplate,f40e1e23-2e7f-4dd4-ac2d-749b873dd6b8,EvidenceTaskTemplate,fd6aa3da-af3f-4db4-8398-8d9dd549d546,6643bb6e-2468-3c90-9722-902fd92b11da,,automated01_3428474 user01_3428474,Etc/GMT-3,Control.Evidence.Link.Description,Control.Evidence.Link.Description,control-evidence-mapping,,control-evidence-mapping,,control-evidence-mapping,control,Control.Evidence.Link.Name,,,,,,,2026-03-19T23:00:22.367+00:00,2026-03-19,2026,March,03,Quarter 1
bd438760-303f-41aa-816a-362dd6851b60,ControlTemplate,f40e1e23-2e7f-4dd4-ac2d-749b873dd6b8,EvidenceTaskTemplate,fd6aa3da-af3f-4db4-8398-8d9dd549d546,6643bb6e-2468-3c90-9722-902fd92b11da,,automated01_3428474 user01_3428474,Libya,Control.Evidence.Link.Description,Control.Evidence.Link.Description,control-evidence-mapping,,control-evidence-mapping,,control-evidence-mapping,control,Control.Evidence.Link.Name,,,,,,,2026-03-19T22:00:22.367+00:00,2026-03-19,2026,March,03,Quarter 1
bd438760-303f-41aa-816a-362dd6851b60,ControlTemplate,f40e1e23-2e7f-4dd4-ac2d-749b873dd6b8,EvidenceTaskTemplate,fd6aa3da-af3f-4db4-8398-8d9dd549d546,6643bb6e-2468-3c90-9722-902fd92b11da,,automated01_3428474 user01_3428474,Asia/Qatar,Control.Evidence.Link.Description,Control.Evidence.Link.Description,control-evidence-mapping,,control-evidence-mapping,,control-evidence-mapping,control,Control.Evidence.Link.Name,,,,,,,2026-03-19T23:00:22.367+00:00,2026-03-19,2026,March,03,Quarter 1
bd438760-303f-41aa-816a-362dd6851b60,ControlTemplate,f40e1e23-2e7f-4dd4-ac2d-749b873dd6b8,EvidenceTaskTemplate,fd6aa3da-af3f-4db4-8398-8d9dd549d546,6643bb6e-2468-3c90-9722-902fd92b11da,,automated01_3428474 user01_3428474,US/East-Indiana,Control.Evidence.Link.Description,Control.Evidence.Link.Description,control-evidence-mapping,,control-evidence-mapping,,control-evidence-mapping,control,Control.Evidence.Link.Name,,,,,,,2026-03-19T16:00:22.367+00:00,2026-03-19,2026,March,03,Quarter 1
bd438760-303f-41aa-816a-362dd6851b60,ControlTemplate,f40e1e23-2e7f-4dd4-ac2d-749b873dd6b8,EvidenceTaskTemplate,fd6aa3da-af3f-4db4-8398-8d9dd549d546,6643bb6e-2468-3c90-9722-902fd92b11da,,automated01_3428474 user01_3428474,Asia/Ashkhabad,Control.Evidence.Link.Description,Control.Evidence.Link.Description,control-evidence-mapping,,control-evidence-mapping,,control-evidence-mapping,control,Control.Evidence.Link.Name,,,,,,,2026-03-20T01:00:22.367+00:00,2026-03-20,2026,March,03,Quarter 1
bd438760-303f-41aa-816a-362dd6851b60,ControlTemplate,f40e1e23-2e7f-4dd4-ac2d-749b873dd6b8,EvidenceTaskTemplate,fd6aa3da-af3f-4db4-8398-8d9dd549d546,6643bb6e-2468-3c90-9722-902fd92b11da,,automated01_3428474 user01_3428474,America/Denver,Control.Evidence.Link.Description,Control.Evidence.Link.Description,control-evidence-mapping,,control-evidence-mapping,,control-evidence-mapping,control,Control.Evidence.Link.Name,,,,,,,2026-03-19T14:00:22.367+00:00,2026-03-19,2026,March,03,Quarter 1
bd438760-303f-41aa-816a-362dd6851b60,ControlTemplate,f40e1e23-2e7f-4dd4-ac2d-749b873dd6b8,EvidenceTaskTemplate,fd6aa3da-af3f-4db4-8398-8d9dd549d546,6643bb6e-2468-3c90-9722-902fd92b11da,,automated01_3428474 user01_3428474,Etc/GMT0,Control.Evidence.Link.Description,Control.Evidence.Link.Description,control-evidence-mapping,,control-evidence-mapping,,control-evidence-mapping,control,Control.Evidence.Link.Name,,,,,,,2026-03-19T20:00:22.367+00:00,2026-03-19,2026,March,03,Quarter 1
bd438760-303f-41aa-816a-362dd6851b60,ControlTemplate,f40e1e23-2e7f-4dd4-ac2d-749b873dd6b8,EvidenceTaskTemplate,fd6aa3da-af3f-4db4-8398-8d9dd549d546,6643bb6e-2468-3c90-9722-902fd92b11da,,automated01_3428474 user01_3428474,Brazil/East,Control.Evidence.Link.Description,Control.Evidence.Link.Description,control-evidence-mapping,,control-evidence-mapping,,control-evidence-mapping,control,Control.Evidence.Link.Name,,,,,,,2026-03-19T17:00:22.367+00:00,2026-03-19,2026,March,03,Quarter 1
bd438760-303f-41aa-816a-362dd6851b60,ControlTemplate,f40e1e23-2e7f-4dd4-ac2d-749b873dd6b8,EvidenceTaskTemplate,fd6aa3da-af3f-4db4-8398-8d9dd549d546,6643bb6e-2468-3c90-9722-902fd92b11da,,automated01_3428474 user01_3428474,Africa/Mogadishu,Control.Evidence.Link.Description,Control.Evidence.Link.Description,control-evidence-mapping,,control-evidence-mapping,,control-evidence-mapping,control,Control.Evidence.Link.Name,,,,,,,2026-03-19T23:00:22.367+00:00,2026-03-19,2026,March,03,Quarter 1
bd438760-303f-41aa-816a-362dd6851b60,ControlTemplate,f40e1e23-2e7f-4dd4-ac2d-749b873dd6b8,EvidenceTaskTemplate,fd6aa3da-af3f-4db4-8398-8d9dd549d546,6643bb6e-2468-3c90-9722-902fd92b11da,,automated01_3428474 user01_3428474,Europe/Oslo,Control.Evidence.Link.Description,Control.Evidence.Link.Description,control-evidence-mapping,,control-evidence-mapping,,control-evidence-mapping,control,Control.Evidence.Link.Name,,,,,,,2026-03-19T21:00:22.367+00:00,2026-03-19,2026,March,03,Quarter 1
bd438760-303f-41aa-816a-362dd6851b60,ControlTemplate,f40e1e23-2e7f-4dd4-ac2d-749b873dd6b8,EvidenceTaskTemplate,fd6aa3da-af3f-4db4-8398-8d9dd549d546,6643bb6e-2468-3c90-9722-902fd92b11da,,automated01_3428474 user01_3428474,Antarctica/Mawson,Control.Evidence.Link.Description,Control.Evidence.Link.Description,control-evidence-mapping,,control-evidence-mapping,,control-evidence-mapping,control,Control.Evidence.Link.Name,,,,,,,2026-03-20T01:00:22.367+00:00,2026-03-20,2026,March,03,Quarter 1
bd438760-303f-41aa-816a-362dd6851b60,ControlTemplate,f40e1e23-2e7f-4dd4-ac2d-749b873dd6b8,EvidenceTaskTemplate,fd6aa3da-af3f-4db4-8398-8d9dd549d546,6643bb6e-2468-3c90-9722-902fd92b11da,,automated01_3428474 user01_3428474,Africa/Abidjan,Control.Evidence.Link.Description,Control.Evidence.Link.Description,control-evidence-mapping,,control-evidence-mapping,,control-evidence-mapping,control,Control.Evidence.Link.Name,,,,,,,2026-03-19T20:00:22.367+00:00,2026-03-19,2026,March,03,Quarter 1
bd438760-303f-41aa-816a-362dd6851b60,ControlTemplate,f40e1e23-2e7f-4dd4-ac2d-749b873dd6b8,EvidenceTaskTemplate,fd6aa3da-af3f-4db4-8398-8d9dd549d546,6643bb6e-2468-3c90-9722-902fd92b11da,,automated01_3428474 user01_3428474,Singapore,Control.Evidence.Link.Description,Control.Evidence.Link.Description,control-evidence-mapping,,control-evidence-mapping,,control-evidence-mapping,control,Control.Evidence.Link.Name,,,,,,,2026-03-20T04:00:22.367+00:00,2026-03-20,2026,March,03,Quarter 1
bd438760-303f-41aa-816a-362dd6851b60,ControlTemplate,f40e1e23-2e7f-4dd4-ac2d-749b873dd6b8,EvidenceTaskTemplate,fd6aa3da-af3f-4db4-8398-8d9dd549d546,6643bb6e-2468-3c90-9722-902fd92b11da,,automated01_3428474 user01_3428474,Europe/Lisbon,Control.Evidence.Link.Description,Control.Evidence.Link.Description,control-evidence-mapping,,control-evidence-mapping,,control-evidence-mapping,control,Control.Evidence.Link.Name,,,,,,,2026-03-19T20:00:22.367+00:00,2026-03-19,2026,March,03,Quarter 1
bd438760-303f-41aa-816a-362dd6851b60,ControlTemplate,f40e1e23-2e7f-4dd4-ac2d-749b873dd6b8,EvidenceTaskTemplate,fd6aa3da-af3f-4db4-8398-8d9dd549d546,6643bb6e-2468-3c90-9722-902fd92b11da,,automated01_3428474 user01_3428474,Etc/Greenwich,Control.Evidence.Link.Description,Control.Evidence.Link.Description,control-evidence-mapping,,control-evidence-mapping,,control-evidence-mapping,control,Control.Evidence.Link.Name,,,,,,,2026-03-19T20:00:22.367+00:00,2026-03-19,2026,March,03,Quarter 1
bd438760-303f-41aa-816a-362dd6851b60,ControlTemplate,f40e1e23-2e7f-4dd4-ac2d-749b873dd6b8,EvidenceTaskTemplate,fd6aa3da-af3f-4db4-8398-8d9dd549d546,6643bb6e-2468-3c90-9722-902fd92b11da,,automated01_3428474 user01_3428474,Africa/Gaborone,Control.Evidence.Link.Description,Control.Evidence.Link.Description,control-evidence-mapping,,control-evidence-mapping,,control-evidence-mapping,control,Control.Evidence.Link.Name,,,,,,,2026-03-19T22:00:22.367+00:00,2026-03-19,2026,March,03,Quarter 1
bd438760-303f-41aa-816a-362dd6851b60,ControlTemplate,f40e1e23-2e7f-4dd4-ac2d-749b873dd6b8,EvidenceTaskTemplate,fd6aa3da-af3f-4db4-8398-8d9dd549d546,6643bb6e-2468-3c90-9722-902fd92b11da,,automated01_3428474 user01_3428474,GB,Control.Evidence.Link.Description,Control.Evidence.Link.Description,control-evidence-mapping,,control-evidence-mapping,,control-evidence-mapping,control,Control.Evidence.Link.Name,,,,,,,2026-03-19T20:00:22.367+00:00,2026-03-19,2026,March,03,Quarter 1
bd438760-303f-41aa-816a-362dd6851b60,ControlTemplate,f40e1e23-2e7f-4dd4-ac2d-749b873dd6b8,EvidenceTaskTemplate,fd6aa3da-af3f-4db4-8398-8d9dd549d546,6643bb6e-2468-3c90-9722-902fd92b11da,,automated01_3428474 user01_3428474,Antarctica/Casey,Control.Evidence.Link.Description,Control.Evidence.Link.Description,control-evidence-mapping,,control-evidence-mapping,,control-evidence-mapping,control,Control.Evidence.Link.Name,,,,,,,2026-03-20T04:00:22.367+00:00,2026-03-20,2026,March,03,Quarter 1
bd438760-303f-41aa-816a-362dd6851b60,ControlTemplate,f40e1e23-2e7f-4dd4-ac2d-749b873dd6b8,EvidenceTaskTemplate,fd6aa3da-af3f-4db4-8398-8d9dd549d546,6643bb6e-2468-3c90-9722-902fd92b11da,,automated01_3428474 user01_3428474,Asia/Choibalsan,Control.Evidence.Link.Description,Control.Evidence.Link.Description,control-evidence-mapping,,control-evidence-mapping,,control-evidence-mapping,control,Control.Evidence.Link.Name,,,,,,,2026-03-20T04:00:22.367+00:00,2026-03-20,2026,March,03,Quarter 1
bd438760-303f-41aa-816a-362dd6851b60,ControlTemplate,f40e1e23-2e7f-4dd4-ac2d-749b873dd6b8,EvidenceTaskTemplate,fd6aa3da-af3f-4db4-8398-8d9dd549d546,6643bb6e-2468-3c90-9722-902fd92b11da,,automated01_3428474 user01_3428474,Pacific/Easter,Control.Evidence.Link.Description,Control.Evidence.Link.Description,control-evidence-mapping,,control-evidence-mapping,,control-evidence-mapping,control,Control.Evidence.Link.Name,,,,,,,2026-03-19T15:00:22.367+00:00,2026-03-19,2026,March,03,Quarter 1
bd438760-303f-41aa-816a-362dd6851b60,ControlTemplate,f40e1e23-2e7f-4dd4-ac2d-749b873dd6b8,EvidenceTaskTemplate,fd6aa3da-af3f-4db4-8398-8d9dd549d546,6643bb6e-2468-3c90-9722-902fd92b11da,,automated01_3428474 user01_3428474,Africa/Bissau,Control.Evidence.Link.Description,Control.Evidence.Link.Description,control-evidence-mapping,,control-evidence-mapping,,control-evidence-mapping,control,Control.Evidence.Link.Name,,,,,,,2026-03-19T20:00:22.367+00:00,2026-03-19,2026,March,03,Quarter 1
bd438760-303f-41aa-816a-362dd6851b60,ControlTemplate,f40e1e23-2e7f-4dd4-ac2d-749b873dd6b8,EvidenceTaskTemplate,fd6aa3da-af3f-4db4-8398-8d9dd549d546,6643bb6e-2468-3c90-9722-902fd92b11da,,automated01_3428474 user01_3428474,Antarctica/Palmer,Control.Evidence.Link.Description,Control.Evidence.Link.Description,control-evidence-mapping,,control-evidence-mapping,,control-evidence-mapping,control,Control.Evidence.Link.Name,,,,,,,2026-03-19T17:00:22.367+00:00,2026-03-19,2026,March,03,Quarter 1
bd438760-303f-41aa-816a-362dd6851b60,ControlTemplate,f40e1e23-2e7f-4dd4-ac2d-749b873dd6b8,EvidenceTaskTemplate,fd6aa3da-af3f-4db4-8398-8d9dd549d546,6643bb6e-2468-3c90-9722-902fd92b11da,,automated01_3428474 user01_3428474,Asia/Ujung_Pandang,Control.Evidence.Link.Description,Control.Evidence.Link.Description,control-evidence-mapping,,control-evidence-mapping,,control-evidence-mapping,control,Control.Evidence.Link.Name,,,,,,,2026-03-20T04:00:22.367+00:00,2026-03-20,2026,March,03,Quarter 1
bd438760-303f-41aa-816a-362dd6851b60,ControlTemplate,f40e1e23-2e7f-4dd4-ac2d-749b873dd6b8,EvidenceTaskTemplate,fd6aa3da-af3f-4db4-8398-8d9dd549d546,6643bb6e-2468-3c90-9722-902fd92b11da,,automated01_3428474 user01_3428474,Australia/Brisbane,Control.Evidence.Link.Description,Control.Evidence.Link.Description,control-evidence-mapping,,control-evidence-mapping,,control-evidence-mapping,control,Control.Evidence.Link.Name,,,,,,,2026-03-20T06:00:22.367+00:00,2026-03-20,2026,March,03,Quarter 1
bd438760-303f-41aa-816a-362dd6851b60,ControlTemplate,f40e1e23-2e7f-4dd4-ac2d-749b873dd6b8,EvidenceTaskTemplate,fd6aa3da-af3f-4db4-8398-8d9dd549d546,6643bb6e-2468-3c90-9722-902fd92b11da,,automated01_3428474 user01_3428474,Asia/Manila,Control.Evidence.Link.Description,Control.Evidence.Link.Description,control-evidence-mapping,,control-evidence-mapping,,control-evidence-mapping,control,Control.Evidence.Link.Name,,,,,,,2026-03-20T04:00:22.367+00:00,2026-03-20,2026,March,03,Quarter 1
bd438760-303f-41aa-816a-362dd6851b60,ControlTemplate,f40e1e23-2e7f-4dd4-ac2d-749b873dd6b8,EvidenceTaskTemplate,fd6aa3da-af3f-4db4-8398-8d9dd549d546,6643bb6e-2468-3c90-9722-902fd92b11da,,automated01_3428474 user01_3428474,Europe/Gibraltar,Control.Evidence.Link.Description,Control.Evidence.Link.Description,control-evidence-mapping,,control-evidence-mapping,,control-evidence-mapping,control,Control.Evidence.Link.Name,,,,,,,2026-03-19T21:00:22.367+00:00,2026-03-19,2026,March,03,Quarter 1
bd438760-303f-41aa-816a-362dd6851b60,ControlTemplate,f40e1e23-2e7f-4dd4-ac2d-749b873dd6b8,EvidenceTaskTemplate,fd6aa3da-af3f-4db4-8398-8d9dd549d546,6643bb6e-2468-3c90-9722-902fd92b11da,,automated01_3428474 user01_3428474,America/Guadeloupe,Control.Evidence.Link.Description,Control.Evidence.Link.Description,control-evidence-mapping,,control-evidence-mapping,,control-evidence-mapping,control,Control.Evidence.Link.Name,,,,,,,2026-03-19T16:00:22.367+00:00,2026-03-19,2026,March,03,Quarter 1
bd438760-303f-41aa-816a-362dd6851b60,ControlTemplate,f40e1e23-2e7f-4dd4-ac2d-749b873dd6b8,EvidenceTaskTemplate,fd6aa3da-af3f-4db4-8398-8d9dd549d546,6643bb6e-2468-3c90-9722-902fd92b11da,,automated01_3428474 user01_3428474,Etc/GMT+0,Control.Evidence.Link.Description,Control.Evidence.Link.Description,control-evidence-mapping,,control-evidence-mapping,,control-evidence-mapping,control,Control.Evidence.Link.Name,,,,,,,2026-03-19T20:00:22.367+00:00,2026-03-19,2026,March,03,Quarter 1
bd438760-303f-41aa-816a-362dd6851b60,ControlTemplate,f40e1e23-2e7f-4dd4-ac2d-749b873dd6b8,EvidenceTaskTemplate,fd6aa3da-af3f-4db4-8398-8d9dd549d546,6643bb6e-2468-3c90-9722-902fd92b11da,,automated01_3428474 user01_3428474,America/Indianapolis,Control.Evidence.Link.Description,Control.Evidence.Link.Description,control-evidence-mapping,,control-evidence-mapping,,control-evidence-mapping,control,Control.Evidence.Link.Name,,,,,,,2026-03-19T16:00:22.367+00:00,2026-03-19,2026,March,03,Quarter 1
bd438760-303f-41aa-816a-362dd6851b60,ControlTemplate,f40e1e23-2e7f-4dd4-ac2d-749b873dd6b8,EvidenceTaskTemplate,fd6aa3da-af3f-4db4-8398-8d9dd549d546,6643bb6e-2468-3c90-9722-902fd92b11da,,automated01_3428474 user01_3428474,US/Central,Control.Evidence.Link.Description,Control.Evidence.Link.Description,control-evidence-mapping,,control-evidence-mapping,,control-evidence-mapping,control,Control.Evidence.Link.Name,,,,,,,2026-03-19T15:00:22.367+00:00,2026-03-19,2026,March,03,Quarter 1
bd438760-303f-41aa-816a-362dd6851b60,ControlTemplate,f40e1e23-2e7f-4dd4-ac2d-749b873dd6b8,EvidenceTaskTemplate,fd6aa3da-af3f-4db4-8398-8d9dd549d546,6643bb6e-2468-3c90-9722-902fd92b11da,,automated01_3428474 user01_3428474,Asia/Dubai,Control.Evidence.Link.Description,Control.Evidence.Link.Description,control-evidence-mapping,,control-evidence-mapping,,control-evidence-mapping,control,Control.Evidence.Link.Name,,,,,,,2026-03-20T00:00:22.367+00:00,2026-03-20,2026,March,03,Quarter 1
bd438760-303f-41aa-816a-362dd6851b60,ControlTemplate,f40e1e23-2e7f-4dd4-ac2d-749b873dd6b8,EvidenceTaskTemplate,fd6aa3da-af3f-4db4-8398-8d9dd549d546,6643bb6e-2468-3c90-9722-902fd92b11da,,automated01_3428474 user01_3428474,Europe/Minsk,Control.Evidence.Link.Description,Control.Evidence.Link.Description,control-evidence-mapping,,control-evidence-mapping,,control-evidence-mapping,control,Control.Evidence.Link.Name,,,,,,,2026-03-19T23:00:22.367+00:00,2026-03-19,2026,March,03,Quarter 1
bd438760-303f-41aa-816a-362dd6851b60,ControlTemplate,f40e1e23-2e7f-4dd4-ac2d-749b873dd6b8,EvidenceTaskTemplate,fd6aa3da-af3f-4db4-8398-8d9dd549d546,6643bb6e-2468-3c90-9722-902fd92b11da,,automated01_3428474 user01_3428474,Asia/Dili,Control.Evidence.Link.Description,Control.Evidence.Link.Description,control-evidence-mapping,,control-evidence-mapping,,control-evidence-mapping,control,Control.Evidence.Link.Name,,,,,,,2026-03-20T05:00:22.367+00:00,2026-03-20,2026,March,03,Quarter 1
bd438760-303f-41aa-816a-362dd6851b60,ControlTemplate,f40e1e23-2e7f-4dd4-ac2d-749b873dd6b8,EvidenceTaskTemplate,fd6aa3da-af3f-4db4-8398-8d9dd549d546,6643bb6e-2468-3c90-9722-902fd92b11da,,automated01_3428474 user01_3428474,Asia/Ulan_Bator,Control.Evidence.Link.Description,Control.Evidence.Link.Description,control-evidence-mapping,,control-evidence-mapping,,control-evidence-mapping,control,Control.Evidence.Link.Name,,,,,,,2026-03-20T04:00:22.367+00:00,2026-03-20,2026,March,03,Quarter 1
bd438760-303f-41aa-816a-362dd6851b60,ControlTemplate,f40e1e23-2e7f-4dd4-ac2d-749b873dd6b8,EvidenceTaskTemplate,fd6aa3da-af3f-4db4-8398-8d9dd549d546,6643bb6e-2468-3c90-9722-902fd92b11da,,automated01_3428474 user01_3428474,EST5EDT,Control.Evidence.Link.Description,Control.Evidence.Link.Description,control-evidence-mapping,,control-evidence-mapping,,control-evidence-mapping,control,Control.Evidence.Link.Name,,,,,,,2026-03-19T16:00:22.367+00:00,2026-03-19,2026,March,03,Quarter 1
bd438760-303f-41aa-816a-362dd6851b60,ControlTemplate,f40e1e23-2e7f-4dd4-ac2d-749b873dd6b8,EvidenceTaskTemplate,fd6aa3da-af3f-4db4-8398-8d9dd549d546,6643bb6e-2468-3c90-9722-902fd92b11da,,automated01_3428474 user01_3428474,Asia/Dhaka,Control.Evidence.Link.Description,Control.Evidence.Link.Description,control-evidence-mapping,,control-evidence-mapping,,control-evidence-mapping,control,Control.Evidence.Link.Name,,,,,,,2026-03-20T02:00:22.367+00:00,2026-03-20,2026,March,03,Quarter 1
bd438760-303f-41aa-816a-362dd6851b60,ControlTemplate,f40e1e23-2e7f-4dd4-ac2d-749b873dd6b8,EvidenceTaskTemplate,fd6aa3da-af3f-4db4-8398-8d9dd549d546,6643bb6e-2468-3c90-9722-902fd92b11da,,automated01_3428474 user01_3428474,Asia/Thimphu,Control.Evidence.Link.Description,Control.Evidence.Link.Description,control-evidence-mapping,,control-evidence-mapping,,control-evidence-mapping,control,Control.Evidence.Link.Name,,,,,,,2026-03-20T02:00:22.367+00:00,2026-03-20,2026,March,03,Quarter 1
bd438760-303f-41aa-816a-362dd6851b60,ControlTemplate,f40e1e23-2e7f-4dd4-ac2d-749b873dd6b8,EvidenceTaskTemplate,fd6aa3da-af3f-4db4-8398-8d9dd549d546,6643bb6e-2468-3c90-9722-902fd92b11da,,automated01_3428474 user01_3428474,Africa/Brazzaville,Control.Evidence.Link.Description,Control.Evidence.Link.Description,control-evidence-mapping,,control-evidence-mapping,,control-evidence-mapping,control,Control.Evidence.Link.Name,,,,,,,2026-03-19T21:00:22.367+00:00,2026-03-19,2026,March,03,Quarter 1
bd438760-303f-41aa-816a-362dd6851b60,ControlTemplate,f40e1e23-2e7f-4dd4-ac2d-749b873dd6b8,EvidenceTaskTemplate,fd6aa3da-af3f-4db4-8398-8d9dd549d546,6643bb6e-2468-3c90-9722-902fd92b11da,,automated01_3428474 user01_3428474,America/Santarem,Control.Evidence.Link.Description,Control.Evidence.Link.Description,control-evidence-mapping,,control-evidence-mapping,,control-evidence-mapping,control,Control.Evidence.Link.Name,,,,,,,2026-03-19T17:00:22.367+00:00,2026-03-19,2026,March,03,Quarter 1
bd438760-303f-41aa-816a-362dd6851b60,ControlTemplate,f40e1e23-2e7f-4dd4-ac2d-749b873dd6b8,EvidenceTaskTemplate,fd6aa3da-af3f-4db4-8398-8d9dd549d546,6643bb6e-2468-3c90-9722-902fd92b11da,,automated01_3428474 user01_3428474,Africa/Harare,Control.Evidence.Link.Description,Control.Evidence.Link.Description,control-evidence-mapping,,control-evidence-mapping,,control-evidence-mapping,control,Control.Evidence.Link.Name,,,,,,,2026-03-19T22:00:22.367+00:00,2026-03-19,2026,March,03,Quarter 1
bd438760-303f-41aa-816a-362dd6851b60,ControlTemplate,f40e1e23-2e7f-4dd4-ac2d-749b873dd6b8,EvidenceTaskTemplate,fd6aa3da-af3f-4db4-8398-8d9dd549d546,6643bb6e-2468-3c90-9722-902fd92b11da,,automated01_3428474 user01_3428474,Africa/Lome,Control.Evidence.Link.Description,Control.Evidence.Link.Description,control-evidence-mapping,,control-evidence-mapping,,control-evidence-mapping,control,Control.Evidence.Link.Name,,,,,,,2026-03-19T20:00:22.367+00:00,2026-03-19,2026,March,03,Quarter 1
bd438760-303f-41aa-816a-362dd6851b60,ControlTemplate,f40e1e23-2e7f-4dd4-ac2d-749b873dd6b8,EvidenceTaskTemplate,fd6aa3da-af3f-4db4-8398-8d9dd549d546,6643bb6e-2468-3c90-9722-902fd92b11da,,automated01_3428474 user01_3428474,America/Asuncion,Control.Evidence.Link.Description,Control.Evidence.Link.Description,control-evidence-mapping,,control-evidence-mapping,,control-evidence-mapping,control,Control.Evidence.Link.Name,,,,,,,2026-03-19T17:00:22.367+00:00,2026-03-19,2026,March,03,Quarter 1
bd438760-303f-41aa-816a-362dd6851b60,ControlTemplate,f40e1e23-2e7f-4dd4-ac2d-749b873dd6b8,EvidenceTaskTemplate,fd6aa3da-af3f-4db4-8398-8d9dd549d546,6643bb6e-2468-3c90-9722-902fd92b11da,,automated01_3428474 user01_3428474,Asia/Tbilisi,Control.Evidence.Link.Description,Control.Evidence.Link.Description,control-evidence-mapping,,control-evidence-mapping,,control-evidence-mapping,control,Control.Evidence.Link.Name,,,,,,,2026-03-20T00:00:22.367+00:00,2026-03-20,2026,March,03,Quarter 1
bd438760-303f-41aa-816a-362dd6851b60,ControlTemplate,f40e1e23-2e7f-4dd4-ac2d-749b873dd6b8,EvidenceTaskTemplate,fd6aa3da-af3f-4db4-8398-8d9dd549d546,6643bb6e-2468-3c90-9722-902fd92b11da,,automated01_3428474 user01_3428474,Asia/Barnaul,Control.Evidence.Link.Description,Control.Evidence.Link.Description,control-evidence-mapping,,control-evidence-mapping,,control-evidence-mapping,control,Control.Evidence.Link.Name,,,,,,,2026-03-20T03:00:22.367+00:00,2026-03-20,2026,March,03,Quarter 1
bd438760-303f-41aa-816a-362dd6851b60,ControlTemplate,f40e1e23-2e7f-4dd4-ac2d-749b873dd6b8,EvidenceTaskTemplate,fd6aa3da-af3f-4db4-8398-8d9dd549d546,6643bb6e-2468-3c90-9722-902fd92b11da,,automated01_3428474 user01_3428474,Asia/Oral,Control.Evidence.Link.Description,Control.Evidence.Link.Description,control-evidence-mapping,,control-evidence-mapping,,control-evidence-mapping,control,Control.Evidence.Link.Name,,,,,,,2026-03-20T01:00:22.367+00:00,2026-03-20,2026,March,03,Quarter 1
bd438760-303f-41aa-816a-362dd6851b60,ControlTemplate,f40e1e23-2e7f-4dd4-ac2d-749b873dd6b8,EvidenceTaskTemplate,fd6aa3da-af3f-4db4-8398-8d9dd549d546,6643bb6e-2468-3c90-9722-902fd92b11da,,automated01_3428474 user01_3428474,Africa/Kigali,Control.Evidence.Link.Description,Control.Evidence.Link.Description,control-evidence-mapping,,control-evidence-mapping,,control-evidence-mapping,control,Control.Evidence.Link.Name,,,,,,,2026-03-19T22:00:22.367+00:00,2026-03-19,2026,March,03,Quarter 1
bd438760-303f-41aa-816a-362dd6851b60,ControlTemplate,f40e1e23-2e7f-4dd4-ac2d-749b873dd6b8,EvidenceTaskTemplate,fd6aa3da-af3f-4db4-8398-8d9dd549d546,6643bb6e-2468-3c90-9722-902fd92b11da,,automated01_3428474 user01_3428474,Indian/Kerguelen,Control.Evidence.Link.Description,Control.Evidence.Link.Description,control-evidence-mapping,,control-evidence-mapping,,control-evidence-mapping,control,Control.Evidence.Link.Name,,,,,,,2026-03-20T01:00:22.367+00:00,2026-03-20,2026,March,03,Quarter 1
bd438760-303f-41aa-816a-362dd6851b60,ControlTemplate,f40e1e23-2e7f-4dd4-ac2d-749b873dd6b8,EvidenceTaskTemplate,fd6aa3da-af3f-4db4-8398-8d9dd549d546,6643bb6e-2468-3c90-9722-902fd92b11da,,automated01_3428474 user01_3428474,America/Godthab,Control.Evidence.Link.Description,Control.Evidence.Link.Description,control-evidence-mapping,,control-evidence-mapping,,control-evidence-mapping,control,Control.Evidence.Link.Name,,,,,,,2026-03-19T18:00:22.367+00:00,2026-03-19,2026,March,03,Quarter 1
bd438760-303f-41aa-816a-362dd6851b60,ControlTemplate,f40e1e23-2e7f-4dd4-ac2d-749b873dd6b8,EvidenceTaskTemplate,fd6aa3da-af3f-4db4-8398-8d9dd549d546,6643bb6e-2468-3c90-9722-902fd92b11da,,automated01_3428474 user01_3428474,Asia/Urumqi,Control.Evidence.Link.Description,Control.Evidence.Link.Description,control-evidence-mapping,,control-evidence-mapping,,control-evidence-mapping,control,Control.Evidence.Link.Name,,,,,,,2026-03-20T02:00:22.367+00:00,2026-03-20,2026,March,03,Quarter 1
bd438760-303f-41aa-816a-362dd6851b60,ControlTemplate,f40e1e23-2e7f-4dd4-ac2d-749b873dd6b8,EvidenceTaskTemplate,fd6aa3da-af3f-4db4-8398-8d9dd549d546,6643bb6e-2468-3c90-9722-902fd92b11da,,automated01_3428474 user01_3428474,Canada/Eastern,Control.Evidence.Link.Description,Control.Evidence.Link.Description,control-evidence-mapping,,control-evidence-mapping,,control-evidence-mapping,control,Control.Evidence.Link.Name,,,,,,,2026-03-19T16:00:22.367+00:00,2026-03-19,2026,March,03,Quarter 1
bd438760-303f-41aa-816a-362dd6851b60,ControlTemplate,f40e1e23-2e7f-4dd4-ac2d-749b873dd6b8,EvidenceTaskTemplate,fd6aa3da-af3f-4db4-8398-8d9dd549d546,6643bb6e-2468-3c90-9722-902fd92b11da,,automated01_3428474 user01_3428474,Africa/Addis_Ababa,Control.Evidence.Link.Description,Control.Evidence.Link.Description,control-evidence-mapping,,control-evidence-mapping,,control-evidence-mapping,control,Control.Evidence.Link.Name,,,,,,,2026-03-19T23:00:22.367+00:00,2026-03-19,2026,March,03,Quarter 1
bd438760-303f-41aa-816a-362dd6851b60,ControlTemplate,f40e1e23-2e7f-4dd4-ac2d-749b873dd6b8,EvidenceTaskTemplate,fd6aa3da-af3f-4db4-8398-8d9dd549d546,6643bb6e-2468-3c90-9722-902fd92b11da,,automated01_3428474 user01_3428474,Europe/Skopje,Control.Evidence.Link.Description,Control.Evidence.Link.Description,control-evidence-mapping,,control-evidence-mapping,,control-evidence-mapping,control,Control.Evidence.Link.Name,,,,,,,2026-03-19T21:00:22.367+00:00,2026-03-19,2026,March,03,Quarter 1
bd438760-303f-41aa-816a-362dd6851b60,ControlTemplate,f40e1e23-2e7f-4dd4-ac2d-749b873dd6b8,EvidenceTaskTemplate,fd6aa3da-af3f-4db4-8398-8d9dd549d546,6643bb6e-2468-3c90-9722-902fd92b11da,,automated01_3428474 user01_3428474,America/Guayaquil,Control.Evidence.Link.Description,Control.Evidence.Link.Description,control-evidence-mapping,,control-evidence-mapping,,control-evidence-mapping,control,Control.Evidence.Link.Name,,,,,,,2026-03-19T15:00:22.367+00:00,2026-03-19,2026,March,03,Quarter 1
bd438760-303f-41aa-816a-362dd6851b60,ControlTemplate,f40e1e23-2e7f-4dd4-ac2d-749b873dd6b8,EvidenceTaskTemplate,fd6aa3da-af3f-4db4-8398-8d9dd549d546,6643bb6e-2468-3c90-9722-902fd92b11da,,automated01_3428474 user01_3428474,Pacific/Kwajalein,Control.Evidence.Link.Description,Control.Evidence.Link.Description,control-evidence-mapping,,control-evidence-mapping,,control-evidence-mapping,control,Control.Evidence.Link.Name,,,,,,,2026-03-20T08:00:22.367+00:00,2026-03-20,2026,March,03,Quarter 1
bd438760-303f-41aa-816a-362dd6851b60,ControlTemplate,f40e1e23-2e7f-4dd4-ac2d-749b873dd6b8,EvidenceTaskTemplate,fd6aa3da-af3f-4db4-8398-8d9dd549d546,6643bb6e-2468-3c90-9722-902fd92b11da,,automated01_3428474 user01_3428474,America/Tijuana,Control.Evidence.Link.Description,Control.Evidence.Link.Description,control-evidence-mapping,,control-evidence-mapping,,control-evidence-mapping,control,Control.Evidence.Link.Name,,,,,,,2026-03-19T13:00:22.367+00:00,2026-03-19,2026,March,03,Quarter 1
bd438760-303f-41aa-816a-362dd6851b60,ControlTemplate,f40e1e23-2e7f-4dd4-ac2d-749b873dd6b8,EvidenceTaskTemplate,fd6aa3da-af3f-4db4-8398-8d9dd549d546,6643bb6e-2468-3c90-9722-902fd92b11da,,automated01_3428474 user01_3428474,Europe/Ljubljana,Control.Evidence.Link.Description,Control.Evidence.Link.Description,control-evidence-mapping,,control-evidence-mapping,,control-evidence-mapping,control,Control.Evidence.Link.Name,,,,,,,2026-03-19T21:00:22.367+00:00,2026-03-19,2026,March,03,Quarter 1
bd438760-303f-41aa-816a-362dd6851b60,ControlTemplate,f40e1e23-2e7f-4dd4-ac2d-749b873dd6b8,EvidenceTaskTemplate,fd6aa3da-af3f-4db4-8398-8d9dd549d546,6643bb6e-2468-3c90-9722-902fd92b11da,,automated01_3428474 user01_3428474,Chile/EasterIsland,Control.Evidence.Link.Description,Control.Evidence.Link.Description,control-evidence-mapping,,control-evidence-mapping,,control-evidence-mapping,control,Control.Evidence.Link.Name,,,,,,,2026-03-19T15:00:22.367+00:00,2026-03-19,2026,March,03,Quarter 1
bd438760-303f-41aa-816a-362dd6851b60,ControlTemplate,f40e1e23-2e7f-4dd4-ac2d-749b873dd6b8,EvidenceTaskTemplate,fd6aa3da-af3f-4db4-8398-8d9dd549d546,6643bb6e-2468-3c90-9722-902fd92b11da,,automated01_3428474 user01_3428474,Etc/GMT-14,Control.Evidence.Link.Description,Control.Evidence.Link.Description,control-evidence-mapping,,control-evidence-mapping,,control-evidence-mapping,control,Control.Evidence.Link.Name,,,,,,,2026-03-20T10:00:22.367+00:00,2026-03-20,2026,March,03,Quarter 1
bd438760-303f-41aa-816a-362dd6851b60,ControlTemplate,f40e1e23-2e7f-4dd4-ac2d-749b873dd6b8,EvidenceTaskTemplate,fd6aa3da-af3f-4db4-8398-8d9dd549d546,6643bb6e-2468-3c90-9722-902fd92b11da,,automated01_3428474 user01_3428474,Asia/Macao,Control.Evidence.Link.Description,Control.Evidence.Link.Description,control-evidence-mapping,,control-evidence-mapping,,control-evidence-mapping,control,Control.Evidence.Link.Name,,,,,,,2026-03-20T04:00:22.367+00:00,2026-03-20,2026,March,03,Quarter 1
bd438760-303f-41aa-816a-362dd6851b60,ControlTemplate,f40e1e23-2e7f-4dd4-ac2d-749b873dd6b8,EvidenceTaskTemplate,fd6aa3da-af3f-4db4-8398-8d9dd549d546,6643bb6e-2468-3c90-9722-902fd92b11da,,automated01_3428474 user01_3428474,Atlantic/Azores,Control.Evidence.Link.Description,Control.Evidence.Link.Description,control-evidence-mapping,,control-evidence-mapping,,control-evidence-mapping,control,Control.Evidence.Link.Name,,,,,,,2026-03-19T19:00:22.367+00:00,2026-03-19,2026,March,03,Quarter 1
bd438760-303f-41aa-816a-362dd6851b60,ControlTemplate,f40e1e23-2e7f-4dd4-ac2d-749b873dd6b8,EvidenceTaskTemplate,fd6aa3da-af3f-4db4-8398-8d9dd549d546,6643bb6e-2468-3c90-9722-902fd92b11da,,automated01_3428474 user01_3428474,America/Lower_Princes,Control.Evidence.Link.Description,Control.Evidence.Link.Description,control-evidence-mapping,,control-evidence-mapping,,control-evidence-mapping,control,Control.Evidence.Link.Name,,,,,,,2026-03-19T16:00:22.367+00:00,2026-03-19,2026,March,03,Quarter 1
bd438760-303f-41aa-816a-362dd6851b60,ControlTemplate,f40e1e23-2e7f-4dd4-ac2d-749b873dd6b8,EvidenceTaskTemplate,fd6aa3da-af3f-4db4-8398-8d9dd549d546,6643bb6e-2468-3c90-9722-902fd92b11da,,automated01_3428474 user01_3428474,America/Ojinaga,Control.Evidence.Link.Description,Control.Evidence.Link.Description,control-evidence-mapping,,control-evidence-mapping,,control-evidence-mapping,control,Control.Evidence.Link.Name,,,,,,,2026-03-19T15:00:22.367+00:00,2026-03-19,2026,March,03,Quarter 1
bd438760-303f-41aa-816a-362dd6851b60,ControlTemplate,f40e1e23-2e7f-4dd4-ac2d-749b873dd6b8,EvidenceTaskTemplate,fd6aa3da-af3f-4db4-8398-8d9dd549d546,6643bb6e-2468-3c90-9722-902fd92b11da,,automated01_3428474 user01_3428474,America/Louisville,Control.Evidence.Link.Description,Control.Evidence.Link.Description,control-evidence-mapping,,control-evidence-mapping,,control-evidence-mapping,control,Control.Evidence.Link.Name,,,,,,,2026-03-19T16:00:22.367+00:00,2026-03-19,2026,March,03,Quarter 1
bd438760-303f-41aa-816a-362dd6851b60,ControlTemplate,f40e1e23-2e7f-4dd4-ac2d-749b873dd6b8,EvidenceTaskTemplate,fd6aa3da-af3f-4db4-8398-8d9dd549d546,6643bb6e-2468-3c90-9722-902fd92b11da,,automated01_3428474 user01_3428474,America/Fort_Wayne,Control.Evidence.Link.Description,Control.Evidence.Link.Description,control-evidence-mapping,,control-evidence-mapping,,control-evidence-mapping,control,Control.Evidence.Link.Name,,,,,,,2026-03-19T16:00:22.367+00:00,2026-03-19,2026,March,03,Quarter 1
bd438760-303f-41aa-816a-362dd6851b60,ControlTemplate,f40e1e23-2e7f-4dd4-ac2d-749b873dd6b8,EvidenceTaskTemplate,fd6aa3da-af3f-4db4-8398-8d9dd549d546,6643bb6e-2468-3c90-9722-902fd92b11da,,automated01_3428474 user01_3428474,Asia/Makassar,Control.Evidence.Link.Description,Control.Evidence.Link.Description,control-evidence-mapping,,control-evidence-mapping,,control-evidence-mapping,control,Control.Evidence.Link.Name,,,,,,,2026-03-20T04:00:22.367+00:00,2026-03-20,2026,March,03,Quarter 1
bd438760-303f-41aa-816a-362dd6851b60,ControlTemplate,f40e1e23-2e7f-4dd4-ac2d-749b873dd6b8,EvidenceTaskTemplate,fd6aa3da-af3f-4db4-8398-8d9dd549d546,6643bb6e-2468-3c90-9722-902fd92b11da,,automated01_3428474 user01_3428474,Asia/Dushanbe,Control.Evidence.Link.Description,Control.Evidence.Link.Description,control-evidence-mapping,,control-evidence-mapping,,control-evidence-mapping,control,Control.Evidence.Link.Name,,,,,,,2026-03-20T01:00:22.367+00:00,2026-03-20,2026,March,03,Quarter 1
bd438760-303f-41aa-816a-362dd6851b60,ControlTemplate,f40e1e23-2e7f-4dd4-ac2d-749b873dd6b8,EvidenceTaskTemplate,fd6aa3da-af3f-4db4-8398-8d9dd549d546,6643bb6e-2468-3c90-9722-902fd92b11da,,automated01_3428474 user01_3428474,Asia/Anadyr,Control.Evidence.Link.Description,Control.Evidence.Link.Description,control-evidence-mapping,,control-evidence-mapping,,control-evidence-mapping,control,Control.Evidence.Link.Name,,,,,,,2026-03-20T08:00:22.367+00:00,2026-03-20,2026,March,03,Quarter 1
bd438760-303f-41aa-816a-362dd6851b60,ControlTemplate,f40e1e23-2e7f-4dd4-ac2d-749b873dd6b8,EvidenceTaskTemplate,fd6aa3da-af3f-4db4-8398-8d9dd549d546,6643bb6e-2468-3c90-9722-902fd92b11da,,automated01_3428474 user01_3428474,ROK,Control.Evidence.Link.Description,Control.Evidence.Link.Description,control-evidence-mapping,,control-evidence-mapping,,control-evidence-mapping,control,Control.Evidence.Link.Name,,,,,,,2026-03-20T05:00:22.367+00:00,2026-03-20,2026,March,03,Quarter 1
bd438760-303f-41aa-816a-362dd6851b60,ControlTemplate,f40e1e23-2e7f-4dd4-ac2d-749b873dd6b8,EvidenceTaskTemplate,fd6aa3da-af3f-4db4-8398-8d9dd549d546,6643bb6e-2468-3c90-9722-902fd92b11da,,automated01_3428474 user01_3428474,America/Anguilla,Control.Evidence.Link.Description,Control.Evidence.Link.Description,control-evidence-mapping,,control-evidence-mapping,,control-evidence-mapping,control,Control.Evidence.Link.Name,,,,,,,2026-03-19T16:00:22.367+00:00,2026-03-19,2026,March,03,Quarter 1
bd438760-303f-41aa-816a-362dd6851b60,ControlTemplate,f40e1e23-2e7f-4dd4-ac2d-749b873dd6b8,EvidenceTaskTemplate,fd6aa3da-af3f-4db4-8398-8d9dd549d546,6643bb6e-2468-3c90-9722-902fd92b11da,,automated01_3428474 user01_3428474,Europe/Bratislava,Control.Evidence.Link.Description,Control.Evidence.Link.Description,control-evidence-mapping,,control-evidence-mapping,,control-evidence-mapping,control,Control.Evidence.Link.Name,,,,,,,2026-03-19T21:00:22.367+00:00,2026-03-19,2026,March,03,Quarter 1
bd438760-303f-41aa-816a-362dd6851b60,ControlTemplate,f40e1e23-2e7f-4dd4-ac2d-749b873dd6b8,EvidenceTaskTemplate,fd6aa3da-af3f-4db4-8398-8d9dd549d546,6643bb6e-2468-3c90-9722-902fd92b11da,,automated01_3428474 user01_3428474,Australia/Broken_Hill,Control.Evidence.Link.Description,Control.Evidence.Link.Description,control-evidence-mapping,,control-evidence-mapping,,control-evidence-mapping,control,Control.Evidence.Link.Name,,,,,,,2026-03-20T06:30:22.367+00:00,2026-03-20,2026,March,03,Quarter 1
bd438760-303f-41aa-816a-362dd6851b60,ControlTemplate,f40e1e23-2e7f-4dd4-ac2d-749b873dd6b8,EvidenceTaskTemplate,fd6aa3da-af3f-4db4-8398-8d9dd549d546,6643bb6e-2468-3c90-9722-902fd92b11da,,automated01_3428474 user01_3428474,Pacific/Niue,Control.Evidence.Link.Description,Control.Evidence.Link.Description,control-evidence-mapping,,control-evidence-mapping,,control-evidence-mapping,control,Control.Evidence.Link.Name,,,,,,,2026-03-19T09:00:22.367+00:00,2026-03-19,2026,March,03,Quarter 1
bd438760-303f-41aa-816a-362dd6851b60,ControlTemplate,f40e1e23-2e7f-4dd4-ac2d-749b873dd6b8,EvidenceTaskTemplate,fd6aa3da-af3f-4db4-8398-8d9dd549d546,6643bb6e-2468-3c90-9722-902fd92b11da,,automated01_3428474 user01_3428474,America/Pangnirtung,Control.Evidence.Link.Description,Control.Evidence.Link.Description,control-evidence-mapping,,control-evidence-mapping,,control-evidence-mapping,control,Control.Evidence.Link.Name,,,,,,,2026-03-19T16:00:22.367+00:00,2026-03-19,2026,March,03,Quarter 1
bd438760-303f-41aa-816a-362dd6851b60,ControlTemplate,f40e1e23-2e7f-4dd4-ac2d-749b873dd6b8,EvidenceTaskTemplate,fd6aa3da-af3f-4db4-8398-8d9dd549d546,6643bb6e-2468-3c90-9722-902fd92b11da,,automated01_3428474 user01_3428474,Asia/Seoul,Control.Evidence.Link.Description,Control.Evidence.Link.Description,control-evidence-mapping,,control-evidence-mapping,,control-evidence-mapping,control,Control.Evidence.Link.Name,,,,,,,2026-03-20T05:00:22.367+00:00,2026-03-20,2026,March,03,Quarter 1
bd438760-303f-41aa-816a-362dd6851b60,ControlTemplate,f40e1e23-2e7f-4dd4-ac2d-749b873dd6b8,EvidenceTaskTemplate,fd6aa3da-af3f-4db4-8398-8d9dd549d546,6643bb6e-2468-3c90-9722-902fd92b11da,,automated01_3428474 user01_3428474,Europe/Berlin,Control.Evidence.Link.Description,Control.Evidence.Link.Description,control-evidence-mapping,,control-evidence-mapping,,control-evidence-mapping,control,Control.Evidence.Link.Name,,,,,,,2026-03-19T21:00:22.367+00:00,2026-03-19,2026,March,03,Quarter 1
bd438760-303f-41aa-816a-362dd6851b60,ControlTemplate,f40e1e23-2e7f-4dd4-ac2d-749b873dd6b8,EvidenceTaskTemplate,fd6aa3da-af3f-4db4-8398-8d9dd549d546,6643bb6e-2468-3c90-9722-902fd92b11da,,automated01_3428474 user01_3428474,Atlantic/St_Helena,Control.Evidence.Link.Description,Control.Evidence.Link.Description,control-evidence-mapping,,control-evidence-mapping,,control-evidence-mapping,control,Control.Evidence.Link.Name,,,,,,,2026-03-19T20:00:22.367+00:00,2026-03-19,2026,March,03,Quarter 1
bd438760-303f-41aa-816a-362dd6851b60,ControlTemplate,f40e1e23-2e7f-4dd4-ac2d-749b873dd6b8,EvidenceTaskTemplate,fd6aa3da-af3f-4db4-8398-8d9dd549d546,6643bb6e-2468-3c90-9722-902fd92b11da,,automated01_3428474 user01_3428474,Europe/Brussels,Control.Evidence.Link.Description,Control.Evidence.Link.Description,control-evidence-mapping,,control-evidence-mapping,,control-evidence-mapping,control,Control.Evidence.Link.Name,,,,,,,2026-03-19T21:00:22.367+00:00,2026-03-19,2026,March,03,Quarter 1
bd438760-303f-41aa-816a-362dd6851b60,ControlTemplate,f40e1e23-2e7f-4dd4-ac2d-749b873dd6b8,EvidenceTaskTemplate,fd6aa3da-af3f-4db4-8398-8d9dd549d546,6643bb6e-2468-3c90-9722-902fd92b11da,,automated01_3428474 user01_3428474,America/Hermosillo,Control.Evidence.Link.Description,Control.Evidence.Link.Description,control-evidence-mapping,,control-evidence-mapping,,control-evidence-mapping,control,Control.Evidence.Link.Name,,,,,,,2026-03-19T13:00:22.367+00:00,2026-03-19,2026,March,03,Quarter 1
bd438760-303f-41aa-816a-362dd6851b60,ControlTemplate,f40e1e23-2e7f-4dd4-ac2d-749b873dd6b8,EvidenceTaskTemplate,fd6aa3da-af3f-4db4-8398-8d9dd549d546,6643bb6e-2468-3c90-9722-902fd92b11da,,automated01_3428474 user01_3428474,US/Hawaii,Control.Evidence.Link.Description,Control.Evidence.Link.Description,control-evidence-mapping,,control-evidence-mapping,,control-evidence-mapping,control,Control.Evidence.Link.Name,,,,,,,2026-03-19T10:00:22.367+00:00,2026-03-19,2026,March,03,Quarter 1
bd438760-303f-41aa-816a-362dd6851b60,ControlTemplate,f40e1e23-2e7f-4dd4-ac2d-749b873dd6b8,EvidenceTaskTemplate,fd6aa3da-af3f-4db4-8398-8d9dd549d546,6643bb6e-2468-3c90-9722-902fd92b11da,,automated01_3428474 user01_3428474,Europe/Chisinau,Control.Evidence.Link.Description,Control.Evidence.Link.Description,control-evidence-mapping,,control-evidence-mapping,,control-evidence-mapping,control,Control.Evidence.Link.Name,,,,,,,2026-03-19T22:00:22.367+00:00,2026-03-19,2026,March,03,Quarter 1
bd438760-303f-41aa-816a-362dd6851b60,ControlTemplate,f40e1e23-2e7f-4dd4-ac2d-749b873dd6b8,EvidenceTaskTemplate,fd6aa3da-af3f-4db4-8398-8d9dd549d546,6643bb6e-2468-3c90-9722-902fd92b11da,,automated01_3428474 user01_3428474,Australia/LHI,Control.Evidence.Link.Description,Control.Evidence.Link.Description,control-evidence-mapping,,control-evidence-mapping,,control-evidence-mapping,control,Control.Evidence.Link.Name,,,,,,,2026-03-20T07:00:22.367+00:00,2026-03-20,2026,March,03,Quarter 1
bd438760-303f-41aa-816a-362dd6851b60,ControlTemplate,f40e1e23-2e7f-4dd4-ac2d-749b873dd6b8,EvidenceTaskTemplate,fd6aa3da-af3f-4db4-8398-8d9dd549d546,6643bb6e-2468-3c90-9722-902fd92b11da,,automated01_3428474 user01_3428474,America/Merida,Control.Evidence.Link.Description,Control.Evidence.Link.Description,control-evidence-mapping,,control-evidence-mapping,,control-evidence-mapping,control,Control.Evidence.Link.Name,,,,,,,2026-03-19T14:00:22.367+00:00,2026-03-19,2026,March,03,Quarter 1
bd438760-303f-41aa-816a-362dd6851b60,ControlTemplate,f40e1e23-2e7f-4dd4-ac2d-749b873dd6b8,EvidenceTaskTemplate,fd6aa3da-af3f-4db4-8398-8d9dd549d546,6643bb6e-2468-3c90-9722-902fd92b11da,,automated01_3428474 user01_3428474,Asia/Qostanay,Control.Evidence.Link.Description,Control.Evidence.Link.Description,control-evidence-mapping,,control-evidence-mapping,,control-evidence-mapping,control,Control.Evidence.Link.Name,,,,,,,2026-03-20T01:00:22.367+00:00,2026-03-20,2026,March,03,Quarter 1
bd438760-303f-41aa-816a-362dd6851b60,ControlTemplate,f40e1e23-2e7f-4dd4-ac2d-749b873dd6b8,EvidenceTaskTemplate,fd6aa3da-af3f-4db4-8398-8d9dd549d546,6643bb6e-2468-3c90-9722-902fd92b11da,,automated01_3428474 user01_3428474,Africa/Casablanca,Control.Evidence.Link.Description,Control.Evidence.Link.Description,control-evidence-mapping,,control-evidence-mapping,,control-evidence-mapping,control,Control.Evidence.Link.Name,,,,,,,2026-03-19T20:00:22.367+00:00,2026-03-19,2026,March,03,Quarter 1
bd438760-303f-41aa-816a-362dd6851b60,ControlTemplate,f40e1e23-2e7f-4dd4-ac2d-749b873dd6b8,EvidenceTaskTemplate,fd6aa3da-af3f-4db4-8398-8d9dd549d546,6643bb6e-2468-3c90-9722-902fd92b11da,,automated01_3428474 user01_3428474,Iran,Control.Evidence.Link.Description,Control.Evidence.Link.Description,control-evidence-mapping,,control-evidence-mapping,,control-evidence-mapping,control,Control.Evidence.Link.Name,,,,,,,2026-03-19T23:30:22.367+00:00,2026-03-19,2026,March,03,Quarter 1
bd438760-303f-41aa-816a-362dd6851b60,ControlTemplate,f40e1e23-2e7f-4dd4-ac2d-749b873dd6b8,EvidenceTaskTemplate,fd6aa3da-af3f-4db4-8398-8d9dd549d546,6643bb6e-2468-3c90-9722-902fd92b11da,,automated01_3428474 user01_3428474,Atlantic/Faeroe,Control.Evidence.Link.Description,Control.Evidence.Link.Description,control-evidence-mapping,,control-evidence-mapping,,control-evidence-mapping,control,Control.Evidence.Link.Name,,,,,,,2026-03-19T20:00:22.367+00:00,2026-03-19,2026,March,03,Quarter 1
bd438760-303f-41aa-816a-362dd6851b60,ControlTemplate,f40e1e23-2e7f-4dd4-ac2d-749b873dd6b8,EvidenceTaskTemplate,fd6aa3da-af3f-4db4-8398-8d9dd549d546,6643bb6e-2468-3c90-9722-902fd92b11da,,automated01_3428474 user01_3428474,Antarctica/Troll,Control.Evidence.Link.Description,Control.Evidence.Link.Description,control-evidence-mapping,,control-evidence-mapping,,control-evidence-mapping,control,Control.Evidence.Link.Name,,,,,,,2026-03-19T20:00:22.367+00:00,2026-03-19,2026,March,03,Quarter 1
bd438760-303f-41aa-816a-362dd6851b60,ControlTemplate,f40e1e23-2e7f-4dd4-ac2d-749b873dd6b8,EvidenceTaskTemplate,fd6aa3da-af3f-4db4-8398-8d9dd549d546,6643bb6e-2468-3c90-9722-902fd92b11da,,automated01_3428474 user01_3428474,Africa/Maseru,Control.Evidence.Link.Description,Control.Evidence.Link.Description,control-evidence-mapping,,control-evidence-mapping,,control-evidence-mapping,control,Control.Evidence.Link.Name,,,,,,,2026-03-19T22:00:22.367+00:00,2026-03-19,2026,March,03,Quarter 1
bd438760-303f-41aa-816a-362dd6851b60,ControlTemplate,f40e1e23-2e7f-4dd4-ac2d-749b873dd6b8,EvidenceTaskTemplate,fd6aa3da-af3f-4db4-8398-8d9dd549d546,6643bb6e-2468-3c90-9722-902fd92b11da,,automated01_3428474 user01_3428474,Asia/Aden,Control.Evidence.Link.Description,Control.Evidence.Link.Description,control-evidence-mapping,,control-evidence-mapping,,control-evidence-mapping,control,Control.Evidence.Link.Name,,,,,,,2026-03-19T23:00:22.367+00:00,2026-03-19,2026,March,03,Quarter 1
bd438760-303f-41aa-816a-362dd6851b60,ControlTemplate,f40e1e23-2e7f-4dd4-ac2d-749b873dd6b8,EvidenceTaskTemplate,fd6aa3da-af3f-4db4-8398-8d9dd549d546,6643bb6e-2468-3c90-9722-902fd92b11da,,automated01_3428474 user01_3428474,America/Adak,Control.Evidence.Link.Description,Control.Evidence.Link.Description,control-evidence-mapping,,control-evidence-mapping,,control-evidence-mapping,control,Control.Evidence.Link.Name,,,,,,,2026-03-19T11:00:22.367+00:00,2026-03-19,2026,March,03,Quarter 1
bd438760-303f-41aa-816a-362dd6851b60,ControlTemplate,f40e1e23-2e7f-4dd4-ac2d-749b873dd6b8,EvidenceTaskTemplate,fd6aa3da-af3f-4db4-8398-8d9dd549d546,6643bb6e-2468-3c90-9722-902fd92b11da,,automated01_3428474 user01_3428474,Africa/Bujumbura,Control.Evidence.Link.Description,Control.Evidence.Link.Description,control-evidence-mapping,,control-evidence-mapping,,control-evidence-mapping,control,Control.Evidence.Link.Name,,,,,,,2026-03-19T22:00:22.367+00:00,2026-03-19,2026,March,03,Quarter 1
bd438760-303f-41aa-816a-362dd6851b60,ControlTemplate,f40e1e23-2e7f-4dd4-ac2d-749b873dd6b8,EvidenceTaskTemplate,fd6aa3da-af3f-4db4-8398-8d9dd549d546,6643bb6e-2468-3c90-9722-902fd92b11da,,automated01_3428474 user01_3428474,Africa/Blantyre,Control.Evidence.Link.Description,Control.Evidence.Link.Description,control-evidence-mapping,,control-evidence-mapping,,control-evidence-mapping,control,Control.Evidence.Link.Name,,,,,,,2026-03-19T22:00:22.367+00:00,2026-03-19,2026,March,03,Quarter 1
bd438760-303f-41aa-816a-362dd6851b60,ControlTemplate,f40e1e23-2e7f-4dd4-ac2d-749b873dd6b8,EvidenceTaskTemplate,fd6aa3da-af3f-4db4-8398-8d9dd549d546,6643bb6e-2468-3c90-9722-902fd92b11da,,automated01_3428474 user01_3428474,Etc/GMT+11,Control.Evidence.Link.Description,Control.Evidence.Link.Description,control-evidence-mapping,,control-evidence-mapping,,control-evidence-mapping,control,Control.Evidence.Link.Name,,,,,,,2026-03-19T09:00:22.367+00:00,2026-03-19,2026,March,03,Quarter 1
bd438760-303f-41aa-816a-362dd6851b60,ControlTemplate,f40e1e23-2e7f-4dd4-ac2d-749b873dd6b8,EvidenceTaskTemplate,fd6aa3da-af3f-4db4-8398-8d9dd549d546,6643bb6e-2468-3c90-9722-902fd92b11da,,automated01_3428474 user01_3428474,America/Miquelon,Control.Evidence.Link.Description,Control.Evidence.Link.Description,control-evidence-mapping,,control-evidence-mapping,,control-evidence-mapping,control,Control.Evidence.Link.Name,,,,,,,2026-03-19T18:00:22.367+00:00,2026-03-19,2026,March,03,Quarter 1
bd438760-303f-41aa-816a-362dd6851b60,ControlTemplate,f40e1e23-2e7f-4dd4-ac2d-749b873dd6b8,EvidenceTaskTemplate,fd6aa3da-af3f-4db4-8398-8d9dd549d546,6643bb6e-2468-3c90-9722-902fd92b11da,,automated01_3428474 user01_3428474,Asia/Omsk,Control.Evidence.Link.Description,Control.Evidence.Link.Description,control-evidence-mapping,,control-evidence-mapping,,control-evidence-mapping,control,Control.Evidence.Link.Name,,,,,,,2026-03-20T02:00:22.367+00:00,2026-03-20,2026,March,03,Quarter 1
bd438760-303f-41aa-816a-362dd6851b60,ControlTemplate,f40e1e23-2e7f-4dd4-ac2d-749b873dd6b8,EvidenceTaskTemplate,fd6aa3da-af3f-4db4-8398-8d9dd549d546,6643bb6e-2468-3c90-9722-902fd92b11da,,automated01_3428474 user01_3428474,WET,Control.Evidence.Link.Description,Control.Evidence.Link.Description,control-evidence-mapping,,control-evidence-mapping,,control-evidence-mapping,control,Control.Evidence.Link.Name,,,,,,,2026-03-19T20:00:22.367+00:00,2026-03-19,2026,March,03,Quarter 1
bd438760-303f-41aa-816a-362dd6851b60,ControlTemplate,f40e1e23-2e7f-4dd4-ac2d-749b873dd6b8,EvidenceTaskTemplate,fd6aa3da-af3f-4db4-8398-8d9dd549d546,6643bb6e-2468-3c90-9722-902fd92b11da,,automated01_3428474 user01_3428474,Etc/GMT-2,Control.Evidence.Link.Description,Control.Evidence.Link.Description,control-evidence-mapping,,control-evidence-mapping,,control-evidence-mapping,control,Control.Evidence.Link.Name,,,,,,,2026-03-19T22:00:22.367+00:00,2026-03-19,2026,March,03,Quarter 1
bd438760-303f-41aa-816a-362dd6851b60,ControlTemplate,f40e1e23-2e7f-4dd4-ac2d-749b873dd6b8,EvidenceTaskTemplate,fd6aa3da-af3f-4db4-8398-8d9dd549d546,6643bb6e-2468-3c90-9722-902fd92b11da,,automated01_3428474 user01_3428474,Turkey,Control.Evidence.Link.Description,Control.Evidence.Link.Description,control-evidence-mapping,,control-evidence-mapping,,control-evidence-mapping,control,Control.Evidence.Link.Name,,,,,,,2026-03-19T23:00:22.367+00:00,2026-03-19,2026,March,03,Quarter 1
bd438760-303f-41aa-816a-362dd6851b60,ControlTemplate,f40e1e23-2e7f-4dd4-ac2d-749b873dd6b8,EvidenceTaskTemplate,fd6aa3da-af3f-4db4-8398-8d9dd549d546,6643bb6e-2468-3c90-9722-902fd92b11da,,automated01_3428474 user01_3428474,Australia/Darwin,Control.Evidence.Link.Description,Control.Evidence.Link.Description,control-evidence-mapping,,control-evidence-mapping,,control-evidence-mapping,control,Control.Evidence.Link.Name,,,,,,,2026-03-20T05:30:22.367+00:00,2026-03-20,2026,March,03,Quarter 1
bd438760-303f-41aa-816a-362dd6851b60,ControlTemplate,f40e1e23-2e7f-4dd4-ac2d-749b873dd6b8,EvidenceTaskTemplate,fd6aa3da-af3f-4db4-8398-8d9dd549d546,6643bb6e-2468-3c90-9722-902fd92b11da,,automated01_3428474 user01_3428474,Africa/Khartoum,Control.Evidence.Link.Description,Control.Evidence.Link.Description,control-evidence-mapping,,control-evidence-mapping,,control-evidence-mapping,control,Control.Evidence.Link.Name,,,,,,,2026-03-19T22:00:22.367+00:00,2026-03-19,2026,March,03,Quarter 1
bd438760-303f-41aa-816a-362dd6851b60,ControlTemplate,f40e1e23-2e7f-4dd4-ac2d-749b873dd6b8,EvidenceTaskTemplate,fd6aa3da-af3f-4db4-8398-8d9dd549d546,6643bb6e-2468-3c90-9722-902fd92b11da,,automated01_3428474 user01_3428474,Asia/Kashgar,Control.Evidence.Link.Description,Control.Evidence.Link.Description,control-evidence-mapping,,control-evidence-mapping,,control-evidence-mapping,control,Control.Evidence.Link.Name,,,,,,,2026-03-20T02:00:22.367+00:00,2026-03-20,2026,March,03,Quarter 1
bd438760-303f-41aa-816a-362dd6851b60,ControlTemplate,f40e1e23-2e7f-4dd4-ac2d-749b873dd6b8,EvidenceTaskTemplate,fd6aa3da-af3f-4db4-8398-8d9dd549d546,6643bb6e-2468-3c90-9722-902fd92b11da,,automated01_3428474 user01_3428474,Pacific/Funafuti,Control.Evidence.Link.Description,Control.Evidence.Link.Description,control-evidence-mapping,,control-evidence-mapping,,control-evidence-mapping,control,Control.Evidence.Link.Name,,,,,,,2026-03-20T08:00:22.367+00:00,2026-03-20,2026,March,03,Quarter 1
bd438760-303f-41aa-816a-362dd6851b60,ControlTemplate,f40e1e23-2e7f-4dd4-ac2d-749b873dd6b8,EvidenceTaskTemplate,fd6aa3da-af3f-4db4-8398-8d9dd549d546,6643bb6e-2468-3c90-9722-902fd92b11da,,automated01_3428474 user01_3428474,Pacific/Samoa,Control.Evidence.Link.Description,Control.Evidence.Link.Description,control-evidence-mapping,,control-evidence-mapping,,control-evidence-mapping,control,Control.Evidence.Link.Name,,,,,,,2026-03-19T09:00:22.367+00:00,2026-03-19,2026,March,03,Quarter 1
bd438760-303f-41aa-816a-362dd6851b60,ControlTemplate,f40e1e23-2e7f-4dd4-ac2d-749b873dd6b8,EvidenceTaskTemplate,fd6aa3da-af3f-4db4-8398-8d9dd549d546,6643bb6e-2468-3c90-9722-902fd92b11da,,automated01_3428474 user01_3428474,America/Los_Angeles,Control.Evidence.Link.Description,Control.Evidence.Link.Description,control-evidence-mapping,,control-evidence-mapping,,control-evidence-mapping,control,Control.Evidence.Link.Name,,,,,,,2026-03-19T13:00:22.367+00:00,2026-03-19,2026,March,03,Quarter 1
bd438760-303f-41aa-816a-362dd6851b60,ControlTemplate,f40e1e23-2e7f-4dd4-ac2d-749b873dd6b8,EvidenceTaskTemplate,fd6aa3da-af3f-4db4-8398-8d9dd549d546,6643bb6e-2468-3c90-9722-902fd92b11da,,automated01_3428474 user01_3428474,America/Porto_Acre,Control.Evidence.Link.Description,Control.Evidence.Link.Description,control-evidence-mapping,,control-evidence-mapping,,control-evidence-mapping,control,Control.Evidence.Link.Name,,,,,,,2026-03-19T15:00:22.367+00:00,2026-03-19,2026,March,03,Quarter 1
bd438760-303f-41aa-816a-362dd6851b60,ControlTemplate,f40e1e23-2e7f-4dd4-ac2d-749b873dd6b8,EvidenceTaskTemplate,fd6aa3da-af3f-4db4-8398-8d9dd549d546,6643bb6e-2468-3c90-9722-902fd92b11da,,automated01_3428474 user01_3428474,Etc/UTC,Control.Evidence.Link.Description,Control.Evidence.Link.Description,control-evidence-mapping,,control-evidence-mapping,,control-evidence-mapping,control,Control.Evidence.Link.Name,,,,,,,2026-03-19T20:00:22.367+00:00,2026-03-19,2026,March,03,Quarter 1
bd438760-303f-41aa-816a-362dd6851b60,ControlTemplate,f40e1e23-2e7f-4dd4-ac2d-749b873dd6b8,EvidenceTaskTemplate,fd6aa3da-af3f-4db4-8398-8d9dd549d546,6643bb6e-2468-3c90-9722-902fd92b11da,,automated01_3428474 user01_3428474,Europe/Madrid,Control.Evidence.Link.Description,Control.Evidence.Link.Description,control-evidence-mapping,,control-evidence-mapping,,control-evidence-mapping,control,Control.Evidence.Link.Name,,,,,,,2026-03-19T21:00:22.367+00:00,2026-03-19,2026,March,03,Quarter 1
bd438760-303f-41aa-816a-362dd6851b60,ControlTemplate,f40e1e23-2e7f-4dd4-ac2d-749b873dd6b8,EvidenceTaskTemplate,fd6aa3da-af3f-4db4-8398-8d9dd549d546,6643bb6e-2468-3c90-9722-902fd92b11da,,automated01_3428474 user01_3428474,Africa/Sao_Tome,Control.Evidence.Link.Description,Control.Evidence.Link.Description,control-evidence-mapping,,control-evidence-mapping,,control-evidence-mapping,control,Control.Evidence.Link.Name,,,,,,,2026-03-19T20:00:22.367+00:00,2026-03-19,2026,March,03,Quarter 1
bd438760-303f-41aa-816a-362dd6851b60,ControlTemplate,f40e1e23-2e7f-4dd4-ac2d-749b873dd6b8,EvidenceTaskTemplate,fd6aa3da-af3f-4db4-8398-8d9dd549d546,6643bb6e-2468-3c90-9722-902fd92b11da,,automated01_3428474 user01_3428474,America/Argentina/Tucuman,Control.Evidence.Link.Description,Control.Evidence.Link.Description,control-evidence-mapping,,control-evidence-mapping,,control-evidence-mapping,control,Control.Evidence.Link.Name,,,,,,,2026-03-19T17:00:22.367+00:00,2026-03-19,2026,March,03,Quarter 1
bd438760-303f-41aa-816a-362dd6851b60,ControlTemplate,f40e1e23-2e7f-4dd4-ac2d-749b873dd6b8,EvidenceTaskTemplate,fd6aa3da-af3f-4db4-8398-8d9dd549d546,6643bb6e-2468-3c90-9722-902fd92b11da,,automated01_3428474 user01_3428474,America/Boa_Vista,Control.Evidence.Link.Description,Control.Evidence.Link.Description,control-evidence-mapping,,control-evidence-mapping,,control-evidence-mapping,control,Control.Evidence.Link.Name,,,,,,,2026-03-19T16:00:22.367+00:00,2026-03-19,2026,March,03,Quarter 1
bd438760-303f-41aa-816a-362dd6851b60,ControlTemplate,f40e1e23-2e7f-4dd4-ac2d-749b873dd6b8,EvidenceTaskTemplate,fd6aa3da-af3f-4db4-8398-8d9dd549d546,6643bb6e-2468-3c90-9722-902fd92b11da,,automated01_3428474 user01_3428474,Pacific/Noumea,Control.Evidence.Link.Description,Control.Evidence.Link.Description,control-evidence-mapping,,control-evidence-mapping,,control-evidence-mapping,control,Control.Evidence.Link.Name,,,,,,,2026-03-20T07:00:22.367+00:00,2026-03-20,2026,March,03,Quarter 1
bd438760-303f-41aa-816a-362dd6851b60,ControlTemplate,f40e1e23-2e7f-4dd4-ac2d-749b873dd6b8,EvidenceTaskTemplate,fd6aa3da-af3f-4db4-8398-8d9dd549d546,6643bb6e-2468-3c90-9722-902fd92b11da,,automated01_3428474 user01_3428474,Asia/Tomsk,Control.Evidence.Link.Description,Control.Evidence.Link.Description,control-evidence-mapping,,control-evidence-mapping,,control-evidence-mapping,control,Control.Evidence.Link.Name,,,,,,,2026-03-20T03:00:22.367+00:00,2026-03-20,2026,March,03,Quarter 1
bd438760-303f-41aa-816a-362dd6851b60,ControlTemplate,f40e1e23-2e7f-4dd4-ac2d-749b873dd6b8,EvidenceTaskTemplate,fd6aa3da-af3f-4db4-8398-8d9dd549d546,6643bb6e-2468-3c90-9722-902fd92b11da,,automated01_3428474 user01_3428474,Atlantic/Jan_Mayen,Control.Evidence.Link.Description,Control.Evidence.Link.Description,control-evidence-mapping,,control-evidence-mapping,,control-evidence-mapping,control,Control.Evidence.Link.Name,,,,,,,2026-03-19T21:00:22.367+00:00,2026-03-19,2026,March,03,Quarter 1
bd438760-303f-41aa-816a-362dd6851b60,ControlTemplate,f40e1e23-2e7f-4dd4-ac2d-749b873dd6b8,EvidenceTaskTemplate,fd6aa3da-af3f-4db4-8398-8d9dd549d546,6643bb6e-2468-3c90-9722-902fd92b11da,,automated01_3428474 user01_3428474,Asia/Vladivostok,Control.Evidence.Link.Description,Control.Evidence.Link.Description,control-evidence-mapping,,control-evidence-mapping,,control-evidence-mapping,control,Control.Evidence.Link.Name,,,,,,,2026-03-20T06:00:22.367+00:00,2026-03-20,2026,March,03,Quarter 1
bd438760-303f-41aa-816a-362dd6851b60,ControlTemplate,f40e1e23-2e7f-4dd4-ac2d-749b873dd6b8,EvidenceTaskTemplate,fd6aa3da-af3f-4db4-8398-8d9dd549d546,6643bb6e-2468-3c90-9722-902fd92b11da,,automated01_3428474 user01_3428474,Etc/GMT-7,Control.Evidence.Link.Description,Control.Evidence.Link.Description,control-evidence-mapping,,control-evidence-mapping,,control-evidence-mapping,control,Control.Evidence.Link.Name,,,,,,,2026-03-20T03:00:22.367+00:00,2026-03-20,2026,March,03,Quarter 1
bd438760-303f-41aa-816a-362dd6851b60,ControlTemplate,f40e1e23-2e7f-4dd4-ac2d-749b873dd6b8,EvidenceTaskTemplate,fd6aa3da-af3f-4db4-8398-8d9dd549d546,6643bb6e-2468-3c90-9722-902fd92b11da,,automated01_3428474 user01_3428474,Asia/Istanbul,Control.Evidence.Link.Description,Control.Evidence.Link.Description,control-evidence-mapping,,control-evidence-mapping,,control-evidence-mapping,control,Control.Evidence.Link.Name,,,,,,,2026-03-19T23:00:22.367+00:00,2026-03-19,2026,March,03,Quarter 1
bd438760-303f-41aa-816a-362dd6851b60,ControlTemplate,f40e1e23-2e7f-4dd4-ac2d-749b873dd6b8,EvidenceTaskTemplate,fd6aa3da-af3f-4db4-8398-8d9dd549d546,6643bb6e-2468-3c90-9722-902fd92b11da,,automated01_3428474 user01_3428474,Asia/Chungking,Control.Evidence.Link.Description,Control.Evidence.Link.Description,control-evidence-mapping,,control-evidence-mapping,,control-evidence-mapping,control,Control.Evidence.Link.Name,,,,,,,2026-03-20T04:00:22.367+00:00,2026-03-20,2026,March,03,Quarter 1
bd438760-303f-41aa-816a-362dd6851b60,ControlTemplate,f40e1e23-2e7f-4dd4-ac2d-749b873dd6b8,EvidenceTaskTemplate,fd6aa3da-af3f-4db4-8398-8d9dd549d546,6643bb6e-2468-3c90-9722-902fd92b11da,,automated01_3428474 user01_3428474,Cuba,Control.Evidence.Link.Description,Control.Evidence.Link.Description,control-evidence-mapping,,control-evidence-mapping,,control-evidence-mapping,control,Control.Evidence.Link.Name,,,,,,,2026-03-19T16:00:22.367+00:00,2026-03-19,2026,March,03,Quarter 1
bd438760-303f-41aa-816a-362dd6851b60,ControlTemplate,f40e1e23-2e7f-4dd4-ac2d-749b873dd6b8,EvidenceTaskTemplate,fd6aa3da-af3f-4db4-8398-8d9dd549d546,6643bb6e-2468-3c90-9722-902fd92b11da,,automated01_3428474 user01_3428474,Antarctica/Macquarie,Control.Evidence.Link.Description,Control.Evidence.Link.Description,control-evidence-mapping,,control-evidence-mapping,,control-evidence-mapping,control,Control.Evidence.Link.Name,,,,,,,2026-03-20T07:00:22.367+00:00,2026-03-20,2026,March,03,Quarter 1
bd438760-303f-41aa-816a-362dd6851b60,ControlTemplate,f40e1e23-2e7f-4dd4-ac2d-749b873dd6b8,EvidenceTaskTemplate,fd6aa3da-af3f-4db4-8398-8d9dd549d546,6643bb6e-2468-3c90-9722-902fd92b11da,,automated01_3428474 user01_3428474,Canada/Pacific,Control.Evidence.Link.Description,Control.Evidence.Link.Description,control-evidence-mapping,,control-evidence-mapping,,control-evidence-mapping,control,Control.Evidence.Link.Name,,,,,,,2026-03-19T13:00:22.367+00:00,2026-03-19,2026,March,03,Quarter 1
bd438760-303f-41aa-816a-362dd6851b60,ControlTemplate,f40e1e23-2e7f-4dd4-ac2d-749b873dd6b8,EvidenceTaskTemplate,fd6aa3da-af3f-4db4-8398-8d9dd549d546,6643bb6e-2468-3c90-9722-902fd92b11da,,automated01_3428474 user01_3428474,America/Matamoros,Control.Evidence.Link.Description,Control.Evidence.Link.Description,control-evidence-mapping,,control-evidence-mapping,,control-evidence-mapping,control,Control.Evidence.Link.Name,,,,,,,2026-03-19T15:00:22.367+00:00,2026-03-19,2026,March,03,Quarter 1
bd438760-303f-41aa-816a-362dd6851b60,ControlTemplate,f40e1e23-2e7f-4dd4-ac2d-749b873dd6b8,EvidenceTaskTemplate,fd6aa3da-af3f-4db4-8398-8d9dd549d546,6643bb6e-2468-3c90-9722-902fd92b11da,,automated01_3428474 user01_3428474,Europe/Kirov,Control.Evidence.Link.Description,Control.Evidence.Link.Description,control-evidence-mapping,,control-evidence-mapping,,control-evidence-mapping,control,Control.Evidence.Link.Name,,,,,,,2026-03-19T23:00:22.367+00:00,2026-03-19,2026,March,03,Quarter 1
bd438760-303f-41aa-816a-362dd6851b60,ControlTemplate,f40e1e23-2e7f-4dd4-ac2d-749b873dd6b8,EvidenceTaskTemplate,fd6aa3da-af3f-4db4-8398-8d9dd549d546,6643bb6e-2468-3c90-9722-902fd92b11da,,automated01_3428474 user01_3428474,Pacific/Bougainville,Control.Evidence.Link.Description,Control.Evidence.Link.Description,control-evidence-mapping,,control-evidence-mapping,,control-evidence-mapping,control,Control.Evidence.Link.Name,,,,,,,2026-03-20T07:00:22.367+00:00,2026-03-20,2026,March,03,Quarter 1
bd438760-303f-41aa-816a-362dd6851b60,ControlTemplate,f40e1e23-2e7f-4dd4-ac2d-749b873dd6b8,EvidenceTaskTemplate,fd6aa3da-af3f-4db4-8398-8d9dd549d546,6643bb6e-2468-3c90-9722-902fd92b11da,,automated01_3428474 user01_3428474,Africa/Asmara,Control.Evidence.Link.Description,Control.Evidence.Link.Description,control-evidence-mapping,,control-evidence-mapping,,control-evidence-mapping,control,Control.Evidence.Link.Name,,,,,,,2026-03-19T23:00:22.367+00:00,2026-03-19,2026,March,03,Quarter 1
bd438760-303f-41aa-816a-362dd6851b60,ControlTemplate,f40e1e23-2e7f-4dd4-ac2d-749b873dd6b8,EvidenceTaskTemplate,fd6aa3da-af3f-4db4-8398-8d9dd549d546,6643bb6e-2468-3c90-9722-902fd92b11da,,automated01_3428474 user01_3428474,America/Virgin,Control.Evidence.Link.Description,Control.Evidence.Link.Description,control-evidence-mapping,,control-evidence-mapping,,control-evidence-mapping,control,Control.Evidence.Link.Name,,,,,,,2026-03-19T16:00:22.367+00:00,2026-03-19,2026,March,03,Quarter 1
bd438760-303f-41aa-816a-362dd6851b60,ControlTemplate,f40e1e23-2e7f-4dd4-ac2d-749b873dd6b8,EvidenceTaskTemplate,fd6aa3da-af3f-4db4-8398-8d9dd549d546,6643bb6e-2468-3c90-9722-902fd92b11da,,automated01_3428474 user01_3428474,Arctic/Longyearbyen,Control.Evidence.Link.Description,Control.Evidence.Link.Description,control-evidence-mapping,,control-evidence-mapping,,control-evidence-mapping,control,Control.Evidence.Link.Name,,,,,,,2026-03-19T21:00:22.367+00:00,2026-03-19,2026,March,03,Quarter 1
bd438760-303f-41aa-816a-362dd6851b60,ControlTemplate,f40e1e23-2e7f-4dd4-ac2d-749b873dd6b8,EvidenceTaskTemplate,fd6aa3da-af3f-4db4-8398-8d9dd549d546,6643bb6e-2468-3c90-9722-902fd92b11da,,automated01_3428474 user01_3428474,Etc/GMT+4,Control.Evidence.Link.Description,Control.Evidence.Link.Description,control-evidence-mapping,,control-evidence-mapping,,control-evidence-mapping,control,Control.Evidence.Link.Name,,,,,,,2026-03-19T16:00:22.367+00:00,2026-03-19,2026,March,03,Quarter 1
bd438760-303f-41aa-816a-362dd6851b60,ControlTemplate,f40e1e23-2e7f-4dd4-ac2d-749b873dd6b8,EvidenceTaskTemplate,fd6aa3da-af3f-4db4-8398-8d9dd549d546,6643bb6e-2468-3c90-9722-902fd92b11da,,automated01_3428474 user01_3428474,Asia/Riyadh,Control.Evidence.Link.Description,Control.Evidence.Link.Description,control-evidence-mapping,,control-evidence-mapping,,control-evidence-mapping,control,Control.Evidence.Link.Name,,,,,,,2026-03-19T23:00:22.367+00:00,2026-03-19,2026,March,03,Quarter 1
bd438760-303f-41aa-816a-362dd6851b60,ControlTemplate,f40e1e23-2e7f-4dd4-ac2d-749b873dd6b8,EvidenceTaskTemplate,fd6aa3da-af3f-4db4-8398-8d9dd549d546,6643bb6e-2468-3c90-9722-902fd92b11da,,automated01_3428474 user01_3428474,America/Sitka,Control.Evidence.Link.Description,Control.Evidence.Link.Description,control-evidence-mapping,,control-evidence-mapping,,control-evidence-mapping,control,Control.Evidence.Link.Name,,,,,,,2026-03-19T12:00:22.367+00:00,2026-03-19,2026,March,03,Quarter 1
bd438760-303f-41aa-816a-362dd6851b60,ControlTemplate,f40e1e23-2e7f-4dd4-ac2d-749b873dd6b8,EvidenceTaskTemplate,fd6aa3da-af3f-4db4-8398-8d9dd549d546,6643bb6e-2468-3c90-9722-902fd92b11da,,automated01_3428474 user01_3428474,Europe/Riga,Control.Evidence.Link.Description,Control.Evidence.Link.Description,control-evidence-mapping,,control-evidence-mapping,,control-evidence-mapping,control,Control.Evidence.Link.Name,,,,,,,2026-03-19T22:00:22.367+00:00,2026-03-19,2026,March,03,Quarter 1
bd438760-303f-41aa-816a-362dd6851b60,ControlTemplate,f40e1e23-2e7f-4dd4-ac2d-749b873dd6b8,EvidenceTaskTemplate,fd6aa3da-af3f-4db4-8398-8d9dd549d546,6643bb6e-2468-3c90-9722-902fd92b11da,,automated01_3428474 user01_3428474,America/Creston,Control.Evidence.Link.Description,Control.Evidence.Link.Description,control-evidence-mapping,,control-evidence-mapping,,control-evidence-mapping,control,Control.Evidence.Link.Name,,,,,,,2026-03-19T13:00:22.367+00:00,2026-03-19,2026,March,03,Quarter 1
bd438760-303f-41aa-816a-362dd6851b60,ControlTemplate,f40e1e23-2e7f-4dd4-ac2d-749b873dd6b8,EvidenceTaskTemplate,fd6aa3da-af3f-4db4-8398-8d9dd549d546,6643bb6e-2468-3c90-9722-902fd92b11da,,automated01_3428474 user01_3428474,America/Rainy_River,Control.Evidence.Link.Description,Control.Evidence.Link.Description,control-evidence-mapping,,control-evidence-mapping,,control-evidence-mapping,control,Control.Evidence.Link.Name,,,,,,,2026-03-19T15:00:22.367+00:00,2026-03-19,2026,March,03,Quarter 1
bd438760-303f-41aa-816a-362dd6851b60,ControlTemplate,f40e1e23-2e7f-4dd4-ac2d-749b873dd6b8,EvidenceTaskTemplate,fd6aa3da-af3f-4db4-8398-8d9dd549d546,6643bb6e-2468-3c90-9722-902fd92b11da,,automated01_3428474 user01_3428474,America/Recife,Control.Evidence.Link.Description,Control.Evidence.Link.Description,control-evidence-mapping,,control-evidence-mapping,,control-evidence-mapping,control,Control.Evidence.Link.Name,,,,,,,2026-03-19T17:00:22.367+00:00,2026-03-19,2026,March,03,Quarter 1
bd438760-303f-41aa-816a-362dd6851b60,ControlTemplate,f40e1e23-2e7f-4dd4-ac2d-749b873dd6b8,EvidenceTaskTemplate,fd6aa3da-af3f-4db4-8398-8d9dd549d546,6643bb6e-2468-3c90-9722-902fd92b11da,,automated01_3428474 user01_3428474,America/Curacao,Control.Evidence.Link.Description,Control.Evidence.Link.Description,control-evidence-mapping,,control-evidence-mapping,,control-evidence-mapping,control,Control.Evidence.Link.Name,,,,,,,2026-03-19T16:00:22.367+00:00,2026-03-19,2026,March,03,Quarter 1
bd438760-303f-41aa-816a-362dd6851b60,ControlTemplate,f40e1e23-2e7f-4dd4-ac2d-749b873dd6b8,EvidenceTaskTemplate,fd6aa3da-af3f-4db4-8398-8d9dd549d546,6643bb6e-2468-3c90-9722-902fd92b11da,,automated01_3428474 user01_3428474,Europe/Monaco,Control.Evidence.Link.Description,Control.Evidence.Link.Description,control-evidence-mapping,,control-evidence-mapping,,control-evidence-mapping,control,Control.Evidence.Link.Name,,,,,,,2026-03-19T21:00:22.367+00:00,2026-03-19,2026,March,03,Quarter 1
bd438760-303f-41aa-816a-362dd6851b60,ControlTemplate,f40e1e23-2e7f-4dd4-ac2d-749b873dd6b8,EvidenceTaskTemplate,fd6aa3da-af3f-4db4-8398-8d9dd549d546,6643bb6e-2468-3c90-9722-902fd92b11da,,automated01_3428474 user01_3428474,America/Noronha,Control.Evidence.Link.Description,Control.Evidence.Link.Description,control-evidence-mapping,,control-evidence-mapping,,control-evidence-mapping,control,Control.Evidence.Link.Name,,,,,,,2026-03-19T18:00:22.367+00:00,2026-03-19,2026,March,03,Quarter 1
bd438760-303f-41aa-816a-362dd6851b60,ControlTemplate,f40e1e23-2e7f-4dd4-ac2d-749b873dd6b8,EvidenceTaskTemplate,fd6aa3da-af3f-4db4-8398-8d9dd549d546,6643bb6e-2468-3c90-9722-902fd92b11da,,automated01_3428474 user01_3428474,Australia/Adelaide,Control.Evidence.Link.Description,Control.Evidence.Link.Description,control-evidence-mapping,,control-evidence-mapping,,control-evidence-mapping,control,Control.Evidence.Link.Name,,,,,,,2026-03-20T06:30:22.367+00:00,2026-03-20,2026,March,03,Quarter 1
bd438760-303f-41aa-816a-362dd6851b60,ControlTemplate,f40e1e23-2e7f-4dd4-ac2d-749b873dd6b8,EvidenceTaskTemplate,fd6aa3da-af3f-4db4-8398-8d9dd549d546,6643bb6e-2468-3c90-9722-902fd92b11da,,automated01_3428474 user01_3428474,Europe/Volgograd,Control.Evidence.Link.Description,Control.Evidence.Link.Description,control-evidence-mapping,,control-evidence-mapping,,control-evidence-mapping,control,Control.Evidence.Link.Name,,,,,,,2026-03-19T23:00:22.367+00:00,2026-03-19,2026,March,03,Quarter 1
bd438760-303f-41aa-816a-362dd6851b60,ControlTemplate,f40e1e23-2e7f-4dd4-ac2d-749b873dd6b8,EvidenceTaskTemplate,fd6aa3da-af3f-4db4-8398-8d9dd549d546,6643bb6e-2468-3c90-9722-902fd92b11da,,automated01_3428474 user01_3428474,America/Catamarca,Control.Evidence.Link.Description,Control.Evidence.Link.Description,control-evidence-mapping,,control-evidence-mapping,,control-evidence-mapping,control,Control.Evidence.Link.Name,,,,,,,2026-03-19T17:00:22.367+00:00,2026-03-19,2026,March,03,Quarter 1
bd438760-303f-41aa-816a-362dd6851b60,ControlTemplate,f40e1e23-2e7f-4dd4-ac2d-749b873dd6b8,EvidenceTaskTemplate,fd6aa3da-af3f-4db4-8398-8d9dd549d546,6643bb6e-2468-3c90-9722-902fd92b11da,,automated01_3428474 user01_3428474,America/Port_of_Spain,Control.Evidence.Link.Description,Control.Evidence.Link.Description,control-evidence-mapping,,control-evidence-mapping,,control-evidence-mapping,control,Control.Evidence.Link.Name,,,,,,,2026-03-19T16:00:22.367+00:00,2026-03-19,2026,March,03,Quarter 1
bd438760-303f-41aa-816a-362dd6851b60,ControlTemplate,f40e1e23-2e7f-4dd4-ac2d-749b873dd6b8,EvidenceTaskTemplate,fd6aa3da-af3f-4db4-8398-8d9dd549d546,6643bb6e-2468-3c90-9722-902fd92b11da,,automated01_3428474 user01_3428474,Europe/Busingen,Control.Evidence.Link.Description,Control.Evidence.Link.Description,control-evidence-mapping,,control-evidence-mapping,,control-evidence-mapping,control,Control.Evidence.Link.Name,,,,,,,2026-03-19T21:00:22.367+00:00,2026-03-19,2026,March,03,Quarter 1
bd438760-303f-41aa-816a-362dd6851b60,ControlTemplate,f40e1e23-2e7f-4dd4-ac2d-749b873dd6b8,EvidenceTaskTemplate,fd6aa3da-af3f-4db4-8398-8d9dd549d546,6643bb6e-2468-3c90-9722-902fd92b11da,,automated01_3428474 user01_3428474,Europe/Isle_of_Man,Control.Evidence.Link.Description,Control.Evidence.Link.Description,control-evidence-mapping,,control-evidence-mapping,,control-evidence-mapping,control,Control.Evidence.Link.Name,,,,,,,2026-03-19T20:00:22.367+00:00,2026-03-19,2026,March,03,Quarter 1
bd438760-303f-41aa-816a-362dd6851b60,ControlTemplate,f40e1e23-2e7f-4dd4-ac2d-749b873dd6b8,EvidenceTaskTemplate,fd6aa3da-af3f-4db4-8398-8d9dd549d546,6643bb6e-2468-3c90-9722-902fd92b11da,,automated01_3428474 user01_3428474,America/Coral_Harbour,Control.Evidence.Link.Description,Control.Evidence.Link.Description,control-evidence-mapping,,control-evidence-mapping,,control-evidence-mapping,control,Control.Evidence.Link.Name,,,,,,,2026-03-19T15:00:22.367+00:00,2026-03-19,2026,March,03,Quarter 1
bd438760-303f-41aa-816a-362dd6851b60,ControlTemplate,f40e1e23-2e7f-4dd4-ac2d-749b873dd6b8,EvidenceTaskTemplate,fd6aa3da-af3f-4db4-8398-8d9dd549d546,6643bb6e-2468-3c90-9722-902fd92b11da,,automated01_3428474 user01_3428474,Etc/GMT-4,Control.Evidence.Link.Description,Control.Evidence.Link.Description,control-evidence-mapping,,control-evidence-mapping,,control-evidence-mapping,control,Control.Evidence.Link.Name,,,,,,,2026-03-20T00:00:22.367+00:00,2026-03-20,2026,March,03,Quarter 1
bd438760-303f-41aa-816a-362dd6851b60,ControlTemplate,f40e1e23-2e7f-4dd4-ac2d-749b873dd6b8,EvidenceTaskTemplate,fd6aa3da-af3f-4db4-8398-8d9dd549d546,6643bb6e-2468-3c90-9722-902fd92b11da,,automated01_3428474 user01_3428474,Pacific/Pago_Pago,Control.Evidence.Link.Description,Control.Evidence.Link.Description,control-evidence-mapping,,control-evidence-mapping,,control-evidence-mapping,control,Control.Evidence.Link.Name,,,,,,,2026-03-19T09:00:22.367+00:00,2026-03-19,2026,March,03,Quarter 1
bd438760-303f-41aa-816a-362dd6851b60,ControlTemplate,f40e1e23-2e7f-4dd4-ac2d-749b873dd6b8,EvidenceTaskTemplate,fd6aa3da-af3f-4db4-8398-8d9dd549d546,6643bb6e-2468-3c90-9722-902fd92b11da,,automated01_3428474 user01_3428474,Pacific/Chatham,Control.Evidence.Link.Description,Control.Evidence.Link.Description,control-evidence-mapping,,control-evidence-mapping,,control-evidence-mapping,control,Control.Evidence.Link.Name,,,,,,,2026-03-20T09:45:22.367+00:00,2026-03-20,2026,March,03,Quarter 1
bd438760-303f-41aa-816a-362dd6851b60,ControlTemplate,f40e1e23-2e7f-4dd4-ac2d-749b873dd6b8,EvidenceTaskTemplate,fd6aa3da-af3f-4db4-8398-8d9dd549d546,6643bb6e-2468-3c90-9722-902fd92b11da,,automated01_3428474 user01_3428474,Asia/Jakarta,Control.Evidence.Link.Description,Control.Evidence.Link.Description,control-evidence-mapping,,control-evidence-mapping,,control-evidence-mapping,control,Control.Evidence.Link.Name,,,,,,,2026-03-20T03:00:22.367+00:00,2026-03-20,2026,March,03,Quarter 1
bd438760-303f-41aa-816a-362dd6851b60,ControlTemplate,f40e1e23-2e7f-4dd4-ac2d-749b873dd6b8,EvidenceTaskTemplate,fd6aa3da-af3f-4db4-8398-8d9dd549d546,6643bb6e-2468-3c90-9722-902fd92b11da,,automated01_3428474 user01_3428474,America/Atikokan,Control.Evidence.Link.Description,Control.Evidence.Link.Description,control-evidence-mapping,,control-evidence-mapping,,control-evidence-mapping,control,Control.Evidence.Link.Name,,,,,,,2026-03-19T15:00:22.367+00:00,2026-03-19,2026,March,03,Quarter 1
bd438760-303f-41aa-816a-362dd6851b60,ControlTemplate,f40e1e23-2e7f-4dd4-ac2d-749b873dd6b8,EvidenceTaskTemplate,fd6aa3da-af3f-4db4-8398-8d9dd549d546,6643bb6e-2468-3c90-9722-902fd92b11da,,automated01_3428474 user01_3428474,America/Montevideo,Control.Evidence.Link.Description,Control.Evidence.Link.Description,control-evidence-mapping,,control-evidence-mapping,,control-evidence-mapping,control,Control.Evidence.Link.Name,,,,,,,2026-03-19T17:00:22.367+00:00,2026-03-19,2026,March,03,Quarter 1
bd438760-303f-41aa-816a-362dd6851b60,ControlTemplate,f40e1e23-2e7f-4dd4-ac2d-749b873dd6b8,EvidenceTaskTemplate,fd6aa3da-af3f-4db4-8398-8d9dd549d546,6643bb6e-2468-3c90-9722-902fd92b11da,,automated01_3428474 user01_3428474,Indian/Reunion,Control.Evidence.Link.Description,Control.Evidence.Link.Description,control-evidence-mapping,,control-evidence-mapping,,control-evidence-mapping,control,Control.Evidence.Link.Name,,,,,,,2026-03-20T00:00:22.367+00:00,2026-03-20,2026,March,03,Quarter 1
bd438760-303f-41aa-816a-362dd6851b60,ControlTemplate,f40e1e23-2e7f-4dd4-ac2d-749b873dd6b8,EvidenceTaskTemplate,fd6aa3da-af3f-4db4-8398-8d9dd549d546,6643bb6e-2468-3c90-9722-902fd92b11da,,automated01_3428474 user01_3428474,America/Cuiaba,Control.Evidence.Link.Description,Control.Evidence.Link.Description,control-evidence-mapping,,control-evidence-mapping,,control-evidence-mapping,control,Control.Evidence.Link.Name,,,,,,,2026-03-19T16:00:22.367+00:00,2026-03-19,2026,March,03,Quarter 1
bd438760-303f-41aa-816a-362dd6851b60,ControlTemplate,f40e1e23-2e7f-4dd4-ac2d-749b873dd6b8,EvidenceTaskTemplate,fd6aa3da-af3f-4db4-8398-8d9dd549d546,6643bb6e-2468-3c90-9722-902fd92b11da,,automated01_3428474 user01_3428474,Africa/Kinshasa,Control.Evidence.Link.Description,Control.Evidence.Link.Description,control-evidence-mapping,,control-evidence-mapping,,control-evidence-mapping,control,Control.Evidence.Link.Name,,,,,,,2026-03-19T21:00:22.367+00:00,2026-03-19,2026,March,03,Quarter 1
bd438760-303f-41aa-816a-362dd6851b60,ControlTemplate,f40e1e23-2e7f-4dd4-ac2d-749b873dd6b8,EvidenceTaskTemplate,fd6aa3da-af3f-4db4-8398-8d9dd549d546,6643bb6e-2468-3c90-9722-902fd92b11da,,automated01_3428474 user01_3428474,America/Ciudad_Juarez,Control.Evidence.Link.Description,Control.Evidence.Link.Description,control-evidence-mapping,,control-evidence-mapping,,control-evidence-mapping,control,Control.Evidence.Link.Name,,,,,,,2026-03-19T14:00:22.367+00:00,2026-03-19,2026,March,03,Quarter 1
bd438760-303f-41aa-816a-362dd6851b60,ControlTemplate,f40e1e23-2e7f-4dd4-ac2d-749b873dd6b8,EvidenceTaskTemplate,fd6aa3da-af3f-4db4-8398-8d9dd549d546,6643bb6e-2468-3c90-9722-902fd92b11da,,automated01_3428474 user01_3428474,Navajo,Control.Evidence.Link.Description,Control.Evidence.Link.Description,control-evidence-mapping,,control-evidence-mapping,,control-evidence-mapping,control,Control.Evidence.Link.Name,,,,,,,2026-03-19T14:00:22.367+00:00,2026-03-19,2026,March,03,Quarter 1
bd438760-303f-41aa-816a-362dd6851b60,ControlTemplate,f40e1e23-2e7f-4dd4-ac2d-749b873dd6b8,EvidenceTaskTemplate,fd6aa3da-af3f-4db4-8398-8d9dd549d546,6643bb6e-2468-3c90-9722-902fd92b11da,,automated01_3428474 user01_3428474,Europe/Prague,Control.Evidence.Link.Description,Control.Evidence.Link.Description,control-evidence-mapping,,control-evidence-mapping,,control-evidence-mapping,control,Control.Evidence.Link.Name,,,,,,,2026-03-19T21:00:22.367+00:00,2026-03-19,2026,March,03,Quarter 1
bd438760-303f-41aa-816a-362dd6851b60,ControlTemplate,f40e1e23-2e7f-4dd4-ac2d-749b873dd6b8,EvidenceTaskTemplate,fd6aa3da-af3f-4db4-8398-8d9dd549d546,6643bb6e-2468-3c90-9722-902fd92b11da,,automated01_3428474 user01_3428474,Antarctica/Syowa,Control.Evidence.Link.Description,Control.Evidence.Link.Description,control-evidence-mapping,,control-evidence-mapping,,control-evidence-mapping,control,Control.Evidence.Link.Name,,,,,,,2026-03-19T23:00:22.367+00:00,2026-03-19,2026,March,03,Quarter 1
bd438760-303f-41aa-816a-362dd6851b60,ControlTemplate,f40e1e23-2e7f-4dd4-ac2d-749b873dd6b8,EvidenceTaskTemplate,fd6aa3da-af3f-4db4-8398-8d9dd549d546,6643bb6e-2468-3c90-9722-902fd92b11da,,automated01_3428474 user01_3428474,Mexico/BajaSur,Control.Evidence.Link.Description,Control.Evidence.Link.Description,control-evidence-mapping,,control-evidence-mapping,,control-evidence-mapping,control,Control.Evidence.Link.Name,,,,,,,2026-03-19T13:00:22.367+00:00,2026-03-19,2026,March,03,Quarter 1
bd438760-303f-41aa-816a-362dd6851b60,ControlTemplate,f40e1e23-2e7f-4dd4-ac2d-749b873dd6b8,EvidenceTaskTemplate,fd6aa3da-af3f-4db4-8398-8d9dd549d546,6643bb6e-2468-3c90-9722-902fd92b11da,,automated01_3428474 user01_3428474,GMT,Control.Evidence.Link.Description,Control.Evidence.Link.Description,control-evidence-mapping,,control-evidence-mapping,,control-evidence-mapping,control,Control.Evidence.Link.Name,,,,,,,2026-03-19T20:00:22.367+00:00,2026-03-19,2026,March,03,Quarter 1
bd438760-303f-41aa-816a-362dd6851b60,ControlTemplate,f40e1e23-2e7f-4dd4-ac2d-749b873dd6b8,EvidenceTaskTemplate,fd6aa3da-af3f-4db4-8398-8d9dd549d546,6643bb6e-2468-3c90-9722-902fd92b11da,,automated01_3428474 user01_3428474,Asia/Ho_Chi_Minh,Control.Evidence.Link.Description,Control.Evidence.Link.Description,control-evidence-mapping,,control-evidence-mapping,,control-evidence-mapping,control,Control.Evidence.Link.Name,,,,,,,2026-03-20T03:00:22.367+00:00,2026-03-20,2026,March,03,Quarter 1
bd438760-303f-41aa-816a-362dd6851b60,ControlTemplate,f40e1e23-2e7f-4dd4-ac2d-749b873dd6b8,EvidenceTaskTemplate,fd6aa3da-af3f-4db4-8398-8d9dd549d546,6643bb6e-2468-3c90-9722-902fd92b11da,,automated01_3428474 user01_3428474,America/La_Paz,Control.Evidence.Link.Description,Control.Evidence.Link.Description,control-evidence-mapping,,control-evidence-mapping,,control-evidence-mapping,control,Control.Evidence.Link.Name,,,,,,,2026-03-19T16:00:22.367+00:00,2026-03-19,2026,March,03,Quarter 1
bd438760-303f-41aa-816a-362dd6851b60,ControlTemplate,f40e1e23-2e7f-4dd4-ac2d-749b873dd6b8,EvidenceTaskTemplate,fd6aa3da-af3f-4db4-8398-8d9dd549d546,6643bb6e-2468-3c90-9722-902fd92b11da,,automated01_3428474 user01_3428474,Etc/GMT-10,Control.Evidence.Link.Description,Control.Evidence.Link.Description,control-evidence-mapping,,control-evidence-mapping,,control-evidence-mapping,control,Control.Evidence.Link.Name,,,,,,,2026-03-20T06:00:22.367+00:00,2026-03-20,2026,March,03,Quarter 1
bd438760-303f-41aa-816a-362dd6851b60,ControlTemplate,f40e1e23-2e7f-4dd4-ac2d-749b873dd6b8,EvidenceTaskTemplate,fd6aa3da-af3f-4db4-8398-8d9dd549d546,6643bb6e-2468-3c90-9722-902fd92b11da,,automated01_3428474 user01_3428474,America/Rankin_Inlet,Control.Evidence.Link.Description,Control.Evidence.Link.Description,control-evidence-mapping,,control-evidence-mapping,,control-evidence-mapping,control,Control.Evidence.Link.Name,,,,,,,2026-03-19T15:00:22.367+00:00,2026-03-19,2026,March,03,Quarter 1
bd438760-303f-41aa-816a-362dd6851b60,ControlTemplate,f40e1e23-2e7f-4dd4-ac2d-749b873dd6b8,EvidenceTaskTemplate,fd6aa3da-af3f-4db4-8398-8d9dd549d546,6643bb6e-2468-3c90-9722-902fd92b11da,,automated01_3428474 user01_3428474,Pacific/Pohnpei,Control.Evidence.Link.Description,Control.Evidence.Link.Description,control-evidence-mapping,,control-evidence-mapping,,control-evidence-mapping,control,Control.Evidence.Link.Name,,,,,,,2026-03-20T07:00:22.367+00:00,2026-03-20,2026,March,03,Quarter 1
bd438760-303f-41aa-816a-362dd6851b60,ControlTemplate,f40e1e23-2e7f-4dd4-ac2d-749b873dd6b8,EvidenceTaskTemplate,fd6aa3da-af3f-4db4-8398-8d9dd549d546,6643bb6e-2468-3c90-9722-902fd92b11da,,automated01_3428474 user01_3428474,Pacific/Majuro,Control.Evidence.Link.Description,Control.Evidence.Link.Description,control-evidence-mapping,,control-evidence-mapping,,control-evidence-mapping,control,Control.Evidence.Link.Name,,,,,,,2026-03-20T08:00:22.367+00:00,2026-03-20,2026,March,03,Quarter 1
bd438760-303f-41aa-816a-362dd6851b60,ControlTemplate,f40e1e23-2e7f-4dd4-ac2d-749b873dd6b8,EvidenceTaskTemplate,fd6aa3da-af3f-4db4-8398-8d9dd549d546,6643bb6e-2468-3c90-9722-902fd92b11da,,automated01_3428474 user01_3428474,America/Guyana,Control.Evidence.Link.Description,Control.Evidence.Link.Description,control-evidence-mapping,,control-evidence-mapping,,control-evidence-mapping,control,Control.Evidence.Link.Name,,,,,,,2026-03-19T16:00:22.367+00:00,2026-03-19,2026,March,03,Quarter 1
bd438760-303f-41aa-816a-362dd6851b60,ControlTemplate,f40e1e23-2e7f-4dd4-ac2d-749b873dd6b8,EvidenceTaskTemplate,fd6aa3da-af3f-4db4-8398-8d9dd549d546,6643bb6e-2468-3c90-9722-902fd92b11da,,automated01_3428474 user01_3428474,Australia/Eucla,Control.Evidence.Link.Description,Control.Evidence.Link.Description,control-evidence-mapping,,control-evidence-mapping,,control-evidence-mapping,control,Control.Evidence.Link.Name,,,,,,,2026-03-20T04:45:22.367+00:00,2026-03-20,2026,March,03,Quarter 1
bd438760-303f-41aa-816a-362dd6851b60,ControlTemplate,f40e1e23-2e7f-4dd4-ac2d-749b873dd6b8,EvidenceTaskTemplate,fd6aa3da-af3f-4db4-8398-8d9dd549d546,6643bb6e-2468-3c90-9722-902fd92b11da,,automated01_3428474 user01_3428474,America/Argentina/San_Luis,Control.Evidence.Link.Description,Control.Evidence.Link.Description,control-evidence-mapping,,control-evidence-mapping,,control-evidence-mapping,control,Control.Evidence.Link.Name,,,,,,,2026-03-19T17:00:22.367+00:00,2026-03-19,2026,March,03,Quarter 1
bd438760-303f-41aa-816a-362dd6851b60,ControlTemplate,f40e1e23-2e7f-4dd4-ac2d-749b873dd6b8,EvidenceTaskTemplate,fd6aa3da-af3f-4db4-8398-8d9dd549d546,6643bb6e-2468-3c90-9722-902fd92b11da,,automated01_3428474 user01_3428474,Europe/Malta,Control.Evidence.Link.Description,Control.Evidence.Link.Description,control-evidence-mapping,,control-evidence-mapping,,control-evidence-mapping,control,Control.Evidence.Link.Name,,,,,,,2026-03-19T21:00:22.367+00:00,2026-03-19,2026,March,03,Quarter 1
bd438760-303f-41aa-816a-362dd6851b60,ControlTemplate,f40e1e23-2e7f-4dd4-ac2d-749b873dd6b8,EvidenceTaskTemplate,fd6aa3da-af3f-4db4-8398-8d9dd549d546,6643bb6e-2468-3c90-9722-902fd92b11da,,automated01_3428474 user01_3428474,America/Argentina/San_Juan,Control.Evidence.Link.Description,Control.Evidence.Link.Description,control-evidence-mapping,,control-evidence-mapping,,control-evidence-mapping,control,Control.Evidence.Link.Name,,,,,,,2026-03-19T17:00:22.367+00:00,2026-03-19,2026,March,03,Quarter 1
bd438760-303f-41aa-816a-362dd6851b60,ControlTemplate,f40e1e23-2e7f-4dd4-ac2d-749b873dd6b8,EvidenceTaskTemplate,fd6aa3da-af3f-4db4-8398-8d9dd549d546,6643bb6e-2468-3c90-9722-902fd92b11da,,automated01_3428474 user01_3428474,Africa/Maputo,Control.Evidence.Link.Description,Control.Evidence.Link.Description,control-evidence-mapping,,control-evidence-mapping,,control-evidence-mapping,control,Control.Evidence.Link.Name,,,,,,,2026-03-19T22:00:22.367+00:00,2026-03-19,2026,March,03,Quarter 1
bd438760-303f-41aa-816a-362dd6851b60,ControlTemplate,f40e1e23-2e7f-4dd4-ac2d-749b873dd6b8,EvidenceTaskTemplate,fd6aa3da-af3f-4db4-8398-8d9dd549d546,6643bb6e-2468-3c90-9722-902fd92b11da,,automated01_3428474 user01_3428474,America/Toronto,Control.Evidence.Link.Description,Control.Evidence.Link.Description,control-evidence-mapping,,control-evidence-mapping,,control-evidence-mapping,control,Control.Evidence.Link.Name,,,,,,,2026-03-19T16:00:22.367+00:00,2026-03-19,2026,March,03,Quarter 1
bd438760-303f-41aa-816a-362dd6851b60,ControlTemplate,f40e1e23-2e7f-4dd4-ac2d-749b873dd6b8,EvidenceTaskTemplate,fd6aa3da-af3f-4db4-8398-8d9dd549d546,6643bb6e-2468-3c90-9722-902fd92b11da,,automated01_3428474 user01_3428474,Pacific/Rarotonga,Control.Evidence.Link.Description,Control.Evidence.Link.Description,control-evidence-mapping,,control-evidence-mapping,,control-evidence-mapping,control,Control.Evidence.Link.Name,,,,,,,2026-03-19T10:00:22.367+00:00,2026-03-19,2026,March,03,Quarter 1
bd438760-303f-41aa-816a-362dd6851b60,ControlTemplate,f40e1e23-2e7f-4dd4-ac2d-749b873dd6b8,EvidenceTaskTemplate,fd6aa3da-af3f-4db4-8398-8d9dd549d546,6643bb6e-2468-3c90-9722-902fd92b11da,,automated01_3428474 user01_3428474,Eire,Control.Evidence.Link.Description,Control.Evidence.Link.Description,control-evidence-mapping,,control-evidence-mapping,,control-evidence-mapping,control,Control.Evidence.Link.Name,,,,,,,2026-03-19T20:00:22.367+00:00,2026-03-19,2026,March,03,Quarter 1
bd438760-303f-41aa-816a-362dd6851b60,ControlTemplate,f40e1e23-2e7f-4dd4-ac2d-749b873dd6b8,EvidenceTaskTemplate,fd6aa3da-af3f-4db4-8398-8d9dd549d546,6643bb6e-2468-3c90-9722-902fd92b11da,,automated01_3428474 user01_3428474,Etc/GMT-1,Control.Evidence.Link.Description,Control.Evidence.Link.Description,control-evidence-mapping,,control-evidence-mapping,,control-evidence-mapping,control,Control.Evidence.Link.Name,,,,,,,2026-03-19T21:00:22.367+00:00,2026-03-19,2026,March,03,Quarter 1
bd438760-303f-41aa-816a-362dd6851b60,ControlTemplate,f40e1e23-2e7f-4dd4-ac2d-749b873dd6b8,EvidenceTaskTemplate,fd6aa3da-af3f-4db4-8398-8d9dd549d546,6643bb6e-2468-3c90-9722-902fd92b11da,,automated01_3428474 user01_3428474,Africa/Johannesburg,Control.Evidence.Link.Description,Control.Evidence.Link.Description,control-evidence-mapping,,control-evidence-mapping,,control-evidence-mapping,control,Control.Evidence.Link.Name,,,,,,,2026-03-19T22:00:22.367+00:00,2026-03-19,2026,March,03,Quarter 1
bd438760-303f-41aa-816a-362dd6851b60,ControlTemplate,f40e1e23-2e7f-4dd4-ac2d-749b873dd6b8,EvidenceTaskTemplate,fd6aa3da-af3f-4db4-8398-8d9dd549d546,6643bb6e-2468-3c90-9722-902fd92b11da,,automated01_3428474 user01_3428474,America/Chicago,Control.Evidence.Link.Description,Control.Evidence.Link.Description,control-evidence-mapping,,control-evidence-mapping,,control-evidence-mapping,control,Control.Evidence.Link.Name,,,,,,,2026-03-19T15:00:22.367+00:00,2026-03-19,2026,March,03,Quarter 1
bd438760-303f-41aa-816a-362dd6851b60,ControlTemplate,f40e1e23-2e7f-4dd4-ac2d-749b873dd6b8,EvidenceTaskTemplate,fd6aa3da-af3f-4db4-8398-8d9dd549d546,6643bb6e-2468-3c90-9722-902fd92b11da,,automated01_3428474 user01_3428474,Asia/Aqtau,Control.Evidence.Link.Description,Control.Evidence.Link.Description,control-evidence-mapping,,control-evidence-mapping,,control-evidence-mapping,control,Control.Evidence.Link.Name,,,,,,,2026-03-20T01:00:22.367+00:00,2026-03-20,2026,March,03,Quarter 1
bd438760-303f-41aa-816a-362dd6851b60,ControlTemplate,f40e1e23-2e7f-4dd4-ac2d-749b873dd6b8,EvidenceTaskTemplate,fd6aa3da-af3f-4db4-8398-8d9dd549d546,6643bb6e-2468-3c90-9722-902fd92b11da,,automated01_3428474 user01_3428474,Australia/Queensland,Control.Evidence.Link.Description,Control.Evidence.Link.Description,control-evidence-mapping,,control-evidence-mapping,,control-evidence-mapping,control,Control.Evidence.Link.Name,,,,,,,2026-03-20T06:00:22.367+00:00,2026-03-20,2026,March,03,Quarter 1
bd438760-303f-41aa-816a-362dd6851b60,ControlTemplate,f40e1e23-2e7f-4dd4-ac2d-749b873dd6b8,EvidenceTaskTemplate,fd6aa3da-af3f-4db4-8398-8d9dd549d546,6643bb6e-2468-3c90-9722-902fd92b11da,,automated01_3428474 user01_3428474,Europe/Podgorica,Control.Evidence.Link.Description,Control.Evidence.Link.Description,control-evidence-mapping,,control-evidence-mapping,,control-evidence-mapping,control,Control.Evidence.Link.Name,,,,,,,2026-03-19T21:00:22.367+00:00,2026-03-19,2026,March,03,Quarter 1
bd438760-303f-41aa-816a-362dd6851b60,ControlTemplate,f40e1e23-2e7f-4dd4-ac2d-749b873dd6b8,EvidenceTaskTemplate,fd6aa3da-af3f-4db4-8398-8d9dd549d546,6643bb6e-2468-3c90-9722-902fd92b11da,,automated01_3428474 user01_3428474,Asia/Saigon,Control.Evidence.Link.Description,Control.Evidence.Link.Description,control-evidence-mapping,,control-evidence-mapping,,control-evidence-mapping,control,Control.Evidence.Link.Name,,,,,,,2026-03-20T03:00:22.367+00:00,2026-03-20,2026,March,03,Quarter 1
bd438760-303f-41aa-816a-362dd6851b60,ControlTemplate,f40e1e23-2e7f-4dd4-ac2d-749b873dd6b8,EvidenceTaskTemplate,fd6aa3da-af3f-4db4-8398-8d9dd549d546,6643bb6e-2468-3c90-9722-902fd92b11da,,automated01_3428474 user01_3428474,Chile/Continental,Control.Evidence.Link.Description,Control.Evidence.Link.Description,control-evidence-mapping,,control-evidence-mapping,,control-evidence-mapping,control,Control.Evidence.Link.Name,,,,,,,2026-03-19T17:00:22.367+00:00,2026-03-19,2026,March,03,Quarter 1
bd438760-303f-41aa-816a-362dd6851b60,ControlTemplate,f40e1e23-2e7f-4dd4-ac2d-749b873dd6b8,EvidenceTaskTemplate,fd6aa3da-af3f-4db4-8398-8d9dd549d546,6643bb6e-2468-3c90-9722-902fd92b11da,,automated01_3428474 user01_3428474,America/Campo_Grande,Control.Evidence.Link.Description,Control.Evidence.Link.Description,control-evidence-mapping,,control-evidence-mapping,,control-evidence-mapping,control,Control.Evidence.Link.Name,,,,,,,2026-03-19T16:00:22.367+00:00,2026-03-19,2026,March,03,Quarter 1
bd438760-303f-41aa-816a-362dd6851b60,ControlTemplate,f40e1e23-2e7f-4dd4-ac2d-749b873dd6b8,EvidenceTaskTemplate,fd6aa3da-af3f-4db4-8398-8d9dd549d546,6643bb6e-2468-3c90-9722-902fd92b11da,,automated01_3428474 user01_3428474,America/Indiana/Vevay,Control.Evidence.Link.Description,Control.Evidence.Link.Description,control-evidence-mapping,,control-evidence-mapping,,control-evidence-mapping,control,Control.Evidence.Link.Name,,,,,,,2026-03-19T16:00:22.367+00:00,2026-03-19,2026,March,03,Quarter 1
bd438760-303f-41aa-816a-362dd6851b60,ControlTemplate,f40e1e23-2e7f-4dd4-ac2d-749b873dd6b8,EvidenceTaskTemplate,fd6aa3da-af3f-4db4-8398-8d9dd549d546,6643bb6e-2468-3c90-9722-902fd92b11da,,automated01_3428474 user01_3428474,HST,Control.Evidence.Link.Description,Control.Evidence.Link.Description,control-evidence-mapping,,control-evidence-mapping,,control-evidence-mapping,control,Control.Evidence.Link.Name,,,,,,,2026-03-19T10:00:22.367+00:00,2026-03-19,2026,March,03,Quarter 1
bd438760-303f-41aa-816a-362dd6851b60,ControlTemplate,f40e1e23-2e7f-4dd4-ac2d-749b873dd6b8,EvidenceTaskTemplate,fd6aa3da-af3f-4db4-8398-8d9dd549d546,6643bb6e-2468-3c90-9722-902fd92b11da,,automated01_3428474 user01_3428474,America/Scoresbysund,Control.Evidence.Link.Description,Control.Evidence.Link.Description,control-evidence-mapping,,control-evidence-mapping,,control-evidence-mapping,control,Control.Evidence.Link.Name,,,,,,,2026-03-19T18:00:22.367+00:00,2026-03-19,2026,March,03,Quarter 1
bd438760-303f-41aa-816a-362dd6851b60,ControlTemplate,f40e1e23-2e7f-4dd4-ac2d-749b873dd6b8,EvidenceTaskTemplate,fd6aa3da-af3f-4db4-8398-8d9dd549d546,6643bb6e-2468-3c90-9722-902fd92b11da,,automated01_3428474 user01_3428474,MET,Control.Evidence.Link.Description,Control.Evidence.Link.Description,control-evidence-mapping,,control-evidence-mapping,,control-evidence-mapping,control,Control.Evidence.Link.Name,,,,,,,2026-03-19T21:00:22.367+00:00,2026-03-19,2026,March,03,Quarter 1
bd438760-303f-41aa-816a-362dd6851b60,ControlTemplate,f40e1e23-2e7f-4dd4-ac2d-749b873dd6b8,EvidenceTaskTemplate,fd6aa3da-af3f-4db4-8398-8d9dd549d546,6643bb6e-2468-3c90-9722-902fd92b11da,,automated01_3428474 user01_3428474,America/Tegucigalpa,Control.Evidence.Link.Description,Control.Evidence.Link.Description,control-evidence-mapping,,control-evidence-mapping,,control-evidence-mapping,control,Control.Evidence.Link.Name,,,,,,,2026-03-19T14:00:22.367+00:00,2026-03-19,2026,March,03,Quarter 1
bd438760-303f-41aa-816a-362dd6851b60,ControlTemplate,f40e1e23-2e7f-4dd4-ac2d-749b873dd6b8,EvidenceTaskTemplate,fd6aa3da-af3f-4db4-8398-8d9dd549d546,6643bb6e-2468-3c90-9722-902fd92b11da,,automated01_3428474 user01_3428474,Atlantic/Reykjavik,Control.Evidence.Link.Description,Control.Evidence.Link.Description,control-evidence-mapping,,control-evidence-mapping,,control-evidence-mapping,control,Control.Evidence.Link.Name,,,,,,,2026-03-19T20:00:22.367+00:00,2026-03-19,2026,March,03,Quarter 1
bd438760-303f-41aa-816a-362dd6851b60,ControlTemplate,f40e1e23-2e7f-4dd4-ac2d-749b873dd6b8,EvidenceTaskTemplate,fd6aa3da-af3f-4db4-8398-8d9dd549d546,6643bb6e-2468-3c90-9722-902fd92b11da,,automated01_3428474 user01_3428474,Etc/GMT+1,Control.Evidence.Link.Description,Control.Evidence.Link.Description,control-evidence-mapping,,control-evidence-mapping,,control-evidence-mapping,control,Control.Evidence.Link.Name,,,,,,,2026-03-19T19:00:22.367+00:00,2026-03-19,2026,March,03,Quarter 1
bd438760-303f-41aa-816a-362dd6851b60,ControlTemplate,f40e1e23-2e7f-4dd4-ac2d-749b873dd6b8,EvidenceTaskTemplate,fd6aa3da-af3f-4db4-8398-8d9dd549d546,6643bb6e-2468-3c90-9722-902fd92b11da,,automated01_3428474 user01_3428474,Europe/Zaporozhye,Control.Evidence.Link.Description,Control.Evidence.Link.Description,control-evidence-mapping,,control-evidence-mapping,,control-evidence-mapping,control,Control.Evidence.Link.Name,,,,,,,2026-03-19T22:00:22.367+00:00,2026-03-19,2026,March,03,Quarter 1
bd438760-303f-41aa-816a-362dd6851b60,ControlTemplate,f40e1e23-2e7f-4dd4-ac2d-749b873dd6b8,EvidenceTaskTemplate,fd6aa3da-af3f-4db4-8398-8d9dd549d546,6643bb6e-2468-3c90-9722-902fd92b11da,,automated01_3428474 user01_3428474,America/Shiprock,Control.Evidence.Link.Description,Control.Evidence.Link.Description,control-evidence-mapping,,control-evidence-mapping,,control-evidence-mapping,control,Control.Evidence.Link.Name,,,,,,,2026-03-19T14:00:22.367+00:00,2026-03-19,2026,March,03,Quarter 1
bd438760-303f-41aa-816a-362dd6851b60,ControlTemplate,f40e1e23-2e7f-4dd4-ac2d-749b873dd6b8,EvidenceTaskTemplate,fd6aa3da-af3f-4db4-8398-8d9dd549d546,6643bb6e-2468-3c90-9722-902fd92b11da,,automated01_3428474 user01_3428474,America/Metlakatla,Control.Evidence.Link.Description,Control.Evidence.Link.Description,control-evidence-mapping,,control-evidence-mapping,,control-evidence-mapping,control,Control.Evidence.Link.Name,,,,,,,2026-03-19T12:00:22.367+00:00,2026-03-19,2026,March,03,Quarter 1
bd438760-303f-41aa-816a-362dd6851b60,ControlTemplate,f40e1e23-2e7f-4dd4-ac2d-749b873dd6b8,EvidenceTaskTemplate,fd6aa3da-af3f-4db4-8398-8d9dd549d546,6643bb6e-2468-3c90-9722-902fd92b11da,,automated01_3428474 user01_3428474,Asia/Hebron,Control.Evidence.Link.Description,Control.Evidence.Link.Description,control-evidence-mapping,,control-evidence-mapping,,control-evidence-mapping,control,Control.Evidence.Link.Name,,,,,,,2026-03-19T22:00:22.367+00:00,2026-03-19,2026,March,03,Quarter 1
bd438760-303f-41aa-816a-362dd6851b60,ControlTemplate,f40e1e23-2e7f-4dd4-ac2d-749b873dd6b8,EvidenceTaskTemplate,fd6aa3da-af3f-4db4-8398-8d9dd549d546,6643bb6e-2468-3c90-9722-902fd92b11da,,automated01_3428474 user01_3428474,Europe/Helsinki,Control.Evidence.Link.Description,Control.Evidence.Link.Description,control-evidence-mapping,,control-evidence-mapping,,control-evidence-mapping,control,Control.Evidence.Link.Name,,,,,,,2026-03-19T22:00:22.367+00:00,2026-03-19,2026,March,03,Quarter 1
bd438760-303f-41aa-816a-362dd6851b60,ControlTemplate,f40e1e23-2e7f-4dd4-ac2d-749b873dd6b8,EvidenceTaskTemplate,fd6aa3da-af3f-4db4-8398-8d9dd549d546,6643bb6e-2468-3c90-9722-902fd92b11da,,automated01_3428474 user01_3428474,America/Halifax,Control.Evidence.Link.Description,Control.Evidence.Link.Description,control-evidence-mapping,,control-evidence-mapping,,control-evidence-mapping,control,Control.Evidence.Link.Name,,,,,,,2026-03-19T17:00:22.367+00:00,2026-03-19,2026,March,03,Quarter 1
bd438760-303f-41aa-816a-362dd6851b60,ControlTemplate,f40e1e23-2e7f-4dd4-ac2d-749b873dd6b8,EvidenceTaskTemplate,fd6aa3da-af3f-4db4-8398-8d9dd549d546,6643bb6e-2468-3c90-9722-902fd92b11da,,automated01_3428474 user01_3428474,Africa/Djibouti,Control.Evidence.Link.Description,Control.Evidence.Link.Description,control-evidence-mapping,,control-evidence-mapping,,control-evidence-mapping,control,Control.Evidence.Link.Name,,,,,,,2026-03-19T23:00:22.367+00:00,2026-03-19,2026,March,03,Quarter 1
bd438760-303f-41aa-816a-362dd6851b60,ControlTemplate,f40e1e23-2e7f-4dd4-ac2d-749b873dd6b8,EvidenceTaskTemplate,fd6aa3da-af3f-4db4-8398-8d9dd549d546,6643bb6e-2468-3c90-9722-902fd92b11da,,automated01_3428474 user01_3428474,Asia/Hong_Kong,Control.Evidence.Link.Description,Control.Evidence.Link.Description,control-evidence-mapping,,control-evidence-mapping,,control-evidence-mapping,control,Control.Evidence.Link.Name,,,,,,,2026-03-20T04:00:22.367+00:00,2026-03-20,2026,March,03,Quarter 1
bd438760-303f-41aa-816a-362dd6851b60,ControlTemplate,f40e1e23-2e7f-4dd4-ac2d-749b873dd6b8,EvidenceTaskTemplate,fd6aa3da-af3f-4db4-8398-8d9dd549d546,6643bb6e-2468-3c90-9722-902fd92b11da,,automated01_3428474 user01_3428474,Australia/Currie,Control.Evidence.Link.Description,Control.Evidence.Link.Description,control-evidence-mapping,,control-evidence-mapping,,control-evidence-mapping,control,Control.Evidence.Link.Name,,,,,,,2026-03-20T07:00:22.367+00:00,2026-03-20,2026,March,03,Quarter 1
bd438760-303f-41aa-816a-362dd6851b60,ControlTemplate,f40e1e23-2e7f-4dd4-ac2d-749b873dd6b8,EvidenceTaskTemplate,fd6aa3da-af3f-4db4-8398-8d9dd549d546,6643bb6e-2468-3c90-9722-902fd92b11da,,automated01_3428474 user01_3428474,Pacific/Tahiti,Control.Evidence.Link.Description,Control.Evidence.Link.Description,control-evidence-mapping,,control-evidence-mapping,,control-evidence-mapping,control,Control.Evidence.Link.Name,,,,,,,2026-03-19T10:00:22.367+00:00,2026-03-19,2026,March,03,Quarter 1
bd438760-303f-41aa-816a-362dd6851b60,ControlTemplate,f40e1e23-2e7f-4dd4-ac2d-749b873dd6b8,EvidenceTaskTemplate,fd6aa3da-af3f-4db4-8398-8d9dd549d546,6643bb6e-2468-3c90-9722-902fd92b11da,,automated01_3428474 user01_3428474,America/Lima,Control.Evidence.Link.Description,Control.Evidence.Link.Description,control-evidence-mapping,,control-evidence-mapping,,control-evidence-mapping,control,Control.Evidence.Link.Name,,,,,,,2026-03-19T15:00:22.367+00:00,2026-03-19,2026,March,03,Quarter 1
bd438760-303f-41aa-816a-362dd6851b60,ControlTemplate,f40e1e23-2e7f-4dd4-ac2d-749b873dd6b8,EvidenceTaskTemplate,fd6aa3da-af3f-4db4-8398-8d9dd549d546,6643bb6e-2468-3c90-9722-902fd92b11da,,automated01_3428474 user01_3428474,America/Chihuahua,Control.Evidence.Link.Description,Control.Evidence.Link.Description,control-evidence-mapping,,control-evidence-mapping,,control-evidence-mapping,control,Control.Evidence.Link.Name,,,,,,,2026-03-19T14:00:22.367+00:00,2026-03-19,2026,March,03,Quarter 1
bd438760-303f-41aa-816a-362dd6851b60,ControlTemplate,f40e1e23-2e7f-4dd4-ac2d-749b873dd6b8,EvidenceTaskTemplate,fd6aa3da-af3f-4db4-8398-8d9dd549d546,6643bb6e-2468-3c90-9722-902fd92b11da,,automated01_3428474 user01_3428474,Asia/Tokyo,Control.Evidence.Link.Description,Control.Evidence.Link.Description,control-evidence-mapping,,control-evidence-mapping,,control-evidence-mapping,control,Control.Evidence.Link.Name,,,,,,,2026-03-20T05:00:22.367+00:00,2026-03-20,2026,March,03,Quarter 1
bd438760-303f-41aa-816a-362dd6851b60,ControlTemplate,f40e1e23-2e7f-4dd4-ac2d-749b873dd6b8,EvidenceTaskTemplate,fd6aa3da-af3f-4db4-8398-8d9dd549d546,6643bb6e-2468-3c90-9722-902fd92b11da,,automated01_3428474 user01_3428474,America/Punta_Arenas,Control.Evidence.Link.Description,Control.Evidence.Link.Description,control-evidence-mapping,,control-evidence-mapping,,control-evidence-mapping,control,Control.Evidence.Link.Name,,,,,,,2026-03-19T17:00:22.367+00:00,2026-03-19,2026,March,03,Quarter 1
bd438760-303f-41aa-816a-362dd6851b60,ControlTemplate,f40e1e23-2e7f-4dd4-ac2d-749b873dd6b8,EvidenceTaskTemplate,fd6aa3da-af3f-4db4-8398-8d9dd549d546,6643bb6e-2468-3c90-9722-902fd92b11da,,automated01_3428474 user01_3428474,Etc/GMT,Control.Evidence.Link.Description,Control.Evidence.Link.Description,control-evidence-mapping,,control-evidence-mapping,,control-evidence-mapping,control,Control.Evidence.Link.Name,,,,,,,2026-03-19T20:00:22.367+00:00,2026-03-19,2026,March,03,Quarter 1
bd438760-303f-41aa-816a-362dd6851b60,ControlTemplate,f40e1e23-2e7f-4dd4-ac2d-749b873dd6b8,EvidenceTaskTemplate,fd6aa3da-af3f-4db4-8398-8d9dd549d546,6643bb6e-2468-3c90-9722-902fd92b11da,,automated01_3428474 user01_3428474,Pacific/Wake,Control.Evidence.Link.Description,Control.Evidence.Link.Description,control-evidence-mapping,,control-evidence-mapping,,control-evidence-mapping,control,Control.Evidence.Link.Name,,,,,,,2026-03-20T08:00:22.367+00:00,2026-03-20,2026,March,03,Quarter 1
bd438760-303f-41aa-816a-362dd6851b60,ControlTemplate,f40e1e23-2e7f-4dd4-ac2d-749b873dd6b8,EvidenceTaskTemplate,fd6aa3da-af3f-4db4-8398-8d9dd549d546,6643bb6e-2468-3c90-9722-902fd92b11da,,automated01_3428474 user01_3428474,America/Nuuk,Control.Evidence.Link.Description,Control.Evidence.Link.Description,control-evidence-mapping,,control-evidence-mapping,,control-evidence-mapping,control,Control.Evidence.Link.Name,,,,,,,2026-03-19T18:00:22.367+00:00,2026-03-19,2026,March,03,Quarter 1
bd438760-303f-41aa-816a-362dd6851b60,ControlTemplate,f40e1e23-2e7f-4dd4-ac2d-749b873dd6b8,EvidenceTaskTemplate,fd6aa3da-af3f-4db4-8398-8d9dd549d546,6643bb6e-2468-3c90-9722-902fd92b11da,,automated01_3428474 user01_3428474,Pacific/Gambier,Control.Evidence.Link.Description,Control.Evidence.Link.Description,control-evidence-mapping,,control-evidence-mapping,,control-evidence-mapping,control,Control.Evidence.Link.Name,,,,,,,2026-03-19T11:00:22.367+00:00,2026-03-19,2026,March,03,Quarter 1
bd438760-303f-41aa-816a-362dd6851b60,ControlTemplate,f40e1e23-2e7f-4dd4-ac2d-749b873dd6b8,EvidenceTaskTemplate,fd6aa3da-af3f-4db4-8398-8d9dd549d546,6643bb6e-2468-3c90-9722-902fd92b11da,,automated01_3428474 user01_3428474,Asia/Amman,Control.Evidence.Link.Description,Control.Evidence.Link.Description,control-evidence-mapping,,control-evidence-mapping,,control-evidence-mapping,control,Control.Evidence.Link.Name,,,,,,,2026-03-19T23:00:22.367+00:00,2026-03-19,2026,March,03,Quarter 1
bd438760-303f-41aa-816a-362dd6851b60,ControlTemplate,f40e1e23-2e7f-4dd4-ac2d-749b873dd6b8,EvidenceTaskTemplate,fd6aa3da-af3f-4db4-8398-8d9dd549d546,6643bb6e-2468-3c90-9722-902fd92b11da,,automated01_3428474 user01_3428474,Asia/Harbin,Control.Evidence.Link.Description,Control.Evidence.Link.Description,control-evidence-mapping,,control-evidence-mapping,,control-evidence-mapping,control,Control.Evidence.Link.Name,,,,,,,2026-03-20T04:00:22.367+00:00,2026-03-20,2026,March,03,Quarter 1
bd438760-303f-41aa-816a-362dd6851b60,ControlTemplate,f40e1e23-2e7f-4dd4-ac2d-749b873dd6b8,EvidenceTaskTemplate,fd6aa3da-af3f-4db4-8398-8d9dd549d546,6643bb6e-2468-3c90-9722-902fd92b11da,,automated01_3428474 user01_3428474,America/Belem,Control.Evidence.Link.Description,Control.Evidence.Link.Description,control-evidence-mapping,,control-evidence-mapping,,control-evidence-mapping,control,Control.Evidence.Link.Name,,,,,,,2026-03-19T17:00:22.367+00:00,2026-03-19,2026,March,03,Quarter 1
bd438760-303f-41aa-816a-362dd6851b60,ControlTemplate,f40e1e23-2e7f-4dd4-ac2d-749b873dd6b8,EvidenceTaskTemplate,fd6aa3da-af3f-4db4-8398-8d9dd549d546,6643bb6e-2468-3c90-9722-902fd92b11da,,automated01_3428474 user01_3428474,Etc/GMT-8,Control.Evidence.Link.Description,Control.Evidence.Link.Description,control-evidence-mapping,,control-evidence-mapping,,control-evidence-mapping,control,Control.Evidence.Link.Name,,,,,,,2026-03-20T04:00:22.367+00:00,2026-03-20,2026,March,03,Quarter 1
bd438760-303f-41aa-816a-362dd6851b60,ControlTemplate,f40e1e23-2e7f-4dd4-ac2d-749b873dd6b8,EvidenceTaskTemplate,fd6aa3da-af3f-4db4-8398-8d9dd549d546,6643bb6e-2468-3c90-9722-902fd92b11da,,automated01_3428474 user01_3428474,Indian/Mahe,Control.Evidence.Link.Description,Control.Evidence.Link.Description,control-evidence-mapping,,control-evidence-mapping,,control-evidence-mapping,control,Control.Evidence.Link.Name,,,,,,,2026-03-20T00:00:22.367+00:00,2026-03-20,2026,March,03,Quarter 1
bd438760-303f-41aa-816a-362dd6851b60,ControlTemplate,f40e1e23-2e7f-4dd4-ac2d-749b873dd6b8,EvidenceTaskTemplate,fd6aa3da-af3f-4db4-8398-8d9dd549d546,6643bb6e-2468-3c90-9722-902fd92b11da,,automated01_3428474 user01_3428474,Africa/Niamey,Control.Evidence.Link.Description,Control.Evidence.Link.Description,control-evidence-mapping,,control-evidence-mapping,,control-evidence-mapping,control,Control.Evidence.Link.Name,,,,,,,2026-03-19T21:00:22.367+00:00,2026-03-19,2026,March,03,Quarter 1
bd438760-303f-41aa-816a-362dd6851b60,ControlTemplate,f40e1e23-2e7f-4dd4-ac2d-749b873dd6b8,EvidenceTaskTemplate,fd6aa3da-af3f-4db4-8398-8d9dd549d546,6643bb6e-2468-3c90-9722-902fd92b11da,,automated01_3428474 user01_3428474,PST8PDT,Control.Evidence.Link.Description,Control.Evidence.Link.Description,control-evidence-mapping,,control-evidence-mapping,,control-evidence-mapping,control,Control.Evidence.Link.Name,,,,,,,2026-03-19T13:00:22.367+00:00,2026-03-19,2026,March,03,Quarter 1
bd438760-303f-41aa-816a-362dd6851b60,ControlTemplate,f40e1e23-2e7f-4dd4-ac2d-749b873dd6b8,EvidenceTaskTemplate,fd6aa3da-af3f-4db4-8398-8d9dd549d546,6643bb6e-2468-3c90-9722-902fd92b11da,,automated01_3428474 user01_3428474,Africa/Banjul,Control.Evidence.Link.Description,Control.Evidence.Link.Description,control-evidence-mapping,,control-evidence-mapping,,control-evidence-mapping,control,Control.Evidence.Link.Name,,,,,,,2026-03-19T20:00:22.367+00:00,2026-03-19,2026,March,03,Quarter 1
bd438760-303f-41aa-816a-362dd6851b60,ControlTemplate,f40e1e23-2e7f-4dd4-ac2d-749b873dd6b8,EvidenceTaskTemplate,fd6aa3da-af3f-4db4-8398-8d9dd549d546,6643bb6e-2468-3c90-9722-902fd92b11da,,automated01_3428474 user01_3428474,Pacific/Saipan,Control.Evidence.Link.Description,Control.Evidence.Link.Description,control-evidence-mapping,,control-evidence-mapping,,control-evidence-mapping,control,Control.Evidence.Link.Name,,,,,,,2026-03-20T06:00:22.367+00:00,2026-03-20,2026,March,03,Quarter 1
bd438760-303f-41aa-816a-362dd6851b60,ControlTemplate,f40e1e23-2e7f-4dd4-ac2d-749b873dd6b8,EvidenceTaskTemplate,fd6aa3da-af3f-4db4-8398-8d9dd549d546,6643bb6e-2468-3c90-9722-902fd92b11da,,automated01_3428474 user01_3428474,Australia/Canberra,Control.Evidence.Link.Description,Control.Evidence.Link.Description,control-evidence-mapping,,control-evidence-mapping,,control-evidence-mapping,control,Control.Evidence.Link.Name,,,,,,,2026-03-20T07:00:22.367+00:00,2026-03-20,2026,March,03,Quarter 1
bd438760-303f-41aa-816a-362dd6851b60,ControlTemplate,f40e1e23-2e7f-4dd4-ac2d-749b873dd6b8,EvidenceTaskTemplate,fd6aa3da-af3f-4db4-8398-8d9dd549d546,6643bb6e-2468-3c90-9722-902fd92b11da,,automated01_3428474 user01_3428474,America/North_Dakota/Center,Control.Evidence.Link.Description,Control.Evidence.Link.Description,control-evidence-mapping,,control-evidence-mapping,,control-evidence-mapping,control,Control.Evidence.Link.Name,,,,,,,2026-03-19T15:00:22.367+00:00,2026-03-19,2026,March,03,Quarter 1
bd438760-303f-41aa-816a-362dd6851b60,ControlTemplate,f40e1e23-2e7f-4dd4-ac2d-749b873dd6b8,EvidenceTaskTemplate,fd6aa3da-af3f-4db4-8398-8d9dd549d546,6643bb6e-2468-3c90-9722-902fd92b11da,,automated01_3428474 user01_3428474,Indian/Antananarivo,Control.Evidence.Link.Description,Control.Evidence.Link.Description,control-evidence-mapping,,control-evidence-mapping,,control-evidence-mapping,control,Control.Evidence.Link.Name,,,,,,,2026-03-19T23:00:22.367+00:00,2026-03-19,2026,March,03,Quarter 1
bd438760-303f-41aa-816a-362dd6851b60,ControlTemplate,f40e1e23-2e7f-4dd4-ac2d-749b873dd6b8,EvidenceTaskTemplate,fd6aa3da-af3f-4db4-8398-8d9dd549d546,6643bb6e-2468-3c90-9722-902fd92b11da,,automated01_3428474 user01_3428474,Pacific/Tarawa,Control.Evidence.Link.Description,Control.Evidence.Link.Description,control-evidence-mapping,,control-evidence-mapping,,control-evidence-mapping,control,Control.Evidence.Link.Name,,,,,,,2026-03-20T08:00:22.367+00:00,2026-03-20,2026,March,03,Quarter 1
bd438760-303f-41aa-816a-362dd6851b60,ControlTemplate,f40e1e23-2e7f-4dd4-ac2d-749b873dd6b8,EvidenceTaskTemplate,fd6aa3da-af3f-4db4-8398-8d9dd549d546,6643bb6e-2468-3c90-9722-902fd92b11da,,automated01_3428474 user01_3428474,America/Phoenix,Control.Evidence.Link.Description,Control.Evidence.Link.Description,control-evidence-mapping,,control-evidence-mapping,,control-evidence-mapping,control,Control.Evidence.Link.Name,,,,,,,2026-03-19T13:00:22.367+00:00,2026-03-19,2026,March,03,Quarter 1
bd438760-303f-41aa-816a-362dd6851b60,ControlTemplate,f40e1e23-2e7f-4dd4-ac2d-749b873dd6b8,EvidenceTaskTemplate,fd6aa3da-af3f-4db4-8398-8d9dd549d546,6643bb6e-2468-3c90-9722-902fd92b11da,,automated01_3428474 user01_3428474,Asia/Khandyga,Control.Evidence.Link.Description,Control.Evidence.Link.Description,control-evidence-mapping,,control-evidence-mapping,,control-evidence-mapping,control,Control.Evidence.Link.Name,,,,,,,2026-03-20T05:00:22.367+00:00,2026-03-20,2026,March,03,Quarter 1
bd438760-303f-41aa-816a-362dd6851b60,ControlTemplate,f40e1e23-2e7f-4dd4-ac2d-749b873dd6b8,EvidenceTaskTemplate,fd6aa3da-af3f-4db4-8398-8d9dd549d546,6643bb6e-2468-3c90-9722-902fd92b11da,,automated01_3428474 user01_3428474,Pacific/Galapagos,Control.Evidence.Link.Description,Control.Evidence.Link.Description,control-evidence-mapping,,control-evidence-mapping,,control-evidence-mapping,control,Control.Evidence.Link.Name,,,,,,,2026-03-19T14:00:22.367+00:00,2026-03-19,2026,March,03,Quarter 1
bd438760-303f-41aa-816a-362dd6851b60,ControlTemplate,f40e1e23-2e7f-4dd4-ac2d-749b873dd6b8,EvidenceTaskTemplate,fd6aa3da-af3f-4db4-8398-8d9dd549d546,6643bb6e-2468-3c90-9722-902fd92b11da,,automated01_3428474 user01_3428474,America/Knox_IN,Control.Evidence.Link.Description,Control.Evidence.Link.Description,control-evidence-mapping,,control-evidence-mapping,,control-evidence-mapping,control,Control.Evidence.Link.Name,,,,,,,2026-03-19T15:00:22.367+00:00,2026-03-19,2026,March,03,Quarter 1
bd438760-303f-41aa-816a-362dd6851b60,ControlTemplate,f40e1e23-2e7f-4dd4-ac2d-749b873dd6b8,EvidenceTaskTemplate,fd6aa3da-af3f-4db4-8398-8d9dd549d546,6643bb6e-2468-3c90-9722-902fd92b11da,,automated01_3428474 user01_3428474,Africa/Algiers,Control.Evidence.Link.Description,Control.Evidence.Link.Description,control-evidence-mapping,,control-evidence-mapping,,control-evidence-mapping,control,Control.Evidence.Link.Name,,,,,,,2026-03-19T21:00:22.367+00:00,2026-03-19,2026,March,03,Quarter 1
bd438760-303f-41aa-816a-362dd6851b60,ControlTemplate,f40e1e23-2e7f-4dd4-ac2d-749b873dd6b8,EvidenceTaskTemplate,fd6aa3da-af3f-4db4-8398-8d9dd549d546,6643bb6e-2468-3c90-9722-902fd92b11da,,automated01_3428474 user01_3428474,Asia/Pyongyang,Control.Evidence.Link.Description,Control.Evidence.Link.Description,control-evidence-mapping,,control-evidence-mapping,,control-evidence-mapping,control,Control.Evidence.Link.Name,,,,,,,2026-03-20T05:00:22.367+00:00,2026-03-20,2026,March,03,Quarter 1
bd438760-303f-41aa-816a-362dd6851b60,ControlTemplate,f40e1e23-2e7f-4dd4-ac2d-749b873dd6b8,EvidenceTaskTemplate,fd6aa3da-af3f-4db4-8398-8d9dd549d546,6643bb6e-2468-3c90-9722-902fd92b11da,,automated01_3428474 user01_3428474,Asia/Famagusta,Control.Evidence.Link.Description,Control.Evidence.Link.Description,control-evidence-mapping,,control-evidence-mapping,,control-evidence-mapping,control,Control.Evidence.Link.Name,,,,,,,2026-03-19T22:00:22.367+00:00,2026-03-19,2026,March,03,Quarter 1
bd438760-303f-41aa-816a-362dd6851b60,ControlTemplate,f40e1e23-2e7f-4dd4-ac2d-749b873dd6b8,EvidenceTaskTemplate,fd6aa3da-af3f-4db4-8398-8d9dd549d546,6643bb6e-2468-3c90-9722-902fd92b11da,,automated01_3428474 user01_3428474,America/Havana,Control.Evidence.Link.Description,Control.Evidence.Link.Description,control-evidence-mapping,,control-evidence-mapping,,control-evidence-mapping,control,Control.Evidence.Link.Name,,,,,,,2026-03-19T16:00:22.367+00:00,2026-03-19,2026,March,03,Quarter 1
bd438760-303f-41aa-816a-362dd6851b60,ControlTemplate,f40e1e23-2e7f-4dd4-ac2d-749b873dd6b8,EvidenceTaskTemplate,fd6aa3da-af3f-4db4-8398-8d9dd549d546,6643bb6e-2468-3c90-9722-902fd92b11da,,automated01_3428474 user01_3428474,Iceland,Control.Evidence.Link.Description,Control.Evidence.Link.Description,control-evidence-mapping,,control-evidence-mapping,,control-evidence-mapping,control,Control.Evidence.Link.Name,,,,,,,2026-03-19T20:00:22.367+00:00,2026-03-19,2026,March,03,Quarter 1
bd438760-303f-41aa-816a-362dd6851b60,ControlTemplate,f40e1e23-2e7f-4dd4-ac2d-749b873dd6b8,EvidenceTaskTemplate,fd6aa3da-af3f-4db4-8398-8d9dd549d546,6643bb6e-2468-3c90-9722-902fd92b11da,,automated01_3428474 user01_3428474,US/Pacific,Control.Evidence.Link.Description,Control.Evidence.Link.Description,control-evidence-mapping,,control-evidence-mapping,,control-evidence-mapping,control,Control.Evidence.Link.Name,,,,,,,2026-03-19T13:00:22.367+00:00,2026-03-19,2026,March,03,Quarter 1
bd438760-303f-41aa-816a-362dd6851b60,ControlTemplate,f40e1e23-2e7f-4dd4-ac2d-749b873dd6b8,EvidenceTaskTemplate,fd6aa3da-af3f-4db4-8398-8d9dd549d546,6643bb6e-2468-3c90-9722-902fd92b11da,,automated01_3428474 user01_3428474,Canada/Newfoundland,Control.Evidence.Link.Description,Control.Evidence.Link.Description,control-evidence-mapping,,control-evidence-mapping,,control-evidence-mapping,control,Control.Evidence.Link.Name,,,,,,,2026-03-19T17:30:22.367+00:00,2026-03-19,2026,March,03,Quarter 1
bd438760-303f-41aa-816a-362dd6851b60,ControlTemplate,f40e1e23-2e7f-4dd4-ac2d-749b873dd6b8,EvidenceTaskTemplate,fd6aa3da-af3f-4db4-8398-8d9dd549d546,6643bb6e-2468-3c90-9722-902fd92b11da,,automated01_3428474 user01_3428474,CST6CDT,Control.Evidence.Link.Description,Control.Evidence.Link.Description,control-evidence-mapping,,control-evidence-mapping,,control-evidence-mapping,control,Control.Evidence.Link.Name,,,,,,,2026-03-19T15:00:22.367+00:00,2026-03-19,2026,March,03,Quarter 1
bd438760-303f-41aa-816a-362dd6851b60,ControlTemplate,f40e1e23-2e7f-4dd4-ac2d-749b873dd6b8,EvidenceTaskTemplate,fd6aa3da-af3f-4db4-8398-8d9dd549d546,6643bb6e-2468-3c90-9722-902fd92b11da,,automated01_3428474 user01_3428474,America/Argentina/Catamarca,Control.Evidence.Link.Description,Control.Evidence.Link.Description,control-evidence-mapping,,control-evidence-mapping,,control-evidence-mapping,control,Control.Evidence.Link.Name,,,,,,,2026-03-19T17:00:22.367+00:00,2026-03-19,2026,March,03,Quarter 1
bd438760-303f-41aa-816a-362dd6851b60,ControlTemplate,f40e1e23-2e7f-4dd4-ac2d-749b873dd6b8,EvidenceTaskTemplate,fd6aa3da-af3f-4db4-8398-8d9dd549d546,6643bb6e-2468-3c90-9722-902fd92b11da,,automated01_3428474 user01_3428474,Europe/London,Control.Evidence.Link.Description,Control.Evidence.Link.Description,control-evidence-mapping,,control-evidence-mapping,,control-evidence-mapping,control,Control.Evidence.Link.Name,,,,,,,2026-03-19T20:00:22.367+00:00,2026-03-19,2026,March,03,Quarter 1
bd438760-303f-41aa-816a-362dd6851b60,ControlTemplate,f40e1e23-2e7f-4dd4-ac2d-749b873dd6b8,EvidenceTaskTemplate,fd6aa3da-af3f-4db4-8398-8d9dd549d546,6643bb6e-2468-3c90-9722-902fd92b11da,,automated01_3428474 user01_3428474,Europe/Belfast,Control.Evidence.Link.Description,Control.Evidence.Link.Description,control-evidence-mapping,,control-evidence-mapping,,control-evidence-mapping,control,Control.Evidence.Link.Name,,,,,,,2026-03-19T20:00:22.367+00:00,2026-03-19,2026,March,03,Quarter 1
bd438760-303f-41aa-816a-362dd6851b60,ControlTemplate,f40e1e23-2e7f-4dd4-ac2d-749b873dd6b8,EvidenceTaskTemplate,fd6aa3da-af3f-4db4-8398-8d9dd549d546,6643bb6e-2468-3c90-9722-902fd92b11da,,automated01_3428474 user01_3428474,America/Argentina/Buenos_Aires,Control.Evidence.Link.Description,Control.Evidence.Link.Description,control-evidence-mapping,,control-evidence-mapping,,control-evidence-mapping,control,Control.Evidence.Link.Name,,,,,,,2026-03-19T17:00:22.367+00:00,2026-03-19,2026,March,03,Quarter 1
bd438760-303f-41aa-816a-362dd6851b60,ControlTemplate,f40e1e23-2e7f-4dd4-ac2d-749b873dd6b8,EvidenceTaskTemplate,fd6aa3da-af3f-4db4-8398-8d9dd549d546,6643bb6e-2468-3c90-9722-902fd92b11da,,automated01_3428474 user01_3428474,Atlantic/Canary,Control.Evidence.Link.Description,Control.Evidence.Link.Description,control-evidence-mapping,,control-evidence-mapping,,control-evidence-mapping,control,Control.Evidence.Link.Name,,,,,,,2026-03-19T20:00:22.367+00:00,2026-03-19,2026,March,03,Quarter 1
bd438760-303f-41aa-816a-362dd6851b60,ControlTemplate,f40e1e23-2e7f-4dd4-ac2d-749b873dd6b8,EvidenceTaskTemplate,fd6aa3da-af3f-4db4-8398-8d9dd549d546,6643bb6e-2468-3c90-9722-902fd92b11da,,automated01_3428474 user01_3428474,Europe/San_Marino,Control.Evidence.Link.Description,Control.Evidence.Link.Description,control-evidence-mapping,,control-evidence-mapping,,control-evidence-mapping,control,Control.Evidence.Link.Name,,,,,,,2026-03-19T21:00:22.367+00:00,2026-03-19,2026,March,03,Quarter 1
bd438760-303f-41aa-816a-362dd6851b60,ControlTemplate,f40e1e23-2e7f-4dd4-ac2d-749b873dd6b8,EvidenceTaskTemplate,fd6aa3da-af3f-4db4-8398-8d9dd549d546,6643bb6e-2468-3c90-9722-902fd92b11da,,automated01_3428474 user01_3428474,Asia/Shanghai,Control.Evidence.Link.Description,Control.Evidence.Link.Description,control-evidence-mapping,,control-evidence-mapping,,control-evidence-mapping,control,Control.Evidence.Link.Name,,,,,,,2026-03-20T04:00:22.367+00:00,2026-03-20,2026,March,03,Quarter 1
bd438760-303f-41aa-816a-362dd6851b60,ControlTemplate,f40e1e23-2e7f-4dd4-ac2d-749b873dd6b8,EvidenceTaskTemplate,fd6aa3da-af3f-4db4-8398-8d9dd549d546,6643bb6e-2468-3c90-9722-902fd92b11da,,automated01_3428474 user01_3428474,Universal,Control.Evidence.Link.Description,Control.Evidence.Link.Description,control-evidence-mapping,,control-evidence-mapping,,control-evidence-mapping,control,Control.Evidence.Link.Name,,,,,,,2026-03-19T20:00:22.367+00:00,2026-03-19,2026,March,03,Quarter 1
bd438760-303f-41aa-816a-362dd6851b60,ControlTemplate,f40e1e23-2e7f-4dd4-ac2d-749b873dd6b8,EvidenceTaskTemplate,fd6aa3da-af3f-4db4-8398-8d9dd549d546,6643bb6e-2468-3c90-9722-902fd92b11da,,automated01_3428474 user01_3428474,Asia/Bahrain,Control.Evidence.Link.Description,Control.Evidence.Link.Description,control-evidence-mapping,,control-evidence-mapping,,control-evidence-mapping,control,Control.Evidence.Link.Name,,,,,,,2026-03-19T23:00:22.367+00:00,2026-03-19,2026,March,03,Quarter 1
bd438760-303f-41aa-816a-362dd6851b60,ControlTemplate,f40e1e23-2e7f-4dd4-ac2d-749b873dd6b8,EvidenceTaskTemplate,fd6aa3da-af3f-4db4-8398-8d9dd549d546,6643bb6e-2468-3c90-9722-902fd92b11da,,automated01_3428474 user01_3428474,Africa/Douala,Control.Evidence.Link.Description,Control.Evidence.Link.Description,control-evidence-mapping,,control-evidence-mapping,,control-evidence-mapping,control,Control.Evidence.Link.Name,,,,,,,2026-03-19T21:00:22.367+00:00,2026-03-19,2026,March,03,Quarter 1
bd438760-303f-41aa-816a-362dd6851b60,ControlTemplate,f40e1e23-2e7f-4dd4-ac2d-749b873dd6b8,EvidenceTaskTemplate,fd6aa3da-af3f-4db4-8398-8d9dd549d546,6643bb6e-2468-3c90-9722-902fd92b11da,,automated01_3428474 user01_3428474,Kwajalein,Control.Evidence.Link.Description,Control.Evidence.Link.Description,control-evidence-mapping,,control-evidence-mapping,,control-evidence-mapping,control,Control.Evidence.Link.Name,,,,,,,2026-03-20T08:00:22.367+00:00,2026-03-20,2026,March,03,Quarter 1
bd438760-303f-41aa-816a-362dd6851b60,ControlTemplate,f40e1e23-2e7f-4dd4-ac2d-749b873dd6b8,EvidenceTaskTemplate,fd6aa3da-af3f-4db4-8398-8d9dd549d546,6643bb6e-2468-3c90-9722-902fd92b11da,,automated01_3428474 user01_3428474,Europe/Moscow,Control.Evidence.Link.Description,Control.Evidence.Link.Description,control-evidence-mapping,,control-evidence-mapping,,control-evidence-mapping,control,Control.Evidence.Link.Name,,,,,,,2026-03-19T23:00:22.367+00:00,2026-03-19,2026,March,03,Quarter 1
bd438760-303f-41aa-816a-362dd6851b60,ControlTemplate,f40e1e23-2e7f-4dd4-ac2d-749b873dd6b8,EvidenceTaskTemplate,fd6aa3da-af3f-4db4-8398-8d9dd549d546,6643bb6e-2468-3c90-9722-902fd92b11da,,automated01_3428474 user01_3428474,America/Inuvik,Control.Evidence.Link.Description,Control.Evidence.Link.Description,control-evidence-mapping,,control-evidence-mapping,,control-evidence-mapping,control,Control.Evidence.Link.Name,,,,,,,2026-03-19T14:00:22.367+00:00,2026-03-19,2026,March,03,Quarter 1
bd438760-303f-41aa-816a-362dd6851b60,ControlTemplate,f40e1e23-2e7f-4dd4-ac2d-749b873dd6b8,EvidenceTaskTemplate,fd6aa3da-af3f-4db4-8398-8d9dd549d546,6643bb6e-2468-3c90-9722-902fd92b11da,,automated01_3428474 user01_3428474,NZ,Control.Evidence.Link.Description,Control.Evidence.Link.Description,control-evidence-mapping,,control-evidence-mapping,,control-evidence-mapping,control,Control.Evidence.Link.Name,,,,,,,2026-03-20T09:00:22.367+00:00,2026-03-20,2026,March,03,Quarter 1
bd438760-303f-41aa-816a-362dd6851b60,ControlTemplate,f40e1e23-2e7f-4dd4-ac2d-749b873dd6b8,EvidenceTaskTemplate,fd6aa3da-af3f-4db4-8398-8d9dd549d546,6643bb6e-2468-3c90-9722-902fd92b11da,,automated01_3428474 user01_3428474,Europe/Warsaw,Control.Evidence.Link.Description,Control.Evidence.Link.Description,control-evidence-mapping,,control-evidence-mapping,,control-evidence-mapping,control,Control.Evidence.Link.Name,,,,,,,2026-03-19T21:00:22.367+00:00,2026-03-19,2026,March,03,Quarter 1
bd438760-303f-41aa-816a-362dd6851b60,ControlTemplate,f40e1e23-2e7f-4dd4-ac2d-749b873dd6b8,EvidenceTaskTemplate,fd6aa3da-af3f-4db4-8398-8d9dd549d546,6643bb6e-2468-3c90-9722-902fd92b11da,,automated01_3428474 user01_3428474,America/Goose_Bay,Control.Evidence.Link.Description,Control.Evidence.Link.Description,control-evidence-mapping,,control-evidence-mapping,,control-evidence-mapping,control,Control.Evidence.Link.Name,,,,,,,2026-03-19T17:00:22.367+00:00,2026-03-19,2026,March,03,Quarter 1
bd438760-303f-41aa-816a-362dd6851b60,ControlTemplate,f40e1e23-2e7f-4dd4-ac2d-749b873dd6b8,EvidenceTaskTemplate,fd6aa3da-af3f-4db4-8398-8d9dd549d546,6643bb6e-2468-3c90-9722-902fd92b11da,,automated01_3428474 user01_3428474,Europe/Kyiv,Control.Evidence.Link.Description,Control.Evidence.Link.Description,control-evidence-mapping,,control-evidence-mapping,,control-evidence-mapping,control,Control.Evidence.Link.Name,,,,,,,2026-03-19T22:00:22.367+00:00,2026-03-19,2026,March,03,Quarter 1
bd438760-303f-41aa-816a-362dd6851b60,ControlTemplate,f40e1e23-2e7f-4dd4-ac2d-749b873dd6b8,EvidenceTaskTemplate,fd6aa3da-af3f-4db4-8398-8d9dd549d546,6643bb6e-2468-3c90-9722-902fd92b11da,,automated01_3428474 user01_3428474,America/Santa_Isabel,Control.Evidence.Link.Description,Control.Evidence.Link.Description,control-evidence-mapping,,control-evidence-mapping,,control-evidence-mapping,control,Control.Evidence.Link.Name,,,,,,,2026-03-19T13:00:22.367+00:00,2026-03-19,2026,March,03,Quarter 1
bd438760-303f-41aa-816a-362dd6851b60,ControlTemplate,f40e1e23-2e7f-4dd4-ac2d-749b873dd6b8,EvidenceTaskTemplate,fd6aa3da-af3f-4db4-8398-8d9dd549d546,6643bb6e-2468-3c90-9722-902fd92b11da,,automated01_3428474 user01_3428474,Etc/GMT-0,Control.Evidence.Link.Description,Control.Evidence.Link.Description,control-evidence-mapping,,control-evidence-mapping,,control-evidence-mapping,control,Control.Evidence.Link.Name,,,,,,,2026-03-19T20:00:22.367+00:00,2026-03-19,2026,March,03,Quarter 1
bd438760-303f-41aa-816a-362dd6851b60,ControlTemplate,f40e1e23-2e7f-4dd4-ac2d-749b873dd6b8,EvidenceTaskTemplate,fd6aa3da-af3f-4db4-8398-8d9dd549d546,6643bb6e-2468-3c90-9722-902fd92b11da,,automated01_3428474 user01_3428474,Pacific/Johnston,Control.Evidence.Link.Description,Control.Evidence.Link.Description,control-evidence-mapping,,control-evidence-mapping,,control-evidence-mapping,control,Control.Evidence.Link.Name,,,,,,,2026-03-19T10:00:22.367+00:00,2026-03-19,2026,March,03,Quarter 1
bd438760-303f-41aa-816a-362dd6851b60,ControlTemplate,f40e1e23-2e7f-4dd4-ac2d-749b873dd6b8,EvidenceTaskTemplate,fd6aa3da-af3f-4db4-8398-8d9dd549d546,6643bb6e-2468-3c90-9722-902fd92b11da,,automated01_3428474 user01_3428474,Australia/Tasmania,Control.Evidence.Link.Description,Control.Evidence.Link.Description,control-evidence-mapping,,control-evidence-mapping,,control-evidence-mapping,control,Control.Evidence.Link.Name,,,,,,,2026-03-20T07:00:22.367+00:00,2026-03-20,2026,March,03,Quarter 1
bd438760-303f-41aa-816a-362dd6851b60,ControlTemplate,f40e1e23-2e7f-4dd4-ac2d-749b873dd6b8,EvidenceTaskTemplate,fd6aa3da-af3f-4db4-8398-8d9dd549d546,6643bb6e-2468-3c90-9722-902fd92b11da,,automated01_3428474 user01_3428474,America/Atka,Control.Evidence.Link.Description,Control.Evidence.Link.Description,control-evidence-mapping,,control-evidence-mapping,,control-evidence-mapping,control,Control.Evidence.Link.Name,,,,,,,2026-03-19T11:00:22.367+00:00,2026-03-19,2026,March,03,Quarter 1
bd438760-303f-41aa-816a-362dd6851b60,ControlTemplate,f40e1e23-2e7f-4dd4-ac2d-749b873dd6b8,EvidenceTaskTemplate,fd6aa3da-af3f-4db4-8398-8d9dd549d546,6643bb6e-2468-3c90-9722-902fd92b11da,,automated01_3428474 user01_3428474,Etc/Universal,Control.Evidence.Link.Description,Control.Evidence.Link.Description,control-evidence-mapping,,control-evidence-mapping,,control-evidence-mapping,control,Control.Evidence.Link.Name,,,,,,,2026-03-19T20:00:22.367+00:00,2026-03-19,2026,March,03,Quarter 1
bd438760-303f-41aa-816a-362dd6851b60,ControlTemplate,f40e1e23-2e7f-4dd4-ac2d-749b873dd6b8,EvidenceTaskTemplate,fd6aa3da-af3f-4db4-8398-8d9dd549d546,6643bb6e-2468-3c90-9722-902fd92b11da,,automated01_3428474 user01_3428474,Asia/Baghdad,Control.Evidence.Link.Description,Control.Evidence.Link.Description,control-evidence-mapping,,control-evidence-mapping,,control-evidence-mapping,control,Control.Evidence.Link.Name,,,,,,,2026-03-19T23:00:22.367+00:00,2026-03-19,2026,March,03,Quarter 1
bd438760-303f-41aa-816a-362dd6851b60,ControlTemplate,f40e1e23-2e7f-4dd4-ac2d-749b873dd6b8,EvidenceTaskTemplate,fd6aa3da-af3f-4db4-8398-8d9dd549d546,6643bb6e-2468-3c90-9722-902fd92b11da,,automated01_3428474 user01_3428474,Asia/Tel_Aviv,Control.Evidence.Link.Description,Control.Evidence.Link.Description,control-evidence-mapping,,control-evidence-mapping,,control-evidence-mapping,control,Control.Evidence.Link.Name,,,,,,,2026-03-19T22:00:22.367+00:00,2026-03-19,2026,March,03,Quarter 1
bd438760-303f-41aa-816a-362dd6851b60,ControlTemplate,f40e1e23-2e7f-4dd4-ac2d-749b873dd6b8,EvidenceTaskTemplate,fd6aa3da-af3f-4db4-8398-8d9dd549d546,6643bb6e-2468-3c90-9722-902fd92b11da,,automated01_3428474 user01_3428474,US/Indiana-Starke,Control.Evidence.Link.Description,Control.Evidence.Link.Description,control-evidence-mapping,,control-evidence-mapping,,control-evidence-mapping,control,Control.Evidence.Link.Name,,,,,,,2026-03-19T15:00:22.367+00:00,2026-03-19,2026,March,03,Quarter 1
bd438760-303f-41aa-816a-362dd6851b60,ControlTemplate,f40e1e23-2e7f-4dd4-ac2d-749b873dd6b8,EvidenceTaskTemplate,fd6aa3da-af3f-4db4-8398-8d9dd549d546,6643bb6e-2468-3c90-9722-902fd92b11da,,automated01_3428474 user01_3428474,PRC,Control.Evidence.Link.Description,Control.Evidence.Link.Description,control-evidence-mapping,,control-evidence-mapping,,control-evidence-mapping,control,Control.Evidence.Link.Name,,,,,,,2026-03-20T04:00:22.367+00:00,2026-03-20,2026,March,03,Quarter 1
bd438760-303f-41aa-816a-362dd6851b60,ControlTemplate,f40e1e23-2e7f-4dd4-ac2d-749b873dd6b8,EvidenceTaskTemplate,fd6aa3da-af3f-4db4-8398-8d9dd549d546,6643bb6e-2468-3c90-9722-902fd92b11da,,automated01_3428474 user01_3428474,Australia/NSW,Control.Evidence.Link.Description,Control.Evidence.Link.Description,control-evidence-mapping,,control-evidence-mapping,,control-evidence-mapping,control,Control.Evidence.Link.Name,,,,,,,2026-03-20T07:00:22.367+00:00,2026-03-20,2026,March,03,Quarter 1
bd438760-303f-41aa-816a-362dd6851b60,ControlTemplate,f40e1e23-2e7f-4dd4-ac2d-749b873dd6b8,EvidenceTaskTemplate,fd6aa3da-af3f-4db4-8398-8d9dd549d546,6643bb6e-2468-3c90-9722-902fd92b11da,,automated01_3428474 user01_3428474,Europe/Belgrade,Control.Evidence.Link.Description,Control.Evidence.Link.Description,control-evidence-mapping,,control-evidence-mapping,,control-evidence-mapping,control,Control.Evidence.Link.Name,,,,,,,2026-03-19T21:00:22.367+00:00,2026-03-19,2026,March,03,Quarter 1
bd438760-303f-41aa-816a-362dd6851b60,ControlTemplate,f40e1e23-2e7f-4dd4-ac2d-749b873dd6b8,EvidenceTaskTemplate,fd6aa3da-af3f-4db4-8398-8d9dd549d546,6643bb6e-2468-3c90-9722-902fd92b11da,,automated01_3428474 user01_3428474,Hongkong,Control.Evidence.Link.Description,Control.Evidence.Link.Description,control-evidence-mapping,,control-evidence-mapping,,control-evidence-mapping,control,Control.Evidence.Link.Name,,,,,,,2026-03-20T04:00:22.367+00:00,2026-03-20,2026,March,03,Quarter 1
bd438760-303f-41aa-816a-362dd6851b60,ControlTemplate,f40e1e23-2e7f-4dd4-ac2d-749b873dd6b8,EvidenceTaskTemplate,fd6aa3da-af3f-4db4-8398-8d9dd549d546,6643bb6e-2468-3c90-9722-902fd92b11da,,automated01_3428474 user01_3428474,MST,Control.Evidence.Link.Description,Control.Evidence.Link.Description,control-evidence-mapping,,control-evidence-mapping,,control-evidence-mapping,control,Control.Evidence.Link.Name,,,,,,,2026-03-19T13:00:22.367+00:00,2026-03-19,2026,March,03,Quarter 1
bd438760-303f-41aa-816a-362dd6851b60,ControlTemplate,f40e1e23-2e7f-4dd4-ac2d-749b873dd6b8,EvidenceTaskTemplate,fd6aa3da-af3f-4db4-8398-8d9dd549d546,6643bb6e-2468-3c90-9722-902fd92b11da,,automated01_3428474 user01_3428474,W-SU,Control.Evidence.Link.Description,Control.Evidence.Link.Description,control-evidence-mapping,,control-evidence-mapping,,control-evidence-mapping,control,Control.Evidence.Link.Name,,,,,,,2026-03-19T23:00:22.367+00:00,2026-03-19,2026,March,03,Quarter 1
bd438760-303f-41aa-816a-362dd6851b60,ControlTemplate,f40e1e23-2e7f-4dd4-ac2d-749b873dd6b8,EvidenceTaskTemplate,fd6aa3da-af3f-4db4-8398-8d9dd549d546,6643bb6e-2468-3c90-9722-902fd92b11da,,automated01_3428474 user01_3428474,Asia/Rangoon,Control.Evidence.Link.Description,Control.Evidence.Link.Description,control-evidence-mapping,,control-evidence-mapping,,control-evidence-mapping,control,Control.Evidence.Link.Name,,,,,,,2026-03-20T02:30:22.367+00:00,2026-03-20,2026,March,03,Quarter 1
bd438760-303f-41aa-816a-362dd6851b60,ControlTemplate,f40e1e23-2e7f-4dd4-ac2d-749b873dd6b8,EvidenceTaskTemplate,fd6aa3da-af3f-4db4-8398-8d9dd549d546,6643bb6e-2468-3c90-9722-902fd92b11da,,automated01_3428474 user01_3428474,America/Guatemala,Control.Evidence.Link.Description,Control.Evidence.Link.Description,control-evidence-mapping,,control-evidence-mapping,,control-evidence-mapping,control,Control.Evidence.Link.Name,,,,,,,2026-03-19T14:00:22.367+00:00,2026-03-19,2026,March,03,Quarter 1
bd438760-303f-41aa-816a-362dd6851b60,ControlTemplate,f40e1e23-2e7f-4dd4-ac2d-749b873dd6b8,EvidenceTaskTemplate,fd6aa3da-af3f-4db4-8398-8d9dd549d546,6643bb6e-2468-3c90-9722-902fd92b11da,,automated01_3428474 user01_3428474,Africa/Windhoek,Control.Evidence.Link.Description,Control.Evidence.Link.Description,control-evidence-mapping,,control-evidence-mapping,,control-evidence-mapping,control,Control.Evidence.Link.Name,,,,,,,2026-03-19T22:00:22.367+00:00,2026-03-19,2026,March,03,Quarter 1
bd438760-303f-41aa-816a-362dd6851b60,ControlTemplate,f40e1e23-2e7f-4dd4-ac2d-749b873dd6b8,EvidenceTaskTemplate,fd6aa3da-af3f-4db4-8398-8d9dd549d546,6643bb6e-2468-3c90-9722-902fd92b11da,,automated01_3428474 user01_3428474,Asia/Colombo,Control.Evidence.Link.Description,Control.Evidence.Link.Description,control-evidence-mapping,,control-evidence-mapping,,control-evidence-mapping,control,Control.Evidence.Link.Name,,,,,,,2026-03-20T01:30:22.367+00:00,2026-03-20,2026,March,03,Quarter 1
bd438760-303f-41aa-816a-362dd6851b60,ControlTemplate,f40e1e23-2e7f-4dd4-ac2d-749b873dd6b8,EvidenceTaskTemplate,fd6aa3da-af3f-4db4-8398-8d9dd549d546,6643bb6e-2468-3c90-9722-902fd92b11da,,automated01_3428474 user01_3428474,Pacific/Midway,Control.Evidence.Link.Description,Control.Evidence.Link.Description,control-evidence-mapping,,control-evidence-mapping,,control-evidence-mapping,control,Control.Evidence.Link.Name,,,,,,,2026-03-19T09:00:22.367+00:00,2026-03-19,2026,March,03,Quarter 1
bd438760-303f-41aa-816a-362dd6851b60,ControlTemplate,f40e1e23-2e7f-4dd4-ac2d-749b873dd6b8,EvidenceTaskTemplate,fd6aa3da-af3f-4db4-8398-8d9dd549d546,6643bb6e-2468-3c90-9722-902fd92b11da,,automated01_3428474 user01_3428474,America/Argentina/Jujuy,Control.Evidence.Link.Description,Control.Evidence.Link.Description,control-evidence-mapping,,control-evidence-mapping,,control-evidence-mapping,control,Control.Evidence.Link.Name,,,,,,,2026-03-19T17:00:22.367+00:00,2026-03-19,2026,March,03,Quarter 1
bd438760-303f-41aa-816a-362dd6851b60,ControlTemplate,f40e1e23-2e7f-4dd4-ac2d-749b873dd6b8,EvidenceTaskTemplate,fd6aa3da-af3f-4db4-8398-8d9dd549d546,6643bb6e-2468-3c90-9722-902fd92b11da,,automated01_3428474 user01_3428474,America/Edmonton,Control.Evidence.Link.Description,Control.Evidence.Link.Description,control-evidence-mapping,,control-evidence-mapping,,control-evidence-mapping,control,Control.Evidence.Link.Name,,,,,,,2026-03-19T14:00:22.367+00:00,2026-03-19,2026,March,03,Quarter 1
bd438760-303f-41aa-816a-362dd6851b60,ControlTemplate,f40e1e23-2e7f-4dd4-ac2d-749b873dd6b8,EvidenceTaskTemplate,fd6aa3da-af3f-4db4-8398-8d9dd549d546,6643bb6e-2468-3c90-9722-902fd92b11da,,automated01_3428474 user01_3428474,Asia/Bishkek,Control.Evidence.Link.Description,Control.Evidence.Link.Description,control-evidence-mapping,,control-evidence-mapping,,control-evidence-mapping,control,Control.Evidence.Link.Name,,,,,,,2026-03-20T02:00:22.367+00:00,2026-03-20,2026,March,03,Quarter 1
bd438760-303f-41aa-816a-362dd6851b60,ControlTemplate,f40e1e23-2e7f-4dd4-ac2d-749b873dd6b8,EvidenceTaskTemplate,fd6aa3da-af3f-4db4-8398-8d9dd549d546,6643bb6e-2468-3c90-9722-902fd92b11da,,automated01_3428474 user01_3428474,America/Argentina/Cordoba,Control.Evidence.Link.Description,Control.Evidence.Link.Description,control-evidence-mapping,,control-evidence-mapping,,control-evidence-mapping,control,Control.Evidence.Link.Name,,,,,,,2026-03-19T17:00:22.367+00:00,2026-03-19,2026,March,03,Quarter 1
bd438760-303f-41aa-816a-362dd6851b60,ControlTemplate,f40e1e23-2e7f-4dd4-ac2d-749b873dd6b8,EvidenceTaskTemplate,fd6aa3da-af3f-4db4-8398-8d9dd549d546,6643bb6e-2468-3c90-9722-902fd92b11da,,automated01_3428474 user01_3428474,America/Cayman,Control.Evidence.Link.Description,Control.Evidence.Link.Description,control-evidence-mapping,,control-evidence-mapping,,control-evidence-mapping,control,Control.Evidence.Link.Name,,,,,,,2026-03-19T15:00:22.367+00:00,2026-03-19,2026,March,03,Quarter 1
bd438760-303f-41aa-816a-362dd6851b60,ControlTemplate,f40e1e23-2e7f-4dd4-ac2d-749b873dd6b8,EvidenceTaskTemplate,fd6aa3da-af3f-4db4-8398-8d9dd549d546,6643bb6e-2468-3c90-9722-902fd92b11da,,automated01_3428474 user01_3428474,US/Arizona,Control.Evidence.Link.Description,Control.Evidence.Link.Description,control-evidence-mapping,,control-evidence-mapping,,control-evidence-mapping,control,Control.Evidence.Link.Name,,,,,,,2026-03-19T13:00:22.367+00:00,2026-03-19,2026,March,03,Quarter 1
bd438760-303f-41aa-816a-362dd6851b60,ControlTemplate,f40e1e23-2e7f-4dd4-ac2d-749b873dd6b8,EvidenceTaskTemplate,fd6aa3da-af3f-4db4-8398-8d9dd549d546,6643bb6e-2468-3c90-9722-902fd92b11da,,automated01_3428474 user01_3428474,Australia/Hobart,Control.Evidence.Link.Description,Control.Evidence.Link.Description,control-evidence-mapping,,control-evidence-mapping,,control-evidence-mapping,control,Control.Evidence.Link.Name,,,,,,,2026-03-20T07:00:22.367+00:00,2026-03-20,2026,March,03,Quarter 1
bd438760-303f-41aa-816a-362dd6851b60,ControlTemplate,f40e1e23-2e7f-4dd4-ac2d-749b873dd6b8,EvidenceTaskTemplate,fd6aa3da-af3f-4db4-8398-8d9dd549d546,6643bb6e-2468-3c90-9722-902fd92b11da,,automated01_3428474 user01_3428474,Pacific/Efate,Control.Evidence.Link.Description,Control.Evidence.Link.Description,control-evidence-mapping,,control-evidence-mapping,,control-evidence-mapping,control,Control.Evidence.Link.Name,,,,,,,2026-03-20T07:00:22.367+00:00,2026-03-20,2026,March,03,Quarter 1
bd438760-303f-41aa-816a-362dd6851b60,ControlTemplate,f40e1e23-2e7f-4dd4-ac2d-749b873dd6b8,EvidenceTaskTemplate,fd6aa3da-af3f-4db4-8398-8d9dd549d546,6643bb6e-2468-3c90-9722-902fd92b11da,,automated01_3428474 user01_3428474,America/St_Lucia,Control.Evidence.Link.Description,Control.Evidence.Link.Description,control-evidence-mapping,,control-evidence-mapping,,control-evidence-mapping,control,Control.Evidence.Link.Name,,,,,,,2026-03-19T16:00:22.367+00:00,2026-03-19,2026,March,03,Quarter 1
bd438760-303f-41aa-816a-362dd6851b60,ControlTemplate,f40e1e23-2e7f-4dd4-ac2d-749b873dd6b8,EvidenceTaskTemplate,fd6aa3da-af3f-4db4-8398-8d9dd549d546,6643bb6e-2468-3c90-9722-902fd92b11da,,automated01_3428474 user01_3428474,America/Dawson_Creek,Control.Evidence.Link.Description,Control.Evidence.Link.Description,control-evidence-mapping,,control-evidence-mapping,,control-evidence-mapping,control,Control.Evidence.Link.Name,,,,,,,2026-03-19T13:00:22.367+00:00,2026-03-19,2026,March,03,Quarter 1
bd438760-303f-41aa-816a-362dd6851b60,ControlTemplate,f40e1e23-2e7f-4dd4-ac2d-749b873dd6b8,EvidenceTaskTemplate,fd6aa3da-af3f-4db4-8398-8d9dd549d546,6643bb6e-2468-3c90-9722-902fd92b11da,,automated01_3428474 user01_3428474,America/St_Vincent,Control.Evidence.Link.Description,Control.Evidence.Link.Description,control-evidence-mapping,,control-evidence-mapping,,control-evidence-mapping,control,Control.Evidence.Link.Name,,,,,,,2026-03-19T16:00:22.367+00:00,2026-03-19,2026,March,03,Quarter 1
bd438760-303f-41aa-816a-362dd6851b60,ControlTemplate,f40e1e23-2e7f-4dd4-ac2d-749b873dd6b8,EvidenceTaskTemplate,fd6aa3da-af3f-4db4-8398-8d9dd549d546,6643bb6e-2468-3c90-9722-902fd92b11da,,automated01_3428474 user01_3428474,US/Samoa,Control.Evidence.Link.Description,Control.Evidence.Link.Description,control-evidence-mapping,,control-evidence-mapping,,control-evidence-mapping,control,Control.Evidence.Link.Name,,,,,,,2026-03-19T09:00:22.367+00:00,2026-03-19,2026,March,03,Quarter 1
bd438760-303f-41aa-816a-362dd6851b60,ControlTemplate,f40e1e23-2e7f-4dd4-ac2d-749b873dd6b8,EvidenceTaskTemplate,fd6aa3da-af3f-4db4-8398-8d9dd549d546,6643bb6e-2468-3c90-9722-902fd92b11da,,automated01_3428474 user01_3428474,America/Iqaluit,Control.Evidence.Link.Description,Control.Evidence.Link.Description,control-evidence-mapping,,control-evidence-mapping,,control-evidence-mapping,control,Control.Evidence.Link.Name,,,,,,,2026-03-19T16:00:22.367+00:00,2026-03-19,2026,March,03,Quarter 1
bd438760-303f-41aa-816a-362dd6851b60,ControlTemplate,f40e1e23-2e7f-4dd4-ac2d-749b873dd6b8,EvidenceTaskTemplate,fd6aa3da-af3f-4db4-8398-8d9dd549d546,6643bb6e-2468-3c90-9722-902fd92b11da,,automated01_3428474 user01_3428474,America/Santiago,Control.Evidence.Link.Description,Control.Evidence.Link.Description,control-evidence-mapping,,control-evidence-mapping,,control-evidence-mapping,control,Control.Evidence.Link.Name,,,,,,,2026-03-19T17:00:22.367+00:00,2026-03-19,2026,March,03,Quarter 1
bd438760-303f-41aa-816a-362dd6851b60,ControlTemplate,f40e1e23-2e7f-4dd4-ac2d-749b873dd6b8,EvidenceTaskTemplate,fd6aa3da-af3f-4db4-8398-8d9dd549d546,6643bb6e-2468-3c90-9722-902fd92b11da,,automated01_3428474 user01_3428474,America/Argentina/Mendoza,Control.Evidence.Link.Description,Control.Evidence.Link.Description,control-evidence-mapping,,control-evidence-mapping,,control-evidence-mapping,control,Control.Evidence.Link.Name,,,,,,,2026-03-19T17:00:22.367+00:00,2026-03-19,2026,March,03,Quarter 1
bd438760-303f-41aa-816a-362dd6851b60,ControlTemplate,f40e1e23-2e7f-4dd4-ac2d-749b873dd6b8,EvidenceTaskTemplate,fd6aa3da-af3f-4db4-8398-8d9dd549d546,6643bb6e-2468-3c90-9722-902fd92b11da,,automated01_3428474 user01_3428474,America/Mendoza,Control.Evidence.Link.Description,Control.Evidence.Link.Description,control-evidence-mapping,,control-evidence-mapping,,control-evidence-mapping,control,Control.Evidence.Link.Name,,,,,,,2026-03-19T17:00:22.367+00:00,2026-03-19,2026,March,03,Quarter 1
bd438760-303f-41aa-816a-362dd6851b60,ControlTemplate,f40e1e23-2e7f-4dd4-ac2d-749b873dd6b8,EvidenceTaskTemplate,fd6aa3da-af3f-4db4-8398-8d9dd549d546,6643bb6e-2468-3c90-9722-902fd92b11da,,automated01_3428474 user01_3428474,Africa/Libreville,Control.Evidence.Link.Description,Control.Evidence.Link.Description,control-evidence-mapping,,control-evidence-mapping,,control-evidence-mapping,control,Control.Evidence.Link.Name,,,,,,,2026-03-19T21:00:22.367+00:00,2026-03-19,2026,March,03,Quarter 1
bd438760-303f-41aa-816a-362dd6851b60,ControlTemplate,f40e1e23-2e7f-4dd4-ac2d-749b873dd6b8,EvidenceTaskTemplate,fd6aa3da-af3f-4db4-8398-8d9dd549d546,6643bb6e-2468-3c90-9722-902fd92b11da,,automated01_3428474 user01_3428474,Africa/Lagos,Control.Evidence.Link.Description,Control.Evidence.Link.Description,control-evidence-mapping,,control-evidence-mapping,,control-evidence-mapping,control,Control.Evidence.Link.Name,,,,,,,2026-03-19T21:00:22.367+00:00,2026-03-19,2026,March,03,Quarter 1
bd438760-303f-41aa-816a-362dd6851b60,ControlTemplate,f40e1e23-2e7f-4dd4-ac2d-749b873dd6b8,EvidenceTaskTemplate,fd6aa3da-af3f-4db4-8398-8d9dd549d546,6643bb6e-2468-3c90-9722-902fd92b11da,,automated01_3428474 user01_3428474,Pacific/Tongatapu,Control.Evidence.Link.Description,Control.Evidence.Link.Description,control-evidence-mapping,,control-evidence-mapping,,control-evidence-mapping,control,Control.Evidence.Link.Name,,,,,,,2026-03-20T09:00:22.367+00:00,2026-03-20,2026,March,03,Quarter 1
bd438760-303f-41aa-816a-362dd6851b60,ControlTemplate,f40e1e23-2e7f-4dd4-ac2d-749b873dd6b8,EvidenceTaskTemplate,fd6aa3da-af3f-4db4-8398-8d9dd549d546,6643bb6e-2468-3c90-9722-902fd92b11da,,automated01_3428474 user01_3428474,Asia/Yangon,Control.Evidence.Link.Description,Control.Evidence.Link.Description,control-evidence-mapping,,control-evidence-mapping,,control-evidence-mapping,control,Control.Evidence.Link.Name,,,,,,,2026-03-20T02:30:22.367+00:00,2026-03-20,2026,March,03,Quarter 1
bd438760-303f-41aa-816a-362dd6851b60,ControlTemplate,f40e1e23-2e7f-4dd4-ac2d-749b873dd6b8,EvidenceTaskTemplate,fd6aa3da-af3f-4db4-8398-8d9dd549d546,6643bb6e-2468-3c90-9722-902fd92b11da,,automated01_3428474 user01_3428474,Brazil/West,Control.Evidence.Link.Description,Control.Evidence.Link.Description,control-evidence-mapping,,control-evidence-mapping,,control-evidence-mapping,control,Control.Evidence.Link.Name,,,,,,,2026-03-19T16:00:22.367+00:00,2026-03-19,2026,March,03,Quarter 1
bd438760-303f-41aa-816a-362dd6851b60,ControlTemplate,f40e1e23-2e7f-4dd4-ac2d-749b873dd6b8,EvidenceTaskTemplate,fd6aa3da-af3f-4db4-8398-8d9dd549d546,6643bb6e-2468-3c90-9722-902fd92b11da,,automated01_3428474 user01_3428474,Africa/Luanda,Control.Evidence.Link.Description,Control.Evidence.Link.Description,control-evidence-mapping,,control-evidence-mapping,,control-evidence-mapping,control,Control.Evidence.Link.Name,,,,,,,2026-03-19T21:00:22.367+00:00,2026-03-19,2026,March,03,Quarter 1
bd438760-303f-41aa-816a-362dd6851b60,ControlTemplate,f40e1e23-2e7f-4dd4-ac2d-749b873dd6b8,EvidenceTaskTemplate,fd6aa3da-af3f-4db4-8398-8d9dd549d546,6643bb6e-2468-3c90-9722-902fd92b11da,,automated01_3428474 user01_3428474,Europe/Jersey,Control.Evidence.Link.Description,Control.Evidence.Link.Description,control-evidence-mapping,,control-evidence-mapping,,control-evidence-mapping,control,Control.Evidence.Link.Name,,,,,,,2026-03-19T20:00:22.367+00:00,2026-03-19,2026,March,03,Quarter 1
bd438760-303f-41aa-816a-362dd6851b60,ControlTemplate,f40e1e23-2e7f-4dd4-ac2d-749b873dd6b8,EvidenceTaskTemplate,fd6aa3da-af3f-4db4-8398-8d9dd549d546,6643bb6e-2468-3c90-9722-902fd92b11da,,automated01_3428474 user01_3428474,Indian/Christmas,Control.Evidence.Link.Description,Control.Evidence.Link.Description,control-evidence-mapping,,control-evidence-mapping,,control-evidence-mapping,control,Control.Evidence.Link.Name,,,,,,,2026-03-20T03:00:22.367+00:00,2026-03-20,2026,March,03,Quarter 1
bd438760-303f-41aa-816a-362dd6851b60,ControlTemplate,f40e1e23-2e7f-4dd4-ac2d-749b873dd6b8,EvidenceTaskTemplate,fd6aa3da-af3f-4db4-8398-8d9dd549d546,6643bb6e-2468-3c90-9722-902fd92b11da,,automated01_3428474 user01_3428474,Europe/Ulyanovsk,Control.Evidence.Link.Description,Control.Evidence.Link.Description,control-evidence-mapping,,control-evidence-mapping,,control-evidence-mapping,control,Control.Evidence.Link.Name,,,,,,,2026-03-20T00:00:22.367+00:00,2026-03-20,2026,March,03,Quarter 1
bd438760-303f-41aa-816a-362dd6851b60,ControlTemplate,f40e1e23-2e7f-4dd4-ac2d-749b873dd6b8,EvidenceTaskTemplate,fd6aa3da-af3f-4db4-8398-8d9dd549d546,6643bb6e-2468-3c90-9722-902fd92b11da,,automated01_3428474 user01_3428474,America/Indiana/Marengo,Control.Evidence.Link.Description,Control.Evidence.Link.Description,control-evidence-mapping,,control-evidence-mapping,,control-evidence-mapping,control,Control.Evidence.Link.Name,,,,,,,2026-03-19T16:00:22.367+00:00,2026-03-19,2026,March,03,Quarter 1
bd438760-303f-41aa-816a-362dd6851b60,ControlTemplate,f40e1e23-2e7f-4dd4-ac2d-749b873dd6b8,EvidenceTaskTemplate,fd6aa3da-af3f-4db4-8398-8d9dd549d546,6643bb6e-2468-3c90-9722-902fd92b11da,,automated01_3428474 user01_3428474,Australia/North,Control.Evidence.Link.Description,Control.Evidence.Link.Description,control-evidence-mapping,,control-evidence-mapping,,control-evidence-mapping,control,Control.Evidence.Link.Name,,,,,,,2026-03-20T05:30:22.367+00:00,2026-03-20,2026,March,03,Quarter 1
bd438760-303f-41aa-816a-362dd6851b60,ControlTemplate,f40e1e23-2e7f-4dd4-ac2d-749b873dd6b8,EvidenceTaskTemplate,fd6aa3da-af3f-4db4-8398-8d9dd549d546,6643bb6e-2468-3c90-9722-902fd92b11da,,automated01_3428474 user01_3428474,America/Yakutat,Control.Evidence.Link.Description,Control.Evidence.Link.Description,control-evidence-mapping,,control-evidence-mapping,,control-evidence-mapping,control,Control.Evidence.Link.Name,,,,,,,2026-03-19T12:00:22.367+00:00,2026-03-19,2026,March,03,Quarter 1
bd438760-303f-41aa-816a-362dd6851b60,ControlTemplate,f40e1e23-2e7f-4dd4-ac2d-749b873dd6b8,EvidenceTaskTemplate,fd6aa3da-af3f-4db4-8398-8d9dd549d546,6643bb6e-2468-3c90-9722-902fd92b11da,,automated01_3428474 user01_3428474,Greenwich,Control.Evidence.Link.Description,Control.Evidence.Link.Description,control-evidence-mapping,,control-evidence-mapping,,control-evidence-mapping,control,Control.Evidence.Link.Name,,,,,,,2026-03-19T20:00:22.367+00:00,2026-03-19,2026,March,03,Quarter 1
bd438760-303f-41aa-816a-362dd6851b60,ControlTemplate,f40e1e23-2e7f-4dd4-ac2d-749b873dd6b8,EvidenceTaskTemplate,fd6aa3da-af3f-4db4-8398-8d9dd549d546,6643bb6e-2468-3c90-9722-902fd92b11da,,automated01_3428474 user01_3428474,Asia/Muscat,Control.Evidence.Link.Description,Control.Evidence.Link.Description,control-evidence-mapping,,control-evidence-mapping,,control-evidence-mapping,control,Control.Evidence.Link.Name,,,,,,,2026-03-20T00:00:22.367+00:00,2026-03-20,2026,March,03,Quarter 1
bd438760-303f-41aa-816a-362dd6851b60,ControlTemplate,f40e1e23-2e7f-4dd4-ac2d-749b873dd6b8,EvidenceTaskTemplate,fd6aa3da-af3f-4db4-8398-8d9dd549d546,6643bb6e-2468-3c90-9722-902fd92b11da,,automated01_3428474 user01_3428474,Asia/Dacca,Control.Evidence.Link.Description,Control.Evidence.Link.Description,control-evidence-mapping,,control-evidence-mapping,,control-evidence-mapping,control,Control.Evidence.Link.Name,,,,,,,2026-03-20T02:00:22.367+00:00,2026-03-20,2026,March,03,Quarter 1
bd438760-303f-41aa-816a-362dd6851b60,ControlTemplate,f40e1e23-2e7f-4dd4-ac2d-749b873dd6b8,EvidenceTaskTemplate,fd6aa3da-af3f-4db4-8398-8d9dd549d546,6643bb6e-2468-3c90-9722-902fd92b11da,,automated01_3428474 user01_3428474,Indian/Mauritius,Control.Evidence.Link.Description,Control.Evidence.Link.Description,control-evidence-mapping,,control-evidence-mapping,,control-evidence-mapping,control,Control.Evidence.Link.Name,,,,,,,2026-03-20T00:00:22.367+00:00,2026-03-20,2026,March,03,Quarter 1
bd438760-303f-41aa-816a-362dd6851b60,ControlTemplate,f40e1e23-2e7f-4dd4-ac2d-749b873dd6b8,EvidenceTaskTemplate,fd6aa3da-af3f-4db4-8398-8d9dd549d546,6643bb6e-2468-3c90-9722-902fd92b11da,,automated01_3428474 user01_3428474,Mexico/BajaNorte,Control.Evidence.Link.Description,Control.Evidence.Link.Description,control-evidence-mapping,,control-evidence-mapping,,control-evidence-mapping,control,Control.Evidence.Link.Name,,,,,,,2026-03-19T13:00:22.367+00:00,2026-03-19,2026,March,03,Quarter 1
bd438760-303f-41aa-816a-362dd6851b60,ControlTemplate,f40e1e23-2e7f-4dd4-ac2d-749b873dd6b8,EvidenceTaskTemplate,fd6aa3da-af3f-4db4-8398-8d9dd549d546,6643bb6e-2468-3c90-9722-902fd92b11da,,automated01_3428474 user01_3428474,Africa/Porto-Novo,Control.Evidence.Link.Description,Control.Evidence.Link.Description,control-evidence-mapping,,control-evidence-mapping,,control-evidence-mapping,control,Control.Evidence.Link.Name,,,,,,,2026-03-19T21:00:22.367+00:00,2026-03-19,2026,March,03,Quarter 1
bd438760-303f-41aa-816a-362dd6851b60,ControlTemplate,f40e1e23-2e7f-4dd4-ac2d-749b873dd6b8,EvidenceTaskTemplate,fd6aa3da-af3f-4db4-8398-8d9dd549d546,6643bb6e-2468-3c90-9722-902fd92b11da,,automated01_3428474 user01_3428474,Pacific/Wallis,Control.Evidence.Link.Description,Control.Evidence.Link.Description,control-evidence-mapping,,control-evidence-mapping,,control-evidence-mapping,control,Control.Evidence.Link.Name,,,,,,,2026-03-20T08:00:22.367+00:00,2026-03-20,2026,March,03,Quarter 1
bd438760-303f-41aa-816a-362dd6851b60,ControlTemplate,f40e1e23-2e7f-4dd4-ac2d-749b873dd6b8,EvidenceTaskTemplate,fd6aa3da-af3f-4db4-8398-8d9dd549d546,6643bb6e-2468-3c90-9722-902fd92b11da,,automated01_3428474 user01_3428474,America/Mexico_City,Control.Evidence.Link.Description,Control.Evidence.Link.Description,control-evidence-mapping,,control-evidence-mapping,,control-evidence-mapping,control,Control.Evidence.Link.Name,,,,,,,2026-03-19T14:00:22.367+00:00,2026-03-19,2026,March,03,Quarter 1
bd438760-303f-41aa-816a-362dd6851b60,ControlTemplate,f40e1e23-2e7f-4dd4-ac2d-749b873dd6b8,EvidenceTaskTemplate,fd6aa3da-af3f-4db4-8398-8d9dd549d546,6643bb6e-2468-3c90-9722-902fd92b11da,,automated01_3428474 user01_3428474,Europe/Tirane,Control.Evidence.Link.Description,Control.Evidence.Link.Description,control-evidence-mapping,,control-evidence-mapping,,control-evidence-mapping,control,Control.Evidence.Link.Name,,,,,,,2026-03-19T21:00:22.367+00:00,2026-03-19,2026,March,03,Quarter 1
bd438760-303f-41aa-816a-362dd6851b60,ControlTemplate,f40e1e23-2e7f-4dd4-ac2d-749b873dd6b8,EvidenceTaskTemplate,fd6aa3da-af3f-4db4-8398-8d9dd549d546,6643bb6e-2468-3c90-9722-902fd92b11da,,automated01_3428474 user01_3428474,America/Fort_Nelson,Control.Evidence.Link.Description,Control.Evidence.Link.Description,control-evidence-mapping,,control-evidence-mapping,,control-evidence-mapping,control,Control.Evidence.Link.Name,,,,,,,2026-03-19T13:00:22.367+00:00,2026-03-19,2026,March,03,Quarter 1
bd438760-303f-41aa-816a-362dd6851b60,ControlTemplate,f40e1e23-2e7f-4dd4-ac2d-749b873dd6b8,EvidenceTaskTemplate,fd6aa3da-af3f-4db4-8398-8d9dd549d546,6643bb6e-2468-3c90-9722-902fd92b11da,,automated01_3428474 user01_3428474,America/Port-au-Prince,Control.Evidence.Link.Description,Control.Evidence.Link.Description,control-evidence-mapping,,control-evidence-mapping,,control-evidence-mapping,control,Control.Evidence.Link.Name,,,,,,,2026-03-19T16:00:22.367+00:00,2026-03-19,2026,March,03,Quarter 1
bd438760-303f-41aa-816a-362dd6851b60,ControlTemplate,f40e1e23-2e7f-4dd4-ac2d-749b873dd6b8,EvidenceTaskTemplate,fd6aa3da-af3f-4db4-8398-8d9dd549d546,6643bb6e-2468-3c90-9722-902fd92b11da,,automated01_3428474 user01_3428474,America/St_Barthelemy,Control.Evidence.Link.Description,Control.Evidence.Link.Description,control-evidence-mapping,,control-evidence-mapping,,control-evidence-mapping,control,Control.Evidence.Link.Name,,,,,,,2026-03-19T16:00:22.367+00:00,2026-03-19,2026,March,03,Quarter 1
bd438760-303f-41aa-816a-362dd6851b60,ControlTemplate,f40e1e23-2e7f-4dd4-ac2d-749b873dd6b8,EvidenceTaskTemplate,fd6aa3da-af3f-4db4-8398-8d9dd549d546,6643bb6e-2468-3c90-9722-902fd92b11da,,automated01_3428474 user01_3428474,Egypt,Control.Evidence.Link.Description,Control.Evidence.Link.Description,control-evidence-mapping,,control-evidence-mapping,,control-evidence-mapping,control,Control.Evidence.Link.Name,,,,,,,2026-03-19T22:00:22.367+00:00,2026-03-19,2026,March,03,Quarter 1
bd438760-303f-41aa-816a-362dd6851b60,ControlTemplate,f40e1e23-2e7f-4dd4-ac2d-749b873dd6b8,EvidenceTaskTemplate,fd6aa3da-af3f-4db4-8398-8d9dd549d546,6643bb6e-2468-3c90-9722-902fd92b11da,,automated01_3428474 user01_3428474,Africa/Ouagadougou,Control.Evidence.Link.Description,Control.Evidence.Link.Description,control-evidence-mapping,,control-evidence-mapping,,control-evidence-mapping,control,Control.Evidence.Link.Name,,,,,,,2026-03-19T20:00:22.367+00:00,2026-03-19,2026,March,03,Quarter 1
bd438760-303f-41aa-816a-362dd6851b60,ControlTemplate,f40e1e23-2e7f-4dd4-ac2d-749b873dd6b8,EvidenceTaskTemplate,fd6aa3da-af3f-4db4-8398-8d9dd549d546,6643bb6e-2468-3c90-9722-902fd92b11da,,automated01_3428474 user01_3428474,US/Alaska,Control.Evidence.Link.Description,Control.Evidence.Link.Description,control-evidence-mapping,,control-evidence-mapping,,control-evidence-mapping,control,Control.Evidence.Link.Name,,,,,,,2026-03-19T12:00:22.367+00:00,2026-03-19,2026,March,03,Quarter 1
bd438760-303f-41aa-816a-362dd6851b60,ControlTemplate,f40e1e23-2e7f-4dd4-ac2d-749b873dd6b8,EvidenceTaskTemplate,fd6aa3da-af3f-4db4-8398-8d9dd549d546,6643bb6e-2468-3c90-9722-902fd92b11da,,automated01_3428474 user01_3428474,Europe/Budapest,Control.Evidence.Link.Description,Control.Evidence.Link.Description,control-evidence-mapping,,control-evidence-mapping,,control-evidence-mapping,control,Control.Evidence.Link.Name,,,,,,,2026-03-19T21:00:22.367+00:00,2026-03-19,2026,March,03,Quarter 1
bd438760-303f-41aa-816a-362dd6851b60,ControlTemplate,f40e1e23-2e7f-4dd4-ac2d-749b873dd6b8,EvidenceTaskTemplate,fd6aa3da-af3f-4db4-8398-8d9dd549d546,6643bb6e-2468-3c90-9722-902fd92b11da,,automated01_3428474 user01_3428474,Africa/Cairo,Control.Evidence.Link.Description,Control.Evidence.Link.Description,control-evidence-mapping,,control-evidence-mapping,,control-evidence-mapping,control,Control.Evidence.Link.Name,,,,,,,2026-03-19T22:00:22.367+00:00,2026-03-19,2026,March,03,Quarter 1
bd438760-303f-41aa-816a-362dd6851b60,ControlTemplate,f40e1e23-2e7f-4dd4-ac2d-749b873dd6b8,EvidenceTaskTemplate,fd6aa3da-af3f-4db4-8398-8d9dd549d546,6643bb6e-2468-3c90-9722-902fd92b11da,,automated01_3428474 user01_3428474,Asia/Singapore,Control.Evidence.Link.Description,Control.Evidence.Link.Description,control-evidence-mapping,,control-evidence-mapping,,control-evidence-mapping,control,Control.Evidence.Link.Name,,,,,,,2026-03-20T04:00:22.367+00:00,2026-03-20,2026,March,03,Quarter 1
bd438760-303f-41aa-816a-362dd6851b60,ControlTemplate,f40e1e23-2e7f-4dd4-ac2d-749b873dd6b8,EvidenceTaskTemplate,fd6aa3da-af3f-4db4-8398-8d9dd549d546,6643bb6e-2468-3c90-9722-902fd92b11da,,automated01_3428474 user01_3428474,Mexico/General,Control.Evidence.Link.Description,Control.Evidence.Link.Description,control-evidence-mapping,,control-evidence-mapping,,control-evidence-mapping,control,Control.Evidence.Link.Name,,,,,,,2026-03-19T14:00:22.367+00:00,2026-03-19,2026,March,03,Quarter 1
bd438760-303f-41aa-816a-362dd6851b60,ControlTemplate,f40e1e23-2e7f-4dd4-ac2d-749b873dd6b8,EvidenceTaskTemplate,fd6aa3da-af3f-4db4-8398-8d9dd549d546,6643bb6e-2468-3c90-9722-902fd92b11da,,automated01_3428474 user01_3428474,Australia/Lindeman,Control.Evidence.Link.Description,Control.Evidence.Link.Description,control-evidence-mapping,,control-evidence-mapping,,control-evidence-mapping,control,Control.Evidence.Link.Name,,,,,,,2026-03-20T06:00:22.367+00:00,2026-03-20,2026,March,03,Quarter 1
bd438760-303f-41aa-816a-362dd6851b60,ControlTemplate,f40e1e23-2e7f-4dd4-ac2d-749b873dd6b8,EvidenceTaskTemplate,fd6aa3da-af3f-4db4-8398-8d9dd549d546,6643bb6e-2468-3c90-9722-902fd92b11da,,automated01_3428474 user01_3428474,GMT0,Control.Evidence.Link.Description,Control.Evidence.Link.Description,control-evidence-mapping,,control-evidence-mapping,,control-evidence-mapping,control,Control.Evidence.Link.Name,,,,,,,2026-03-19T20:00:22.367+00:00,2026-03-19,2026,March,03,Quarter 1
bd438760-303f-41aa-816a-362dd6851b60,ControlTemplate,f40e1e23-2e7f-4dd4-ac2d-749b873dd6b8,EvidenceTaskTemplate,fd6aa3da-af3f-4db4-8398-8d9dd549d546,6643bb6e-2468-3c90-9722-902fd92b11da,,automated01_3428474 user01_3428474,Africa/Kampala,Control.Evidence.Link.Description,Control.Evidence.Link.Description,control-evidence-mapping,,control-evidence-mapping,,control-evidence-mapping,control,Control.Evidence.Link.Name,,,,,,,2026-03-19T23:00:22.367+00:00,2026-03-19,2026,March,03,Quarter 1
bd438760-303f-41aa-816a-362dd6851b60,ControlTemplate,f40e1e23-2e7f-4dd4-ac2d-749b873dd6b8,EvidenceTaskTemplate,fd6aa3da-af3f-4db4-8398-8d9dd549d546,6643bb6e-2468-3c90-9722-902fd92b11da,,automated01_3428474 user01_3428474,Pacific/Auckland,Control.Evidence.Link.Description,Control.Evidence.Link.Description,control-evidence-mapping,,control-evidence-mapping,,control-evidence-mapping,control,Control.Evidence.Link.Name,,,,,,,2026-03-20T09:00:22.367+00:00,2026-03-20,2026,March,03,Quarter 1
bd438760-303f-41aa-816a-362dd6851b60,ControlTemplate,f40e1e23-2e7f-4dd4-ac2d-749b873dd6b8,EvidenceTaskTemplate,fd6aa3da-af3f-4db4-8398-8d9dd549d546,6643bb6e-2468-3c90-9722-902fd92b11da,,automated01_3428474 user01_3428474,UCT,Control.Evidence.Link.Description,Control.Evidence.Link.Description,control-evidence-mapping,,control-evidence-mapping,,control-evidence-mapping,control,Control.Evidence.Link.Name,,,,,,,2026-03-19T20:00:22.367+00:00,2026-03-19,2026,March,03,Quarter 1
bd438760-303f-41aa-816a-362dd6851b60,ControlTemplate,f40e1e23-2e7f-4dd4-ac2d-749b873dd6b8,EvidenceTaskTemplate,fd6aa3da-af3f-4db4-8398-8d9dd549d546,6643bb6e-2468-3c90-9722-902fd92b11da,,automated01_3428474 user01_3428474,Asia/Samarkand,Control.Evidence.Link.Description,Control.Evidence.Link.Description,control-evidence-mapping,,control-evidence-mapping,,control-evidence-mapping,control,Control.Evidence.Link.Name,,,,,,,2026-03-20T01:00:22.367+00:00,2026-03-20,2026,March,03,Quarter 1
bd438760-303f-41aa-816a-362dd6851b60,ControlTemplate,f40e1e23-2e7f-4dd4-ac2d-749b873dd6b8,EvidenceTaskTemplate,fd6aa3da-af3f-4db4-8398-8d9dd549d546,6643bb6e-2468-3c90-9722-902fd92b11da,,automated01_3428474 user01_3428474,Etc/GMT+8,Control.Evidence.Link.Description,Control.Evidence.Link.Description,control-evidence-mapping,,control-evidence-mapping,,control-evidence-mapping,control,Control.Evidence.Link.Name,,,,,,,2026-03-19T12:00:22.367+00:00,2026-03-19,2026,March,03,Quarter 1
bd438760-303f-41aa-816a-362dd6851b60,ControlTemplate,f40e1e23-2e7f-4dd4-ac2d-749b873dd6b8,EvidenceTaskTemplate,fd6aa3da-af3f-4db4-8398-8d9dd549d546,6643bb6e-2468-3c90-9722-902fd92b11da,,automated01_3428474 user01_3428474,Antarctica/DumontDUrville,Control.Evidence.Link.Description,Control.Evidence.Link.Description,control-evidence-mapping,,control-evidence-mapping,,control-evidence-mapping,control,Control.Evidence.Link.Name,,,,,,,2026-03-20T06:00:22.367+00:00,2026-03-20,2026,March,03,Quarter 1
bd438760-303f-41aa-816a-362dd6851b60,ControlTemplate,f40e1e23-2e7f-4dd4-ac2d-749b873dd6b8,EvidenceTaskTemplate,fd6aa3da-af3f-4db4-8398-8d9dd549d546,6643bb6e-2468-3c90-9722-902fd92b11da,,automated01_3428474 user01_3428474,Africa/Ndjamena,Control.Evidence.Link.Description,Control.Evidence.Link.Description,control-evidence-mapping,,control-evidence-mapping,,control-evidence-mapping,control,Control.Evidence.Link.Name,,,,,,,2026-03-19T21:00:22.367+00:00,2026-03-19,2026,March,03,Quarter 1
bd438760-303f-41aa-816a-362dd6851b60,ControlTemplate,f40e1e23-2e7f-4dd4-ac2d-749b873dd6b8,EvidenceTaskTemplate,fd6aa3da-af3f-4db4-8398-8d9dd549d546,6643bb6e-2468-3c90-9722-902fd92b11da,,automated01_3428474 user01_3428474,US/Michigan,Control.Evidence.Link.Description,Control.Evidence.Link.Description,control-evidence-mapping,,control-evidence-mapping,,control-evidence-mapping,control,Control.Evidence.Link.Name,,,,,,,2026-03-19T16:00:22.367+00:00,2026-03-19,2026,March,03,Quarter 1
bd438760-303f-41aa-816a-362dd6851b60,ControlTemplate,f40e1e23-2e7f-4dd4-ac2d-749b873dd6b8,EvidenceTaskTemplate,fd6aa3da-af3f-4db4-8398-8d9dd549d546,6643bb6e-2468-3c90-9722-902fd92b11da,,automated01_3428474 user01_3428474,US/Aleutian,Control.Evidence.Link.Description,Control.Evidence.Link.Description,control-evidence-mapping,,control-evidence-mapping,,control-evidence-mapping,control,Control.Evidence.Link.Name,,,,,,,2026-03-19T11:00:22.367+00:00,2026-03-19,2026,March,03,Quarter 1
bd438760-303f-41aa-816a-362dd6851b60,ControlTemplate,f40e1e23-2e7f-4dd4-ac2d-749b873dd6b8,EvidenceTaskTemplate,fd6aa3da-af3f-4db4-8398-8d9dd549d546,6643bb6e-2468-3c90-9722-902fd92b11da,,automated01_3428474 user01_3428474,Europe/Nicosia,Control.Evidence.Link.Description,Control.Evidence.Link.Description,control-evidence-mapping,,control-evidence-mapping,,control-evidence-mapping,control,Control.Evidence.Link.Name,,,,,,,2026-03-19T22:00:22.367+00:00,2026-03-19,2026,March,03,Quarter 1
bd438760-303f-41aa-816a-362dd6851b60,ControlTemplate,f40e1e23-2e7f-4dd4-ac2d-749b873dd6b8,EvidenceTaskTemplate,fd6aa3da-af3f-4db4-8398-8d9dd549d546,6643bb6e-2468-3c90-9722-902fd92b11da,,automated01_3428474 user01_3428474,Asia/Hovd,Control.Evidence.Link.Description,Control.Evidence.Link.Description,control-evidence-mapping,,control-evidence-mapping,,control-evidence-mapping,control,Control.Evidence.Link.Name,,,,,,,2026-03-20T03:00:22.367+00:00,2026-03-20,2026,March,03,Quarter 1
bd438760-303f-41aa-816a-362dd6851b60,ControlTemplate,f40e1e23-2e7f-4dd4-ac2d-749b873dd6b8,EvidenceTaskTemplate,fd6aa3da-af3f-4db4-8398-8d9dd549d546,6643bb6e-2468-3c90-9722-902fd92b11da,,automated01_3428474 user01_3428474,Asia/Yerevan,Control.Evidence.Link.Description,Control.Evidence.Link.Description,control-evidence-mapping,,control-evidence-mapping,,control-evidence-mapping,control,Control.Evidence.Link.Name,,,,,,,2026-03-20T00:00:22.367+00:00,2026-03-20,2026,March,03,Quarter 1
bd438760-303f-41aa-816a-362dd6851b60,ControlTemplate,f40e1e23-2e7f-4dd4-ac2d-749b873dd6b8,EvidenceTaskTemplate,fd6aa3da-af3f-4db4-8398-8d9dd549d546,6643bb6e-2468-3c90-9722-902fd92b11da,,automated01_3428474 user01_3428474,America/Costa_Rica,Control.Evidence.Link.Description,Control.Evidence.Link.Description,control-evidence-mapping,,control-evidence-mapping,,control-evidence-mapping,control,Control.Evidence.Link.Name,,,,,,,2026-03-19T14:00:22.367+00:00,2026-03-19,2026,March,03,Quarter 1
bd438760-303f-41aa-816a-362dd6851b60,ControlTemplate,f40e1e23-2e7f-4dd4-ac2d-749b873dd6b8,EvidenceTaskTemplate,fd6aa3da-af3f-4db4-8398-8d9dd549d546,6643bb6e-2468-3c90-9722-902fd92b11da,,automated01_3428474 user01_3428474,Asia/Kamchatka,Control.Evidence.Link.Description,Control.Evidence.Link.Description,control-evidence-mapping,,control-evidence-mapping,,control-evidence-mapping,control,Control.Evidence.Link.Name,,,,,,,2026-03-20T08:00:22.367+00:00,2026-03-20,2026,March,03,Quarter 1
bd438760-303f-41aa-816a-362dd6851b60,ControlTemplate,f40e1e23-2e7f-4dd4-ac2d-749b873dd6b8,EvidenceTaskTemplate,fd6aa3da-af3f-4db4-8398-8d9dd549d546,6643bb6e-2468-3c90-9722-902fd92b11da,,automated01_3428474 user01_3428474,Australia/West,Control.Evidence.Link.Description,Control.Evidence.Link.Description,control-evidence-mapping,,control-evidence-mapping,,control-evidence-mapping,control,Control.Evidence.Link.Name,,,,,,,2026-03-20T04:00:22.367+00:00,2026-03-20,2026,March,03,Quarter 1
bd438760-303f-41aa-816a-362dd6851b60,ControlTemplate,f40e1e23-2e7f-4dd4-ac2d-749b873dd6b8,EvidenceTaskTemplate,fd6aa3da-af3f-4db4-8398-8d9dd549d546,6643bb6e-2468-3c90-9722-902fd92b11da,,automated01_3428474 user01_3428474,Europe/Rome,Control.Evidence.Link.Description,Control.Evidence.Link.Description,control-evidence-mapping,,control-evidence-mapping,,control-evidence-mapping,control,Control.Evidence.Link.Name,,,,,,,2026-03-19T21:00:22.367+00:00,2026-03-19,2026,March,03,Quarter 1
bd438760-303f-41aa-816a-362dd6851b60,ControlTemplate,f40e1e23-2e7f-4dd4-ac2d-749b873dd6b8,EvidenceTaskTemplate,fd6aa3da-af3f-4db4-8398-8d9dd549d546,6643bb6e-2468-3c90-9722-902fd92b11da,,automated01_3428474 user01_3428474,Europe/Simferopol,Control.Evidence.Link.Description,Control.Evidence.Link.Description,control-evidence-mapping,,control-evidence-mapping,,control-evidence-mapping,control,Control.Evidence.Link.Name,,,,,,,2026-03-19T23:00:22.367+00:00,2026-03-19,2026,March,03,Quarter 1
bd438760-303f-41aa-816a-362dd6851b60,ControlTemplate,f40e1e23-2e7f-4dd4-ac2d-749b873dd6b8,EvidenceTaskTemplate,fd6aa3da-af3f-4db4-8398-8d9dd549d546,6643bb6e-2468-3c90-9722-902fd92b11da,,automated01_3428474 user01_3428474,Asia/Kuala_Lumpur,Control.Evidence.Link.Description,Control.Evidence.Link.Description,control-evidence-mapping,,control-evidence-mapping,,control-evidence-mapping,control,Control.Evidence.Link.Name,,,,,,,2026-03-20T04:00:22.367+00:00,2026-03-20,2026,March,03,Quarter 1
bd438760-303f-41aa-816a-362dd6851b60,ControlTemplate,f40e1e23-2e7f-4dd4-ac2d-749b873dd6b8,EvidenceTaskTemplate,fd6aa3da-af3f-4db4-8398-8d9dd549d546,6643bb6e-2468-3c90-9722-902fd92b11da,,automated01_3428474 user01_3428474,Antarctica/McMurdo,Control.Evidence.Link.Description,Control.Evidence.Link.Description,control-evidence-mapping,,control-evidence-mapping,,control-evidence-mapping,control,Control.Evidence.Link.Name,,,,,,,2026-03-20T09:00:22.367+00:00,2026-03-20,2026,March,03,Quarter 1
bd438760-303f-41aa-816a-362dd6851b60,ControlTemplate,f40e1e23-2e7f-4dd4-ac2d-749b873dd6b8,EvidenceTaskTemplate,fd6aa3da-af3f-4db4-8398-8d9dd549d546,6643bb6e-2468-3c90-9722-902fd92b11da,,automated01_3428474 user01_3428474,Pacific/Honolulu,Control.Evidence.Link.Description,Control.Evidence.Link.Description,control-evidence-mapping,,control-evidence-mapping,,control-evidence-mapping,control,Control.Evidence.Link.Name,,,,,,,2026-03-19T10:00:22.367+00:00,2026-03-19,2026,March,03,Quarter 1
bd438760-303f-41aa-816a-362dd6851b60,ControlTemplate,f40e1e23-2e7f-4dd4-ac2d-749b873dd6b8,EvidenceTaskTemplate,fd6aa3da-af3f-4db4-8398-8d9dd549d546,6643bb6e-2468-3c90-9722-902fd92b11da,,automated01_3428474 user01_3428474,America/Yellowknife,Control.Evidence.Link.Description,Control.Evidence.Link.Description,control-evidence-mapping,,control-evidence-mapping,,control-evidence-mapping,control,Control.Evidence.Link.Name,,,,,,,2026-03-19T14:00:22.367+00:00,2026-03-19,2026,March,03,Quarter 1
bd438760-303f-41aa-816a-362dd6851b60,ControlTemplate,f40e1e23-2e7f-4dd4-ac2d-749b873dd6b8,EvidenceTaskTemplate,fd6aa3da-af3f-4db4-8398-8d9dd549d546,6643bb6e-2468-3c90-9722-902fd92b11da,,automated01_3428474 user01_3428474,Atlantic/Faroe,Control.Evidence.Link.Description,Control.Evidence.Link.Description,control-evidence-mapping,,control-evidence-mapping,,control-evidence-mapping,control,Control.Evidence.Link.Name,,,,,,,2026-03-19T20:00:22.367+00:00,2026-03-19,2026,March,03,Quarter 1
bd438760-303f-41aa-816a-362dd6851b60,ControlTemplate,f40e1e23-2e7f-4dd4-ac2d-749b873dd6b8,EvidenceTaskTemplate,fd6aa3da-af3f-4db4-8398-8d9dd549d546,6643bb6e-2468-3c90-9722-902fd92b11da,,automated01_3428474 user01_3428474,Africa/Ceuta,Control.Evidence.Link.Description,Control.Evidence.Link.Description,control-evidence-mapping,,control-evidence-mapping,,control-evidence-mapping,control,Control.Evidence.Link.Name,,,,,,,2026-03-19T21:00:22.367+00:00,2026-03-19,2026,March,03,Quarter 1
bd438760-303f-41aa-816a-362dd6851b60,ControlTemplate,f40e1e23-2e7f-4dd4-ac2d-749b873dd6b8,EvidenceTaskTemplate,fd6aa3da-af3f-4db4-8398-8d9dd549d546,6643bb6e-2468-3c90-9722-902fd92b11da,,automated01_3428474 user01_3428474,America/Ensenada,Control.Evidence.Link.Description,Control.Evidence.Link.Description,control-evidence-mapping,,control-evidence-mapping,,control-evidence-mapping,control,Control.Evidence.Link.Name,,,,,,,2026-03-19T13:00:22.367+00:00,2026-03-19,2026,March,03,Quarter 1
