inventoryID,entityID,entityType,id,inherentRiskLevel,inherentRiskLevelID,inherentRiskScore,residualRiskLevel,residualRiskLevelID,residualRiskScore,targetRiskLevel,targetRiskLevelID,targetRiskScore,inventoryType,inventoryTypeID,inventoryName,inventoryNumber,inventoryURL,orgID,orgName,parentOrgID
2026-04-06T05:54:32.000+00:00,79f09a0f-fbd7-4439-9e1e-d48abe62c98e,Testing desc,07d7141e-a41b-4681-b0ff-4c5cc24651e4.description,,07d7141e-a41b-4681-b0ff-4c5cc24651e4.friendlyName,d64b1a16-67db-4d33-89b3-0d9f0133abdc,,,t_20260406055429-y7yx7e,07d7141e-a41b-4681-b0ff-4c5cc24651e4.name,b99df4a4-2bf5-4c08-9483-bd636470bc11,2026-04-06T05:54:33.000+00:00,79f09a0f-fbd7-4439-9e1e-d48abe62c98e,d64b1a16-67db-4d33-89b3-0d9f0133abdc,PUBLISHED,VENDOR,2026-04-06T05:54:33.000+00:00,79f09a0f-fbd7-4439-9e1e-d48abe62c98e,1,2026-04-06T05:55:20.338+00:00,2026-04-06T05:56:38.237+00:00,False,e40yx52dkbjpcqazimno9yvh4k
,,,,,,cb9103af-77dc-404b-b87c-1c3a37d0fe9b,,,,,,,,,,,,,0,2026-03-27T14:23:30.896+00:00,2026-03-27T14:25:06.986+00:00,True,e40yx52dkbjpcqazimno9yvh4k
2026-03-27T06:32:54.000+00:00,79f09a0f-fbd7-4439-9e1e-d48abe62c98e,Testing desc,2e03b7d1-3d00-4aae-8903-e909dbcee4ff.description,,2e03b7d1-3d00-4aae-8903-e909dbcee4ff.friendlyName,0bfdb47d-eb4b-46ec-9ca8-fad63d427ff7,,,Template01_41034899,2e03b7d1-3d00-4aae-8903-e909dbcee4ff.name,b99df4a4-2bf5-4c08-9483-bd636470bc11,2026-03-27T06:32:54.000+00:00,79f09a0f-fbd7-4439-9e1e-d48abe62c98e,0bfdb47d-eb4b-46ec-9ca8-fad63d427ff7,PUBLISHED,DISCLOSURE,2026-03-27T06:32:54.000+00:00,79f09a0f-fbd7-4439-9e1e-d48abe62c98e,1,2026-03-27T06:33:10.183+00:00,2026-03-27T06:34:36.976+00:00,False,e40yx52dkbjpcqazimno9yvh4k
2026-04-06T02:25:41.000+00:00,79f09a0f-fbd7-4439-9e1e-d48abe62c98e,Testing desc,7775f0ab-1732-4fb4-a567-ae891c8cfea0.description,,7775f0ab-1732-4fb4-a567-ae891c8cfea0.friendlyName,69283a2f-9c0b-44bc-8112-5b5ee36254cc,,,automation_template_8775922,7775f0ab-1732-4fb4-a567-ae891c8cfea0.name,b99df4a4-2bf5-4c08-9483-bd636470bc11,2026-04-06T02:25:43.000+00:00,79f09a0f-fbd7-4439-9e1e-d48abe62c98e,69283a2f-9c0b-44bc-8112-5b5ee36254cc,PUBLISHED,ITRM,2026-04-06T02:25:43.000+00:00,79f09a0f-fbd7-4439-9e1e-d48abe62c98e,1,2026-04-06T02:26:03.276+00:00,2026-04-06T02:30:09.502+00:00,False,e40yx52dkbjpcqazimno9yvh4k
,,,,,,e5e0831e-1b26-49ad-93d0-0b7ff56fcb28,,,,,,,,,,,,,0,2026-04-06T02:24:22.412+00:00,2026-04-06T02:30:09.502+00:00,True,e40yx52dkbjpcqazimno9yvh4k
,,,,,,059fe518-3c75-4924-909c-2490e19150b5,,,,,,,,,,,,,0,2026-03-30T13:14:35.003+00:00,2026-03-30T13:19:18.169+00:00,True,e40yx52dkbjpcqazimno9yvh4k
,,,,,,09cd0ec9-0ce5-4081-9146-f4cbc5d9c3b6,,,,,,,,,,,,,0,2026-03-30T13:15:49.269+00:00,2026-03-30T13:19:18.169+00:00,True,e40yx52dkbjpcqazimno9yvh4k
,,,,,,525bb922-a279-4e1c-a0db-eb1fd386936e,,,,,,,,,,,,,0,2026-03-30T13:10:34.973+00:00,2026-03-30T13:19:18.169+00:00,True,e40yx52dkbjpcqazimno9yvh4k
,,,,,,99716a85-c5ac-49fa-8f83-274904376dd3,,,,,,,,,,,,,0,2026-03-30T13:10:08.467+00:00,2026-03-30T13:19:18.169+00:00,True,e40yx52dkbjpcqazimno9yvh4k
,,,,,,f7026d20-f6e8-49e0-b7ec-b4336bf17db5,,,,,,,,,,,,,0,2026-03-30T13:14:34.994+00:00,2026-03-30T13:19:18.169+00:00,True,e40yx52dkbjpcqazimno9yvh4k
,,,,,,1e65457d-716b-4a8c-b31f-3f5650495eed,,,,,,,,,,,,,0,2026-03-27T14:22:30.922+00:00,2026-03-27T14:24:06.648+00:00,True,e40yx52dkbjpcqazimno9yvh4k
,,,,,,57bbe035-924a-40c5-be08-831f387fb954,,,,,,,,,,,,,0,2026-03-27T14:22:30.954+00:00,2026-03-27T14:24:06.648+00:00,True,e40yx52dkbjpcqazimno9yvh4k
,,,,,,89bcc362-0362-4106-9e7e-feafbaeea1ab,,,,,,,,,,,,,0,2026-03-27T14:22:57.458+00:00,2026-03-27T14:24:06.648+00:00,True,e40yx52dkbjpcqazimno9yvh4k
,,,,,,9970f30e-97a2-44c1-8823-807a0d96b621,,,,,,,,,,,,,0,2026-03-27T14:22:30.871+00:00,2026-03-27T14:24:06.648+00:00,True,e40yx52dkbjpcqazimno9yvh4k
,,,,,,bc592ba6-ed27-401f-a217-15ecfe574dc7,,,,,,,,,,,,,0,2026-03-27T14:22:30.938+00:00,2026-03-27T14:24:06.648+00:00,True,e40yx52dkbjpcqazimno9yvh4k
,,,,,,d94df751-da9c-42b1-8d17-6fa5a8b1dc67,,,,,,,,,,,,,0,2026-03-27T14:22:57.441+00:00,2026-03-27T14:24:06.648+00:00,True,e40yx52dkbjpcqazimno9yvh4k
2026-03-27T06:26:32.000+00:00,79f09a0f-fbd7-4439-9e1e-d48abe62c98e,This is an Automation Test Template,f7fd1260-0a55-4149-8019-8d01fe7cf440.description,,f7fd1260-0a55-4149-8019-8d01fe7cf440.friendlyName,294dfa28-f002-457b-b676-885a19b8ef86,,,template_instance_20463_1509638,f7fd1260-0a55-4149-8019-8d01fe7cf440.name,b99df4a4-2bf5-4c08-9483-bd636470bc11,2026-03-27T06:27:15.000+00:00,79f09a0f-fbd7-4439-9e1e-d48abe62c98e,294dfa28-f002-457b-b676-885a19b8ef86,PUBLISHED,AIGOVERNANCE,2026-03-27T06:27:15.000+00:00,79f09a0f-fbd7-4439-9e1e-d48abe62c98e,1,2026-03-27T06:27:45.366+00:00,2026-03-27T06:29:07.004+00:00,False,e40yx52dkbjpcqazimno9yvh4k
,,,,,,f13bbb1b-256c-400d-a9c8-47f0b3706a88,,,,,,,,,,,,,0,2026-03-30T14:38:09.235+00:00,2026-03-30T14:48:13.710+00:00,True,e40yx52dkbjpcqazimno9yvh4k
2026-03-27T06:37:36.000+00:00,79f09a0f-fbd7-4439-9e1e-d48abe62c98e,Testing,96faf3c5-cb40-4204-81a5-1ad9502bdcd1.description,,96faf3c5-cb40-4204-81a5-1ad9502bdcd1.friendlyName,0722abee-71d1-4dc4-9dc0-deaf68fcb126,,,automation_template_TCT_8104771,96faf3c5-cb40-4204-81a5-1ad9502bdcd1.name,b99df4a4-2bf5-4c08-9483-bd636470bc11,2026-03-27T06:37:37.000+00:00,79f09a0f-fbd7-4439-9e1e-d48abe62c98e,0722abee-71d1-4dc4-9dc0-deaf68fcb126,PUBLISHED,PIA,2026-03-27T06:37:37.000+00:00,79f09a0f-fbd7-4439-9e1e-d48abe62c98e,1,2026-03-27T06:38:09.133+00:00,2026-03-27T06:38:42.249+00:00,False,e40yx52dkbjpcqazimno9yvh4k
,,,,,,952fb31e-64d3-46e1-b3c0-7fa0536439ef,,,,,,,,,,,,,0,2026-03-27T07:55:09.596+00:00,2026-03-27T07:56:07.843+00:00,True,e40yx52dkbjpcqazimno9yvh4k
,,,,,,546328a1-66a5-4580-a4b5-842ec55b4e4c,,,,,,,,,,,,,0,2026-03-27T14:28:30.994+00:00,2026-03-27T14:28:58.036+00:00,True,e40yx52dkbjpcqazimno9yvh4k
,,,,,,ed15b01e-ee2c-4641-b29f-493f373f6f46,,,,,,,,,,,,,0,2026-03-27T14:28:31.009+00:00,2026-03-27T14:28:58.036+00:00,True,e40yx52dkbjpcqazimno9yvh4k
2026-03-27T08:35:23.000+00:00,79f09a0f-fbd7-4439-9e1e-d48abe62c98e,Testing,3ea07fe2-b3c3-43ad-b6eb-315969e9a85d.description,,3ea07fe2-b3c3-43ad-b6eb-315969e9a85d.friendlyName,cb263bdc-a3e5-44ff-a1c1-4dbb22b18e1e,,,Template_464092,3ea07fe2-b3c3-43ad-b6eb-315969e9a85d.name,b99df4a4-2bf5-4c08-9483-bd636470bc11,2026-03-27T08:35:25.000+00:00,79f09a0f-fbd7-4439-9e1e-d48abe62c98e,cb263bdc-a3e5-44ff-a1c1-4dbb22b18e1e,PUBLISHED,PIA,2026-03-27T08:35:25.000+00:00,79f09a0f-fbd7-4439-9e1e-d48abe62c98e,1,2026-03-27T08:35:45.841+00:00,2026-03-27T08:36:07.015+00:00,False,e40yx52dkbjpcqazimno9yvh4k
2026-03-27T08:06:36.000+00:00,79f09a0f-fbd7-4439-9e1e-d48abe62c98e,This is an Automation Test Template,4eae8551-33f6-457a-aa15-ca90235b5f7b.description,,4eae8551-33f6-457a-aa15-ca90235b5f7b.friendlyName,df662486-095c-4273-948f-1982e7fad0a6,,,template_instance_20462_2423239,4eae8551-33f6-457a-aa15-ca90235b5f7b.name,b99df4a4-2bf5-4c08-9483-bd636470bc11,2026-03-27T08:06:37.000+00:00,79f09a0f-fbd7-4439-9e1e-d48abe62c98e,df662486-095c-4273-948f-1982e7fad0a6,PUBLISHED,AIGOVERNANCE,2026-03-27T08:06:37.000+00:00,79f09a0f-fbd7-4439-9e1e-d48abe62c98e,1,2026-03-27T08:07:09.673+00:00,2026-03-27T08:08:08.280+00:00,False,e40yx52dkbjpcqazimno9yvh4k
,,,,,,d4de6df0-7457-4ee4-a93a-945a7db4910e,,,,,,,,,,,,,0,2026-04-01T11:13:46.004+00:00,2026-04-01T11:15:44.604+00:00,True,e40yx52dkbjpcqazimno9yvh4k
2026-04-02T11:18:09.000+00:00,79f09a0f-fbd7-4439-9e1e-d48abe62c98e,Testing desc,3d8ca05b-add2-4b8a-8a52-29f316218c48.description,,3d8ca05b-add2-4b8a-8a52-29f316218c48.friendlyName,5ca6431e-d595-497f-aa4c-c0c846408588,,,t_20260402111805-z4yrjz,3d8ca05b-add2-4b8a-8a52-29f316218c48.name,b99df4a4-2bf5-4c08-9483-bd636470bc11,2026-04-02T11:18:10.000+00:00,79f09a0f-fbd7-4439-9e1e-d48abe62c98e,5ca6431e-d595-497f-aa4c-c0c846408588,PUBLISHED,VENDOR,2026-04-02T11:18:10.000+00:00,79f09a0f-fbd7-4439-9e1e-d48abe62c98e,1,2026-04-02T11:18:29.092+00:00,2026-04-02T11:38:12.365+00:00,False,e40yx52dkbjpcqazimno9yvh4k
,,,,,,00c0d5fa-231a-42f6-bde3-942bddddce0b,,,,,,,,,,,,,0,2026-03-27T13:28:21.937+00:00,2026-03-27T14:09:53.616+00:00,True,e40yx52dkbjpcqazimno9yvh4k
,,,,,,0103a0b9-fc24-4813-8cd7-8a45c37f69ba,,,,,,,,,,,,,0,2026-03-27T13:39:30.379+00:00,2026-03-27T14:09:53.616+00:00,True,e40yx52dkbjpcqazimno9yvh4k
,,,,,,03f6c08b-36b4-4751-853b-b5252e5297b7,,,,,,,,,,,,,0,2026-03-27T13:25:17.785+00:00,2026-03-27T14:09:53.616+00:00,True,e40yx52dkbjpcqazimno9yvh4k
,,,,,,0532d878-1517-45fb-90ed-5e8c04b48ca0,,,,,,,,,,,,,0,2026-03-27T13:26:19.300+00:00,2026-03-27T14:09:53.616+00:00,True,e40yx52dkbjpcqazimno9yvh4k
,,,,,,056c2373-e82b-4fab-96fa-8832864b6ecf,,,,,,,,,,,,,0,2026-03-27T13:25:17.832+00:00,2026-03-27T14:09:53.616+00:00,True,e40yx52dkbjpcqazimno9yvh4k
,,,,,,05b6f033-c8df-4519-a474-026c0eaa9e72,,,,,,,,,,,,,0,2026-03-27T13:38:29.811+00:00,2026-03-27T14:09:53.616+00:00,True,e40yx52dkbjpcqazimno9yvh4k
,,,,,,072ba95f-8e0e-41ae-937f-ce7dc37f9cba,,,,,,,,,,,,,0,2026-03-27T13:23:17.181+00:00,2026-03-27T14:09:53.616+00:00,True,e40yx52dkbjpcqazimno9yvh4k
,,,,,,0a2aa4fc-b55e-436c-860a-ade853caec4a,,,,,,,,,,,,,0,2026-03-27T13:20:41.130+00:00,2026-03-27T14:09:53.616+00:00,True,e40yx52dkbjpcqazimno9yvh4k
,,,,,,0a2c3deb-b4e9-42c6-9f54-46359820f732,,,,,,,,,,,,,0,2026-03-27T13:36:56.322+00:00,2026-03-27T14:09:53.616+00:00,True,e40yx52dkbjpcqazimno9yvh4k
,,,,,,0a2d585a-eeac-48af-a821-b8eceb845882,,,,,,,,,,,,,0,2026-03-27T13:23:17.221+00:00,2026-03-27T14:09:53.616+00:00,True,e40yx52dkbjpcqazimno9yvh4k
,,,,,,0a7cef60-e3aa-4796-9f19-a46028165a77,,,,,,,,,,,,,0,2026-03-27T13:24:19.877+00:00,2026-03-27T14:09:53.616+00:00,True,e40yx52dkbjpcqazimno9yvh4k
,,,,,,0c09dd9a-b59a-49ff-8460-241f3ccc27de,,,,,,,,,,,,,0,2026-03-27T13:22:42.424+00:00,2026-03-27T14:09:53.616+00:00,True,e40yx52dkbjpcqazimno9yvh4k
,,,,,,0cae16e9-ea2e-4be5-b14d-8362bc7004bf,,,,,,,,,,,,,0,2026-03-27T13:23:17.135+00:00,2026-03-27T14:09:53.616+00:00,True,e40yx52dkbjpcqazimno9yvh4k
,,,,,,0d112cb5-152c-4ad9-987b-4efd4ee34ff4,,,,,,,,,,,,,0,2026-03-27T13:36:30.432+00:00,2026-03-27T14:09:53.616+00:00,True,e40yx52dkbjpcqazimno9yvh4k
,,,,,,0d933f9c-6f49-415e-a4e3-6a9f816e31c1,,,,,,,,,,,,,0,2026-03-27T13:28:21.922+00:00,2026-03-27T14:09:53.616+00:00,True,e40yx52dkbjpcqazimno9yvh4k
,,,,,,1151c576-305b-41dc-af56-bcb99011c8c0,,,,,,,,,,,,,0,2026-03-27T13:38:29.680+00:00,2026-03-27T14:09:53.616+00:00,True,e40yx52dkbjpcqazimno9yvh4k
,,,,,,11a1da96-9c71-4690-a014-92935d1a3c00,,,,,,,,,,,,,0,2026-03-27T13:39:30.549+00:00,2026-03-27T14:09:53.616+00:00,True,e40yx52dkbjpcqazimno9yvh4k
,,,,,,1254da4a-5a53-4017-91f7-21ec74adf731,,,,,,,,,,,,,0,2026-03-27T13:27:46.032+00:00,2026-03-27T14:09:53.616+00:00,True,e40yx52dkbjpcqazimno9yvh4k
,,,,,,13a9f3ed-6df5-4c2c-adb7-1acf73afd574,,,,,,,,,,,,,0,2026-03-27T13:38:29.977+00:00,2026-03-27T14:09:53.616+00:00,True,e40yx52dkbjpcqazimno9yvh4k
,,,,,,140fd336-ed08-4040-8167-34f79aa98678,,,,,,,,,,,,,0,2026-03-27T13:36:56.352+00:00,2026-03-27T14:09:53.616+00:00,True,e40yx52dkbjpcqazimno9yvh4k
,,,,,,15df50fc-3441-4c8e-bf5a-eb51e0b95020,,,,,,,,,,,,,0,2026-03-27T13:27:20.403+00:00,2026-03-27T14:09:53.616+00:00,True,e40yx52dkbjpcqazimno9yvh4k
,,,,,,16084a49-997a-4a33-a37a-31521c736118,,,,,,,,,,,,,0,2026-03-27T13:39:56.865+00:00,2026-03-27T14:09:53.616+00:00,True,e40yx52dkbjpcqazimno9yvh4k
,,,,,,16199f37-f155-4294-9615-7805f5b50101,,,,,,,,,,,,,0,2026-03-27T13:38:29.578+00:00,2026-03-27T14:09:53.616+00:00,True,e40yx52dkbjpcqazimno9yvh4k
,,,,,,183138bb-878b-469c-8619-823d1002037c,,,,,,,,,,,,,0,2026-03-27T13:35:27.754+00:00,2026-03-27T14:09:53.616+00:00,True,e40yx52dkbjpcqazimno9yvh4k
,,,,,,18b5cf86-8454-4773-9958-8ec13eaa124b,,,,,,,,,,,,,0,2026-03-27T13:23:17.084+00:00,2026-03-27T14:09:53.616+00:00,True,e40yx52dkbjpcqazimno9yvh4k
,,,,,,19d783ae-f10c-4cbf-a2b4-22b8617488b5,,,,,,,,,,,,,0,2026-03-27T13:36:56.229+00:00,2026-03-27T14:09:53.616+00:00,True,e40yx52dkbjpcqazimno9yvh4k
,,,,,,19e15d2f-2f3e-493e-809f-59a35ca061e1,,,,,,,,,,,,,0,2026-03-27T13:38:29.846+00:00,2026-03-27T14:09:53.616+00:00,True,e40yx52dkbjpcqazimno9yvh4k
,,,,,,1b0129b6-5160-47e2-9529-7cb3f6187dc1,,,,,,,,,,,,,0,2026-03-27T13:36:28.426+00:00,2026-03-27T14:09:53.616+00:00,True,e40yx52dkbjpcqazimno9yvh4k
,,,,,,1b28ffb1-ce02-467f-b111-0b9270e8d662,,,,,,,,,,,,,0,2026-03-27T13:38:29.625+00:00,2026-03-27T14:09:53.616+00:00,True,e40yx52dkbjpcqazimno9yvh4k
,,,,,,1cf43d25-95e9-418a-897f-646852e7f556,,,,,,,,,,,,,0,2026-03-27T13:38:29.610+00:00,2026-03-27T14:09:53.616+00:00,True,e40yx52dkbjpcqazimno9yvh4k
,,,,,,1d55b63a-d4e9-47b6-9417-0259f10dbc91,,,,,,,,,,,,,0,2026-03-27T13:35:27.739+00:00,2026-03-27T14:09:53.616+00:00,True,e40yx52dkbjpcqazimno9yvh4k
,,,,,,1e0d9d21-b40c-46cd-8f23-3540cad2742d,,,,,,,,,,,,,0,2026-03-27T13:21:41.282+00:00,2026-03-27T14:09:53.616+00:00,True,e40yx52dkbjpcqazimno9yvh4k
,,,,,,1e1292fe-b6c8-45b7-93a6-4cd2417a855e,,,,,,,,,,,,,0,2026-03-27T13:39:56.828+00:00,2026-03-27T14:09:53.616+00:00,True,e40yx52dkbjpcqazimno9yvh4k
,,,,,,1fb65a87-d3a2-4418-9e68-b7e1f293d8fa,,,,,,,,,,,,,0,2026-03-27T13:21:14.671+00:00,2026-03-27T14:09:53.616+00:00,True,e40yx52dkbjpcqazimno9yvh4k
,,,,,,1fee1a89-e1eb-4812-90a2-a63eebeecef8,,,,,,,,,,,,,0,2026-03-27T13:19:39.546+00:00,2026-03-27T14:09:53.616+00:00,True,e40yx52dkbjpcqazimno9yvh4k
,,,,,,21f78587-bc31-486c-95db-adf1b5e6a2e7,,,,,,,,,,,,,0,2026-03-27T13:22:16.743+00:00,2026-03-27T14:09:53.616+00:00,True,e40yx52dkbjpcqazimno9yvh4k
,,,,,,22abdf4e-1480-499b-8cd1-e30caf1f2a9f,,,,,,,,,,,,,0,2026-03-27T13:39:30.352+00:00,2026-03-27T14:09:53.616+00:00,True,e40yx52dkbjpcqazimno9yvh4k
,,,,,,234018e6-c58b-4262-b144-392f72fba139,,,,,,,,,,,,,0,2026-03-27T13:37:29.255+00:00,2026-03-27T14:09:53.616+00:00,True,e40yx52dkbjpcqazimno9yvh4k
,,,,,,2475d76f-f16b-4cee-b476-582cfb9a639f,,,,,,,,,,,,,0,2026-03-27T13:22:17.114+00:00,2026-03-27T14:09:53.616+00:00,True,e40yx52dkbjpcqazimno9yvh4k
,,,,,,254ce03d-f06a-4e08-bd24-2c703ade7003,,,,,,,,,,,,,0,2026-03-27T13:23:17.153+00:00,2026-03-27T14:09:53.616+00:00,True,e40yx52dkbjpcqazimno9yvh4k
,,,,,,26404cf7-18a0-4f7a-9692-2d46a9851121,,,,,,,,,,,,,0,2026-03-27T13:35:27.832+00:00,2026-03-27T14:09:53.616+00:00,True,e40yx52dkbjpcqazimno9yvh4k
,,,,,,26a77de6-0a8d-424d-823e-a51ae350f8ee,,,,,,,,,,,,,0,2026-03-27T13:27:46.049+00:00,2026-03-27T14:09:53.616+00:00,True,e40yx52dkbjpcqazimno9yvh4k
,,,,,,272721e7-2d86-4b95-9546-cfb60c92965e,,,,,,,,,,,,,0,2026-03-27T13:22:16.989+00:00,2026-03-27T14:09:53.616+00:00,True,e40yx52dkbjpcqazimno9yvh4k
,,,,,,27aa73cc-16e9-4ee1-b486-af6d5f8d4b12,,,,,,,,,,,,,0,2026-03-27T13:38:30.008+00:00,2026-03-27T14:09:53.616+00:00,True,e40yx52dkbjpcqazimno9yvh4k
,,,,,,2900d053-c8ee-4790-94ab-4f4aefd83117,,,,,,,,,,,,,0,2026-03-27T13:28:21.828+00:00,2026-03-27T14:09:53.616+00:00,True,e40yx52dkbjpcqazimno9yvh4k
,,,,,,2905e86b-c29f-4bfb-95df-18a0e604f4b1,,,,,,,,,,,,,0,2026-03-27T13:19:12.017+00:00,2026-03-27T14:09:53.616+00:00,True,e40yx52dkbjpcqazimno9yvh4k
,,,,,,29687b0d-8eea-4b66-b709-b4263c4bc065,,,,,,,,,,,,,0,2026-03-27T13:36:56.260+00:00,2026-03-27T14:09:53.616+00:00,True,e40yx52dkbjpcqazimno9yvh4k
,,,,,,2b04d204-d7d9-405e-96e3-79f1b883a120,,,,,,,,,,,,,0,2026-03-27T13:23:44.011+00:00,2026-03-27T14:09:53.616+00:00,True,e40yx52dkbjpcqazimno9yvh4k
,,,,,,2c913113-1edc-4a35-9928-9626215cceec,,,,,,,,,,,,,0,2026-03-27T13:25:44.597+00:00,2026-03-27T14:09:53.616+00:00,True,e40yx52dkbjpcqazimno9yvh4k
,,,,,,2c9e0a31-06ce-4e24-9d20-f68743881dc7,,,,,,,,,,,,,0,2026-03-27T13:26:19.268+00:00,2026-03-27T14:09:53.616+00:00,True,e40yx52dkbjpcqazimno9yvh4k
,,,,,,2ce14d1e-515c-421d-a30a-7d4c0ea2122b,,,,,,,,,,,,,0,2026-03-27T13:24:44.517+00:00,2026-03-27T14:09:53.616+00:00,True,e40yx52dkbjpcqazimno9yvh4k
,,,,,,2dbadd6b-3db9-4d7b-bbac-c6ca0b729994,,,,,,,,,,,,,0,2026-03-27T13:35:27.723+00:00,2026-03-27T14:09:53.616+00:00,True,e40yx52dkbjpcqazimno9yvh4k
,,,,,,3180393c-3831-41f8-9c9b-e26406786dc3,,,,,,,,,,,,,0,2026-03-27T13:38:29.455+00:00,2026-03-27T14:09:53.616+00:00,True,e40yx52dkbjpcqazimno9yvh4k
,,,,,,32ee9839-ef6a-4bcd-a066-156fcdf18c37,,,,,,,,,,,,,0,2026-03-27T13:20:41.147+00:00,2026-03-27T14:09:53.616+00:00,True,e40yx52dkbjpcqazimno9yvh4k
,,,,,,33d0396e-fac3-4dae-8f70-75a090d25e9d,,,,,,,,,,,,,0,2026-03-27T13:19:39.513+00:00,2026-03-27T14:09:53.616+00:00,True,e40yx52dkbjpcqazimno9yvh4k
,,,,,,3417e027-0acc-4d92-b5e8-3af7838239e2,,,,,,,,,,,,,0,2026-03-27T13:21:41.263+00:00,2026-03-27T14:09:53.616+00:00,True,e40yx52dkbjpcqazimno9yvh4k
,,,,,,368e01aa-f8b7-403e-b179-49147bcfbefd,,,,,,,,,,,,,0,2026-03-27T13:24:44.486+00:00,2026-03-27T14:09:53.616+00:00,True,e40yx52dkbjpcqazimno9yvh4k
,,,,,,369cb806-d0b2-437d-bf6b-80ec67be7723,,,,,,,,,,,,,0,2026-03-27T13:35:27.877+00:00,2026-03-27T14:09:53.616+00:00,True,e40yx52dkbjpcqazimno9yvh4k
,,,,,,36e849fc-6bf0-475d-b53a-0dfa3c25a781,,,,,,,,,,,,,0,2026-03-27T13:38:29.772+00:00,2026-03-27T14:09:53.616+00:00,True,e40yx52dkbjpcqazimno9yvh4k
,,,,,,36ee109a-f03b-4448-8d7f-6550e5f9dfc8,,,,,,,,,,,,,0,2026-03-27T13:19:39.444+00:00,2026-03-27T14:09:53.616+00:00,True,e40yx52dkbjpcqazimno9yvh4k
,,,,,,37edf689-93d8-4f1c-b49b-73a05a9bcace,,,,,,,,,,,,,0,2026-03-27T13:36:56.244+00:00,2026-03-27T14:09:53.616+00:00,True,e40yx52dkbjpcqazimno9yvh4k
,,,,,,37f9395c-d3a1-4905-923a-3221eebcba26,,,,,,,,,,,,,0,2026-03-27T13:35:27.892+00:00,2026-03-27T14:09:53.616+00:00,True,e40yx52dkbjpcqazimno9yvh4k
,,,,,,38c9a0b5-0bab-4154-81da-7386fbe251a8,,,,,,,,,,,,,0,2026-03-27T13:26:45.419+00:00,2026-03-27T14:09:53.616+00:00,True,e40yx52dkbjpcqazimno9yvh4k
,,,,,,3a41cfce-823d-4c16-8a30-9e9401bb3ba2,,,,,,,,,,,,,0,2026-03-27T13:39:30.177+00:00,2026-03-27T14:09:53.616+00:00,True,e40yx52dkbjpcqazimno9yvh4k
,,,,,,3a995535-89e6-4ad3-be3c-d8037e9d0b73,,,,,,,,,,,,,0,2026-03-27T13:27:46.081+00:00,2026-03-27T14:09:53.616+00:00,True,e40yx52dkbjpcqazimno9yvh4k
,,,,,,3b19b855-dc71-47f4-b445-ddf45bbab1e1,,,,,,,,,,,,,0,2026-03-27T13:39:56.966+00:00,2026-03-27T14:09:53.616+00:00,True,e40yx52dkbjpcqazimno9yvh4k
,,,,,,3b36c788-6bb4-4dea-9877-f0285ab28eee,,,,,,,,,,,,,0,2026-03-27T13:36:28.539+00:00,2026-03-27T14:09:53.616+00:00,True,e40yx52dkbjpcqazimno9yvh4k
,,,,,,3b56597e-8a84-4cfd-ba71-37358b1f43e0,,,,,,,,,,,,,0,2026-03-27T13:20:41.206+00:00,2026-03-27T14:09:53.616+00:00,True,e40yx52dkbjpcqazimno9yvh4k
,,,,,,3c0942c2-6b47-494a-849e-149693332cf1,,,,,,,,,,,,,0,2026-03-27T13:39:30.482+00:00,2026-03-27T14:09:53.616+00:00,True,e40yx52dkbjpcqazimno9yvh4k
,,,,,,3df65526-86e8-4b80-aa74-8cb5cc8d868c,,,,,,,,,,,,,0,2026-03-27T13:27:20.292+00:00,2026-03-27T14:09:53.616+00:00,True,e40yx52dkbjpcqazimno9yvh4k
,,,,,,3ea615c8-11b9-449f-be03-82c8e40987fb,,,,,,,,,,,,,0,2026-03-27T13:24:17.687+00:00,2026-03-27T14:09:53.616+00:00,True,e40yx52dkbjpcqazimno9yvh4k
,,,,,,3fc86fe2-3544-4c35-a671-8805108b4f34,,,,,,,,,,,,,0,2026-03-27T13:19:11.813+00:00,2026-03-27T14:09:53.616+00:00,True,e40yx52dkbjpcqazimno9yvh4k
,,,,,,40614efd-2231-418c-a7d3-1b80f0977d74,,,,,,,,,,,,,0,2026-03-27T13:19:11.788+00:00,2026-03-27T14:09:53.616+00:00,True,e40yx52dkbjpcqazimno9yvh4k
,,,,,,40755a61-c2f9-41b3-9b99-4ad1aa7ee11d,,,,,,,,,,,,,0,2026-03-27T13:38:29.594+00:00,2026-03-27T14:09:53.616+00:00,True,e40yx52dkbjpcqazimno9yvh4k
,,,,,,40c39518-3c78-404f-9152-ee8d1fa90af7,,,,,,,,,,,,,0,2026-03-27T13:25:44.659+00:00,2026-03-27T14:09:53.616+00:00,True,e40yx52dkbjpcqazimno9yvh4k
,,,,,,4130cb1b-e66c-445c-8b69-54ca9477da33,,,,,,,,,,,,,0,2026-03-27T13:19:11.896+00:00,2026-03-27T14:09:53.616+00:00,True,e40yx52dkbjpcqazimno9yvh4k
,,,,,,422c3b0f-2f88-4419-9de9-0f90a7376a10,,,,,,,,,,,,,0,2026-03-27T13:23:44.060+00:00,2026-03-27T14:09:53.616+00:00,True,e40yx52dkbjpcqazimno9yvh4k
,,,,,,42e3095c-f6e4-4bc7-958d-0d1be382cc6e,,,,,,,,,,,,,0,2026-03-27T13:36:28.392+00:00,2026-03-27T14:09:53.616+00:00,True,e40yx52dkbjpcqazimno9yvh4k
,,,,,,4539f855-e8dc-475e-9eea-fc5070dc34c6,,,,,,,,,,,,,0,2026-03-27T13:25:44.628+00:00,2026-03-27T14:09:53.616+00:00,True,e40yx52dkbjpcqazimno9yvh4k
,,,,,,4590b615-5b15-44e2-ac42-07af27a3e0cc,,,,,,,,,,,,,0,2026-03-27T13:38:29.933+00:00,2026-03-27T14:09:53.616+00:00,True,e40yx52dkbjpcqazimno9yvh4k
,,,,,,462a532b-0172-47cb-bde3-b670c7c3ce0c,,,,,,,,,,,,,0,2026-03-27T13:20:13.453+00:00,2026-03-27T14:09:53.616+00:00,True,e40yx52dkbjpcqazimno9yvh4k
,,,,,,483ee1fc-e337-4412-ab30-b3f2b8529f2f,,,,,,,,,,,,,0,2026-03-27T13:23:17.116+00:00,2026-03-27T14:09:53.616+00:00,True,e40yx52dkbjpcqazimno9yvh4k
,,,,,,48b821b3-7bbe-480b-b123-06eba42746c0,,,,,,,,,,,,,0,2026-03-27T13:28:21.844+00:00,2026-03-27T14:09:53.616+00:00,True,e40yx52dkbjpcqazimno9yvh4k
,,,,,,4906e0a2-52d0-4ad8-ad43-91847671164d,,,,,,,,,,,,,0,2026-03-27T13:39:56.845+00:00,2026-03-27T14:09:53.616+00:00,True,e40yx52dkbjpcqazimno9yvh4k
,,,,,,494b02ac-dd94-4bae-9dd9-f8c4ca64a06e,,,,,,,,,,,,,0,2026-03-27T13:27:23.273+00:00,2026-03-27T14:09:53.616+00:00,True,e40yx52dkbjpcqazimno9yvh4k
,,,,,,499053a0-8361-4194-ba14-5216dc03213f,,,,,,,,,,,,,0,2026-03-27T13:22:16.829+00:00,2026-03-27T14:09:53.616+00:00,True,e40yx52dkbjpcqazimno9yvh4k
,,,,,,4a89c962-88b6-49f6-b894-b8de1e48c726,,,,,,,,,,,,,0,2026-03-27T13:21:41.344+00:00,2026-03-27T14:09:53.616+00:00,True,e40yx52dkbjpcqazimno9yvh4k
,,,,,,4cb18cd3-afca-4d0f-bd9f-a87fc85a7575,,,,,,,,,,,,,0,2026-03-27T13:35:27.772+00:00,2026-03-27T14:09:53.616+00:00,True,e40yx52dkbjpcqazimno9yvh4k
,,,,,,4cd342fb-c206-4a3d-9626-8878ec51c6c4,,,,,,,,,,,,,0,2026-03-27T13:20:13.432+00:00,2026-03-27T14:09:53.616+00:00,True,e40yx52dkbjpcqazimno9yvh4k
,,,,,,4d59255f-796e-4682-b864-2f0cfebd73d9,,,,,,,,,,,,,0,2026-03-27T13:20:13.396+00:00,2026-03-27T14:09:53.616+00:00,True,e40yx52dkbjpcqazimno9yvh4k
,,,,,,4fe52bd1-bed7-4e27-ab13-6a7b264e3f5a,,,,,,,,,,,,,0,2026-03-27T13:22:42.305+00:00,2026-03-27T14:09:53.616+00:00,True,e40yx52dkbjpcqazimno9yvh4k
,,,,,,507fe1b5-6705-43ba-960b-174220566682,,,,,,,,,,,,,0,2026-03-27T13:22:42.494+00:00,2026-03-27T14:09:53.616+00:00,True,e40yx52dkbjpcqazimno9yvh4k
,,,,,,51ad459c-efad-477d-a6ca-ae0fcc0f023d,,,,,,,,,,,,,0,2026-03-27T13:24:44.455+00:00,2026-03-27T14:09:53.616+00:00,True,e40yx52dkbjpcqazimno9yvh4k
,,,,,,535e13a2-17f6-4f03-994f-5ce1965843f9,,,,,,,,,,,,,0,2026-03-27T13:20:13.332+00:00,2026-03-27T14:09:53.616+00:00,True,e40yx52dkbjpcqazimno9yvh4k
,,,,,,535e61a9-d055-4f2e-988f-16b89d8fefd7,,,,,,,,,,,,,0,2026-03-27T13:20:13.351+00:00,2026-03-27T14:09:53.616+00:00,True,e40yx52dkbjpcqazimno9yvh4k
,,,,,,54bf02e8-b545-44f2-b7af-3cef2cffeae7,,,,,,,,,,,,,0,2026-03-27T13:18:38.554+00:00,2026-03-27T14:09:53.616+00:00,True,e40yx52dkbjpcqazimno9yvh4k
,,,,,,55190e8e-9aed-433f-a958-264d79d02b01,,,,,,,,,,,,,0,2026-03-27T13:25:17.800+00:00,2026-03-27T14:09:53.616+00:00,True,e40yx52dkbjpcqazimno9yvh4k
,,,,,,554aabc4-54d4-4ac9-82e1-288e03e7dc9e,,,,,,,,,,,,,0,2026-03-27T13:39:56.983+00:00,2026-03-27T14:09:53.616+00:00,True,e40yx52dkbjpcqazimno9yvh4k
,,,,,,5588d4de-66ca-4bd3-92f3-d7ce86556c5b,,,,,,,,,,,,,0,2026-03-27T13:21:14.706+00:00,2026-03-27T14:09:53.616+00:00,True,e40yx52dkbjpcqazimno9yvh4k
,,,,,,56e7ce85-bf86-4e61-b629-149e94bd6b8d,,,,,,,,,,,,,0,2026-03-27T13:21:14.639+00:00,2026-03-27T14:09:53.616+00:00,True,e40yx52dkbjpcqazimno9yvh4k
,,,,,,575cc8e0-aa0f-43be-8abc-37d4da409061,,,,,,,,,,,,,0,2026-03-27T13:38:56.575+00:00,2026-03-27T14:09:53.616+00:00,True,e40yx52dkbjpcqazimno9yvh4k
,,,,,,5768ac85-6d8f-40fd-928c-3fe97f9b716f,,,,,,,,,,,,,0,2026-03-27T13:38:29.657+00:00,2026-03-27T14:09:53.616+00:00,True,e40yx52dkbjpcqazimno9yvh4k
,,,,,,595908f7-335c-4d2e-89f5-ab3d92d30019,,,,,,,,,,,,,0,2026-03-27T13:21:14.616+00:00,2026-03-27T14:09:53.616+00:00,True,e40yx52dkbjpcqazimno9yvh4k
,,,,,,596e4051-6a37-41b2-88dc-c4650aeba707,,,,,,,,,,,,,0,2026-03-27T13:38:29.829+00:00,2026-03-27T14:09:53.616+00:00,True,e40yx52dkbjpcqazimno9yvh4k
,,,,,,59a619c4-1d18-4f34-9d66-52cb94a2e11a,,,,,,,,,,,,,0,2026-03-27T13:20:41.165+00:00,2026-03-27T14:09:53.616+00:00,True,e40yx52dkbjpcqazimno9yvh4k
,,,,,,59da211a-8d72-4200-9f7e-626b64ebdc5f,,,,,,,,,,,,,0,2026-03-27T13:20:41.112+00:00,2026-03-27T14:09:53.616+00:00,True,e40yx52dkbjpcqazimno9yvh4k
,,,,,,5bd64508-7ef5-4e60-b7cf-81e7041c3979,,,,,,,,,,,,,0,2026-03-27T13:36:30.416+00:00,2026-03-27T14:09:53.616+00:00,True,e40yx52dkbjpcqazimno9yvh4k
,,,,,,5bfffdc3-ef4c-4bbc-9b6b-9ae01a0aaff9,,,,,,,,,,,,,0,2026-03-27T13:19:11.762+00:00,2026-03-27T14:09:53.616+00:00,True,e40yx52dkbjpcqazimno9yvh4k
,,,,,,5c67da82-def0-4ac7-8d8f-700454282c00,,,,,,,,,,,,,0,2026-03-27T13:23:44.028+00:00,2026-03-27T14:09:53.616+00:00,True,e40yx52dkbjpcqazimno9yvh4k
,,,,,,5c77bb98-bb42-4a4b-bca1-1e4a478c1496,,,,,,,,,,,,,0,2026-03-27T13:36:56.368+00:00,2026-03-27T14:09:53.616+00:00,True,e40yx52dkbjpcqazimno9yvh4k
,,,,,,5e18016e-97bf-4e29-8d5a-395372d4fec0,,,,,,,,,,,,,0,2026-03-27T13:24:44.550+00:00,2026-03-27T14:09:53.616+00:00,True,e40yx52dkbjpcqazimno9yvh4k
,,,,,,5e513017-62bd-47f7-8af5-6e0eea4b44ef,,,,,,,,,,,,,0,2026-03-27T13:39:30.528+00:00,2026-03-27T14:09:53.616+00:00,True,e40yx52dkbjpcqazimno9yvh4k
,,,,,,5f815503-c6f5-457c-8ca7-7dbd480fe415,,,,,,,,,,,,,0,2026-03-27T13:25:44.613+00:00,2026-03-27T14:09:53.616+00:00,True,e40yx52dkbjpcqazimno9yvh4k
,,,,,,60c69320-8f1a-4949-b5b4-59a25fc1a748,,,,,,,,,,,,,0,2026-03-27T13:38:29.696+00:00,2026-03-27T14:09:53.616+00:00,True,e40yx52dkbjpcqazimno9yvh4k
,,,,,,61baf6fe-04b9-4a23-9349-af75bad5f146,,,,,,,,,,,,,0,2026-03-27T13:21:41.303+00:00,2026-03-27T14:09:53.616+00:00,True,e40yx52dkbjpcqazimno9yvh4k
,,,,,,634714f1-6bf6-4f7b-b571-bcc752d18738,,,,,,,,,,,,,0,2026-03-27T13:26:19.331+00:00,2026-03-27T14:09:53.616+00:00,True,e40yx52dkbjpcqazimno9yvh4k
,,,,,,63cf59c3-7441-47cb-be71-3cb2b48ab8bc,,,,,,,,,,,,,0,2026-03-27T13:19:12.095+00:00,2026-03-27T14:09:53.616+00:00,True,e40yx52dkbjpcqazimno9yvh4k
,,,,,,646be4ae-afd6-4d8b-b33d-25596308c9d0,,,,,,,,,,,,,0,2026-03-27T13:21:14.722+00:00,2026-03-27T14:09:53.616+00:00,True,e40yx52dkbjpcqazimno9yvh4k
,,,,,,6615e124-2472-4a0d-bcfb-91e66a873df6,,,,,,,,,,,,,0,2026-03-27T13:28:24.316+00:00,2026-03-27T14:09:53.616+00:00,True,e40yx52dkbjpcqazimno9yvh4k
,,,,,,66b179f2-1df0-4a31-98fd-8aad90e3ac72,,,,,,,,,,,,,0,2026-03-27T13:20:13.286+00:00,2026-03-27T14:09:53.616+00:00,True,e40yx52dkbjpcqazimno9yvh4k
,,,,,,6747a797-72f0-42b9-9108-2bafa9d22950,,,,,,,,,,,,,0,2026-03-27T13:39:30.255+00:00,2026-03-27T14:09:53.616+00:00,True,e40yx52dkbjpcqazimno9yvh4k
,,,,,,698c812a-7b5c-42dd-8b58-4f376f12816f,,,,,,,,,,,,,0,2026-03-27T13:18:38.514+00:00,2026-03-27T14:09:53.616+00:00,True,e40yx52dkbjpcqazimno9yvh4k
,,,,,,6a95f4e6-a0a6-44a2-aa4b-c664c3906eff,,,,,,,,,,,,,0,2026-03-27T13:39:56.777+00:00,2026-03-27T14:09:53.616+00:00,True,e40yx52dkbjpcqazimno9yvh4k
,,,,,,6ab7ce03-1c99-4fa0-9cdd-0ade042c152f,,,,,,,,,,,,,0,2026-03-27T13:39:56.742+00:00,2026-03-27T14:09:53.616+00:00,True,e40yx52dkbjpcqazimno9yvh4k
,,,,,,6bb55ad7-da72-42e8-bde6-7d2d0bd81e76,,,,,,,,,,,,,0,2026-03-27T13:21:41.326+00:00,2026-03-27T14:09:53.616+00:00,True,e40yx52dkbjpcqazimno9yvh4k
,,,,,,6f38027c-7d0f-459f-a38f-e7ac28fe8bef,,,,,,,,,,,,,0,2026-03-27T13:35:27.789+00:00,2026-03-27T14:09:53.616+00:00,True,e40yx52dkbjpcqazimno9yvh4k
,,,,,,7019cd8e-dce7-40c4-a073-b71764996868,,,,,,,,,,,,,0,2026-03-27T13:35:27.851+00:00,2026-03-27T14:09:53.616+00:00,True,e40yx52dkbjpcqazimno9yvh4k
,,,,,,70d9f830-4248-4cad-9730-ce4a7ab8edc7,,,,,,,,,,,,,0,2026-03-27T13:38:56.623+00:00,2026-03-27T14:09:53.616+00:00,True,e40yx52dkbjpcqazimno9yvh4k
,,,,,,71f2150c-cda1-4a4e-9a18-e1160314c37f,,,,,,,,,,,,,0,2026-03-27T13:24:17.612+00:00,2026-03-27T14:09:53.616+00:00,True,e40yx52dkbjpcqazimno9yvh4k
,,,,,,736802d2-4cd5-4259-8bae-366ddce3c768,,,,,,,,,,,,,0,2026-03-27T13:23:43.994+00:00,2026-03-27T14:09:53.616+00:00,True,e40yx52dkbjpcqazimno9yvh4k
,,,,,,740f95e8-496e-480d-b513-d21d4b796d73,,,,,,,,,,,,,0,2026-03-27T13:22:42.392+00:00,2026-03-27T14:09:53.616+00:00,True,e40yx52dkbjpcqazimno9yvh4k
,,,,,,7489ae31-0ff9-4d82-9be9-a9ee189d4725,,,,,,,,,,,,,0,2026-03-27T13:26:21.968+00:00,2026-03-27T14:09:53.616+00:00,True,e40yx52dkbjpcqazimno9yvh4k
,,,,,,74cb796b-1663-4d40-8ef9-06ce7bab43ff,,,,,,,,,,,,,0,2026-03-27T13:39:56.757+00:00,2026-03-27T14:09:53.616+00:00,True,e40yx52dkbjpcqazimno9yvh4k
,,,,,,75dfd840-38ac-40f4-b866-9f3f2e584c35,,,,,,,,,,,,,0,2026-03-27T13:39:30.150+00:00,2026-03-27T14:09:53.616+00:00,True,e40yx52dkbjpcqazimno9yvh4k
,,,,,,76b832ea-99f9-4fda-9332-c843355e910a,,,,,,,,,,,,,0,2026-03-27T13:39:56.948+00:00,2026-03-27T14:09:53.616+00:00,True,e40yx52dkbjpcqazimno9yvh4k
,,,,,,76f80393-b508-45ad-9cad-6cfdfd06813b,,,,,,,,,,,,,0,2026-03-27T13:27:20.386+00:00,2026-03-27T14:09:53.616+00:00,True,e40yx52dkbjpcqazimno9yvh4k
,,,,,,78c250c4-8241-4a08-a228-1a6383c3cf20,,,,,,,,,,,,,0,2026-03-27T13:27:46.128+00:00,2026-03-27T14:09:53.616+00:00,True,e40yx52dkbjpcqazimno9yvh4k
,,,,,,7944f862-bd4b-4e07-859f-7fed449f3842,,,,,,,,,,,,,0,2026-03-27T13:24:17.715+00:00,2026-03-27T14:09:53.616+00:00,True,e40yx52dkbjpcqazimno9yvh4k
,,,,,,7d1bcff3-ede9-4be3-904b-526e69e31c15,,,,,,,,,,,,,0,2026-03-27T13:27:20.324+00:00,2026-03-27T14:09:53.616+00:00,True,e40yx52dkbjpcqazimno9yvh4k
,,,,,,7d4bf8ea-ab25-474c-99ad-4f1054164324,,,,,,,,,,,,,0,2026-03-27T13:21:14.557+00:00,2026-03-27T14:09:53.616+00:00,True,e40yx52dkbjpcqazimno9yvh4k
,,,,,,7f5aed4b-e86e-40d5-aeb5-8bdf7fab9af7,,,,,,,,,,,,,0,2026-03-27T13:20:13.375+00:00,2026-03-27T14:09:53.616+00:00,True,e40yx52dkbjpcqazimno9yvh4k
,,,,,,7f66ee3f-dcfe-4c24-b5eb-55c4525ad383,,,,,,,,,,,,,0,2026-03-27T13:21:14.739+00:00,2026-03-27T14:09:53.616+00:00,True,e40yx52dkbjpcqazimno9yvh4k
,,,,,,80462b39-4541-4134-84c9-5ccf0f5c46df,,,,,,,,,,,,,0,2026-03-27T13:23:44.044+00:00,2026-03-27T14:09:53.616+00:00,True,e40yx52dkbjpcqazimno9yvh4k
,,,,,,81037e86-538f-4d89-9aae-de6e83f00b47,,,,,,,,,,,,,0,2026-03-27T13:19:39.528+00:00,2026-03-27T14:09:53.616+00:00,True,e40yx52dkbjpcqazimno9yvh4k
,,,,,,81974d61-63c1-49d2-aaea-2e5beb474299,,,,,,,,,,,,,0,2026-03-27T13:39:30.232+00:00,2026-03-27T14:09:53.616+00:00,True,e40yx52dkbjpcqazimno9yvh4k
,,,,,,81a93769-6db9-4c89-bd6f-b8c58ba0fc74,,,,,,,,,,,,,0,2026-03-27T13:24:17.660+00:00,2026-03-27T14:09:53.616+00:00,True,e40yx52dkbjpcqazimno9yvh4k
,,,,,,824253d7-689a-4200-84b3-9f40d5197397,,,,,,,,,,,,,0,2026-03-27T13:26:45.404+00:00,2026-03-27T14:09:53.616+00:00,True,e40yx52dkbjpcqazimno9yvh4k
,,,,,,82dbd897-5f8d-4218-ab32-94520597745d,,,,,,,,,,,,,0,2026-03-27T13:28:47.299+00:00,2026-03-27T14:09:53.616+00:00,True,e40yx52dkbjpcqazimno9yvh4k
,,,,,,8309a46b-3666-422d-9d24-eae44230b66a,,,,,,,,,,,,,0,2026-03-27T13:39:30.451+00:00,2026-03-27T14:09:53.616+00:00,True,e40yx52dkbjpcqazimno9yvh4k
,,,,,,83cb0d37-b3ab-43c5-b446-267832063c91,,,,,,,,,,,,,0,2026-03-27T13:28:21.907+00:00,2026-03-27T14:09:53.616+00:00,True,e40yx52dkbjpcqazimno9yvh4k
,,,,,,841b6d92-3019-45bc-834c-845c13486de6,,,,,,,,,,,,,0,2026-03-27T13:39:30.335+00:00,2026-03-27T14:09:53.616+00:00,True,e40yx52dkbjpcqazimno9yvh4k
,,,,,,8548f22a-d9ac-471b-acb7-361b5881139d,,,,,,,,,,,,,0,2026-03-27T13:25:44.566+00:00,2026-03-27T14:09:53.616+00:00,True,e40yx52dkbjpcqazimno9yvh4k
,,,,,,89fc025a-045e-4127-83a3-cf6cf6567d4a,,,,,,,,,,,,,0,2026-03-27T13:25:44.674+00:00,2026-03-27T14:09:53.616+00:00,True,e40yx52dkbjpcqazimno9yvh4k
,,,,,,8a9c9946-72ca-4ce3-9915-6493d104effd,,,,,,,,,,,,,0,2026-03-27T13:35:27.909+00:00,2026-03-27T14:09:53.616+00:00,True,e40yx52dkbjpcqazimno9yvh4k
,,,,,,8b7c06fc-452b-43b4-ae27-1b61605127dc,,,,,,,,,,,,,0,2026-03-27T13:24:44.470+00:00,2026-03-27T14:09:53.616+00:00,True,e40yx52dkbjpcqazimno9yvh4k
,,,,,,8bf4f978-a7c3-4685-8051-9e2a4d1daa6e,,,,,,,,,,,,,0,2026-03-27T13:20:13.412+00:00,2026-03-27T14:09:53.616+00:00,True,e40yx52dkbjpcqazimno9yvh4k
,,,,,,8c7d175d-8772-4834-934c-0ef26974cade,,,,,,,,,,,,,0,2026-03-27T13:24:44.567+00:00,2026-03-27T14:09:53.616+00:00,True,e40yx52dkbjpcqazimno9yvh4k
,,,,,,8fba4b39-2163-444e-9512-ec5792ac1ffd,,,,,,,,,,,,,0,2026-03-27T13:39:56.793+00:00,2026-03-27T14:09:53.616+00:00,True,e40yx52dkbjpcqazimno9yvh4k
,,,,,,8fba9b59-124a-4114-94d7-521871580642,,,,,,,,,,,,,0,2026-03-27T13:39:56.999+00:00,2026-03-27T14:09:53.616+00:00,True,e40yx52dkbjpcqazimno9yvh4k
,,,,,,8febd6fc-ae58-444e-9228-31564d8f84f4,,,,,,,,,,,,,0,2026-03-27T13:21:14.689+00:00,2026-03-27T14:09:53.616+00:00,True,e40yx52dkbjpcqazimno9yvh4k
,,,,,,9192e63d-e584-47a1-9799-d0639eda4055,,,,,,,,,,,,,0,2026-03-27T13:38:30.058+00:00,2026-03-27T14:09:53.616+00:00,True,e40yx52dkbjpcqazimno9yvh4k
,,,,,,923fa506-ec91-4755-bad5-2c5a8d339d81,,,,,,,,,,,,,0,2026-03-27T13:23:43.874+00:00,2026-03-27T14:09:53.616+00:00,True,e40yx52dkbjpcqazimno9yvh4k
,,,,,,9282d42c-d60a-481b-b854-8159e683bfb3,,,,,,,,,,,,,0,2026-03-27T13:39:30.294+00:00,2026-03-27T14:09:53.616+00:00,True,e40yx52dkbjpcqazimno9yvh4k
,,,,,,96708f13-955f-45a8-9d7f-a1844cd12a4f,,,,,,,,,,,,,0,2026-03-27T13:22:42.447+00:00,2026-03-27T14:09:53.616+00:00,True,e40yx52dkbjpcqazimno9yvh4k
,,,,,,975559ed-e668-4dd1-862e-af5d0c8bc892,,,,,,,,,,,,,0,2026-03-27T13:38:29.542+00:00,2026-03-27T14:09:53.616+00:00,True,e40yx52dkbjpcqazimno9yvh4k
,,,,,,98034844-b6e4-4dbe-8eab-983635573ed2,,,,,,,,,,,,,0,2026-03-27T13:27:20.356+00:00,2026-03-27T14:09:53.616+00:00,True,e40yx52dkbjpcqazimno9yvh4k
,,,,,,983edd1f-d825-43ef-8c1c-e26d8b634c63,,,,,,,,,,,,,0,2026-03-27T13:38:56.814+00:00,2026-03-27T14:09:53.616+00:00,True,e40yx52dkbjpcqazimno9yvh4k
,,,,,,9c42ba9e-788e-4fa9-a25b-8a39791cab0d,,,,,,,,,,,,,0,2026-03-27T13:39:30.114+00:00,2026-03-27T14:09:53.616+00:00,True,e40yx52dkbjpcqazimno9yvh4k
,,,,,,9d2c4a75-18f6-42c0-b00a-ee75968986a2,,,,,,,,,,,,,0,2026-03-27T13:35:27.816+00:00,2026-03-27T14:09:53.616+00:00,True,e40yx52dkbjpcqazimno9yvh4k
,,,,,,9d38c491-dc85-4d23-800f-f71f15319900,,,,,,,,,,,,,0,2026-03-27T13:36:56.291+00:00,2026-03-27T14:09:53.616+00:00,True,e40yx52dkbjpcqazimno9yvh4k
,,,,,,9d6ec5f3-e892-4fad-9980-dd008d91e627,,,,,,,,,,,,,0,2026-03-27T13:23:43.826+00:00,2026-03-27T14:09:53.616+00:00,True,e40yx52dkbjpcqazimno9yvh4k
,,,,,,9dfc6aa0-acfb-4855-a6a9-bd3d970a2cc1,,,,,,,,,,,,,0,2026-03-27T13:28:47.340+00:00,2026-03-27T14:09:53.616+00:00,True,e40yx52dkbjpcqazimno9yvh4k
,,,,,,9e1e7c7b-cc82-41b3-96a1-1dde26eaad74,,,,,,,,,,,,,0,2026-03-27T13:38:56.498+00:00,2026-03-27T14:09:53.616+00:00,True,e40yx52dkbjpcqazimno9yvh4k
,,,,,,9f1244d3-8d28-40d1-b3d1-73d35b30377b,,,,,,,,,,,,,0,2026-03-27T13:26:45.388+00:00,2026-03-27T14:09:53.616+00:00,True,e40yx52dkbjpcqazimno9yvh4k
,,,,,,9fca70f9-3048-4d8c-8f1d-e9e2a0153208,,,,,,,,,,,,,0,2026-03-27T13:38:56.860+00:00,2026-03-27T14:09:53.616+00:00,True,e40yx52dkbjpcqazimno9yvh4k
,,,,,,a2ba69af-47dd-44a2-bac6-f75b154c7d30,,,,,,,,,,,,,0,2026-03-27T13:19:39.495+00:00,2026-03-27T14:09:53.616+00:00,True,e40yx52dkbjpcqazimno9yvh4k
,,,,,,a38b3f42-1c63-4f87-a802-12ac58031b05,,,,,,,,,,,,,0,2026-03-27T13:22:42.477+00:00,2026-03-27T14:09:53.616+00:00,True,e40yx52dkbjpcqazimno9yvh4k
,,,,,,a404872c-2566-4f0e-b413-bcdfd7022c91,,,,,,,,,,,,,0,2026-03-27T13:19:11.930+00:00,2026-03-27T14:09:53.616+00:00,True,e40yx52dkbjpcqazimno9yvh4k
,,,,,,a513ed47-cf5b-48e2-af94-9e26ce1dd7a6,,,,,,,,,,,,,0,2026-03-27T13:36:56.307+00:00,2026-03-27T14:09:53.616+00:00,True,e40yx52dkbjpcqazimno9yvh4k
,,,,,,a5586e97-c7d1-4a9d-89a0-4baef9ac13df,,,,,,,,,,,,,0,2026-03-27T13:28:47.283+00:00,2026-03-27T14:09:53.616+00:00,True,e40yx52dkbjpcqazimno9yvh4k
,,,,,,a5a1ce87-f4f8-417f-abd9-3841f96effe1,,,,,,,,,,,,,0,2026-03-27T13:23:17.067+00:00,2026-03-27T14:09:53.616+00:00,True,e40yx52dkbjpcqazimno9yvh4k
,,,,,,a6b0762f-28ba-45cf-9bb3-380820fc1e24,,,,,,,,,,,,,0,2026-03-27T13:22:17.069+00:00,2026-03-27T14:09:53.616+00:00,True,e40yx52dkbjpcqazimno9yvh4k
,,,,,,a75ccb8f-632f-434a-b2e4-ccaa99a5e9bb,,,,,,,,,,,,,0,2026-03-27T13:22:16.867+00:00,2026-03-27T14:09:53.616+00:00,True,e40yx52dkbjpcqazimno9yvh4k
,,,,,,a81810bc-2125-4646-aa64-a5450ccb7187,,,,,,,,,,,,,0,2026-03-27T13:24:44.439+00:00,2026-03-27T14:09:53.616+00:00,True,e40yx52dkbjpcqazimno9yvh4k
,,,,,,a8b2a29b-1e7e-4fe1-bca1-f047cb851c45,,,,,,,,,,,,,0,2026-03-27T13:38:29.864+00:00,2026-03-27T14:09:53.616+00:00,True,e40yx52dkbjpcqazimno9yvh4k
,,,,,,a908646c-0534-4a63-9715-abbf26aa0710,,,,,,,,,,,,,0,2026-03-27T13:22:17.029+00:00,2026-03-27T14:09:53.616+00:00,True,e40yx52dkbjpcqazimno9yvh4k
,,,,,,a9c6e11a-6f2d-4435-b711-cd3afe4f1c72,,,,,,,,,,,,,0,2026-03-27T13:26:45.546+00:00,2026-03-27T14:09:53.616+00:00,True,e40yx52dkbjpcqazimno9yvh4k
,,,,,,a9d22175-3b00-4058-ac07-01be6370e3b2,,,,,,,,,,,,,0,2026-03-27T13:18:38.440+00:00,2026-03-27T14:09:53.616+00:00,True,e40yx52dkbjpcqazimno9yvh4k
,,,,,,aaff0bba-5c31-4e4e-ac85-a3fd1e6470d7,,,,,,,,,,,,,0,2026-03-27T13:24:44.501+00:00,2026-03-27T14:09:53.616+00:00,True,e40yx52dkbjpcqazimno9yvh4k
,,,,,,ab7bce98-9be3-446a-a684-9a81d5e51023,,,,,,,,,,,,,0,2026-03-27T13:20:13.306+00:00,2026-03-27T14:09:53.616+00:00,True,e40yx52dkbjpcqazimno9yvh4k
,,,,,,ae6ebcd8-add7-4550-99c3-54eaa2b6d649,,,,,,,,,,,,,0,2026-03-27T13:38:29.723+00:00,2026-03-27T14:09:53.616+00:00,True,e40yx52dkbjpcqazimno9yvh4k
,,,,,,ae7badb4-9418-416a-bc99-49b38f904f69,,,,,,,,,,,,,0,2026-03-27T13:26:19.284+00:00,2026-03-27T14:09:53.616+00:00,True,e40yx52dkbjpcqazimno9yvh4k
,,,,,,af62b5e8-abed-431f-9fdc-9d2b9f83b137,,,,,,,,,,,,,0,2026-03-27T13:22:42.271+00:00,2026-03-27T14:09:53.616+00:00,True,e40yx52dkbjpcqazimno9yvh4k
,,,,,,b046b945-0f4c-480e-b5fd-307d4433b6ee,,,,,,,,,,,,,0,2026-03-27T13:22:16.794+00:00,2026-03-27T14:09:53.616+00:00,True,e40yx52dkbjpcqazimno9yvh4k
,,,,,,b0af37cb-57a9-43f0-9aab-a151b2425fb2,,,,,,,,,,,,,0,2026-03-27T13:39:30.511+00:00,2026-03-27T14:09:53.616+00:00,True,e40yx52dkbjpcqazimno9yvh4k
,,,,,,b32d9d8b-d3a0-4f72-9688-12337d4b9826,,,,,,,,,,,,,0,2026-03-27T13:25:17.864+00:00,2026-03-27T14:09:53.616+00:00,True,e40yx52dkbjpcqazimno9yvh4k
,,,,,,b475586e-f567-4400-adab-b14cefdc311a,,,,,,,,,,,,,0,2026-03-27T13:25:44.689+00:00,2026-03-27T14:09:53.616+00:00,True,e40yx52dkbjpcqazimno9yvh4k
,,,,,,b4d5ea42-46c5-4b8c-baaf-29b6d18a25a0,,,,,,,,,,,,,0,2026-03-27T13:39:57.015+00:00,2026-03-27T14:09:53.616+00:00,True,e40yx52dkbjpcqazimno9yvh4k
,,,,,,b8e8a160-146d-4c88-84a2-109ea80f22c8,,,,,,,,,,,,,0,2026-03-27T13:38:56.766+00:00,2026-03-27T14:09:53.616+00:00,True,e40yx52dkbjpcqazimno9yvh4k
,,,,,,b9114f93-6f54-445d-b66b-820cb21ead54,,,,,,,,,,,,,0,2026-03-27T13:27:46.016+00:00,2026-03-27T14:09:53.616+00:00,True,e40yx52dkbjpcqazimno9yvh4k
,,,,,,b935a513-e5c8-4d15-9b31-95cd648698e1,,,,,,,,,,,,,0,2026-03-27T13:24:17.629+00:00,2026-03-27T14:09:53.616+00:00,True,e40yx52dkbjpcqazimno9yvh4k
,,,,,,b9b3517d-3aa0-4b98-8d76-945f4dc4d180,,,,,,,,,,,,,0,2026-03-27T13:23:17.050+00:00,2026-03-27T14:09:53.616+00:00,True,e40yx52dkbjpcqazimno9yvh4k
,,,,,,bc397e7c-7301-4520-abda-c90df450af4e,,,,,,,,,,,,,0,2026-03-27T13:39:56.897+00:00,2026-03-27T14:09:53.616+00:00,True,e40yx52dkbjpcqazimno9yvh4k
,,,,,,bd919e96-198b-4058-be02-f4aa42a639eb,,,,,,,,,,,,,0,2026-03-27T13:39:30.585+00:00,2026-03-27T14:09:53.616+00:00,True,e40yx52dkbjpcqazimno9yvh4k
,,,,,,be2f9e74-5e57-4203-854c-120e36924098,,,,,,,,,,,,,0,2026-03-27T13:38:29.794+00:00,2026-03-27T14:09:53.616+00:00,True,e40yx52dkbjpcqazimno9yvh4k
,,,,,,be8d513c-5c58-4ee9-824e-52bac35da0c7,,,,,,,,,,,,,0,2026-03-27T13:27:20.340+00:00,2026-03-27T14:09:53.616+00:00,True,e40yx52dkbjpcqazimno9yvh4k
,,,,,,bf5bd237-6180-4231-a651-aaa280f4d091,,,,,,,,,,,,,0,2026-03-27T13:22:16.945+00:00,2026-03-27T14:09:53.616+00:00,True,e40yx52dkbjpcqazimno9yvh4k
,,,,,,bfcf4ccf-b4c7-45b0-b637-cbc1b0ebb1ae,,,,,,,,,,,,,0,2026-03-27T13:36:56.337+00:00,2026-03-27T14:09:53.616+00:00,True,e40yx52dkbjpcqazimno9yvh4k
,,,,,,bffb2518-7873-4ab1-b2a7-70ece3f9d799,,,,,,,,,,,,,0,2026-03-27T13:19:12.055+00:00,2026-03-27T14:09:53.616+00:00,True,e40yx52dkbjpcqazimno9yvh4k
,,,,,,c132603d-aa91-4a9d-97b4-1e35a5f664c2,,,,,,,,,,,,,0,2026-03-27T13:25:44.643+00:00,2026-03-27T14:09:53.616+00:00,True,e40yx52dkbjpcqazimno9yvh4k
,,,,,,c20baa32-33a3-4e4a-875f-a17b6d0f51d8,,,,,,,,,,,,,0,2026-03-27T13:25:44.582+00:00,2026-03-27T14:09:53.616+00:00,True,e40yx52dkbjpcqazimno9yvh4k
,,,,,,c31d356a-25ff-4478-8fa0-db4f2d70d206,,,,,,,,,,,,,0,2026-03-27T13:38:29.752+00:00,2026-03-27T14:09:53.616+00:00,True,e40yx52dkbjpcqazimno9yvh4k
,,,,,,c336b9bb-3c2c-4643-914e-9cb25bfb538d,,,,,,,,,,,,,0,2026-03-27T13:27:46.150+00:00,2026-03-27T14:09:53.616+00:00,True,e40yx52dkbjpcqazimno9yvh4k
,,,,,,c4b68691-8b6a-4eda-9457-32cb15732438,,,,,,,,,,,,,0,2026-03-27T13:27:46.112+00:00,2026-03-27T14:09:53.616+00:00,True,e40yx52dkbjpcqazimno9yvh4k
,,,,,,c54e4f96-3e14-4fd6-98c8-4cb1abcc6be4,,,,,,,,,,,,,0,2026-03-27T13:19:39.461+00:00,2026-03-27T14:09:53.616+00:00,True,e40yx52dkbjpcqazimno9yvh4k
,,,,,,c55a0156-ad2f-423f-807c-cbb14fa4b3a9,,,,,,,,,,,,,0,2026-03-27T13:20:41.182+00:00,2026-03-27T14:09:53.616+00:00,True,e40yx52dkbjpcqazimno9yvh4k
,,,,,,c5f567fc-ff77-4dd9-9dc2-cf39620746d4,,,,,,,,,,,,,0,2026-03-27T13:38:56.726+00:00,2026-03-27T14:09:53.616+00:00,True,e40yx52dkbjpcqazimno9yvh4k
,,,,,,c7571ac4-1b89-475f-99e5-e848e1ed8139,,,,,,,,,,,,,0,2026-03-27T13:23:17.100+00:00,2026-03-27T14:09:53.616+00:00,True,e40yx52dkbjpcqazimno9yvh4k
,,,,,,c846e66e-2ba2-4645-935f-62a48fd53508,,,,,,,,,,,,,0,2026-03-27T13:38:29.485+00:00,2026-03-27T14:09:53.616+00:00,True,e40yx52dkbjpcqazimno9yvh4k
,,,,,,cb24a160-0988-4f1d-98e3-4fd376124a94,,,,,,,,,,,,,0,2026-03-27T13:21:14.574+00:00,2026-03-27T14:09:53.616+00:00,True,e40yx52dkbjpcqazimno9yvh4k
,,,,,,cc43f45e-cc99-4cec-839c-ab7ced0c30df,,,,,,,,,,,,,0,2026-03-27T13:38:29.952+00:00,2026-03-27T14:09:53.616+00:00,True,e40yx52dkbjpcqazimno9yvh4k
,,,,,,cc99c410-5314-4112-9d34-93e45378002d,,,,,,,,,,,,,0,2026-03-27T13:18:38.535+00:00,2026-03-27T14:09:53.616+00:00,True,e40yx52dkbjpcqazimno9yvh4k
,,,,,,cfce94fb-e773-4898-9e05-7e3b1b88ee66,,,,,,,,,,,,,0,2026-03-27T13:21:14.592+00:00,2026-03-27T14:09:53.616+00:00,True,e40yx52dkbjpcqazimno9yvh4k
,,,,,,d072355c-a2cb-433a-a92c-e6a2bc027380,,,,,,,,,,,,,0,2026-03-27T13:25:20.419+00:00,2026-03-27T14:09:53.616+00:00,True,e40yx52dkbjpcqazimno9yvh4k
,,,,,,d0737e04-6413-4f70-8b6c-7fbd67ffe01e,,,,,,,,,,,,,0,2026-03-27T13:19:11.726+00:00,2026-03-27T14:09:53.616+00:00,True,e40yx52dkbjpcqazimno9yvh4k
,,,,,,d15f5438-db73-4e3e-8117-47fc057c4a9a,,,,,,,,,,,,,0,2026-03-27T13:28:21.796+00:00,2026-03-27T14:09:53.616+00:00,True,e40yx52dkbjpcqazimno9yvh4k
,,,,,,d431b247-b03a-4565-ae34-287353ebc4f8,,,,,,,,,,,,,0,2026-03-27T13:28:21.891+00:00,2026-03-27T14:09:53.616+00:00,True,e40yx52dkbjpcqazimno9yvh4k
,,,,,,d6b00811-7166-4792-a4ec-de9fe0369307,,,,,,,,,,,,,0,2026-03-27T13:37:29.237+00:00,2026-03-27T14:09:53.616+00:00,True,e40yx52dkbjpcqazimno9yvh4k
,,,,,,d82d7d03-fb06-4a11-8569-e03bf4f32835,,,,,,,,,,,,,0,2026-03-27T13:39:56.811+00:00,2026-03-27T14:09:53.616+00:00,True,e40yx52dkbjpcqazimno9yvh4k
,,,,,,d9c2e002-b2a0-477a-b8d7-be6c6973d523,,,,,,,,,,,,,0,2026-03-27T13:22:42.342+00:00,2026-03-27T14:09:53.616+00:00,True,e40yx52dkbjpcqazimno9yvh4k
,,,,,,da3200e1-560d-41e1-8e2e-0c62f765e405,,,,,,,,,,,,,0,2026-03-27T13:38:29.641+00:00,2026-03-27T14:09:53.616+00:00,True,e40yx52dkbjpcqazimno9yvh4k
,,,,,,daf0df66-96be-4b4f-be23-164b9157a3e6,,,,,,,,,,,,,0,2026-03-27T13:21:14.655+00:00,2026-03-27T14:09:53.616+00:00,True,e40yx52dkbjpcqazimno9yvh4k
,,,,,,db5c5dff-9a7e-4785-b6bc-109baadfc05c,,,,,,,,,,,,,0,2026-03-27T13:24:17.743+00:00,2026-03-27T14:09:53.616+00:00,True,e40yx52dkbjpcqazimno9yvh4k
,,,,,,dba4d6f5-3cfd-44f4-9727-ee183a9ea262,,,,,,,,,,,,,0,2026-03-27T13:39:56.916+00:00,2026-03-27T14:09:53.616+00:00,True,e40yx52dkbjpcqazimno9yvh4k
,,,,,,dbbb6b38-81fc-4405-af55-1fe9ca7578dd,,,,,,,,,,,,,0,2026-03-27T13:39:30.316+00:00,2026-03-27T14:09:53.616+00:00,True,e40yx52dkbjpcqazimno9yvh4k
,,,,,,de0b1fb2-12e2-4db0-b5d3-cb8ef4f53a75,,,,,,,,,,,,,0,2026-03-27T13:19:39.479+00:00,2026-03-27T14:09:53.616+00:00,True,e40yx52dkbjpcqazimno9yvh4k
,,,,,,df99910b-6395-48d9-a3f5-04d3e357899f,,,,,,,,,,,,,0,2026-03-27T13:19:39.427+00:00,2026-03-27T14:09:53.616+00:00,True,e40yx52dkbjpcqazimno9yvh4k
,,,,,,dfbef057-a06d-46db-bd54-655fe781b6bc,,,,,,,,,,,,,0,2026-03-27T13:27:46.065+00:00,2026-03-27T14:09:53.616+00:00,True,e40yx52dkbjpcqazimno9yvh4k
,,,,,,dff8c3f1-0ed1-481b-a780-e706aed8bf01,,,,,,,,,,,,,0,2026-03-27T13:19:11.863+00:00,2026-03-27T14:09:53.616+00:00,True,e40yx52dkbjpcqazimno9yvh4k
,,,,,,e0e274be-57c0-4202-831e-4cb57518764a,,,,,,,,,,,,,0,2026-03-27T13:36:56.275+00:00,2026-03-27T14:09:53.616+00:00,True,e40yx52dkbjpcqazimno9yvh4k
,,,,,,e0f9178d-c7fd-424b-b41b-e91915b29795,,,,,,,,,,,,,0,2026-03-27T13:23:43.930+00:00,2026-03-27T14:09:53.616+00:00,True,e40yx52dkbjpcqazimno9yvh4k
,,,,,,e170cee8-d9ae-4372-b8bf-09fa5c11abf4,,,,,,,,,,,,,0,2026-03-27T13:28:21.860+00:00,2026-03-27T14:09:53.616+00:00,True,e40yx52dkbjpcqazimno9yvh4k
,,,,,,e1a9066f-f296-4a78-8967-59e25c95c574,,,,,,,,,,,,,0,2026-03-27T13:26:19.346+00:00,2026-03-27T14:09:53.616+00:00,True,e40yx52dkbjpcqazimno9yvh4k
,,,,,,e4f07f64-55c9-48de-b13d-5147ab31fd1b,,,,,,,,,,,,,0,2026-03-27T13:38:56.836+00:00,2026-03-27T14:09:53.616+00:00,True,e40yx52dkbjpcqazimno9yvh4k
,,,,,,e5eff9df-f604-4c63-a28e-561ed8fcf375,,,,,,,,,,,,,0,2026-03-27T13:25:17.880+00:00,2026-03-27T14:09:53.616+00:00,True,e40yx52dkbjpcqazimno9yvh4k
,,,,,,e62617d2-8991-4560-9ee1-75d77f4c1cf0,,,,,,,,,,,,,0,2026-03-27T13:24:17.759+00:00,2026-03-27T14:09:53.616+00:00,True,e40yx52dkbjpcqazimno9yvh4k
,,,,,,e62a4d76-0695-4580-b84d-6fbd43a1b4ea,,,,,,,,,,,,,0,2026-03-27T13:39:30.568+00:00,2026-03-27T14:09:53.616+00:00,True,e40yx52dkbjpcqazimno9yvh4k
,,,,,,e6831870-370f-4bb0-b2c9-50e87a06ed58,,,,,,,,,,,,,0,2026-03-27T13:25:17.816+00:00,2026-03-27T14:09:53.616+00:00,True,e40yx52dkbjpcqazimno9yvh4k
,,,,,,e6bd7b45-4881-41b3-b359-acda00bcf848,,,,,,,,,,,,,0,2026-03-27T13:37:29.214+00:00,2026-03-27T14:09:53.616+00:00,True,e40yx52dkbjpcqazimno9yvh4k
,,,,,,e6f79d15-11d3-46ff-b95d-55e1c82d7675,,,,,,,,,,,,,0,2026-03-27T13:27:46.097+00:00,2026-03-27T14:09:53.616+00:00,True,e40yx52dkbjpcqazimno9yvh4k
,,,,,,e7f082da-f4bc-4165-b81b-442aa5a6c0c6,,,,,,,,,,,,,0,2026-03-27T13:38:56.540+00:00,2026-03-27T14:09:53.616+00:00,True,e40yx52dkbjpcqazimno9yvh4k
,,,,,,e8391e8d-fae4-42d1-9459-5a84c313321f,,,,,,,,,,,,,0,2026-03-27T13:38:56.661+00:00,2026-03-27T14:09:53.616+00:00,True,e40yx52dkbjpcqazimno9yvh4k
,,,,,,e957a562-a4dc-41de-923d-0e2a751bcbaf,,,,,,,,,,,,,0,2026-03-27T13:23:44.085+00:00,2026-03-27T14:09:53.616+00:00,True,e40yx52dkbjpcqazimno9yvh4k
,,,,,,e9ecc726-d494-46dd-aadd-4ab59a88e754,,,,,,,,,,,,,0,2026-03-27T13:38:30.033+00:00,2026-03-27T14:09:53.616+00:00,True,e40yx52dkbjpcqazimno9yvh4k
,,,,,,eac055e5-302e-4c03-9875-b4f835039978,,,,,,,,,,,,,0,2026-03-27T13:38:29.519+00:00,2026-03-27T14:09:53.616+00:00,True,e40yx52dkbjpcqazimno9yvh4k
,,,,,,eb3fe37d-ff55-4257-a499-c30e6d2626b4,,,,,,,,,,,,,0,2026-03-27T13:36:28.561+00:00,2026-03-27T14:09:53.616+00:00,True,e40yx52dkbjpcqazimno9yvh4k
,,,,,,eba406f0-6241-47ce-bfad-b8d66a37a375,,,,,,,,,,,,,0,2026-03-27T13:39:56.880+00:00,2026-03-27T14:09:53.616+00:00,True,e40yx52dkbjpcqazimno9yvh4k
,,,,,,efd3a603-72ba-4e57-adc1-4f23cf14d464,,,,,,,,,,,,,0,2026-03-27T13:38:56.888+00:00,2026-03-27T14:09:53.616+00:00,True,e40yx52dkbjpcqazimno9yvh4k
,,,,,,f00e3546-727c-4819-9e21-7b1c93e26c1b,,,,,,,,,,,,,0,2026-03-27T13:20:13.470+00:00,2026-03-27T14:09:53.616+00:00,True,e40yx52dkbjpcqazimno9yvh4k
,,,,,,f038d795-90f1-4da9-bb08-45e1ab9a15a2,,,,,,,,,,,,,0,2026-03-27T13:39:30.422+00:00,2026-03-27T14:09:53.616+00:00,True,e40yx52dkbjpcqazimno9yvh4k
,,,,,,f0fdf35a-3a40-4df8-9618-5b09a50cb368,,,,,,,,,,,,,0,2026-03-27T13:39:56.932+00:00,2026-03-27T14:09:53.616+00:00,True,e40yx52dkbjpcqazimno9yvh4k
,,,,,,f2bcc571-6326-4e3d-b2bb-21d6079d3244,,,,,,,,,,,,,0,2026-03-27T13:28:21.875+00:00,2026-03-27T14:09:53.616+00:00,True,e40yx52dkbjpcqazimno9yvh4k
,,,,,,f3fb8c1c-a566-4d70-a237-d7ba65ac385c,,,,,,,,,,,,,0,2026-03-27T13:35:27.925+00:00,2026-03-27T14:09:53.616+00:00,True,e40yx52dkbjpcqazimno9yvh4k
,,,,,,f4083ef4-6857-4953-bbca-6c672a61bf4a,,,,,,,,,,,,,0,2026-03-27T13:25:17.848+00:00,2026-03-27T14:09:53.616+00:00,True,e40yx52dkbjpcqazimno9yvh4k
,,,,,,f472126f-0ef7-456a-8589-b4bdd238e63b,,,,,,,,,,,,,0,2026-03-27T13:24:17.645+00:00,2026-03-27T14:09:53.616+00:00,True,e40yx52dkbjpcqazimno9yvh4k
,,,,,,f48adf93-d941-4e27-b0bc-a82b848be1f8,,,,,,,,,,,,,0,2026-03-27T13:26:19.376+00:00,2026-03-27T14:09:53.616+00:00,True,e40yx52dkbjpcqazimno9yvh4k
,,,,,,f559ab31-2ad5-4466-848c-89c470ae437d,,,,,,,,,,,,,0,2026-03-27T13:38:56.691+00:00,2026-03-27T14:09:53.616+00:00,True,e40yx52dkbjpcqazimno9yvh4k
,,,,,,f584c1a6-b831-4710-bfb3-cd780d2bb9cc,,,,,,,,,,,,,0,2026-03-27T13:19:11.989+00:00,2026-03-27T14:09:53.616+00:00,True,e40yx52dkbjpcqazimno9yvh4k
,,,,,,f5efeaba-e606-4e82-824e-0d8796146632,,,,,,,,,,,,,0,2026-03-27T13:28:21.812+00:00,2026-03-27T14:09:53.616+00:00,True,e40yx52dkbjpcqazimno9yvh4k
,,,,,,f67638ea-f620-4e14-89dd-f478b7dc4e40,,,,,,,,,,,,,0,2026-03-27T13:18:38.456+00:00,2026-03-27T14:09:53.616+00:00,True,e40yx52dkbjpcqazimno9yvh4k
,,,,,,f69668bd-f9e1-45b5-985b-224a93a62392,,,,,,,,,,,,,0,2026-03-27T13:36:28.443+00:00,2026-03-27T14:09:53.616+00:00,True,e40yx52dkbjpcqazimno9yvh4k
,,,,,,fb703a64-482a-4d5c-821e-20041f1db502,,,,,,,,,,,,,0,2026-03-27T13:27:20.371+00:00,2026-03-27T14:09:53.616+00:00,True,e40yx52dkbjpcqazimno9yvh4k
,,,,,,fbdda7b1-f46c-4450-b324-03cce9acd62a,,,,,,,,,,,,,0,2026-03-27T13:24:44.420+00:00,2026-03-27T14:09:53.616+00:00,True,e40yx52dkbjpcqazimno9yvh4k
,,,,,,fc66aaa0-2d20-4d61-910f-dc50e20f647a,,,,,,,,,,,,,0,2026-03-27T13:24:44.532+00:00,2026-03-27T14:09:53.616+00:00,True,e40yx52dkbjpcqazimno9yvh4k
,,,,,,fd5d2b45-a0ac-46b7-b9e0-9d95389dbdc2,,,,,,,,,,,,,0,2026-03-27T13:36:28.372+00:00,2026-03-27T14:09:53.616+00:00,True,e40yx52dkbjpcqazimno9yvh4k
,,,,,,fdd1b6da-6521-4570-bbc6-fabe89109c81,,,,,,,,,,,,,0,2026-03-27T13:26:19.315+00:00,2026-03-27T14:09:53.616+00:00,True,e40yx52dkbjpcqazimno9yvh4k
,,,,,,fea4e5c2-4e6c-46df-b900-0a10fae3b74b,,,,,,,,,,,,,0,2026-03-27T13:26:19.361+00:00,2026-03-27T14:09:53.616+00:00,True,e40yx52dkbjpcqazimno9yvh4k
,,,,,,fedb40d3-503e-4fdb-9040-21524cf28a22,,,,,,,,,,,,,0,2026-03-27T13:18:38.577+00:00,2026-03-27T14:09:53.616+00:00,True,e40yx52dkbjpcqazimno9yvh4k
,,,,,,ffd24e6d-5207-4403-989d-634b09a86e2c,,,,,,,,,,,,,0,2026-03-27T13:36:28.410+00:00,2026-03-27T14:09:53.616+00:00,True,e40yx52dkbjpcqazimno9yvh4k
2026-03-30T17:40:43.000+00:00,79f09a0f-fbd7-4439-9e1e-d48abe62c98e,This is an Automation Test Template,4abc95cd-cd4a-4e01-aea7-b9639efba548.description,,4abc95cd-cd4a-4e01-aea7-b9639efba548.friendlyName,aa0cff34-954f-48c3-aa48-d637d7c27cc1,,,template_instance_20462_6088317,4abc95cd-cd4a-4e01-aea7-b9639efba548.name,b99df4a4-2bf5-4c08-9483-bd636470bc11,2026-03-30T17:40:44.000+00:00,79f09a0f-fbd7-4439-9e1e-d48abe62c98e,aa0cff34-954f-48c3-aa48-d637d7c27cc1,PUBLISHED,AIGOVERNANCE,2026-03-30T17:40:44.000+00:00,79f09a0f-fbd7-4439-9e1e-d48abe62c98e,1,2026-03-30T17:41:10.264+00:00,2026-03-30T17:42:07.947+00:00,False,e40yx52dkbjpcqazimno9yvh4k
2026-03-27T12:01:18.000+00:00,79f09a0f-fbd7-4439-9e1e-d48abe62c98e,Testing,6898bb38-2ec9-406f-a105-bea48a074bfa.description,,6898bb38-2ec9-406f-a105-bea48a074bfa.friendlyName,6492857c-7f24-4e05-b048-86695ba7207a,,,Template_2539186,6898bb38-2ec9-406f-a105-bea48a074bfa.name,b99df4a4-2bf5-4c08-9483-bd636470bc11,2026-03-27T12:01:27.000+00:00,79f09a0f-fbd7-4439-9e1e-d48abe62c98e,6492857c-7f24-4e05-b048-86695ba7207a,PUBLISHED,PIA,2026-03-27T12:01:27.000+00:00,79f09a0f-fbd7-4439-9e1e-d48abe62c98e,1,2026-03-27T12:01:46.681+00:00,2026-03-27T12:14:06.248+00:00,False,e40yx52dkbjpcqazimno9yvh4k
2026-03-27T12:01:14.000+00:00,79f09a0f-fbd7-4439-9e1e-d48abe62c98e,Testing,307deeac-8bec-4bbd-aefe-d5399601847c.description,,307deeac-8bec-4bbd-aefe-d5399601847c.friendlyName,99ac8472-c854-4991-9330-d1a56606a81b,,,Template_1_2539186,307deeac-8bec-4bbd-aefe-d5399601847c.name,b99df4a4-2bf5-4c08-9483-bd636470bc11,2026-03-27T12:01:17.000+00:00,79f09a0f-fbd7-4439-9e1e-d48abe62c98e,99ac8472-c854-4991-9330-d1a56606a81b,PUBLISHED,PIA,2026-03-27T12:01:17.000+00:00,79f09a0f-fbd7-4439-9e1e-d48abe62c98e,1,2026-03-27T12:01:46.631+00:00,2026-03-27T12:14:06.248+00:00,False,e40yx52dkbjpcqazimno9yvh4k
2026-03-27T06:33:34.000+00:00,79f09a0f-fbd7-4439-9e1e-d48abe62c98e,Testing,306f28f9-b622-406d-8467-274daadf0e75.description,,306f28f9-b622-406d-8467-274daadf0e75.friendlyName,216312b2-09a1-4ea6-ac23-39fb9d6a6199,,,automation_template_TCT_1893345,306f28f9-b622-406d-8467-274daadf0e75.name,b99df4a4-2bf5-4c08-9483-bd636470bc11,2026-03-27T06:33:35.000+00:00,79f09a0f-fbd7-4439-9e1e-d48abe62c98e,216312b2-09a1-4ea6-ac23-39fb9d6a6199,PUBLISHED,PIA,2026-03-27T06:33:35.000+00:00,79f09a0f-fbd7-4439-9e1e-d48abe62c98e,1,2026-03-27T06:34:09.103+00:00,2026-03-27T06:36:37.072+00:00,False,e40yx52dkbjpcqazimno9yvh4k
2026-04-06T06:06:09.000+00:00,79f09a0f-fbd7-4439-9e1e-d48abe62c98e,Testing desc,3ce88ee1-4d8c-439f-a313-903e1716024e.description,,3ce88ee1-4d8c-439f-a313-903e1716024e.friendlyName,c324f93a-0612-442d-83bb-856897268905,,,t_20260406060607-4ed5vj,3ce88ee1-4d8c-439f-a313-903e1716024e.name,b99df4a4-2bf5-4c08-9483-bd636470bc11,2026-04-06T06:06:10.000+00:00,79f09a0f-fbd7-4439-9e1e-d48abe62c98e,c324f93a-0612-442d-83bb-856897268905,PUBLISHED,VENDOR,2026-04-06T06:06:10.000+00:00,79f09a0f-fbd7-4439-9e1e-d48abe62c98e,1,2026-04-06T06:06:26.906+00:00,2026-04-06T06:11:26.335+00:00,False,e40yx52dkbjpcqazimno9yvh4k
2026-04-06T06:06:22.000+00:00,79f09a0f-fbd7-4439-9e1e-d48abe62c98e,Testing desc,982ffd6e-6f25-4a6f-a7d9-3991f51c78e7.description,,982ffd6e-6f25-4a6f-a7d9-3991f51c78e7.friendlyName,eb5de931-30e4-4fd0-a151-52501417e42f,,,t_20260406060620-tsf49h,982ffd6e-6f25-4a6f-a7d9-3991f51c78e7.name,b99df4a4-2bf5-4c08-9483-bd636470bc11,2026-04-06T06:06:24.000+00:00,79f09a0f-fbd7-4439-9e1e-d48abe62c98e,eb5de931-30e4-4fd0-a151-52501417e42f,PUBLISHED,VENDOR,2026-04-06T06:06:24.000+00:00,79f09a0f-fbd7-4439-9e1e-d48abe62c98e,1,2026-04-06T06:06:45.130+00:00,2026-04-06T06:11:26.335+00:00,False,e40yx52dkbjpcqazimno9yvh4k
2026-04-06T06:06:02.000+00:00,79f09a0f-fbd7-4439-9e1e-d48abe62c98e,Testing desc,80b34c6c-acda-4b88-ad74-9c7663505f60.description,,80b34c6c-acda-4b88-ad74-9c7663505f60.friendlyName,ec74ea0b-cf49-433e-a05f-fe2f3ef38d30,,,t_20260406060600-2e7gue,80b34c6c-acda-4b88-ad74-9c7663505f60.name,b99df4a4-2bf5-4c08-9483-bd636470bc11,2026-04-06T06:06:04.000+00:00,79f09a0f-fbd7-4439-9e1e-d48abe62c98e,ec74ea0b-cf49-433e-a05f-fe2f3ef38d30,PUBLISHED,VENDOR,2026-04-06T06:06:04.000+00:00,79f09a0f-fbd7-4439-9e1e-d48abe62c98e,1,2026-04-06T06:06:20.626+00:00,2026-04-06T06:11:26.335+00:00,False,e40yx52dkbjpcqazimno9yvh4k
2026-03-27T08:31:43.000+00:00,79f09a0f-fbd7-4439-9e1e-d48abe62c98e,Testing,ed691ab2-a897-464e-ac56-b2d87d5c74be.description,,ed691ab2-a897-464e-ac56-b2d87d5c74be.friendlyName,bb77613b-a479-4ec1-a7ac-e563c906194b,,,Template_6298552,ed691ab2-a897-464e-ac56-b2d87d5c74be.name,b99df4a4-2bf5-4c08-9483-bd636470bc11,2026-03-27T08:31:44.000+00:00,79f09a0f-fbd7-4439-9e1e-d48abe62c98e,bb77613b-a479-4ec1-a7ac-e563c906194b,PUBLISHED,PIA,2026-03-27T08:31:44.000+00:00,79f09a0f-fbd7-4439-9e1e-d48abe62c98e,1,2026-03-27T08:32:09.855+00:00,2026-03-27T08:33:06.571+00:00,False,e40yx52dkbjpcqazimno9yvh4k
2026-03-30T17:43:13.000+00:00,79f09a0f-fbd7-4439-9e1e-d48abe62c98e,This is an Automation Test Template,8b0a5ef5-feb3-4bc8-b1f1-953db95a951c.description,,8b0a5ef5-feb3-4bc8-b1f1-953db95a951c.friendlyName,00f6ed86-d065-45dd-a9c3-4fb29765a443,,,template_instance_20463_4816085,8b0a5ef5-feb3-4bc8-b1f1-953db95a951c.name,b99df4a4-2bf5-4c08-9483-bd636470bc11,2026-03-30T17:43:13.000+00:00,79f09a0f-fbd7-4439-9e1e-d48abe62c98e,00f6ed86-d065-45dd-a9c3-4fb29765a443,PUBLISHED,AIGOVERNANCE,2026-03-30T17:43:13.000+00:00,79f09a0f-fbd7-4439-9e1e-d48abe62c98e,1,2026-03-30T17:43:37.459+00:00,2026-03-30T17:44:07.378+00:00,False,e40yx52dkbjpcqazimno9yvh4k
2026-03-30T17:42:57.000+00:00,79f09a0f-fbd7-4439-9e1e-d48abe62c98e,This is an Automation Test Template,16ff79d4-43b7-448d-94ab-0a9fb421e6b1.description,,16ff79d4-43b7-448d-94ab-0a9fb421e6b1.friendlyName,18700267-6693-43af-a20c-4c38fdf936ee,,,template_6058689,16ff79d4-43b7-448d-94ab-0a9fb421e6b1.name,b99df4a4-2bf5-4c08-9483-bd636470bc11,2026-03-30T17:42:58.000+00:00,79f09a0f-fbd7-4439-9e1e-d48abe62c98e,18700267-6693-43af-a20c-4c38fdf936ee,PUBLISHED,AIGOVERNANCE,2026-03-30T17:42:58.000+00:00,79f09a0f-fbd7-4439-9e1e-d48abe62c98e,1,2026-03-30T17:43:37.439+00:00,2026-03-30T17:44:07.378+00:00,False,e40yx52dkbjpcqazimno9yvh4k
2026-03-27T08:06:44.000+00:00,79f09a0f-fbd7-4439-9e1e-d48abe62c98e,This is an Automation Test Template,b09d0a2e-eb05-4d9a-8671-45e5c71daec1.description,,b09d0a2e-eb05-4d9a-8671-45e5c71daec1.friendlyName,43d6c1c9-d31a-4338-a779-fb29a5ce1295,,,A_template_instance_105_7941352,b09d0a2e-eb05-4d9a-8671-45e5c71daec1.name,b99df4a4-2bf5-4c08-9483-bd636470bc11,2026-03-27T08:06:45.000+00:00,79f09a0f-fbd7-4439-9e1e-d48abe62c98e,43d6c1c9-d31a-4338-a779-fb29a5ce1295,PUBLISHED,AIGOVERNANCE,2026-03-27T08:07:10.000+00:00,79f09a0f-fbd7-4439-9e1e-d48abe62c98e,1,2026-03-27T08:08:09.681+00:00,2026-03-27T08:09:36.823+00:00,False,e40yx52dkbjpcqazimno9yvh4k
2026-03-30T17:27:51.000+00:00,79f09a0f-fbd7-4439-9e1e-d48abe62c98e,This is an Automation Test Template,32ce64e9-4f12-49d1-be6d-cc300195a777.description,,32ce64e9-4f12-49d1-be6d-cc300195a777.friendlyName,507b409c-7357-4bd1-aa1a-231eb80b2fa3,,,template_instance_20462_2466846,32ce64e9-4f12-49d1-be6d-cc300195a777.name,b99df4a4-2bf5-4c08-9483-bd636470bc11,2026-03-30T17:27:53.000+00:00,79f09a0f-fbd7-4439-9e1e-d48abe62c98e,507b409c-7357-4bd1-aa1a-231eb80b2fa3,PUBLISHED,AIGOVERNANCE,2026-03-30T17:27:53.000+00:00,79f09a0f-fbd7-4439-9e1e-d48abe62c98e,1,2026-03-30T17:28:10.163+00:00,2026-03-30T17:38:21.541+00:00,False,e40yx52dkbjpcqazimno9yvh4k
2026-03-30T17:34:22.000+00:00,79f09a0f-fbd7-4439-9e1e-d48abe62c98e,This is an Automation Test Template,faeee7a6-2a84-4ec9-a459-759576e4161e.description,,faeee7a6-2a84-4ec9-a459-759576e4161e.friendlyName,a49c73b6-9a2e-46d6-8a98-9d9527464fe9,,,A_template_instance_105_3996760,faeee7a6-2a84-4ec9-a459-759576e4161e.name,b99df4a4-2bf5-4c08-9483-bd636470bc11,2026-03-30T17:34:23.000+00:00,79f09a0f-fbd7-4439-9e1e-d48abe62c98e,a49c73b6-9a2e-46d6-8a98-9d9527464fe9,PUBLISHED,AIGOVERNANCE,2026-03-30T17:34:54.000+00:00,79f09a0f-fbd7-4439-9e1e-d48abe62c98e,1,2026-03-30T17:35:51.058+00:00,2026-03-30T17:38:21.541+00:00,False,e40yx52dkbjpcqazimno9yvh4k
2026-04-06T02:43:48.000+00:00,79f09a0f-fbd7-4439-9e1e-d48abe62c98e,Testing desc,2132df01-d9b1-4283-a351-1fd3a280a663.description,,2132df01-d9b1-4283-a351-1fd3a280a663.friendlyName,130ebe43-4e95-4197-89e9-e07f64b8d2fc,,,automation_template_1_216438,2132df01-d9b1-4283-a351-1fd3a280a663.name,b99df4a4-2bf5-4c08-9483-bd636470bc11,,,130ebe43-4e95-4197-89e9-e07f64b8d2fc,DRAFT,ITRM,2026-04-06T02:43:48.000+00:00,79f09a0f-fbd7-4439-9e1e-d48abe62c98e,1,2026-04-06T02:44:14.292+00:00,2026-04-06T02:45:12.866+00:00,False,e40yx52dkbjpcqazimno9yvh4k
2026-04-06T02:43:45.000+00:00,79f09a0f-fbd7-4439-9e1e-d48abe62c98e,Testing desc,d53afcba-2283-432b-b18d-fa21a93d9c22.description,,d53afcba-2283-432b-b18d-fa21a93d9c22.friendlyName,970bea27-acad-4706-92f4-7fe6ea8b5e39,,,automation_template_2_216438,d53afcba-2283-432b-b18d-fa21a93d9c22.name,b99df4a4-2bf5-4c08-9483-bd636470bc11,2026-04-06T02:43:45.000+00:00,79f09a0f-fbd7-4439-9e1e-d48abe62c98e,970bea27-acad-4706-92f4-7fe6ea8b5e39,PUBLISHED,ITRM,2026-04-06T02:43:45.000+00:00,79f09a0f-fbd7-4439-9e1e-d48abe62c98e,1,2026-04-06T02:44:03.400+00:00,2026-04-06T02:45:12.866+00:00,False,e40yx52dkbjpcqazimno9yvh4k
2026-04-06T05:08:27.000+00:00,79f09a0f-fbd7-4439-9e1e-d48abe62c98e,Testing desc,4767b1dd-d1f0-487a-953e-e3f4ce197724.description,,4767b1dd-d1f0-487a-953e-e3f4ce197724.friendlyName,1fe85b33-a86e-43d9-9327-7b284ee1452b,,,t_20260406050825-yihm7j,4767b1dd-d1f0-487a-953e-e3f4ce197724.name,b99df4a4-2bf5-4c08-9483-bd636470bc11,2026-04-06T05:08:28.000+00:00,79f09a0f-fbd7-4439-9e1e-d48abe62c98e,1fe85b33-a86e-43d9-9327-7b284ee1452b,PUBLISHED,VENDOR,2026-04-06T05:08:28.000+00:00,79f09a0f-fbd7-4439-9e1e-d48abe62c98e,1,2026-04-06T05:08:44.427+00:00,2026-04-06T05:17:56.672+00:00,False,e40yx52dkbjpcqazimno9yvh4k
2026-04-06T05:08:22.000+00:00,79f09a0f-fbd7-4439-9e1e-d48abe62c98e,Testing desc,9b27ba79-ecfc-48be-bb83-a296cea0dc0a.description,,9b27ba79-ecfc-48be-bb83-a296cea0dc0a.friendlyName,bdccadfc-69c9-46e9-8a76-e1156a73848f,,,t_20260406050819-exyrab,9b27ba79-ecfc-48be-bb83-a296cea0dc0a.name,b99df4a4-2bf5-4c08-9483-bd636470bc11,2026-04-06T05:08:23.000+00:00,79f09a0f-fbd7-4439-9e1e-d48abe62c98e,bdccadfc-69c9-46e9-8a76-e1156a73848f,PUBLISHED,VENDOR,2026-04-06T05:08:23.000+00:00,79f09a0f-fbd7-4439-9e1e-d48abe62c98e,1,2026-04-06T05:08:44.373+00:00,2026-04-06T05:17:56.672+00:00,False,e40yx52dkbjpcqazimno9yvh4k
2026-03-30T09:16:57.000+00:00,79f09a0f-fbd7-4439-9e1e-d48abe62c98e,This is an Automation Test Template,5e9aff61-7796-4438-8546-a28903fabd60.description,,5e9aff61-7796-4438-8546-a28903fabd60.friendlyName,033b5cf8-6543-4bb2-95a4-87c5b6c4ccaa,,,template_5970951,5e9aff61-7796-4438-8546-a28903fabd60.name,b99df4a4-2bf5-4c08-9483-bd636470bc11,2026-03-30T09:16:57.000+00:00,79f09a0f-fbd7-4439-9e1e-d48abe62c98e,033b5cf8-6543-4bb2-95a4-87c5b6c4ccaa,PUBLISHED,AIGOVERNANCE,2026-03-30T09:16:57.000+00:00,79f09a0f-fbd7-4439-9e1e-d48abe62c98e,1,2026-03-30T09:17:30.611+00:00,2026-03-30T09:25:19.453+00:00,False,e40yx52dkbjpcqazimno9yvh4k
2026-03-30T09:10:34.000+00:00,79f09a0f-fbd7-4439-9e1e-d48abe62c98e,This is an Automation Test Template,78bfb96c-dda9-45bf-a1d9-126e678064bb.description,,78bfb96c-dda9-45bf-a1d9-126e678064bb.friendlyName,5ef74f8b-6624-43ac-9d40-2c22df43a27e,,,template_instance_20463_420396,78bfb96c-dda9-45bf-a1d9-126e678064bb.name,b99df4a4-2bf5-4c08-9483-bd636470bc11,2026-03-30T09:10:35.000+00:00,79f09a0f-fbd7-4439-9e1e-d48abe62c98e,5ef74f8b-6624-43ac-9d40-2c22df43a27e,PUBLISHED,AIGOVERNANCE,2026-03-30T09:10:35.000+00:00,79f09a0f-fbd7-4439-9e1e-d48abe62c98e,1,2026-03-30T09:11:07.199+00:00,2026-03-30T09:25:19.453+00:00,False,e40yx52dkbjpcqazimno9yvh4k
2026-03-30T09:20:03.000+00:00,79f09a0f-fbd7-4439-9e1e-d48abe62c98e,This is an Automation Test Template,faf5f7f2-6357-4820-b073-92424ee17c8c.description,,faf5f7f2-6357-4820-b073-92424ee17c8c.friendlyName,60c0dfb9-9a57-4137-a48f-13577b40c098,,,Template_60_3248436,faf5f7f2-6357-4820-b073-92424ee17c8c.name,b99df4a4-2bf5-4c08-9483-bd636470bc11,2026-03-30T09:20:04.000+00:00,79f09a0f-fbd7-4439-9e1e-d48abe62c98e,60c0dfb9-9a57-4137-a48f-13577b40c098,PUBLISHED,AIGOVERNANCE,2026-03-30T09:20:04.000+00:00,79f09a0f-fbd7-4439-9e1e-d48abe62c98e,1,2026-03-30T09:20:30.811+00:00,2026-03-30T09:25:19.453+00:00,False,e40yx52dkbjpcqazimno9yvh4k
2026-03-30T09:13:38.000+00:00,79f09a0f-fbd7-4439-9e1e-d48abe62c98e,This is an Automation Test Template,8b8900d5-572e-4369-80cb-c8ed4fe3c39e.description,,8b8900d5-572e-4369-80cb-c8ed4fe3c39e.friendlyName,8d185d56-354b-42cd-80e2-d50965fb2605,,,template_7019930,8b8900d5-572e-4369-80cb-c8ed4fe3c39e.name,b99df4a4-2bf5-4c08-9483-bd636470bc11,2026-03-30T09:13:39.000+00:00,79f09a0f-fbd7-4439-9e1e-d48abe62c98e,8d185d56-354b-42cd-80e2-d50965fb2605,PUBLISHED,AIGOVERNANCE,2026-03-30T09:13:39.000+00:00,79f09a0f-fbd7-4439-9e1e-d48abe62c98e,1,2026-03-30T09:14:07.241+00:00,2026-03-30T09:25:19.453+00:00,False,e40yx52dkbjpcqazimno9yvh4k
2026-03-30T09:23:00.000+00:00,79f09a0f-fbd7-4439-9e1e-d48abe62c98e,This is an Automation Test Template,5ae500d2-fe47-48ac-8d4c-e5aa7720f3ff.description,,5ae500d2-fe47-48ac-8d4c-e5aa7720f3ff.friendlyName,9e333f0b-4f0a-4842-bf87-95d34033d4cb,,,template_instance_20462_3805899,5ae500d2-fe47-48ac-8d4c-e5aa7720f3ff.name,b99df4a4-2bf5-4c08-9483-bd636470bc11,2026-03-30T09:23:02.000+00:00,79f09a0f-fbd7-4439-9e1e-d48abe62c98e,9e333f0b-4f0a-4842-bf87-95d34033d4cb,PUBLISHED,AIGOVERNANCE,2026-03-30T09:23:02.000+00:00,79f09a0f-fbd7-4439-9e1e-d48abe62c98e,1,2026-03-30T09:23:30.801+00:00,2026-03-30T09:25:19.453+00:00,False,e40yx52dkbjpcqazimno9yvh4k
2026-03-30T09:10:56.000+00:00,79f09a0f-fbd7-4439-9e1e-d48abe62c98e,This is an Automation Test Template,e27f20ec-14d1-413b-a39d-3d6c9f31041b.description,,e27f20ec-14d1-413b-a39d-3d6c9f31041b.friendlyName,bdf4521f-e312-47a1-be0e-10c3103e7502,,,Template_61_8112459,e27f20ec-14d1-413b-a39d-3d6c9f31041b.name,b99df4a4-2bf5-4c08-9483-bd636470bc11,2026-03-30T09:10:58.000+00:00,79f09a0f-fbd7-4439-9e1e-d48abe62c98e,bdf4521f-e312-47a1-be0e-10c3103e7502,PUBLISHED,AIGOVERNANCE,2026-03-30T09:10:58.000+00:00,79f09a0f-fbd7-4439-9e1e-d48abe62c98e,1,2026-03-30T09:11:30.536+00:00,2026-03-30T09:25:19.453+00:00,False,e40yx52dkbjpcqazimno9yvh4k
2026-03-30T09:10:34.000+00:00,79f09a0f-fbd7-4439-9e1e-d48abe62c98e,This is an Automation Test Template,d328c37d-c34d-4419-8dbd-78f6f6cef13b.description,,d328c37d-c34d-4419-8dbd-78f6f6cef13b.friendlyName,c24a08ff-c9a8-4344-94b0-b21600b2719f,,,template_instance_20462_4994017,d328c37d-c34d-4419-8dbd-78f6f6cef13b.name,b99df4a4-2bf5-4c08-9483-bd636470bc11,2026-03-30T09:10:35.000+00:00,79f09a0f-fbd7-4439-9e1e-d48abe62c98e,c24a08ff-c9a8-4344-94b0-b21600b2719f,PUBLISHED,AIGOVERNANCE,2026-03-30T09:10:35.000+00:00,79f09a0f-fbd7-4439-9e1e-d48abe62c98e,1,2026-03-30T09:11:07.223+00:00,2026-03-30T09:25:19.453+00:00,False,e40yx52dkbjpcqazimno9yvh4k
2026-03-30T09:11:04.000+00:00,79f09a0f-fbd7-4439-9e1e-d48abe62c98e,This is an Automation Test Template,929b18fa-3b51-457b-be85-faf05f770d5f.description,,929b18fa-3b51-457b-be85-faf05f770d5f.friendlyName,c5954ee0-13e8-4af2-a315-10c454fcbd93,,,A_template_instance_105_9854920,929b18fa-3b51-457b-be85-faf05f770d5f.name,b99df4a4-2bf5-4c08-9483-bd636470bc11,2026-03-30T09:11:04.000+00:00,79f09a0f-fbd7-4439-9e1e-d48abe62c98e,c5954ee0-13e8-4af2-a315-10c454fcbd93,PUBLISHED,AIGOVERNANCE,2026-03-30T09:11:29.000+00:00,79f09a0f-fbd7-4439-9e1e-d48abe62c98e,1,2026-03-30T09:12:30.573+00:00,2026-03-30T09:25:19.453+00:00,False,e40yx52dkbjpcqazimno9yvh4k
2026-03-27T06:10:06.000+00:00,79f09a0f-fbd7-4439-9e1e-d48abe62c98e,Testing,33f4b40b-a643-4dd2-82bf-44d7175fe46e.description,,33f4b40b-a643-4dd2-82bf-44d7175fe46e.friendlyName,6c15f3ce-9983-41ca-a2e3-56aaf397812a,,,automation_template_TCT_6827656,33f4b40b-a643-4dd2-82bf-44d7175fe46e.name,b99df4a4-2bf5-4c08-9483-bd636470bc11,2026-03-27T06:10:06.000+00:00,79f09a0f-fbd7-4439-9e1e-d48abe62c98e,6c15f3ce-9983-41ca-a2e3-56aaf397812a,PUBLISHED,PIA,2026-03-27T06:10:06.000+00:00,79f09a0f-fbd7-4439-9e1e-d48abe62c98e,1,2026-03-27T06:10:45.288+00:00,2026-03-27T06:26:38.421+00:00,False,e40yx52dkbjpcqazimno9yvh4k
2026-03-27T06:24:49.000+00:00,79f09a0f-fbd7-4439-9e1e-d48abe62c98e,Testing desc,a9e434c4-51a5-455c-9a9a-db1c825b7ece.description,,a9e434c4-51a5-455c-9a9a-db1c825b7ece.friendlyName,94bdb9bc-490f-4b1b-a926-97891c04cd3f,,,Template01_48744952,a9e434c4-51a5-455c-9a9a-db1c825b7ece.name,b99df4a4-2bf5-4c08-9483-bd636470bc11,2026-03-27T06:24:50.000+00:00,79f09a0f-fbd7-4439-9e1e-d48abe62c98e,94bdb9bc-490f-4b1b-a926-97891c04cd3f,PUBLISHED,DISCLOSURE,2026-03-27T06:24:50.000+00:00,79f09a0f-fbd7-4439-9e1e-d48abe62c98e,1,2026-03-27T06:25:09.098+00:00,2026-03-27T06:26:38.421+00:00,False,e40yx52dkbjpcqazimno9yvh4k
2026-03-27T06:19:04.000+00:00,79f09a0f-fbd7-4439-9e1e-d48abe62c98e,Testing desc,1c415b0b-870f-4e88-91a0-dbf349535574.description,,1c415b0b-870f-4e88-91a0-dbf349535574.friendlyName,c340e456-a6f9-4059-85a3-be7bdd7b2f6b,,,Template01_63605356,1c415b0b-870f-4e88-91a0-dbf349535574.name,b99df4a4-2bf5-4c08-9483-bd636470bc11,2026-03-27T06:19:04.000+00:00,79f09a0f-fbd7-4439-9e1e-d48abe62c98e,c340e456-a6f9-4059-85a3-be7bdd7b2f6b,PUBLISHED,DISCLOSURE,2026-03-27T06:19:04.000+00:00,79f09a0f-fbd7-4439-9e1e-d48abe62c98e,1,2026-03-27T06:19:45.320+00:00,2026-03-27T06:26:38.421+00:00,False,e40yx52dkbjpcqazimno9yvh4k
2026-03-16T06:58:04.000+00:00,918195e3-fcf1-4950-a0df-5a0c0b998b81,,,M&B Mapped Assessment,,2c6c336e-4e3b-4712-9ddc-3aeeb8c3832d,,,M&B Mapped Assessment - 4.0,,b99df4a4-2bf5-4c08-9483-bd636470bc11,,,2c6c336e-4e3b-4712-9ddc-3aeeb8c3832d,DRAFT,GRA,2026-03-16T06:58:04.000+00:00,918195e3-fcf1-4950-a0df-5a0c0b998b81,1,2026-03-16T06:58:23.068+00:00,2026-03-16T07:00:07.383+00:00,False,e40yx52dkbjpcqazimno9yvh4k
2026-03-16T06:58:10.000+00:00,918195e3-fcf1-4950-a0df-5a0c0b998b81,,,OneTrust Benchmarking Assessment,,2cd3ca15-84a5-4371-8a73-8c91b676b564,,,OneTrust Benchmarking Assessment,,b99df4a4-2bf5-4c08-9483-bd636470bc11,,,2cd3ca15-84a5-4371-8a73-8c91b676b564,DRAFT,BENCHMARKING,2026-03-16T06:58:10.000+00:00,918195e3-fcf1-4950-a0df-5a0c0b998b81,1,2026-03-16T06:58:31.932+00:00,2026-03-16T07:00:07.383+00:00,False,e40yx52dkbjpcqazimno9yvh4k
2026-03-16T06:58:36.000+00:00,918195e3-fcf1-4950-a0df-5a0c0b998b81,New Dynamic Incident Notification Assessment - 1.1,,New Dynamic Incident Notification Assessment - 1.1,,51e498ca-0818-4685-b415-6c3fe729e4e9,,,New Dynamic Incident Notification Assessment - 1.1,,b99df4a4-2bf5-4c08-9483-bd636470bc11,,,51e498ca-0818-4685-b415-6c3fe729e4e9,DRAFT,DINA,2026-03-16T06:58:37.000+00:00,918195e3-fcf1-4950-a0df-5a0c0b998b81,36,2026-03-16T06:59:07.488+00:00,2026-03-16T07:00:07.383+00:00,False,e40yx52dkbjpcqazimno9yvh4k
2026-03-16T06:58:24.000+00:00,918195e3-fcf1-4950-a0df-5a0c0b998b81,,,動的インシデント通知評価 - 26.4.0,,a9d858a8-ae51-44cc-88bf-a0305d3c92bb,,,動的インシデント通知評価 - 26.4.0,,b99df4a4-2bf5-4c08-9483-bd636470bc11,,,a9d858a8-ae51-44cc-88bf-a0305d3c92bb,DRAFT,DINA,2026-03-16T06:58:26.000+00:00,918195e3-fcf1-4950-a0df-5a0c0b998b81,7,2026-03-16T06:59:06.635+00:00,2026-03-16T07:00:07.383+00:00,False,e40yx52dkbjpcqazimno9yvh4k
2026-03-16T07:01:14.000+00:00,918195e3-fcf1-4950-a0df-5a0c0b998b81,2021 Shared Assessments Standardized Information Gathering Questionnaire - Lite Version,,2021 SIG Lite,,63fba390-18d8-4bb9-a235-84ddb8bc67ab,,,2021 SIG Lite - 1.3,,b99df4a4-2bf5-4c08-9483-bd636470bc11,2026-03-16T07:01:14.000+00:00,918195e3-fcf1-4950-a0df-5a0c0b998b81,63fba390-18d8-4bb9-a235-84ddb8bc67ab,PUBLISHED,EXCHANGE,2026-03-16T07:01:14.000+00:00,918195e3-fcf1-4950-a0df-5a0c0b998b81,1,2026-03-16T07:01:32.143+00:00,2026-03-16T07:02:11.290+00:00,False,e40yx52dkbjpcqazimno9yvh4k
2026-03-16T07:01:18.000+00:00,918195e3-fcf1-4950-a0df-5a0c0b998b81,Navigating the different privacy regulations around the world is becoming increasingly challenging for companies. Having a comprehensive privacy program serving as a structure is extremely beneficial to achieve and maintain compliance with all the privacy regimes a company is subject to. The ten principles identified in this research cover all aspects of a program practicing good privacy governance. Use each checklist to guide your organization towards the goal of an accountable privacy program.,,Governance Framework,,0703a213-d8f3-47eb-a3df-392c850de282,,,Privacy Governance Framework - 1.4,,b99df4a4-2bf5-4c08-9483-bd636470bc11,,,0703a213-d8f3-47eb-a3df-392c850de282,DRAFT,RA,2026-03-16T07:01:18.000+00:00,918195e3-fcf1-4950-a0df-5a0c0b998b81,1,2026-03-16T07:02:04.575+00:00,2026-03-16T07:03:07.102+00:00,False,e40yx52dkbjpcqazimno9yvh4k
2026-03-16T07:01:48.000+00:00,918195e3-fcf1-4950-a0df-5a0c0b998b81,"This assessment is based on the Controlling the Assault of Non-Solicited Pornography And Marketing Act (CAN-SPAM Act) of 2003 and its implementing rule, 16 CFR Part 316. The assessment also incorporates the U.S. Federal Trade Commission's guidance in ""CAN-SPAM Act: A Compliance Guide for Business"" (https://www.ftc.gov/tips-advice/business-center/guidance/can-spam-act-compliance-guide-business).",,CAN-SPAM Checklist,,53b4e965-1126-4ba9-846b-52fb9cf8e2ae,,,CAN-SPAM Checklist - 1.0,,b99df4a4-2bf5-4c08-9483-bd636470bc11,,,53b4e965-1126-4ba9-846b-52fb9cf8e2ae,DRAFT,RA,2026-03-16T07:01:48.000+00:00,918195e3-fcf1-4950-a0df-5a0c0b998b81,1,2026-03-16T07:02:06.115+00:00,2026-03-16T07:03:07.102+00:00,False,e40yx52dkbjpcqazimno9yvh4k
2026-03-16T07:01:44.000+00:00,918195e3-fcf1-4950-a0df-5a0c0b998b81,This questionnaire is designed to help assess compliance with the Personal Information Protection Law of the People's Republic of China (PIPL).,,PIPL Handling Template,,8ff23397-748d-41e1-a687-de8e4779eace,,,China PIPL Handling Activity Questionnaire - 1.0,,b99df4a4-2bf5-4c08-9483-bd636470bc11,,,8ff23397-748d-41e1-a687-de8e4779eace,DRAFT,RA,2026-03-16T07:01:46.000+00:00,918195e3-fcf1-4950-a0df-5a0c0b998b81,1,2026-03-16T07:02:05.805+00:00,2026-03-16T07:03:07.102+00:00,False,e40yx52dkbjpcqazimno9yvh4k
2026-03-16T07:01:37.000+00:00,918195e3-fcf1-4950-a0df-5a0c0b998b81,"Esta lista de verificação é baseada no Anexo I - Controles da Guia de Avaliação de Riscos de Segurança e Privacidade (Versão 1.0) (Novembro de 2020) sobre a Lei Geral de Proteção de Dados Pessoais (LGPD). Use esta lista de verificação para identificar lacunas de segurança da informação e de privacidade sobre os sistemas, contratos e processos da instituição.",,LGPD- Avaliação de Riscos,,9f3faf46-1bf0-46c9-8902-d683b7d6ea3c,,,LGPD - Avaliação de Riscos de Segurança e Privacidade - 1.1,,b99df4a4-2bf5-4c08-9483-bd636470bc11,,,9f3faf46-1bf0-46c9-8902-d683b7d6ea3c,DRAFT,RA,2026-03-16T07:01:38.000+00:00,918195e3-fcf1-4950-a0df-5a0c0b998b81,1,2026-03-16T07:02:05.242+00:00,2026-03-16T07:03:07.102+00:00,False,e40yx52dkbjpcqazimno9yvh4k
2026-03-16T07:01:50.000+00:00,918195e3-fcf1-4950-a0df-5a0c0b998b81,Navigating the different privacy regulations around the world is becoming increasingly challenging for companies. Having a comprehensive privacy program serving as a structure is extremely beneficial to achieve and maintain compliance with all the privacy regimes a company is subject to. The ten principles identified in this research cover all aspects of a program practicing good privacy governance. Use each checklist to guide your organization towards the goal of an accountable privacy program.,,Governance Framework,,b4fca138-2ecf-43ba-b848-6ff47dff073b,,,Privacy Governance Framework - 1.3,,b99df4a4-2bf5-4c08-9483-bd636470bc11,,,b4fca138-2ecf-43ba-b848-6ff47dff073b,DRAFT,RA,2026-03-16T07:01:50.000+00:00,918195e3-fcf1-4950-a0df-5a0c0b998b81,1,2026-03-16T07:02:10.960+00:00,2026-03-16T07:03:07.102+00:00,False,e40yx52dkbjpcqazimno9yvh4k
2026-03-16T07:01:56.000+00:00,918195e3-fcf1-4950-a0df-5a0c0b998b81,"This checklist is based on Bill 64 for An Act to Modernise Legislative Provisions as Regards the Protection of Personal Information ('the Bill') which was introduced, on 12 June 2020, to the National Assembly of Quebec, and received royal assent on 22 September 2021. ",,Quebec Bill 64 ,,ba9d1f5f-69bc-463a-b205-ac33a582c38e,,,Quebec Bill 64 Checklist - 1.0,,b99df4a4-2bf5-4c08-9483-bd636470bc11,,,ba9d1f5f-69bc-463a-b205-ac33a582c38e,DRAFT,RA,2026-03-16T07:01:56.000+00:00,918195e3-fcf1-4950-a0df-5a0c0b998b81,1,2026-03-16T07:02:14.095+00:00,2026-03-16T07:03:07.102+00:00,False,e40yx52dkbjpcqazimno9yvh4k
2026-03-16T07:01:29.000+00:00,918195e3-fcf1-4950-a0df-5a0c0b998b81,This questionnaire is based on the GDPR assessment catalog of the Lower Saxony Data Protection Authority. ,,Lower Saxony GDPR Audit,,d8595ac9-8e58-49c5-83eb-1715d895f941,,,Lower Saxony DPA GDPR Audit Checklist – 1.1,,b99df4a4-2bf5-4c08-9483-bd636470bc11,,,d8595ac9-8e58-49c5-83eb-1715d895f941,DRAFT,RA,2026-03-16T07:01:30.000+00:00,918195e3-fcf1-4950-a0df-5a0c0b998b81,1,2026-03-16T07:02:04.907+00:00,2026-03-16T07:03:07.102+00:00,False,e40yx52dkbjpcqazimno9yvh4k
2026-03-16T07:02:28.000+00:00,918195e3-fcf1-4950-a0df-5a0c0b998b81,基于《中国网络安全法》(CSL)、《中华人民共和国个人信息保护法》(PIPL)、《跨境数据传输安全评估指南》（第二稿）和《出境数据传输安全评估措施》（草案）,,中国数据传输,,40437ca3-704f-410d-a7ad-a26a0c35490c,,,中国跨境数据传输安全评估 - 2.0,,b99df4a4-2bf5-4c08-9483-bd636470bc11,,,40437ca3-704f-410d-a7ad-a26a0c35490c,DRAFT,RA,2026-03-16T07:02:28.000+00:00,918195e3-fcf1-4950-a0df-5a0c0b998b81,1,2026-03-16T07:03:05.698+00:00,2026-03-16T07:04:07.855+00:00,False,e40yx52dkbjpcqazimno9yvh4k
2026-03-16T07:02:33.000+00:00,918195e3-fcf1-4950-a0df-5a0c0b998b81,"This checklist  is based on the World Economic Forum's (WEF) 2020 whitepaper ""Measuring Stakeholder Capitalism Towards Common Metrics and Consistent Reporting of Sustainable Value Creation.""",,WEF ESG Checklist,,47cdd316-285f-4cfe-ae00-93560e1ad2f0,,,2020 World Economic Forum (WEF) ESG Checklist - 1.1,,b99df4a4-2bf5-4c08-9483-bd636470bc11,,,47cdd316-285f-4cfe-ae00-93560e1ad2f0,DRAFT,RA,2026-03-16T07:02:33.000+00:00,918195e3-fcf1-4950-a0df-5a0c0b998b81,1,2026-03-16T07:03:06.657+00:00,2026-03-16T07:04:07.855+00:00,False,e40yx52dkbjpcqazimno9yvh4k
2026-03-16T07:03:07.000+00:00,918195e3-fcf1-4950-a0df-5a0c0b998b81,Assess your state of readiness to the PIPL.,,PIPL Readiness,,49853dc7-4330-4507-95e8-4ee31f8c1199,,,China PIPL Readiness Assessment - 2.0,,b99df4a4-2bf5-4c08-9483-bd636470bc11,,,49853dc7-4330-4507-95e8-4ee31f8c1199,DRAFT,RA,2026-03-16T07:03:07.000+00:00,918195e3-fcf1-4950-a0df-5a0c0b998b81,1,2026-03-16T07:03:24.034+00:00,2026-03-16T07:04:07.855+00:00,False,e40yx52dkbjpcqazimno9yvh4k
2026-03-16T07:02:35.000+00:00,918195e3-fcf1-4950-a0df-5a0c0b998b81,,,CSIRT Self Assessment ,,51c4bf09-79d4-48b3-b5f5-ea76111b808d,,,ENISA - CSIRT Self Assessment 2021 - 1.0,,b99df4a4-2bf5-4c08-9483-bd636470bc11,,,51c4bf09-79d4-48b3-b5f5-ea76111b808d,DRAFT,RA,2026-03-16T07:02:35.000+00:00,918195e3-fcf1-4950-a0df-5a0c0b998b81,1,2026-03-16T07:03:06.905+00:00,2026-03-16T07:04:07.855+00:00,False,e40yx52dkbjpcqazimno9yvh4k
2026-03-16T07:03:04.000+00:00,918195e3-fcf1-4950-a0df-5a0c0b998b81,2021 Shared Assessments Standardized Information Gathering Questionnaire - Specialized Version,,2021 SIG Specialized,,64cc8562-112c-4f56-92e9-df63a3d195d4,,,2021 SIG Specialized - 1.2,,b99df4a4-2bf5-4c08-9483-bd636470bc11,,,64cc8562-112c-4f56-92e9-df63a3d195d4,DRAFT,RA,2026-03-16T07:03:04.000+00:00,918195e3-fcf1-4950-a0df-5a0c0b998b81,1,2026-03-16T07:03:23.158+00:00,2026-03-16T07:04:07.855+00:00,False,e40yx52dkbjpcqazimno9yvh4k
2026-03-16T07:02:31.000+00:00,918195e3-fcf1-4950-a0df-5a0c0b998b81,"Apache Log4j is a well-known framework for logging application behavior with a recently discovered Remote Code Execution (RCE) vulnerability CVE-2021-44228. This questionnaire is designed to help customers address risks associated with the Log4j vulnerability, and subsequent steps recommended to protect their IT networks. 



Reference:

https://cve.mitre.org/cgi-bin/cvename.cgi?name=CVE-2021-44228",,Log4j Questionnaire,,6e73ba6a-3217-4244-8cea-d7ebc1dd63dd,,,Apache Log4j Questionnaire - 1.1,,b99df4a4-2bf5-4c08-9483-bd636470bc11,,,6e73ba6a-3217-4244-8cea-d7ebc1dd63dd,DRAFT,RA,2026-03-16T07:02:31.000+00:00,918195e3-fcf1-4950-a0df-5a0c0b998b81,1,2026-03-16T07:03:06.159+00:00,2026-03-16T07:04:07.855+00:00,False,e40yx52dkbjpcqazimno9yvh4k
2026-03-16T07:02:18.000+00:00,918195e3-fcf1-4950-a0df-5a0c0b998b81,2022 Shared Assessments Standardized Information Gathering (SIG) Questionnaire - Core Version,,2022 SIG Core,,718212ed-48c2-43f0-90e4-4ee2aa3cad86,,,2022 SIG Core - 1.1,,b99df4a4-2bf5-4c08-9483-bd636470bc11,,,718212ed-48c2-43f0-90e4-4ee2aa3cad86,DRAFT,RA,2026-03-16T07:02:18.000+00:00,918195e3-fcf1-4950-a0df-5a0c0b998b81,1,2026-03-16T07:03:05.109+00:00,2026-03-16T07:04:07.855+00:00,False,e40yx52dkbjpcqazimno9yvh4k
2026-03-16T07:02:25.000+00:00,918195e3-fcf1-4950-a0df-5a0c0b998b81,2022 Shared Assessments Standardized Information Gathering (SIG) Questionnaire - Lite Version,,2022 SIG Lite,,7a2a22c4-c07b-4689-b8f6-6738ae2f1ca7,,,2022 SIG Lite - 1.1,,b99df4a4-2bf5-4c08-9483-bd636470bc11,,,7a2a22c4-c07b-4689-b8f6-6738ae2f1ca7,DRAFT,RA,2026-03-16T07:02:26.000+00:00,918195e3-fcf1-4950-a0df-5a0c0b998b81,1,2026-03-16T07:03:05.370+00:00,2026-03-16T07:04:07.855+00:00,False,e40yx52dkbjpcqazimno9yvh4k
2026-03-16T07:02:36.000+00:00,918195e3-fcf1-4950-a0df-5a0c0b998b81,This questionnaire is based on the UK Information Commissioner's Office's (UK ICO) template.,,UK ICO CCTV Checklist,,93c1c8ab-2e78-4280-b379-08bb9b502b95,,,UK ICO CCTV Checklist - 1.0,,b99df4a4-2bf5-4c08-9483-bd636470bc11,,,93c1c8ab-2e78-4280-b379-08bb9b502b95,DRAFT,RA,2026-03-16T07:02:36.000+00:00,918195e3-fcf1-4950-a0df-5a0c0b998b81,1,2026-03-16T07:03:07.064+00:00,2026-03-16T07:04:07.855+00:00,False,e40yx52dkbjpcqazimno9yvh4k
2026-03-16T07:02:30.000+00:00,918195e3-fcf1-4950-a0df-5a0c0b998b81,"Based on the China Cyber Security Law (CSL), Personal Information Protection Law of the People’s Republic of China (PIPL), the Guidelines for Cross-Border Data Transfer Security Assessment (Second Draft), and Outbound Data Transfer Security Assessment Measures (Draft)",,China Data Transfer,,948d0ccf-0d45-4ce5-8c97-9024d2cd9d4f,,,China Cross-Border Data Transfer Security Assessment - 2.0,,b99df4a4-2bf5-4c08-9483-bd636470bc11,,,948d0ccf-0d45-4ce5-8c97-9024d2cd9d4f,DRAFT,RA,2026-03-16T07:02:30.000+00:00,918195e3-fcf1-4950-a0df-5a0c0b998b81,1,2026-03-16T07:03:05.973+00:00,2026-03-16T07:04:07.855+00:00,False,e40yx52dkbjpcqazimno9yvh4k
2026-03-16T07:03:14.000+00:00,918195e3-fcf1-4950-a0df-5a0c0b998b81,2021 Shared Assessments Standardized Information Gathering Questionnaire - Lite Version,,2021 SIG Lite,,c31b92c7-1f84-4546-86aa-c0e55e60221b,,,2021 SIG Lite - 1.2,,b99df4a4-2bf5-4c08-9483-bd636470bc11,,,c31b92c7-1f84-4546-86aa-c0e55e60221b,DRAFT,RA,2026-03-16T07:03:14.000+00:00,918195e3-fcf1-4950-a0df-5a0c0b998b81,1,2026-03-16T07:03:30.729+00:00,2026-03-16T07:04:07.855+00:00,False,e40yx52dkbjpcqazimno9yvh4k
2026-03-16T07:04:03.000+00:00,918195e3-fcf1-4950-a0df-5a0c0b998b81,"This questionnaire is an adaptation of the U.S. Department of Health and Human Services (HHS) Office for Civil Rights (OCR) HIPAA Audit Protocol. It is designed to be used by HIPAA covered entities and business associates to assess themselves against OCR's expected performance criteria for the HIPAA Privacy, Security and Breach Notification Rules.",,HHS HIPAA Audit Protocol,,0085d6b4-82ab-4082-91e4-77c1d9e6a482,,,U.S. HHS HIPAA Audit Protocol Checklist - 1.1,,b99df4a4-2bf5-4c08-9483-bd636470bc11,,,0085d6b4-82ab-4082-91e4-77c1d9e6a482,DRAFT,RA,2026-03-16T07:04:03.000+00:00,918195e3-fcf1-4950-a0df-5a0c0b998b81,1,2026-03-16T07:04:22.825+00:00,2026-03-16T07:05:08.402+00:00,False,e40yx52dkbjpcqazimno9yvh4k
2026-03-16T07:04:14.000+00:00,918195e3-fcf1-4950-a0df-5a0c0b998b81,"Use this questionnaire to determine the quality and effectiveness of your financial institution's information security. The questions will help you to measure the adequacy of your institution's culture, governance, information security program, security operations, and assurance processes. They will also enable you to evaluate your controls as additional evidence of program quality and effectiveness. You should evaluate controls for their conformance with contracts, indicators of legal liability, and conformance with regulatory policy and guidance. The failure to implement appropriate controls may expose your institution to potential loss from fines, penalties, and customer litigation.



This questionnaire is based on Appendix A: Examination Procedures of the ""Information Security Booklet,"" which is one of several that comprise the Federal Financial Institutions Examination Council (FFIEC) Information Technology Examination Handbook (IT Handbook).",,FFIEC - Info. Security,,0a6d279e-cfec-4906-a82a-add96976e74e,,,FFIEC - Information Security Booklet - 1.0,,b99df4a4-2bf5-4c08-9483-bd636470bc11,,,0a6d279e-cfec-4906-a82a-add96976e74e,DRAFT,RA,2026-03-16T07:04:15.000+00:00,918195e3-fcf1-4950-a0df-5a0c0b998b81,1,2026-03-16T07:04:31.011+00:00,2026-03-16T07:05:08.402+00:00,False,e40yx52dkbjpcqazimno9yvh4k
2026-03-16T07:03:36.000+00:00,918195e3-fcf1-4950-a0df-5a0c0b998b81,"This checklist is based on NIST Special Publication 800-53 Revision 5, Security and Privacy Controls for Federal Information Systems and Organizations. It is designed to assist organizations in assessing their implementation of the controls found in NIST SP 800-53 Rev. 5.",,NIST SP 800-53 Rev. 5,,2038b4ab-0b68-47c3-a261-3c65ed220f88,,,NIST SP 800-53 Rev. 5 Checklist - 1.1,,b99df4a4-2bf5-4c08-9483-bd636470bc11,,,2038b4ab-0b68-47c3-a261-3c65ed220f88,DRAFT,RA,2026-03-16T07:03:36.000+00:00,918195e3-fcf1-4950-a0df-5a0c0b998b81,1,2026-03-16T07:04:05.864+00:00,2026-03-16T07:05:08.402+00:00,False,e40yx52dkbjpcqazimno9yvh4k
2026-03-16T07:04:08.000+00:00,918195e3-fcf1-4950-a0df-5a0c0b998b81,This questionnaire is designed to help businesses assess their compliance with the Virginia Consumer Data Privacy Act (CDPA).,,CDPA Checklist ,,28432386-f029-4daf-b123-4d4aad373470,,,Virginia CDPA Checklist - 1.0,,b99df4a4-2bf5-4c08-9483-bd636470bc11,,,28432386-f029-4daf-b123-4d4aad373470,DRAFT,RA,2026-03-16T07:04:08.000+00:00,918195e3-fcf1-4950-a0df-5a0c0b998b81,1,2026-03-16T07:04:30.525+00:00,2026-03-16T07:05:08.402+00:00,False,e40yx52dkbjpcqazimno9yvh4k
2026-03-16T07:03:56.000+00:00,918195e3-fcf1-4950-a0df-5a0c0b998b81,"This questionnaire is designed to help businesses assess their compliance with the California Consumer Privacy Act (CCPA), and the California Attorney General's proposed regulations (Updated to the Final Text of Regulation, July 2020)",,CCPA Audit Checklist ,,3c7127c6-528b-4b5d-8d7c-4bd0cc82e49b,,,CCPA Audit Checklist - 4.1,,b99df4a4-2bf5-4c08-9483-bd636470bc11,,,3c7127c6-528b-4b5d-8d7c-4bd0cc82e49b,DRAFT,RA,2026-03-16T07:03:56.000+00:00,918195e3-fcf1-4950-a0df-5a0c0b998b81,1,2026-03-16T07:04:13.987+00:00,2026-03-16T07:05:08.402+00:00,False,e40yx52dkbjpcqazimno9yvh4k
2026-03-16T07:03:54.000+00:00,918195e3-fcf1-4950-a0df-5a0c0b998b81,This questionnaire is based on the Open Compliance & Ethics Group's (OCEG) GRC Capability Version 3.0 (also known as the OCEG Red Book).,,OCEG Capability Model,,4309765e-3237-4ea6-b52d-0de43437c178,,,OCEG GRC Capability Model v3.0 Checklist - 1.1,,b99df4a4-2bf5-4c08-9483-bd636470bc11,,,4309765e-3237-4ea6-b52d-0de43437c178,DRAFT,RA,2026-03-16T07:03:54.000+00:00,918195e3-fcf1-4950-a0df-5a0c0b998b81,1,2026-03-16T07:04:11.112+00:00,2026-03-16T07:05:08.402+00:00,False,e40yx52dkbjpcqazimno9yvh4k
2026-03-16T07:03:28.000+00:00,918195e3-fcf1-4950-a0df-5a0c0b998b81,2021 Shared Assessments Standardized Information Gathering Questionnaire - Core Version,,2021 SIG Core,,437dde93-13c2-4f77-9219-4c55449a02c1,,,2021 SIG Core - 1.2,,b99df4a4-2bf5-4c08-9483-bd636470bc11,,,437dde93-13c2-4f77-9219-4c55449a02c1,DRAFT,RA,2026-03-16T07:03:28.000+00:00,918195e3-fcf1-4950-a0df-5a0c0b998b81,1,2026-03-16T07:04:04.913+00:00,2026-03-16T07:05:08.402+00:00,False,e40yx52dkbjpcqazimno9yvh4k
2026-03-16T07:03:31.000+00:00,918195e3-fcf1-4950-a0df-5a0c0b998b81,The purpose of this questionnaire is to assess your data processing’s compliance with the Health Data Management Policy of India (“Policy”). ,,India Health Data Policy ,,4f7d4796-078a-4c82-a4d9-10ddeee5142b,,,India Health Data Management Policy Checklist 1.0,,b99df4a4-2bf5-4c08-9483-bd636470bc11,,,4f7d4796-078a-4c82-a4d9-10ddeee5142b,DRAFT,RA,2026-03-16T07:03:31.000+00:00,918195e3-fcf1-4950-a0df-5a0c0b998b81,1,2026-03-16T07:04:05.362+00:00,2026-03-16T07:05:08.402+00:00,False,e40yx52dkbjpcqazimno9yvh4k
2026-03-16T07:04:11.000+00:00,918195e3-fcf1-4950-a0df-5a0c0b998b81,This questionnaire is based on the Office of the Privacy Commissioner of Canada's (OPC) PIPEDA Self-Assessment Tool. It is designed to assist you in evaluating your compliance with Canada's Personal Information Protection and Electronic Documents Act.,,PIPEDA Self-Assessment,,5d92360d-8834-44cb-afed-f82923b96c1c,,,PIPEDA Self-Assessment Checklist - 2.1,,b99df4a4-2bf5-4c08-9483-bd636470bc11,,,5d92360d-8834-44cb-afed-f82923b96c1c,DRAFT,RA,2026-03-16T07:04:11.000+00:00,918195e3-fcf1-4950-a0df-5a0c0b998b81,1,2026-03-16T07:04:30.700+00:00,2026-03-16T07:05:08.402+00:00,False,e40yx52dkbjpcqazimno9yvh4k
2026-03-16T07:04:13.000+00:00,918195e3-fcf1-4950-a0df-5a0c0b998b81,Deze checklist is gebaseerd op de volwassenheidsdoelstellingen in de Baseline Informatiebeveiliging Overheid Self Assessment (BIO-SA).,,BIO volwassenheidsmodel,,67849c02-222f-4ab8-a5ea-87c83a233258,,,Checklist voor het volwassenheidsmodel van BIO-SA v1.0 - 1.0,,b99df4a4-2bf5-4c08-9483-bd636470bc11,,,67849c02-222f-4ab8-a5ea-87c83a233258,DRAFT,RA,2026-03-16T07:04:13.000+00:00,918195e3-fcf1-4950-a0df-5a0c0b998b81,1,2026-03-16T07:04:30.909+00:00,2026-03-16T07:05:08.402+00:00,False,e40yx52dkbjpcqazimno9yvh4k
2026-03-16T07:04:09.000+00:00,918195e3-fcf1-4950-a0df-5a0c0b998b81,Utilizar esta avaliação para orientações básicas para a especificação de requisitos mínimos necessários de Segurança da Informação e Privacidade em contratações de Soluções de Tecnologia da Informação (TIC). Esta avaliação é baseada no Guia de Requisitos e de Obrigações quanto a Segurança da Informação e Privacidade.,,Segurança da Informação,,702cfdd9-be66-4f16-91f5-a67c82c7d7ab,,,LGPD - Guia de Requisitos e de Obrigações quanto a Segurança da Informação e Privacidade - 1.0,,b99df4a4-2bf5-4c08-9483-bd636470bc11,,,702cfdd9-be66-4f16-91f5-a67c82c7d7ab,DRAFT,RA,2026-03-16T07:04:09.000+00:00,918195e3-fcf1-4950-a0df-5a0c0b998b81,1,2026-03-16T07:04:30.619+00:00,2026-03-16T07:05:08.402+00:00,False,e40yx52dkbjpcqazimno9yvh4k
2026-03-16T07:03:47.000+00:00,918195e3-fcf1-4950-a0df-5a0c0b998b81,This questionnaire is a reproduction of the Cloud Security Alliance (CSA) Consensus Assessments Initiative Questionnaire (CAIQ) v4.0.2,,CSA CAIQ v4.0.2,,79226421-cf4c-49c2-997b-ea016a5704d8,,,CSA CAIQ v4.0.2 - 1.0,,b99df4a4-2bf5-4c08-9483-bd636470bc11,,,79226421-cf4c-49c2-997b-ea016a5704d8,DRAFT,RA,2026-03-16T07:03:48.000+00:00,918195e3-fcf1-4950-a0df-5a0c0b998b81,1,2026-03-16T07:04:07.064+00:00,2026-03-16T07:05:08.402+00:00,False,e40yx52dkbjpcqazimno9yvh4k
2026-03-16T07:03:32.000+00:00,918195e3-fcf1-4950-a0df-5a0c0b998b81,,,CASL Checklist - 1.0,,82ee96f0-50e3-47b5-a2b4-c2dd3646bd73,,,Canada Anti-Spam Legislation (CASL) - 1.0,,b99df4a4-2bf5-4c08-9483-bd636470bc11,,,82ee96f0-50e3-47b5-a2b4-c2dd3646bd73,DRAFT,RA,2026-03-16T07:03:32.000+00:00,918195e3-fcf1-4950-a0df-5a0c0b998b81,1,2026-03-16T07:04:05.513+00:00,2026-03-16T07:05:08.402+00:00,False,e40yx52dkbjpcqazimno9yvh4k
2026-03-16T07:04:01.000+00:00,918195e3-fcf1-4950-a0df-5a0c0b998b81,Utilizar esta lista de verificação para garantir que a organização implemente privacidade desde a concepção e por padrão (Privacy by Design e by Default).,,LGPD - PdC,,892c334a-3e74-470c-9007-6f47fcf588aa,,,LGPD - Privacidade desde a Concepção e por Padrão - 1.0,,b99df4a4-2bf5-4c08-9483-bd636470bc11,,,892c334a-3e74-470c-9007-6f47fcf588aa,DRAFT,RA,2026-03-16T07:04:01.000+00:00,918195e3-fcf1-4950-a0df-5a0c0b998b81,1,2026-03-16T07:04:22.714+00:00,2026-03-16T07:05:08.402+00:00,False,e40yx52dkbjpcqazimno9yvh4k
2026-03-16T07:04:00.000+00:00,918195e3-fcf1-4950-a0df-5a0c0b998b81,Lista de verificação para segurança em aplicações web.,,LGPD-Aplicações Segurança,,90d315ff-bf76-4261-9e17-6f5e0b894dfd,,,LGPD - Guia de Segurança em Aplicações Web - 1.0,,b99df4a4-2bf5-4c08-9483-bd636470bc11,,,90d315ff-bf76-4261-9e17-6f5e0b894dfd,DRAFT,RA,2026-03-16T07:04:00.000+00:00,918195e3-fcf1-4950-a0df-5a0c0b998b81,1,2026-03-16T07:04:22.596+00:00,2026-03-16T07:05:08.402+00:00,False,e40yx52dkbjpcqazimno9yvh4k
2026-03-16T07:04:06.000+00:00,918195e3-fcf1-4950-a0df-5a0c0b998b81,This questionnaire is designed to help businesses assess their compliance with the California Privacy Rights Act (CPRA).,,CPRA Checklist ,,9364107a-cd20-4ca5-8fe5-79be253abcf7,,,California Privacy Rights Act (CPRA) Checklist - 1.2,,b99df4a4-2bf5-4c08-9483-bd636470bc11,,,9364107a-cd20-4ca5-8fe5-79be253abcf7,DRAFT,RA,2026-03-16T07:04:06.000+00:00,918195e3-fcf1-4950-a0df-5a0c0b998b81,1,2026-03-16T07:04:22.968+00:00,2026-03-16T07:05:08.402+00:00,False,e40yx52dkbjpcqazimno9yvh4k
2026-03-16T07:03:43.000+00:00,918195e3-fcf1-4950-a0df-5a0c0b998b81,This checklist is based on the European Banking Authority (EBA) Guidelines on information and communication technology (ICT) and security risk management.,,EBA ICT Checklist,,9b32faca-f03a-4026-8551-48390c7a835c,,,EBA Guidelines on ICT and Security Risk Management Checklist - 1.0,,b99df4a4-2bf5-4c08-9483-bd636470bc11,,,9b32faca-f03a-4026-8551-48390c7a835c,DRAFT,RA,2026-03-16T07:03:43.000+00:00,918195e3-fcf1-4950-a0df-5a0c0b998b81,1,2026-03-16T07:04:06.761+00:00,2026-03-16T07:05:08.402+00:00,False,e40yx52dkbjpcqazimno9yvh4k
2026-03-16T07:03:40.000+00:00,918195e3-fcf1-4950-a0df-5a0c0b998b81,This questionnaire is designed to help businesses assess their compliance with the India Personal Data Protection Bill (PDPB).,,"India PDPB, 2019",,ae3455d2-a01b-4b25-a755-17f5c1cb8163,,,India Personal Data Protection Bill Checklist - 1.0,,b99df4a4-2bf5-4c08-9483-bd636470bc11,,,ae3455d2-a01b-4b25-a755-17f5c1cb8163,DRAFT,RA,2026-03-16T07:03:40.000+00:00,918195e3-fcf1-4950-a0df-5a0c0b998b81,1,2026-03-16T07:04:06.347+00:00,2026-03-16T07:05:08.402+00:00,False,e40yx52dkbjpcqazimno9yvh4k
2026-03-16T07:03:30.000+00:00,918195e3-fcf1-4950-a0df-5a0c0b998b81,"Reliability  Standard  CIP-013-1 – Cyber Security – Supply  Chain  Risk  Management  addresses  the  relevant  cyber security  supply  chain  risks  in  the  planning,  acquisition,  and  deployment  phases  of  the  system  life  cycle  for high and  medium  impact  BES  Cyber  Systems.		",,CIP-013-1,,bb2e28bf-cfff-4dd8-89bc-830cd6f4b47e,,,CIP-013-1 Cyber Security Supply Chain Risk Management Planning 1.0,,b99df4a4-2bf5-4c08-9483-bd636470bc11,,,bb2e28bf-cfff-4dd8-89bc-830cd6f4b47e,DRAFT,RA,2026-03-16T07:03:30.000+00:00,918195e3-fcf1-4950-a0df-5a0c0b998b81,1,2026-03-16T07:04:05.198+00:00,2026-03-16T07:05:08.402+00:00,False,e40yx52dkbjpcqazimno9yvh4k
2026-03-16T07:03:41.000+00:00,918195e3-fcf1-4950-a0df-5a0c0b998b81,,,EU Anti-Money Laundering,,e62aefff-e22c-418d-8aa6-137dc75655ed,,,EU Anti-Money Laundering Risk Assessment Checklist- 1.0,,b99df4a4-2bf5-4c08-9483-bd636470bc11,,,e62aefff-e22c-418d-8aa6-137dc75655ed,DRAFT,RA,2026-03-16T07:03:41.000+00:00,918195e3-fcf1-4950-a0df-5a0c0b998b81,1,2026-03-16T07:04:06.474+00:00,2026-03-16T07:05:08.402+00:00,False,e40yx52dkbjpcqazimno9yvh4k
2026-03-16T07:03:58.000+00:00,918195e3-fcf1-4950-a0df-5a0c0b998b81,"This checklist is based on the Committee of Sponsoring Organizations of the Treadway Commission (COSO) Internal Control – Integrated Framework. The COSO Framework is commonly used for SOC 1 reporting and Sarbanes-Oxley compliance, and ""enables organizations to effectively and efficiently develop systems of internal control that adapt to changing business and operating environments, mitigate risks to acceptable levels, and support sound decision making and governance of the organization.”",,COSO Checklist,,f363398c-a900-4bfa-9cef-04e8e422e2d0,,,"COSO Internal Control–Integrated Framework Checklist (SOC 1, SOX) - 1.0",,b99df4a4-2bf5-4c08-9483-bd636470bc11,,,f363398c-a900-4bfa-9cef-04e8e422e2d0,DRAFT,RA,2026-03-16T07:03:58.000+00:00,918195e3-fcf1-4950-a0df-5a0c0b998b81,1,2026-03-16T07:04:14.281+00:00,2026-03-16T07:05:08.402+00:00,False,e40yx52dkbjpcqazimno9yvh4k
2026-03-16T07:03:37.000+00:00,918195e3-fcf1-4950-a0df-5a0c0b998b81,"This questionnaire is based on the UK Information Commissioner's Office's (UK ICO) sample Children's Code DPIA template, and contains public sector information licensed under the Open Government License v3.0. It can easily be linked to a processing activity in the Processing Activities Inventory.

The Children’s Code (or Age Appropriate Design Code) is a data protection code of practice for online services, such as apps, online games, and web and social media sites, likely to be accessed by children.",,UK ICO Children's Code ,,fe0be730-a4e7-4f98-b060-77787617232f,,,UK ICO Children's Code DPIA 1.0,,b99df4a4-2bf5-4c08-9483-bd636470bc11,,,fe0be730-a4e7-4f98-b060-77787617232f,DRAFT,RA,2026-03-16T07:03:38.000+00:00,918195e3-fcf1-4950-a0df-5a0c0b998b81,1,2026-03-16T07:04:06.134+00:00,2026-03-16T07:05:08.402+00:00,False,e40yx52dkbjpcqazimno9yvh4k
2026-03-16T07:04:30.000+00:00,918195e3-fcf1-4950-a0df-5a0c0b998b81,"Questa checklist ha lo scopo di verificare la corretta implementazione del modello di gestione, dell'organo di vigilanza e degli altri obblighi previsti dalla normativa contenuta nel D. Lgs. 231/2001. ",,231/2001 Checklist,,11c69be8-72fa-4d79-81dd-0a6b7f29d198,,,D. Lgs. 231 - Checklist (Italiano),,b99df4a4-2bf5-4c08-9483-bd636470bc11,,,11c69be8-72fa-4d79-81dd-0a6b7f29d198,DRAFT,RA,2026-03-16T07:04:30.000+00:00,918195e3-fcf1-4950-a0df-5a0c0b998b81,1,2026-03-16T07:05:06.298+00:00,2026-03-16T07:07:08.456+00:00,False,e40yx52dkbjpcqazimno9yvh4k
2026-03-16T07:04:39.000+00:00,918195e3-fcf1-4950-a0df-5a0c0b998b81,"This questionnaire is based on the U.S. Federal Trade Commission's Business Blog post ""Using Artificial Intelligence and Algorithms."" It aims to help organizations understand and evaluate the consumer protection risks of their use of AI and algorithms, namely, to help ensure that the use AI of tools is transparent, explainable, fair, and empirically sound, and to demonstrate accountability.",,FTC - AI & Algorithms,,2891d528-60fb-43bd-8e2b-58c13d236262,,,US FTC: Using Artificial Intelligence and Algorithms - 1.0,,b99df4a4-2bf5-4c08-9483-bd636470bc11,,,2891d528-60fb-43bd-8e2b-58c13d236262,DRAFT,RA,2026-03-16T07:04:39.000+00:00,918195e3-fcf1-4950-a0df-5a0c0b998b81,1,2026-03-16T07:05:07.297+00:00,2026-03-16T07:07:08.456+00:00,False,e40yx52dkbjpcqazimno9yvh4k
2026-03-16T07:04:46.000+00:00,918195e3-fcf1-4950-a0df-5a0c0b998b81,"This questionnaire is designed to help assess compliance with the South Africa Protection of Personal Information Act, 2013 Protection of Personal Information Act, 2013 (Act 4 of 2013) (POPIA).",,POPIA Checklist,,2fc78e30-7e31-4e2e-9cf5-cf21c3ee2174,,,South Africa POPIA Checklist - 1.1,,b99df4a4-2bf5-4c08-9483-bd636470bc11,,,2fc78e30-7e31-4e2e-9cf5-cf21c3ee2174,DRAFT,RA,2026-03-16T07:04:46.000+00:00,918195e3-fcf1-4950-a0df-5a0c0b998b81,1,2026-03-16T07:05:07.947+00:00,2026-03-16T07:07:08.456+00:00,False,e40yx52dkbjpcqazimno9yvh4k
2026-03-16T07:04:25.000+00:00,918195e3-fcf1-4950-a0df-5a0c0b998b81,"Use this questionnaire to assess the effectiveness of your financial institution's risk management process as it relates to the outsourcing of information systems and technology services. The questions are based on the Federal Financial Institutions Examination Council (FFIEC) Information Technology Examination Handbook (IT Handbook) ""Outsourcing Technology Services Booklet,"" which provides guidance and examination procedures to assist examiners and bankers in evaluating a financial institution's risk management processes to establish, manage, and monitor IT outsourcing relationships.",,FFIEC - Outsourced Tech,,3d3c6eef-a673-4211-b084-6d26fb868618,,,FFIEC - Outsourcing Technology Services Booklet - 1.0,,b99df4a4-2bf5-4c08-9483-bd636470bc11,,,3d3c6eef-a673-4211-b084-6d26fb868618,DRAFT,RA,2026-03-16T07:04:26.000+00:00,918195e3-fcf1-4950-a0df-5a0c0b998b81,1,2026-03-16T07:05:05.402+00:00,2026-03-16T07:07:08.456+00:00,False,e40yx52dkbjpcqazimno9yvh4k
2026-03-16T07:04:30.000+00:00,918195e3-fcf1-4950-a0df-5a0c0b998b81,"De in NEN 7510‐1 en  besproken beheersmaatregelen zijn de beheersmaatregelen waarvan is bepaald dat ze geschikt zijn om de beschikbaarheid, integriteit en vertrouwelijkheid van persoonlijke	gezondheidsinformatie in de zorg te beschermen en ervoor te zorgen dat de toegang tot dergelijke informatie gecontroleerd en verantwoord kan worden.",,Richtlijn NEN 7510-1,,41ae38f4-a7fb-4ea0-bd85-e211b0e5900b,,,Richtlijn NEN 7510-1 - 1.0,,b99df4a4-2bf5-4c08-9483-bd636470bc11,,,41ae38f4-a7fb-4ea0-bd85-e211b0e5900b,DRAFT,RA,2026-03-16T07:04:30.000+00:00,918195e3-fcf1-4950-a0df-5a0c0b998b81,1,2026-03-16T07:05:06.104+00:00,2026-03-16T07:07:08.456+00:00,False,e40yx52dkbjpcqazimno9yvh4k
2026-03-16T07:05:01.000+00:00,918195e3-fcf1-4950-a0df-5a0c0b998b81,"This checklist is based on the Securities and Exchange Commission's Regulation S-ID Red Flags Rule and ""Small Entity Compliance Guide."" It is designed to assist organizations that are subject to the jurisdiction of the Securities and Exchange Commission (“SEC”) or Commodity Futures Trading Commission (“CFTC”) with developing and/or assessing their identity theft prevention program.",,SEC Red Flags Checklist,,4c88cc09-7d26-45cc-ae18-e18085e75ab1,,,U.S. SEC Reg. S-ID: Identity Theft Flags Rule Checklist - 1.0,,b99df4a4-2bf5-4c08-9483-bd636470bc11,,,4c88cc09-7d26-45cc-ae18-e18085e75ab1,DRAFT,RA,2026-03-16T07:05:01.000+00:00,918195e3-fcf1-4950-a0df-5a0c0b998b81,1,2026-03-16T07:05:22.685+00:00,2026-03-16T07:07:08.456+00:00,False,e40yx52dkbjpcqazimno9yvh4k
2026-03-16T07:04:17.000+00:00,918195e3-fcf1-4950-a0df-5a0c0b998b81,This questionnaire is an adaptation of the Cloud Security Alliance's (CSA) Cloud Controls Matrix (CCM) v4.0.,,CSA CCM v4.0,,4c9b8b68-1c61-4df3-ae18-471d385af4a2,,,CSA CCM v4.0 - 1.0,,b99df4a4-2bf5-4c08-9483-bd636470bc11,,,4c9b8b68-1c61-4df3-ae18-471d385af4a2,DRAFT,RA,2026-03-16T07:04:17.000+00:00,918195e3-fcf1-4950-a0df-5a0c0b998b81,1,2026-03-16T07:05:04.715+00:00,2026-03-16T07:07:08.456+00:00,False,e40yx52dkbjpcqazimno9yvh4k
2026-03-16T07:04:34.000+00:00,918195e3-fcf1-4950-a0df-5a0c0b998b81,This questionnaire is a reproduction of the Cloud Security Alliance (CSA) Consensus Assessments Initiative Questionnaire (CAIQ) v3.1.,,CSA CAIQ v3.0.1,,4deeea8e-20e0-46ee-987f-01b5c2c7c3f2,,,CSA CAIQ v3.1 - 1.1,,b99df4a4-2bf5-4c08-9483-bd636470bc11,,,4deeea8e-20e0-46ee-987f-01b5c2c7c3f2,DRAFT,RA,2026-03-16T07:04:35.000+00:00,918195e3-fcf1-4950-a0df-5a0c0b998b81,1,2026-03-16T07:05:06.558+00:00,2026-03-16T07:07:08.456+00:00,False,e40yx52dkbjpcqazimno9yvh4k
2026-03-16T07:04:24.000+00:00,918195e3-fcf1-4950-a0df-5a0c0b998b81,"Esta plantilla está diseñada para ayudar a las administraciones públicas, y organizaciones que presten servicio a éstas, a detectar e implementar los controles requeridos como se muestra en el Anexo II del ENS.",,ENS,,722bbdc8-0e64-416b-957f-7052566622fb,,,Lista de verifacación del esquema nacional de seguridad - 1.1,,b99df4a4-2bf5-4c08-9483-bd636470bc11,,,722bbdc8-0e64-416b-957f-7052566622fb,DRAFT,RA,2026-03-16T07:04:24.000+00:00,918195e3-fcf1-4950-a0df-5a0c0b998b81,1,2026-03-16T07:05:05.307+00:00,2026-03-16T07:07:08.456+00:00,False,e40yx52dkbjpcqazimno9yvh4k
2026-03-16T07:04:18.000+00:00,918195e3-fcf1-4950-a0df-5a0c0b998b81,"This checklist is an adaptation of the Massachusetts Office of Consumer Affairs and Business Regulation's ""201 CMR 17.00 Compliance Checklist.""",,201 CMR 17.00 Checklist,,76d4a978-b9c0-4dc8-b078-48b4f045b880,,,201 CMR 17.00 Compliance Checklist - 1.0,,b99df4a4-2bf5-4c08-9483-bd636470bc11,,,76d4a978-b9c0-4dc8-b078-48b4f045b880,DRAFT,RA,2026-03-16T07:04:18.000+00:00,918195e3-fcf1-4950-a0df-5a0c0b998b81,1,2026-03-16T07:05:04.849+00:00,2026-03-16T07:07:08.456+00:00,False,e40yx52dkbjpcqazimno9yvh4k
2026-03-16T07:04:50.000+00:00,918195e3-fcf1-4950-a0df-5a0c0b998b81,"Contains the full set of questions found in the “L. Compliance” domain of the 2021 Shared Assessments Standardized Information Gathering Questionnaire (SIG). Categories include: compliance management, business ethics and corporate compliance, call center controls, consumer protection, cybersecurity regulatory compliance, environmental risk management, external assurance and audit, FDA compliance, financial crimes and anti-fraud, health and safety, intellectual property, international trade and export, payments compliance, records retention, and sanction compliance.",,2021 SIG (Compliance),,778f108b-dbfd-4d26-8e8e-0a4dd07c2098,,,2021 SIG (Compliance) - 1.0,,b99df4a4-2bf5-4c08-9483-bd636470bc11,,,778f108b-dbfd-4d26-8e8e-0a4dd07c2098,DRAFT,RA,2026-03-16T07:04:50.000+00:00,918195e3-fcf1-4950-a0df-5a0c0b998b81,1,2026-03-16T07:05:08.143+00:00,2026-03-16T07:07:08.456+00:00,False,e40yx52dkbjpcqazimno9yvh4k
2026-03-16T07:04:38.000+00:00,918195e3-fcf1-4950-a0df-5a0c0b998b81,"This questionnaire is based on the U.S. Federal Trade Commission's ""Protecting Personal Information - A Guide for Business,"" which details the principles necessary to keep personal information secure. Use this questionnaire to assess whether and to what extent your organization meets these data security principles and to determine where changes are necessary.",,FTC - PI Protection Guide,,7bdf009a-911b-4765-9e4b-af72bd995b1b,,,US FTC: Protecting Personal Information - A Guide for Business - 1.0,,b99df4a4-2bf5-4c08-9483-bd636470bc11,,,7bdf009a-911b-4765-9e4b-af72bd995b1b,DRAFT,RA,2026-03-16T07:04:38.000+00:00,918195e3-fcf1-4950-a0df-5a0c0b998b81,1,2026-03-16T07:05:07.168+00:00,2026-03-16T07:07:08.456+00:00,False,e40yx52dkbjpcqazimno9yvh4k
2026-03-16T07:04:27.000+00:00,918195e3-fcf1-4950-a0df-5a0c0b998b81,"This template is based on Appendix D of the Federal Financial Institutions Examination Council's Outsourcing Technology Services Booklet. Use this questionnaire to assess the effectiveness of your financial institution's risk management process as it relates to the outsourcing of information systems and technology and security services, and the heightened risks specific to the outsourcing of security services to a Managed Security Services Provider.",,FFIEC - MSSP,,7d3ec08a-a571-46f8-a9c8-04e79b5b7523,,,FFIEC - Managed Security Services Provider - 1.0,,b99df4a4-2bf5-4c08-9483-bd636470bc11,,,7d3ec08a-a571-46f8-a9c8-04e79b5b7523,DRAFT,RA,2026-03-16T07:04:27.000+00:00,918195e3-fcf1-4950-a0df-5a0c0b998b81,1,2026-03-16T07:05:05.531+00:00,2026-03-16T07:07:08.456+00:00,False,e40yx52dkbjpcqazimno9yvh4k
2026-03-16T07:04:21.000+00:00,918195e3-fcf1-4950-a0df-5a0c0b998b81,"Digital businesses should use this assessment to identify the set of key practices they can use to manage cybersecurity risks associated with their supply chains. These key practices can be used to implement a robust C-SCRM function at an organization of any size, scope, and complexity. The assessment is based on the National Institute of Standards and Technology's Key Practices in Cyber Supply Chain Risk Management: Observations from Industry (NISTIR 8276).",,NISTIR 8276 C-SCRM,,8acd1bf4-37e2-4f41-8fc8-a672e9b336ba,,,NIST - Key Practices in Cyber Supply Chain Risk Management - 1.0,,b99df4a4-2bf5-4c08-9483-bd636470bc11,,,8acd1bf4-37e2-4f41-8fc8-a672e9b336ba,DRAFT,RA,2026-03-16T07:04:21.000+00:00,918195e3-fcf1-4950-a0df-5a0c0b998b81,1,2026-03-16T07:05:05.129+00:00,2026-03-16T07:07:08.456+00:00,False,e40yx52dkbjpcqazimno9yvh4k
2026-03-16T07:05:06.000+00:00,918195e3-fcf1-4950-a0df-5a0c0b998b81,"This checklist is an adaptation of the Missouri Department of Health and Senior Services Pandemic Influenza Business Planning Toolkit. It is designed to help businesses think through critical issues related to pandemic influenza planning, create comprehensive plans to address these needs, and to provide a consistent approach for all those involved.",,MO Pandemic Checklist,,8c0d8b7d-883a-4d56-9f0e-fd8144dc60dc,,,Missouri Pandemic Influenza Business Planning Checklist - 1.0,,b99df4a4-2bf5-4c08-9483-bd636470bc11,,,8c0d8b7d-883a-4d56-9f0e-fd8144dc60dc,DRAFT,RA,2026-03-16T07:05:06.000+00:00,918195e3-fcf1-4950-a0df-5a0c0b998b81,1,2026-03-16T07:05:22.871+00:00,2026-03-16T07:07:08.456+00:00,False,e40yx52dkbjpcqazimno9yvh4k
2026-03-16T07:04:57.000+00:00,918195e3-fcf1-4950-a0df-5a0c0b998b81,"The following checklist is an adaptation of the U.S. Department of Homeland Security's Pandemic Influenza Preparedness, Response, and Recovery Guide for Critical Infrastructure and Key Resources. With this Guide, DHS hopes to assist the nation’s 17 CI/KR sector businesses (large, medium, and small), and and industry in general, with the actions they should be taking to prepare and respond to, and recover from, a localized outbreak, as well as the broader pandemic. ",,US DHS Pandemic Checklist,,9db16395-2657-4d0d-8d09-799c4a6751de,,,U.S. DHS Pandemic Critical Infrastructure Checklist - 1.0,,b99df4a4-2bf5-4c08-9483-bd636470bc11,,,9db16395-2657-4d0d-8d09-799c4a6751de,DRAFT,RA,2026-03-16T07:04:57.000+00:00,918195e3-fcf1-4950-a0df-5a0c0b998b81,1,2026-03-16T07:05:13.880+00:00,2026-03-16T07:07:08.456+00:00,False,e40yx52dkbjpcqazimno9yvh4k
2026-03-16T07:04:36.000+00:00,918195e3-fcf1-4950-a0df-5a0c0b998b81,"This template is based on the U.S. Federal Trade Commission's ""Careful Connections: Building Security in the Internet of Things,"" which provides guidance to companies developing Internet of Things (IoT) technologies. Use this template to determine whether your company is taking reasonable steps to protect consumers’ IoT devices from security threats and actors.",,FTC IoT Security Guide,,afa61e2f-5cd0-4e6e-a7e2-433216b07360,,,U.S. FTC: Building Security in the Internet of Things (IoT) - 1.0,,b99df4a4-2bf5-4c08-9483-bd636470bc11,,,afa61e2f-5cd0-4e6e-a7e2-433216b07360,DRAFT,RA,2026-03-16T07:04:36.000+00:00,918195e3-fcf1-4950-a0df-5a0c0b998b81,1,2026-03-16T07:05:06.815+00:00,2026-03-16T07:07:08.456+00:00,False,e40yx52dkbjpcqazimno9yvh4k
2026-03-16T07:04:45.000+00:00,918195e3-fcf1-4950-a0df-5a0c0b998b81,This checklist is an adaptation of the UK Cabinet Office's Pandemic Checklist for Businesses. It is designed to help organizations plan for the impact of a pandemic. The checklist is available at https://www.gov.uk/government/publications/pandemic-flu-checklist-for-businesses. It contains public sector information licensed under the Open Government License v3.0.,,UK Pandemic Checklist,,b229587f-85d0-4b4e-926d-59771c8a2277,,,UK Business Pandemic Planning Checklist - 1.1,,b99df4a4-2bf5-4c08-9483-bd636470bc11,,,b229587f-85d0-4b4e-926d-59771c8a2277,DRAFT,RA,2026-03-16T07:04:45.000+00:00,918195e3-fcf1-4950-a0df-5a0c0b998b81,1,2026-03-16T07:05:07.738+00:00,2026-03-16T07:07:08.456+00:00,False,e40yx52dkbjpcqazimno9yvh4k
2026-03-16T07:04:37.000+00:00,918195e3-fcf1-4950-a0df-5a0c0b998b81,"The U.S. Federal Trade Commission (FTC) developed the ""Start with Security: A Guide for Business - Lessons Learned from FTC Cases"" to help organizations learn about the fundamental security practices they should have in place to reduce risks from common vulnerabilities. Use this checklist to ensure that you have implemented appropriate security practices.",,FTC Security Guide,,c02a7cf7-142e-4e80-8ee2-b9182c4ddd14,,,US FTC: Start with Security - A Guide for Business - 1.0,,b99df4a4-2bf5-4c08-9483-bd636470bc11,,,c02a7cf7-142e-4e80-8ee2-b9182c4ddd14,DRAFT,RA,2026-03-16T07:04:37.000+00:00,918195e3-fcf1-4950-a0df-5a0c0b998b81,1,2026-03-16T07:05:07.036+00:00,2026-03-16T07:07:08.456+00:00,False,e40yx52dkbjpcqazimno9yvh4k
2026-03-16T07:04:41.000+00:00,918195e3-fcf1-4950-a0df-5a0c0b998b81,"Use this questionnaire to understand and evaluate the legal and policy risks of your use of big data analytics. This template is based on the U.S. Federal Trade Commission's ""Big Data: A Tool for Inclusion or Exclusion? Report"" (2016).",,FTC - Big Data Analytics,,c13e78f7-15ec-452e-a2bf-017c6d5b476e,,,US FTC: Big Data Analytics Risks- 1.0,,b99df4a4-2bf5-4c08-9483-bd636470bc11,,,c13e78f7-15ec-452e-a2bf-017c6d5b476e,DRAFT,RA,2026-03-16T07:04:41.000+00:00,918195e3-fcf1-4950-a0df-5a0c0b998b81,1,2026-03-16T07:05:07.443+00:00,2026-03-16T07:07:08.456+00:00,False,e40yx52dkbjpcqazimno9yvh4k
2026-03-16T07:05:03.000+00:00,918195e3-fcf1-4950-a0df-5a0c0b998b81,This questionnaire is based on the Cloud Security Alliance's Code of Conduct for GDPR Compliance. ,,CSA GDPR CoC,,d4b15368-74d0-4455-a672-1d6ed73e453f,,,CSA Code of Conduct for GDPR Compliance Checklist (May 2019) - 2.1,,b99df4a4-2bf5-4c08-9483-bd636470bc11,,,d4b15368-74d0-4455-a672-1d6ed73e453f,DRAFT,RA,2026-03-16T07:05:03.000+00:00,918195e3-fcf1-4950-a0df-5a0c0b998b81,1,2026-03-16T07:05:22.769+00:00,2026-03-16T07:07:08.456+00:00,False,e40yx52dkbjpcqazimno9yvh4k
2026-03-16T07:04:59.000+00:00,918195e3-fcf1-4950-a0df-5a0c0b998b81,This checklist is based on the Fair and Accurate Credit Transaction Act's Red Flags Rule and the U.S. Federal Trade Commission's Fighting Identity Theft with the Red Flags Rule: A How-To Guide for Business (May 2013). It is designed to assist organizations that are subject to FTC jurisdiction with developing and/or assessing their identity theft prevention program.,,FTC Red Flags Checklist,,d7bba676-41e7-4f68-956f-81f1387a35ed,,,U.S. FACTA FTC Red Flags Rule Checklist - 1.0,,b99df4a4-2bf5-4c08-9483-bd636470bc11,,,d7bba676-41e7-4f68-956f-81f1387a35ed,DRAFT,RA,2026-03-16T07:04:59.000+00:00,918195e3-fcf1-4950-a0df-5a0c0b998b81,1,2026-03-16T07:05:22.594+00:00,2026-03-16T07:07:08.456+00:00,False,e40yx52dkbjpcqazimno9yvh4k
2026-03-16T07:04:43.000+00:00,918195e3-fcf1-4950-a0df-5a0c0b998b81,This template is based on the Cyber Security Planning Guide developed by the U.S. Federal Communications Commission (FCC). Use this checklist to create a customized cyber security plan for your organization.,,FCC Cyber Security Guide,,de8c0396-9d77-48d4-8a0d-10e72488d062,,,U.S. FCC Cyber Security Planning Guide - 1.0,,b99df4a4-2bf5-4c08-9483-bd636470bc11,,,de8c0396-9d77-48d4-8a0d-10e72488d062,DRAFT,RA,2026-03-16T07:04:44.000+00:00,918195e3-fcf1-4950-a0df-5a0c0b998b81,1,2026-03-16T07:05:07.594+00:00,2026-03-16T07:07:08.456+00:00,False,e40yx52dkbjpcqazimno9yvh4k
2026-03-16T07:05:07.000+00:00,918195e3-fcf1-4950-a0df-5a0c0b998b81,This checklist is based on 16 CFR Part 314 and the FTC's Financial Institutions and Customer Information: Complying with the Safeguards Rule. It is designed to help financial institutions comply with the Gramm-Leach-Bliley Act (GLBA) Safeguards Rule.,,GLBA Safeguards Checklist,,dead7bcc-268c-47a6-ae43-913af4b91dfa,,,GLBA Safeguards Rule Checklist - 1.0,,b99df4a4-2bf5-4c08-9483-bd636470bc11,,,dead7bcc-268c-47a6-ae43-913af4b91dfa,DRAFT,RA,2026-03-16T07:05:08.000+00:00,918195e3-fcf1-4950-a0df-5a0c0b998b81,1,2026-03-16T07:05:30.741+00:00,2026-03-16T07:07:08.456+00:00,False,e40yx52dkbjpcqazimno9yvh4k
2026-03-16T07:04:29.000+00:00,918195e3-fcf1-4950-a0df-5a0c0b998b81,De BIO verhoogt de informatieveiligheid bij alle bestuurslagen van de overheid. Vanaf 1 januari 2019 is de Baseline Informatiebeveiliging Overheid (BIO) van kracht.,,Richtlijn BIO,,e1bfe8e9-196f-483d-be14-6c45c1f4ff23,,,Richtlijn voor de Baseline Informatiebeveiliging Overheid (BIO) - 1.2,,b99df4a4-2bf5-4c08-9483-bd636470bc11,,,e1bfe8e9-196f-483d-be14-6c45c1f4ff23,DRAFT,RA,2026-03-16T07:04:29.000+00:00,918195e3-fcf1-4950-a0df-5a0c0b998b81,1,2026-03-16T07:05:05.796+00:00,2026-03-16T07:07:08.456+00:00,False,e40yx52dkbjpcqazimno9yvh4k
2026-03-16T07:04:52.000+00:00,918195e3-fcf1-4950-a0df-5a0c0b998b81,This questionnaire is based on the UK Information Commissioner's Office's (UK ICO) accountability self-assessment to assess the extent to which your organization is currently meeting the ICO’s expectations in relation to accountability and contains public sector information licensed under the Open Government License v3.0.,,UK ICO Accountability,,f6f9dc4e-56d7-40ce-b173-e83a0ae643b0,,,UK ICO Accountability Framework Self-Assessment - 1.0,,b99df4a4-2bf5-4c08-9483-bd636470bc11,,,f6f9dc4e-56d7-40ce-b173-e83a0ae643b0,DRAFT,RA,2026-03-16T07:04:52.000+00:00,918195e3-fcf1-4950-a0df-5a0c0b998b81,1,2026-03-16T07:05:10.931+00:00,2026-03-16T07:07:08.456+00:00,False,e40yx52dkbjpcqazimno9yvh4k
2026-03-16T07:04:20.000+00:00,918195e3-fcf1-4950-a0df-5a0c0b998b81,"Use this checklist to ensure that your business has the basic cybersecurity measures in place to protect your business from cyber attacks. This questionnaire is based on the U.S. Federal Trade Commission's business cybersecurity resources, developed in partnership with the National Institute of Standards and Technology, the U.S. Small Business Administration, and the Department of Homeland Security.",,FTC Cybersecurity - SMEs,,fc0764ee-a69f-4b2c-9c08-f8db6ac12dbd,,,U.S. FTC - Cybersecurity Guide for SMEs - 1.0,,b99df4a4-2bf5-4c08-9483-bd636470bc11,,,fc0764ee-a69f-4b2c-9c08-f8db6ac12dbd,DRAFT,RA,2026-03-16T07:04:20.000+00:00,918195e3-fcf1-4950-a0df-5a0c0b998b81,1,2026-03-16T07:05:05.016+00:00,2026-03-16T07:07:08.456+00:00,False,e40yx52dkbjpcqazimno9yvh4k
2026-03-16T07:06:14.000+00:00,918195e3-fcf1-4950-a0df-5a0c0b998b81,Helps with conducting an audit of an organization's PIMS against the ISO/IEC 27701:2019 standard.,,ISO 27701 Checklist,,01fe608b-f4bd-48ba-be7e-d8eb924faeb6,,,ISO 27701 Audit Checklist - 1.0,,b99df4a4-2bf5-4c08-9483-bd636470bc11,,,01fe608b-f4bd-48ba-be7e-d8eb924faeb6,DRAFT,RA,2026-03-16T07:06:14.000+00:00,918195e3-fcf1-4950-a0df-5a0c0b998b81,1,2026-03-16T07:06:31.756+00:00,2026-03-16T07:08:04.198+00:00,False,e40yx52dkbjpcqazimno9yvh4k
2026-03-16T07:06:20.000+00:00,918195e3-fcf1-4950-a0df-5a0c0b998b81,"Based on Module 43 ""Logging"" of the German Standard Data Protection Model.",,SDM Logging,,05dba06d-0d81-4602-9a6a-7745334b55e9,,,German SDM Module 43 Logging - 1.0.0,,b99df4a4-2bf5-4c08-9483-bd636470bc11,,,05dba06d-0d81-4602-9a6a-7745334b55e9,DRAFT,RA,2026-03-16T07:06:20.000+00:00,918195e3-fcf1-4950-a0df-5a0c0b998b81,1,2026-03-16T07:07:05.516+00:00,2026-03-16T07:08:04.198+00:00,False,e40yx52dkbjpcqazimno9yvh4k
2026-03-16T07:06:01.000+00:00,918195e3-fcf1-4950-a0df-5a0c0b998b81,"2019 Shared Assessments Standardized Information Gathering Questionnaire - ""A. Risk Management"" Domain",,2019 (Risk Management),,0fc36650-8960-425d-b1d5-7eba013a528f,,,2019 SIG (Risk Management) - 1.1,,b99df4a4-2bf5-4c08-9483-bd636470bc11,,,0fc36650-8960-425d-b1d5-7eba013a528f,DRAFT,RA,2026-03-16T07:06:01.000+00:00,918195e3-fcf1-4950-a0df-5a0c0b998b81,1,2026-03-16T07:06:23.149+00:00,2026-03-16T07:08:04.198+00:00,False,e40yx52dkbjpcqazimno9yvh4k
2026-03-16T07:06:18.000+00:00,918195e3-fcf1-4950-a0df-5a0c0b998b81,"Developed by K Royal, CIPP/US, CIPP/E, the BCR Readiness Assessment (Controllers) is designed to be used by controllers to determine their fitness for binding corporate rules (BCRs).",,,,1760e6b8-987e-4bb1-9623-c40a2a11db02,,,BCR Readiness Assessment (Controllers) - 2.0.0,,b99df4a4-2bf5-4c08-9483-bd636470bc11,,,1760e6b8-987e-4bb1-9623-c40a2a11db02,DRAFT,RA,2026-03-16T07:06:19.000+00:00,918195e3-fcf1-4950-a0df-5a0c0b998b81,1,2026-03-16T07:07:05.232+00:00,2026-03-16T07:08:04.198+00:00,False,e40yx52dkbjpcqazimno9yvh4k
2026-03-16T07:06:00.000+00:00,918195e3-fcf1-4950-a0df-5a0c0b998b81,"2019 Shared Assessments Standardized Information Gathering Questionnaire - ""V. Cloud Hosting"" Domain",,2019 SIG Core,,1a2d250e-a82e-4466-8ba7-5c707c5e8055,,,2019 SIG (Cloud Hosting) - 1.1,,b99df4a4-2bf5-4c08-9483-bd636470bc11,,,1a2d250e-a82e-4466-8ba7-5c707c5e8055,DRAFT,RA,2026-03-16T07:06:00.000+00:00,918195e3-fcf1-4950-a0df-5a0c0b998b81,1,2026-03-16T07:06:22.988+00:00,2026-03-16T07:08:04.198+00:00,False,e40yx52dkbjpcqazimno9yvh4k
2026-03-16T07:06:18.000+00:00,918195e3-fcf1-4950-a0df-5a0c0b998b81,The BCR Readiness Assessment (Processors) is designed to be used by processors to determine their fitness for binding corporate rules (BCRs).,,,,1e3b98a3-992a-423f-919b-460e467e00b7,,,BCR Readiness Assessment (Processors) - 2.0.0,,b99df4a4-2bf5-4c08-9483-bd636470bc11,,,1e3b98a3-992a-423f-919b-460e467e00b7,DRAFT,RA,2026-03-16T07:06:18.000+00:00,918195e3-fcf1-4950-a0df-5a0c0b998b81,1,2026-03-16T07:07:05.154+00:00,2026-03-16T07:08:04.198+00:00,False,e40yx52dkbjpcqazimno9yvh4k
2026-03-16T07:05:34.000+00:00,918195e3-fcf1-4950-a0df-5a0c0b998b81,This checklist is based on the U.S. Dept. of Defense's Cybersecurity Maturity Model Certification (CMMC) v1.02. The checklist is designed to assist organizations in assessing themselves against the CMMC processes and practices.,,CMMC v1.02 Checklist,,22a9dad2-306e-4b7d-b2f9-839afef06102,,,CMMC v1.02 Checklist - 1.1,,b99df4a4-2bf5-4c08-9483-bd636470bc11,,,22a9dad2-306e-4b7d-b2f9-839afef06102,DRAFT,RA,2026-03-16T07:05:34.000+00:00,918195e3-fcf1-4950-a0df-5a0c0b998b81,1,2026-03-16T07:06:06.863+00:00,2026-03-16T07:08:04.198+00:00,False,e40yx52dkbjpcqazimno9yvh4k
2026-03-16T07:05:45.000+00:00,918195e3-fcf1-4950-a0df-5a0c0b998b81,"This questionnaire is designed be used as an audit checklist, to identify gaps in preparation for self-certification under the Framework. It can also be used to assist with meeting verification requirements under Supplemental Principle III.7 of the EU-U.S. Privacy Shied Framework.",,Privacy Shield Checklist,,250bdf07-2011-4361-ac70-1a3962799bc6,,,EU-U.S Privacy Shield Audit Checklist - 3.1,,b99df4a4-2bf5-4c08-9483-bd636470bc11,,,250bdf07-2011-4361-ac70-1a3962799bc6,DRAFT,RA,2026-03-16T07:05:45.000+00:00,918195e3-fcf1-4950-a0df-5a0c0b998b81,1,2026-03-16T07:06:08.129+00:00,2026-03-16T07:08:04.198+00:00,False,e40yx52dkbjpcqazimno9yvh4k
2026-03-16T07:06:23.000+00:00,918195e3-fcf1-4950-a0df-5a0c0b998b81,Based on the U.S. Dept. of Education PTAC's Data Governance Checklist.,,U.S. ED PTAC Checklist,,39dab527-aa8c-4d63-a4a8-a04f5ed5333c,,,U.S. Dept. of Education PTAC Data Governance Checklist - 1.0.0,,b99df4a4-2bf5-4c08-9483-bd636470bc11,,,39dab527-aa8c-4d63-a4a8-a04f5ed5333c,DRAFT,RA,2026-03-16T07:06:23.000+00:00,918195e3-fcf1-4950-a0df-5a0c0b998b81,1,2026-03-16T07:07:05.717+00:00,2026-03-16T07:08:04.198+00:00,False,e40yx52dkbjpcqazimno9yvh4k
2026-03-16T07:06:22.000+00:00,918195e3-fcf1-4950-a0df-5a0c0b998b81,"Based on Module 41 ""Planning and Specification"" of the German Standard Data Protection Model.",,SDM Planning,,403d360d-2bc9-4dc0-aa9e-8da5c24a8354,,,German SDM Module 41 Planning and Specification - 1.0.0,,b99df4a4-2bf5-4c08-9483-bd636470bc11,,,403d360d-2bc9-4dc0-aa9e-8da5c24a8354,DRAFT,RA,2026-03-16T07:06:22.000+00:00,918195e3-fcf1-4950-a0df-5a0c0b998b81,1,2026-03-16T07:07:05.625+00:00,2026-03-16T07:08:04.198+00:00,False,e40yx52dkbjpcqazimno9yvh4k
2026-03-16T07:06:07.000+00:00,918195e3-fcf1-4950-a0df-5a0c0b998b81,"This questionnaire is based on the Guidelines for Internet Personal Information Security Protection, and helps with compliance with the China Cybersecurity Law.",,China Internet Security,,428ed2de-dbd9-43df-abee-3c21763d7393,,,China Guidelines for Internet Personal Data Security Audit – 1.0,,b99df4a4-2bf5-4c08-9483-bd636470bc11,,,428ed2de-dbd9-43df-abee-3c21763d7393,DRAFT,RA,2026-03-16T07:06:07.000+00:00,918195e3-fcf1-4950-a0df-5a0c0b998b81,1,2026-03-16T07:06:23.858+00:00,2026-03-16T07:08:04.198+00:00,False,e40yx52dkbjpcqazimno9yvh4k
2026-03-16T07:05:48.000+00:00,918195e3-fcf1-4950-a0df-5a0c0b998b81,"This questionnaire assists in conducting an information technology audit of an organization's service management system (SMS) and service life-cycle against the ISO 20000-1:2018 standard (""ISO 20000-1"").",,ISO 20000-1 Checklist,,46992e2e-d1e1-448a-9807-e53434e2c527,,,ISO 20000-1 Audit Checklist - 1.0,,b99df4a4-2bf5-4c08-9483-bd636470bc11,,,46992e2e-d1e1-448a-9807-e53434e2c527,DRAFT,RA,2026-03-16T07:05:48.000+00:00,918195e3-fcf1-4950-a0df-5a0c0b998b81,1,2026-03-16T07:06:09.103+00:00,2026-03-16T07:08:04.198+00:00,False,e40yx52dkbjpcqazimno9yvh4k
2026-03-16T07:06:20.000+00:00,918195e3-fcf1-4950-a0df-5a0c0b998b81,"Based on Module 11 ""Storage"" of the German Standard Data Protection Model.",,SDM Storage,,51b44c21-9262-407b-9f69-b21df320b88e,,,German SDM Module 11 Storage - 1.0.0,,b99df4a4-2bf5-4c08-9483-bd636470bc11,,,51b44c21-9262-407b-9f69-b21df320b88e,DRAFT,RA,2026-03-16T07:06:20.000+00:00,918195e3-fcf1-4950-a0df-5a0c0b998b81,1,2026-03-16T07:07:05.404+00:00,2026-03-16T07:08:04.198+00:00,False,e40yx52dkbjpcqazimno9yvh4k
2026-03-16T07:06:10.000+00:00,918195e3-fcf1-4950-a0df-5a0c0b998b81,This questionnaire is based on NIST Cybersecurity Framework Core v.1.1.,,NIST CSF v1.1,,57cf0436-cf17-4b54-8791-e4067bb5ca2e,,,NIST Cybersecurity Framework Core v.1.1 - 1.2,,b99df4a4-2bf5-4c08-9483-bd636470bc11,,,57cf0436-cf17-4b54-8791-e4067bb5ca2e,DRAFT,RA,2026-03-16T07:06:10.000+00:00,918195e3-fcf1-4950-a0df-5a0c0b998b81,1,2026-03-16T07:06:30.709+00:00,2026-03-16T07:08:04.198+00:00,False,e40yx52dkbjpcqazimno9yvh4k
2026-03-16T07:06:27.000+00:00,918195e3-fcf1-4950-a0df-5a0c0b998b81,Designed to provide fundamental security principles to guide cloud vendors and to assist prospective cloud customers in assessing the overall security risk of a cloud provider.,,CSA CAIQ v3.0.1,,61a81db3-18bd-47b1-9d8b-4e2307e85a1c,,,CSA CCM v3.0.1 - 1.1.0,,b99df4a4-2bf5-4c08-9483-bd636470bc11,,,61a81db3-18bd-47b1-9d8b-4e2307e85a1c,DRAFT,RA,2026-03-16T07:06:27.000+00:00,918195e3-fcf1-4950-a0df-5a0c0b998b81,1,2026-03-16T07:07:05.912+00:00,2026-03-16T07:08:04.198+00:00,False,e40yx52dkbjpcqazimno9yvh4k
2026-03-16T07:06:05.000+00:00,918195e3-fcf1-4950-a0df-5a0c0b998b81,2019 Shared Assessments Standardized Information Gathering Questionnaire – Lite Version (SIG Lite),,2019 SIG Lite,,62195a57-6d1e-4f3f-9a9a-41764ac8140b,,,2019 SIG Lite - 1.3,,b99df4a4-2bf5-4c08-9483-bd636470bc11,,,62195a57-6d1e-4f3f-9a9a-41764ac8140b,DRAFT,RA,2026-03-16T07:06:06.000+00:00,918195e3-fcf1-4950-a0df-5a0c0b998b81,1,2026-03-16T07:06:23.671+00:00,2026-03-16T07:08:04.198+00:00,False,e40yx52dkbjpcqazimno9yvh4k
2026-03-16T07:05:51.000+00:00,918195e3-fcf1-4950-a0df-5a0c0b998b81,"2019 Shared Assessments Standardized Information Gathering Questionnaire - ""E. Human Resource Security"" Domain",,SIG (HR Security),,622c447f-f251-4140-ad85-7d1398d2f073,,,2019 SIG (Human Resource Security) - 1.1,,b99df4a4-2bf5-4c08-9483-bd636470bc11,,,622c447f-f251-4140-ad85-7d1398d2f073,DRAFT,RA,2026-03-16T07:05:51.000+00:00,918195e3-fcf1-4950-a0df-5a0c0b998b81,1,2026-03-16T07:06:11.564+00:00,2026-03-16T07:08:04.198+00:00,False,e40yx52dkbjpcqazimno9yvh4k
2026-03-16T07:06:02.000+00:00,918195e3-fcf1-4950-a0df-5a0c0b998b81,"2019 Shared Assessments Standardized Information Gathering Questionnaire - ""D. Asset and Information Management"" Domain",,SIG (Asset and Info Mgmt),,62b36f41-b018-489e-a038-d521662d44c3,,,2019 SIG (Asset and Information Management) - 1.1,,b99df4a4-2bf5-4c08-9483-bd636470bc11,,,62b36f41-b018-489e-a038-d521662d44c3,DRAFT,RA,2026-03-16T07:06:02.000+00:00,918195e3-fcf1-4950-a0df-5a0c0b998b81,1,2026-03-16T07:06:23.305+00:00,2026-03-16T07:08:04.198+00:00,False,e40yx52dkbjpcqazimno9yvh4k
2026-03-16T07:05:45.000+00:00,918195e3-fcf1-4950-a0df-5a0c0b998b81,"This checklist is an adaptation of the U.S. Department of Labor, Occupational Safety and Health Administration's (OSHA) Guidance on Preparing Workplaces for COVID-19. It is designed to help organizations create a return-to-work plan, or to assess an existing plan, based on official OSHA guidance.",,OSHA COVID-19 Checklist,,66dd766b-1bca-416a-8730-7bb9de0d772e,,,U.S. OSHA COVID-19 Workplace Preparation Checklist - 1.0,,b99df4a4-2bf5-4c08-9483-bd636470bc11,,,66dd766b-1bca-416a-8730-7bb9de0d772e,DRAFT,RA,2026-03-16T07:05:45.000+00:00,918195e3-fcf1-4950-a0df-5a0c0b998b81,1,2026-03-16T07:06:07.990+00:00,2026-03-16T07:08:04.198+00:00,False,e40yx52dkbjpcqazimno9yvh4k
2026-03-16T07:05:51.000+00:00,918195e3-fcf1-4950-a0df-5a0c0b998b81,"This questionnaire assists in conducting an audit of an organization's occupational health and safety management system (OH&S) against the ISO 45001:2018 standard (""ISO 45001"").",,ISO 45001 Audit Checklist,,678b04e6-12ff-4fda-899f-e0f47e4ffbef,,,ISO 45001 Audit Checklist - 1.0,,b99df4a4-2bf5-4c08-9483-bd636470bc11,,,678b04e6-12ff-4fda-899f-e0f47e4ffbef,DRAFT,RA,2026-03-16T07:05:51.000+00:00,918195e3-fcf1-4950-a0df-5a0c0b998b81,1,2026-03-16T07:06:11.292+00:00,2026-03-16T07:08:04.198+00:00,False,e40yx52dkbjpcqazimno9yvh4k
2026-03-16T07:05:44.000+00:00,918195e3-fcf1-4950-a0df-5a0c0b998b81,"This checklist is based on NIST Special Publication 800-53 Revision 4, Security and Privacy Controls for Federal Information Systems and Organizations. It is designed to assist organizations in assessing their implementation of the controls found in NIST SP 800-53 Rev. 4.",,NIST SP 800-53 Rev. 4,,6c644163-9d52-4cc7-bb4a-a54e56a3bbbd,,,NIST SP 800-53 Rev. 4 Checklist - 1.1,,b99df4a4-2bf5-4c08-9483-bd636470bc11,,,6c644163-9d52-4cc7-bb4a-a54e56a3bbbd,DRAFT,RA,2026-03-16T07:05:44.000+00:00,918195e3-fcf1-4950-a0df-5a0c0b998b81,1,2026-03-16T07:06:07.841+00:00,2026-03-16T07:08:04.198+00:00,False,e40yx52dkbjpcqazimno9yvh4k
2026-03-16T07:06:07.000+00:00,918195e3-fcf1-4950-a0df-5a0c0b998b81,This questionnaire assists in conducting an audit of an organization's environmental management system (EMS) against the ISO 14001:2015 standard.,,ISO 14001 Checklist,,710735a1-8407-4f5b-8cf4-6cbad06caec8,,,ISO 14001 Audit Checklist - 1.0,,b99df4a4-2bf5-4c08-9483-bd636470bc11,,,710735a1-8407-4f5b-8cf4-6cbad06caec8,DRAFT,RA,2026-03-16T07:06:07.000+00:00,918195e3-fcf1-4950-a0df-5a0c0b998b81,1,2026-03-16T07:06:30.423+00:00,2026-03-16T07:08:04.198+00:00,False,e40yx52dkbjpcqazimno9yvh4k
2026-03-16T07:05:59.000+00:00,918195e3-fcf1-4950-a0df-5a0c0b998b81,Contains the full set of questions found in the “C. Organization Security” domain of the 2019 Shared Assessments Standardized Information Gathering Questionnaire (SIG). ,,SIG (Org. Security),,767ef9ce-4df8-414c-afff-6740b55a357f,,,2019 SIG (Organizational Security) - 1.1,,b99df4a4-2bf5-4c08-9483-bd636470bc11,,,767ef9ce-4df8-414c-afff-6740b55a357f,DRAFT,RA,2026-03-16T07:05:59.000+00:00,918195e3-fcf1-4950-a0df-5a0c0b998b81,1,2026-03-16T07:06:22.740+00:00,2026-03-16T07:08:04.198+00:00,False,e40yx52dkbjpcqazimno9yvh4k
2026-03-16T07:06:02.000+00:00,918195e3-fcf1-4950-a0df-5a0c0b998b81,"2019 Shared Assessments Standardized Information Gathering Questionnaire - ""G. Operations Management"" Domain",,SIG (Operations Mgmt),,77382864-ca40-467b-9b0c-a77ac0df0523,,,2019 SIG (Operations Management) - 1.1,,b99df4a4-2bf5-4c08-9483-bd636470bc11,,,77382864-ca40-467b-9b0c-a77ac0df0523,DRAFT,RA,2026-03-16T07:06:02.000+00:00,918195e3-fcf1-4950-a0df-5a0c0b998b81,1,2026-03-16T07:06:23.396+00:00,2026-03-16T07:08:04.198+00:00,False,e40yx52dkbjpcqazimno9yvh4k
2026-03-16T07:06:00.000+00:00,918195e3-fcf1-4950-a0df-5a0c0b998b81,"2019 Shared Assessments Standardized Information Gathering Questionnaire - ""L. Compliance"" Domain",,2019 SIG (Compliance),,7842b17b-4c95-407d-ba64-c9b48d9300dd,,,2019 SIG (Compliance) - 1.1,,b99df4a4-2bf5-4c08-9483-bd636470bc11,,,7842b17b-4c95-407d-ba64-c9b48d9300dd,DRAFT,RA,2026-03-16T07:06:00.000+00:00,918195e3-fcf1-4950-a0df-5a0c0b998b81,1,2026-03-16T07:06:22.864+00:00,2026-03-16T07:08:04.198+00:00,False,e40yx52dkbjpcqazimno9yvh4k
2026-03-16T07:05:50.000+00:00,918195e3-fcf1-4950-a0df-5a0c0b998b81,This questionnaire is based on the European Banking Authority's Guidelines on outsourcing arrangements. The guidelines set out specific provisions for the governance frameworks of all financial institutions within the scope of the EBA's mandate with regard to their outsourcing arrangements and related supervisory expectations and processes. ,,EBA Outsourcing Checklist,,79a42eec-2d4d-4188-a7a8-fb549e0cd1a7,,,EBA Outsourcing Guidelines Audit Checklist - 1.0,,b99df4a4-2bf5-4c08-9483-bd636470bc11,,,79a42eec-2d4d-4188-a7a8-fb549e0cd1a7,DRAFT,RA,2026-03-16T07:05:50.000+00:00,918195e3-fcf1-4950-a0df-5a0c0b998b81,1,2026-03-16T07:06:11.157+00:00,2026-03-16T07:08:04.198+00:00,False,e40yx52dkbjpcqazimno9yvh4k
2026-03-16T07:06:13.000+00:00,918195e3-fcf1-4950-a0df-5a0c0b998b81,"Based on Module 42 ""Documentation"" of the German Standard Data Protection Model.",,SDM Documentation,,7dc62660-8b70-410b-a0cb-0d539fa43b96,,,German SDM Module 42 Documentation - 1.1,,b99df4a4-2bf5-4c08-9483-bd636470bc11,,,7dc62660-8b70-410b-a0cb-0d539fa43b96,DRAFT,RA,2026-03-16T07:06:13.000+00:00,918195e3-fcf1-4950-a0df-5a0c0b998b81,1,2026-03-16T07:06:31.511+00:00,2026-03-16T07:08:04.198+00:00,False,e40yx52dkbjpcqazimno9yvh4k
2026-03-16T07:06:25.000+00:00,918195e3-fcf1-4950-a0df-5a0c0b998b81,"HIPAA Security Rule Risk Assessment, based on the Office of the National Coordinator for Health Information Technology's Security Risk Assessment Tool",,HIPAA Security Rule,,7f156afa-6dae-469a-9eee-394c57f8c747,,,HIPAA Security Rule Risk Assessment - 2.1.0,,b99df4a4-2bf5-4c08-9483-bd636470bc11,,,7f156afa-6dae-469a-9eee-394c57f8c747,DRAFT,RA,2026-03-16T07:06:25.000+00:00,918195e3-fcf1-4950-a0df-5a0c0b998b81,1,2026-03-16T07:07:05.801+00:00,2026-03-16T07:08:04.198+00:00,False,e40yx52dkbjpcqazimno9yvh4k
2026-03-16T07:06:08.000+00:00,918195e3-fcf1-4950-a0df-5a0c0b998b81,This questionnaire is based on NIST Privacy Framework Core v1.0.,,NIST Privacy Core ,,8b8e1a6d-f78b-4b9f-a2f7-9bfbfa3f7afc,,,NIST Privacy Framework Core v1.0 Audit Checklist - 1.0,,b99df4a4-2bf5-4c08-9483-bd636470bc11,,,8b8e1a6d-f78b-4b9f-a2f7-9bfbfa3f7afc,DRAFT,RA,2026-03-16T07:06:08.000+00:00,918195e3-fcf1-4950-a0df-5a0c0b998b81,1,2026-03-16T07:06:30.499+00:00,2026-03-16T07:08:04.198+00:00,False,e40yx52dkbjpcqazimno9yvh4k
2026-03-16T07:06:19.000+00:00,918195e3-fcf1-4950-a0df-5a0c0b998b81,"Based on Module 50 ""Separation"" of the German Standard Data Protection Model.",,SDM Separation,,8fa3f9e9-c2d1-4100-8448-446b3b540f91,,,German SDM Module 50 Separation - 1.0.0,,b99df4a4-2bf5-4c08-9483-bd636470bc11,,,8fa3f9e9-c2d1-4100-8448-446b3b540f91,DRAFT,RA,2026-03-16T07:06:19.000+00:00,918195e3-fcf1-4950-a0df-5a0c0b998b81,1,2026-03-16T07:07:05.277+00:00,2026-03-16T07:08:04.198+00:00,False,e40yx52dkbjpcqazimno9yvh4k
2026-03-16T07:05:26.000+00:00,918195e3-fcf1-4950-a0df-5a0c0b998b81,2020 Shared Assessments Standardized Information Gathering Questionnaire - Lite Version (SIG Lite),,2020 SIG Lite,,957f7013-e215-434a-b13b-cdb31fcb80cd,,,2020 SIG Lite - 2.1,,b99df4a4-2bf5-4c08-9483-bd636470bc11,,,957f7013-e215-434a-b13b-cdb31fcb80cd,DRAFT,RA,2026-03-16T07:05:26.000+00:00,918195e3-fcf1-4950-a0df-5a0c0b998b81,1,2026-03-16T07:06:06.222+00:00,2026-03-16T07:08:04.198+00:00,False,e40yx52dkbjpcqazimno9yvh4k
2026-03-16T07:05:47.000+00:00,918195e3-fcf1-4950-a0df-5a0c0b998b81,This a reproduction of the 2019-2020 UK National Health Service (NHS) Data Security and Protection (DSP) Toolkit. The DSP Toolkit is an online self-assessment tool that enables organisations to measure and publish their performance against the National Data Guardian's ten data security standards.,,NHS DSP (Category 1),,abe1df7c-fc93-4fa1-85f6-cb29f85c9a6c,,,NHS DSP Toolkit (Category 1 - NHS Trusts) - 2.0,,b99df4a4-2bf5-4c08-9483-bd636470bc11,,,abe1df7c-fc93-4fa1-85f6-cb29f85c9a6c,DRAFT,RA,2026-03-16T07:05:47.000+00:00,918195e3-fcf1-4950-a0df-5a0c0b998b81,1,2026-03-16T07:06:08.630+00:00,2026-03-16T07:08:04.198+00:00,False,e40yx52dkbjpcqazimno9yvh4k
2026-03-16T07:06:16.000+00:00,918195e3-fcf1-4950-a0df-5a0c0b998b81,This questionnaire assists in conducting an audit of an organizations information security management system (ISMS) against the ISO/IEC 27001:2013 standard.,,ISO 27001 Checklist,,ac8a73b1-83a0-4ff0-bb33-05958b6c95e4,,,ISO 27001 Audit Checklist - 1.1,,b99df4a4-2bf5-4c08-9483-bd636470bc11,,,ac8a73b1-83a0-4ff0-bb33-05958b6c95e4,DRAFT,RA,2026-03-16T07:06:16.000+00:00,918195e3-fcf1-4950-a0df-5a0c0b998b81,1,2026-03-16T07:07:05.005+00:00,2026-03-16T07:08:04.198+00:00,False,e40yx52dkbjpcqazimno9yvh4k
2026-03-16T07:06:09.000+00:00,918195e3-fcf1-4950-a0df-5a0c0b998b81,"The VSA CORE questionnaire focuses on security and privacy principles and practices. From a security viewpoint, it does not go into the same depth as the full VSA FULL questionnaire but hits the key points. It also adds the Privacy section(s), required by companies based in the USA and worldwide.",,VSA Core,,ad6080bd-2a77-457a-94fc-3412dab73b64,,,VSA Core Questionnaire 2019 - 1.0,,b99df4a4-2bf5-4c08-9483-bd636470bc11,,,ad6080bd-2a77-457a-94fc-3412dab73b64,DRAFT,RA,2026-03-16T07:06:09.000+00:00,918195e3-fcf1-4950-a0df-5a0c0b998b81,1,2026-03-16T07:06:30.636+00:00,2026-03-16T07:08:04.198+00:00,False,e40yx52dkbjpcqazimno9yvh4k
2026-03-16T07:05:51.000+00:00,918195e3-fcf1-4950-a0df-5a0c0b998b81,"2019 Shared Assessments Standardized Information Gathering Questionnaire - ""B. Security Policy"" Domain",,SIG (Security Policy),,ade319e0-03d8-42e0-8cf4-3911c63f35ec,,,2019 SIG (Security Policy) - 1.1,,b99df4a4-2bf5-4c08-9483-bd636470bc11,,,ade319e0-03d8-42e0-8cf4-3911c63f35ec,DRAFT,RA,2026-03-16T07:05:51.000+00:00,918195e3-fcf1-4950-a0df-5a0c0b998b81,1,2026-03-16T07:06:11.469+00:00,2026-03-16T07:08:04.198+00:00,False,e40yx52dkbjpcqazimno9yvh4k
2026-03-16T07:05:45.000+00:00,918195e3-fcf1-4950-a0df-5a0c0b998b81,This checklist is an adaptation of the U.S. Dept. of Health and Human Services (HHS) Centers for Disease Control and Prevention (CDC) Business Pandemic Planning Checklist. It is designed to help organizations plan for the impact of a pandemic.,,CDC Pandemic Checklist,,afdf3db1-90bc-4c70-a5b0-c10eadad69f5,,,U.S. CDC Business Pandemic Planning Checklist - 1.0,,b99df4a4-2bf5-4c08-9483-bd636470bc11,,,afdf3db1-90bc-4c70-a5b0-c10eadad69f5,DRAFT,RA,2026-03-16T07:05:45.000+00:00,918195e3-fcf1-4950-a0df-5a0c0b998b81,1,2026-03-16T07:06:08.072+00:00,2026-03-16T07:08:04.198+00:00,False,e40yx52dkbjpcqazimno9yvh4k
2026-03-16T07:06:21.000+00:00,918195e3-fcf1-4950-a0df-5a0c0b998b81,"Based on Module 60 ""Erasure and Destruction"" of the German Standard Data Protection Model.",,SDM Erasure,,bb370cab-62b2-4156-ad4d-534ca6005412,,,German SDM Module 60 Erasure and Destruction - 1.0.0,,b99df4a4-2bf5-4c08-9483-bd636470bc11,,,bb370cab-62b2-4156-ad4d-534ca6005412,DRAFT,RA,2026-03-16T07:06:21.000+00:00,918195e3-fcf1-4950-a0df-5a0c0b998b81,1,2026-03-16T07:07:05.564+00:00,2026-03-16T07:08:04.198+00:00,False,e40yx52dkbjpcqazimno9yvh4k
2026-03-16T07:05:42.000+00:00,918195e3-fcf1-4950-a0df-5a0c0b998b81,This questionnaire is based on the GDPR assessment catalog of the Lower Saxony Data Protection Authority. ,,Lower Saxony GDPR Audit,,bc367dc8-1f5f-4913-9ba1-2fef604fa36c,,,Lower Saxony DPA GDPR Audit Checklist – 1.0,,b99df4a4-2bf5-4c08-9483-bd636470bc11,,,bc367dc8-1f5f-4913-9ba1-2fef604fa36c,DRAFT,RA,2026-03-16T07:05:42.000+00:00,918195e3-fcf1-4950-a0df-5a0c0b998b81,1,2026-03-16T07:06:07.688+00:00,2026-03-16T07:08:04.198+00:00,False,e40yx52dkbjpcqazimno9yvh4k
2026-03-16T07:06:22.000+00:00,918195e3-fcf1-4950-a0df-5a0c0b998b81,"Based on Module 80 ""Data Protection Management"" of the German Standard Data Protection Model.",,SDM Data Protection,,c24415cf-3393-43c0-9ee6-f58d0b547b4e,,,German SDM Module 80 Data Protection Management - 1.0.0,,b99df4a4-2bf5-4c08-9483-bd636470bc11,,,c24415cf-3393-43c0-9ee6-f58d0b547b4e,DRAFT,RA,2026-03-16T07:06:22.000+00:00,918195e3-fcf1-4950-a0df-5a0c0b998b81,1,2026-03-16T07:07:05.683+00:00,2026-03-16T07:08:04.198+00:00,False,e40yx52dkbjpcqazimno9yvh4k
2026-03-16T07:05:44.000+00:00,918195e3-fcf1-4950-a0df-5a0c0b998b81,This questionnaire is based on the UK Information Commissioner's Office's (UK ICO) guidance on data protection by design and default and contains public sector information licensed under the Open Government License v3.0.,,UK ICO PbD Checklist,,c321f085-17d0-4a46-8c6c-90b18dc3617b,,,UK ICO Data Protection by Design and Default Checklist - 2.0,,b99df4a4-2bf5-4c08-9483-bd636470bc11,,,c321f085-17d0-4a46-8c6c-90b18dc3617b,DRAFT,RA,2026-03-16T07:05:44.000+00:00,918195e3-fcf1-4950-a0df-5a0c0b998b81,1,2026-03-16T07:06:07.912+00:00,2026-03-16T07:08:04.198+00:00,False,e40yx52dkbjpcqazimno9yvh4k
2026-03-16T07:05:37.000+00:00,918195e3-fcf1-4950-a0df-5a0c0b998b81,Helps with conducting an audit of an organization's Quality Management System (QMS) against the ISO 9001:2015 standard.,,ISO 9001 Audit Checklist,,c5dbcd10-e03d-4e53-b927-255ced150005,,,ISO 9001 Audit Checklist - 1.2,,b99df4a4-2bf5-4c08-9483-bd636470bc11,,,c5dbcd10-e03d-4e53-b927-255ced150005,DRAFT,RA,2026-03-16T07:05:37.000+00:00,918195e3-fcf1-4950-a0df-5a0c0b998b81,1,2026-03-16T07:06:07.250+00:00,2026-03-16T07:08:04.198+00:00,False,e40yx52dkbjpcqazimno9yvh4k
2026-03-16T07:05:17.000+00:00,918195e3-fcf1-4950-a0df-5a0c0b998b81,2020 Shared Assessments Standardized Information Gathering Questionnaire - Full Question Library,,2020 SIG All,,ccd640ab-5906-4b05-9b5a-95668d6062c6,,,2020 SIG All - 2.1,,b99df4a4-2bf5-4c08-9483-bd636470bc11,,,ccd640ab-5906-4b05-9b5a-95668d6062c6,DRAFT,RA,2026-03-16T07:05:17.000+00:00,918195e3-fcf1-4950-a0df-5a0c0b998b81,1,2026-03-16T07:06:05.412+00:00,2026-03-16T07:08:04.198+00:00,False,e40yx52dkbjpcqazimno9yvh4k
2026-03-16T07:05:24.000+00:00,918195e3-fcf1-4950-a0df-5a0c0b998b81,2020 Shared Assessments Standardized Information Gathering Questionnaire - Core Version (SIG Core),,2020 SIG Core,,d4927550-2bc1-4051-8249-1eaa1138551b,,,2020 SIG Core - 2.1,,b99df4a4-2bf5-4c08-9483-bd636470bc11,,,d4927550-2bc1-4051-8249-1eaa1138551b,DRAFT,RA,2026-03-16T07:05:24.000+00:00,918195e3-fcf1-4950-a0df-5a0c0b998b81,1,2026-03-16T07:06:05.878+00:00,2026-03-16T07:08:04.198+00:00,False,e40yx52dkbjpcqazimno9yvh4k
2026-03-16T07:05:27.000+00:00,918195e3-fcf1-4950-a0df-5a0c0b998b81,This questionnaire is an adaptation of the Guideline for a Healthy Information System published by the French National Information Systems Security Agency (ANSSI). Intended for public or private entities of an information systems department (DSI) or professionals whose mission is to keep them secure.,,ANSSI Guide,,dfd95c3b-b177-4963-b094-0bd39cae6b68,,,ANSSI Guideline for a Healthy Information System Checklist - 1.0,,b99df4a4-2bf5-4c08-9483-bd636470bc11,,,dfd95c3b-b177-4963-b094-0bd39cae6b68,DRAFT,RA,2026-03-16T07:05:27.000+00:00,918195e3-fcf1-4950-a0df-5a0c0b998b81,1,2026-03-16T07:06:06.312+00:00,2026-03-16T07:08:04.198+00:00,False,e40yx52dkbjpcqazimno9yvh4k
2026-03-16T07:06:11.000+00:00,918195e3-fcf1-4950-a0df-5a0c0b998b81,This assessment is based on the information issued by the UK National Cyber Security Centre in the form of the Cyber Essentials Requirements for IT Infrastructure.,,UK NCSC Cyber Essentials,,e008b9a6-1465-4562-979a-8b447e35767f,,,UK NCSC Cyber Essentials Checklist - 1.0,,b99df4a4-2bf5-4c08-9483-bd636470bc11,,,e008b9a6-1465-4562-979a-8b447e35767f,DRAFT,RA,2026-03-16T07:06:11.000+00:00,918195e3-fcf1-4950-a0df-5a0c0b998b81,1,2026-03-16T07:06:30.821+00:00,2026-03-16T07:08:04.198+00:00,False,e40yx52dkbjpcqazimno9yvh4k
2026-03-16T07:05:57.000+00:00,918195e3-fcf1-4950-a0df-5a0c0b998b81,2019 Shared Assessments Standardized Information Gathering Questionnaire – Core Version (SIG Core),,2019 SIG Core,,e0e0e3f7-7fc5-40cc-9379-9e2241df9df2,,,2019 SIG Core - 1.2,,b99df4a4-2bf5-4c08-9483-bd636470bc11,,,e0e0e3f7-7fc5-40cc-9379-9e2241df9df2,DRAFT,RA,2026-03-16T07:05:57.000+00:00,918195e3-fcf1-4950-a0df-5a0c0b998b81,1,2026-03-16T07:06:14.110+00:00,2026-03-16T07:08:04.198+00:00,False,e40yx52dkbjpcqazimno9yvh4k
2026-03-16T07:05:28.000+00:00,918195e3-fcf1-4950-a0df-5a0c0b998b81,"This checklist is based on NIST Special Publication 800-171 Revision 2, Protecting Controlled Unclassified Information in Nonfederal Systems and Organizations. It is designed to assist organizations in assessing their implementation of the controls found in NIST SP 800-171 Rev. 2.",,NIST SP 800-171 Rev. 2,,e76fb94b-723f-4da5-8f6a-a4c62a6db046,,,NIST SP 800-171 Rev. 2 Checklist - 1.0,,b99df4a4-2bf5-4c08-9483-bd636470bc11,,,e76fb94b-723f-4da5-8f6a-a4c62a6db046,DRAFT,RA,2026-03-16T07:05:28.000+00:00,918195e3-fcf1-4950-a0df-5a0c0b998b81,1,2026-03-16T07:06:06.430+00:00,2026-03-16T07:08:04.198+00:00,False,e40yx52dkbjpcqazimno9yvh4k
2026-03-16T07:05:48.000+00:00,918195e3-fcf1-4950-a0df-5a0c0b998b81,"This questionnaire is based on the European Banking Authority's Guidelines on outsourcing arrangements, and helps EBA institutions and payment institutions assess their internal third-party risk management program against the requirements of the EBA Outsourcing Guidelines. It should be used after an organisation has already mapped out their outsourcing arrangements and know which services are marked as critical or important according to the EBA Guidelines.",,EBA TPRM Checklist,,eb75f2bb-2d15-4571-8629-285112633b57,,,EBA Outsourcing Guidelines Risk Management Checklist - 1.0,,b99df4a4-2bf5-4c08-9483-bd636470bc11,,,eb75f2bb-2d15-4571-8629-285112633b57,DRAFT,RA,2026-03-16T07:05:48.000+00:00,918195e3-fcf1-4950-a0df-5a0c0b998b81,1,2026-03-16T07:06:08.956+00:00,2026-03-16T07:08:04.198+00:00,False,e40yx52dkbjpcqazimno9yvh4k
2026-03-16T07:06:12.000+00:00,918195e3-fcf1-4950-a0df-5a0c0b998b81,Helps payment service providers (PSPs) comply with their security obligations under Article 95 of the Payment Services Directive 2015/2366 (PSD2). ,,PSD2 PSP Security Audit,,f0a73038-44ac-4bc8-a8fb-6b2230283771,,,PSD2 PSP Security Audit Checklist - 1.1,,b99df4a4-2bf5-4c08-9483-bd636470bc11,,,f0a73038-44ac-4bc8-a8fb-6b2230283771,DRAFT,RA,2026-03-16T07:06:12.000+00:00,918195e3-fcf1-4950-a0df-5a0c0b998b81,1,2026-03-16T07:06:31.407+00:00,2026-03-16T07:08:04.198+00:00,False,e40yx52dkbjpcqazimno9yvh4k
2026-03-16T07:05:36.000+00:00,918195e3-fcf1-4950-a0df-5a0c0b998b81,"Helps with auditing against the AICPA TSC, which serves as the basis for a SOC 2 report.",,AICPA TSC Checklist,,f30b96d3-5375-4481-94fb-19944ef9d2b3,,,AICPA TSC 2017 (SOC 2) Checklist - 1.1,,b99df4a4-2bf5-4c08-9483-bd636470bc11,,,f30b96d3-5375-4481-94fb-19944ef9d2b3,DRAFT,RA,2026-03-16T07:05:36.000+00:00,918195e3-fcf1-4950-a0df-5a0c0b998b81,1,2026-03-16T07:06:07.133+00:00,2026-03-16T07:08:04.198+00:00,False,e40yx52dkbjpcqazimno9yvh4k
2026-03-16T07:05:30.000+00:00,918195e3-fcf1-4950-a0df-5a0c0b998b81,This checklist is based on the Federal Emergency Management Agency's Continuity Guidance Circular 1: Continuity Guidance for Non-Federal Entities. The purpose of this guidance document is to provide direction for the development of continuity plans and programs for non-federal entities. ,,FEMA Continuity Checklist,,f3bcc43a-3f1c-46e4-b6b8-510bc1386854,,,U.S. FEMA Continuity Checklist - 1.0,,b99df4a4-2bf5-4c08-9483-bd636470bc11,,,f3bcc43a-3f1c-46e4-b6b8-510bc1386854,DRAFT,RA,2026-03-16T07:05:30.000+00:00,918195e3-fcf1-4950-a0df-5a0c0b998b81,1,2026-03-16T07:06:06.636+00:00,2026-03-16T07:08:04.198+00:00,False,e40yx52dkbjpcqazimno9yvh4k
,,,,,,293fd77d-11ca-4525-b342-6be015e28cb1,,,,,,,,,,,,,0,2026-03-18T13:01:07.084+00:00,2026-03-18T13:06:59.408+00:00,True,e40yx52dkbjpcqazimno9yvh4k
,,,,,,b2c09b35-a917-4a96-b427-b342d077b6ca,,,,,,,,,,,,,0,2026-03-18T13:01:07.109+00:00,2026-03-18T13:06:59.408+00:00,True,e40yx52dkbjpcqazimno9yvh4k
,,,,,,d7b21f05-29e7-41ae-95f7-4987d8c3e2ad,,,,,,,,,,,,,0,2026-03-18T13:01:06.991+00:00,2026-03-18T13:06:59.408+00:00,True,e40yx52dkbjpcqazimno9yvh4k
,,,,,,e9117875-e7ad-4ebe-abe8-8b56bd9deb50,,,,,,,,,,,,,0,2026-03-18T13:01:07.063+00:00,2026-03-18T13:06:59.408+00:00,True,e40yx52dkbjpcqazimno9yvh4k
2026-03-19T16:24:09.000+00:00,79f09a0f-fbd7-4439-9e1e-d48abe62c98e,Testing,44572c3d-dbc2-4eec-af43-006f3d3a20c4.description,,44572c3d-dbc2-4eec-af43-006f3d3a20c4.friendlyName,020efc52-2699-404d-8023-db6786a16ddf,,,Template_78083_9554296,44572c3d-dbc2-4eec-af43-006f3d3a20c4.name,b99df4a4-2bf5-4c08-9483-bd636470bc11,2026-03-19T16:24:11.000+00:00,79f09a0f-fbd7-4439-9e1e-d48abe62c98e,020efc52-2699-404d-8023-db6786a16ddf,PUBLISHED,PIA,2026-03-19T16:24:11.000+00:00,79f09a0f-fbd7-4439-9e1e-d48abe62c98e,1,2026-03-19T16:24:35.699+00:00,2026-03-19T17:58:06.797+00:00,False,e40yx52dkbjpcqazimno9yvh4k
2026-03-19T16:14:34.000+00:00,79f09a0f-fbd7-4439-9e1e-d48abe62c98e,Testing desc,eee636b9-dd46-43ed-8fef-4d00c357b4f9.description,,eee636b9-dd46-43ed-8fef-4d00c357b4f9.friendlyName,043cbeff-6ca4-4154-976c-3a9e6096f7c8,,,automation_template_1_3303516,eee636b9-dd46-43ed-8fef-4d00c357b4f9.name,b99df4a4-2bf5-4c08-9483-bd636470bc11,2026-03-19T16:14:39.000+00:00,79f09a0f-fbd7-4439-9e1e-d48abe62c98e,043cbeff-6ca4-4154-976c-3a9e6096f7c8,PUBLISHED,PIA,2026-03-19T16:20:31.000+00:00,79f09a0f-fbd7-4439-9e1e-d48abe62c98e,1,2026-03-19T16:20:55.717+00:00,2026-03-19T17:58:06.797+00:00,False,e40yx52dkbjpcqazimno9yvh4k
2026-03-19T16:14:52.000+00:00,79f09a0f-fbd7-4439-9e1e-d48abe62c98e,Testing,a2df4aa4-0f36-4d1b-92ac-3fce02e63558.description,,a2df4aa4-0f36-4d1b-92ac-3fce02e63558.friendlyName,057f6c78-3d6a-46f3-9a10-572b0e813cbb,,,Template_3698402,a2df4aa4-0f36-4d1b-92ac-3fce02e63558.name,b99df4a4-2bf5-4c08-9483-bd636470bc11,2026-03-19T16:14:54.000+00:00,79f09a0f-fbd7-4439-9e1e-d48abe62c98e,057f6c78-3d6a-46f3-9a10-572b0e813cbb,PUBLISHED,PIA,2026-03-19T16:14:54.000+00:00,79f09a0f-fbd7-4439-9e1e-d48abe62c98e,1,2026-03-19T16:15:17.053+00:00,2026-03-19T17:58:06.797+00:00,False,e40yx52dkbjpcqazimno9yvh4k
,,,,,,06cadddb-671e-48e4-8b4a-e742ba6b01db,,,,,,,,,,,,,0,2026-03-19T16:36:36.002+00:00,2026-03-19T17:58:06.797+00:00,True,e40yx52dkbjpcqazimno9yvh4k
,,,,,,06cd1db5-eea9-45b9-8867-db8fee070dab,,,,,,,,,,,,,0,2026-03-19T16:24:17.327+00:00,2026-03-19T17:58:06.797+00:00,True,e40yx52dkbjpcqazimno9yvh4k
,,,,,,07b1c138-960d-4dc2-b354-a1cba65b8476,,,,,,,,,,,,,0,2026-03-19T16:33:55.957+00:00,2026-03-19T17:58:06.797+00:00,True,e40yx52dkbjpcqazimno9yvh4k
,,,,,,083e4ca7-9a78-4d4b-8416-24200d9427a6,,,,,,,,,,,,,0,2026-03-19T16:18:07.559+00:00,2026-03-19T17:58:06.797+00:00,True,e40yx52dkbjpcqazimno9yvh4k
2026-03-19T16:18:33.000+00:00,79f09a0f-fbd7-4439-9e1e-d48abe62c98e,Testing,36eab39f-7691-45a4-b0e9-a2fd3829ddb0.description,,36eab39f-7691-45a4-b0e9-a2fd3829ddb0.friendlyName,09477807-8c06-4161-9f78-826e814bbaa0,,,Template_1_5179474,36eab39f-7691-45a4-b0e9-a2fd3829ddb0.name,b99df4a4-2bf5-4c08-9483-bd636470bc11,2026-03-19T16:18:34.000+00:00,79f09a0f-fbd7-4439-9e1e-d48abe62c98e,09477807-8c06-4161-9f78-826e814bbaa0,PUBLISHED,PIA,2026-03-19T16:18:34.000+00:00,79f09a0f-fbd7-4439-9e1e-d48abe62c98e,1,2026-03-19T16:18:55.607+00:00,2026-03-19T17:58:06.797+00:00,False,e40yx52dkbjpcqazimno9yvh4k
,,,,,,0f289a33-0d06-41c9-86a5-9d4c6fa9e4af,,,,,,,,,,,,,0,2026-03-19T16:20:35.251+00:00,2026-03-19T17:58:06.797+00:00,True,e40yx52dkbjpcqazimno9yvh4k
2026-03-19T16:32:22.000+00:00,79f09a0f-fbd7-4439-9e1e-d48abe62c98e,Testing,53343922-64dc-44a5-ba15-5b92eee8895d.description,,53343922-64dc-44a5-ba15-5b92eee8895d.friendlyName,2018ca3a-c24b-410a-9956-889497a167cf,,,Template_1305028,53343922-64dc-44a5-ba15-5b92eee8895d.name,b99df4a4-2bf5-4c08-9483-bd636470bc11,2026-03-19T16:32:24.000+00:00,79f09a0f-fbd7-4439-9e1e-d48abe62c98e,2018ca3a-c24b-410a-9956-889497a167cf,PUBLISHED,PIA,2026-03-19T16:32:24.000+00:00,79f09a0f-fbd7-4439-9e1e-d48abe62c98e,1,2026-03-19T16:32:55.910+00:00,2026-03-19T17:58:06.797+00:00,False,e40yx52dkbjpcqazimno9yvh4k
,,,,,,23afda32-fa01-4b93-9ea2-f22c00a0f84a,,,,,,,,,,,,,0,2026-03-19T16:29:56.024+00:00,2026-03-19T17:58:06.797+00:00,True,e40yx52dkbjpcqazimno9yvh4k
2026-03-19T16:19:09.000+00:00,79f09a0f-fbd7-4439-9e1e-d48abe62c98e,Testing,2f67e1fb-f6d8-47e8-965f-b501bae3835b.description,,2f67e1fb-f6d8-47e8-965f-b501bae3835b.friendlyName,23b70399-3375-41cf-b305-ae537e6d0e67,,,Template_4758_19032026,2f67e1fb-f6d8-47e8-965f-b501bae3835b.name,b99df4a4-2bf5-4c08-9483-bd636470bc11,2026-03-19T16:19:10.000+00:00,79f09a0f-fbd7-4439-9e1e-d48abe62c98e,23b70399-3375-41cf-b305-ae537e6d0e67,PUBLISHED,PIA,2026-03-19T16:19:10.000+00:00,79f09a0f-fbd7-4439-9e1e-d48abe62c98e,1,2026-03-19T16:19:35.256+00:00,2026-03-19T17:58:06.797+00:00,False,e40yx52dkbjpcqazimno9yvh4k
,,,,,,26ede0fc-0cdd-4741-9786-97505f0024cb,,,,,,,,,,,,,0,2026-03-19T16:40:36.443+00:00,2026-03-19T17:58:06.797+00:00,True,e40yx52dkbjpcqazimno9yvh4k
2026-03-19T16:35:56.000+00:00,79f09a0f-fbd7-4439-9e1e-d48abe62c98e,Testing desc,690ba0e1-0c37-4b36-98cb-5c6d2ff40d6d.description,,690ba0e1-0c37-4b36-98cb-5c6d2ff40d6d.friendlyName,2838a8c7-74a0-43a8-aade-bdc44740a5bb,,,automation_template_2956184,690ba0e1-0c37-4b36-98cb-5c6d2ff40d6d.name,b99df4a4-2bf5-4c08-9483-bd636470bc11,2026-03-19T16:35:58.000+00:00,79f09a0f-fbd7-4439-9e1e-d48abe62c98e,2838a8c7-74a0-43a8-aade-bdc44740a5bb,PUBLISHED,ITRM,2026-03-19T16:35:58.000+00:00,79f09a0f-fbd7-4439-9e1e-d48abe62c98e,1,2026-03-19T16:36:17.700+00:00,2026-03-19T17:58:06.797+00:00,False,e40yx52dkbjpcqazimno9yvh4k
2026-03-19T16:30:15.000+00:00,79f09a0f-fbd7-4439-9e1e-d48abe62c98e,Testing,9ce974ab-6482-4939-962d-6211d4046393.description,,9ce974ab-6482-4939-962d-6211d4046393.friendlyName,2b92260f-e033-443e-bdb3-4968ac340fce,,,Template_7542_19032026,9ce974ab-6482-4939-962d-6211d4046393.name,b99df4a4-2bf5-4c08-9483-bd636470bc11,2026-03-19T16:30:19.000+00:00,79f09a0f-fbd7-4439-9e1e-d48abe62c98e,2b92260f-e033-443e-bdb3-4968ac340fce,PUBLISHED,PIA,2026-03-19T16:30:19.000+00:00,79f09a0f-fbd7-4439-9e1e-d48abe62c98e,1,2026-03-19T16:30:35.881+00:00,2026-03-19T17:58:06.797+00:00,False,e40yx52dkbjpcqazimno9yvh4k
2026-03-19T16:20:57.000+00:00,79f09a0f-fbd7-4439-9e1e-d48abe62c98e,Testing,a59c493e-1266-4f19-9831-ff0bfeb64d37.description,,a59c493e-1266-4f19-9831-ff0bfeb64d37.friendlyName,2ce7c044-83de-4f6a-b364-829be848783d,,,Template_74921_3886327,a59c493e-1266-4f19-9831-ff0bfeb64d37.name,b99df4a4-2bf5-4c08-9483-bd636470bc11,2026-03-19T16:21:00.000+00:00,79f09a0f-fbd7-4439-9e1e-d48abe62c98e,2ce7c044-83de-4f6a-b364-829be848783d,PUBLISHED,PIA,2026-03-19T16:21:00.000+00:00,79f09a0f-fbd7-4439-9e1e-d48abe62c98e,1,2026-03-19T16:21:17.253+00:00,2026-03-19T17:58:06.797+00:00,False,e40yx52dkbjpcqazimno9yvh4k
2026-03-19T16:31:02.000+00:00,79f09a0f-fbd7-4439-9e1e-d48abe62c98e,Testing desc,21c8093b-41e0-449c-b203-1b49d715807d.description,,21c8093b-41e0-449c-b203-1b49d715807d.friendlyName,2e6db7ae-73d9-4a38-ad87-725d355eb3bb,,,automation_template_40684_9866344,21c8093b-41e0-449c-b203-1b49d715807d.name,b99df4a4-2bf5-4c08-9483-bd636470bc11,2026-03-19T16:31:03.000+00:00,79f09a0f-fbd7-4439-9e1e-d48abe62c98e,2e6db7ae-73d9-4a38-ad87-725d355eb3bb,PUBLISHED,PIA,2026-03-19T16:31:03.000+00:00,79f09a0f-fbd7-4439-9e1e-d48abe62c98e,1,2026-03-19T16:31:19.452+00:00,2026-03-19T17:58:06.797+00:00,False,e40yx52dkbjpcqazimno9yvh4k
,,,,,,2eacc4f4-55bc-4dc9-98cc-1baaa4f30ae9,,,,,,,,,,,,,0,2026-03-19T16:18:35.234+00:00,2026-03-19T17:58:06.797+00:00,True,e40yx52dkbjpcqazimno9yvh4k
2026-03-19T16:23:59.000+00:00,79f09a0f-fbd7-4439-9e1e-d48abe62c98e,Testing,aca48a02-f165-4a2c-a5cf-a2dae361982c.description,,aca48a02-f165-4a2c-a5cf-a2dae361982c.friendlyName,2ee95538-4955-47c4-80e6-97a21af7bf19,,,Template_96352_7580369,aca48a02-f165-4a2c-a5cf-a2dae361982c.name,b99df4a4-2bf5-4c08-9483-bd636470bc11,2026-03-19T16:24:00.000+00:00,79f09a0f-fbd7-4439-9e1e-d48abe62c98e,2ee95538-4955-47c4-80e6-97a21af7bf19,PUBLISHED,PIA,2026-03-19T16:24:00.000+00:00,79f09a0f-fbd7-4439-9e1e-d48abe62c98e,1,2026-03-19T16:24:17.387+00:00,2026-03-19T17:58:06.797+00:00,False,e40yx52dkbjpcqazimno9yvh4k
,,,,,,319e8cfc-1f37-418b-bb45-7d4e4ccafbf3,,,,,,,,,,,,,0,2026-03-19T16:34:35.904+00:00,2026-03-19T17:58:06.797+00:00,True,e40yx52dkbjpcqazimno9yvh4k
2026-03-19T16:34:52.000+00:00,79f09a0f-fbd7-4439-9e1e-d48abe62c98e,Testing,bef08548-e882-4acd-88fa-fd461b8fa71b.description,,bef08548-e882-4acd-88fa-fd461b8fa71b.friendlyName,3259e1cf-2bc2-45fc-a7d6-5fbebcf737eb,,,Template_9476833,bef08548-e882-4acd-88fa-fd461b8fa71b.name,b99df4a4-2bf5-4c08-9483-bd636470bc11,2026-03-19T16:34:53.000+00:00,79f09a0f-fbd7-4439-9e1e-d48abe62c98e,3259e1cf-2bc2-45fc-a7d6-5fbebcf737eb,PUBLISHED,PIA,2026-03-19T16:34:53.000+00:00,79f09a0f-fbd7-4439-9e1e-d48abe62c98e,1,2026-03-19T16:35:17.603+00:00,2026-03-19T17:58:06.797+00:00,False,e40yx52dkbjpcqazimno9yvh4k
,,,,,,33032c16-804a-42f3-be2a-1017bc3c245b,,,,,,,,,,,,,0,2026-03-19T16:29:55.898+00:00,2026-03-19T17:58:06.797+00:00,True,e40yx52dkbjpcqazimno9yvh4k
,,,,,,334742f2-8778-4d30-9d66-a4bd4e936450,,,,,,,,,,,,,0,2026-03-19T16:16:17.053+00:00,2026-03-19T17:58:06.797+00:00,True,e40yx52dkbjpcqazimno9yvh4k
2026-03-19T16:19:48.000+00:00,79f09a0f-fbd7-4439-9e1e-d48abe62c98e,Testing desc,8bc3c80b-d6fd-4a0b-8d46-4df26a5a1e6a.description,,8bc3c80b-d6fd-4a0b-8d46-4df26a5a1e6a.friendlyName,343517ad-13fd-44f8-b749-2a411ab1bc18,,,edited_Template_PIA_5841_19032026,8bc3c80b-d6fd-4a0b-8d46-4df26a5a1e6a.name,b99df4a4-2bf5-4c08-9483-bd636470bc11,2026-03-19T16:20:29.000+00:00,79f09a0f-fbd7-4439-9e1e-d48abe62c98e,a219db50-8507-46e5-910a-a772577fd563,PUBLISHED,PIA,2026-03-19T16:20:29.000+00:00,79f09a0f-fbd7-4439-9e1e-d48abe62c98e,2,2026-03-19T16:20:55.642+00:00,2026-03-19T17:58:06.797+00:00,False,e40yx52dkbjpcqazimno9yvh4k
,,,,,,36b5fbbf-b970-438c-9cff-67a0ffdd8bca,,,,,,,,,,,,,0,2026-03-19T16:15:06.826+00:00,2026-03-19T17:58:06.797+00:00,True,e40yx52dkbjpcqazimno9yvh4k
,,,,,,3827e694-ffc6-495a-a9b0-c551011d4e78,,,,,,,,,,,,,0,2026-03-19T16:15:35.062+00:00,2026-03-19T17:58:06.797+00:00,True,e40yx52dkbjpcqazimno9yvh4k
2026-03-19T16:21:20.000+00:00,79f09a0f-fbd7-4439-9e1e-d48abe62c98e,Testing,1957b7b9-2adf-4459-b643-0569027a1823.description,,1957b7b9-2adf-4459-b643-0569027a1823.friendlyName,3b9d215f-162f-4862-bd92-88edf2f90bc3,,,Template_7583_19032026,1957b7b9-2adf-4459-b643-0569027a1823.name,b99df4a4-2bf5-4c08-9483-bd636470bc11,2026-03-19T16:21:21.000+00:00,79f09a0f-fbd7-4439-9e1e-d48abe62c98e,3b9d215f-162f-4862-bd92-88edf2f90bc3,PUBLISHED,PIA,2026-03-19T16:21:21.000+00:00,79f09a0f-fbd7-4439-9e1e-d48abe62c98e,1,2026-03-19T16:21:55.491+00:00,2026-03-19T17:58:06.797+00:00,False,e40yx52dkbjpcqazimno9yvh4k
,,,,,,3e010171-edfa-4a79-bda7-7114a8259e7c,,,,,,,,,,,,,0,2026-03-19T16:38:08.055+00:00,2026-03-19T17:58:06.797+00:00,True,e40yx52dkbjpcqazimno9yvh4k
,,,,,,40484f36-bb71-41c5-82f5-4f0fdade3567,,,,,,,,,,,,,0,2026-03-19T16:34:19.472+00:00,2026-03-19T17:58:06.797+00:00,True,e40yx52dkbjpcqazimno9yvh4k
2026-03-19T16:21:55.000+00:00,79f09a0f-fbd7-4439-9e1e-d48abe62c98e,Testing,b908c4a6-812b-4752-a95a-51aa5ba641bd.description,,b908c4a6-812b-4752-a95a-51aa5ba641bd.friendlyName,479d020e-b70d-48a2-a7ed-0cc2188f686c,,,Template_53866_2081577,b908c4a6-812b-4752-a95a-51aa5ba641bd.name,b99df4a4-2bf5-4c08-9483-bd636470bc11,2026-03-19T16:22:54.000+00:00,79f09a0f-fbd7-4439-9e1e-d48abe62c98e,479d020e-b70d-48a2-a7ed-0cc2188f686c,PUBLISHED,PIA,2026-03-19T16:22:54.000+00:00,79f09a0f-fbd7-4439-9e1e-d48abe62c98e,1,2026-03-19T16:23:17.402+00:00,2026-03-19T17:58:06.797+00:00,False,e40yx52dkbjpcqazimno9yvh4k
2026-03-19T16:39:28.000+00:00,79f09a0f-fbd7-4439-9e1e-d48abe62c98e,Testing,ac3e6424-9b80-4259-ab84-3f520dfe63a1.description,,ac3e6424-9b80-4259-ab84-3f520dfe63a1.friendlyName,4bf55b2d-0984-4394-bc0f-598d3ef67d4d,,,Template_1291_19032026,ac3e6424-9b80-4259-ab84-3f520dfe63a1.name,b99df4a4-2bf5-4c08-9483-bd636470bc11,2026-03-19T16:39:30.000+00:00,79f09a0f-fbd7-4439-9e1e-d48abe62c98e,4bf55b2d-0984-4394-bc0f-598d3ef67d4d,PUBLISHED,PIA,2026-03-19T16:39:30.000+00:00,79f09a0f-fbd7-4439-9e1e-d48abe62c98e,1,2026-03-19T16:39:56.483+00:00,2026-03-19T17:58:06.797+00:00,False,e40yx52dkbjpcqazimno9yvh4k
,,,,,,527998a9-ae7d-4280-bd0e-1541c84d1509,,,,,,,,,,,,,0,2026-03-19T16:26:55.656+00:00,2026-03-19T17:58:06.797+00:00,True,e40yx52dkbjpcqazimno9yvh4k
2026-03-19T16:28:14.000+00:00,79f09a0f-fbd7-4439-9e1e-d48abe62c98e,Testing,b4e79609-6926-4ce0-9ac1-9908973d2fc5.description,,b4e79609-6926-4ce0-9ac1-9908973d2fc5.friendlyName,53d850c0-13bb-474a-8ba5-95e4471f742c,,,automation_template_33958_6947335,b4e79609-6926-4ce0-9ac1-9908973d2fc5.name,b99df4a4-2bf5-4c08-9483-bd636470bc11,2026-03-19T16:28:15.000+00:00,79f09a0f-fbd7-4439-9e1e-d48abe62c98e,53d850c0-13bb-474a-8ba5-95e4471f742c,PUBLISHED,PIA,2026-03-19T16:28:15.000+00:00,79f09a0f-fbd7-4439-9e1e-d48abe62c98e,1,2026-03-19T16:28:35.642+00:00,2026-03-19T17:58:06.797+00:00,False,e40yx52dkbjpcqazimno9yvh4k
2026-03-19T16:24:23.000+00:00,79f09a0f-fbd7-4439-9e1e-d48abe62c98e,Testing,f6b6f40e-1304-4833-8a02-67346dfc0110.description,,f6b6f40e-1304-4833-8a02-67346dfc0110.friendlyName,553fef39-77de-4fe2-83af-4ca238f39428,,,Template_4744_19032026,f6b6f40e-1304-4833-8a02-67346dfc0110.name,b99df4a4-2bf5-4c08-9483-bd636470bc11,2026-03-19T16:24:24.000+00:00,79f09a0f-fbd7-4439-9e1e-d48abe62c98e,553fef39-77de-4fe2-83af-4ca238f39428,PUBLISHED,PIA,2026-03-19T16:24:24.000+00:00,79f09a0f-fbd7-4439-9e1e-d48abe62c98e,1,2026-03-19T16:24:55.646+00:00,2026-03-19T17:58:06.797+00:00,False,e40yx52dkbjpcqazimno9yvh4k
2026-03-19T16:13:43.000+00:00,79f09a0f-fbd7-4439-9e1e-d48abe62c98e,This is an Automation Test Template,467f163a-07a8-4a92-a2f3-5fe7907a2ef1.description,,467f163a-07a8-4a92-a2f3-5fe7907a2ef1.friendlyName,58337ec4-ea63-480b-8a7a-d3c8b74d3afb,,,Template_2855093,467f163a-07a8-4a92-a2f3-5fe7907a2ef1.name,b99df4a4-2bf5-4c08-9483-bd636470bc11,2026-03-19T16:13:44.000+00:00,79f09a0f-fbd7-4439-9e1e-d48abe62c98e,58337ec4-ea63-480b-8a7a-d3c8b74d3afb,PUBLISHED,PIA,2026-03-19T16:13:44.000+00:00,79f09a0f-fbd7-4439-9e1e-d48abe62c98e,1,2026-03-19T16:14:06.905+00:00,2026-03-19T17:58:06.797+00:00,False,e40yx52dkbjpcqazimno9yvh4k
,,,,,,58380675-06fa-418a-bd16-90f80541d4a8,,,,,,,,,,,,,0,2026-03-19T16:33:07.681+00:00,2026-03-19T17:58:06.797+00:00,True,e40yx52dkbjpcqazimno9yvh4k
2026-03-19T16:35:50.000+00:00,79f09a0f-fbd7-4439-9e1e-d48abe62c98e,Testing,aeb21bc5-fe44-4468-9191-4cd7ac6adab9.description,,aeb21bc5-fe44-4468-9191-4cd7ac6adab9.friendlyName,5915625f-70c9-47fb-bba0-52e7dabb8d98,,,Template_9985182,aeb21bc5-fe44-4468-9191-4cd7ac6adab9.name,b99df4a4-2bf5-4c08-9483-bd636470bc11,2026-03-19T16:35:50.000+00:00,79f09a0f-fbd7-4439-9e1e-d48abe62c98e,5915625f-70c9-47fb-bba0-52e7dabb8d98,PUBLISHED,PIA,2026-03-19T16:35:50.000+00:00,79f09a0f-fbd7-4439-9e1e-d48abe62c98e,1,2026-03-19T16:36:08.019+00:00,2026-03-19T17:58:06.797+00:00,False,e40yx52dkbjpcqazimno9yvh4k
,,,,,,59d8a8d4-16fa-47da-b5a4-e033fabd9d57,,,,,,,,,,,,,0,2026-03-19T16:30:07.462+00:00,2026-03-19T17:58:06.797+00:00,True,e40yx52dkbjpcqazimno9yvh4k
2026-03-19T16:29:37.000+00:00,79f09a0f-fbd7-4439-9e1e-d48abe62c98e,Testing,f4eb9fd4-fe45-4b30-ab73-0c852863517c.description,,f4eb9fd4-fe45-4b30-ab73-0c852863517c.friendlyName,5a67daa8-0c26-4705-a8ec-d9d64f89dc8b,,,Template_8167495,f4eb9fd4-fe45-4b30-ab73-0c852863517c.name,b99df4a4-2bf5-4c08-9483-bd636470bc11,2026-03-19T16:32:31.000+00:00,79f09a0f-fbd7-4439-9e1e-d48abe62c98e,5a67daa8-0c26-4705-a8ec-d9d64f89dc8b,PUBLISHED,PIA,2026-03-19T16:32:31.000+00:00,79f09a0f-fbd7-4439-9e1e-d48abe62c98e,1,2026-03-19T16:32:55.952+00:00,2026-03-19T17:58:06.797+00:00,False,e40yx52dkbjpcqazimno9yvh4k
2026-03-19T16:34:54.000+00:00,79f09a0f-fbd7-4439-9e1e-d48abe62c98e,Testing,9fe15f0d-afdc-48a7-a687-3d1ab0c4cc60.description,,9fe15f0d-afdc-48a7-a687-3d1ab0c4cc60.friendlyName,5d53073a-7c54-4875-ae27-41fba99a9379,,,Template_58863_1724874,9fe15f0d-afdc-48a7-a687-3d1ab0c4cc60.name,b99df4a4-2bf5-4c08-9483-bd636470bc11,2026-03-19T16:34:54.000+00:00,79f09a0f-fbd7-4439-9e1e-d48abe62c98e,5d53073a-7c54-4875-ae27-41fba99a9379,PUBLISHED,PIA,2026-03-19T16:34:54.000+00:00,79f09a0f-fbd7-4439-9e1e-d48abe62c98e,1,2026-03-19T16:35:17.647+00:00,2026-03-19T17:58:06.797+00:00,False,e40yx52dkbjpcqazimno9yvh4k
