entityTypeReference,entityId,entityNumber,entityName,stageId,workflowId,workflow,stage,createdBy,updatedBy,createdDateTime,createdDate,createdYear,createdMonth,createdMonthNumber,createdQuarter,updatedDateTime,updatedDate,updatedYear,updatedMonth,updatedMonthNumber,updatedQuarter,timeZoneID,orgId,orgName,parentOrgID,createdByUserEmail
False,2026-04-06T14:23:19.000+00:00,2026-04-06,2026,April,04,Quarter 2,,,,,,,,,,,,,High_Risk_Description_6845847,0a8df6af-0204-4b11-a4a9-f1c25aebb43c,,,,HIGH,3,,,,3.0,,2026-04-06T14:23:30.000+00:00,2026-04-06,2026,April,04,Quarter 2,HIGH,3,,,,,,,Risk_Name_6845847,1493,,,,0,,,,,,,,HIGH,3,,,,3.0,,,,OneTrust Automation,79f09a0f-fbd7-4439-9e1e-d48abe62c98e,,,,3.0,,,,,Evaluation,Evaluation,Default Risk Workflow,9684290c-6240-4021-b599-a2dd8a864311,IDENTIFIED,IDENTIFIED,,,,,,,,,,,,,,,,General,,,,,,,,,https://Risk/Risk/0a8df6af-0204-4b11-a4a9-f1c25aebb43c,Antarctica/South_Pole,b99df4a4-2bf5-4c08-9483-bd636470bc11,OTAuto02,b99df4a4-2bf5-4c08-9483-bd636470bc11
False,2026-04-06T02:23:19.000+00:00,2026-04-06,2026,April,04,Quarter 2,,,,,,,,,,,,,High_Risk_Description_6845847,0a8df6af-0204-4b11-a4a9-f1c25aebb43c,,,,HIGH,3,,,,3.0,,2026-04-06T02:23:30.000+00:00,2026-04-06,2026,April,04,Quarter 2,HIGH,3,,,,,,,Risk_Name_6845847,1493,,,,0,,,,,,,,HIGH,3,,,,3.0,,,,OneTrust Automation,79f09a0f-fbd7-4439-9e1e-d48abe62c98e,,,,3.0,,,,,Evaluation,Evaluation,Default Risk Workflow,9684290c-6240-4021-b599-a2dd8a864311,IDENTIFIED,IDENTIFIED,,,,,,,,,,,,,,,,General,,,,,,,,,https://Risk/Risk/0a8df6af-0204-4b11-a4a9-f1c25aebb43c,Africa/Freetown,b99df4a4-2bf5-4c08-9483-bd636470bc11,OTAuto02,b99df4a4-2bf5-4c08-9483-bd636470bc11
False,2026-04-06T07:23:19.000+00:00,2026-04-06,2026,April,04,Quarter 2,,,,,,,,,,,,,High_Risk_Description_6845847,0a8df6af-0204-4b11-a4a9-f1c25aebb43c,,,,HIGH,3,,,,3.0,,2026-04-06T07:23:30.000+00:00,2026-04-06,2026,April,04,Quarter 2,HIGH,3,,,,,,,Risk_Name_6845847,1493,,,,0,,,,,,,,HIGH,3,,,,3.0,,,,OneTrust Automation,79f09a0f-fbd7-4439-9e1e-d48abe62c98e,,,,3.0,,,,,Evaluation,Evaluation,Default Risk Workflow,9684290c-6240-4021-b599-a2dd8a864311,IDENTIFIED,IDENTIFIED,,,,,,,,,,,,,,,,General,,,,,,,,,https://Risk/Risk/0a8df6af-0204-4b11-a4a9-f1c25aebb43c,Asia/Atyrau,b99df4a4-2bf5-4c08-9483-bd636470bc11,OTAuto02,b99df4a4-2bf5-4c08-9483-bd636470bc11
False,2026-04-05T22:23:19.000+00:00,2026-04-05,2026,April,04,Quarter 2,,,,,,,,,,,,,High_Risk_Description_6845847,0a8df6af-0204-4b11-a4a9-f1c25aebb43c,,,,HIGH,3,,,,3.0,,2026-04-05T22:23:30.000+00:00,2026-04-05,2026,April,04,Quarter 2,HIGH,3,,,,,,,Risk_Name_6845847,1493,,,,0,,,,,,,,HIGH,3,,,,3.0,,,,OneTrust Automation,79f09a0f-fbd7-4439-9e1e-d48abe62c98e,,,,3.0,,,,,Evaluation,Evaluation,Default Risk Workflow,9684290c-6240-4021-b599-a2dd8a864311,IDENTIFIED,IDENTIFIED,,,,,,,,,,,,,,,,General,,,,,,,,,https://Risk/Risk/0a8df6af-0204-4b11-a4a9-f1c25aebb43c,America/Santo_Domingo,b99df4a4-2bf5-4c08-9483-bd636470bc11,OTAuto02,b99df4a4-2bf5-4c08-9483-bd636470bc11
False,2026-04-06T10:23:19.000+00:00,2026-04-06,2026,April,04,Quarter 2,,,,,,,,,,,,,High_Risk_Description_6845847,0a8df6af-0204-4b11-a4a9-f1c25aebb43c,,,,HIGH,3,,,,3.0,,2026-04-06T10:23:30.000+00:00,2026-04-06,2026,April,04,Quarter 2,HIGH,3,,,,,,,Risk_Name_6845847,1493,,,,0,,,,,,,,HIGH,3,,,,3.0,,,,OneTrust Automation,79f09a0f-fbd7-4439-9e1e-d48abe62c98e,,,,3.0,,,,,Evaluation,Evaluation,Default Risk Workflow,9684290c-6240-4021-b599-a2dd8a864311,IDENTIFIED,IDENTIFIED,,,,,,,,,,,,,,,,General,,,,,,,,,https://Risk/Risk/0a8df6af-0204-4b11-a4a9-f1c25aebb43c,Asia/Macau,b99df4a4-2bf5-4c08-9483-bd636470bc11,OTAuto02,b99df4a4-2bf5-4c08-9483-bd636470bc11
False,2026-04-05T20:23:19.000+00:00,2026-04-05,2026,April,04,Quarter 2,,,,,,,,,,,,,High_Risk_Description_6845847,0a8df6af-0204-4b11-a4a9-f1c25aebb43c,,,,HIGH,3,,,,3.0,,2026-04-05T20:23:30.000+00:00,2026-04-05,2026,April,04,Quarter 2,HIGH,3,,,,,,,Risk_Name_6845847,1493,,,,0,,,,,,,,HIGH,3,,,,3.0,,,,OneTrust Automation,79f09a0f-fbd7-4439-9e1e-d48abe62c98e,,,,3.0,,,,,Evaluation,Evaluation,Default Risk Workflow,9684290c-6240-4021-b599-a2dd8a864311,IDENTIFIED,IDENTIFIED,,,,,,,,,,,,,,,,General,,,,,,,,,https://Risk/Risk/0a8df6af-0204-4b11-a4a9-f1c25aebb43c,America/Bahia_Banderas,b99df4a4-2bf5-4c08-9483-bd636470bc11,OTAuto02,b99df4a4-2bf5-4c08-9483-bd636470bc11
False,2026-04-05T23:23:19.000+00:00,2026-04-05,2026,April,04,Quarter 2,,,,,,,,,,,,,High_Risk_Description_6845847,0a8df6af-0204-4b11-a4a9-f1c25aebb43c,,,,HIGH,3,,,,3.0,,2026-04-05T23:23:30.000+00:00,2026-04-05,2026,April,04,Quarter 2,HIGH,3,,,,,,,Risk_Name_6845847,1493,,,,0,,,,,,,,HIGH,3,,,,3.0,,,,OneTrust Automation,79f09a0f-fbd7-4439-9e1e-d48abe62c98e,,,,3.0,,,,,Evaluation,Evaluation,Default Risk Workflow,9684290c-6240-4021-b599-a2dd8a864311,IDENTIFIED,IDENTIFIED,,,,,,,,,,,,,,,,General,,,,,,,,,https://Risk/Risk/0a8df6af-0204-4b11-a4a9-f1c25aebb43c,Antarctica/Rothera,b99df4a4-2bf5-4c08-9483-bd636470bc11,OTAuto02,b99df4a4-2bf5-4c08-9483-bd636470bc11
False,2026-04-05T23:23:19.000+00:00,2026-04-05,2026,April,04,Quarter 2,,,,,,,,,,,,,High_Risk_Description_6845847,0a8df6af-0204-4b11-a4a9-f1c25aebb43c,,,,HIGH,3,,,,3.0,,2026-04-05T23:23:30.000+00:00,2026-04-05,2026,April,04,Quarter 2,HIGH,3,,,,,,,Risk_Name_6845847,1493,,,,0,,,,,,,,HIGH,3,,,,3.0,,,,OneTrust Automation,79f09a0f-fbd7-4439-9e1e-d48abe62c98e,,,,3.0,,,,,Evaluation,Evaluation,Default Risk Workflow,9684290c-6240-4021-b599-a2dd8a864311,IDENTIFIED,IDENTIFIED,,,,,,,,,,,,,,,,General,,,,,,,,,https://Risk/Risk/0a8df6af-0204-4b11-a4a9-f1c25aebb43c,America/Jujuy,b99df4a4-2bf5-4c08-9483-bd636470bc11,OTAuto02,b99df4a4-2bf5-4c08-9483-bd636470bc11
False,2026-04-06T09:23:19.000+00:00,2026-04-06,2026,April,04,Quarter 2,,,,,,,,,,,,,High_Risk_Description_6845847,0a8df6af-0204-4b11-a4a9-f1c25aebb43c,,,,HIGH,3,,,,3.0,,2026-04-06T09:23:30.000+00:00,2026-04-06,2026,April,04,Quarter 2,HIGH,3,,,,,,,Risk_Name_6845847,1493,,,,0,,,,,,,,HIGH,3,,,,3.0,,,,OneTrust Automation,79f09a0f-fbd7-4439-9e1e-d48abe62c98e,,,,3.0,,,,,Evaluation,Evaluation,Default Risk Workflow,9684290c-6240-4021-b599-a2dd8a864311,IDENTIFIED,IDENTIFIED,,,,,,,,,,,,,,,,General,,,,,,,,,https://Risk/Risk/0a8df6af-0204-4b11-a4a9-f1c25aebb43c,Asia/Bangkok,b99df4a4-2bf5-4c08-9483-bd636470bc11,OTAuto02,b99df4a4-2bf5-4c08-9483-bd636470bc11
False,2026-04-06T05:23:19.000+00:00,2026-04-06,2026,April,04,Quarter 2,,,,,,,,,,,,,High_Risk_Description_6845847,0a8df6af-0204-4b11-a4a9-f1c25aebb43c,,,,HIGH,3,,,,3.0,,2026-04-06T05:23:30.000+00:00,2026-04-06,2026,April,04,Quarter 2,HIGH,3,,,,,,,Risk_Name_6845847,1493,,,,0,,,,,,,,HIGH,3,,,,3.0,,,,OneTrust Automation,79f09a0f-fbd7-4439-9e1e-d48abe62c98e,,,,3.0,,,,,Evaluation,Evaluation,Default Risk Workflow,9684290c-6240-4021-b599-a2dd8a864311,IDENTIFIED,IDENTIFIED,,,,,,,,,,,,,,,,General,,,,,,,,,https://Risk/Risk/0a8df6af-0204-4b11-a4a9-f1c25aebb43c,Europe/Vilnius,b99df4a4-2bf5-4c08-9483-bd636470bc11,OTAuto02,b99df4a4-2bf5-4c08-9483-bd636470bc11
False,2026-04-05T16:53:19.000+00:00,2026-04-05,2026,April,04,Quarter 2,,,,,,,,,,,,,High_Risk_Description_6845847,0a8df6af-0204-4b11-a4a9-f1c25aebb43c,,,,HIGH,3,,,,3.0,,2026-04-05T16:53:30.000+00:00,2026-04-05,2026,April,04,Quarter 2,HIGH,3,,,,,,,Risk_Name_6845847,1493,,,,0,,,,,,,,HIGH,3,,,,3.0,,,,OneTrust Automation,79f09a0f-fbd7-4439-9e1e-d48abe62c98e,,,,3.0,,,,,Evaluation,Evaluation,Default Risk Workflow,9684290c-6240-4021-b599-a2dd8a864311,IDENTIFIED,IDENTIFIED,,,,,,,,,,,,,,,,General,,,,,,,,,https://Risk/Risk/0a8df6af-0204-4b11-a4a9-f1c25aebb43c,Pacific/Marquesas,b99df4a4-2bf5-4c08-9483-bd636470bc11,OTAuto02,b99df4a4-2bf5-4c08-9483-bd636470bc11
False,2026-04-05T23:23:19.000+00:00,2026-04-05,2026,April,04,Quarter 2,,,,,,,,,,,,,High_Risk_Description_6845847,0a8df6af-0204-4b11-a4a9-f1c25aebb43c,,,,HIGH,3,,,,3.0,,2026-04-05T23:23:30.000+00:00,2026-04-05,2026,April,04,Quarter 2,HIGH,3,,,,,,,Risk_Name_6845847,1493,,,,0,,,,,,,,HIGH,3,,,,3.0,,,,OneTrust Automation,79f09a0f-fbd7-4439-9e1e-d48abe62c98e,,,,3.0,,,,,Evaluation,Evaluation,Default Risk Workflow,9684290c-6240-4021-b599-a2dd8a864311,IDENTIFIED,IDENTIFIED,,,,,,,,,,,,,,,,General,,,,,,,,,https://Risk/Risk/0a8df6af-0204-4b11-a4a9-f1c25aebb43c,America/Glace_Bay,b99df4a4-2bf5-4c08-9483-bd636470bc11,OTAuto02,b99df4a4-2bf5-4c08-9483-bd636470bc11
False,2026-04-06T12:23:19.000+00:00,2026-04-06,2026,April,04,Quarter 2,,,,,,,,,,,,,High_Risk_Description_6845847,0a8df6af-0204-4b11-a4a9-f1c25aebb43c,,,,HIGH,3,,,,3.0,,2026-04-06T12:23:30.000+00:00,2026-04-06,2026,April,04,Quarter 2,HIGH,3,,,,,,,Risk_Name_6845847,1493,,,,0,,,,,,,,HIGH,3,,,,3.0,,,,OneTrust Automation,79f09a0f-fbd7-4439-9e1e-d48abe62c98e,,,,3.0,,,,,Evaluation,Evaluation,Default Risk Workflow,9684290c-6240-4021-b599-a2dd8a864311,IDENTIFIED,IDENTIFIED,,,,,,,,,,,,,,,,General,,,,,,,,,https://Risk/Risk/0a8df6af-0204-4b11-a4a9-f1c25aebb43c,Asia/Ust-Nera,b99df4a4-2bf5-4c08-9483-bd636470bc11,OTAuto02,b99df4a4-2bf5-4c08-9483-bd636470bc11
False,2026-04-06T13:23:19.000+00:00,2026-04-06,2026,April,04,Quarter 2,,,,,,,,,,,,,High_Risk_Description_6845847,0a8df6af-0204-4b11-a4a9-f1c25aebb43c,,,,HIGH,3,,,,3.0,,2026-04-06T13:23:30.000+00:00,2026-04-06,2026,April,04,Quarter 2,HIGH,3,,,,,,,Risk_Name_6845847,1493,,,,0,,,,,,,,HIGH,3,,,,3.0,,,,OneTrust Automation,79f09a0f-fbd7-4439-9e1e-d48abe62c98e,,,,3.0,,,,,Evaluation,Evaluation,Default Risk Workflow,9684290c-6240-4021-b599-a2dd8a864311,IDENTIFIED,IDENTIFIED,,,,,,,,,,,,,,,,General,,,,,,,,,https://Risk/Risk/0a8df6af-0204-4b11-a4a9-f1c25aebb43c,Etc/GMT-11,b99df4a4-2bf5-4c08-9483-bd636470bc11,OTAuto02,b99df4a4-2bf5-4c08-9483-bd636470bc11
False,2026-04-06T11:23:19.000+00:00,2026-04-06,2026,April,04,Quarter 2,,,,,,,,,,,,,High_Risk_Description_6845847,0a8df6af-0204-4b11-a4a9-f1c25aebb43c,,,,HIGH,3,,,,3.0,,2026-04-06T11:23:30.000+00:00,2026-04-06,2026,April,04,Quarter 2,HIGH,3,,,,,,,Risk_Name_6845847,1493,,,,0,,,,,,,,HIGH,3,,,,3.0,,,,OneTrust Automation,79f09a0f-fbd7-4439-9e1e-d48abe62c98e,,,,3.0,,,,,Evaluation,Evaluation,Default Risk Workflow,9684290c-6240-4021-b599-a2dd8a864311,IDENTIFIED,IDENTIFIED,,,,,,,,,,,,,,,,General,,,,,,,,,https://Risk/Risk/0a8df6af-0204-4b11-a4a9-f1c25aebb43c,Asia/Jayapura,b99df4a4-2bf5-4c08-9483-bd636470bc11,OTAuto02,b99df4a4-2bf5-4c08-9483-bd636470bc11
False,2026-04-05T23:53:19.000+00:00,2026-04-05,2026,April,04,Quarter 2,,,,,,,,,,,,,High_Risk_Description_6845847,0a8df6af-0204-4b11-a4a9-f1c25aebb43c,,,,HIGH,3,,,,3.0,,2026-04-05T23:53:30.000+00:00,2026-04-05,2026,April,04,Quarter 2,HIGH,3,,,,,,,Risk_Name_6845847,1493,,,,0,,,,,,,,HIGH,3,,,,3.0,,,,OneTrust Automation,79f09a0f-fbd7-4439-9e1e-d48abe62c98e,,,,3.0,,,,,Evaluation,Evaluation,Default Risk Workflow,9684290c-6240-4021-b599-a2dd8a864311,IDENTIFIED,IDENTIFIED,,,,,,,,,,,,,,,,General,,,,,,,,,https://Risk/Risk/0a8df6af-0204-4b11-a4a9-f1c25aebb43c,America/St_Johns,b99df4a4-2bf5-4c08-9483-bd636470bc11,OTAuto02,b99df4a4-2bf5-4c08-9483-bd636470bc11
False,2026-04-06T04:23:19.000+00:00,2026-04-06,2026,April,04,Quarter 2,,,,,,,,,,,,,High_Risk_Description_6845847,0a8df6af-0204-4b11-a4a9-f1c25aebb43c,,,,HIGH,3,,,,3.0,,2026-04-06T04:23:30.000+00:00,2026-04-06,2026,April,04,Quarter 2,HIGH,3,,,,,,,Risk_Name_6845847,1493,,,,0,,,,,,,,HIGH,3,,,,3.0,,,,OneTrust Automation,79f09a0f-fbd7-4439-9e1e-d48abe62c98e,,,,3.0,,,,,Evaluation,Evaluation,Default Risk Workflow,9684290c-6240-4021-b599-a2dd8a864311,IDENTIFIED,IDENTIFIED,,,,,,,,,,,,,,,,General,,,,,,,,,https://Risk/Risk/0a8df6af-0204-4b11-a4a9-f1c25aebb43c,Europe/Andorra,b99df4a4-2bf5-4c08-9483-bd636470bc11,OTAuto02,b99df4a4-2bf5-4c08-9483-bd636470bc11
False,2026-04-06T07:23:19.000+00:00,2026-04-06,2026,April,04,Quarter 2,,,,,,,,,,,,,High_Risk_Description_6845847,0a8df6af-0204-4b11-a4a9-f1c25aebb43c,,,,HIGH,3,,,,3.0,,2026-04-06T07:23:30.000+00:00,2026-04-06,2026,April,04,Quarter 2,HIGH,3,,,,,,,Risk_Name_6845847,1493,,,,0,,,,,,,,HIGH,3,,,,3.0,,,,OneTrust Automation,79f09a0f-fbd7-4439-9e1e-d48abe62c98e,,,,3.0,,,,,Evaluation,Evaluation,Default Risk Workflow,9684290c-6240-4021-b599-a2dd8a864311,IDENTIFIED,IDENTIFIED,,,,,,,,,,,,,,,,General,,,,,,,,,https://Risk/Risk/0a8df6af-0204-4b11-a4a9-f1c25aebb43c,Etc/GMT-5,b99df4a4-2bf5-4c08-9483-bd636470bc11,OTAuto02,b99df4a4-2bf5-4c08-9483-bd636470bc11
False,2026-04-05T23:23:19.000+00:00,2026-04-05,2026,April,04,Quarter 2,,,,,,,,,,,,,High_Risk_Description_6845847,0a8df6af-0204-4b11-a4a9-f1c25aebb43c,,,,HIGH,3,,,,3.0,,2026-04-05T23:23:30.000+00:00,2026-04-05,2026,April,04,Quarter 2,HIGH,3,,,,,,,Risk_Name_6845847,1493,,,,0,,,,,,,,HIGH,3,,,,3.0,,,,OneTrust Automation,79f09a0f-fbd7-4439-9e1e-d48abe62c98e,,,,3.0,,,,,Evaluation,Evaluation,Default Risk Workflow,9684290c-6240-4021-b599-a2dd8a864311,IDENTIFIED,IDENTIFIED,,,,,,,,,,,,,,,,General,,,,,,,,,https://Risk/Risk/0a8df6af-0204-4b11-a4a9-f1c25aebb43c,America/Argentina/ComodRivadavia,b99df4a4-2bf5-4c08-9483-bd636470bc11,OTAuto02,b99df4a4-2bf5-4c08-9483-bd636470bc11
False,2026-04-06T02:23:19.000+00:00,2026-04-06,2026,April,04,Quarter 2,,,,,,,,,,,,,High_Risk_Description_6845847,0a8df6af-0204-4b11-a4a9-f1c25aebb43c,,,,HIGH,3,,,,3.0,,2026-04-06T02:23:30.000+00:00,2026-04-06,2026,April,04,Quarter 2,HIGH,3,,,,,,,Risk_Name_6845847,1493,,,,0,,,,,,,,HIGH,3,,,,3.0,,,,OneTrust Automation,79f09a0f-fbd7-4439-9e1e-d48abe62c98e,,,,3.0,,,,,Evaluation,Evaluation,Default Risk Workflow,9684290c-6240-4021-b599-a2dd8a864311,IDENTIFIED,IDENTIFIED,,,,,,,,,,,,,,,,General,,,,,,,,,https://Risk/Risk/0a8df6af-0204-4b11-a4a9-f1c25aebb43c,Africa/Monrovia,b99df4a4-2bf5-4c08-9483-bd636470bc11,OTAuto02,b99df4a4-2bf5-4c08-9483-bd636470bc11
False,2026-04-06T15:23:19.000+00:00,2026-04-06,2026,April,04,Quarter 2,,,,,,,,,,,,,High_Risk_Description_6845847,0a8df6af-0204-4b11-a4a9-f1c25aebb43c,,,,HIGH,3,,,,3.0,,2026-04-06T15:23:30.000+00:00,2026-04-06,2026,April,04,Quarter 2,HIGH,3,,,,,,,Risk_Name_6845847,1493,,,,0,,,,,,,,HIGH,3,,,,3.0,,,,OneTrust Automation,79f09a0f-fbd7-4439-9e1e-d48abe62c98e,,,,3.0,,,,,Evaluation,Evaluation,Default Risk Workflow,9684290c-6240-4021-b599-a2dd8a864311,IDENTIFIED,IDENTIFIED,,,,,,,,,,,,,,,,General,,,,,,,,,https://Risk/Risk/0a8df6af-0204-4b11-a4a9-f1c25aebb43c,Pacific/Apia,b99df4a4-2bf5-4c08-9483-bd636470bc11,OTAuto02,b99df4a4-2bf5-4c08-9483-bd636470bc11
False,2026-04-05T22:23:19.000+00:00,2026-04-05,2026,April,04,Quarter 2,,,,,,,,,,,,,High_Risk_Description_6845847,0a8df6af-0204-4b11-a4a9-f1c25aebb43c,,,,HIGH,3,,,,3.0,,2026-04-05T22:23:30.000+00:00,2026-04-05,2026,April,04,Quarter 2,HIGH,3,,,,,,,Risk_Name_6845847,1493,,,,0,,,,,,,,HIGH,3,,,,3.0,,,,OneTrust Automation,79f09a0f-fbd7-4439-9e1e-d48abe62c98e,,,,3.0,,,,,Evaluation,Evaluation,Default Risk Workflow,9684290c-6240-4021-b599-a2dd8a864311,IDENTIFIED,IDENTIFIED,,,,,,,,,,,,,,,,General,,,,,,,,,https://Risk/Risk/0a8df6af-0204-4b11-a4a9-f1c25aebb43c,America/Thunder_Bay,b99df4a4-2bf5-4c08-9483-bd636470bc11,OTAuto02,b99df4a4-2bf5-4c08-9483-bd636470bc11
False,2026-04-05T21:23:19.000+00:00,2026-04-05,2026,April,04,Quarter 2,,,,,,,,,,,,,High_Risk_Description_6845847,0a8df6af-0204-4b11-a4a9-f1c25aebb43c,,,,HIGH,3,,,,3.0,,2026-04-05T21:23:30.000+00:00,2026-04-05,2026,April,04,Quarter 2,HIGH,3,,,,,,,Risk_Name_6845847,1493,,,,0,,,,,,,,HIGH,3,,,,3.0,,,,OneTrust Automation,79f09a0f-fbd7-4439-9e1e-d48abe62c98e,,,,3.0,,,,,Evaluation,Evaluation,Default Risk Workflow,9684290c-6240-4021-b599-a2dd8a864311,IDENTIFIED,IDENTIFIED,,,,,,,,,,,,,,,,General,,,,,,,,,https://Risk/Risk/0a8df6af-0204-4b11-a4a9-f1c25aebb43c,America/Resolute,b99df4a4-2bf5-4c08-9483-bd636470bc11,OTAuto02,b99df4a4-2bf5-4c08-9483-bd636470bc11
False,2026-04-06T04:23:19.000+00:00,2026-04-06,2026,April,04,Quarter 2,,,,,,,,,,,,,High_Risk_Description_6845847,0a8df6af-0204-4b11-a4a9-f1c25aebb43c,,,,HIGH,3,,,,3.0,,2026-04-06T04:23:30.000+00:00,2026-04-06,2026,April,04,Quarter 2,HIGH,3,,,,,,,Risk_Name_6845847,1493,,,,0,,,,,,,,HIGH,3,,,,3.0,,,,OneTrust Automation,79f09a0f-fbd7-4439-9e1e-d48abe62c98e,,,,3.0,,,,,Evaluation,Evaluation,Default Risk Workflow,9684290c-6240-4021-b599-a2dd8a864311,IDENTIFIED,IDENTIFIED,,,,,,,,,,,,,,,,General,,,,,,,,,https://Risk/Risk/0a8df6af-0204-4b11-a4a9-f1c25aebb43c,Poland,b99df4a4-2bf5-4c08-9483-bd636470bc11,OTAuto02,b99df4a4-2bf5-4c08-9483-bd636470bc11
False,2026-04-06T04:23:19.000+00:00,2026-04-06,2026,April,04,Quarter 2,,,,,,,,,,,,,High_Risk_Description_6845847,0a8df6af-0204-4b11-a4a9-f1c25aebb43c,,,,HIGH,3,,,,3.0,,2026-04-06T04:23:30.000+00:00,2026-04-06,2026,April,04,Quarter 2,HIGH,3,,,,,,,Risk_Name_6845847,1493,,,,0,,,,,,,,HIGH,3,,,,3.0,,,,OneTrust Automation,79f09a0f-fbd7-4439-9e1e-d48abe62c98e,,,,3.0,,,,,Evaluation,Evaluation,Default Risk Workflow,9684290c-6240-4021-b599-a2dd8a864311,IDENTIFIED,IDENTIFIED,,,,,,,,,,,,,,,,General,,,,,,,,,https://Risk/Risk/0a8df6af-0204-4b11-a4a9-f1c25aebb43c,CET,b99df4a4-2bf5-4c08-9483-bd636470bc11,OTAuto02,b99df4a4-2bf5-4c08-9483-bd636470bc11
False,2026-04-06T05:23:19.000+00:00,2026-04-06,2026,April,04,Quarter 2,,,,,,,,,,,,,High_Risk_Description_6845847,0a8df6af-0204-4b11-a4a9-f1c25aebb43c,,,,HIGH,3,,,,3.0,,2026-04-06T05:23:30.000+00:00,2026-04-06,2026,April,04,Quarter 2,HIGH,3,,,,,,,Risk_Name_6845847,1493,,,,0,,,,,,,,HIGH,3,,,,3.0,,,,OneTrust Automation,79f09a0f-fbd7-4439-9e1e-d48abe62c98e,,,,3.0,,,,,Evaluation,Evaluation,Default Risk Workflow,9684290c-6240-4021-b599-a2dd8a864311,IDENTIFIED,IDENTIFIED,,,,,,,,,,,,,,,,General,,,,,,,,,https://Risk/Risk/0a8df6af-0204-4b11-a4a9-f1c25aebb43c,Asia/Gaza,b99df4a4-2bf5-4c08-9483-bd636470bc11,OTAuto02,b99df4a4-2bf5-4c08-9483-bd636470bc11
False,2026-04-05T21:23:19.000+00:00,2026-04-05,2026,April,04,Quarter 2,,,,,,,,,,,,,High_Risk_Description_6845847,0a8df6af-0204-4b11-a4a9-f1c25aebb43c,,,,HIGH,3,,,,3.0,,2026-04-05T21:23:30.000+00:00,2026-04-05,2026,April,04,Quarter 2,HIGH,3,,,,,,,Risk_Name_6845847,1493,,,,0,,,,,,,,HIGH,3,,,,3.0,,,,OneTrust Automation,79f09a0f-fbd7-4439-9e1e-d48abe62c98e,,,,3.0,,,,,Evaluation,Evaluation,Default Risk Workflow,9684290c-6240-4021-b599-a2dd8a864311,IDENTIFIED,IDENTIFIED,,,,,,,,,,,,,,,,General,,,,,,,,,https://Risk/Risk/0a8df6af-0204-4b11-a4a9-f1c25aebb43c,America/Indiana/Knox,b99df4a4-2bf5-4c08-9483-bd636470bc11,OTAuto02,b99df4a4-2bf5-4c08-9483-bd636470bc11
False,2026-04-06T03:23:19.000+00:00,2026-04-06,2026,April,04,Quarter 2,,,,,,,,,,,,,High_Risk_Description_6845847,0a8df6af-0204-4b11-a4a9-f1c25aebb43c,,,,HIGH,3,,,,3.0,,2026-04-06T03:23:30.000+00:00,2026-04-06,2026,April,04,Quarter 2,HIGH,3,,,,,,,Risk_Name_6845847,1493,,,,0,,,,,,,,HIGH,3,,,,3.0,,,,OneTrust Automation,79f09a0f-fbd7-4439-9e1e-d48abe62c98e,,,,3.0,,,,,Evaluation,Evaluation,Default Risk Workflow,9684290c-6240-4021-b599-a2dd8a864311,IDENTIFIED,IDENTIFIED,,,,,,,,,,,,,,,,General,,,,,,,,,https://Risk/Risk/0a8df6af-0204-4b11-a4a9-f1c25aebb43c,Africa/Malabo,b99df4a4-2bf5-4c08-9483-bd636470bc11,OTAuto02,b99df4a4-2bf5-4c08-9483-bd636470bc11
False,2026-04-05T22:23:19.000+00:00,2026-04-05,2026,April,04,Quarter 2,,,,,,,,,,,,,High_Risk_Description_6845847,0a8df6af-0204-4b11-a4a9-f1c25aebb43c,,,,HIGH,3,,,,3.0,,2026-04-05T22:23:30.000+00:00,2026-04-05,2026,April,04,Quarter 2,HIGH,3,,,,,,,Risk_Name_6845847,1493,,,,0,,,,,,,,HIGH,3,,,,3.0,,,,OneTrust Automation,79f09a0f-fbd7-4439-9e1e-d48abe62c98e,,,,3.0,,,,,Evaluation,Evaluation,Default Risk Workflow,9684290c-6240-4021-b599-a2dd8a864311,IDENTIFIED,IDENTIFIED,,,,,,,,,,,,,,,,General,,,,,,,,,https://Risk/Risk/0a8df6af-0204-4b11-a4a9-f1c25aebb43c,America/Indiana/Vincennes,b99df4a4-2bf5-4c08-9483-bd636470bc11,OTAuto02,b99df4a4-2bf5-4c08-9483-bd636470bc11
False,2026-04-06T06:23:19.000+00:00,2026-04-06,2026,April,04,Quarter 2,,,,,,,,,,,,,High_Risk_Description_6845847,0a8df6af-0204-4b11-a4a9-f1c25aebb43c,,,,HIGH,3,,,,3.0,,2026-04-06T06:23:30.000+00:00,2026-04-06,2026,April,04,Quarter 2,HIGH,3,,,,,,,Risk_Name_6845847,1493,,,,0,,,,,,,,HIGH,3,,,,3.0,,,,OneTrust Automation,79f09a0f-fbd7-4439-9e1e-d48abe62c98e,,,,3.0,,,,,Evaluation,Evaluation,Default Risk Workflow,9684290c-6240-4021-b599-a2dd8a864311,IDENTIFIED,IDENTIFIED,,,,,,,,,,,,,,,,General,,,,,,,,,https://Risk/Risk/0a8df6af-0204-4b11-a4a9-f1c25aebb43c,Europe/Astrakhan,b99df4a4-2bf5-4c08-9483-bd636470bc11,OTAuto02,b99df4a4-2bf5-4c08-9483-bd636470bc11
False,2026-04-05T22:23:19.000+00:00,2026-04-05,2026,April,04,Quarter 2,,,,,,,,,,,,,High_Risk_Description_6845847,0a8df6af-0204-4b11-a4a9-f1c25aebb43c,,,,HIGH,3,,,,3.0,,2026-04-05T22:23:30.000+00:00,2026-04-05,2026,April,04,Quarter 2,HIGH,3,,,,,,,Risk_Name_6845847,1493,,,,0,,,,,,,,HIGH,3,,,,3.0,,,,OneTrust Automation,79f09a0f-fbd7-4439-9e1e-d48abe62c98e,,,,3.0,,,,,Evaluation,Evaluation,Default Risk Workflow,9684290c-6240-4021-b599-a2dd8a864311,IDENTIFIED,IDENTIFIED,,,,,,,,,,,,,,,,General,,,,,,,,,https://Risk/Risk/0a8df6af-0204-4b11-a4a9-f1c25aebb43c,America/Grenada,b99df4a4-2bf5-4c08-9483-bd636470bc11,OTAuto02,b99df4a4-2bf5-4c08-9483-bd636470bc11
False,2026-04-05T21:23:19.000+00:00,2026-04-05,2026,April,04,Quarter 2,,,,,,,,,,,,,High_Risk_Description_6845847,0a8df6af-0204-4b11-a4a9-f1c25aebb43c,,,,HIGH,3,,,,3.0,,2026-04-05T21:23:30.000+00:00,2026-04-05,2026,April,04,Quarter 2,HIGH,3,,,,,,,Risk_Name_6845847,1493,,,,0,,,,,,,,HIGH,3,,,,3.0,,,,OneTrust Automation,79f09a0f-fbd7-4439-9e1e-d48abe62c98e,,,,3.0,,,,,Evaluation,Evaluation,Default Risk Workflow,9684290c-6240-4021-b599-a2dd8a864311,IDENTIFIED,IDENTIFIED,,,,,,,,,,,,,,,,General,,,,,,,,,https://Risk/Risk/0a8df6af-0204-4b11-a4a9-f1c25aebb43c,Canada/Central,b99df4a4-2bf5-4c08-9483-bd636470bc11,OTAuto02,b99df4a4-2bf5-4c08-9483-bd636470bc11
False,2026-04-05T19:23:19.000+00:00,2026-04-05,2026,April,04,Quarter 2,,,,,,,,,,,,,High_Risk_Description_6845847,0a8df6af-0204-4b11-a4a9-f1c25aebb43c,,,,HIGH,3,,,,3.0,,2026-04-05T19:23:30.000+00:00,2026-04-05,2026,April,04,Quarter 2,HIGH,3,,,,,,,Risk_Name_6845847,1493,,,,0,,,,,,,,HIGH,3,,,,3.0,,,,OneTrust Automation,79f09a0f-fbd7-4439-9e1e-d48abe62c98e,,,,3.0,,,,,Evaluation,Evaluation,Default Risk Workflow,9684290c-6240-4021-b599-a2dd8a864311,IDENTIFIED,IDENTIFIED,,,,,,,,,,,,,,,,General,,,,,,,,,https://Risk/Risk/0a8df6af-0204-4b11-a4a9-f1c25aebb43c,America/Dawson,b99df4a4-2bf5-4c08-9483-bd636470bc11,OTAuto02,b99df4a4-2bf5-4c08-9483-bd636470bc11
False,2026-04-05T23:23:19.000+00:00,2026-04-05,2026,April,04,Quarter 2,,,,,,,,,,,,,High_Risk_Description_6845847,0a8df6af-0204-4b11-a4a9-f1c25aebb43c,,,,HIGH,3,,,,3.0,,2026-04-05T23:23:30.000+00:00,2026-04-05,2026,April,04,Quarter 2,HIGH,3,,,,,,,Risk_Name_6845847,1493,,,,0,,,,,,,,HIGH,3,,,,3.0,,,,OneTrust Automation,79f09a0f-fbd7-4439-9e1e-d48abe62c98e,,,,3.0,,,,,Evaluation,Evaluation,Default Risk Workflow,9684290c-6240-4021-b599-a2dd8a864311,IDENTIFIED,IDENTIFIED,,,,,,,,,,,,,,,,General,,,,,,,,,https://Risk/Risk/0a8df6af-0204-4b11-a4a9-f1c25aebb43c,America/Paramaribo,b99df4a4-2bf5-4c08-9483-bd636470bc11,OTAuto02,b99df4a4-2bf5-4c08-9483-bd636470bc11
False,2026-04-06T05:23:19.000+00:00,2026-04-06,2026,April,04,Quarter 2,,,,,,,,,,,,,High_Risk_Description_6845847,0a8df6af-0204-4b11-a4a9-f1c25aebb43c,,,,HIGH,3,,,,3.0,,2026-04-06T05:23:30.000+00:00,2026-04-06,2026,April,04,Quarter 2,HIGH,3,,,,,,,Risk_Name_6845847,1493,,,,0,,,,,,,,HIGH,3,,,,3.0,,,,OneTrust Automation,79f09a0f-fbd7-4439-9e1e-d48abe62c98e,,,,3.0,,,,,Evaluation,Evaluation,Default Risk Workflow,9684290c-6240-4021-b599-a2dd8a864311,IDENTIFIED,IDENTIFIED,,,,,,,,,,,,,,,,General,,,,,,,,,https://Risk/Risk/0a8df6af-0204-4b11-a4a9-f1c25aebb43c,Europe/Sofia,b99df4a4-2bf5-4c08-9483-bd636470bc11,OTAuto02,b99df4a4-2bf5-4c08-9483-bd636470bc11
False,2026-04-06T03:23:19.000+00:00,2026-04-06,2026,April,04,Quarter 2,,,,,,,,,,,,,High_Risk_Description_6845847,0a8df6af-0204-4b11-a4a9-f1c25aebb43c,,,,HIGH,3,,,,3.0,,2026-04-06T03:23:30.000+00:00,2026-04-06,2026,April,04,Quarter 2,HIGH,3,,,,,,,Risk_Name_6845847,1493,,,,0,,,,,,,,HIGH,3,,,,3.0,,,,OneTrust Automation,79f09a0f-fbd7-4439-9e1e-d48abe62c98e,,,,3.0,,,,,Evaluation,Evaluation,Default Risk Workflow,9684290c-6240-4021-b599-a2dd8a864311,IDENTIFIED,IDENTIFIED,,,,,,,,,,,,,,,,General,,,,,,,,,https://Risk/Risk/0a8df6af-0204-4b11-a4a9-f1c25aebb43c,GB-Eire,b99df4a4-2bf5-4c08-9483-bd636470bc11,OTAuto02,b99df4a4-2bf5-4c08-9483-bd636470bc11
False,2026-04-06T10:23:19.000+00:00,2026-04-06,2026,April,04,Quarter 2,,,,,,,,,,,,,High_Risk_Description_6845847,0a8df6af-0204-4b11-a4a9-f1c25aebb43c,,,,HIGH,3,,,,3.0,,2026-04-06T10:23:30.000+00:00,2026-04-06,2026,April,04,Quarter 2,HIGH,3,,,,,,,Risk_Name_6845847,1493,,,,0,,,,,,,,HIGH,3,,,,3.0,,,,OneTrust Automation,79f09a0f-fbd7-4439-9e1e-d48abe62c98e,,,,3.0,,,,,Evaluation,Evaluation,Default Risk Workflow,9684290c-6240-4021-b599-a2dd8a864311,IDENTIFIED,IDENTIFIED,,,,,,,,,,,,,,,,General,,,,,,,,,https://Risk/Risk/0a8df6af-0204-4b11-a4a9-f1c25aebb43c,Asia/Ulaanbaatar,b99df4a4-2bf5-4c08-9483-bd636470bc11,OTAuto02,b99df4a4-2bf5-4c08-9483-bd636470bc11
False,2026-04-06T06:23:19.000+00:00,2026-04-06,2026,April,04,Quarter 2,,,,,,,,,,,,,High_Risk_Description_6845847,0a8df6af-0204-4b11-a4a9-f1c25aebb43c,,,,HIGH,3,,,,3.0,,2026-04-06T06:23:30.000+00:00,2026-04-06,2026,April,04,Quarter 2,HIGH,3,,,,,,,Risk_Name_6845847,1493,,,,0,,,,,,,,HIGH,3,,,,3.0,,,,OneTrust Automation,79f09a0f-fbd7-4439-9e1e-d48abe62c98e,,,,3.0,,,,,Evaluation,Evaluation,Default Risk Workflow,9684290c-6240-4021-b599-a2dd8a864311,IDENTIFIED,IDENTIFIED,,,,,,,,,,,,,,,,General,,,,,,,,,https://Risk/Risk/0a8df6af-0204-4b11-a4a9-f1c25aebb43c,Europe/Samara,b99df4a4-2bf5-4c08-9483-bd636470bc11,OTAuto02,b99df4a4-2bf5-4c08-9483-bd636470bc11
False,2026-04-06T08:08:19.000+00:00,2026-04-06,2026,April,04,Quarter 2,,,,,,,,,,,,,High_Risk_Description_6845847,0a8df6af-0204-4b11-a4a9-f1c25aebb43c,,,,HIGH,3,,,,3.0,,2026-04-06T08:08:30.000+00:00,2026-04-06,2026,April,04,Quarter 2,HIGH,3,,,,,,,Risk_Name_6845847,1493,,,,0,,,,,,,,HIGH,3,,,,3.0,,,,OneTrust Automation,79f09a0f-fbd7-4439-9e1e-d48abe62c98e,,,,3.0,,,,,Evaluation,Evaluation,Default Risk Workflow,9684290c-6240-4021-b599-a2dd8a864311,IDENTIFIED,IDENTIFIED,,,,,,,,,,,,,,,,General,,,,,,,,,https://Risk/Risk/0a8df6af-0204-4b11-a4a9-f1c25aebb43c,Asia/Kathmandu,b99df4a4-2bf5-4c08-9483-bd636470bc11,OTAuto02,b99df4a4-2bf5-4c08-9483-bd636470bc11
False,2026-04-05T20:23:19.000+00:00,2026-04-05,2026,April,04,Quarter 2,,,,,,,,,,,,,High_Risk_Description_6845847,0a8df6af-0204-4b11-a4a9-f1c25aebb43c,,,,HIGH,3,,,,3.0,,2026-04-05T20:23:30.000+00:00,2026-04-05,2026,April,04,Quarter 2,HIGH,3,,,,,,,Risk_Name_6845847,1493,,,,0,,,,,,,,HIGH,3,,,,3.0,,,,OneTrust Automation,79f09a0f-fbd7-4439-9e1e-d48abe62c98e,,,,3.0,,,,,Evaluation,Evaluation,Default Risk Workflow,9684290c-6240-4021-b599-a2dd8a864311,IDENTIFIED,IDENTIFIED,,,,,,,,,,,,,,,,General,,,,,,,,,https://Risk/Risk/0a8df6af-0204-4b11-a4a9-f1c25aebb43c,America/Boise,b99df4a4-2bf5-4c08-9483-bd636470bc11,OTAuto02,b99df4a4-2bf5-4c08-9483-bd636470bc11
False,2026-04-05T17:23:19.000+00:00,2026-04-05,2026,April,04,Quarter 2,,,,,,,,,,,,,High_Risk_Description_6845847,0a8df6af-0204-4b11-a4a9-f1c25aebb43c,,,,HIGH,3,,,,3.0,,2026-04-05T17:23:30.000+00:00,2026-04-05,2026,April,04,Quarter 2,HIGH,3,,,,,,,Risk_Name_6845847,1493,,,,0,,,,,,,,HIGH,3,,,,3.0,,,,OneTrust Automation,79f09a0f-fbd7-4439-9e1e-d48abe62c98e,,,,3.0,,,,,Evaluation,Evaluation,Default Risk Workflow,9684290c-6240-4021-b599-a2dd8a864311,IDENTIFIED,IDENTIFIED,,,,,,,,,,,,,,,,General,,,,,,,,,https://Risk/Risk/0a8df6af-0204-4b11-a4a9-f1c25aebb43c,Etc/GMT+9,b99df4a4-2bf5-4c08-9483-bd636470bc11,OTAuto02,b99df4a4-2bf5-4c08-9483-bd636470bc11
False,2026-04-05T22:23:19.000+00:00,2026-04-05,2026,April,04,Quarter 2,,,,,,,,,,,,,High_Risk_Description_6845847,0a8df6af-0204-4b11-a4a9-f1c25aebb43c,,,,HIGH,3,,,,3.0,,2026-04-05T22:23:30.000+00:00,2026-04-05,2026,April,04,Quarter 2,HIGH,3,,,,,,,Risk_Name_6845847,1493,,,,0,,,,,,,,HIGH,3,,,,3.0,,,,OneTrust Automation,79f09a0f-fbd7-4439-9e1e-d48abe62c98e,,,,3.0,,,,,Evaluation,Evaluation,Default Risk Workflow,9684290c-6240-4021-b599-a2dd8a864311,IDENTIFIED,IDENTIFIED,,,,,,,,,,,,,,,,General,,,,,,,,,https://Risk/Risk/0a8df6af-0204-4b11-a4a9-f1c25aebb43c,America/Dominica,b99df4a4-2bf5-4c08-9483-bd636470bc11,OTAuto02,b99df4a4-2bf5-4c08-9483-bd636470bc11
False,2026-04-05T22:23:19.000+00:00,2026-04-05,2026,April,04,Quarter 2,,,,,,,,,,,,,High_Risk_Description_6845847,0a8df6af-0204-4b11-a4a9-f1c25aebb43c,,,,HIGH,3,,,,3.0,,2026-04-05T22:23:30.000+00:00,2026-04-05,2026,April,04,Quarter 2,HIGH,3,,,,,,,Risk_Name_6845847,1493,,,,0,,,,,,,,HIGH,3,,,,3.0,,,,OneTrust Automation,79f09a0f-fbd7-4439-9e1e-d48abe62c98e,,,,3.0,,,,,Evaluation,Evaluation,Default Risk Workflow,9684290c-6240-4021-b599-a2dd8a864311,IDENTIFIED,IDENTIFIED,,,,,,,,,,,,,,,,General,,,,,,,,,https://Risk/Risk/0a8df6af-0204-4b11-a4a9-f1c25aebb43c,America/Indiana/Petersburg,b99df4a4-2bf5-4c08-9483-bd636470bc11,OTAuto02,b99df4a4-2bf5-4c08-9483-bd636470bc11
False,2026-04-06T07:53:19.000+00:00,2026-04-06,2026,April,04,Quarter 2,,,,,,,,,,,,,High_Risk_Description_6845847,0a8df6af-0204-4b11-a4a9-f1c25aebb43c,,,,HIGH,3,,,,3.0,,2026-04-06T07:53:30.000+00:00,2026-04-06,2026,April,04,Quarter 2,HIGH,3,,,,,,,Risk_Name_6845847,1493,,,,0,,,,,,,,HIGH,3,,,,3.0,,,,OneTrust Automation,79f09a0f-fbd7-4439-9e1e-d48abe62c98e,,,,3.0,,,,,Evaluation,Evaluation,Default Risk Workflow,9684290c-6240-4021-b599-a2dd8a864311,IDENTIFIED,IDENTIFIED,,,,,,,,,,,,,,,,General,,,,,,,,,https://Risk/Risk/0a8df6af-0204-4b11-a4a9-f1c25aebb43c,Asia/Calcutta,b99df4a4-2bf5-4c08-9483-bd636470bc11,OTAuto02,b99df4a4-2bf5-4c08-9483-bd636470bc11
False,2026-04-06T12:23:19.000+00:00,2026-04-06,2026,April,04,Quarter 2,,,,,,,,,,,,,High_Risk_Description_6845847,0a8df6af-0204-4b11-a4a9-f1c25aebb43c,,,,HIGH,3,,,,3.0,,2026-04-06T12:23:30.000+00:00,2026-04-06,2026,April,04,Quarter 2,HIGH,3,,,,,,,Risk_Name_6845847,1493,,,,0,,,,,,,,HIGH,3,,,,3.0,,,,OneTrust Automation,79f09a0f-fbd7-4439-9e1e-d48abe62c98e,,,,3.0,,,,,Evaluation,Evaluation,Default Risk Workflow,9684290c-6240-4021-b599-a2dd8a864311,IDENTIFIED,IDENTIFIED,,,,,,,,,,,,,,,,General,,,,,,,,,https://Risk/Risk/0a8df6af-0204-4b11-a4a9-f1c25aebb43c,Australia/Melbourne,b99df4a4-2bf5-4c08-9483-bd636470bc11,OTAuto02,b99df4a4-2bf5-4c08-9483-bd636470bc11
False,2026-04-06T15:23:19.000+00:00,2026-04-06,2026,April,04,Quarter 2,,,,,,,,,,,,,High_Risk_Description_6845847,0a8df6af-0204-4b11-a4a9-f1c25aebb43c,,,,HIGH,3,,,,3.0,,2026-04-06T15:23:30.000+00:00,2026-04-06,2026,April,04,Quarter 2,HIGH,3,,,,,,,Risk_Name_6845847,1493,,,,0,,,,,,,,HIGH,3,,,,3.0,,,,OneTrust Automation,79f09a0f-fbd7-4439-9e1e-d48abe62c98e,,,,3.0,,,,,Evaluation,Evaluation,Default Risk Workflow,9684290c-6240-4021-b599-a2dd8a864311,IDENTIFIED,IDENTIFIED,,,,,,,,,,,,,,,,General,,,,,,,,,https://Risk/Risk/0a8df6af-0204-4b11-a4a9-f1c25aebb43c,Etc/GMT-13,b99df4a4-2bf5-4c08-9483-bd636470bc11,OTAuto02,b99df4a4-2bf5-4c08-9483-bd636470bc11
False,2026-04-06T02:23:19.000+00:00,2026-04-06,2026,April,04,Quarter 2,,,,,,,,,,,,,High_Risk_Description_6845847,0a8df6af-0204-4b11-a4a9-f1c25aebb43c,,,,HIGH,3,,,,3.0,,2026-04-06T02:23:30.000+00:00,2026-04-06,2026,April,04,Quarter 2,HIGH,3,,,,,,,Risk_Name_6845847,1493,,,,0,,,,,,,,HIGH,3,,,,3.0,,,,OneTrust Automation,79f09a0f-fbd7-4439-9e1e-d48abe62c98e,,,,3.0,,,,,Evaluation,Evaluation,Default Risk Workflow,9684290c-6240-4021-b599-a2dd8a864311,IDENTIFIED,IDENTIFIED,,,,,,,,,,,,,,,,General,,,,,,,,,https://Risk/Risk/0a8df6af-0204-4b11-a4a9-f1c25aebb43c,Etc/UCT,b99df4a4-2bf5-4c08-9483-bd636470bc11,OTAuto02,b99df4a4-2bf5-4c08-9483-bd636470bc11
False,2026-04-06T12:23:19.000+00:00,2026-04-06,2026,April,04,Quarter 2,,,,,,,,,,,,,High_Risk_Description_6845847,0a8df6af-0204-4b11-a4a9-f1c25aebb43c,,,,HIGH,3,,,,3.0,,2026-04-06T12:23:30.000+00:00,2026-04-06,2026,April,04,Quarter 2,HIGH,3,,,,,,,Risk_Name_6845847,1493,,,,0,,,,,,,,HIGH,3,,,,3.0,,,,OneTrust Automation,79f09a0f-fbd7-4439-9e1e-d48abe62c98e,,,,3.0,,,,,Evaluation,Evaluation,Default Risk Workflow,9684290c-6240-4021-b599-a2dd8a864311,IDENTIFIED,IDENTIFIED,,,,,,,,,,,,,,,,General,,,,,,,,,https://Risk/Risk/0a8df6af-0204-4b11-a4a9-f1c25aebb43c,Pacific/Truk,b99df4a4-2bf5-4c08-9483-bd636470bc11,OTAuto02,b99df4a4-2bf5-4c08-9483-bd636470bc11
False,2026-04-06T10:23:19.000+00:00,2026-04-06,2026,April,04,Quarter 2,,,,,,,,,,,,,High_Risk_Description_6845847,0a8df6af-0204-4b11-a4a9-f1c25aebb43c,,,,HIGH,3,,,,3.0,,2026-04-06T10:23:30.000+00:00,2026-04-06,2026,April,04,Quarter 2,HIGH,3,,,,,,,Risk_Name_6845847,1493,,,,0,,,,,,,,HIGH,3,,,,3.0,,,,OneTrust Automation,79f09a0f-fbd7-4439-9e1e-d48abe62c98e,,,,3.0,,,,,Evaluation,Evaluation,Default Risk Workflow,9684290c-6240-4021-b599-a2dd8a864311,IDENTIFIED,IDENTIFIED,,,,,,,,,,,,,,,,General,,,,,,,,,https://Risk/Risk/0a8df6af-0204-4b11-a4a9-f1c25aebb43c,Asia/Irkutsk,b99df4a4-2bf5-4c08-9483-bd636470bc11,OTAuto02,b99df4a4-2bf5-4c08-9483-bd636470bc11
False,2026-04-06T06:23:19.000+00:00,2026-04-06,2026,April,04,Quarter 2,,,,,,,,,,,,,High_Risk_Description_6845847,0a8df6af-0204-4b11-a4a9-f1c25aebb43c,,,,HIGH,3,,,,3.0,,2026-04-06T06:23:30.000+00:00,2026-04-06,2026,April,04,Quarter 2,HIGH,3,,,,,,,Risk_Name_6845847,1493,,,,0,,,,,,,,HIGH,3,,,,3.0,,,,OneTrust Automation,79f09a0f-fbd7-4439-9e1e-d48abe62c98e,,,,3.0,,,,,Evaluation,Evaluation,Default Risk Workflow,9684290c-6240-4021-b599-a2dd8a864311,IDENTIFIED,IDENTIFIED,,,,,,,,,,,,,,,,General,,,,,,,,,https://Risk/Risk/0a8df6af-0204-4b11-a4a9-f1c25aebb43c,Asia/Baku,b99df4a4-2bf5-4c08-9483-bd636470bc11,OTAuto02,b99df4a4-2bf5-4c08-9483-bd636470bc11
False,2026-04-05T22:23:19.000+00:00,2026-04-05,2026,April,04,Quarter 2,,,,,,,,,,,,,High_Risk_Description_6845847,0a8df6af-0204-4b11-a4a9-f1c25aebb43c,,,,HIGH,3,,,,3.0,,2026-04-05T22:23:30.000+00:00,2026-04-05,2026,April,04,Quarter 2,HIGH,3,,,,,,,Risk_Name_6845847,1493,,,,0,,,,,,,,HIGH,3,,,,3.0,,,,OneTrust Automation,79f09a0f-fbd7-4439-9e1e-d48abe62c98e,,,,3.0,,,,,Evaluation,Evaluation,Default Risk Workflow,9684290c-6240-4021-b599-a2dd8a864311,IDENTIFIED,IDENTIFIED,,,,,,,,,,,,,,,,General,,,,,,,,,https://Risk/Risk/0a8df6af-0204-4b11-a4a9-f1c25aebb43c,America/Kentucky/Monticello,b99df4a4-2bf5-4c08-9483-bd636470bc11,OTAuto02,b99df4a4-2bf5-4c08-9483-bd636470bc11
False,2026-04-06T13:23:19.000+00:00,2026-04-06,2026,April,04,Quarter 2,,,,,,,,,,,,,High_Risk_Description_6845847,0a8df6af-0204-4b11-a4a9-f1c25aebb43c,,,,HIGH,3,,,,3.0,,2026-04-06T13:23:30.000+00:00,2026-04-06,2026,April,04,Quarter 2,HIGH,3,,,,,,,Risk_Name_6845847,1493,,,,0,,,,,,,,HIGH,3,,,,3.0,,,,OneTrust Automation,79f09a0f-fbd7-4439-9e1e-d48abe62c98e,,,,3.0,,,,,Evaluation,Evaluation,Default Risk Workflow,9684290c-6240-4021-b599-a2dd8a864311,IDENTIFIED,IDENTIFIED,,,,,,,,,,,,,,,,General,,,,,,,,,https://Risk/Risk/0a8df6af-0204-4b11-a4a9-f1c25aebb43c,Pacific/Ponape,b99df4a4-2bf5-4c08-9483-bd636470bc11,OTAuto02,b99df4a4-2bf5-4c08-9483-bd636470bc11
False,2026-04-06T13:23:19.000+00:00,2026-04-06,2026,April,04,Quarter 2,,,,,,,,,,,,,High_Risk_Description_6845847,0a8df6af-0204-4b11-a4a9-f1c25aebb43c,,,,HIGH,3,,,,3.0,,2026-04-06T13:23:30.000+00:00,2026-04-06,2026,April,04,Quarter 2,HIGH,3,,,,,,,Risk_Name_6845847,1493,,,,0,,,,,,,,HIGH,3,,,,3.0,,,,OneTrust Automation,79f09a0f-fbd7-4439-9e1e-d48abe62c98e,,,,3.0,,,,,Evaluation,Evaluation,Default Risk Workflow,9684290c-6240-4021-b599-a2dd8a864311,IDENTIFIED,IDENTIFIED,,,,,,,,,,,,,,,,General,,,,,,,,,https://Risk/Risk/0a8df6af-0204-4b11-a4a9-f1c25aebb43c,Pacific/Norfolk,b99df4a4-2bf5-4c08-9483-bd636470bc11,OTAuto02,b99df4a4-2bf5-4c08-9483-bd636470bc11
False,2026-04-06T02:23:19.000+00:00,2026-04-06,2026,April,04,Quarter 2,,,,,,,,,,,,,High_Risk_Description_6845847,0a8df6af-0204-4b11-a4a9-f1c25aebb43c,,,,HIGH,3,,,,3.0,,2026-04-06T02:23:30.000+00:00,2026-04-06,2026,April,04,Quarter 2,HIGH,3,,,,,,,Risk_Name_6845847,1493,,,,0,,,,,,,,HIGH,3,,,,3.0,,,,OneTrust Automation,79f09a0f-fbd7-4439-9e1e-d48abe62c98e,,,,3.0,,,,,Evaluation,Evaluation,Default Risk Workflow,9684290c-6240-4021-b599-a2dd8a864311,IDENTIFIED,IDENTIFIED,,,,,,,,,,,,,,,,General,,,,,,,,,https://Risk/Risk/0a8df6af-0204-4b11-a4a9-f1c25aebb43c,Africa/Accra,b99df4a4-2bf5-4c08-9483-bd636470bc11,OTAuto02,b99df4a4-2bf5-4c08-9483-bd636470bc11
False,2026-04-05T22:23:19.000+00:00,2026-04-05,2026,April,04,Quarter 2,,,,,,,,,,,,,High_Risk_Description_6845847,0a8df6af-0204-4b11-a4a9-f1c25aebb43c,,,,HIGH,3,,,,3.0,,2026-04-05T22:23:30.000+00:00,2026-04-05,2026,April,04,Quarter 2,HIGH,3,,,,,,,Risk_Name_6845847,1493,,,,0,,,,,,,,HIGH,3,,,,3.0,,,,OneTrust Automation,79f09a0f-fbd7-4439-9e1e-d48abe62c98e,,,,3.0,,,,,Evaluation,Evaluation,Default Risk Workflow,9684290c-6240-4021-b599-a2dd8a864311,IDENTIFIED,IDENTIFIED,,,,,,,,,,,,,,,,General,,,,,,,,,https://Risk/Risk/0a8df6af-0204-4b11-a4a9-f1c25aebb43c,America/Grand_Turk,b99df4a4-2bf5-4c08-9483-bd636470bc11,OTAuto02,b99df4a4-2bf5-4c08-9483-bd636470bc11
False,2026-04-06T04:23:19.000+00:00,2026-04-06,2026,April,04,Quarter 2,,,,,,,,,,,,,High_Risk_Description_6845847,0a8df6af-0204-4b11-a4a9-f1c25aebb43c,,,,HIGH,3,,,,3.0,,2026-04-06T04:23:30.000+00:00,2026-04-06,2026,April,04,Quarter 2,HIGH,3,,,,,,,Risk_Name_6845847,1493,,,,0,,,,,,,,HIGH,3,,,,3.0,,,,OneTrust Automation,79f09a0f-fbd7-4439-9e1e-d48abe62c98e,,,,3.0,,,,,Evaluation,Evaluation,Default Risk Workflow,9684290c-6240-4021-b599-a2dd8a864311,IDENTIFIED,IDENTIFIED,,,,,,,,,,,,,,,,General,,,,,,,,,https://Risk/Risk/0a8df6af-0204-4b11-a4a9-f1c25aebb43c,Europe/Amsterdam,b99df4a4-2bf5-4c08-9483-bd636470bc11,OTAuto02,b99df4a4-2bf5-4c08-9483-bd636470bc11
False,2026-04-06T13:23:19.000+00:00,2026-04-06,2026,April,04,Quarter 2,,,,,,,,,,,,,High_Risk_Description_6845847,0a8df6af-0204-4b11-a4a9-f1c25aebb43c,,,,HIGH,3,,,,3.0,,2026-04-06T13:23:30.000+00:00,2026-04-06,2026,April,04,Quarter 2,HIGH,3,,,,,,,Risk_Name_6845847,1493,,,,0,,,,,,,,HIGH,3,,,,3.0,,,,OneTrust Automation,79f09a0f-fbd7-4439-9e1e-d48abe62c98e,,,,3.0,,,,,Evaluation,Evaluation,Default Risk Workflow,9684290c-6240-4021-b599-a2dd8a864311,IDENTIFIED,IDENTIFIED,,,,,,,,,,,,,,,,General,,,,,,,,,https://Risk/Risk/0a8df6af-0204-4b11-a4a9-f1c25aebb43c,Pacific/Kosrae,b99df4a4-2bf5-4c08-9483-bd636470bc11,OTAuto02,b99df4a4-2bf5-4c08-9483-bd636470bc11
False,2026-04-06T05:23:19.000+00:00,2026-04-06,2026,April,04,Quarter 2,,,,,,,,,,,,,High_Risk_Description_6845847,0a8df6af-0204-4b11-a4a9-f1c25aebb43c,,,,HIGH,3,,,,3.0,,2026-04-06T05:23:30.000+00:00,2026-04-06,2026,April,04,Quarter 2,HIGH,3,,,,,,,Risk_Name_6845847,1493,,,,0,,,,,,,,HIGH,3,,,,3.0,,,,OneTrust Automation,79f09a0f-fbd7-4439-9e1e-d48abe62c98e,,,,3.0,,,,,Evaluation,Evaluation,Default Risk Workflow,9684290c-6240-4021-b599-a2dd8a864311,IDENTIFIED,IDENTIFIED,,,,,,,,,,,,,,,,General,,,,,,,,,https://Risk/Risk/0a8df6af-0204-4b11-a4a9-f1c25aebb43c,Israel,b99df4a4-2bf5-4c08-9483-bd636470bc11,OTAuto02,b99df4a4-2bf5-4c08-9483-bd636470bc11
False,2026-04-06T06:23:19.000+00:00,2026-04-06,2026,April,04,Quarter 2,,,,,,,,,,,,,High_Risk_Description_6845847,0a8df6af-0204-4b11-a4a9-f1c25aebb43c,,,,HIGH,3,,,,3.0,,2026-04-06T06:23:30.000+00:00,2026-04-06,2026,April,04,Quarter 2,HIGH,3,,,,,,,Risk_Name_6845847,1493,,,,0,,,,,,,,HIGH,3,,,,3.0,,,,OneTrust Automation,79f09a0f-fbd7-4439-9e1e-d48abe62c98e,,,,3.0,,,,,Evaluation,Evaluation,Default Risk Workflow,9684290c-6240-4021-b599-a2dd8a864311,IDENTIFIED,IDENTIFIED,,,,,,,,,,,,,,,,General,,,,,,,,,https://Risk/Risk/0a8df6af-0204-4b11-a4a9-f1c25aebb43c,Europe/Saratov,b99df4a4-2bf5-4c08-9483-bd636470bc11,OTAuto02,b99df4a4-2bf5-4c08-9483-bd636470bc11
False,2026-04-06T12:23:19.000+00:00,2026-04-06,2026,April,04,Quarter 2,,,,,,,,,,,,,High_Risk_Description_6845847,0a8df6af-0204-4b11-a4a9-f1c25aebb43c,,,,HIGH,3,,,,3.0,,2026-04-06T12:23:30.000+00:00,2026-04-06,2026,April,04,Quarter 2,HIGH,3,,,,,,,Risk_Name_6845847,1493,,,,0,,,,,,,,HIGH,3,,,,3.0,,,,OneTrust Automation,79f09a0f-fbd7-4439-9e1e-d48abe62c98e,,,,3.0,,,,,Evaluation,Evaluation,Default Risk Workflow,9684290c-6240-4021-b599-a2dd8a864311,IDENTIFIED,IDENTIFIED,,,,,,,,,,,,,,,,General,,,,,,,,,https://Risk/Risk/0a8df6af-0204-4b11-a4a9-f1c25aebb43c,Pacific/Port_Moresby,b99df4a4-2bf5-4c08-9483-bd636470bc11,OTAuto02,b99df4a4-2bf5-4c08-9483-bd636470bc11
False,2026-04-06T12:23:19.000+00:00,2026-04-06,2026,April,04,Quarter 2,,,,,,,,,,,,,High_Risk_Description_6845847,0a8df6af-0204-4b11-a4a9-f1c25aebb43c,,,,HIGH,3,,,,3.0,,2026-04-06T12:23:30.000+00:00,2026-04-06,2026,April,04,Quarter 2,HIGH,3,,,,,,,Risk_Name_6845847,1493,,,,0,,,,,,,,HIGH,3,,,,3.0,,,,OneTrust Automation,79f09a0f-fbd7-4439-9e1e-d48abe62c98e,,,,3.0,,,,,Evaluation,Evaluation,Default Risk Workflow,9684290c-6240-4021-b599-a2dd8a864311,IDENTIFIED,IDENTIFIED,,,,,,,,,,,,,,,,General,,,,,,,,,https://Risk/Risk/0a8df6af-0204-4b11-a4a9-f1c25aebb43c,Australia/Sydney,b99df4a4-2bf5-4c08-9483-bd636470bc11,OTAuto02,b99df4a4-2bf5-4c08-9483-bd636470bc11
False,2026-04-05T20:23:19.000+00:00,2026-04-05,2026,April,04,Quarter 2,,,,,,,,,,,,,High_Risk_Description_6845847,0a8df6af-0204-4b11-a4a9-f1c25aebb43c,,,,HIGH,3,,,,3.0,,2026-04-05T20:23:30.000+00:00,2026-04-05,2026,April,04,Quarter 2,HIGH,3,,,,,,,Risk_Name_6845847,1493,,,,0,,,,,,,,HIGH,3,,,,3.0,,,,OneTrust Automation,79f09a0f-fbd7-4439-9e1e-d48abe62c98e,,,,3.0,,,,,Evaluation,Evaluation,Default Risk Workflow,9684290c-6240-4021-b599-a2dd8a864311,IDENTIFIED,IDENTIFIED,,,,,,,,,,,,,,,,General,,,,,,,,,https://Risk/Risk/0a8df6af-0204-4b11-a4a9-f1c25aebb43c,America/Cambridge_Bay,b99df4a4-2bf5-4c08-9483-bd636470bc11,OTAuto02,b99df4a4-2bf5-4c08-9483-bd636470bc11
False,2026-04-06T05:23:19.000+00:00,2026-04-06,2026,April,04,Quarter 2,,,,,,,,,,,,,High_Risk_Description_6845847,0a8df6af-0204-4b11-a4a9-f1c25aebb43c,,,,HIGH,3,,,,3.0,,2026-04-06T05:23:30.000+00:00,2026-04-06,2026,April,04,Quarter 2,HIGH,3,,,,,,,Risk_Name_6845847,1493,,,,0,,,,,,,,HIGH,3,,,,3.0,,,,OneTrust Automation,79f09a0f-fbd7-4439-9e1e-d48abe62c98e,,,,3.0,,,,,Evaluation,Evaluation,Default Risk Workflow,9684290c-6240-4021-b599-a2dd8a864311,IDENTIFIED,IDENTIFIED,,,,,,,,,,,,,,,,General,,,,,,,,,https://Risk/Risk/0a8df6af-0204-4b11-a4a9-f1c25aebb43c,Europe/Tiraspol,b99df4a4-2bf5-4c08-9483-bd636470bc11,OTAuto02,b99df4a4-2bf5-4c08-9483-bd636470bc11
False,2026-04-06T11:23:19.000+00:00,2026-04-06,2026,April,04,Quarter 2,,,,,,,,,,,,,High_Risk_Description_6845847,0a8df6af-0204-4b11-a4a9-f1c25aebb43c,,,,HIGH,3,,,,3.0,,2026-04-06T11:23:30.000+00:00,2026-04-06,2026,April,04,Quarter 2,HIGH,3,,,,,,,Risk_Name_6845847,1493,,,,0,,,,,,,,HIGH,3,,,,3.0,,,,OneTrust Automation,79f09a0f-fbd7-4439-9e1e-d48abe62c98e,,,,3.0,,,,,Evaluation,Evaluation,Default Risk Workflow,9684290c-6240-4021-b599-a2dd8a864311,IDENTIFIED,IDENTIFIED,,,,,,,,,,,,,,,,General,,,,,,,,,https://Risk/Risk/0a8df6af-0204-4b11-a4a9-f1c25aebb43c,Japan,b99df4a4-2bf5-4c08-9483-bd636470bc11,OTAuto02,b99df4a4-2bf5-4c08-9483-bd636470bc11
False,2026-04-05T18:23:19.000+00:00,2026-04-05,2026,April,04,Quarter 2,,,,,,,,,,,,,High_Risk_Description_6845847,0a8df6af-0204-4b11-a4a9-f1c25aebb43c,,,,HIGH,3,,,,3.0,,2026-04-05T18:23:30.000+00:00,2026-04-05,2026,April,04,Quarter 2,HIGH,3,,,,,,,Risk_Name_6845847,1493,,,,0,,,,,,,,HIGH,3,,,,3.0,,,,OneTrust Automation,79f09a0f-fbd7-4439-9e1e-d48abe62c98e,,,,3.0,,,,,Evaluation,Evaluation,Default Risk Workflow,9684290c-6240-4021-b599-a2dd8a864311,IDENTIFIED,IDENTIFIED,,,,,,,,,,,,,,,,General,,,,,,,,,https://Risk/Risk/0a8df6af-0204-4b11-a4a9-f1c25aebb43c,America/Nome,b99df4a4-2bf5-4c08-9483-bd636470bc11,OTAuto02,b99df4a4-2bf5-4c08-9483-bd636470bc11
False,2026-04-06T07:23:19.000+00:00,2026-04-06,2026,April,04,Quarter 2,,,,,,,,,,,,,High_Risk_Description_6845847,0a8df6af-0204-4b11-a4a9-f1c25aebb43c,,,,HIGH,3,,,,3.0,,2026-04-06T07:23:30.000+00:00,2026-04-06,2026,April,04,Quarter 2,HIGH,3,,,,,,,Risk_Name_6845847,1493,,,,0,,,,,,,,HIGH,3,,,,3.0,,,,OneTrust Automation,79f09a0f-fbd7-4439-9e1e-d48abe62c98e,,,,3.0,,,,,Evaluation,Evaluation,Default Risk Workflow,9684290c-6240-4021-b599-a2dd8a864311,IDENTIFIED,IDENTIFIED,,,,,,,,,,,,,,,,General,,,,,,,,,https://Risk/Risk/0a8df6af-0204-4b11-a4a9-f1c25aebb43c,Asia/Qyzylorda,b99df4a4-2bf5-4c08-9483-bd636470bc11,OTAuto02,b99df4a4-2bf5-4c08-9483-bd636470bc11
False,2026-04-06T09:23:19.000+00:00,2026-04-06,2026,April,04,Quarter 2,,,,,,,,,,,,,High_Risk_Description_6845847,0a8df6af-0204-4b11-a4a9-f1c25aebb43c,,,,HIGH,3,,,,3.0,,2026-04-06T09:23:30.000+00:00,2026-04-06,2026,April,04,Quarter 2,HIGH,3,,,,,,,Risk_Name_6845847,1493,,,,0,,,,,,,,HIGH,3,,,,3.0,,,,OneTrust Automation,79f09a0f-fbd7-4439-9e1e-d48abe62c98e,,,,3.0,,,,,Evaluation,Evaluation,Default Risk Workflow,9684290c-6240-4021-b599-a2dd8a864311,IDENTIFIED,IDENTIFIED,,,,,,,,,,,,,,,,General,,,,,,,,,https://Risk/Risk/0a8df6af-0204-4b11-a4a9-f1c25aebb43c,Asia/Phnom_Penh,b99df4a4-2bf5-4c08-9483-bd636470bc11,OTAuto02,b99df4a4-2bf5-4c08-9483-bd636470bc11
False,2026-04-06T13:23:19.000+00:00,2026-04-06,2026,April,04,Quarter 2,,,,,,,,,,,,,High_Risk_Description_6845847,0a8df6af-0204-4b11-a4a9-f1c25aebb43c,,,,HIGH,3,,,,3.0,,2026-04-06T13:23:30.000+00:00,2026-04-06,2026,April,04,Quarter 2,HIGH,3,,,,,,,Risk_Name_6845847,1493,,,,0,,,,,,,,HIGH,3,,,,3.0,,,,OneTrust Automation,79f09a0f-fbd7-4439-9e1e-d48abe62c98e,,,,3.0,,,,,Evaluation,Evaluation,Default Risk Workflow,9684290c-6240-4021-b599-a2dd8a864311,IDENTIFIED,IDENTIFIED,,,,,,,,,,,,,,,,General,,,,,,,,,https://Risk/Risk/0a8df6af-0204-4b11-a4a9-f1c25aebb43c,Asia/Srednekolymsk,b99df4a4-2bf5-4c08-9483-bd636470bc11,OTAuto02,b99df4a4-2bf5-4c08-9483-bd636470bc11
False,2026-04-05T21:23:19.000+00:00,2026-04-05,2026,April,04,Quarter 2,,,,,,,,,,,,,High_Risk_Description_6845847,0a8df6af-0204-4b11-a4a9-f1c25aebb43c,,,,HIGH,3,,,,3.0,,2026-04-05T21:23:30.000+00:00,2026-04-05,2026,April,04,Quarter 2,HIGH,3,,,,,,,Risk_Name_6845847,1493,,,,0,,,,,,,,HIGH,3,,,,3.0,,,,OneTrust Automation,79f09a0f-fbd7-4439-9e1e-d48abe62c98e,,,,3.0,,,,,Evaluation,Evaluation,Default Risk Workflow,9684290c-6240-4021-b599-a2dd8a864311,IDENTIFIED,IDENTIFIED,,,,,,,,,,,,,,,,General,,,,,,,,,https://Risk/Risk/0a8df6af-0204-4b11-a4a9-f1c25aebb43c,America/Winnipeg,b99df4a4-2bf5-4c08-9483-bd636470bc11,OTAuto02,b99df4a4-2bf5-4c08-9483-bd636470bc11
False,2026-04-05T18:23:19.000+00:00,2026-04-05,2026,April,04,Quarter 2,,,,,,,,,,,,,High_Risk_Description_6845847,0a8df6af-0204-4b11-a4a9-f1c25aebb43c,,,,HIGH,3,,,,3.0,,2026-04-05T18:23:30.000+00:00,2026-04-05,2026,April,04,Quarter 2,HIGH,3,,,,,,,Risk_Name_6845847,1493,,,,0,,,,,,,,HIGH,3,,,,3.0,,,,OneTrust Automation,79f09a0f-fbd7-4439-9e1e-d48abe62c98e,,,,3.0,,,,,Evaluation,Evaluation,Default Risk Workflow,9684290c-6240-4021-b599-a2dd8a864311,IDENTIFIED,IDENTIFIED,,,,,,,,,,,,,,,,General,,,,,,,,,https://Risk/Risk/0a8df6af-0204-4b11-a4a9-f1c25aebb43c,Pacific/Pitcairn,b99df4a4-2bf5-4c08-9483-bd636470bc11,OTAuto02,b99df4a4-2bf5-4c08-9483-bd636470bc11
False,2026-04-06T04:23:19.000+00:00,2026-04-06,2026,April,04,Quarter 2,,,,,,,,,,,,,High_Risk_Description_6845847,0a8df6af-0204-4b11-a4a9-f1c25aebb43c,,,,HIGH,3,,,,3.0,,2026-04-06T04:23:30.000+00:00,2026-04-06,2026,April,04,Quarter 2,HIGH,3,,,,,,,Risk_Name_6845847,1493,,,,0,,,,,,,,HIGH,3,,,,3.0,,,,OneTrust Automation,79f09a0f-fbd7-4439-9e1e-d48abe62c98e,,,,3.0,,,,,Evaluation,Evaluation,Default Risk Workflow,9684290c-6240-4021-b599-a2dd8a864311,IDENTIFIED,IDENTIFIED,,,,,,,,,,,,,,,,General,,,,,,,,,https://Risk/Risk/0a8df6af-0204-4b11-a4a9-f1c25aebb43c,Europe/Vienna,b99df4a4-2bf5-4c08-9483-bd636470bc11,OTAuto02,b99df4a4-2bf5-4c08-9483-bd636470bc11
False,2026-04-05T21:23:19.000+00:00,2026-04-05,2026,April,04,Quarter 2,,,,,,,,,,,,,High_Risk_Description_6845847,0a8df6af-0204-4b11-a4a9-f1c25aebb43c,,,,HIGH,3,,,,3.0,,2026-04-05T21:23:30.000+00:00,2026-04-05,2026,April,04,Quarter 2,HIGH,3,,,,,,,Risk_Name_6845847,1493,,,,0,,,,,,,,HIGH,3,,,,3.0,,,,OneTrust Automation,79f09a0f-fbd7-4439-9e1e-d48abe62c98e,,,,3.0,,,,,Evaluation,Evaluation,Default Risk Workflow,9684290c-6240-4021-b599-a2dd8a864311,IDENTIFIED,IDENTIFIED,,,,,,,,,,,,,,,,General,,,,,,,,,https://Risk/Risk/0a8df6af-0204-4b11-a4a9-f1c25aebb43c,America/Rio_Branco,b99df4a4-2bf5-4c08-9483-bd636470bc11,OTAuto02,b99df4a4-2bf5-4c08-9483-bd636470bc11
False,2026-04-05T21:23:19.000+00:00,2026-04-05,2026,April,04,Quarter 2,,,,,,,,,,,,,High_Risk_Description_6845847,0a8df6af-0204-4b11-a4a9-f1c25aebb43c,,,,HIGH,3,,,,3.0,,2026-04-05T21:23:30.000+00:00,2026-04-05,2026,April,04,Quarter 2,HIGH,3,,,,,,,Risk_Name_6845847,1493,,,,0,,,,,,,,HIGH,3,,,,3.0,,,,OneTrust Automation,79f09a0f-fbd7-4439-9e1e-d48abe62c98e,,,,3.0,,,,,Evaluation,Evaluation,Default Risk Workflow,9684290c-6240-4021-b599-a2dd8a864311,IDENTIFIED,IDENTIFIED,,,,,,,,,,,,,,,,General,,,,,,,,,https://Risk/Risk/0a8df6af-0204-4b11-a4a9-f1c25aebb43c,America/Jamaica,b99df4a4-2bf5-4c08-9483-bd636470bc11,OTAuto02,b99df4a4-2bf5-4c08-9483-bd636470bc11
False,2026-04-05T21:23:19.000+00:00,2026-04-05,2026,April,04,Quarter 2,,,,,,,,,,,,,High_Risk_Description_6845847,0a8df6af-0204-4b11-a4a9-f1c25aebb43c,,,,HIGH,3,,,,3.0,,2026-04-05T21:23:30.000+00:00,2026-04-05,2026,April,04,Quarter 2,HIGH,3,,,,,,,Risk_Name_6845847,1493,,,,0,,,,,,,,HIGH,3,,,,3.0,,,,OneTrust Automation,79f09a0f-fbd7-4439-9e1e-d48abe62c98e,,,,3.0,,,,,Evaluation,Evaluation,Default Risk Workflow,9684290c-6240-4021-b599-a2dd8a864311,IDENTIFIED,IDENTIFIED,,,,,,,,,,,,,,,,General,,,,,,,,,https://Risk/Risk/0a8df6af-0204-4b11-a4a9-f1c25aebb43c,Etc/GMT+5,b99df4a4-2bf5-4c08-9483-bd636470bc11,OTAuto02,b99df4a4-2bf5-4c08-9483-bd636470bc11
False,2026-04-05T23:23:19.000+00:00,2026-04-05,2026,April,04,Quarter 2,,,,,,,,,,,,,High_Risk_Description_6845847,0a8df6af-0204-4b11-a4a9-f1c25aebb43c,,,,HIGH,3,,,,3.0,,2026-04-05T23:23:30.000+00:00,2026-04-05,2026,April,04,Quarter 2,HIGH,3,,,,,,,Risk_Name_6845847,1493,,,,0,,,,,,,,HIGH,3,,,,3.0,,,,OneTrust Automation,79f09a0f-fbd7-4439-9e1e-d48abe62c98e,,,,3.0,,,,,Evaluation,Evaluation,Default Risk Workflow,9684290c-6240-4021-b599-a2dd8a864311,IDENTIFIED,IDENTIFIED,,,,,,,,,,,,,,,,General,,,,,,,,,https://Risk/Risk/0a8df6af-0204-4b11-a4a9-f1c25aebb43c,Atlantic/Stanley,b99df4a4-2bf5-4c08-9483-bd636470bc11,OTAuto02,b99df4a4-2bf5-4c08-9483-bd636470bc11
False,2026-04-05T19:23:19.000+00:00,2026-04-05,2026,April,04,Quarter 2,,,,,,,,,,,,,High_Risk_Description_6845847,0a8df6af-0204-4b11-a4a9-f1c25aebb43c,,,,HIGH,3,,,,3.0,,2026-04-05T19:23:30.000+00:00,2026-04-05,2026,April,04,Quarter 2,HIGH,3,,,,,,,Risk_Name_6845847,1493,,,,0,,,,,,,,HIGH,3,,,,3.0,,,,OneTrust Automation,79f09a0f-fbd7-4439-9e1e-d48abe62c98e,,,,3.0,,,,,Evaluation,Evaluation,Default Risk Workflow,9684290c-6240-4021-b599-a2dd8a864311,IDENTIFIED,IDENTIFIED,,,,,,,,,,,,,,,,General,,,,,,,,,https://Risk/Risk/0a8df6af-0204-4b11-a4a9-f1c25aebb43c,America/Mazatlan,b99df4a4-2bf5-4c08-9483-bd636470bc11,OTAuto02,b99df4a4-2bf5-4c08-9483-bd636470bc11
False,2026-04-06T14:23:19.000+00:00,2026-04-06,2026,April,04,Quarter 2,,,,,,,,,,,,,High_Risk_Description_6845847,0a8df6af-0204-4b11-a4a9-f1c25aebb43c,,,,HIGH,3,,,,3.0,,2026-04-06T14:23:30.000+00:00,2026-04-06,2026,April,04,Quarter 2,HIGH,3,,,,,,,Risk_Name_6845847,1493,,,,0,,,,,,,,HIGH,3,,,,3.0,,,,OneTrust Automation,79f09a0f-fbd7-4439-9e1e-d48abe62c98e,,,,3.0,,,,,Evaluation,Evaluation,Default Risk Workflow,9684290c-6240-4021-b599-a2dd8a864311,IDENTIFIED,IDENTIFIED,,,,,,,,,,,,,,,,General,,,,,,,,,https://Risk/Risk/0a8df6af-0204-4b11-a4a9-f1c25aebb43c,Pacific/Fiji,b99df4a4-2bf5-4c08-9483-bd636470bc11,OTAuto02,b99df4a4-2bf5-4c08-9483-bd636470bc11
False,2026-04-05T23:23:19.000+00:00,2026-04-05,2026,April,04,Quarter 2,,,,,,,,,,,,,High_Risk_Description_6845847,0a8df6af-0204-4b11-a4a9-f1c25aebb43c,,,,HIGH,3,,,,3.0,,2026-04-05T23:23:30.000+00:00,2026-04-05,2026,April,04,Quarter 2,HIGH,3,,,,,,,Risk_Name_6845847,1493,,,,0,,,,,,,,HIGH,3,,,,3.0,,,,OneTrust Automation,79f09a0f-fbd7-4439-9e1e-d48abe62c98e,,,,3.0,,,,,Evaluation,Evaluation,Default Risk Workflow,9684290c-6240-4021-b599-a2dd8a864311,IDENTIFIED,IDENTIFIED,,,,,,,,,,,,,,,,General,,,,,,,,,https://Risk/Risk/0a8df6af-0204-4b11-a4a9-f1c25aebb43c,America/Araguaina,b99df4a4-2bf5-4c08-9483-bd636470bc11,OTAuto02,b99df4a4-2bf5-4c08-9483-bd636470bc11
False,2026-04-06T08:08:19.000+00:00,2026-04-06,2026,April,04,Quarter 2,,,,,,,,,,,,,High_Risk_Description_6845847,0a8df6af-0204-4b11-a4a9-f1c25aebb43c,,,,HIGH,3,,,,3.0,,2026-04-06T08:08:30.000+00:00,2026-04-06,2026,April,04,Quarter 2,HIGH,3,,,,,,,Risk_Name_6845847,1493,,,,0,,,,,,,,HIGH,3,,,,3.0,,,,OneTrust Automation,79f09a0f-fbd7-4439-9e1e-d48abe62c98e,,,,3.0,,,,,Evaluation,Evaluation,Default Risk Workflow,9684290c-6240-4021-b599-a2dd8a864311,IDENTIFIED,IDENTIFIED,,,,,,,,,,,,,,,,General,,,,,,,,,https://Risk/Risk/0a8df6af-0204-4b11-a4a9-f1c25aebb43c,Asia/Katmandu,b99df4a4-2bf5-4c08-9483-bd636470bc11,OTAuto02,b99df4a4-2bf5-4c08-9483-bd636470bc11
False,2026-04-05T22:23:19.000+00:00,2026-04-05,2026,April,04,Quarter 2,,,,,,,,,,,,,High_Risk_Description_6845847,0a8df6af-0204-4b11-a4a9-f1c25aebb43c,,,,HIGH,3,,,,3.0,,2026-04-05T22:23:30.000+00:00,2026-04-05,2026,April,04,Quarter 2,HIGH,3,,,,,,,Risk_Name_6845847,1493,,,,0,,,,,,,,HIGH,3,,,,3.0,,,,OneTrust Automation,79f09a0f-fbd7-4439-9e1e-d48abe62c98e,,,,3.0,,,,,Evaluation,Evaluation,Default Risk Workflow,9684290c-6240-4021-b599-a2dd8a864311,IDENTIFIED,IDENTIFIED,,,,,,,,,,,,,,,,General,,,,,,,,,https://Risk/Risk/0a8df6af-0204-4b11-a4a9-f1c25aebb43c,US/Eastern,b99df4a4-2bf5-4c08-9483-bd636470bc11,OTAuto02,b99df4a4-2bf5-4c08-9483-bd636470bc11
False,2026-04-06T05:23:19.000+00:00,2026-04-06,2026,April,04,Quarter 2,,,,,,,,,,,,,High_Risk_Description_6845847,0a8df6af-0204-4b11-a4a9-f1c25aebb43c,,,,HIGH,3,,,,3.0,,2026-04-06T05:23:30.000+00:00,2026-04-06,2026,April,04,Quarter 2,HIGH,3,,,,,,,Risk_Name_6845847,1493,,,,0,,,,,,,,HIGH,3,,,,3.0,,,,OneTrust Automation,79f09a0f-fbd7-4439-9e1e-d48abe62c98e,,,,3.0,,,,,Evaluation,Evaluation,Default Risk Workflow,9684290c-6240-4021-b599-a2dd8a864311,IDENTIFIED,IDENTIFIED,,,,,,,,,,,,,,,,General,,,,,,,,,https://Risk/Risk/0a8df6af-0204-4b11-a4a9-f1c25aebb43c,Africa/Asmera,b99df4a4-2bf5-4c08-9483-bd636470bc11,OTAuto02,b99df4a4-2bf5-4c08-9483-bd636470bc11
False,2026-04-05T16:23:19.000+00:00,2026-04-05,2026,April,04,Quarter 2,,,,,,,,,,,,,High_Risk_Description_6845847,0a8df6af-0204-4b11-a4a9-f1c25aebb43c,,,,HIGH,3,,,,3.0,,2026-04-05T16:23:30.000+00:00,2026-04-05,2026,April,04,Quarter 2,HIGH,3,,,,,,,Risk_Name_6845847,1493,,,,0,,,,,,,,HIGH,3,,,,3.0,,,,OneTrust Automation,79f09a0f-fbd7-4439-9e1e-d48abe62c98e,,,,3.0,,,,,Evaluation,Evaluation,Default Risk Workflow,9684290c-6240-4021-b599-a2dd8a864311,IDENTIFIED,IDENTIFIED,,,,,,,,,,,,,,,,General,,,,,,,,,https://Risk/Risk/0a8df6af-0204-4b11-a4a9-f1c25aebb43c,Etc/GMT+10,b99df4a4-2bf5-4c08-9483-bd636470bc11,OTAuto02,b99df4a4-2bf5-4c08-9483-bd636470bc11
False,2026-04-06T04:23:19.000+00:00,2026-04-06,2026,April,04,Quarter 2,,,,,,,,,,,,,High_Risk_Description_6845847,0a8df6af-0204-4b11-a4a9-f1c25aebb43c,,,,HIGH,3,,,,3.0,,2026-04-06T04:23:30.000+00:00,2026-04-06,2026,April,04,Quarter 2,HIGH,3,,,,,,,Risk_Name_6845847,1493,,,,0,,,,,,,,HIGH,3,,,,3.0,,,,OneTrust Automation,79f09a0f-fbd7-4439-9e1e-d48abe62c98e,,,,3.0,,,,,Evaluation,Evaluation,Default Risk Workflow,9684290c-6240-4021-b599-a2dd8a864311,IDENTIFIED,IDENTIFIED,,,,,,,,,,,,,,,,General,,,,,,,,,https://Risk/Risk/0a8df6af-0204-4b11-a4a9-f1c25aebb43c,Europe/Luxembourg,b99df4a4-2bf5-4c08-9483-bd636470bc11,OTAuto02,b99df4a4-2bf5-4c08-9483-bd636470bc11
False,2026-04-05T21:23:19.000+00:00,2026-04-05,2026,April,04,Quarter 2,,,,,,,,,,,,,High_Risk_Description_6845847,0a8df6af-0204-4b11-a4a9-f1c25aebb43c,,,,HIGH,3,,,,3.0,,2026-04-05T21:23:30.000+00:00,2026-04-05,2026,April,04,Quarter 2,HIGH,3,,,,,,,Risk_Name_6845847,1493,,,,0,,,,,,,,HIGH,3,,,,3.0,,,,OneTrust Automation,79f09a0f-fbd7-4439-9e1e-d48abe62c98e,,,,3.0,,,,,Evaluation,Evaluation,Default Risk Workflow,9684290c-6240-4021-b599-a2dd8a864311,IDENTIFIED,IDENTIFIED,,,,,,,,,,,,,,,,General,,,,,,,,,https://Risk/Risk/0a8df6af-0204-4b11-a4a9-f1c25aebb43c,America/North_Dakota/New_Salem,b99df4a4-2bf5-4c08-9483-bd636470bc11,OTAuto02,b99df4a4-2bf5-4c08-9483-bd636470bc11
False,2026-04-05T23:23:19.000+00:00,2026-04-05,2026,April,04,Quarter 2,,,,,,,,,,,,,High_Risk_Description_6845847,0a8df6af-0204-4b11-a4a9-f1c25aebb43c,,,,HIGH,3,,,,3.0,,2026-04-05T23:23:30.000+00:00,2026-04-05,2026,April,04,Quarter 2,HIGH,3,,,,,,,Risk_Name_6845847,1493,,,,0,,,,,,,,HIGH,3,,,,3.0,,,,OneTrust Automation,79f09a0f-fbd7-4439-9e1e-d48abe62c98e,,,,3.0,,,,,Evaluation,Evaluation,Default Risk Workflow,9684290c-6240-4021-b599-a2dd8a864311,IDENTIFIED,IDENTIFIED,,,,,,,,,,,,,,,,General,,,,,,,,,https://Risk/Risk/0a8df6af-0204-4b11-a4a9-f1c25aebb43c,America/Cayenne,b99df4a4-2bf5-4c08-9483-bd636470bc11,OTAuto02,b99df4a4-2bf5-4c08-9483-bd636470bc11
False,2026-04-06T00:23:19.000+00:00,2026-04-06,2026,April,04,Quarter 2,,,,,,,,,,,,,High_Risk_Description_6845847,0a8df6af-0204-4b11-a4a9-f1c25aebb43c,,,,HIGH,3,,,,3.0,,2026-04-06T00:23:30.000+00:00,2026-04-06,2026,April,04,Quarter 2,HIGH,3,,,,,,,Risk_Name_6845847,1493,,,,0,,,,,,,,HIGH,3,,,,3.0,,,,OneTrust Automation,79f09a0f-fbd7-4439-9e1e-d48abe62c98e,,,,3.0,,,,,Evaluation,Evaluation,Default Risk Workflow,9684290c-6240-4021-b599-a2dd8a864311,IDENTIFIED,IDENTIFIED,,,,,,,,,,,,,,,,General,,,,,,,,,https://Risk/Risk/0a8df6af-0204-4b11-a4a9-f1c25aebb43c,Atlantic/South_Georgia,b99df4a4-2bf5-4c08-9483-bd636470bc11,OTAuto02,b99df4a4-2bf5-4c08-9483-bd636470bc11
False,2026-04-05T21:23:19.000+00:00,2026-04-05,2026,April,04,Quarter 2,,,,,,,,,,,,,High_Risk_Description_6845847,0a8df6af-0204-4b11-a4a9-f1c25aebb43c,,,,HIGH,3,,,,3.0,,2026-04-05T21:23:30.000+00:00,2026-04-05,2026,April,04,Quarter 2,HIGH,3,,,,,,,Risk_Name_6845847,1493,,,,0,,,,,,,,HIGH,3,,,,3.0,,,,OneTrust Automation,79f09a0f-fbd7-4439-9e1e-d48abe62c98e,,,,3.0,,,,,Evaluation,Evaluation,Default Risk Workflow,9684290c-6240-4021-b599-a2dd8a864311,IDENTIFIED,IDENTIFIED,,,,,,,,,,,,,,,,General,,,,,,,,,https://Risk/Risk/0a8df6af-0204-4b11-a4a9-f1c25aebb43c,EST,b99df4a4-2bf5-4c08-9483-bd636470bc11,OTAuto02,b99df4a4-2bf5-4c08-9483-bd636470bc11
False,2026-04-06T07:23:19.000+00:00,2026-04-06,2026,April,04,Quarter 2,,,,,,,,,,,,,High_Risk_Description_6845847,0a8df6af-0204-4b11-a4a9-f1c25aebb43c,,,,HIGH,3,,,,3.0,,2026-04-06T07:23:30.000+00:00,2026-04-06,2026,April,04,Quarter 2,HIGH,3,,,,,,,Risk_Name_6845847,1493,,,,0,,,,,,,,HIGH,3,,,,3.0,,,,OneTrust Automation,79f09a0f-fbd7-4439-9e1e-d48abe62c98e,,,,3.0,,,,,Evaluation,Evaluation,Default Risk Workflow,9684290c-6240-4021-b599-a2dd8a864311,IDENTIFIED,IDENTIFIED,,,,,,,,,,,,,,,,General,,,,,,,,,https://Risk/Risk/0a8df6af-0204-4b11-a4a9-f1c25aebb43c,Asia/Tashkent,b99df4a4-2bf5-4c08-9483-bd636470bc11,OTAuto02,b99df4a4-2bf5-4c08-9483-bd636470bc11
False,2026-04-06T05:53:19.000+00:00,2026-04-06,2026,April,04,Quarter 2,,,,,,,,,,,,,High_Risk_Description_6845847,0a8df6af-0204-4b11-a4a9-f1c25aebb43c,,,,HIGH,3,,,,3.0,,2026-04-06T05:53:30.000+00:00,2026-04-06,2026,April,04,Quarter 2,HIGH,3,,,,,,,Risk_Name_6845847,1493,,,,0,,,,,,,,HIGH,3,,,,3.0,,,,OneTrust Automation,79f09a0f-fbd7-4439-9e1e-d48abe62c98e,,,,3.0,,,,,Evaluation,Evaluation,Default Risk Workflow,9684290c-6240-4021-b599-a2dd8a864311,IDENTIFIED,IDENTIFIED,,,,,,,,,,,,,,,,General,,,,,,,,,https://Risk/Risk/0a8df6af-0204-4b11-a4a9-f1c25aebb43c,Asia/Tehran,b99df4a4-2bf5-4c08-9483-bd636470bc11,OTAuto02,b99df4a4-2bf5-4c08-9483-bd636470bc11
False,2026-04-05T22:23:19.000+00:00,2026-04-05,2026,April,04,Quarter 2,,,,,,,,,,,,,High_Risk_Description_6845847,0a8df6af-0204-4b11-a4a9-f1c25aebb43c,,,,HIGH,3,,,,3.0,,2026-04-05T22:23:30.000+00:00,2026-04-05,2026,April,04,Quarter 2,HIGH,3,,,,,,,Risk_Name_6845847,1493,,,,0,,,,,,,,HIGH,3,,,,3.0,,,,OneTrust Automation,79f09a0f-fbd7-4439-9e1e-d48abe62c98e,,,,3.0,,,,,Evaluation,Evaluation,Default Risk Workflow,9684290c-6240-4021-b599-a2dd8a864311,IDENTIFIED,IDENTIFIED,,,,,,,,,,,,,,,,General,,,,,,,,,https://Risk/Risk/0a8df6af-0204-4b11-a4a9-f1c25aebb43c,America/Nassau,b99df4a4-2bf5-4c08-9483-bd636470bc11,OTAuto02,b99df4a4-2bf5-4c08-9483-bd636470bc11
False,2026-04-05T21:23:19.000+00:00,2026-04-05,2026,April,04,Quarter 2,,,,,,,,,,,,,High_Risk_Description_6845847,0a8df6af-0204-4b11-a4a9-f1c25aebb43c,,,,HIGH,3,,,,3.0,,2026-04-05T21:23:30.000+00:00,2026-04-05,2026,April,04,Quarter 2,HIGH,3,,,,,,,Risk_Name_6845847,1493,,,,0,,,,,,,,HIGH,3,,,,3.0,,,,OneTrust Automation,79f09a0f-fbd7-4439-9e1e-d48abe62c98e,,,,3.0,,,,,Evaluation,Evaluation,Default Risk Workflow,9684290c-6240-4021-b599-a2dd8a864311,IDENTIFIED,IDENTIFIED,,,,,,,,,,,,,,,,General,,,,,,,,,https://Risk/Risk/0a8df6af-0204-4b11-a4a9-f1c25aebb43c,Jamaica,b99df4a4-2bf5-4c08-9483-bd636470bc11,OTAuto02,b99df4a4-2bf5-4c08-9483-bd636470bc11
False,2026-04-06T09:23:19.000+00:00,2026-04-06,2026,April,04,Quarter 2,,,,,,,,,,,,,High_Risk_Description_6845847,0a8df6af-0204-4b11-a4a9-f1c25aebb43c,,,,HIGH,3,,,,3.0,,2026-04-06T09:23:30.000+00:00,2026-04-06,2026,April,04,Quarter 2,HIGH,3,,,,,,,Risk_Name_6845847,1493,,,,0,,,,,,,,HIGH,3,,,,3.0,,,,OneTrust Automation,79f09a0f-fbd7-4439-9e1e-d48abe62c98e,,,,3.0,,,,,Evaluation,Evaluation,Default Risk Workflow,9684290c-6240-4021-b599-a2dd8a864311,IDENTIFIED,IDENTIFIED,,,,,,,,,,,,,,,,General,,,,,,,,,https://Risk/Risk/0a8df6af-0204-4b11-a4a9-f1c25aebb43c,Asia/Vientiane,b99df4a4-2bf5-4c08-9483-bd636470bc11,OTAuto02,b99df4a4-2bf5-4c08-9483-bd636470bc11
False,2026-04-05T20:23:19.000+00:00,2026-04-05,2026,April,04,Quarter 2,,,,,,,,,,,,,High_Risk_Description_6845847,0a8df6af-0204-4b11-a4a9-f1c25aebb43c,,,,HIGH,3,,,,3.0,,2026-04-05T20:23:30.000+00:00,2026-04-05,2026,April,04,Quarter 2,HIGH,3,,,,,,,Risk_Name_6845847,1493,,,,0,,,,,,,,HIGH,3,,,,3.0,,,,OneTrust Automation,79f09a0f-fbd7-4439-9e1e-d48abe62c98e,,,,3.0,,,,,Evaluation,Evaluation,Default Risk Workflow,9684290c-6240-4021-b599-a2dd8a864311,IDENTIFIED,IDENTIFIED,,,,,,,,,,,,,,,,General,,,,,,,,,https://Risk/Risk/0a8df6af-0204-4b11-a4a9-f1c25aebb43c,MST7MDT,b99df4a4-2bf5-4c08-9483-bd636470bc11,OTAuto02,b99df4a4-2bf5-4c08-9483-bd636470bc11
False,2026-04-05T22:23:19.000+00:00,2026-04-05,2026,April,04,Quarter 2,,,,,,,,,,,,,High_Risk_Description_6845847,0a8df6af-0204-4b11-a4a9-f1c25aebb43c,,,,HIGH,3,,,,3.0,,2026-04-05T22:23:30.000+00:00,2026-04-05,2026,April,04,Quarter 2,HIGH,3,,,,,,,Risk_Name_6845847,1493,,,,0,,,,,,,,HIGH,3,,,,3.0,,,,OneTrust Automation,79f09a0f-fbd7-4439-9e1e-d48abe62c98e,,,,3.0,,,,,Evaluation,Evaluation,Default Risk Workflow,9684290c-6240-4021-b599-a2dd8a864311,IDENTIFIED,IDENTIFIED,,,,,,,,,,,,,,,,General,,,,,,,,,https://Risk/Risk/0a8df6af-0204-4b11-a4a9-f1c25aebb43c,America/Indiana/Winamac,b99df4a4-2bf5-4c08-9483-bd636470bc11,OTAuto02,b99df4a4-2bf5-4c08-9483-bd636470bc11
False,2026-04-06T08:23:19.000+00:00,2026-04-06,2026,April,04,Quarter 2,,,,,,,,,,,,,High_Risk_Description_6845847,0a8df6af-0204-4b11-a4a9-f1c25aebb43c,,,,HIGH,3,,,,3.0,,2026-04-06T08:23:30.000+00:00,2026-04-06,2026,April,04,Quarter 2,HIGH,3,,,,,,,Risk_Name_6845847,1493,,,,0,,,,,,,,HIGH,3,,,,3.0,,,,OneTrust Automation,79f09a0f-fbd7-4439-9e1e-d48abe62c98e,,,,3.0,,,,,Evaluation,Evaluation,Default Risk Workflow,9684290c-6240-4021-b599-a2dd8a864311,IDENTIFIED,IDENTIFIED,,,,,,,,,,,,,,,,General,,,,,,,,,https://Risk/Risk/0a8df6af-0204-4b11-a4a9-f1c25aebb43c,Asia/Thimbu,b99df4a4-2bf5-4c08-9483-bd636470bc11,OTAuto02,b99df4a4-2bf5-4c08-9483-bd636470bc11
False,2026-04-06T04:23:19.000+00:00,2026-04-06,2026,April,04,Quarter 2,,,,,,,,,,,,,High_Risk_Description_6845847,0a8df6af-0204-4b11-a4a9-f1c25aebb43c,,,,HIGH,3,,,,3.0,,2026-04-06T04:23:30.000+00:00,2026-04-06,2026,April,04,Quarter 2,HIGH,3,,,,,,,Risk_Name_6845847,1493,,,,0,,,,,,,,HIGH,3,,,,3.0,,,,OneTrust Automation,79f09a0f-fbd7-4439-9e1e-d48abe62c98e,,,,3.0,,,,,Evaluation,Evaluation,Default Risk Workflow,9684290c-6240-4021-b599-a2dd8a864311,IDENTIFIED,IDENTIFIED,,,,,,,,,,,,,,,,General,,,,,,,,,https://Risk/Risk/0a8df6af-0204-4b11-a4a9-f1c25aebb43c,Europe/Vaduz,b99df4a4-2bf5-4c08-9483-bd636470bc11,OTAuto02,b99df4a4-2bf5-4c08-9483-bd636470bc11
False,2026-04-06T14:23:19.000+00:00,2026-04-06,2026,April,04,Quarter 2,,,,,,,,,,,,,High_Risk_Description_6845847,0a8df6af-0204-4b11-a4a9-f1c25aebb43c,,,,HIGH,3,,,,3.0,,2026-04-06T14:23:30.000+00:00,2026-04-06,2026,April,04,Quarter 2,HIGH,3,,,,,,,Risk_Name_6845847,1493,,,,0,,,,,,,,HIGH,3,,,,3.0,,,,OneTrust Automation,79f09a0f-fbd7-4439-9e1e-d48abe62c98e,,,,3.0,,,,,Evaluation,Evaluation,Default Risk Workflow,9684290c-6240-4021-b599-a2dd8a864311,IDENTIFIED,IDENTIFIED,,,,,,,,,,,,,,,,General,,,,,,,,,https://Risk/Risk/0a8df6af-0204-4b11-a4a9-f1c25aebb43c,Etc/GMT-12,b99df4a4-2bf5-4c08-9483-bd636470bc11,OTAuto02,b99df4a4-2bf5-4c08-9483-bd636470bc11
False,2026-04-05T22:23:19.000+00:00,2026-04-05,2026,April,04,Quarter 2,,,,,,,,,,,,,High_Risk_Description_6845847,0a8df6af-0204-4b11-a4a9-f1c25aebb43c,,,,HIGH,3,,,,3.0,,2026-04-05T22:23:30.000+00:00,2026-04-05,2026,April,04,Quarter 2,HIGH,3,,,,,,,Risk_Name_6845847,1493,,,,0,,,,,,,,HIGH,3,,,,3.0,,,,OneTrust Automation,79f09a0f-fbd7-4439-9e1e-d48abe62c98e,,,,3.0,,,,,Evaluation,Evaluation,Default Risk Workflow,9684290c-6240-4021-b599-a2dd8a864311,IDENTIFIED,IDENTIFIED,,,,,,,,,,,,,,,,General,,,,,,,,,https://Risk/Risk/0a8df6af-0204-4b11-a4a9-f1c25aebb43c,America/Puerto_Rico,b99df4a4-2bf5-4c08-9483-bd636470bc11,OTAuto02,b99df4a4-2bf5-4c08-9483-bd636470bc11
False,2026-04-06T10:23:19.000+00:00,2026-04-06,2026,April,04,Quarter 2,,,,,,,,,,,,,High_Risk_Description_6845847,0a8df6af-0204-4b11-a4a9-f1c25aebb43c,,,,HIGH,3,,,,3.0,,2026-04-06T10:23:30.000+00:00,2026-04-06,2026,April,04,Quarter 2,HIGH,3,,,,,,,Risk_Name_6845847,1493,,,,0,,,,,,,,HIGH,3,,,,3.0,,,,OneTrust Automation,79f09a0f-fbd7-4439-9e1e-d48abe62c98e,,,,3.0,,,,,Evaluation,Evaluation,Default Risk Workflow,9684290c-6240-4021-b599-a2dd8a864311,IDENTIFIED,IDENTIFIED,,,,,,,,,,,,,,,,General,,,,,,,,,https://Risk/Risk/0a8df6af-0204-4b11-a4a9-f1c25aebb43c,Asia/Brunei,b99df4a4-2bf5-4c08-9483-bd636470bc11,OTAuto02,b99df4a4-2bf5-4c08-9483-bd636470bc11
False,2026-04-06T03:23:19.000+00:00,2026-04-06,2026,April,04,Quarter 2,,,,,,,,,,,,,High_Risk_Description_6845847,0a8df6af-0204-4b11-a4a9-f1c25aebb43c,,,,HIGH,3,,,,3.0,,2026-04-06T03:23:30.000+00:00,2026-04-06,2026,April,04,Quarter 2,HIGH,3,,,,,,,Risk_Name_6845847,1493,,,,0,,,,,,,,HIGH,3,,,,3.0,,,,OneTrust Automation,79f09a0f-fbd7-4439-9e1e-d48abe62c98e,,,,3.0,,,,,Evaluation,Evaluation,Default Risk Workflow,9684290c-6240-4021-b599-a2dd8a864311,IDENTIFIED,IDENTIFIED,,,,,,,,,,,,,,,,General,,,,,,,,,https://Risk/Risk/0a8df6af-0204-4b11-a4a9-f1c25aebb43c,Africa/Tunis,b99df4a4-2bf5-4c08-9483-bd636470bc11,OTAuto02,b99df4a4-2bf5-4c08-9483-bd636470bc11
False,2026-04-06T01:23:19.000+00:00,2026-04-06,2026,April,04,Quarter 2,,,,,,,,,,,,,High_Risk_Description_6845847,0a8df6af-0204-4b11-a4a9-f1c25aebb43c,,,,HIGH,3,,,,3.0,,2026-04-06T01:23:30.000+00:00,2026-04-06,2026,April,04,Quarter 2,HIGH,3,,,,,,,Risk_Name_6845847,1493,,,,0,,,,,,,,HIGH,3,,,,3.0,,,,OneTrust Automation,79f09a0f-fbd7-4439-9e1e-d48abe62c98e,,,,3.0,,,,,Evaluation,Evaluation,Default Risk Workflow,9684290c-6240-4021-b599-a2dd8a864311,IDENTIFIED,IDENTIFIED,,,,,,,,,,,,,,,,General,,,,,,,,,https://Risk/Risk/0a8df6af-0204-4b11-a4a9-f1c25aebb43c,Atlantic/Cape_Verde,b99df4a4-2bf5-4c08-9483-bd636470bc11,OTAuto02,b99df4a4-2bf5-4c08-9483-bd636470bc11
False,2026-04-06T05:23:19.000+00:00,2026-04-06,2026,April,04,Quarter 2,,,,,,,,,,,,,High_Risk_Description_6845847,0a8df6af-0204-4b11-a4a9-f1c25aebb43c,,,,HIGH,3,,,,3.0,,2026-04-06T05:23:30.000+00:00,2026-04-06,2026,April,04,Quarter 2,HIGH,3,,,,,,,Risk_Name_6845847,1493,,,,0,,,,,,,,HIGH,3,,,,3.0,,,,OneTrust Automation,79f09a0f-fbd7-4439-9e1e-d48abe62c98e,,,,3.0,,,,,Evaluation,Evaluation,Default Risk Workflow,9684290c-6240-4021-b599-a2dd8a864311,IDENTIFIED,IDENTIFIED,,,,,,,,,,,,,,,,General,,,,,,,,,https://Risk/Risk/0a8df6af-0204-4b11-a4a9-f1c25aebb43c,Asia/Jerusalem,b99df4a4-2bf5-4c08-9483-bd636470bc11,OTAuto02,b99df4a4-2bf5-4c08-9483-bd636470bc11
False,2026-04-06T03:23:19.000+00:00,2026-04-06,2026,April,04,Quarter 2,,,,,,,,,,,,,High_Risk_Description_6845847,0a8df6af-0204-4b11-a4a9-f1c25aebb43c,,,,HIGH,3,,,,3.0,,2026-04-06T03:23:30.000+00:00,2026-04-06,2026,April,04,Quarter 2,HIGH,3,,,,,,,Risk_Name_6845847,1493,,,,0,,,,,,,,HIGH,3,,,,3.0,,,,OneTrust Automation,79f09a0f-fbd7-4439-9e1e-d48abe62c98e,,,,3.0,,,,,Evaluation,Evaluation,Default Risk Workflow,9684290c-6240-4021-b599-a2dd8a864311,IDENTIFIED,IDENTIFIED,,,,,,,,,,,,,,,,General,,,,,,,,,https://Risk/Risk/0a8df6af-0204-4b11-a4a9-f1c25aebb43c,Africa/Bangui,b99df4a4-2bf5-4c08-9483-bd636470bc11,OTAuto02,b99df4a4-2bf5-4c08-9483-bd636470bc11
False,2026-04-05T21:23:19.000+00:00,2026-04-05,2026,April,04,Quarter 2,,,,,,,,,,,,,High_Risk_Description_6845847,0a8df6af-0204-4b11-a4a9-f1c25aebb43c,,,,HIGH,3,,,,3.0,,2026-04-05T21:23:30.000+00:00,2026-04-05,2026,April,04,Quarter 2,HIGH,3,,,,,,,Risk_Name_6845847,1493,,,,0,,,,,,,,HIGH,3,,,,3.0,,,,OneTrust Automation,79f09a0f-fbd7-4439-9e1e-d48abe62c98e,,,,3.0,,,,,Evaluation,Evaluation,Default Risk Workflow,9684290c-6240-4021-b599-a2dd8a864311,IDENTIFIED,IDENTIFIED,,,,,,,,,,,,,,,,General,,,,,,,,,https://Risk/Risk/0a8df6af-0204-4b11-a4a9-f1c25aebb43c,America/Panama,b99df4a4-2bf5-4c08-9483-bd636470bc11,OTAuto02,b99df4a4-2bf5-4c08-9483-bd636470bc11
False,2026-04-06T07:23:19.000+00:00,2026-04-06,2026,April,04,Quarter 2,,,,,,,,,,,,,High_Risk_Description_6845847,0a8df6af-0204-4b11-a4a9-f1c25aebb43c,,,,HIGH,3,,,,3.0,,2026-04-06T07:23:30.000+00:00,2026-04-06,2026,April,04,Quarter 2,HIGH,3,,,,,,,Risk_Name_6845847,1493,,,,0,,,,,,,,HIGH,3,,,,3.0,,,,OneTrust Automation,79f09a0f-fbd7-4439-9e1e-d48abe62c98e,,,,3.0,,,,,Evaluation,Evaluation,Default Risk Workflow,9684290c-6240-4021-b599-a2dd8a864311,IDENTIFIED,IDENTIFIED,,,,,,,,,,,,,,,,General,,,,,,,,,https://Risk/Risk/0a8df6af-0204-4b11-a4a9-f1c25aebb43c,Asia/Karachi,b99df4a4-2bf5-4c08-9483-bd636470bc11,OTAuto02,b99df4a4-2bf5-4c08-9483-bd636470bc11
False,2026-04-06T16:23:19.000+00:00,2026-04-06,2026,April,04,Quarter 2,,,,,,,,,,,,,High_Risk_Description_6845847,0a8df6af-0204-4b11-a4a9-f1c25aebb43c,,,,HIGH,3,,,,3.0,,2026-04-06T16:23:30.000+00:00,2026-04-06,2026,April,04,Quarter 2,HIGH,3,,,,,,,Risk_Name_6845847,1493,,,,0,,,,,,,,HIGH,3,,,,3.0,,,,OneTrust Automation,79f09a0f-fbd7-4439-9e1e-d48abe62c98e,,,,3.0,,,,,Evaluation,Evaluation,Default Risk Workflow,9684290c-6240-4021-b599-a2dd8a864311,IDENTIFIED,IDENTIFIED,,,,,,,,,,,,,,,,General,,,,,,,,,https://Risk/Risk/0a8df6af-0204-4b11-a4a9-f1c25aebb43c,Pacific/Kiritimati,b99df4a4-2bf5-4c08-9483-bd636470bc11,OTAuto02,b99df4a4-2bf5-4c08-9483-bd636470bc11
False,2026-04-05T21:23:19.000+00:00,2026-04-05,2026,April,04,Quarter 2,,,,,,,,,,,,,High_Risk_Description_6845847,0a8df6af-0204-4b11-a4a9-f1c25aebb43c,,,,HIGH,3,,,,3.0,,2026-04-05T21:23:30.000+00:00,2026-04-05,2026,April,04,Quarter 2,HIGH,3,,,,,,,Risk_Name_6845847,1493,,,,0,,,,,,,,HIGH,3,,,,3.0,,,,OneTrust Automation,79f09a0f-fbd7-4439-9e1e-d48abe62c98e,,,,3.0,,,,,Evaluation,Evaluation,Default Risk Workflow,9684290c-6240-4021-b599-a2dd8a864311,IDENTIFIED,IDENTIFIED,,,,,,,,,,,,,,,,General,,,,,,,,,https://Risk/Risk/0a8df6af-0204-4b11-a4a9-f1c25aebb43c,America/North_Dakota/Beulah,b99df4a4-2bf5-4c08-9483-bd636470bc11,OTAuto02,b99df4a4-2bf5-4c08-9483-bd636470bc11
False,2026-04-05T23:23:19.000+00:00,2026-04-05,2026,April,04,Quarter 2,,,,,,,,,,,,,High_Risk_Description_6845847,0a8df6af-0204-4b11-a4a9-f1c25aebb43c,,,,HIGH,3,,,,3.0,,2026-04-05T23:23:30.000+00:00,2026-04-05,2026,April,04,Quarter 2,HIGH,3,,,,,,,Risk_Name_6845847,1493,,,,0,,,,,,,,HIGH,3,,,,3.0,,,,OneTrust Automation,79f09a0f-fbd7-4439-9e1e-d48abe62c98e,,,,3.0,,,,,Evaluation,Evaluation,Default Risk Workflow,9684290c-6240-4021-b599-a2dd8a864311,IDENTIFIED,IDENTIFIED,,,,,,,,,,,,,,,,General,,,,,,,,,https://Risk/Risk/0a8df6af-0204-4b11-a4a9-f1c25aebb43c,Atlantic/Bermuda,b99df4a4-2bf5-4c08-9483-bd636470bc11,OTAuto02,b99df4a4-2bf5-4c08-9483-bd636470bc11
False,2026-04-06T10:23:19.000+00:00,2026-04-06,2026,April,04,Quarter 2,,,,,,,,,,,,,High_Risk_Description_6845847,0a8df6af-0204-4b11-a4a9-f1c25aebb43c,,,,HIGH,3,,,,3.0,,2026-04-06T10:23:30.000+00:00,2026-04-06,2026,April,04,Quarter 2,HIGH,3,,,,,,,Risk_Name_6845847,1493,,,,0,,,,,,,,HIGH,3,,,,3.0,,,,OneTrust Automation,79f09a0f-fbd7-4439-9e1e-d48abe62c98e,,,,3.0,,,,,Evaluation,Evaluation,Default Risk Workflow,9684290c-6240-4021-b599-a2dd8a864311,IDENTIFIED,IDENTIFIED,,,,,,,,,,,,,,,,General,,,,,,,,,https://Risk/Risk/0a8df6af-0204-4b11-a4a9-f1c25aebb43c,Australia/Perth,b99df4a4-2bf5-4c08-9483-bd636470bc11,OTAuto02,b99df4a4-2bf5-4c08-9483-bd636470bc11
False,2026-04-06T04:23:19.000+00:00,2026-04-06,2026,April,04,Quarter 2,,,,,,,,,,,,,High_Risk_Description_6845847,0a8df6af-0204-4b11-a4a9-f1c25aebb43c,,,,HIGH,3,,,,3.0,,2026-04-06T04:23:30.000+00:00,2026-04-06,2026,April,04,Quarter 2,HIGH,3,,,,,,,Risk_Name_6845847,1493,,,,0,,,,,,,,HIGH,3,,,,3.0,,,,OneTrust Automation,79f09a0f-fbd7-4439-9e1e-d48abe62c98e,,,,3.0,,,,,Evaluation,Evaluation,Default Risk Workflow,9684290c-6240-4021-b599-a2dd8a864311,IDENTIFIED,IDENTIFIED,,,,,,,,,,,,,,,,General,,,,,,,,,https://Risk/Risk/0a8df6af-0204-4b11-a4a9-f1c25aebb43c,Africa/Tripoli,b99df4a4-2bf5-4c08-9483-bd636470bc11,OTAuto02,b99df4a4-2bf5-4c08-9483-bd636470bc11
False,2026-04-05T20:23:19.000+00:00,2026-04-05,2026,April,04,Quarter 2,,,,,,,,,,,,,High_Risk_Description_6845847,0a8df6af-0204-4b11-a4a9-f1c25aebb43c,,,,HIGH,3,,,,3.0,,2026-04-05T20:23:30.000+00:00,2026-04-05,2026,April,04,Quarter 2,HIGH,3,,,,,,,Risk_Name_6845847,1493,,,,0,,,,,,,,HIGH,3,,,,3.0,,,,OneTrust Automation,79f09a0f-fbd7-4439-9e1e-d48abe62c98e,,,,3.0,,,,,Evaluation,Evaluation,Default Risk Workflow,9684290c-6240-4021-b599-a2dd8a864311,IDENTIFIED,IDENTIFIED,,,,,,,,,,,,,,,,General,,,,,,,,,https://Risk/Risk/0a8df6af-0204-4b11-a4a9-f1c25aebb43c,America/Managua,b99df4a4-2bf5-4c08-9483-bd636470bc11,OTAuto02,b99df4a4-2bf5-4c08-9483-bd636470bc11
False,2026-04-06T09:23:19.000+00:00,2026-04-06,2026,April,04,Quarter 2,,,,,,,,,,,,,High_Risk_Description_6845847,0a8df6af-0204-4b11-a4a9-f1c25aebb43c,,,,HIGH,3,,,,3.0,,2026-04-06T09:23:30.000+00:00,2026-04-06,2026,April,04,Quarter 2,HIGH,3,,,,,,,Risk_Name_6845847,1493,,,,0,,,,,,,,HIGH,3,,,,3.0,,,,OneTrust Automation,79f09a0f-fbd7-4439-9e1e-d48abe62c98e,,,,3.0,,,,,Evaluation,Evaluation,Default Risk Workflow,9684290c-6240-4021-b599-a2dd8a864311,IDENTIFIED,IDENTIFIED,,,,,,,,,,,,,,,,General,,,,,,,,,https://Risk/Risk/0a8df6af-0204-4b11-a4a9-f1c25aebb43c,Antarctica/Davis,b99df4a4-2bf5-4c08-9483-bd636470bc11,OTAuto02,b99df4a4-2bf5-4c08-9483-bd636470bc11
False,2026-04-06T02:23:19.000+00:00,2026-04-06,2026,April,04,Quarter 2,,,,,,,,,,,,,High_Risk_Description_6845847,0a8df6af-0204-4b11-a4a9-f1c25aebb43c,,,,HIGH,3,,,,3.0,,2026-04-06T02:23:30.000+00:00,2026-04-06,2026,April,04,Quarter 2,HIGH,3,,,,,,,Risk_Name_6845847,1493,,,,0,,,,,,,,HIGH,3,,,,3.0,,,,OneTrust Automation,79f09a0f-fbd7-4439-9e1e-d48abe62c98e,,,,3.0,,,,,Evaluation,Evaluation,Default Risk Workflow,9684290c-6240-4021-b599-a2dd8a864311,IDENTIFIED,IDENTIFIED,,,,,,,,,,,,,,,,General,,,,,,,,,https://Risk/Risk/0a8df6af-0204-4b11-a4a9-f1c25aebb43c,Africa/Nouakchott,b99df4a4-2bf5-4c08-9483-bd636470bc11,OTAuto02,b99df4a4-2bf5-4c08-9483-bd636470bc11
False,2026-04-06T11:23:19.000+00:00,2026-04-06,2026,April,04,Quarter 2,,,,,,,,,,,,,High_Risk_Description_6845847,0a8df6af-0204-4b11-a4a9-f1c25aebb43c,,,,HIGH,3,,,,3.0,,2026-04-06T11:23:30.000+00:00,2026-04-06,2026,April,04,Quarter 2,HIGH,3,,,,,,,Risk_Name_6845847,1493,,,,0,,,,,,,,HIGH,3,,,,3.0,,,,OneTrust Automation,79f09a0f-fbd7-4439-9e1e-d48abe62c98e,,,,3.0,,,,,Evaluation,Evaluation,Default Risk Workflow,9684290c-6240-4021-b599-a2dd8a864311,IDENTIFIED,IDENTIFIED,,,,,,,,,,,,,,,,General,,,,,,,,,https://Risk/Risk/0a8df6af-0204-4b11-a4a9-f1c25aebb43c,Asia/Yakutsk,b99df4a4-2bf5-4c08-9483-bd636470bc11,OTAuto02,b99df4a4-2bf5-4c08-9483-bd636470bc11
False,2026-04-06T08:23:19.000+00:00,2026-04-06,2026,April,04,Quarter 2,,,,,,,,,,,,,High_Risk_Description_6845847,0a8df6af-0204-4b11-a4a9-f1c25aebb43c,,,,HIGH,3,,,,3.0,,2026-04-06T08:23:30.000+00:00,2026-04-06,2026,April,04,Quarter 2,HIGH,3,,,,,,,Risk_Name_6845847,1493,,,,0,,,,,,,,HIGH,3,,,,3.0,,,,OneTrust Automation,79f09a0f-fbd7-4439-9e1e-d48abe62c98e,,,,3.0,,,,,Evaluation,Evaluation,Default Risk Workflow,9684290c-6240-4021-b599-a2dd8a864311,IDENTIFIED,IDENTIFIED,,,,,,,,,,,,,,,,General,,,,,,,,,https://Risk/Risk/0a8df6af-0204-4b11-a4a9-f1c25aebb43c,Etc/GMT-6,b99df4a4-2bf5-4c08-9483-bd636470bc11,OTAuto02,b99df4a4-2bf5-4c08-9483-bd636470bc11
False,2026-04-05T22:23:19.000+00:00,2026-04-05,2026,April,04,Quarter 2,,,,,,,,,,,,,High_Risk_Description_6845847,0a8df6af-0204-4b11-a4a9-f1c25aebb43c,,,,HIGH,3,,,,3.0,,2026-04-05T22:23:30.000+00:00,2026-04-05,2026,April,04,Quarter 2,HIGH,3,,,,,,,Risk_Name_6845847,1493,,,,0,,,,,,,,HIGH,3,,,,3.0,,,,OneTrust Automation,79f09a0f-fbd7-4439-9e1e-d48abe62c98e,,,,3.0,,,,,Evaluation,Evaluation,Default Risk Workflow,9684290c-6240-4021-b599-a2dd8a864311,IDENTIFIED,IDENTIFIED,,,,,,,,,,,,,,,,General,,,,,,,,,https://Risk/Risk/0a8df6af-0204-4b11-a4a9-f1c25aebb43c,America/Manaus,b99df4a4-2bf5-4c08-9483-bd636470bc11,OTAuto02,b99df4a4-2bf5-4c08-9483-bd636470bc11
False,2026-04-05T22:23:19.000+00:00,2026-04-05,2026,April,04,Quarter 2,,,,,,,,,,,,,High_Risk_Description_6845847,0a8df6af-0204-4b11-a4a9-f1c25aebb43c,,,,HIGH,3,,,,3.0,,2026-04-05T22:23:30.000+00:00,2026-04-05,2026,April,04,Quarter 2,HIGH,3,,,,,,,Risk_Name_6845847,1493,,,,0,,,,,,,,HIGH,3,,,,3.0,,,,OneTrust Automation,79f09a0f-fbd7-4439-9e1e-d48abe62c98e,,,,3.0,,,,,Evaluation,Evaluation,Default Risk Workflow,9684290c-6240-4021-b599-a2dd8a864311,IDENTIFIED,IDENTIFIED,,,,,,,,,,,,,,,,General,,,,,,,,,https://Risk/Risk/0a8df6af-0204-4b11-a4a9-f1c25aebb43c,America/Kralendijk,b99df4a4-2bf5-4c08-9483-bd636470bc11,OTAuto02,b99df4a4-2bf5-4c08-9483-bd636470bc11
False,2026-04-05T21:23:19.000+00:00,2026-04-05,2026,April,04,Quarter 2,,,,,,,,,,,,,High_Risk_Description_6845847,0a8df6af-0204-4b11-a4a9-f1c25aebb43c,,,,HIGH,3,,,,3.0,,2026-04-05T21:23:30.000+00:00,2026-04-05,2026,April,04,Quarter 2,HIGH,3,,,,,,,Risk_Name_6845847,1493,,,,0,,,,,,,,HIGH,3,,,,3.0,,,,OneTrust Automation,79f09a0f-fbd7-4439-9e1e-d48abe62c98e,,,,3.0,,,,,Evaluation,Evaluation,Default Risk Workflow,9684290c-6240-4021-b599-a2dd8a864311,IDENTIFIED,IDENTIFIED,,,,,,,,,,,,,,,,General,,,,,,,,,https://Risk/Risk/0a8df6af-0204-4b11-a4a9-f1c25aebb43c,America/Bogota,b99df4a4-2bf5-4c08-9483-bd636470bc11,OTAuto02,b99df4a4-2bf5-4c08-9483-bd636470bc11
False,2026-04-05T20:23:19.000+00:00,2026-04-05,2026,April,04,Quarter 2,,,,,,,,,,,,,High_Risk_Description_6845847,0a8df6af-0204-4b11-a4a9-f1c25aebb43c,,,,HIGH,3,,,,3.0,,2026-04-05T20:23:30.000+00:00,2026-04-05,2026,April,04,Quarter 2,HIGH,3,,,,,,,Risk_Name_6845847,1493,,,,0,,,,,,,,HIGH,3,,,,3.0,,,,OneTrust Automation,79f09a0f-fbd7-4439-9e1e-d48abe62c98e,,,,3.0,,,,,Evaluation,Evaluation,Default Risk Workflow,9684290c-6240-4021-b599-a2dd8a864311,IDENTIFIED,IDENTIFIED,,,,,,,,,,,,,,,,General,,,,,,,,,https://Risk/Risk/0a8df6af-0204-4b11-a4a9-f1c25aebb43c,America/Swift_Current,b99df4a4-2bf5-4c08-9483-bd636470bc11,OTAuto02,b99df4a4-2bf5-4c08-9483-bd636470bc11
False,2026-04-06T04:23:19.000+00:00,2026-04-06,2026,April,04,Quarter 2,,,,,,,,,,,,,High_Risk_Description_6845847,0a8df6af-0204-4b11-a4a9-f1c25aebb43c,,,,HIGH,3,,,,3.0,,2026-04-06T04:23:30.000+00:00,2026-04-06,2026,April,04,Quarter 2,HIGH,3,,,,,,,Risk_Name_6845847,1493,,,,0,,,,,,,,HIGH,3,,,,3.0,,,,OneTrust Automation,79f09a0f-fbd7-4439-9e1e-d48abe62c98e,,,,3.0,,,,,Evaluation,Evaluation,Default Risk Workflow,9684290c-6240-4021-b599-a2dd8a864311,IDENTIFIED,IDENTIFIED,,,,,,,,,,,,,,,,General,,,,,,,,,https://Risk/Risk/0a8df6af-0204-4b11-a4a9-f1c25aebb43c,Africa/Lubumbashi,b99df4a4-2bf5-4c08-9483-bd636470bc11,OTAuto02,b99df4a4-2bf5-4c08-9483-bd636470bc11
False,2026-04-06T04:23:19.000+00:00,2026-04-06,2026,April,04,Quarter 2,,,,,,,,,,,,,High_Risk_Description_6845847,0a8df6af-0204-4b11-a4a9-f1c25aebb43c,,,,HIGH,3,,,,3.0,,2026-04-06T04:23:30.000+00:00,2026-04-06,2026,April,04,Quarter 2,HIGH,3,,,,,,,Risk_Name_6845847,1493,,,,0,,,,,,,,HIGH,3,,,,3.0,,,,OneTrust Automation,79f09a0f-fbd7-4439-9e1e-d48abe62c98e,,,,3.0,,,,,Evaluation,Evaluation,Default Risk Workflow,9684290c-6240-4021-b599-a2dd8a864311,IDENTIFIED,IDENTIFIED,,,,,,,,,,,,,,,,General,,,,,,,,,https://Risk/Risk/0a8df6af-0204-4b11-a4a9-f1c25aebb43c,Europe/Kaliningrad,b99df4a4-2bf5-4c08-9483-bd636470bc11,OTAuto02,b99df4a4-2bf5-4c08-9483-bd636470bc11
False,2026-04-06T04:23:19.000+00:00,2026-04-06,2026,April,04,Quarter 2,,,,,,,,,,,,,High_Risk_Description_6845847,0a8df6af-0204-4b11-a4a9-f1c25aebb43c,,,,HIGH,3,,,,3.0,,2026-04-06T04:23:30.000+00:00,2026-04-06,2026,April,04,Quarter 2,HIGH,3,,,,,,,Risk_Name_6845847,1493,,,,0,,,,,,,,HIGH,3,,,,3.0,,,,OneTrust Automation,79f09a0f-fbd7-4439-9e1e-d48abe62c98e,,,,3.0,,,,,Evaluation,Evaluation,Default Risk Workflow,9684290c-6240-4021-b599-a2dd8a864311,IDENTIFIED,IDENTIFIED,,,,,,,,,,,,,,,,General,,,,,,,,,https://Risk/Risk/0a8df6af-0204-4b11-a4a9-f1c25aebb43c,Africa/Mbabane,b99df4a4-2bf5-4c08-9483-bd636470bc11,OTAuto02,b99df4a4-2bf5-4c08-9483-bd636470bc11
False,2026-04-06T03:23:19.000+00:00,2026-04-06,2026,April,04,Quarter 2,,,,,,,,,,,,,High_Risk_Description_6845847,0a8df6af-0204-4b11-a4a9-f1c25aebb43c,,,,HIGH,3,,,,3.0,,2026-04-06T03:23:30.000+00:00,2026-04-06,2026,April,04,Quarter 2,HIGH,3,,,,,,,Risk_Name_6845847,1493,,,,0,,,,,,,,HIGH,3,,,,3.0,,,,OneTrust Automation,79f09a0f-fbd7-4439-9e1e-d48abe62c98e,,,,3.0,,,,,Evaluation,Evaluation,Default Risk Workflow,9684290c-6240-4021-b599-a2dd8a864311,IDENTIFIED,IDENTIFIED,,,,,,,,,,,,,,,,General,,,,,,,,,https://Risk/Risk/0a8df6af-0204-4b11-a4a9-f1c25aebb43c,Atlantic/Madeira,b99df4a4-2bf5-4c08-9483-bd636470bc11,OTAuto02,b99df4a4-2bf5-4c08-9483-bd636470bc11
False,2026-04-05T23:23:19.000+00:00,2026-04-05,2026,April,04,Quarter 2,,,,,,,,,,,,,High_Risk_Description_6845847,0a8df6af-0204-4b11-a4a9-f1c25aebb43c,,,,HIGH,3,,,,3.0,,2026-04-05T23:23:30.000+00:00,2026-04-05,2026,April,04,Quarter 2,HIGH,3,,,,,,,Risk_Name_6845847,1493,,,,0,,,,,,,,HIGH,3,,,,3.0,,,,OneTrust Automation,79f09a0f-fbd7-4439-9e1e-d48abe62c98e,,,,3.0,,,,,Evaluation,Evaluation,Default Risk Workflow,9684290c-6240-4021-b599-a2dd8a864311,IDENTIFIED,IDENTIFIED,,,,,,,,,,,,,,,,General,,,,,,,,,https://Risk/Risk/0a8df6af-0204-4b11-a4a9-f1c25aebb43c,America/Thule,b99df4a4-2bf5-4c08-9483-bd636470bc11,OTAuto02,b99df4a4-2bf5-4c08-9483-bd636470bc11
False,2026-04-06T13:23:19.000+00:00,2026-04-06,2026,April,04,Quarter 2,,,,,,,,,,,,,High_Risk_Description_6845847,0a8df6af-0204-4b11-a4a9-f1c25aebb43c,,,,HIGH,3,,,,3.0,,2026-04-06T13:23:30.000+00:00,2026-04-06,2026,April,04,Quarter 2,HIGH,3,,,,,,,Risk_Name_6845847,1493,,,,0,,,,,,,,HIGH,3,,,,3.0,,,,OneTrust Automation,79f09a0f-fbd7-4439-9e1e-d48abe62c98e,,,,3.0,,,,,Evaluation,Evaluation,Default Risk Workflow,9684290c-6240-4021-b599-a2dd8a864311,IDENTIFIED,IDENTIFIED,,,,,,,,,,,,,,,,General,,,,,,,,,https://Risk/Risk/0a8df6af-0204-4b11-a4a9-f1c25aebb43c,Asia/Sakhalin,b99df4a4-2bf5-4c08-9483-bd636470bc11,OTAuto02,b99df4a4-2bf5-4c08-9483-bd636470bc11
False,2026-04-06T05:23:19.000+00:00,2026-04-06,2026,April,04,Quarter 2,,,,,,,,,,,,,High_Risk_Description_6845847,0a8df6af-0204-4b11-a4a9-f1c25aebb43c,,,,HIGH,3,,,,3.0,,2026-04-06T05:23:30.000+00:00,2026-04-06,2026,April,04,Quarter 2,HIGH,3,,,,,,,Risk_Name_6845847,1493,,,,0,,,,,,,,HIGH,3,,,,3.0,,,,OneTrust Automation,79f09a0f-fbd7-4439-9e1e-d48abe62c98e,,,,3.0,,,,,Evaluation,Evaluation,Default Risk Workflow,9684290c-6240-4021-b599-a2dd8a864311,IDENTIFIED,IDENTIFIED,,,,,,,,,,,,,,,,General,,,,,,,,,https://Risk/Risk/0a8df6af-0204-4b11-a4a9-f1c25aebb43c,Africa/Nairobi,b99df4a4-2bf5-4c08-9483-bd636470bc11,OTAuto02,b99df4a4-2bf5-4c08-9483-bd636470bc11
False,2026-04-06T04:23:19.000+00:00,2026-04-06,2026,April,04,Quarter 2,,,,,,,,,,,,,High_Risk_Description_6845847,0a8df6af-0204-4b11-a4a9-f1c25aebb43c,,,,HIGH,3,,,,3.0,,2026-04-06T04:23:30.000+00:00,2026-04-06,2026,April,04,Quarter 2,HIGH,3,,,,,,,Risk_Name_6845847,1493,,,,0,,,,,,,,HIGH,3,,,,3.0,,,,OneTrust Automation,79f09a0f-fbd7-4439-9e1e-d48abe62c98e,,,,3.0,,,,,Evaluation,Evaluation,Default Risk Workflow,9684290c-6240-4021-b599-a2dd8a864311,IDENTIFIED,IDENTIFIED,,,,,,,,,,,,,,,,General,,,,,,,,,https://Risk/Risk/0a8df6af-0204-4b11-a4a9-f1c25aebb43c,Europe/Vatican,b99df4a4-2bf5-4c08-9483-bd636470bc11,OTAuto02,b99df4a4-2bf5-4c08-9483-bd636470bc11
False,2026-04-06T05:23:19.000+00:00,2026-04-06,2026,April,04,Quarter 2,,,,,,,,,,,,,High_Risk_Description_6845847,0a8df6af-0204-4b11-a4a9-f1c25aebb43c,,,,HIGH,3,,,,3.0,,2026-04-06T05:23:30.000+00:00,2026-04-06,2026,April,04,Quarter 2,HIGH,3,,,,,,,Risk_Name_6845847,1493,,,,0,,,,,,,,HIGH,3,,,,3.0,,,,OneTrust Automation,79f09a0f-fbd7-4439-9e1e-d48abe62c98e,,,,3.0,,,,,Evaluation,Evaluation,Default Risk Workflow,9684290c-6240-4021-b599-a2dd8a864311,IDENTIFIED,IDENTIFIED,,,,,,,,,,,,,,,,General,,,,,,,,,https://Risk/Risk/0a8df6af-0204-4b11-a4a9-f1c25aebb43c,EET,b99df4a4-2bf5-4c08-9483-bd636470bc11,OTAuto02,b99df4a4-2bf5-4c08-9483-bd636470bc11
False,2026-04-05T23:23:19.000+00:00,2026-04-05,2026,April,04,Quarter 2,,,,,,,,,,,,,High_Risk_Description_6845847,0a8df6af-0204-4b11-a4a9-f1c25aebb43c,,,,HIGH,3,,,,3.0,,2026-04-05T23:23:30.000+00:00,2026-04-05,2026,April,04,Quarter 2,HIGH,3,,,,,,,Risk_Name_6845847,1493,,,,0,,,,,,,,HIGH,3,,,,3.0,,,,OneTrust Automation,79f09a0f-fbd7-4439-9e1e-d48abe62c98e,,,,3.0,,,,,Evaluation,Evaluation,Default Risk Workflow,9684290c-6240-4021-b599-a2dd8a864311,IDENTIFIED,IDENTIFIED,,,,,,,,,,,,,,,,General,,,,,,,,,https://Risk/Risk/0a8df6af-0204-4b11-a4a9-f1c25aebb43c,America/Moncton,b99df4a4-2bf5-4c08-9483-bd636470bc11,OTAuto02,b99df4a4-2bf5-4c08-9483-bd636470bc11
False,2026-04-05T23:23:19.000+00:00,2026-04-05,2026,April,04,Quarter 2,,,,,,,,,,,,,High_Risk_Description_6845847,0a8df6af-0204-4b11-a4a9-f1c25aebb43c,,,,HIGH,3,,,,3.0,,2026-04-05T23:23:30.000+00:00,2026-04-05,2026,April,04,Quarter 2,HIGH,3,,,,,,,Risk_Name_6845847,1493,,,,0,,,,,,,,HIGH,3,,,,3.0,,,,OneTrust Automation,79f09a0f-fbd7-4439-9e1e-d48abe62c98e,,,,3.0,,,,,Evaluation,Evaluation,Default Risk Workflow,9684290c-6240-4021-b599-a2dd8a864311,IDENTIFIED,IDENTIFIED,,,,,,,,,,,,,,,,General,,,,,,,,,https://Risk/Risk/0a8df6af-0204-4b11-a4a9-f1c25aebb43c,America/Cordoba,b99df4a4-2bf5-4c08-9483-bd636470bc11,OTAuto02,b99df4a4-2bf5-4c08-9483-bd636470bc11
False,2026-04-06T08:53:19.000+00:00,2026-04-06,2026,April,04,Quarter 2,,,,,,,,,,,,,High_Risk_Description_6845847,0a8df6af-0204-4b11-a4a9-f1c25aebb43c,,,,HIGH,3,,,,3.0,,2026-04-06T08:53:30.000+00:00,2026-04-06,2026,April,04,Quarter 2,HIGH,3,,,,,,,Risk_Name_6845847,1493,,,,0,,,,,,,,HIGH,3,,,,3.0,,,,OneTrust Automation,79f09a0f-fbd7-4439-9e1e-d48abe62c98e,,,,3.0,,,,,Evaluation,Evaluation,Default Risk Workflow,9684290c-6240-4021-b599-a2dd8a864311,IDENTIFIED,IDENTIFIED,,,,,,,,,,,,,,,,General,,,,,,,,,https://Risk/Risk/0a8df6af-0204-4b11-a4a9-f1c25aebb43c,Indian/Cocos,b99df4a4-2bf5-4c08-9483-bd636470bc11,OTAuto02,b99df4a4-2bf5-4c08-9483-bd636470bc11
False,2026-04-05T23:23:19.000+00:00,2026-04-05,2026,April,04,Quarter 2,,,,,,,,,,,,,High_Risk_Description_6845847,0a8df6af-0204-4b11-a4a9-f1c25aebb43c,,,,HIGH,3,,,,3.0,,2026-04-05T23:23:30.000+00:00,2026-04-05,2026,April,04,Quarter 2,HIGH,3,,,,,,,Risk_Name_6845847,1493,,,,0,,,,,,,,HIGH,3,,,,3.0,,,,OneTrust Automation,79f09a0f-fbd7-4439-9e1e-d48abe62c98e,,,,3.0,,,,,Evaluation,Evaluation,Default Risk Workflow,9684290c-6240-4021-b599-a2dd8a864311,IDENTIFIED,IDENTIFIED,,,,,,,,,,,,,,,,General,,,,,,,,,https://Risk/Risk/0a8df6af-0204-4b11-a4a9-f1c25aebb43c,America/Argentina/Salta,b99df4a4-2bf5-4c08-9483-bd636470bc11,OTAuto02,b99df4a4-2bf5-4c08-9483-bd636470bc11
False,2026-04-06T02:23:19.000+00:00,2026-04-06,2026,April,04,Quarter 2,,,,,,,,,,,,,High_Risk_Description_6845847,0a8df6af-0204-4b11-a4a9-f1c25aebb43c,,,,HIGH,3,,,,3.0,,2026-04-06T02:23:30.000+00:00,2026-04-06,2026,April,04,Quarter 2,HIGH,3,,,,,,,Risk_Name_6845847,1493,,,,0,,,,,,,,HIGH,3,,,,3.0,,,,OneTrust Automation,79f09a0f-fbd7-4439-9e1e-d48abe62c98e,,,,3.0,,,,,Evaluation,Evaluation,Default Risk Workflow,9684290c-6240-4021-b599-a2dd8a864311,IDENTIFIED,IDENTIFIED,,,,,,,,,,,,,,,,General,,,,,,,,,https://Risk/Risk/0a8df6af-0204-4b11-a4a9-f1c25aebb43c,GMT+0,b99df4a4-2bf5-4c08-9483-bd636470bc11,OTAuto02,b99df4a4-2bf5-4c08-9483-bd636470bc11
False,2026-04-06T07:23:19.000+00:00,2026-04-06,2026,April,04,Quarter 2,,,,,,,,,,,,,High_Risk_Description_6845847,0a8df6af-0204-4b11-a4a9-f1c25aebb43c,,,,HIGH,3,,,,3.0,,2026-04-06T07:23:30.000+00:00,2026-04-06,2026,April,04,Quarter 2,HIGH,3,,,,,,,Risk_Name_6845847,1493,,,,0,,,,,,,,HIGH,3,,,,3.0,,,,OneTrust Automation,79f09a0f-fbd7-4439-9e1e-d48abe62c98e,,,,3.0,,,,,Evaluation,Evaluation,Default Risk Workflow,9684290c-6240-4021-b599-a2dd8a864311,IDENTIFIED,IDENTIFIED,,,,,,,,,,,,,,,,General,,,,,,,,,https://Risk/Risk/0a8df6af-0204-4b11-a4a9-f1c25aebb43c,Asia/Aqtobe,b99df4a4-2bf5-4c08-9483-bd636470bc11,OTAuto02,b99df4a4-2bf5-4c08-9483-bd636470bc11
False,2026-04-05T22:23:19.000+00:00,2026-04-05,2026,April,04,Quarter 2,,,,,,,,,,,,,High_Risk_Description_6845847,0a8df6af-0204-4b11-a4a9-f1c25aebb43c,,,,HIGH,3,,,,3.0,,2026-04-05T22:23:30.000+00:00,2026-04-05,2026,April,04,Quarter 2,HIGH,3,,,,,,,Risk_Name_6845847,1493,,,,0,,,,,,,,HIGH,3,,,,3.0,,,,OneTrust Automation,79f09a0f-fbd7-4439-9e1e-d48abe62c98e,,,,3.0,,,,,Evaluation,Evaluation,Default Risk Workflow,9684290c-6240-4021-b599-a2dd8a864311,IDENTIFIED,IDENTIFIED,,,,,,,,,,,,,,,,General,,,,,,,,,https://Risk/Risk/0a8df6af-0204-4b11-a4a9-f1c25aebb43c,America/Kentucky/Louisville,b99df4a4-2bf5-4c08-9483-bd636470bc11,OTAuto02,b99df4a4-2bf5-4c08-9483-bd636470bc11
False,2026-04-05T22:23:19.000+00:00,2026-04-05,2026,April,04,Quarter 2,,,,,,,,,,,,,High_Risk_Description_6845847,0a8df6af-0204-4b11-a4a9-f1c25aebb43c,,,,HIGH,3,,,,3.0,,2026-04-05T22:23:30.000+00:00,2026-04-05,2026,April,04,Quarter 2,HIGH,3,,,,,,,Risk_Name_6845847,1493,,,,0,,,,,,,,HIGH,3,,,,3.0,,,,OneTrust Automation,79f09a0f-fbd7-4439-9e1e-d48abe62c98e,,,,3.0,,,,,Evaluation,Evaluation,Default Risk Workflow,9684290c-6240-4021-b599-a2dd8a864311,IDENTIFIED,IDENTIFIED,,,,,,,,,,,,,,,,General,,,,,,,,,https://Risk/Risk/0a8df6af-0204-4b11-a4a9-f1c25aebb43c,America/Indiana/Indianapolis,b99df4a4-2bf5-4c08-9483-bd636470bc11,OTAuto02,b99df4a4-2bf5-4c08-9483-bd636470bc11
False,2026-04-06T09:23:19.000+00:00,2026-04-06,2026,April,04,Quarter 2,,,,,,,,,,,,,High_Risk_Description_6845847,0a8df6af-0204-4b11-a4a9-f1c25aebb43c,,,,HIGH,3,,,,3.0,,2026-04-06T09:23:30.000+00:00,2026-04-06,2026,April,04,Quarter 2,HIGH,3,,,,,,,Risk_Name_6845847,1493,,,,0,,,,,,,,HIGH,3,,,,3.0,,,,OneTrust Automation,79f09a0f-fbd7-4439-9e1e-d48abe62c98e,,,,3.0,,,,,Evaluation,Evaluation,Default Risk Workflow,9684290c-6240-4021-b599-a2dd8a864311,IDENTIFIED,IDENTIFIED,,,,,,,,,,,,,,,,General,,,,,,,,,https://Risk/Risk/0a8df6af-0204-4b11-a4a9-f1c25aebb43c,Asia/Novokuznetsk,b99df4a4-2bf5-4c08-9483-bd636470bc11,OTAuto02,b99df4a4-2bf5-4c08-9483-bd636470bc11
False,2026-04-06T02:23:19.000+00:00,2026-04-06,2026,April,04,Quarter 2,,,,,,,,,,,,,High_Risk_Description_6845847,0a8df6af-0204-4b11-a4a9-f1c25aebb43c,,,,HIGH,3,,,,3.0,,2026-04-06T02:23:30.000+00:00,2026-04-06,2026,April,04,Quarter 2,HIGH,3,,,,,,,Risk_Name_6845847,1493,,,,0,,,,,,,,HIGH,3,,,,3.0,,,,OneTrust Automation,79f09a0f-fbd7-4439-9e1e-d48abe62c98e,,,,3.0,,,,,Evaluation,Evaluation,Default Risk Workflow,9684290c-6240-4021-b599-a2dd8a864311,IDENTIFIED,IDENTIFIED,,,,,,,,,,,,,,,,General,,,,,,,,,https://Risk/Risk/0a8df6af-0204-4b11-a4a9-f1c25aebb43c,GMT-0,b99df4a4-2bf5-4c08-9483-bd636470bc11,OTAuto02,b99df4a4-2bf5-4c08-9483-bd636470bc11
False,2026-04-06T03:23:19.000+00:00,2026-04-06,2026,April,04,Quarter 2,,,,,,,,,,,,,High_Risk_Description_6845847,0a8df6af-0204-4b11-a4a9-f1c25aebb43c,,,,HIGH,3,,,,3.0,,2026-04-06T03:23:30.000+00:00,2026-04-06,2026,April,04,Quarter 2,HIGH,3,,,,,,,Risk_Name_6845847,1493,,,,0,,,,,,,,HIGH,3,,,,3.0,,,,OneTrust Automation,79f09a0f-fbd7-4439-9e1e-d48abe62c98e,,,,3.0,,,,,Evaluation,Evaluation,Default Risk Workflow,9684290c-6240-4021-b599-a2dd8a864311,IDENTIFIED,IDENTIFIED,,,,,,,,,,,,,,,,General,,,,,,,,,https://Risk/Risk/0a8df6af-0204-4b11-a4a9-f1c25aebb43c,Africa/El_Aaiun,b99df4a4-2bf5-4c08-9483-bd636470bc11,OTAuto02,b99df4a4-2bf5-4c08-9483-bd636470bc11
False,2026-04-06T14:23:19.000+00:00,2026-04-06,2026,April,04,Quarter 2,,,,,,,,,,,,,High_Risk_Description_6845847,0a8df6af-0204-4b11-a4a9-f1c25aebb43c,,,,HIGH,3,,,,3.0,,2026-04-06T14:23:30.000+00:00,2026-04-06,2026,April,04,Quarter 2,HIGH,3,,,,,,,Risk_Name_6845847,1493,,,,0,,,,,,,,HIGH,3,,,,3.0,,,,OneTrust Automation,79f09a0f-fbd7-4439-9e1e-d48abe62c98e,,,,3.0,,,,,Evaluation,Evaluation,Default Risk Workflow,9684290c-6240-4021-b599-a2dd8a864311,IDENTIFIED,IDENTIFIED,,,,,,,,,,,,,,,,General,,,,,,,,,https://Risk/Risk/0a8df6af-0204-4b11-a4a9-f1c25aebb43c,Pacific/Nauru,b99df4a4-2bf5-4c08-9483-bd636470bc11,OTAuto02,b99df4a4-2bf5-4c08-9483-bd636470bc11
False,2026-04-06T05:23:19.000+00:00,2026-04-06,2026,April,04,Quarter 2,,,,,,,,,,,,,High_Risk_Description_6845847,0a8df6af-0204-4b11-a4a9-f1c25aebb43c,,,,HIGH,3,,,,3.0,,2026-04-06T05:23:30.000+00:00,2026-04-06,2026,April,04,Quarter 2,HIGH,3,,,,,,,Risk_Name_6845847,1493,,,,0,,,,,,,,HIGH,3,,,,3.0,,,,OneTrust Automation,79f09a0f-fbd7-4439-9e1e-d48abe62c98e,,,,3.0,,,,,Evaluation,Evaluation,Default Risk Workflow,9684290c-6240-4021-b599-a2dd8a864311,IDENTIFIED,IDENTIFIED,,,,,,,,,,,,,,,,General,,,,,,,,,https://Risk/Risk/0a8df6af-0204-4b11-a4a9-f1c25aebb43c,Europe/Kiev,b99df4a4-2bf5-4c08-9483-bd636470bc11,OTAuto02,b99df4a4-2bf5-4c08-9483-bd636470bc11
False,2026-04-06T05:23:19.000+00:00,2026-04-06,2026,April,04,Quarter 2,,,,,,,,,,,,,High_Risk_Description_6845847,0a8df6af-0204-4b11-a4a9-f1c25aebb43c,,,,HIGH,3,,,,3.0,,2026-04-06T05:23:30.000+00:00,2026-04-06,2026,April,04,Quarter 2,HIGH,3,,,,,,,Risk_Name_6845847,1493,,,,0,,,,,,,,HIGH,3,,,,3.0,,,,OneTrust Automation,79f09a0f-fbd7-4439-9e1e-d48abe62c98e,,,,3.0,,,,,Evaluation,Evaluation,Default Risk Workflow,9684290c-6240-4021-b599-a2dd8a864311,IDENTIFIED,IDENTIFIED,,,,,,,,,,,,,,,,General,,,,,,,,,https://Risk/Risk/0a8df6af-0204-4b11-a4a9-f1c25aebb43c,Asia/Nicosia,b99df4a4-2bf5-4c08-9483-bd636470bc11,OTAuto02,b99df4a4-2bf5-4c08-9483-bd636470bc11
False,2026-04-06T07:23:19.000+00:00,2026-04-06,2026,April,04,Quarter 2,,,,,,,,,,,,,High_Risk_Description_6845847,0a8df6af-0204-4b11-a4a9-f1c25aebb43c,,,,HIGH,3,,,,3.0,,2026-04-06T07:23:30.000+00:00,2026-04-06,2026,April,04,Quarter 2,HIGH,3,,,,,,,Risk_Name_6845847,1493,,,,0,,,,,,,,HIGH,3,,,,3.0,,,,OneTrust Automation,79f09a0f-fbd7-4439-9e1e-d48abe62c98e,,,,3.0,,,,,Evaluation,Evaluation,Default Risk Workflow,9684290c-6240-4021-b599-a2dd8a864311,IDENTIFIED,IDENTIFIED,,,,,,,,,,,,,,,,General,,,,,,,,,https://Risk/Risk/0a8df6af-0204-4b11-a4a9-f1c25aebb43c,Indian/Maldives,b99df4a4-2bf5-4c08-9483-bd636470bc11,OTAuto02,b99df4a4-2bf5-4c08-9483-bd636470bc11
False,2026-04-05T23:23:19.000+00:00,2026-04-05,2026,April,04,Quarter 2,,,,,,,,,,,,,High_Risk_Description_6845847,0a8df6af-0204-4b11-a4a9-f1c25aebb43c,,,,HIGH,3,,,,3.0,,2026-04-05T23:23:30.000+00:00,2026-04-05,2026,April,04,Quarter 2,HIGH,3,,,,,,,Risk_Name_6845847,1493,,,,0,,,,,,,,HIGH,3,,,,3.0,,,,OneTrust Automation,79f09a0f-fbd7-4439-9e1e-d48abe62c98e,,,,3.0,,,,,Evaluation,Evaluation,Default Risk Workflow,9684290c-6240-4021-b599-a2dd8a864311,IDENTIFIED,IDENTIFIED,,,,,,,,,,,,,,,,General,,,,,,,,,https://Risk/Risk/0a8df6af-0204-4b11-a4a9-f1c25aebb43c,America/Argentina/La_Rioja,b99df4a4-2bf5-4c08-9483-bd636470bc11,OTAuto02,b99df4a4-2bf5-4c08-9483-bd636470bc11
False,2026-04-05T18:23:19.000+00:00,2026-04-05,2026,April,04,Quarter 2,,,,,,,,,,,,,High_Risk_Description_6845847,0a8df6af-0204-4b11-a4a9-f1c25aebb43c,,,,HIGH,3,,,,3.0,,2026-04-05T18:23:30.000+00:00,2026-04-05,2026,April,04,Quarter 2,HIGH,3,,,,,,,Risk_Name_6845847,1493,,,,0,,,,,,,,HIGH,3,,,,3.0,,,,OneTrust Automation,79f09a0f-fbd7-4439-9e1e-d48abe62c98e,,,,3.0,,,,,Evaluation,Evaluation,Default Risk Workflow,9684290c-6240-4021-b599-a2dd8a864311,IDENTIFIED,IDENTIFIED,,,,,,,,,,,,,,,,General,,,,,,,,,https://Risk/Risk/0a8df6af-0204-4b11-a4a9-f1c25aebb43c,America/Juneau,b99df4a4-2bf5-4c08-9483-bd636470bc11,OTAuto02,b99df4a4-2bf5-4c08-9483-bd636470bc11
False,2026-04-06T12:53:19.000+00:00,2026-04-06,2026,April,04,Quarter 2,,,,,,,,,,,,,High_Risk_Description_6845847,0a8df6af-0204-4b11-a4a9-f1c25aebb43c,,,,HIGH,3,,,,3.0,,2026-04-06T12:53:30.000+00:00,2026-04-06,2026,April,04,Quarter 2,HIGH,3,,,,,,,Risk_Name_6845847,1493,,,,0,,,,,,,,HIGH,3,,,,3.0,,,,OneTrust Automation,79f09a0f-fbd7-4439-9e1e-d48abe62c98e,,,,3.0,,,,,Evaluation,Evaluation,Default Risk Workflow,9684290c-6240-4021-b599-a2dd8a864311,IDENTIFIED,IDENTIFIED,,,,,,,,,,,,,,,,General,,,,,,,,,https://Risk/Risk/0a8df6af-0204-4b11-a4a9-f1c25aebb43c,Australia/Lord_Howe,b99df4a4-2bf5-4c08-9483-bd636470bc11,OTAuto02,b99df4a4-2bf5-4c08-9483-bd636470bc11
False,2026-04-05T18:23:19.000+00:00,2026-04-05,2026,April,04,Quarter 2,,,,,,,,,,,,,High_Risk_Description_6845847,0a8df6af-0204-4b11-a4a9-f1c25aebb43c,,,,HIGH,3,,,,3.0,,2026-04-05T18:23:30.000+00:00,2026-04-05,2026,April,04,Quarter 2,HIGH,3,,,,,,,Risk_Name_6845847,1493,,,,0,,,,,,,,HIGH,3,,,,3.0,,,,OneTrust Automation,79f09a0f-fbd7-4439-9e1e-d48abe62c98e,,,,3.0,,,,,Evaluation,Evaluation,Default Risk Workflow,9684290c-6240-4021-b599-a2dd8a864311,IDENTIFIED,IDENTIFIED,,,,,,,,,,,,,,,,General,,,,,,,,,https://Risk/Risk/0a8df6af-0204-4b11-a4a9-f1c25aebb43c,America/Anchorage,b99df4a4-2bf5-4c08-9483-bd636470bc11,OTAuto02,b99df4a4-2bf5-4c08-9483-bd636470bc11
False,2026-04-06T06:53:19.000+00:00,2026-04-06,2026,April,04,Quarter 2,,,,,,,,,,,,,High_Risk_Description_6845847,0a8df6af-0204-4b11-a4a9-f1c25aebb43c,,,,HIGH,3,,,,3.0,,2026-04-06T06:53:30.000+00:00,2026-04-06,2026,April,04,Quarter 2,HIGH,3,,,,,,,Risk_Name_6845847,1493,,,,0,,,,,,,,HIGH,3,,,,3.0,,,,OneTrust Automation,79f09a0f-fbd7-4439-9e1e-d48abe62c98e,,,,3.0,,,,,Evaluation,Evaluation,Default Risk Workflow,9684290c-6240-4021-b599-a2dd8a864311,IDENTIFIED,IDENTIFIED,,,,,,,,,,,,,,,,General,,,,,,,,,https://Risk/Risk/0a8df6af-0204-4b11-a4a9-f1c25aebb43c,Asia/Kabul,b99df4a4-2bf5-4c08-9483-bd636470bc11,OTAuto02,b99df4a4-2bf5-4c08-9483-bd636470bc11
False,2026-04-05T20:23:19.000+00:00,2026-04-05,2026,April,04,Quarter 2,,,,,,,,,,,,,High_Risk_Description_6845847,0a8df6af-0204-4b11-a4a9-f1c25aebb43c,,,,HIGH,3,,,,3.0,,2026-04-05T20:23:30.000+00:00,2026-04-05,2026,April,04,Quarter 2,HIGH,3,,,,,,,Risk_Name_6845847,1493,,,,0,,,,,,,,HIGH,3,,,,3.0,,,,OneTrust Automation,79f09a0f-fbd7-4439-9e1e-d48abe62c98e,,,,3.0,,,,,Evaluation,Evaluation,Default Risk Workflow,9684290c-6240-4021-b599-a2dd8a864311,IDENTIFIED,IDENTIFIED,,,,,,,,,,,,,,,,General,,,,,,,,,https://Risk/Risk/0a8df6af-0204-4b11-a4a9-f1c25aebb43c,Canada/Mountain,b99df4a4-2bf5-4c08-9483-bd636470bc11,OTAuto02,b99df4a4-2bf5-4c08-9483-bd636470bc11
False,2026-04-06T10:23:19.000+00:00,2026-04-06,2026,April,04,Quarter 2,,,,,,,,,,,,,High_Risk_Description_6845847,0a8df6af-0204-4b11-a4a9-f1c25aebb43c,,,,HIGH,3,,,,3.0,,2026-04-06T10:23:30.000+00:00,2026-04-06,2026,April,04,Quarter 2,HIGH,3,,,,,,,Risk_Name_6845847,1493,,,,0,,,,,,,,HIGH,3,,,,3.0,,,,OneTrust Automation,79f09a0f-fbd7-4439-9e1e-d48abe62c98e,,,,3.0,,,,,Evaluation,Evaluation,Default Risk Workflow,9684290c-6240-4021-b599-a2dd8a864311,IDENTIFIED,IDENTIFIED,,,,,,,,,,,,,,,,General,,,,,,,,,https://Risk/Risk/0a8df6af-0204-4b11-a4a9-f1c25aebb43c,Asia/Chongqing,b99df4a4-2bf5-4c08-9483-bd636470bc11,OTAuto02,b99df4a4-2bf5-4c08-9483-bd636470bc11
False,2026-04-05T22:23:19.000+00:00,2026-04-05,2026,April,04,Quarter 2,,,,,,,,,,,,,High_Risk_Description_6845847,0a8df6af-0204-4b11-a4a9-f1c25aebb43c,,,,HIGH,3,,,,3.0,,2026-04-05T22:23:30.000+00:00,2026-04-05,2026,April,04,Quarter 2,HIGH,3,,,,,,,Risk_Name_6845847,1493,,,,0,,,,,,,,HIGH,3,,,,3.0,,,,OneTrust Automation,79f09a0f-fbd7-4439-9e1e-d48abe62c98e,,,,3.0,,,,,Evaluation,Evaluation,Default Risk Workflow,9684290c-6240-4021-b599-a2dd8a864311,IDENTIFIED,IDENTIFIED,,,,,,,,,,,,,,,,General,,,,,,,,,https://Risk/Risk/0a8df6af-0204-4b11-a4a9-f1c25aebb43c,America/Blanc-Sablon,b99df4a4-2bf5-4c08-9483-bd636470bc11,OTAuto02,b99df4a4-2bf5-4c08-9483-bd636470bc11
False,2026-04-06T05:23:19.000+00:00,2026-04-06,2026,April,04,Quarter 2,,,,,,,,,,,,,High_Risk_Description_6845847,0a8df6af-0204-4b11-a4a9-f1c25aebb43c,,,,HIGH,3,,,,3.0,,2026-04-06T05:23:30.000+00:00,2026-04-06,2026,April,04,Quarter 2,HIGH,3,,,,,,,Risk_Name_6845847,1493,,,,0,,,,,,,,HIGH,3,,,,3.0,,,,OneTrust Automation,79f09a0f-fbd7-4439-9e1e-d48abe62c98e,,,,3.0,,,,,Evaluation,Evaluation,Default Risk Workflow,9684290c-6240-4021-b599-a2dd8a864311,IDENTIFIED,IDENTIFIED,,,,,,,,,,,,,,,,General,,,,,,,,,https://Risk/Risk/0a8df6af-0204-4b11-a4a9-f1c25aebb43c,Indian/Mayotte,b99df4a4-2bf5-4c08-9483-bd636470bc11,OTAuto02,b99df4a4-2bf5-4c08-9483-bd636470bc11
False,2026-04-06T07:23:19.000+00:00,2026-04-06,2026,April,04,Quarter 2,,,,,,,,,,,,,High_Risk_Description_6845847,0a8df6af-0204-4b11-a4a9-f1c25aebb43c,,,,HIGH,3,,,,3.0,,2026-04-06T07:23:30.000+00:00,2026-04-06,2026,April,04,Quarter 2,HIGH,3,,,,,,,Risk_Name_6845847,1493,,,,0,,,,,,,,HIGH,3,,,,3.0,,,,OneTrust Automation,79f09a0f-fbd7-4439-9e1e-d48abe62c98e,,,,3.0,,,,,Evaluation,Evaluation,Default Risk Workflow,9684290c-6240-4021-b599-a2dd8a864311,IDENTIFIED,IDENTIFIED,,,,,,,,,,,,,,,,General,,,,,,,,,https://Risk/Risk/0a8df6af-0204-4b11-a4a9-f1c25aebb43c,Asia/Yekaterinburg,b99df4a4-2bf5-4c08-9483-bd636470bc11,OTAuto02,b99df4a4-2bf5-4c08-9483-bd636470bc11
False,2026-04-05T22:23:19.000+00:00,2026-04-05,2026,April,04,Quarter 2,,,,,,,,,,,,,High_Risk_Description_6845847,0a8df6af-0204-4b11-a4a9-f1c25aebb43c,,,,HIGH,3,,,,3.0,,2026-04-05T22:23:30.000+00:00,2026-04-05,2026,April,04,Quarter 2,HIGH,3,,,,,,,Risk_Name_6845847,1493,,,,0,,,,,,,,HIGH,3,,,,3.0,,,,OneTrust Automation,79f09a0f-fbd7-4439-9e1e-d48abe62c98e,,,,3.0,,,,,Evaluation,Evaluation,Default Risk Workflow,9684290c-6240-4021-b599-a2dd8a864311,IDENTIFIED,IDENTIFIED,,,,,,,,,,,,,,,,General,,,,,,,,,https://Risk/Risk/0a8df6af-0204-4b11-a4a9-f1c25aebb43c,America/Nipigon,b99df4a4-2bf5-4c08-9483-bd636470bc11,OTAuto02,b99df4a4-2bf5-4c08-9483-bd636470bc11
False,2026-04-05T23:23:19.000+00:00,2026-04-05,2026,April,04,Quarter 2,,,,,,,,,,,,,High_Risk_Description_6845847,0a8df6af-0204-4b11-a4a9-f1c25aebb43c,,,,HIGH,3,,,,3.0,,2026-04-05T23:23:30.000+00:00,2026-04-05,2026,April,04,Quarter 2,HIGH,3,,,,,,,Risk_Name_6845847,1493,,,,0,,,,,,,,HIGH,3,,,,3.0,,,,OneTrust Automation,79f09a0f-fbd7-4439-9e1e-d48abe62c98e,,,,3.0,,,,,Evaluation,Evaluation,Default Risk Workflow,9684290c-6240-4021-b599-a2dd8a864311,IDENTIFIED,IDENTIFIED,,,,,,,,,,,,,,,,General,,,,,,,,,https://Risk/Risk/0a8df6af-0204-4b11-a4a9-f1c25aebb43c,America/Sao_Paulo,b99df4a4-2bf5-4c08-9483-bd636470bc11,OTAuto02,b99df4a4-2bf5-4c08-9483-bd636470bc11
False,2026-04-06T10:23:19.000+00:00,2026-04-06,2026,April,04,Quarter 2,,,,,,,,,,,,,High_Risk_Description_6845847,0a8df6af-0204-4b11-a4a9-f1c25aebb43c,,,,HIGH,3,,,,3.0,,2026-04-06T10:23:30.000+00:00,2026-04-06,2026,April,04,Quarter 2,HIGH,3,,,,,,,Risk_Name_6845847,1493,,,,0,,,,,,,,HIGH,3,,,,3.0,,,,OneTrust Automation,79f09a0f-fbd7-4439-9e1e-d48abe62c98e,,,,3.0,,,,,Evaluation,Evaluation,Default Risk Workflow,9684290c-6240-4021-b599-a2dd8a864311,IDENTIFIED,IDENTIFIED,,,,,,,,,,,,,,,,General,,,,,,,,,https://Risk/Risk/0a8df6af-0204-4b11-a4a9-f1c25aebb43c,Asia/Taipei,b99df4a4-2bf5-4c08-9483-bd636470bc11,OTAuto02,b99df4a4-2bf5-4c08-9483-bd636470bc11
False,2026-04-05T22:23:19.000+00:00,2026-04-05,2026,April,04,Quarter 2,,,,,,,,,,,,,High_Risk_Description_6845847,0a8df6af-0204-4b11-a4a9-f1c25aebb43c,,,,HIGH,3,,,,3.0,,2026-04-05T22:23:30.000+00:00,2026-04-05,2026,April,04,Quarter 2,HIGH,3,,,,,,,Risk_Name_6845847,1493,,,,0,,,,,,,,HIGH,3,,,,3.0,,,,OneTrust Automation,79f09a0f-fbd7-4439-9e1e-d48abe62c98e,,,,3.0,,,,,Evaluation,Evaluation,Default Risk Workflow,9684290c-6240-4021-b599-a2dd8a864311,IDENTIFIED,IDENTIFIED,,,,,,,,,,,,,,,,General,,,,,,,,,https://Risk/Risk/0a8df6af-0204-4b11-a4a9-f1c25aebb43c,America/Montreal,b99df4a4-2bf5-4c08-9483-bd636470bc11,OTAuto02,b99df4a4-2bf5-4c08-9483-bd636470bc11
False,2026-04-05T21:23:19.000+00:00,2026-04-05,2026,April,04,Quarter 2,,,,,,,,,,,,,High_Risk_Description_6845847,0a8df6af-0204-4b11-a4a9-f1c25aebb43c,,,,HIGH,3,,,,3.0,,2026-04-05T21:23:30.000+00:00,2026-04-05,2026,April,04,Quarter 2,HIGH,3,,,,,,,Risk_Name_6845847,1493,,,,0,,,,,,,,HIGH,3,,,,3.0,,,,OneTrust Automation,79f09a0f-fbd7-4439-9e1e-d48abe62c98e,,,,3.0,,,,,Evaluation,Evaluation,Default Risk Workflow,9684290c-6240-4021-b599-a2dd8a864311,IDENTIFIED,IDENTIFIED,,,,,,,,,,,,,,,,General,,,,,,,,,https://Risk/Risk/0a8df6af-0204-4b11-a4a9-f1c25aebb43c,America/Menominee,b99df4a4-2bf5-4c08-9483-bd636470bc11,OTAuto02,b99df4a4-2bf5-4c08-9483-bd636470bc11
False,2026-04-05T22:23:19.000+00:00,2026-04-05,2026,April,04,Quarter 2,,,,,,,,,,,,,High_Risk_Description_6845847,0a8df6af-0204-4b11-a4a9-f1c25aebb43c,,,,HIGH,3,,,,3.0,,2026-04-05T22:23:30.000+00:00,2026-04-05,2026,April,04,Quarter 2,HIGH,3,,,,,,,Risk_Name_6845847,1493,,,,0,,,,,,,,HIGH,3,,,,3.0,,,,OneTrust Automation,79f09a0f-fbd7-4439-9e1e-d48abe62c98e,,,,3.0,,,,,Evaluation,Evaluation,Default Risk Workflow,9684290c-6240-4021-b599-a2dd8a864311,IDENTIFIED,IDENTIFIED,,,,,,,,,,,,,,,,General,,,,,,,,,https://Risk/Risk/0a8df6af-0204-4b11-a4a9-f1c25aebb43c,America/Martinique,b99df4a4-2bf5-4c08-9483-bd636470bc11,OTAuto02,b99df4a4-2bf5-4c08-9483-bd636470bc11
False,2026-04-06T05:23:19.000+00:00,2026-04-06,2026,April,04,Quarter 2,,,,,,,,,,,,,High_Risk_Description_6845847,0a8df6af-0204-4b11-a4a9-f1c25aebb43c,,,,HIGH,3,,,,3.0,,2026-04-06T05:23:30.000+00:00,2026-04-06,2026,April,04,Quarter 2,HIGH,3,,,,,,,Risk_Name_6845847,1493,,,,0,,,,,,,,HIGH,3,,,,3.0,,,,OneTrust Automation,79f09a0f-fbd7-4439-9e1e-d48abe62c98e,,,,3.0,,,,,Evaluation,Evaluation,Default Risk Workflow,9684290c-6240-4021-b599-a2dd8a864311,IDENTIFIED,IDENTIFIED,,,,,,,,,,,,,,,,General,,,,,,,,,https://Risk/Risk/0a8df6af-0204-4b11-a4a9-f1c25aebb43c,Europe/Mariehamn,b99df4a4-2bf5-4c08-9483-bd636470bc11,OTAuto02,b99df4a4-2bf5-4c08-9483-bd636470bc11
False,2026-04-06T04:23:19.000+00:00,2026-04-06,2026,April,04,Quarter 2,,,,,,,,,,,,,High_Risk_Description_6845847,0a8df6af-0204-4b11-a4a9-f1c25aebb43c,,,,HIGH,3,,,,3.0,,2026-04-06T04:23:30.000+00:00,2026-04-06,2026,April,04,Quarter 2,HIGH,3,,,,,,,Risk_Name_6845847,1493,,,,0,,,,,,,,HIGH,3,,,,3.0,,,,OneTrust Automation,79f09a0f-fbd7-4439-9e1e-d48abe62c98e,,,,3.0,,,,,Evaluation,Evaluation,Default Risk Workflow,9684290c-6240-4021-b599-a2dd8a864311,IDENTIFIED,IDENTIFIED,,,,,,,,,,,,,,,,General,,,,,,,,,https://Risk/Risk/0a8df6af-0204-4b11-a4a9-f1c25aebb43c,Europe/Sarajevo,b99df4a4-2bf5-4c08-9483-bd636470bc11,OTAuto02,b99df4a4-2bf5-4c08-9483-bd636470bc11
False,2026-04-06T07:23:19.000+00:00,2026-04-06,2026,April,04,Quarter 2,,,,,,,,,,,,,High_Risk_Description_6845847,0a8df6af-0204-4b11-a4a9-f1c25aebb43c,,,,HIGH,3,,,,3.0,,2026-04-06T07:23:30.000+00:00,2026-04-06,2026,April,04,Quarter 2,HIGH,3,,,,,,,Risk_Name_6845847,1493,,,,0,,,,,,,,HIGH,3,,,,3.0,,,,OneTrust Automation,79f09a0f-fbd7-4439-9e1e-d48abe62c98e,,,,3.0,,,,,Evaluation,Evaluation,Default Risk Workflow,9684290c-6240-4021-b599-a2dd8a864311,IDENTIFIED,IDENTIFIED,,,,,,,,,,,,,,,,General,,,,,,,,,https://Risk/Risk/0a8df6af-0204-4b11-a4a9-f1c25aebb43c,Antarctica/Vostok,b99df4a4-2bf5-4c08-9483-bd636470bc11,OTAuto02,b99df4a4-2bf5-4c08-9483-bd636470bc11
False,2026-04-06T04:23:19.000+00:00,2026-04-06,2026,April,04,Quarter 2,,,,,,,,,,,,,High_Risk_Description_6845847,0a8df6af-0204-4b11-a4a9-f1c25aebb43c,,,,HIGH,3,,,,3.0,,2026-04-06T04:23:30.000+00:00,2026-04-06,2026,April,04,Quarter 2,HIGH,3,,,,,,,Risk_Name_6845847,1493,,,,0,,,,,,,,HIGH,3,,,,3.0,,,,OneTrust Automation,79f09a0f-fbd7-4439-9e1e-d48abe62c98e,,,,3.0,,,,,Evaluation,Evaluation,Default Risk Workflow,9684290c-6240-4021-b599-a2dd8a864311,IDENTIFIED,IDENTIFIED,,,,,,,,,,,,,,,,General,,,,,,,,,https://Risk/Risk/0a8df6af-0204-4b11-a4a9-f1c25aebb43c,Europe/Zurich,b99df4a4-2bf5-4c08-9483-bd636470bc11,OTAuto02,b99df4a4-2bf5-4c08-9483-bd636470bc11
False,2026-04-05T20:23:19.000+00:00,2026-04-05,2026,April,04,Quarter 2,,,,,,,,,,,,,High_Risk_Description_6845847,0a8df6af-0204-4b11-a4a9-f1c25aebb43c,,,,HIGH,3,,,,3.0,,2026-04-05T20:23:30.000+00:00,2026-04-05,2026,April,04,Quarter 2,HIGH,3,,,,,,,Risk_Name_6845847,1493,,,,0,,,,,,,,HIGH,3,,,,3.0,,,,OneTrust Automation,79f09a0f-fbd7-4439-9e1e-d48abe62c98e,,,,3.0,,,,,Evaluation,Evaluation,Default Risk Workflow,9684290c-6240-4021-b599-a2dd8a864311,IDENTIFIED,IDENTIFIED,,,,,,,,,,,,,,,,General,,,,,,,,,https://Risk/Risk/0a8df6af-0204-4b11-a4a9-f1c25aebb43c,Canada/Saskatchewan,b99df4a4-2bf5-4c08-9483-bd636470bc11,OTAuto02,b99df4a4-2bf5-4c08-9483-bd636470bc11
False,2026-04-05T22:23:19.000+00:00,2026-04-05,2026,April,04,Quarter 2,,,,,,,,,,,,,High_Risk_Description_6845847,0a8df6af-0204-4b11-a4a9-f1c25aebb43c,,,,HIGH,3,,,,3.0,,2026-04-05T22:23:30.000+00:00,2026-04-05,2026,April,04,Quarter 2,HIGH,3,,,,,,,Risk_Name_6845847,1493,,,,0,,,,,,,,HIGH,3,,,,3.0,,,,OneTrust Automation,79f09a0f-fbd7-4439-9e1e-d48abe62c98e,,,,3.0,,,,,Evaluation,Evaluation,Default Risk Workflow,9684290c-6240-4021-b599-a2dd8a864311,IDENTIFIED,IDENTIFIED,,,,,,,,,,,,,,,,General,,,,,,,,,https://Risk/Risk/0a8df6af-0204-4b11-a4a9-f1c25aebb43c,America/Montserrat,b99df4a4-2bf5-4c08-9483-bd636470bc11,OTAuto02,b99df4a4-2bf5-4c08-9483-bd636470bc11
False,2026-04-06T07:23:19.000+00:00,2026-04-06,2026,April,04,Quarter 2,,,,,,,,,,,,,High_Risk_Description_6845847,0a8df6af-0204-4b11-a4a9-f1c25aebb43c,,,,HIGH,3,,,,3.0,,2026-04-06T07:23:30.000+00:00,2026-04-06,2026,April,04,Quarter 2,HIGH,3,,,,,,,Risk_Name_6845847,1493,,,,0,,,,,,,,HIGH,3,,,,3.0,,,,OneTrust Automation,79f09a0f-fbd7-4439-9e1e-d48abe62c98e,,,,3.0,,,,,Evaluation,Evaluation,Default Risk Workflow,9684290c-6240-4021-b599-a2dd8a864311,IDENTIFIED,IDENTIFIED,,,,,,,,,,,,,,,,General,,,,,,,,,https://Risk/Risk/0a8df6af-0204-4b11-a4a9-f1c25aebb43c,Asia/Ashgabat,b99df4a4-2bf5-4c08-9483-bd636470bc11,OTAuto02,b99df4a4-2bf5-4c08-9483-bd636470bc11
False,2026-04-06T05:23:19.000+00:00,2026-04-06,2026,April,04,Quarter 2,,,,,,,,,,,,,High_Risk_Description_6845847,0a8df6af-0204-4b11-a4a9-f1c25aebb43c,,,,HIGH,3,,,,3.0,,2026-04-06T05:23:30.000+00:00,2026-04-06,2026,April,04,Quarter 2,HIGH,3,,,,,,,Risk_Name_6845847,1493,,,,0,,,,,,,,HIGH,3,,,,3.0,,,,OneTrust Automation,79f09a0f-fbd7-4439-9e1e-d48abe62c98e,,,,3.0,,,,,Evaluation,Evaluation,Default Risk Workflow,9684290c-6240-4021-b599-a2dd8a864311,IDENTIFIED,IDENTIFIED,,,,,,,,,,,,,,,,General,,,,,,,,,https://Risk/Risk/0a8df6af-0204-4b11-a4a9-f1c25aebb43c,Asia/Damascus,b99df4a4-2bf5-4c08-9483-bd636470bc11,OTAuto02,b99df4a4-2bf5-4c08-9483-bd636470bc11
False,2026-04-06T02:23:19.000+00:00,2026-04-06,2026,April,04,Quarter 2,,,,,,,,,,,,,High_Risk_Description_6845847,0a8df6af-0204-4b11-a4a9-f1c25aebb43c,,,,HIGH,3,,,,3.0,,2026-04-06T02:23:30.000+00:00,2026-04-06,2026,April,04,Quarter 2,HIGH,3,,,,,,,Risk_Name_6845847,1493,,,,0,,,,,,,,HIGH,3,,,,3.0,,,,OneTrust Automation,79f09a0f-fbd7-4439-9e1e-d48abe62c98e,,,,3.0,,,,,Evaluation,Evaluation,Default Risk Workflow,9684290c-6240-4021-b599-a2dd8a864311,IDENTIFIED,IDENTIFIED,,,,,,,,,,,,,,,,General,,,,,,,,,https://Risk/Risk/0a8df6af-0204-4b11-a4a9-f1c25aebb43c,Africa/Conakry,b99df4a4-2bf5-4c08-9483-bd636470bc11,OTAuto02,b99df4a4-2bf5-4c08-9483-bd636470bc11
False,2026-04-06T09:23:19.000+00:00,2026-04-06,2026,April,04,Quarter 2,,,,,,,,,,,,,High_Risk_Description_6845847,0a8df6af-0204-4b11-a4a9-f1c25aebb43c,,,,HIGH,3,,,,3.0,,2026-04-06T09:23:30.000+00:00,2026-04-06,2026,April,04,Quarter 2,HIGH,3,,,,,,,Risk_Name_6845847,1493,,,,0,,,,,,,,HIGH,3,,,,3.0,,,,OneTrust Automation,79f09a0f-fbd7-4439-9e1e-d48abe62c98e,,,,3.0,,,,,Evaluation,Evaluation,Default Risk Workflow,9684290c-6240-4021-b599-a2dd8a864311,IDENTIFIED,IDENTIFIED,,,,,,,,,,,,,,,,General,,,,,,,,,https://Risk/Risk/0a8df6af-0204-4b11-a4a9-f1c25aebb43c,Asia/Pontianak,b99df4a4-2bf5-4c08-9483-bd636470bc11,OTAuto02,b99df4a4-2bf5-4c08-9483-bd636470bc11
False,2026-04-06T04:23:19.000+00:00,2026-04-06,2026,April,04,Quarter 2,,,,,,,,,,,,,High_Risk_Description_6845847,0a8df6af-0204-4b11-a4a9-f1c25aebb43c,,,,HIGH,3,,,,3.0,,2026-04-06T04:23:30.000+00:00,2026-04-06,2026,April,04,Quarter 2,HIGH,3,,,,,,,Risk_Name_6845847,1493,,,,0,,,,,,,,HIGH,3,,,,3.0,,,,OneTrust Automation,79f09a0f-fbd7-4439-9e1e-d48abe62c98e,,,,3.0,,,,,Evaluation,Evaluation,Default Risk Workflow,9684290c-6240-4021-b599-a2dd8a864311,IDENTIFIED,IDENTIFIED,,,,,,,,,,,,,,,,General,,,,,,,,,https://Risk/Risk/0a8df6af-0204-4b11-a4a9-f1c25aebb43c,Africa/Lusaka,b99df4a4-2bf5-4c08-9483-bd636470bc11,OTAuto02,b99df4a4-2bf5-4c08-9483-bd636470bc11
False,2026-04-05T22:23:19.000+00:00,2026-04-05,2026,April,04,Quarter 2,,,,,,,,,,,,,High_Risk_Description_6845847,0a8df6af-0204-4b11-a4a9-f1c25aebb43c,,,,HIGH,3,,,,3.0,,2026-04-05T22:23:30.000+00:00,2026-04-05,2026,April,04,Quarter 2,HIGH,3,,,,,,,Risk_Name_6845847,1493,,,,0,,,,,,,,HIGH,3,,,,3.0,,,,OneTrust Automation,79f09a0f-fbd7-4439-9e1e-d48abe62c98e,,,,3.0,,,,,Evaluation,Evaluation,Default Risk Workflow,9684290c-6240-4021-b599-a2dd8a864311,IDENTIFIED,IDENTIFIED,,,,,,,,,,,,,,,,General,,,,,,,,,https://Risk/Risk/0a8df6af-0204-4b11-a4a9-f1c25aebb43c,America/Antigua,b99df4a4-2bf5-4c08-9483-bd636470bc11,OTAuto02,b99df4a4-2bf5-4c08-9483-bd636470bc11
False,2026-04-05T23:23:19.000+00:00,2026-04-05,2026,April,04,Quarter 2,,,,,,,,,,,,,High_Risk_Description_6845847,0a8df6af-0204-4b11-a4a9-f1c25aebb43c,,,,HIGH,3,,,,3.0,,2026-04-05T23:23:30.000+00:00,2026-04-05,2026,April,04,Quarter 2,HIGH,3,,,,,,,Risk_Name_6845847,1493,,,,0,,,,,,,,HIGH,3,,,,3.0,,,,OneTrust Automation,79f09a0f-fbd7-4439-9e1e-d48abe62c98e,,,,3.0,,,,,Evaluation,Evaluation,Default Risk Workflow,9684290c-6240-4021-b599-a2dd8a864311,IDENTIFIED,IDENTIFIED,,,,,,,,,,,,,,,,General,,,,,,,,,https://Risk/Risk/0a8df6af-0204-4b11-a4a9-f1c25aebb43c,America/Argentina/Ushuaia,b99df4a4-2bf5-4c08-9483-bd636470bc11,OTAuto02,b99df4a4-2bf5-4c08-9483-bd636470bc11
False,2026-04-05T22:23:19.000+00:00,2026-04-05,2026,April,04,Quarter 2,,,,,,,,,,,,,High_Risk_Description_6845847,0a8df6af-0204-4b11-a4a9-f1c25aebb43c,,,,HIGH,3,,,,3.0,,2026-04-05T22:23:30.000+00:00,2026-04-05,2026,April,04,Quarter 2,HIGH,3,,,,,,,Risk_Name_6845847,1493,,,,0,,,,,,,,HIGH,3,,,,3.0,,,,OneTrust Automation,79f09a0f-fbd7-4439-9e1e-d48abe62c98e,,,,3.0,,,,,Evaluation,Evaluation,Default Risk Workflow,9684290c-6240-4021-b599-a2dd8a864311,IDENTIFIED,IDENTIFIED,,,,,,,,,,,,,,,,General,,,,,,,,,https://Risk/Risk/0a8df6af-0204-4b11-a4a9-f1c25aebb43c,America/Porto_Velho,b99df4a4-2bf5-4c08-9483-bd636470bc11,OTAuto02,b99df4a4-2bf5-4c08-9483-bd636470bc11
False,2026-04-05T20:23:19.000+00:00,2026-04-05,2026,April,04,Quarter 2,,,,,,,,,,,,,High_Risk_Description_6845847,0a8df6af-0204-4b11-a4a9-f1c25aebb43c,,,,HIGH,3,,,,3.0,,2026-04-05T20:23:30.000+00:00,2026-04-05,2026,April,04,Quarter 2,HIGH,3,,,,,,,Risk_Name_6845847,1493,,,,0,,,,,,,,HIGH,3,,,,3.0,,,,OneTrust Automation,79f09a0f-fbd7-4439-9e1e-d48abe62c98e,,,,3.0,,,,,Evaluation,Evaluation,Default Risk Workflow,9684290c-6240-4021-b599-a2dd8a864311,IDENTIFIED,IDENTIFIED,,,,,,,,,,,,,,,,General,,,,,,,,,https://Risk/Risk/0a8df6af-0204-4b11-a4a9-f1c25aebb43c,America/El_Salvador,b99df4a4-2bf5-4c08-9483-bd636470bc11,OTAuto02,b99df4a4-2bf5-4c08-9483-bd636470bc11
False,2026-04-06T12:23:19.000+00:00,2026-04-06,2026,April,04,Quarter 2,,,,,,,,,,,,,High_Risk_Description_6845847,0a8df6af-0204-4b11-a4a9-f1c25aebb43c,,,,HIGH,3,,,,3.0,,2026-04-06T12:23:30.000+00:00,2026-04-06,2026,April,04,Quarter 2,HIGH,3,,,,,,,Risk_Name_6845847,1493,,,,0,,,,,,,,HIGH,3,,,,3.0,,,,OneTrust Automation,79f09a0f-fbd7-4439-9e1e-d48abe62c98e,,,,3.0,,,,,Evaluation,Evaluation,Default Risk Workflow,9684290c-6240-4021-b599-a2dd8a864311,IDENTIFIED,IDENTIFIED,,,,,,,,,,,,,,,,General,,,,,,,,,https://Risk/Risk/0a8df6af-0204-4b11-a4a9-f1c25aebb43c,Australia/ACT,b99df4a4-2bf5-4c08-9483-bd636470bc11,OTAuto02,b99df4a4-2bf5-4c08-9483-bd636470bc11
False,2026-04-05T22:23:19.000+00:00,2026-04-05,2026,April,04,Quarter 2,,,,,,,,,,,,,High_Risk_Description_6845847,0a8df6af-0204-4b11-a4a9-f1c25aebb43c,,,,HIGH,3,,,,3.0,,2026-04-05T22:23:30.000+00:00,2026-04-05,2026,April,04,Quarter 2,HIGH,3,,,,,,,Risk_Name_6845847,1493,,,,0,,,,,,,,HIGH,3,,,,3.0,,,,OneTrust Automation,79f09a0f-fbd7-4439-9e1e-d48abe62c98e,,,,3.0,,,,,Evaluation,Evaluation,Default Risk Workflow,9684290c-6240-4021-b599-a2dd8a864311,IDENTIFIED,IDENTIFIED,,,,,,,,,,,,,,,,General,,,,,,,,,https://Risk/Risk/0a8df6af-0204-4b11-a4a9-f1c25aebb43c,America/St_Kitts,b99df4a4-2bf5-4c08-9483-bd636470bc11,OTAuto02,b99df4a4-2bf5-4c08-9483-bd636470bc11
False,2026-04-06T15:23:19.000+00:00,2026-04-06,2026,April,04,Quarter 2,,,,,,,,,,,,,High_Risk_Description_6845847,0a8df6af-0204-4b11-a4a9-f1c25aebb43c,,,,HIGH,3,,,,3.0,,2026-04-06T15:23:30.000+00:00,2026-04-06,2026,April,04,Quarter 2,HIGH,3,,,,,,,Risk_Name_6845847,1493,,,,0,,,,,,,,HIGH,3,,,,3.0,,,,OneTrust Automation,79f09a0f-fbd7-4439-9e1e-d48abe62c98e,,,,3.0,,,,,Evaluation,Evaluation,Default Risk Workflow,9684290c-6240-4021-b599-a2dd8a864311,IDENTIFIED,IDENTIFIED,,,,,,,,,,,,,,,,General,,,,,,,,,https://Risk/Risk/0a8df6af-0204-4b11-a4a9-f1c25aebb43c,Pacific/Fakaofo,b99df4a4-2bf5-4c08-9483-bd636470bc11,OTAuto02,b99df4a4-2bf5-4c08-9483-bd636470bc11
False,2026-04-05T23:23:19.000+00:00,2026-04-05,2026,April,04,Quarter 2,,,,,,,,,,,,,High_Risk_Description_6845847,0a8df6af-0204-4b11-a4a9-f1c25aebb43c,,,,HIGH,3,,,,3.0,,2026-04-05T23:23:30.000+00:00,2026-04-05,2026,April,04,Quarter 2,HIGH,3,,,,,,,Risk_Name_6845847,1493,,,,0,,,,,,,,HIGH,3,,,,3.0,,,,OneTrust Automation,79f09a0f-fbd7-4439-9e1e-d48abe62c98e,,,,3.0,,,,,Evaluation,Evaluation,Default Risk Workflow,9684290c-6240-4021-b599-a2dd8a864311,IDENTIFIED,IDENTIFIED,,,,,,,,,,,,,,,,General,,,,,,,,,https://Risk/Risk/0a8df6af-0204-4b11-a4a9-f1c25aebb43c,America/Maceio,b99df4a4-2bf5-4c08-9483-bd636470bc11,OTAuto02,b99df4a4-2bf5-4c08-9483-bd636470bc11
False,2026-04-06T11:23:19.000+00:00,2026-04-06,2026,April,04,Quarter 2,,,,,,,,,,,,,High_Risk_Description_6845847,0a8df6af-0204-4b11-a4a9-f1c25aebb43c,,,,HIGH,3,,,,3.0,,2026-04-06T11:23:30.000+00:00,2026-04-06,2026,April,04,Quarter 2,HIGH,3,,,,,,,Risk_Name_6845847,1493,,,,0,,,,,,,,HIGH,3,,,,3.0,,,,OneTrust Automation,79f09a0f-fbd7-4439-9e1e-d48abe62c98e,,,,3.0,,,,,Evaluation,Evaluation,Default Risk Workflow,9684290c-6240-4021-b599-a2dd8a864311,IDENTIFIED,IDENTIFIED,,,,,,,,,,,,,,,,General,,,,,,,,,https://Risk/Risk/0a8df6af-0204-4b11-a4a9-f1c25aebb43c,Pacific/Palau,b99df4a4-2bf5-4c08-9483-bd636470bc11,OTAuto02,b99df4a4-2bf5-4c08-9483-bd636470bc11
False,2026-04-06T10:23:19.000+00:00,2026-04-06,2026,April,04,Quarter 2,,,,,,,,,,,,,High_Risk_Description_6845847,0a8df6af-0204-4b11-a4a9-f1c25aebb43c,,,,HIGH,3,,,,3.0,,2026-04-06T10:23:30.000+00:00,2026-04-06,2026,April,04,Quarter 2,HIGH,3,,,,,,,Risk_Name_6845847,1493,,,,0,,,,,,,,HIGH,3,,,,3.0,,,,OneTrust Automation,79f09a0f-fbd7-4439-9e1e-d48abe62c98e,,,,3.0,,,,,Evaluation,Evaluation,Default Risk Workflow,9684290c-6240-4021-b599-a2dd8a864311,IDENTIFIED,IDENTIFIED,,,,,,,,,,,,,,,,General,,,,,,,,,https://Risk/Risk/0a8df6af-0204-4b11-a4a9-f1c25aebb43c,Asia/Kuching,b99df4a4-2bf5-4c08-9483-bd636470bc11,OTAuto02,b99df4a4-2bf5-4c08-9483-bd636470bc11
False,2026-04-05T23:23:19.000+00:00,2026-04-05,2026,April,04,Quarter 2,,,,,,,,,,,,,High_Risk_Description_6845847,0a8df6af-0204-4b11-a4a9-f1c25aebb43c,,,,HIGH,3,,,,3.0,,2026-04-05T23:23:30.000+00:00,2026-04-05,2026,April,04,Quarter 2,HIGH,3,,,,,,,Risk_Name_6845847,1493,,,,0,,,,,,,,HIGH,3,,,,3.0,,,,OneTrust Automation,79f09a0f-fbd7-4439-9e1e-d48abe62c98e,,,,3.0,,,,,Evaluation,Evaluation,Default Risk Workflow,9684290c-6240-4021-b599-a2dd8a864311,IDENTIFIED,IDENTIFIED,,,,,,,,,,,,,,,,General,,,,,,,,,https://Risk/Risk/0a8df6af-0204-4b11-a4a9-f1c25aebb43c,Canada/Atlantic,b99df4a4-2bf5-4c08-9483-bd636470bc11,OTAuto02,b99df4a4-2bf5-4c08-9483-bd636470bc11
False,2026-04-05T20:23:19.000+00:00,2026-04-05,2026,April,04,Quarter 2,,,,,,,,,,,,,High_Risk_Description_6845847,0a8df6af-0204-4b11-a4a9-f1c25aebb43c,,,,HIGH,3,,,,3.0,,2026-04-05T20:23:30.000+00:00,2026-04-05,2026,April,04,Quarter 2,HIGH,3,,,,,,,Risk_Name_6845847,1493,,,,0,,,,,,,,HIGH,3,,,,3.0,,,,OneTrust Automation,79f09a0f-fbd7-4439-9e1e-d48abe62c98e,,,,3.0,,,,,Evaluation,Evaluation,Default Risk Workflow,9684290c-6240-4021-b599-a2dd8a864311,IDENTIFIED,IDENTIFIED,,,,,,,,,,,,,,,,General,,,,,,,,,https://Risk/Risk/0a8df6af-0204-4b11-a4a9-f1c25aebb43c,America/Monterrey,b99df4a4-2bf5-4c08-9483-bd636470bc11,OTAuto02,b99df4a4-2bf5-4c08-9483-bd636470bc11
False,2026-04-06T11:23:19.000+00:00,2026-04-06,2026,April,04,Quarter 2,,,,,,,,,,,,,High_Risk_Description_6845847,0a8df6af-0204-4b11-a4a9-f1c25aebb43c,,,,HIGH,3,,,,3.0,,2026-04-06T11:23:30.000+00:00,2026-04-06,2026,April,04,Quarter 2,HIGH,3,,,,,,,Risk_Name_6845847,1493,,,,0,,,,,,,,HIGH,3,,,,3.0,,,,OneTrust Automation,79f09a0f-fbd7-4439-9e1e-d48abe62c98e,,,,3.0,,,,,Evaluation,Evaluation,Default Risk Workflow,9684290c-6240-4021-b599-a2dd8a864311,IDENTIFIED,IDENTIFIED,,,,,,,,,,,,,,,,General,,,,,,,,,https://Risk/Risk/0a8df6af-0204-4b11-a4a9-f1c25aebb43c,Etc/GMT-9,b99df4a4-2bf5-4c08-9483-bd636470bc11,OTAuto02,b99df4a4-2bf5-4c08-9483-bd636470bc11
False,2026-04-06T03:23:19.000+00:00,2026-04-06,2026,April,04,Quarter 2,,,,,,,,,,,,,High_Risk_Description_6845847,0a8df6af-0204-4b11-a4a9-f1c25aebb43c,,,,HIGH,3,,,,3.0,,2026-04-06T03:23:30.000+00:00,2026-04-06,2026,April,04,Quarter 2,HIGH,3,,,,,,,Risk_Name_6845847,1493,,,,0,,,,,,,,HIGH,3,,,,3.0,,,,OneTrust Automation,79f09a0f-fbd7-4439-9e1e-d48abe62c98e,,,,3.0,,,,,Evaluation,Evaluation,Default Risk Workflow,9684290c-6240-4021-b599-a2dd8a864311,IDENTIFIED,IDENTIFIED,,,,,,,,,,,,,,,,General,,,,,,,,,https://Risk/Risk/0a8df6af-0204-4b11-a4a9-f1c25aebb43c,Portugal,b99df4a4-2bf5-4c08-9483-bd636470bc11,OTAuto02,b99df4a4-2bf5-4c08-9483-bd636470bc11
False,2026-04-06T04:23:19.000+00:00,2026-04-06,2026,April,04,Quarter 2,,,,,,,,,,,,,High_Risk_Description_6845847,0a8df6af-0204-4b11-a4a9-f1c25aebb43c,,,,HIGH,3,,,,3.0,,2026-04-06T04:23:30.000+00:00,2026-04-06,2026,April,04,Quarter 2,HIGH,3,,,,,,,Risk_Name_6845847,1493,,,,0,,,,,,,,HIGH,3,,,,3.0,,,,OneTrust Automation,79f09a0f-fbd7-4439-9e1e-d48abe62c98e,,,,3.0,,,,,Evaluation,Evaluation,Default Risk Workflow,9684290c-6240-4021-b599-a2dd8a864311,IDENTIFIED,IDENTIFIED,,,,,,,,,,,,,,,,General,,,,,,,,,https://Risk/Risk/0a8df6af-0204-4b11-a4a9-f1c25aebb43c,Europe/Stockholm,b99df4a4-2bf5-4c08-9483-bd636470bc11,OTAuto02,b99df4a4-2bf5-4c08-9483-bd636470bc11
False,2026-04-06T11:23:19.000+00:00,2026-04-06,2026,April,04,Quarter 2,,,,,,,,,,,,,High_Risk_Description_6845847,0a8df6af-0204-4b11-a4a9-f1c25aebb43c,,,,HIGH,3,,,,3.0,,2026-04-06T11:23:30.000+00:00,2026-04-06,2026,April,04,Quarter 2,HIGH,3,,,,,,,Risk_Name_6845847,1493,,,,0,,,,,,,,HIGH,3,,,,3.0,,,,OneTrust Automation,79f09a0f-fbd7-4439-9e1e-d48abe62c98e,,,,3.0,,,,,Evaluation,Evaluation,Default Risk Workflow,9684290c-6240-4021-b599-a2dd8a864311,IDENTIFIED,IDENTIFIED,,,,,,,,,,,,,,,,General,,,,,,,,,https://Risk/Risk/0a8df6af-0204-4b11-a4a9-f1c25aebb43c,Asia/Chita,b99df4a4-2bf5-4c08-9483-bd636470bc11,OTAuto02,b99df4a4-2bf5-4c08-9483-bd636470bc11
False,2026-04-05T22:23:19.000+00:00,2026-04-05,2026,April,04,Quarter 2,,,,,,,,,,,,,High_Risk_Description_6845847,0a8df6af-0204-4b11-a4a9-f1c25aebb43c,,,,HIGH,3,,,,3.0,,2026-04-05T22:23:30.000+00:00,2026-04-05,2026,April,04,Quarter 2,HIGH,3,,,,,,,Risk_Name_6845847,1493,,,,0,,,,,,,,HIGH,3,,,,3.0,,,,OneTrust Automation,79f09a0f-fbd7-4439-9e1e-d48abe62c98e,,,,3.0,,,,,Evaluation,Evaluation,Default Risk Workflow,9684290c-6240-4021-b599-a2dd8a864311,IDENTIFIED,IDENTIFIED,,,,,,,,,,,,,,,,General,,,,,,,,,https://Risk/Risk/0a8df6af-0204-4b11-a4a9-f1c25aebb43c,America/Detroit,b99df4a4-2bf5-4c08-9483-bd636470bc11,OTAuto02,b99df4a4-2bf5-4c08-9483-bd636470bc11
False,2026-04-05T22:23:19.000+00:00,2026-04-05,2026,April,04,Quarter 2,,,,,,,,,,,,,High_Risk_Description_6845847,0a8df6af-0204-4b11-a4a9-f1c25aebb43c,,,,HIGH,3,,,,3.0,,2026-04-05T22:23:30.000+00:00,2026-04-05,2026,April,04,Quarter 2,HIGH,3,,,,,,,Risk_Name_6845847,1493,,,,0,,,,,,,,HIGH,3,,,,3.0,,,,OneTrust Automation,79f09a0f-fbd7-4439-9e1e-d48abe62c98e,,,,3.0,,,,,Evaluation,Evaluation,Default Risk Workflow,9684290c-6240-4021-b599-a2dd8a864311,IDENTIFIED,IDENTIFIED,,,,,,,,,,,,,,,,General,,,,,,,,,https://Risk/Risk/0a8df6af-0204-4b11-a4a9-f1c25aebb43c,America/Aruba,b99df4a4-2bf5-4c08-9483-bd636470bc11,OTAuto02,b99df4a4-2bf5-4c08-9483-bd636470bc11
False,2026-04-06T12:23:19.000+00:00,2026-04-06,2026,April,04,Quarter 2,,,,,,,,,,,,,High_Risk_Description_6845847,0a8df6af-0204-4b11-a4a9-f1c25aebb43c,,,,HIGH,3,,,,3.0,,2026-04-06T12:23:30.000+00:00,2026-04-06,2026,April,04,Quarter 2,HIGH,3,,,,,,,Risk_Name_6845847,1493,,,,0,,,,,,,,HIGH,3,,,,3.0,,,,OneTrust Automation,79f09a0f-fbd7-4439-9e1e-d48abe62c98e,,,,3.0,,,,,Evaluation,Evaluation,Default Risk Workflow,9684290c-6240-4021-b599-a2dd8a864311,IDENTIFIED,IDENTIFIED,,,,,,,,,,,,,,,,General,,,,,,,,,https://Risk/Risk/0a8df6af-0204-4b11-a4a9-f1c25aebb43c,Pacific/Chuuk,b99df4a4-2bf5-4c08-9483-bd636470bc11,OTAuto02,b99df4a4-2bf5-4c08-9483-bd636470bc11
False,2026-04-05T22:23:19.000+00:00,2026-04-05,2026,April,04,Quarter 2,,,,,,,,,,,,,High_Risk_Description_6845847,0a8df6af-0204-4b11-a4a9-f1c25aebb43c,,,,HIGH,3,,,,3.0,,2026-04-05T22:23:30.000+00:00,2026-04-05,2026,April,04,Quarter 2,HIGH,3,,,,,,,Risk_Name_6845847,1493,,,,0,,,,,,,,HIGH,3,,,,3.0,,,,OneTrust Automation,79f09a0f-fbd7-4439-9e1e-d48abe62c98e,,,,3.0,,,,,Evaluation,Evaluation,Default Risk Workflow,9684290c-6240-4021-b599-a2dd8a864311,IDENTIFIED,IDENTIFIED,,,,,,,,,,,,,,,,General,,,,,,,,,https://Risk/Risk/0a8df6af-0204-4b11-a4a9-f1c25aebb43c,America/Barbados,b99df4a4-2bf5-4c08-9483-bd636470bc11,OTAuto02,b99df4a4-2bf5-4c08-9483-bd636470bc11
False,2026-04-05T21:23:19.000+00:00,2026-04-05,2026,April,04,Quarter 2,,,,,,,,,,,,,High_Risk_Description_6845847,0a8df6af-0204-4b11-a4a9-f1c25aebb43c,,,,HIGH,3,,,,3.0,,2026-04-05T21:23:30.000+00:00,2026-04-05,2026,April,04,Quarter 2,HIGH,3,,,,,,,Risk_Name_6845847,1493,,,,0,,,,,,,,HIGH,3,,,,3.0,,,,OneTrust Automation,79f09a0f-fbd7-4439-9e1e-d48abe62c98e,,,,3.0,,,,,Evaluation,Evaluation,Default Risk Workflow,9684290c-6240-4021-b599-a2dd8a864311,IDENTIFIED,IDENTIFIED,,,,,,,,,,,,,,,,General,,,,,,,,,https://Risk/Risk/0a8df6af-0204-4b11-a4a9-f1c25aebb43c,America/Indiana/Tell_City,b99df4a4-2bf5-4c08-9483-bd636470bc11,OTAuto02,b99df4a4-2bf5-4c08-9483-bd636470bc11
False,2026-04-06T11:53:19.000+00:00,2026-04-06,2026,April,04,Quarter 2,,,,,,,,,,,,,High_Risk_Description_6845847,0a8df6af-0204-4b11-a4a9-f1c25aebb43c,,,,HIGH,3,,,,3.0,,2026-04-06T11:53:30.000+00:00,2026-04-06,2026,April,04,Quarter 2,HIGH,3,,,,,,,Risk_Name_6845847,1493,,,,0,,,,,,,,HIGH,3,,,,3.0,,,,OneTrust Automation,79f09a0f-fbd7-4439-9e1e-d48abe62c98e,,,,3.0,,,,,Evaluation,Evaluation,Default Risk Workflow,9684290c-6240-4021-b599-a2dd8a864311,IDENTIFIED,IDENTIFIED,,,,,,,,,,,,,,,,General,,,,,,,,,https://Risk/Risk/0a8df6af-0204-4b11-a4a9-f1c25aebb43c,Australia/South,b99df4a4-2bf5-4c08-9483-bd636470bc11,OTAuto02,b99df4a4-2bf5-4c08-9483-bd636470bc11
False,2026-04-06T15:23:19.000+00:00,2026-04-06,2026,April,04,Quarter 2,,,,,,,,,,,,,High_Risk_Description_6845847,0a8df6af-0204-4b11-a4a9-f1c25aebb43c,,,,HIGH,3,,,,3.0,,2026-04-06T15:23:30.000+00:00,2026-04-06,2026,April,04,Quarter 2,HIGH,3,,,,,,,Risk_Name_6845847,1493,,,,0,,,,,,,,HIGH,3,,,,3.0,,,,OneTrust Automation,79f09a0f-fbd7-4439-9e1e-d48abe62c98e,,,,3.0,,,,,Evaluation,Evaluation,Default Risk Workflow,9684290c-6240-4021-b599-a2dd8a864311,IDENTIFIED,IDENTIFIED,,,,,,,,,,,,,,,,General,,,,,,,,,https://Risk/Risk/0a8df6af-0204-4b11-a4a9-f1c25aebb43c,Pacific/Kanton,b99df4a4-2bf5-4c08-9483-bd636470bc11,OTAuto02,b99df4a4-2bf5-4c08-9483-bd636470bc11
False,2026-04-06T11:53:19.000+00:00,2026-04-06,2026,April,04,Quarter 2,,,,,,,,,,,,,High_Risk_Description_6845847,0a8df6af-0204-4b11-a4a9-f1c25aebb43c,,,,HIGH,3,,,,3.0,,2026-04-06T11:53:30.000+00:00,2026-04-06,2026,April,04,Quarter 2,HIGH,3,,,,,,,Risk_Name_6845847,1493,,,,0,,,,,,,,HIGH,3,,,,3.0,,,,OneTrust Automation,79f09a0f-fbd7-4439-9e1e-d48abe62c98e,,,,3.0,,,,,Evaluation,Evaluation,Default Risk Workflow,9684290c-6240-4021-b599-a2dd8a864311,IDENTIFIED,IDENTIFIED,,,,,,,,,,,,,,,,General,,,,,,,,,https://Risk/Risk/0a8df6af-0204-4b11-a4a9-f1c25aebb43c,Australia/Yancowinna,b99df4a4-2bf5-4c08-9483-bd636470bc11,OTAuto02,b99df4a4-2bf5-4c08-9483-bd636470bc11
False,2026-04-05T19:23:19.000+00:00,2026-04-05,2026,April,04,Quarter 2,,,,,,,,,,,,,High_Risk_Description_6845847,0a8df6af-0204-4b11-a4a9-f1c25aebb43c,,,,HIGH,3,,,,3.0,,2026-04-05T19:23:30.000+00:00,2026-04-05,2026,April,04,Quarter 2,HIGH,3,,,,,,,Risk_Name_6845847,1493,,,,0,,,,,,,,HIGH,3,,,,3.0,,,,OneTrust Automation,79f09a0f-fbd7-4439-9e1e-d48abe62c98e,,,,3.0,,,,,Evaluation,Evaluation,Default Risk Workflow,9684290c-6240-4021-b599-a2dd8a864311,IDENTIFIED,IDENTIFIED,,,,,,,,,,,,,,,,General,,,,,,,,,https://Risk/Risk/0a8df6af-0204-4b11-a4a9-f1c25aebb43c,America/Whitehorse,b99df4a4-2bf5-4c08-9483-bd636470bc11,OTAuto02,b99df4a4-2bf5-4c08-9483-bd636470bc11
False,2026-04-05T19:23:19.000+00:00,2026-04-05,2026,April,04,Quarter 2,,,,,,,,,,,,,High_Risk_Description_6845847,0a8df6af-0204-4b11-a4a9-f1c25aebb43c,,,,HIGH,3,,,,3.0,,2026-04-05T19:23:30.000+00:00,2026-04-05,2026,April,04,Quarter 2,HIGH,3,,,,,,,Risk_Name_6845847,1493,,,,0,,,,,,,,HIGH,3,,,,3.0,,,,OneTrust Automation,79f09a0f-fbd7-4439-9e1e-d48abe62c98e,,,,3.0,,,,,Evaluation,Evaluation,Default Risk Workflow,9684290c-6240-4021-b599-a2dd8a864311,IDENTIFIED,IDENTIFIED,,,,,,,,,,,,,,,,General,,,,,,,,,https://Risk/Risk/0a8df6af-0204-4b11-a4a9-f1c25aebb43c,America/Vancouver,b99df4a4-2bf5-4c08-9483-bd636470bc11,OTAuto02,b99df4a4-2bf5-4c08-9483-bd636470bc11
False,2026-04-06T05:23:19.000+00:00,2026-04-06,2026,April,04,Quarter 2,,,,,,,,,,,,,High_Risk_Description_6845847,0a8df6af-0204-4b11-a4a9-f1c25aebb43c,,,,HIGH,3,,,,3.0,,2026-04-06T05:23:30.000+00:00,2026-04-06,2026,April,04,Quarter 2,HIGH,3,,,,,,,Risk_Name_6845847,1493,,,,0,,,,,,,,HIGH,3,,,,3.0,,,,OneTrust Automation,79f09a0f-fbd7-4439-9e1e-d48abe62c98e,,,,3.0,,,,,Evaluation,Evaluation,Default Risk Workflow,9684290c-6240-4021-b599-a2dd8a864311,IDENTIFIED,IDENTIFIED,,,,,,,,,,,,,,,,General,,,,,,,,,https://Risk/Risk/0a8df6af-0204-4b11-a4a9-f1c25aebb43c,Europe/Istanbul,b99df4a4-2bf5-4c08-9483-bd636470bc11,OTAuto02,b99df4a4-2bf5-4c08-9483-bd636470bc11
False,2026-04-06T05:23:19.000+00:00,2026-04-06,2026,April,04,Quarter 2,,,,,,,,,,,,,High_Risk_Description_6845847,0a8df6af-0204-4b11-a4a9-f1c25aebb43c,,,,HIGH,3,,,,3.0,,2026-04-06T05:23:30.000+00:00,2026-04-06,2026,April,04,Quarter 2,HIGH,3,,,,,,,Risk_Name_6845847,1493,,,,0,,,,,,,,HIGH,3,,,,3.0,,,,OneTrust Automation,79f09a0f-fbd7-4439-9e1e-d48abe62c98e,,,,3.0,,,,,Evaluation,Evaluation,Default Risk Workflow,9684290c-6240-4021-b599-a2dd8a864311,IDENTIFIED,IDENTIFIED,,,,,,,,,,,,,,,,General,,,,,,,,,https://Risk/Risk/0a8df6af-0204-4b11-a4a9-f1c25aebb43c,Europe/Tallinn,b99df4a4-2bf5-4c08-9483-bd636470bc11,OTAuto02,b99df4a4-2bf5-4c08-9483-bd636470bc11
False,2026-04-05T19:23:19.000+00:00,2026-04-05,2026,April,04,Quarter 2,,,,,,,,,,,,,High_Risk_Description_6845847,0a8df6af-0204-4b11-a4a9-f1c25aebb43c,,,,HIGH,3,,,,3.0,,2026-04-05T19:23:30.000+00:00,2026-04-05,2026,April,04,Quarter 2,HIGH,3,,,,,,,Risk_Name_6845847,1493,,,,0,,,,,,,,HIGH,3,,,,3.0,,,,OneTrust Automation,79f09a0f-fbd7-4439-9e1e-d48abe62c98e,,,,3.0,,,,,Evaluation,Evaluation,Default Risk Workflow,9684290c-6240-4021-b599-a2dd8a864311,IDENTIFIED,IDENTIFIED,,,,,,,,,,,,,,,,General,,,,,,,,,https://Risk/Risk/0a8df6af-0204-4b11-a4a9-f1c25aebb43c,Etc/GMT+7,b99df4a4-2bf5-4c08-9483-bd636470bc11,OTAuto02,b99df4a4-2bf5-4c08-9483-bd636470bc11
False,2026-04-06T02:23:19.000+00:00,2026-04-06,2026,April,04,Quarter 2,,,,,,,,,,,,,High_Risk_Description_6845847,0a8df6af-0204-4b11-a4a9-f1c25aebb43c,,,,HIGH,3,,,,3.0,,2026-04-06T02:23:30.000+00:00,2026-04-06,2026,April,04,Quarter 2,HIGH,3,,,,,,,Risk_Name_6845847,1493,,,,0,,,,,,,,HIGH,3,,,,3.0,,,,OneTrust Automation,79f09a0f-fbd7-4439-9e1e-d48abe62c98e,,,,3.0,,,,,Evaluation,Evaluation,Default Risk Workflow,9684290c-6240-4021-b599-a2dd8a864311,IDENTIFIED,IDENTIFIED,,,,,,,,,,,,,,,,General,,,,,,,,,https://Risk/Risk/0a8df6af-0204-4b11-a4a9-f1c25aebb43c,Africa/Timbuktu,b99df4a4-2bf5-4c08-9483-bd636470bc11,OTAuto02,b99df4a4-2bf5-4c08-9483-bd636470bc11
False,2026-04-06T12:23:19.000+00:00,2026-04-06,2026,April,04,Quarter 2,,,,,,,,,,,,,High_Risk_Description_6845847,0a8df6af-0204-4b11-a4a9-f1c25aebb43c,,,,HIGH,3,,,,3.0,,2026-04-06T12:23:30.000+00:00,2026-04-06,2026,April,04,Quarter 2,HIGH,3,,,,,,,Risk_Name_6845847,1493,,,,0,,,,,,,,HIGH,3,,,,3.0,,,,OneTrust Automation,79f09a0f-fbd7-4439-9e1e-d48abe62c98e,,,,3.0,,,,,Evaluation,Evaluation,Default Risk Workflow,9684290c-6240-4021-b599-a2dd8a864311,IDENTIFIED,IDENTIFIED,,,,,,,,,,,,,,,,General,,,,,,,,,https://Risk/Risk/0a8df6af-0204-4b11-a4a9-f1c25aebb43c,Pacific/Yap,b99df4a4-2bf5-4c08-9483-bd636470bc11,OTAuto02,b99df4a4-2bf5-4c08-9483-bd636470bc11
False,2026-04-05T23:23:19.000+00:00,2026-04-05,2026,April,04,Quarter 2,,,,,,,,,,,,,High_Risk_Description_6845847,0a8df6af-0204-4b11-a4a9-f1c25aebb43c,,,,HIGH,3,,,,3.0,,2026-04-05T23:23:30.000+00:00,2026-04-05,2026,April,04,Quarter 2,HIGH,3,,,,,,,Risk_Name_6845847,1493,,,,0,,,,,,,,HIGH,3,,,,3.0,,,,OneTrust Automation,79f09a0f-fbd7-4439-9e1e-d48abe62c98e,,,,3.0,,,,,Evaluation,Evaluation,Default Risk Workflow,9684290c-6240-4021-b599-a2dd8a864311,IDENTIFIED,IDENTIFIED,,,,,,,,,,,,,,,,General,,,,,,,,,https://Risk/Risk/0a8df6af-0204-4b11-a4a9-f1c25aebb43c,America/Rosario,b99df4a4-2bf5-4c08-9483-bd636470bc11,OTAuto02,b99df4a4-2bf5-4c08-9483-bd636470bc11
False,2026-04-05T22:23:19.000+00:00,2026-04-05,2026,April,04,Quarter 2,,,,,,,,,,,,,High_Risk_Description_6845847,0a8df6af-0204-4b11-a4a9-f1c25aebb43c,,,,HIGH,3,,,,3.0,,2026-04-05T22:23:30.000+00:00,2026-04-05,2026,April,04,Quarter 2,HIGH,3,,,,,,,Risk_Name_6845847,1493,,,,0,,,,,,,,HIGH,3,,,,3.0,,,,OneTrust Automation,79f09a0f-fbd7-4439-9e1e-d48abe62c98e,,,,3.0,,,,,Evaluation,Evaluation,Default Risk Workflow,9684290c-6240-4021-b599-a2dd8a864311,IDENTIFIED,IDENTIFIED,,,,,,,,,,,,,,,,General,,,,,,,,,https://Risk/Risk/0a8df6af-0204-4b11-a4a9-f1c25aebb43c,America/Caracas,b99df4a4-2bf5-4c08-9483-bd636470bc11,OTAuto02,b99df4a4-2bf5-4c08-9483-bd636470bc11
False,2026-04-06T08:23:19.000+00:00,2026-04-06,2026,April,04,Quarter 2,,,,,,,,,,,,,High_Risk_Description_6845847,0a8df6af-0204-4b11-a4a9-f1c25aebb43c,,,,HIGH,3,,,,3.0,,2026-04-06T08:23:30.000+00:00,2026-04-06,2026,April,04,Quarter 2,HIGH,3,,,,,,,Risk_Name_6845847,1493,,,,0,,,,,,,,HIGH,3,,,,3.0,,,,OneTrust Automation,79f09a0f-fbd7-4439-9e1e-d48abe62c98e,,,,3.0,,,,,Evaluation,Evaluation,Default Risk Workflow,9684290c-6240-4021-b599-a2dd8a864311,IDENTIFIED,IDENTIFIED,,,,,,,,,,,,,,,,General,,,,,,,,,https://Risk/Risk/0a8df6af-0204-4b11-a4a9-f1c25aebb43c,Indian/Chagos,b99df4a4-2bf5-4c08-9483-bd636470bc11,OTAuto02,b99df4a4-2bf5-4c08-9483-bd636470bc11
False,2026-04-05T21:23:19.000+00:00,2026-04-05,2026,April,04,Quarter 2,,,,,,,,,,,,,High_Risk_Description_6845847,0a8df6af-0204-4b11-a4a9-f1c25aebb43c,,,,HIGH,3,,,,3.0,,2026-04-05T21:23:30.000+00:00,2026-04-05,2026,April,04,Quarter 2,HIGH,3,,,,,,,Risk_Name_6845847,1493,,,,0,,,,,,,,HIGH,3,,,,3.0,,,,OneTrust Automation,79f09a0f-fbd7-4439-9e1e-d48abe62c98e,,,,3.0,,,,,Evaluation,Evaluation,Default Risk Workflow,9684290c-6240-4021-b599-a2dd8a864311,IDENTIFIED,IDENTIFIED,,,,,,,,,,,,,,,,General,,,,,,,,,https://Risk/Risk/0a8df6af-0204-4b11-a4a9-f1c25aebb43c,Brazil/Acre,b99df4a4-2bf5-4c08-9483-bd636470bc11,OTAuto02,b99df4a4-2bf5-4c08-9483-bd636470bc11
False,2026-04-06T02:23:19.000+00:00,2026-04-06,2026,April,04,Quarter 2,,,,,,,,,,,,,High_Risk_Description_6845847,0a8df6af-0204-4b11-a4a9-f1c25aebb43c,,,,HIGH,3,,,,3.0,,2026-04-06T02:23:30.000+00:00,2026-04-06,2026,April,04,Quarter 2,HIGH,3,,,,,,,Risk_Name_6845847,1493,,,,0,,,,,,,,HIGH,3,,,,3.0,,,,OneTrust Automation,79f09a0f-fbd7-4439-9e1e-d48abe62c98e,,,,3.0,,,,,Evaluation,Evaluation,Default Risk Workflow,9684290c-6240-4021-b599-a2dd8a864311,IDENTIFIED,IDENTIFIED,,,,,,,,,,,,,,,,General,,,,,,,,,https://Risk/Risk/0a8df6af-0204-4b11-a4a9-f1c25aebb43c,Africa/Bamako,b99df4a4-2bf5-4c08-9483-bd636470bc11,OTAuto02,b99df4a4-2bf5-4c08-9483-bd636470bc11
False,2026-04-06T04:23:19.000+00:00,2026-04-06,2026,April,04,Quarter 2,,,,,,,,,,,,,High_Risk_Description_6845847,0a8df6af-0204-4b11-a4a9-f1c25aebb43c,,,,HIGH,3,,,,3.0,,2026-04-06T04:23:30.000+00:00,2026-04-06,2026,April,04,Quarter 2,HIGH,3,,,,,,,Risk_Name_6845847,1493,,,,0,,,,,,,,HIGH,3,,,,3.0,,,,OneTrust Automation,79f09a0f-fbd7-4439-9e1e-d48abe62c98e,,,,3.0,,,,,Evaluation,Evaluation,Default Risk Workflow,9684290c-6240-4021-b599-a2dd8a864311,IDENTIFIED,IDENTIFIED,,,,,,,,,,,,,,,,General,,,,,,,,,https://Risk/Risk/0a8df6af-0204-4b11-a4a9-f1c25aebb43c,Europe/Copenhagen,b99df4a4-2bf5-4c08-9483-bd636470bc11,OTAuto02,b99df4a4-2bf5-4c08-9483-bd636470bc11
False,2026-04-05T22:23:19.000+00:00,2026-04-05,2026,April,04,Quarter 2,,,,,,,,,,,,,High_Risk_Description_6845847,0a8df6af-0204-4b11-a4a9-f1c25aebb43c,,,,HIGH,3,,,,3.0,,2026-04-05T22:23:30.000+00:00,2026-04-05,2026,April,04,Quarter 2,HIGH,3,,,,,,,Risk_Name_6845847,1493,,,,0,,,,,,,,HIGH,3,,,,3.0,,,,OneTrust Automation,79f09a0f-fbd7-4439-9e1e-d48abe62c98e,,,,3.0,,,,,Evaluation,Evaluation,Default Risk Workflow,9684290c-6240-4021-b599-a2dd8a864311,IDENTIFIED,IDENTIFIED,,,,,,,,,,,,,,,,General,,,,,,,,,https://Risk/Risk/0a8df6af-0204-4b11-a4a9-f1c25aebb43c,America/New_York,b99df4a4-2bf5-4c08-9483-bd636470bc11,OTAuto02,b99df4a4-2bf5-4c08-9483-bd636470bc11
False,2026-04-06T04:23:19.000+00:00,2026-04-06,2026,April,04,Quarter 2,,,,,,,,,,,,,High_Risk_Description_6845847,0a8df6af-0204-4b11-a4a9-f1c25aebb43c,,,,HIGH,3,,,,3.0,,2026-04-06T04:23:30.000+00:00,2026-04-06,2026,April,04,Quarter 2,HIGH,3,,,,,,,Risk_Name_6845847,1493,,,,0,,,,,,,,HIGH,3,,,,3.0,,,,OneTrust Automation,79f09a0f-fbd7-4439-9e1e-d48abe62c98e,,,,3.0,,,,,Evaluation,Evaluation,Default Risk Workflow,9684290c-6240-4021-b599-a2dd8a864311,IDENTIFIED,IDENTIFIED,,,,,,,,,,,,,,,,General,,,,,,,,,https://Risk/Risk/0a8df6af-0204-4b11-a4a9-f1c25aebb43c,Europe/Zagreb,b99df4a4-2bf5-4c08-9483-bd636470bc11,OTAuto02,b99df4a4-2bf5-4c08-9483-bd636470bc11
False,2026-04-06T15:23:19.000+00:00,2026-04-06,2026,April,04,Quarter 2,,,,,,,,,,,,,High_Risk_Description_6845847,0a8df6af-0204-4b11-a4a9-f1c25aebb43c,,,,HIGH,3,,,,3.0,,2026-04-06T15:23:30.000+00:00,2026-04-06,2026,April,04,Quarter 2,HIGH,3,,,,,,,Risk_Name_6845847,1493,,,,0,,,,,,,,HIGH,3,,,,3.0,,,,OneTrust Automation,79f09a0f-fbd7-4439-9e1e-d48abe62c98e,,,,3.0,,,,,Evaluation,Evaluation,Default Risk Workflow,9684290c-6240-4021-b599-a2dd8a864311,IDENTIFIED,IDENTIFIED,,,,,,,,,,,,,,,,General,,,,,,,,,https://Risk/Risk/0a8df6af-0204-4b11-a4a9-f1c25aebb43c,Pacific/Enderbury,b99df4a4-2bf5-4c08-9483-bd636470bc11,OTAuto02,b99df4a4-2bf5-4c08-9483-bd636470bc11
False,2026-04-05T19:23:19.000+00:00,2026-04-05,2026,April,04,Quarter 2,,,,,,,,,,,,,High_Risk_Description_6845847,0a8df6af-0204-4b11-a4a9-f1c25aebb43c,,,,HIGH,3,,,,3.0,,2026-04-05T19:23:30.000+00:00,2026-04-05,2026,April,04,Quarter 2,HIGH,3,,,,,,,Risk_Name_6845847,1493,,,,0,,,,,,,,HIGH,3,,,,3.0,,,,OneTrust Automation,79f09a0f-fbd7-4439-9e1e-d48abe62c98e,,,,3.0,,,,,Evaluation,Evaluation,Default Risk Workflow,9684290c-6240-4021-b599-a2dd8a864311,IDENTIFIED,IDENTIFIED,,,,,,,,,,,,,,,,General,,,,,,,,,https://Risk/Risk/0a8df6af-0204-4b11-a4a9-f1c25aebb43c,Canada/Yukon,b99df4a4-2bf5-4c08-9483-bd636470bc11,OTAuto02,b99df4a4-2bf5-4c08-9483-bd636470bc11
False,2026-04-06T05:23:19.000+00:00,2026-04-06,2026,April,04,Quarter 2,,,,,,,,,,,,,High_Risk_Description_6845847,0a8df6af-0204-4b11-a4a9-f1c25aebb43c,,,,HIGH,3,,,,3.0,,2026-04-06T05:23:30.000+00:00,2026-04-06,2026,April,04,Quarter 2,HIGH,3,,,,,,,Risk_Name_6845847,1493,,,,0,,,,,,,,HIGH,3,,,,3.0,,,,OneTrust Automation,79f09a0f-fbd7-4439-9e1e-d48abe62c98e,,,,3.0,,,,,Evaluation,Evaluation,Default Risk Workflow,9684290c-6240-4021-b599-a2dd8a864311,IDENTIFIED,IDENTIFIED,,,,,,,,,,,,,,,,General,,,,,,,,,https://Risk/Risk/0a8df6af-0204-4b11-a4a9-f1c25aebb43c,Europe/Bucharest,b99df4a4-2bf5-4c08-9483-bd636470bc11,OTAuto02,b99df4a4-2bf5-4c08-9483-bd636470bc11
False,2026-04-06T02:23:19.000+00:00,2026-04-06,2026,April,04,Quarter 2,,,,,,,,,,,,,High_Risk_Description_6845847,0a8df6af-0204-4b11-a4a9-f1c25aebb43c,,,,HIGH,3,,,,3.0,,2026-04-06T02:23:30.000+00:00,2026-04-06,2026,April,04,Quarter 2,HIGH,3,,,,,,,Risk_Name_6845847,1493,,,,0,,,,,,,,HIGH,3,,,,3.0,,,,OneTrust Automation,79f09a0f-fbd7-4439-9e1e-d48abe62c98e,,,,3.0,,,,,Evaluation,Evaluation,Default Risk Workflow,9684290c-6240-4021-b599-a2dd8a864311,IDENTIFIED,IDENTIFIED,,,,,,,,,,,,,,,,General,,,,,,,,,https://Risk/Risk/0a8df6af-0204-4b11-a4a9-f1c25aebb43c,Etc/Zulu,b99df4a4-2bf5-4c08-9483-bd636470bc11,OTAuto02,b99df4a4-2bf5-4c08-9483-bd636470bc11
False,2026-04-06T04:23:19.000+00:00,2026-04-06,2026,April,04,Quarter 2,,,,,,,,,,,,,High_Risk_Description_6845847,0a8df6af-0204-4b11-a4a9-f1c25aebb43c,,,,HIGH,3,,,,3.0,,2026-04-06T04:23:30.000+00:00,2026-04-06,2026,April,04,Quarter 2,HIGH,3,,,,,,,Risk_Name_6845847,1493,,,,0,,,,,,,,HIGH,3,,,,3.0,,,,OneTrust Automation,79f09a0f-fbd7-4439-9e1e-d48abe62c98e,,,,3.0,,,,,Evaluation,Evaluation,Default Risk Workflow,9684290c-6240-4021-b599-a2dd8a864311,IDENTIFIED,IDENTIFIED,,,,,,,,,,,,,,,,General,,,,,,,,,https://Risk/Risk/0a8df6af-0204-4b11-a4a9-f1c25aebb43c,Africa/Juba,b99df4a4-2bf5-4c08-9483-bd636470bc11,OTAuto02,b99df4a4-2bf5-4c08-9483-bd636470bc11
False,2026-04-05T23:23:19.000+00:00,2026-04-05,2026,April,04,Quarter 2,,,,,,,,,,,,,High_Risk_Description_6845847,0a8df6af-0204-4b11-a4a9-f1c25aebb43c,,,,HIGH,3,,,,3.0,,2026-04-05T23:23:30.000+00:00,2026-04-05,2026,April,04,Quarter 2,HIGH,3,,,,,,,Risk_Name_6845847,1493,,,,0,,,,,,,,HIGH,3,,,,3.0,,,,OneTrust Automation,79f09a0f-fbd7-4439-9e1e-d48abe62c98e,,,,3.0,,,,,Evaluation,Evaluation,Default Risk Workflow,9684290c-6240-4021-b599-a2dd8a864311,IDENTIFIED,IDENTIFIED,,,,,,,,,,,,,,,,General,,,,,,,,,https://Risk/Risk/0a8df6af-0204-4b11-a4a9-f1c25aebb43c,Etc/GMT+3,b99df4a4-2bf5-4c08-9483-bd636470bc11,OTAuto02,b99df4a4-2bf5-4c08-9483-bd636470bc11
False,2026-04-05T20:23:19.000+00:00,2026-04-05,2026,April,04,Quarter 2,,,,,,,,,,,,,High_Risk_Description_6845847,0a8df6af-0204-4b11-a4a9-f1c25aebb43c,,,,HIGH,3,,,,3.0,,2026-04-05T20:23:30.000+00:00,2026-04-05,2026,April,04,Quarter 2,HIGH,3,,,,,,,Risk_Name_6845847,1493,,,,0,,,,,,,,HIGH,3,,,,3.0,,,,OneTrust Automation,79f09a0f-fbd7-4439-9e1e-d48abe62c98e,,,,3.0,,,,,Evaluation,Evaluation,Default Risk Workflow,9684290c-6240-4021-b599-a2dd8a864311,IDENTIFIED,IDENTIFIED,,,,,,,,,,,,,,,,General,,,,,,,,,https://Risk/Risk/0a8df6af-0204-4b11-a4a9-f1c25aebb43c,US/Mountain,b99df4a4-2bf5-4c08-9483-bd636470bc11,OTAuto02,b99df4a4-2bf5-4c08-9483-bd636470bc11
False,2026-04-06T05:23:19.000+00:00,2026-04-06,2026,April,04,Quarter 2,,,,,,,,,,,,,High_Risk_Description_6845847,0a8df6af-0204-4b11-a4a9-f1c25aebb43c,,,,HIGH,3,,,,3.0,,2026-04-06T05:23:30.000+00:00,2026-04-06,2026,April,04,Quarter 2,HIGH,3,,,,,,,Risk_Name_6845847,1493,,,,0,,,,,,,,HIGH,3,,,,3.0,,,,OneTrust Automation,79f09a0f-fbd7-4439-9e1e-d48abe62c98e,,,,3.0,,,,,Evaluation,Evaluation,Default Risk Workflow,9684290c-6240-4021-b599-a2dd8a864311,IDENTIFIED,IDENTIFIED,,,,,,,,,,,,,,,,General,,,,,,,,,https://Risk/Risk/0a8df6af-0204-4b11-a4a9-f1c25aebb43c,Europe/Uzhgorod,b99df4a4-2bf5-4c08-9483-bd636470bc11,OTAuto02,b99df4a4-2bf5-4c08-9483-bd636470bc11
False,2026-04-06T02:23:19.000+00:00,2026-04-06,2026,April,04,Quarter 2,,,,,,,,,,,,,High_Risk_Description_6845847,0a8df6af-0204-4b11-a4a9-f1c25aebb43c,,,,HIGH,3,,,,3.0,,2026-04-06T02:23:30.000+00:00,2026-04-06,2026,April,04,Quarter 2,HIGH,3,,,,,,,Risk_Name_6845847,1493,,,,0,,,,,,,,HIGH,3,,,,3.0,,,,OneTrust Automation,79f09a0f-fbd7-4439-9e1e-d48abe62c98e,,,,3.0,,,,,Evaluation,Evaluation,Default Risk Workflow,9684290c-6240-4021-b599-a2dd8a864311,IDENTIFIED,IDENTIFIED,,,,,,,,,,,,,,,,General,,,,,,,,,https://Risk/Risk/0a8df6af-0204-4b11-a4a9-f1c25aebb43c,Zulu,b99df4a4-2bf5-4c08-9483-bd636470bc11,OTAuto02,b99df4a4-2bf5-4c08-9483-bd636470bc11
False,2026-04-05T21:23:19.000+00:00,2026-04-05,2026,April,04,Quarter 2,,,,,,,,,,,,,High_Risk_Description_6845847,0a8df6af-0204-4b11-a4a9-f1c25aebb43c,,,,HIGH,3,,,,3.0,,2026-04-05T21:23:30.000+00:00,2026-04-05,2026,April,04,Quarter 2,HIGH,3,,,,,,,Risk_Name_6845847,1493,,,,0,,,,,,,,HIGH,3,,,,3.0,,,,OneTrust Automation,79f09a0f-fbd7-4439-9e1e-d48abe62c98e,,,,3.0,,,,,Evaluation,Evaluation,Default Risk Workflow,9684290c-6240-4021-b599-a2dd8a864311,IDENTIFIED,IDENTIFIED,,,,,,,,,,,,,,,,General,,,,,,,,,https://Risk/Risk/0a8df6af-0204-4b11-a4a9-f1c25aebb43c,America/Eirunepe,b99df4a4-2bf5-4c08-9483-bd636470bc11,OTAuto02,b99df4a4-2bf5-4c08-9483-bd636470bc11
False,2026-04-05T22:23:19.000+00:00,2026-04-05,2026,April,04,Quarter 2,,,,,,,,,,,,,High_Risk_Description_6845847,0a8df6af-0204-4b11-a4a9-f1c25aebb43c,,,,HIGH,3,,,,3.0,,2026-04-05T22:23:30.000+00:00,2026-04-05,2026,April,04,Quarter 2,HIGH,3,,,,,,,Risk_Name_6845847,1493,,,,0,,,,,,,,HIGH,3,,,,3.0,,,,OneTrust Automation,79f09a0f-fbd7-4439-9e1e-d48abe62c98e,,,,3.0,,,,,Evaluation,Evaluation,Default Risk Workflow,9684290c-6240-4021-b599-a2dd8a864311,IDENTIFIED,IDENTIFIED,,,,,,,,,,,,,,,,General,,,,,,,,,https://Risk/Risk/0a8df6af-0204-4b11-a4a9-f1c25aebb43c,America/Marigot,b99df4a4-2bf5-4c08-9483-bd636470bc11,OTAuto02,b99df4a4-2bf5-4c08-9483-bd636470bc11
False,2026-04-06T03:23:19.000+00:00,2026-04-06,2026,April,04,Quarter 2,,,,,,,,,,,,,High_Risk_Description_6845847,0a8df6af-0204-4b11-a4a9-f1c25aebb43c,,,,HIGH,3,,,,3.0,,2026-04-06T03:23:30.000+00:00,2026-04-06,2026,April,04,Quarter 2,HIGH,3,,,,,,,Risk_Name_6845847,1493,,,,0,,,,,,,,HIGH,3,,,,3.0,,,,OneTrust Automation,79f09a0f-fbd7-4439-9e1e-d48abe62c98e,,,,3.0,,,,,Evaluation,Evaluation,Default Risk Workflow,9684290c-6240-4021-b599-a2dd8a864311,IDENTIFIED,IDENTIFIED,,,,,,,,,,,,,,,,General,,,,,,,,,https://Risk/Risk/0a8df6af-0204-4b11-a4a9-f1c25aebb43c,Europe/Dublin,b99df4a4-2bf5-4c08-9483-bd636470bc11,OTAuto02,b99df4a4-2bf5-4c08-9483-bd636470bc11
False,2026-04-06T03:23:19.000+00:00,2026-04-06,2026,April,04,Quarter 2,,,,,,,,,,,,,High_Risk_Description_6845847,0a8df6af-0204-4b11-a4a9-f1c25aebb43c,,,,HIGH,3,,,,3.0,,2026-04-06T03:23:30.000+00:00,2026-04-06,2026,April,04,Quarter 2,HIGH,3,,,,,,,Risk_Name_6845847,1493,,,,0,,,,,,,,HIGH,3,,,,3.0,,,,OneTrust Automation,79f09a0f-fbd7-4439-9e1e-d48abe62c98e,,,,3.0,,,,,Evaluation,Evaluation,Default Risk Workflow,9684290c-6240-4021-b599-a2dd8a864311,IDENTIFIED,IDENTIFIED,,,,,,,,,,,,,,,,General,,,,,,,,,https://Risk/Risk/0a8df6af-0204-4b11-a4a9-f1c25aebb43c,Europe/Guernsey,b99df4a4-2bf5-4c08-9483-bd636470bc11,OTAuto02,b99df4a4-2bf5-4c08-9483-bd636470bc11
False,2026-04-06T05:23:19.000+00:00,2026-04-06,2026,April,04,Quarter 2,,,,,,,,,,,,,High_Risk_Description_6845847,0a8df6af-0204-4b11-a4a9-f1c25aebb43c,,,,HIGH,3,,,,3.0,,2026-04-06T05:23:30.000+00:00,2026-04-06,2026,April,04,Quarter 2,HIGH,3,,,,,,,Risk_Name_6845847,1493,,,,0,,,,,,,,HIGH,3,,,,3.0,,,,OneTrust Automation,79f09a0f-fbd7-4439-9e1e-d48abe62c98e,,,,3.0,,,,,Evaluation,Evaluation,Default Risk Workflow,9684290c-6240-4021-b599-a2dd8a864311,IDENTIFIED,IDENTIFIED,,,,,,,,,,,,,,,,General,,,,,,,,,https://Risk/Risk/0a8df6af-0204-4b11-a4a9-f1c25aebb43c,Africa/Dar_es_Salaam,b99df4a4-2bf5-4c08-9483-bd636470bc11,OTAuto02,b99df4a4-2bf5-4c08-9483-bd636470bc11
False,2026-04-05T20:23:19.000+00:00,2026-04-05,2026,April,04,Quarter 2,,,,,,,,,,,,,High_Risk_Description_6845847,0a8df6af-0204-4b11-a4a9-f1c25aebb43c,,,,HIGH,3,,,,3.0,,2026-04-05T20:23:30.000+00:00,2026-04-05,2026,April,04,Quarter 2,HIGH,3,,,,,,,Risk_Name_6845847,1493,,,,0,,,,,,,,HIGH,3,,,,3.0,,,,OneTrust Automation,79f09a0f-fbd7-4439-9e1e-d48abe62c98e,,,,3.0,,,,,Evaluation,Evaluation,Default Risk Workflow,9684290c-6240-4021-b599-a2dd8a864311,IDENTIFIED,IDENTIFIED,,,,,,,,,,,,,,,,General,,,,,,,,,https://Risk/Risk/0a8df6af-0204-4b11-a4a9-f1c25aebb43c,Etc/GMT+6,b99df4a4-2bf5-4c08-9483-bd636470bc11,OTAuto02,b99df4a4-2bf5-4c08-9483-bd636470bc11
False,2026-04-06T02:23:19.000+00:00,2026-04-06,2026,April,04,Quarter 2,,,,,,,,,,,,,High_Risk_Description_6845847,0a8df6af-0204-4b11-a4a9-f1c25aebb43c,,,,HIGH,3,,,,3.0,,2026-04-06T02:23:30.000+00:00,2026-04-06,2026,April,04,Quarter 2,HIGH,3,,,,,,,Risk_Name_6845847,1493,,,,0,,,,,,,,HIGH,3,,,,3.0,,,,OneTrust Automation,79f09a0f-fbd7-4439-9e1e-d48abe62c98e,,,,3.0,,,,,Evaluation,Evaluation,Default Risk Workflow,9684290c-6240-4021-b599-a2dd8a864311,IDENTIFIED,IDENTIFIED,,,,,,,,,,,,,,,,General,,,,,,,,,https://Risk/Risk/0a8df6af-0204-4b11-a4a9-f1c25aebb43c,America/Danmarkshavn,b99df4a4-2bf5-4c08-9483-bd636470bc11,OTAuto02,b99df4a4-2bf5-4c08-9483-bd636470bc11
False,2026-04-05T23:23:19.000+00:00,2026-04-05,2026,April,04,Quarter 2,,,,,,,,,,,,,High_Risk_Description_6845847,0a8df6af-0204-4b11-a4a9-f1c25aebb43c,,,,HIGH,3,,,,3.0,,2026-04-05T23:23:30.000+00:00,2026-04-05,2026,April,04,Quarter 2,HIGH,3,,,,,,,Risk_Name_6845847,1493,,,,0,,,,,,,,HIGH,3,,,,3.0,,,,OneTrust Automation,79f09a0f-fbd7-4439-9e1e-d48abe62c98e,,,,3.0,,,,,Evaluation,Evaluation,Default Risk Workflow,9684290c-6240-4021-b599-a2dd8a864311,IDENTIFIED,IDENTIFIED,,,,,,,,,,,,,,,,General,,,,,,,,,https://Risk/Risk/0a8df6af-0204-4b11-a4a9-f1c25aebb43c,America/Buenos_Aires,b99df4a4-2bf5-4c08-9483-bd636470bc11,OTAuto02,b99df4a4-2bf5-4c08-9483-bd636470bc11
False,2026-04-06T12:23:19.000+00:00,2026-04-06,2026,April,04,Quarter 2,,,,,,,,,,,,,High_Risk_Description_6845847,0a8df6af-0204-4b11-a4a9-f1c25aebb43c,,,,HIGH,3,,,,3.0,,2026-04-06T12:23:30.000+00:00,2026-04-06,2026,April,04,Quarter 2,HIGH,3,,,,,,,Risk_Name_6845847,1493,,,,0,,,,,,,,HIGH,3,,,,3.0,,,,OneTrust Automation,79f09a0f-fbd7-4439-9e1e-d48abe62c98e,,,,3.0,,,,,Evaluation,Evaluation,Default Risk Workflow,9684290c-6240-4021-b599-a2dd8a864311,IDENTIFIED,IDENTIFIED,,,,,,,,,,,,,,,,General,,,,,,,,,https://Risk/Risk/0a8df6af-0204-4b11-a4a9-f1c25aebb43c,Australia/Victoria,b99df4a4-2bf5-4c08-9483-bd636470bc11,OTAuto02,b99df4a4-2bf5-4c08-9483-bd636470bc11
False,2026-04-06T00:23:19.000+00:00,2026-04-06,2026,April,04,Quarter 2,,,,,,,,,,,,,High_Risk_Description_6845847,0a8df6af-0204-4b11-a4a9-f1c25aebb43c,,,,HIGH,3,,,,3.0,,2026-04-06T00:23:30.000+00:00,2026-04-06,2026,April,04,Quarter 2,HIGH,3,,,,,,,Risk_Name_6845847,1493,,,,0,,,,,,,,HIGH,3,,,,3.0,,,,OneTrust Automation,79f09a0f-fbd7-4439-9e1e-d48abe62c98e,,,,3.0,,,,,Evaluation,Evaluation,Default Risk Workflow,9684290c-6240-4021-b599-a2dd8a864311,IDENTIFIED,IDENTIFIED,,,,,,,,,,,,,,,,General,,,,,,,,,https://Risk/Risk/0a8df6af-0204-4b11-a4a9-f1c25aebb43c,Etc/GMT+2,b99df4a4-2bf5-4c08-9483-bd636470bc11,OTAuto02,b99df4a4-2bf5-4c08-9483-bd636470bc11
False,2026-04-05T20:23:19.000+00:00,2026-04-05,2026,April,04,Quarter 2,,,,,,,,,,,,,High_Risk_Description_6845847,0a8df6af-0204-4b11-a4a9-f1c25aebb43c,,,,HIGH,3,,,,3.0,,2026-04-05T20:23:30.000+00:00,2026-04-05,2026,April,04,Quarter 2,HIGH,3,,,,,,,Risk_Name_6845847,1493,,,,0,,,,,,,,HIGH,3,,,,3.0,,,,OneTrust Automation,79f09a0f-fbd7-4439-9e1e-d48abe62c98e,,,,3.0,,,,,Evaluation,Evaluation,Default Risk Workflow,9684290c-6240-4021-b599-a2dd8a864311,IDENTIFIED,IDENTIFIED,,,,,,,,,,,,,,,,General,,,,,,,,,https://Risk/Risk/0a8df6af-0204-4b11-a4a9-f1c25aebb43c,America/Belize,b99df4a4-2bf5-4c08-9483-bd636470bc11,OTAuto02,b99df4a4-2bf5-4c08-9483-bd636470bc11
False,2026-04-05T23:23:19.000+00:00,2026-04-05,2026,April,04,Quarter 2,,,,,,,,,,,,,High_Risk_Description_6845847,0a8df6af-0204-4b11-a4a9-f1c25aebb43c,,,,HIGH,3,,,,3.0,,2026-04-05T23:23:30.000+00:00,2026-04-05,2026,April,04,Quarter 2,HIGH,3,,,,,,,Risk_Name_6845847,1493,,,,0,,,,,,,,HIGH,3,,,,3.0,,,,OneTrust Automation,79f09a0f-fbd7-4439-9e1e-d48abe62c98e,,,,3.0,,,,,Evaluation,Evaluation,Default Risk Workflow,9684290c-6240-4021-b599-a2dd8a864311,IDENTIFIED,IDENTIFIED,,,,,,,,,,,,,,,,General,,,,,,,,,https://Risk/Risk/0a8df6af-0204-4b11-a4a9-f1c25aebb43c,America/Fortaleza,b99df4a4-2bf5-4c08-9483-bd636470bc11,OTAuto02,b99df4a4-2bf5-4c08-9483-bd636470bc11
False,2026-04-06T00:23:19.000+00:00,2026-04-06,2026,April,04,Quarter 2,,,,,,,,,,,,,High_Risk_Description_6845847,0a8df6af-0204-4b11-a4a9-f1c25aebb43c,,,,HIGH,3,,,,3.0,,2026-04-06T00:23:30.000+00:00,2026-04-06,2026,April,04,Quarter 2,HIGH,3,,,,,,,Risk_Name_6845847,1493,,,,0,,,,,,,,HIGH,3,,,,3.0,,,,OneTrust Automation,79f09a0f-fbd7-4439-9e1e-d48abe62c98e,,,,3.0,,,,,Evaluation,Evaluation,Default Risk Workflow,9684290c-6240-4021-b599-a2dd8a864311,IDENTIFIED,IDENTIFIED,,,,,,,,,,,,,,,,General,,,,,,,,,https://Risk/Risk/0a8df6af-0204-4b11-a4a9-f1c25aebb43c,Brazil/DeNoronha,b99df4a4-2bf5-4c08-9483-bd636470bc11,OTAuto02,b99df4a4-2bf5-4c08-9483-bd636470bc11
False,2026-04-06T05:23:19.000+00:00,2026-04-06,2026,April,04,Quarter 2,,,,,,,,,,,,,High_Risk_Description_6845847,0a8df6af-0204-4b11-a4a9-f1c25aebb43c,,,,HIGH,3,,,,3.0,,2026-04-06T05:23:30.000+00:00,2026-04-06,2026,April,04,Quarter 2,HIGH,3,,,,,,,Risk_Name_6845847,1493,,,,0,,,,,,,,HIGH,3,,,,3.0,,,,OneTrust Automation,79f09a0f-fbd7-4439-9e1e-d48abe62c98e,,,,3.0,,,,,Evaluation,Evaluation,Default Risk Workflow,9684290c-6240-4021-b599-a2dd8a864311,IDENTIFIED,IDENTIFIED,,,,,,,,,,,,,,,,General,,,,,,,,,https://Risk/Risk/0a8df6af-0204-4b11-a4a9-f1c25aebb43c,Asia/Kuwait,b99df4a4-2bf5-4c08-9483-bd636470bc11,OTAuto02,b99df4a4-2bf5-4c08-9483-bd636470bc11
False,2026-04-06T13:23:19.000+00:00,2026-04-06,2026,April,04,Quarter 2,,,,,,,,,,,,,High_Risk_Description_6845847,0a8df6af-0204-4b11-a4a9-f1c25aebb43c,,,,HIGH,3,,,,3.0,,2026-04-06T13:23:30.000+00:00,2026-04-06,2026,April,04,Quarter 2,HIGH,3,,,,,,,Risk_Name_6845847,1493,,,,0,,,,,,,,HIGH,3,,,,3.0,,,,OneTrust Automation,79f09a0f-fbd7-4439-9e1e-d48abe62c98e,,,,3.0,,,,,Evaluation,Evaluation,Default Risk Workflow,9684290c-6240-4021-b599-a2dd8a864311,IDENTIFIED,IDENTIFIED,,,,,,,,,,,,,,,,General,,,,,,,,,https://Risk/Risk/0a8df6af-0204-4b11-a4a9-f1c25aebb43c,Asia/Magadan,b99df4a4-2bf5-4c08-9483-bd636470bc11,OTAuto02,b99df4a4-2bf5-4c08-9483-bd636470bc11
False,2026-04-06T02:23:19.000+00:00,2026-04-06,2026,April,04,Quarter 2,,,,,,,,,,,,,High_Risk_Description_6845847,0a8df6af-0204-4b11-a4a9-f1c25aebb43c,,,,HIGH,3,,,,3.0,,2026-04-06T02:23:30.000+00:00,2026-04-06,2026,April,04,Quarter 2,HIGH,3,,,,,,,Risk_Name_6845847,1493,,,,0,,,,,,,,HIGH,3,,,,3.0,,,,OneTrust Automation,79f09a0f-fbd7-4439-9e1e-d48abe62c98e,,,,3.0,,,,,Evaluation,Evaluation,Default Risk Workflow,9684290c-6240-4021-b599-a2dd8a864311,IDENTIFIED,IDENTIFIED,,,,,,,,,,,,,,,,General,,,,,,,,,https://Risk/Risk/0a8df6af-0204-4b11-a4a9-f1c25aebb43c,Africa/Dakar,b99df4a4-2bf5-4c08-9483-bd636470bc11,OTAuto02,b99df4a4-2bf5-4c08-9483-bd636470bc11
False,2026-04-05T21:23:19.000+00:00,2026-04-05,2026,April,04,Quarter 2,,,,,,,,,,,,,High_Risk_Description_6845847,0a8df6af-0204-4b11-a4a9-f1c25aebb43c,,,,HIGH,3,,,,3.0,,2026-04-05T21:23:30.000+00:00,2026-04-05,2026,April,04,Quarter 2,HIGH,3,,,,,,,Risk_Name_6845847,1493,,,,0,,,,,,,,HIGH,3,,,,3.0,,,,OneTrust Automation,79f09a0f-fbd7-4439-9e1e-d48abe62c98e,,,,3.0,,,,,Evaluation,Evaluation,Default Risk Workflow,9684290c-6240-4021-b599-a2dd8a864311,IDENTIFIED,IDENTIFIED,,,,,,,,,,,,,,,,General,,,,,,,,,https://Risk/Risk/0a8df6af-0204-4b11-a4a9-f1c25aebb43c,America/Cancun,b99df4a4-2bf5-4c08-9483-bd636470bc11,OTAuto02,b99df4a4-2bf5-4c08-9483-bd636470bc11
False,2026-04-06T09:23:19.000+00:00,2026-04-06,2026,April,04,Quarter 2,,,,,,,,,,,,,High_Risk_Description_6845847,0a8df6af-0204-4b11-a4a9-f1c25aebb43c,,,,HIGH,3,,,,3.0,,2026-04-06T09:23:30.000+00:00,2026-04-06,2026,April,04,Quarter 2,HIGH,3,,,,,,,Risk_Name_6845847,1493,,,,0,,,,,,,,HIGH,3,,,,3.0,,,,OneTrust Automation,79f09a0f-fbd7-4439-9e1e-d48abe62c98e,,,,3.0,,,,,Evaluation,Evaluation,Default Risk Workflow,9684290c-6240-4021-b599-a2dd8a864311,IDENTIFIED,IDENTIFIED,,,,,,,,,,,,,,,,General,,,,,,,,,https://Risk/Risk/0a8df6af-0204-4b11-a4a9-f1c25aebb43c,Asia/Krasnoyarsk,b99df4a4-2bf5-4c08-9483-bd636470bc11,OTAuto02,b99df4a4-2bf5-4c08-9483-bd636470bc11
False,2026-04-05T14:23:19.000+00:00,2026-04-05,2026,April,04,Quarter 2,,,,,,,,,,,,,High_Risk_Description_6845847,0a8df6af-0204-4b11-a4a9-f1c25aebb43c,,,,HIGH,3,,,,3.0,,2026-04-05T14:23:30.000+00:00,2026-04-05,2026,April,04,Quarter 2,HIGH,3,,,,,,,Risk_Name_6845847,1493,,,,0,,,,,,,,HIGH,3,,,,3.0,,,,OneTrust Automation,79f09a0f-fbd7-4439-9e1e-d48abe62c98e,,,,3.0,,,,,Evaluation,Evaluation,Default Risk Workflow,9684290c-6240-4021-b599-a2dd8a864311,IDENTIFIED,IDENTIFIED,,,,,,,,,,,,,,,,General,,,,,,,,,https://Risk/Risk/0a8df6af-0204-4b11-a4a9-f1c25aebb43c,Etc/GMT+12,b99df4a4-2bf5-4c08-9483-bd636470bc11,OTAuto02,b99df4a4-2bf5-4c08-9483-bd636470bc11
False,2026-04-06T12:23:19.000+00:00,2026-04-06,2026,April,04,Quarter 2,,,,,,,,,,,,,High_Risk_Description_6845847,0a8df6af-0204-4b11-a4a9-f1c25aebb43c,,,,HIGH,3,,,,3.0,,2026-04-06T12:23:30.000+00:00,2026-04-06,2026,April,04,Quarter 2,HIGH,3,,,,,,,Risk_Name_6845847,1493,,,,0,,,,,,,,HIGH,3,,,,3.0,,,,OneTrust Automation,79f09a0f-fbd7-4439-9e1e-d48abe62c98e,,,,3.0,,,,,Evaluation,Evaluation,Default Risk Workflow,9684290c-6240-4021-b599-a2dd8a864311,IDENTIFIED,IDENTIFIED,,,,,,,,,,,,,,,,General,,,,,,,,,https://Risk/Risk/0a8df6af-0204-4b11-a4a9-f1c25aebb43c,Pacific/Guam,b99df4a4-2bf5-4c08-9483-bd636470bc11,OTAuto02,b99df4a4-2bf5-4c08-9483-bd636470bc11
False,2026-04-06T05:23:19.000+00:00,2026-04-06,2026,April,04,Quarter 2,,,,,,,,,,,,,High_Risk_Description_6845847,0a8df6af-0204-4b11-a4a9-f1c25aebb43c,,,,HIGH,3,,,,3.0,,2026-04-06T05:23:30.000+00:00,2026-04-06,2026,April,04,Quarter 2,HIGH,3,,,,,,,Risk_Name_6845847,1493,,,,0,,,,,,,,HIGH,3,,,,3.0,,,,OneTrust Automation,79f09a0f-fbd7-4439-9e1e-d48abe62c98e,,,,3.0,,,,,Evaluation,Evaluation,Default Risk Workflow,9684290c-6240-4021-b599-a2dd8a864311,IDENTIFIED,IDENTIFIED,,,,,,,,,,,,,,,,General,,,,,,,,,https://Risk/Risk/0a8df6af-0204-4b11-a4a9-f1c25aebb43c,Etc/GMT-3,b99df4a4-2bf5-4c08-9483-bd636470bc11,OTAuto02,b99df4a4-2bf5-4c08-9483-bd636470bc11
False,2026-04-06T04:23:19.000+00:00,2026-04-06,2026,April,04,Quarter 2,,,,,,,,,,,,,High_Risk_Description_6845847,0a8df6af-0204-4b11-a4a9-f1c25aebb43c,,,,HIGH,3,,,,3.0,,2026-04-06T04:23:30.000+00:00,2026-04-06,2026,April,04,Quarter 2,HIGH,3,,,,,,,Risk_Name_6845847,1493,,,,0,,,,,,,,HIGH,3,,,,3.0,,,,OneTrust Automation,79f09a0f-fbd7-4439-9e1e-d48abe62c98e,,,,3.0,,,,,Evaluation,Evaluation,Default Risk Workflow,9684290c-6240-4021-b599-a2dd8a864311,IDENTIFIED,IDENTIFIED,,,,,,,,,,,,,,,,General,,,,,,,,,https://Risk/Risk/0a8df6af-0204-4b11-a4a9-f1c25aebb43c,Libya,b99df4a4-2bf5-4c08-9483-bd636470bc11,OTAuto02,b99df4a4-2bf5-4c08-9483-bd636470bc11
False,2026-04-06T05:23:19.000+00:00,2026-04-06,2026,April,04,Quarter 2,,,,,,,,,,,,,High_Risk_Description_6845847,0a8df6af-0204-4b11-a4a9-f1c25aebb43c,,,,HIGH,3,,,,3.0,,2026-04-06T05:23:30.000+00:00,2026-04-06,2026,April,04,Quarter 2,HIGH,3,,,,,,,Risk_Name_6845847,1493,,,,0,,,,,,,,HIGH,3,,,,3.0,,,,OneTrust Automation,79f09a0f-fbd7-4439-9e1e-d48abe62c98e,,,,3.0,,,,,Evaluation,Evaluation,Default Risk Workflow,9684290c-6240-4021-b599-a2dd8a864311,IDENTIFIED,IDENTIFIED,,,,,,,,,,,,,,,,General,,,,,,,,,https://Risk/Risk/0a8df6af-0204-4b11-a4a9-f1c25aebb43c,Asia/Qatar,b99df4a4-2bf5-4c08-9483-bd636470bc11,OTAuto02,b99df4a4-2bf5-4c08-9483-bd636470bc11
False,2026-04-05T22:23:19.000+00:00,2026-04-05,2026,April,04,Quarter 2,,,,,,,,,,,,,High_Risk_Description_6845847,0a8df6af-0204-4b11-a4a9-f1c25aebb43c,,,,HIGH,3,,,,3.0,,2026-04-05T22:23:30.000+00:00,2026-04-05,2026,April,04,Quarter 2,HIGH,3,,,,,,,Risk_Name_6845847,1493,,,,0,,,,,,,,HIGH,3,,,,3.0,,,,OneTrust Automation,79f09a0f-fbd7-4439-9e1e-d48abe62c98e,,,,3.0,,,,,Evaluation,Evaluation,Default Risk Workflow,9684290c-6240-4021-b599-a2dd8a864311,IDENTIFIED,IDENTIFIED,,,,,,,,,,,,,,,,General,,,,,,,,,https://Risk/Risk/0a8df6af-0204-4b11-a4a9-f1c25aebb43c,US/East-Indiana,b99df4a4-2bf5-4c08-9483-bd636470bc11,OTAuto02,b99df4a4-2bf5-4c08-9483-bd636470bc11
False,2026-04-06T07:23:19.000+00:00,2026-04-06,2026,April,04,Quarter 2,,,,,,,,,,,,,High_Risk_Description_6845847,0a8df6af-0204-4b11-a4a9-f1c25aebb43c,,,,HIGH,3,,,,3.0,,2026-04-06T07:23:30.000+00:00,2026-04-06,2026,April,04,Quarter 2,HIGH,3,,,,,,,Risk_Name_6845847,1493,,,,0,,,,,,,,HIGH,3,,,,3.0,,,,OneTrust Automation,79f09a0f-fbd7-4439-9e1e-d48abe62c98e,,,,3.0,,,,,Evaluation,Evaluation,Default Risk Workflow,9684290c-6240-4021-b599-a2dd8a864311,IDENTIFIED,IDENTIFIED,,,,,,,,,,,,,,,,General,,,,,,,,,https://Risk/Risk/0a8df6af-0204-4b11-a4a9-f1c25aebb43c,Asia/Ashkhabad,b99df4a4-2bf5-4c08-9483-bd636470bc11,OTAuto02,b99df4a4-2bf5-4c08-9483-bd636470bc11
False,2026-04-05T20:23:19.000+00:00,2026-04-05,2026,April,04,Quarter 2,,,,,,,,,,,,,High_Risk_Description_6845847,0a8df6af-0204-4b11-a4a9-f1c25aebb43c,,,,HIGH,3,,,,3.0,,2026-04-05T20:23:30.000+00:00,2026-04-05,2026,April,04,Quarter 2,HIGH,3,,,,,,,Risk_Name_6845847,1493,,,,0,,,,,,,,HIGH,3,,,,3.0,,,,OneTrust Automation,79f09a0f-fbd7-4439-9e1e-d48abe62c98e,,,,3.0,,,,,Evaluation,Evaluation,Default Risk Workflow,9684290c-6240-4021-b599-a2dd8a864311,IDENTIFIED,IDENTIFIED,,,,,,,,,,,,,,,,General,,,,,,,,,https://Risk/Risk/0a8df6af-0204-4b11-a4a9-f1c25aebb43c,America/Denver,b99df4a4-2bf5-4c08-9483-bd636470bc11,OTAuto02,b99df4a4-2bf5-4c08-9483-bd636470bc11
False,2026-04-06T02:23:19.000+00:00,2026-04-06,2026,April,04,Quarter 2,,,,,,,,,,,,,High_Risk_Description_6845847,0a8df6af-0204-4b11-a4a9-f1c25aebb43c,,,,HIGH,3,,,,3.0,,2026-04-06T02:23:30.000+00:00,2026-04-06,2026,April,04,Quarter 2,HIGH,3,,,,,,,Risk_Name_6845847,1493,,,,0,,,,,,,,HIGH,3,,,,3.0,,,,OneTrust Automation,79f09a0f-fbd7-4439-9e1e-d48abe62c98e,,,,3.0,,,,,Evaluation,Evaluation,Default Risk Workflow,9684290c-6240-4021-b599-a2dd8a864311,IDENTIFIED,IDENTIFIED,,,,,,,,,,,,,,,,General,,,,,,,,,https://Risk/Risk/0a8df6af-0204-4b11-a4a9-f1c25aebb43c,Etc/GMT0,b99df4a4-2bf5-4c08-9483-bd636470bc11,OTAuto02,b99df4a4-2bf5-4c08-9483-bd636470bc11
False,2026-04-05T23:23:19.000+00:00,2026-04-05,2026,April,04,Quarter 2,,,,,,,,,,,,,High_Risk_Description_6845847,0a8df6af-0204-4b11-a4a9-f1c25aebb43c,,,,HIGH,3,,,,3.0,,2026-04-05T23:23:30.000+00:00,2026-04-05,2026,April,04,Quarter 2,HIGH,3,,,,,,,Risk_Name_6845847,1493,,,,0,,,,,,,,HIGH,3,,,,3.0,,,,OneTrust Automation,79f09a0f-fbd7-4439-9e1e-d48abe62c98e,,,,3.0,,,,,Evaluation,Evaluation,Default Risk Workflow,9684290c-6240-4021-b599-a2dd8a864311,IDENTIFIED,IDENTIFIED,,,,,,,,,,,,,,,,General,,,,,,,,,https://Risk/Risk/0a8df6af-0204-4b11-a4a9-f1c25aebb43c,Brazil/East,b99df4a4-2bf5-4c08-9483-bd636470bc11,OTAuto02,b99df4a4-2bf5-4c08-9483-bd636470bc11
False,2026-04-06T05:23:19.000+00:00,2026-04-06,2026,April,04,Quarter 2,,,,,,,,,,,,,High_Risk_Description_6845847,0a8df6af-0204-4b11-a4a9-f1c25aebb43c,,,,HIGH,3,,,,3.0,,2026-04-06T05:23:30.000+00:00,2026-04-06,2026,April,04,Quarter 2,HIGH,3,,,,,,,Risk_Name_6845847,1493,,,,0,,,,,,,,HIGH,3,,,,3.0,,,,OneTrust Automation,79f09a0f-fbd7-4439-9e1e-d48abe62c98e,,,,3.0,,,,,Evaluation,Evaluation,Default Risk Workflow,9684290c-6240-4021-b599-a2dd8a864311,IDENTIFIED,IDENTIFIED,,,,,,,,,,,,,,,,General,,,,,,,,,https://Risk/Risk/0a8df6af-0204-4b11-a4a9-f1c25aebb43c,Africa/Mogadishu,b99df4a4-2bf5-4c08-9483-bd636470bc11,OTAuto02,b99df4a4-2bf5-4c08-9483-bd636470bc11
False,2026-04-06T04:23:19.000+00:00,2026-04-06,2026,April,04,Quarter 2,,,,,,,,,,,,,High_Risk_Description_6845847,0a8df6af-0204-4b11-a4a9-f1c25aebb43c,,,,HIGH,3,,,,3.0,,2026-04-06T04:23:30.000+00:00,2026-04-06,2026,April,04,Quarter 2,HIGH,3,,,,,,,Risk_Name_6845847,1493,,,,0,,,,,,,,HIGH,3,,,,3.0,,,,OneTrust Automation,79f09a0f-fbd7-4439-9e1e-d48abe62c98e,,,,3.0,,,,,Evaluation,Evaluation,Default Risk Workflow,9684290c-6240-4021-b599-a2dd8a864311,IDENTIFIED,IDENTIFIED,,,,,,,,,,,,,,,,General,,,,,,,,,https://Risk/Risk/0a8df6af-0204-4b11-a4a9-f1c25aebb43c,Europe/Oslo,b99df4a4-2bf5-4c08-9483-bd636470bc11,OTAuto02,b99df4a4-2bf5-4c08-9483-bd636470bc11
False,2026-04-06T07:23:19.000+00:00,2026-04-06,2026,April,04,Quarter 2,,,,,,,,,,,,,High_Risk_Description_6845847,0a8df6af-0204-4b11-a4a9-f1c25aebb43c,,,,HIGH,3,,,,3.0,,2026-04-06T07:23:30.000+00:00,2026-04-06,2026,April,04,Quarter 2,HIGH,3,,,,,,,Risk_Name_6845847,1493,,,,0,,,,,,,,HIGH,3,,,,3.0,,,,OneTrust Automation,79f09a0f-fbd7-4439-9e1e-d48abe62c98e,,,,3.0,,,,,Evaluation,Evaluation,Default Risk Workflow,9684290c-6240-4021-b599-a2dd8a864311,IDENTIFIED,IDENTIFIED,,,,,,,,,,,,,,,,General,,,,,,,,,https://Risk/Risk/0a8df6af-0204-4b11-a4a9-f1c25aebb43c,Antarctica/Mawson,b99df4a4-2bf5-4c08-9483-bd636470bc11,OTAuto02,b99df4a4-2bf5-4c08-9483-bd636470bc11
False,2026-04-06T02:23:19.000+00:00,2026-04-06,2026,April,04,Quarter 2,,,,,,,,,,,,,High_Risk_Description_6845847,0a8df6af-0204-4b11-a4a9-f1c25aebb43c,,,,HIGH,3,,,,3.0,,2026-04-06T02:23:30.000+00:00,2026-04-06,2026,April,04,Quarter 2,HIGH,3,,,,,,,Risk_Name_6845847,1493,,,,0,,,,,,,,HIGH,3,,,,3.0,,,,OneTrust Automation,79f09a0f-fbd7-4439-9e1e-d48abe62c98e,,,,3.0,,,,,Evaluation,Evaluation,Default Risk Workflow,9684290c-6240-4021-b599-a2dd8a864311,IDENTIFIED,IDENTIFIED,,,,,,,,,,,,,,,,General,,,,,,,,,https://Risk/Risk/0a8df6af-0204-4b11-a4a9-f1c25aebb43c,Africa/Abidjan,b99df4a4-2bf5-4c08-9483-bd636470bc11,OTAuto02,b99df4a4-2bf5-4c08-9483-bd636470bc11
False,2026-04-06T10:23:19.000+00:00,2026-04-06,2026,April,04,Quarter 2,,,,,,,,,,,,,High_Risk_Description_6845847,0a8df6af-0204-4b11-a4a9-f1c25aebb43c,,,,HIGH,3,,,,3.0,,2026-04-06T10:23:30.000+00:00,2026-04-06,2026,April,04,Quarter 2,HIGH,3,,,,,,,Risk_Name_6845847,1493,,,,0,,,,,,,,HIGH,3,,,,3.0,,,,OneTrust Automation,79f09a0f-fbd7-4439-9e1e-d48abe62c98e,,,,3.0,,,,,Evaluation,Evaluation,Default Risk Workflow,9684290c-6240-4021-b599-a2dd8a864311,IDENTIFIED,IDENTIFIED,,,,,,,,,,,,,,,,General,,,,,,,,,https://Risk/Risk/0a8df6af-0204-4b11-a4a9-f1c25aebb43c,Singapore,b99df4a4-2bf5-4c08-9483-bd636470bc11,OTAuto02,b99df4a4-2bf5-4c08-9483-bd636470bc11
False,2026-04-06T03:23:19.000+00:00,2026-04-06,2026,April,04,Quarter 2,,,,,,,,,,,,,High_Risk_Description_6845847,0a8df6af-0204-4b11-a4a9-f1c25aebb43c,,,,HIGH,3,,,,3.0,,2026-04-06T03:23:30.000+00:00,2026-04-06,2026,April,04,Quarter 2,HIGH,3,,,,,,,Risk_Name_6845847,1493,,,,0,,,,,,,,HIGH,3,,,,3.0,,,,OneTrust Automation,79f09a0f-fbd7-4439-9e1e-d48abe62c98e,,,,3.0,,,,,Evaluation,Evaluation,Default Risk Workflow,9684290c-6240-4021-b599-a2dd8a864311,IDENTIFIED,IDENTIFIED,,,,,,,,,,,,,,,,General,,,,,,,,,https://Risk/Risk/0a8df6af-0204-4b11-a4a9-f1c25aebb43c,Europe/Lisbon,b99df4a4-2bf5-4c08-9483-bd636470bc11,OTAuto02,b99df4a4-2bf5-4c08-9483-bd636470bc11
False,2026-04-06T02:23:19.000+00:00,2026-04-06,2026,April,04,Quarter 2,,,,,,,,,,,,,High_Risk_Description_6845847,0a8df6af-0204-4b11-a4a9-f1c25aebb43c,,,,HIGH,3,,,,3.0,,2026-04-06T02:23:30.000+00:00,2026-04-06,2026,April,04,Quarter 2,HIGH,3,,,,,,,Risk_Name_6845847,1493,,,,0,,,,,,,,HIGH,3,,,,3.0,,,,OneTrust Automation,79f09a0f-fbd7-4439-9e1e-d48abe62c98e,,,,3.0,,,,,Evaluation,Evaluation,Default Risk Workflow,9684290c-6240-4021-b599-a2dd8a864311,IDENTIFIED,IDENTIFIED,,,,,,,,,,,,,,,,General,,,,,,,,,https://Risk/Risk/0a8df6af-0204-4b11-a4a9-f1c25aebb43c,Etc/Greenwich,b99df4a4-2bf5-4c08-9483-bd636470bc11,OTAuto02,b99df4a4-2bf5-4c08-9483-bd636470bc11
False,2026-04-06T04:23:19.000+00:00,2026-04-06,2026,April,04,Quarter 2,,,,,,,,,,,,,High_Risk_Description_6845847,0a8df6af-0204-4b11-a4a9-f1c25aebb43c,,,,HIGH,3,,,,3.0,,2026-04-06T04:23:30.000+00:00,2026-04-06,2026,April,04,Quarter 2,HIGH,3,,,,,,,Risk_Name_6845847,1493,,,,0,,,,,,,,HIGH,3,,,,3.0,,,,OneTrust Automation,79f09a0f-fbd7-4439-9e1e-d48abe62c98e,,,,3.0,,,,,Evaluation,Evaluation,Default Risk Workflow,9684290c-6240-4021-b599-a2dd8a864311,IDENTIFIED,IDENTIFIED,,,,,,,,,,,,,,,,General,,,,,,,,,https://Risk/Risk/0a8df6af-0204-4b11-a4a9-f1c25aebb43c,Africa/Gaborone,b99df4a4-2bf5-4c08-9483-bd636470bc11,OTAuto02,b99df4a4-2bf5-4c08-9483-bd636470bc11
False,2026-04-06T03:23:19.000+00:00,2026-04-06,2026,April,04,Quarter 2,,,,,,,,,,,,,High_Risk_Description_6845847,0a8df6af-0204-4b11-a4a9-f1c25aebb43c,,,,HIGH,3,,,,3.0,,2026-04-06T03:23:30.000+00:00,2026-04-06,2026,April,04,Quarter 2,HIGH,3,,,,,,,Risk_Name_6845847,1493,,,,0,,,,,,,,HIGH,3,,,,3.0,,,,OneTrust Automation,79f09a0f-fbd7-4439-9e1e-d48abe62c98e,,,,3.0,,,,,Evaluation,Evaluation,Default Risk Workflow,9684290c-6240-4021-b599-a2dd8a864311,IDENTIFIED,IDENTIFIED,,,,,,,,,,,,,,,,General,,,,,,,,,https://Risk/Risk/0a8df6af-0204-4b11-a4a9-f1c25aebb43c,GB,b99df4a4-2bf5-4c08-9483-bd636470bc11,OTAuto02,b99df4a4-2bf5-4c08-9483-bd636470bc11
False,2026-04-06T10:23:19.000+00:00,2026-04-06,2026,April,04,Quarter 2,,,,,,,,,,,,,High_Risk_Description_6845847,0a8df6af-0204-4b11-a4a9-f1c25aebb43c,,,,HIGH,3,,,,3.0,,2026-04-06T10:23:30.000+00:00,2026-04-06,2026,April,04,Quarter 2,HIGH,3,,,,,,,Risk_Name_6845847,1493,,,,0,,,,,,,,HIGH,3,,,,3.0,,,,OneTrust Automation,79f09a0f-fbd7-4439-9e1e-d48abe62c98e,,,,3.0,,,,,Evaluation,Evaluation,Default Risk Workflow,9684290c-6240-4021-b599-a2dd8a864311,IDENTIFIED,IDENTIFIED,,,,,,,,,,,,,,,,General,,,,,,,,,https://Risk/Risk/0a8df6af-0204-4b11-a4a9-f1c25aebb43c,Antarctica/Casey,b99df4a4-2bf5-4c08-9483-bd636470bc11,OTAuto02,b99df4a4-2bf5-4c08-9483-bd636470bc11
False,2026-04-06T10:23:19.000+00:00,2026-04-06,2026,April,04,Quarter 2,,,,,,,,,,,,,High_Risk_Description_6845847,0a8df6af-0204-4b11-a4a9-f1c25aebb43c,,,,HIGH,3,,,,3.0,,2026-04-06T10:23:30.000+00:00,2026-04-06,2026,April,04,Quarter 2,HIGH,3,,,,,,,Risk_Name_6845847,1493,,,,0,,,,,,,,HIGH,3,,,,3.0,,,,OneTrust Automation,79f09a0f-fbd7-4439-9e1e-d48abe62c98e,,,,3.0,,,,,Evaluation,Evaluation,Default Risk Workflow,9684290c-6240-4021-b599-a2dd8a864311,IDENTIFIED,IDENTIFIED,,,,,,,,,,,,,,,,General,,,,,,,,,https://Risk/Risk/0a8df6af-0204-4b11-a4a9-f1c25aebb43c,Asia/Choibalsan,b99df4a4-2bf5-4c08-9483-bd636470bc11,OTAuto02,b99df4a4-2bf5-4c08-9483-bd636470bc11
False,2026-04-05T20:23:19.000+00:00,2026-04-05,2026,April,04,Quarter 2,,,,,,,,,,,,,High_Risk_Description_6845847,0a8df6af-0204-4b11-a4a9-f1c25aebb43c,,,,HIGH,3,,,,3.0,,2026-04-05T20:23:30.000+00:00,2026-04-05,2026,April,04,Quarter 2,HIGH,3,,,,,,,Risk_Name_6845847,1493,,,,0,,,,,,,,HIGH,3,,,,3.0,,,,OneTrust Automation,79f09a0f-fbd7-4439-9e1e-d48abe62c98e,,,,3.0,,,,,Evaluation,Evaluation,Default Risk Workflow,9684290c-6240-4021-b599-a2dd8a864311,IDENTIFIED,IDENTIFIED,,,,,,,,,,,,,,,,General,,,,,,,,,https://Risk/Risk/0a8df6af-0204-4b11-a4a9-f1c25aebb43c,Pacific/Easter,b99df4a4-2bf5-4c08-9483-bd636470bc11,OTAuto02,b99df4a4-2bf5-4c08-9483-bd636470bc11
False,2026-04-06T02:23:19.000+00:00,2026-04-06,2026,April,04,Quarter 2,,,,,,,,,,,,,High_Risk_Description_6845847,0a8df6af-0204-4b11-a4a9-f1c25aebb43c,,,,HIGH,3,,,,3.0,,2026-04-06T02:23:30.000+00:00,2026-04-06,2026,April,04,Quarter 2,HIGH,3,,,,,,,Risk_Name_6845847,1493,,,,0,,,,,,,,HIGH,3,,,,3.0,,,,OneTrust Automation,79f09a0f-fbd7-4439-9e1e-d48abe62c98e,,,,3.0,,,,,Evaluation,Evaluation,Default Risk Workflow,9684290c-6240-4021-b599-a2dd8a864311,IDENTIFIED,IDENTIFIED,,,,,,,,,,,,,,,,General,,,,,,,,,https://Risk/Risk/0a8df6af-0204-4b11-a4a9-f1c25aebb43c,Africa/Bissau,b99df4a4-2bf5-4c08-9483-bd636470bc11,OTAuto02,b99df4a4-2bf5-4c08-9483-bd636470bc11
False,2026-04-05T23:23:19.000+00:00,2026-04-05,2026,April,04,Quarter 2,,,,,,,,,,,,,High_Risk_Description_6845847,0a8df6af-0204-4b11-a4a9-f1c25aebb43c,,,,HIGH,3,,,,3.0,,2026-04-05T23:23:30.000+00:00,2026-04-05,2026,April,04,Quarter 2,HIGH,3,,,,,,,Risk_Name_6845847,1493,,,,0,,,,,,,,HIGH,3,,,,3.0,,,,OneTrust Automation,79f09a0f-fbd7-4439-9e1e-d48abe62c98e,,,,3.0,,,,,Evaluation,Evaluation,Default Risk Workflow,9684290c-6240-4021-b599-a2dd8a864311,IDENTIFIED,IDENTIFIED,,,,,,,,,,,,,,,,General,,,,,,,,,https://Risk/Risk/0a8df6af-0204-4b11-a4a9-f1c25aebb43c,Antarctica/Palmer,b99df4a4-2bf5-4c08-9483-bd636470bc11,OTAuto02,b99df4a4-2bf5-4c08-9483-bd636470bc11
False,2026-04-06T10:23:19.000+00:00,2026-04-06,2026,April,04,Quarter 2,,,,,,,,,,,,,High_Risk_Description_6845847,0a8df6af-0204-4b11-a4a9-f1c25aebb43c,,,,HIGH,3,,,,3.0,,2026-04-06T10:23:30.000+00:00,2026-04-06,2026,April,04,Quarter 2,HIGH,3,,,,,,,Risk_Name_6845847,1493,,,,0,,,,,,,,HIGH,3,,,,3.0,,,,OneTrust Automation,79f09a0f-fbd7-4439-9e1e-d48abe62c98e,,,,3.0,,,,,Evaluation,Evaluation,Default Risk Workflow,9684290c-6240-4021-b599-a2dd8a864311,IDENTIFIED,IDENTIFIED,,,,,,,,,,,,,,,,General,,,,,,,,,https://Risk/Risk/0a8df6af-0204-4b11-a4a9-f1c25aebb43c,Asia/Ujung_Pandang,b99df4a4-2bf5-4c08-9483-bd636470bc11,OTAuto02,b99df4a4-2bf5-4c08-9483-bd636470bc11
False,2026-04-06T12:23:19.000+00:00,2026-04-06,2026,April,04,Quarter 2,,,,,,,,,,,,,High_Risk_Description_6845847,0a8df6af-0204-4b11-a4a9-f1c25aebb43c,,,,HIGH,3,,,,3.0,,2026-04-06T12:23:30.000+00:00,2026-04-06,2026,April,04,Quarter 2,HIGH,3,,,,,,,Risk_Name_6845847,1493,,,,0,,,,,,,,HIGH,3,,,,3.0,,,,OneTrust Automation,79f09a0f-fbd7-4439-9e1e-d48abe62c98e,,,,3.0,,,,,Evaluation,Evaluation,Default Risk Workflow,9684290c-6240-4021-b599-a2dd8a864311,IDENTIFIED,IDENTIFIED,,,,,,,,,,,,,,,,General,,,,,,,,,https://Risk/Risk/0a8df6af-0204-4b11-a4a9-f1c25aebb43c,Australia/Brisbane,b99df4a4-2bf5-4c08-9483-bd636470bc11,OTAuto02,b99df4a4-2bf5-4c08-9483-bd636470bc11
False,2026-04-06T10:23:19.000+00:00,2026-04-06,2026,April,04,Quarter 2,,,,,,,,,,,,,High_Risk_Description_6845847,0a8df6af-0204-4b11-a4a9-f1c25aebb43c,,,,HIGH,3,,,,3.0,,2026-04-06T10:23:30.000+00:00,2026-04-06,2026,April,04,Quarter 2,HIGH,3,,,,,,,Risk_Name_6845847,1493,,,,0,,,,,,,,HIGH,3,,,,3.0,,,,OneTrust Automation,79f09a0f-fbd7-4439-9e1e-d48abe62c98e,,,,3.0,,,,,Evaluation,Evaluation,Default Risk Workflow,9684290c-6240-4021-b599-a2dd8a864311,IDENTIFIED,IDENTIFIED,,,,,,,,,,,,,,,,General,,,,,,,,,https://Risk/Risk/0a8df6af-0204-4b11-a4a9-f1c25aebb43c,Asia/Manila,b99df4a4-2bf5-4c08-9483-bd636470bc11,OTAuto02,b99df4a4-2bf5-4c08-9483-bd636470bc11
False,2026-04-06T04:23:19.000+00:00,2026-04-06,2026,April,04,Quarter 2,,,,,,,,,,,,,High_Risk_Description_6845847,0a8df6af-0204-4b11-a4a9-f1c25aebb43c,,,,HIGH,3,,,,3.0,,2026-04-06T04:23:30.000+00:00,2026-04-06,2026,April,04,Quarter 2,HIGH,3,,,,,,,Risk_Name_6845847,1493,,,,0,,,,,,,,HIGH,3,,,,3.0,,,,OneTrust Automation,79f09a0f-fbd7-4439-9e1e-d48abe62c98e,,,,3.0,,,,,Evaluation,Evaluation,Default Risk Workflow,9684290c-6240-4021-b599-a2dd8a864311,IDENTIFIED,IDENTIFIED,,,,,,,,,,,,,,,,General,,,,,,,,,https://Risk/Risk/0a8df6af-0204-4b11-a4a9-f1c25aebb43c,Europe/Gibraltar,b99df4a4-2bf5-4c08-9483-bd636470bc11,OTAuto02,b99df4a4-2bf5-4c08-9483-bd636470bc11
False,2026-04-05T22:23:19.000+00:00,2026-04-05,2026,April,04,Quarter 2,,,,,,,,,,,,,High_Risk_Description_6845847,0a8df6af-0204-4b11-a4a9-f1c25aebb43c,,,,HIGH,3,,,,3.0,,2026-04-05T22:23:30.000+00:00,2026-04-05,2026,April,04,Quarter 2,HIGH,3,,,,,,,Risk_Name_6845847,1493,,,,0,,,,,,,,HIGH,3,,,,3.0,,,,OneTrust Automation,79f09a0f-fbd7-4439-9e1e-d48abe62c98e,,,,3.0,,,,,Evaluation,Evaluation,Default Risk Workflow,9684290c-6240-4021-b599-a2dd8a864311,IDENTIFIED,IDENTIFIED,,,,,,,,,,,,,,,,General,,,,,,,,,https://Risk/Risk/0a8df6af-0204-4b11-a4a9-f1c25aebb43c,America/Guadeloupe,b99df4a4-2bf5-4c08-9483-bd636470bc11,OTAuto02,b99df4a4-2bf5-4c08-9483-bd636470bc11
False,2026-04-06T02:23:19.000+00:00,2026-04-06,2026,April,04,Quarter 2,,,,,,,,,,,,,High_Risk_Description_6845847,0a8df6af-0204-4b11-a4a9-f1c25aebb43c,,,,HIGH,3,,,,3.0,,2026-04-06T02:23:30.000+00:00,2026-04-06,2026,April,04,Quarter 2,HIGH,3,,,,,,,Risk_Name_6845847,1493,,,,0,,,,,,,,HIGH,3,,,,3.0,,,,OneTrust Automation,79f09a0f-fbd7-4439-9e1e-d48abe62c98e,,,,3.0,,,,,Evaluation,Evaluation,Default Risk Workflow,9684290c-6240-4021-b599-a2dd8a864311,IDENTIFIED,IDENTIFIED,,,,,,,,,,,,,,,,General,,,,,,,,,https://Risk/Risk/0a8df6af-0204-4b11-a4a9-f1c25aebb43c,Etc/GMT+0,b99df4a4-2bf5-4c08-9483-bd636470bc11,OTAuto02,b99df4a4-2bf5-4c08-9483-bd636470bc11
False,2026-04-05T22:23:19.000+00:00,2026-04-05,2026,April,04,Quarter 2,,,,,,,,,,,,,High_Risk_Description_6845847,0a8df6af-0204-4b11-a4a9-f1c25aebb43c,,,,HIGH,3,,,,3.0,,2026-04-05T22:23:30.000+00:00,2026-04-05,2026,April,04,Quarter 2,HIGH,3,,,,,,,Risk_Name_6845847,1493,,,,0,,,,,,,,HIGH,3,,,,3.0,,,,OneTrust Automation,79f09a0f-fbd7-4439-9e1e-d48abe62c98e,,,,3.0,,,,,Evaluation,Evaluation,Default Risk Workflow,9684290c-6240-4021-b599-a2dd8a864311,IDENTIFIED,IDENTIFIED,,,,,,,,,,,,,,,,General,,,,,,,,,https://Risk/Risk/0a8df6af-0204-4b11-a4a9-f1c25aebb43c,America/Indianapolis,b99df4a4-2bf5-4c08-9483-bd636470bc11,OTAuto02,b99df4a4-2bf5-4c08-9483-bd636470bc11
False,2026-04-05T21:23:19.000+00:00,2026-04-05,2026,April,04,Quarter 2,,,,,,,,,,,,,High_Risk_Description_6845847,0a8df6af-0204-4b11-a4a9-f1c25aebb43c,,,,HIGH,3,,,,3.0,,2026-04-05T21:23:30.000+00:00,2026-04-05,2026,April,04,Quarter 2,HIGH,3,,,,,,,Risk_Name_6845847,1493,,,,0,,,,,,,,HIGH,3,,,,3.0,,,,OneTrust Automation,79f09a0f-fbd7-4439-9e1e-d48abe62c98e,,,,3.0,,,,,Evaluation,Evaluation,Default Risk Workflow,9684290c-6240-4021-b599-a2dd8a864311,IDENTIFIED,IDENTIFIED,,,,,,,,,,,,,,,,General,,,,,,,,,https://Risk/Risk/0a8df6af-0204-4b11-a4a9-f1c25aebb43c,US/Central,b99df4a4-2bf5-4c08-9483-bd636470bc11,OTAuto02,b99df4a4-2bf5-4c08-9483-bd636470bc11
False,2026-04-06T06:23:19.000+00:00,2026-04-06,2026,April,04,Quarter 2,,,,,,,,,,,,,High_Risk_Description_6845847,0a8df6af-0204-4b11-a4a9-f1c25aebb43c,,,,HIGH,3,,,,3.0,,2026-04-06T06:23:30.000+00:00,2026-04-06,2026,April,04,Quarter 2,HIGH,3,,,,,,,Risk_Name_6845847,1493,,,,0,,,,,,,,HIGH,3,,,,3.0,,,,OneTrust Automation,79f09a0f-fbd7-4439-9e1e-d48abe62c98e,,,,3.0,,,,,Evaluation,Evaluation,Default Risk Workflow,9684290c-6240-4021-b599-a2dd8a864311,IDENTIFIED,IDENTIFIED,,,,,,,,,,,,,,,,General,,,,,,,,,https://Risk/Risk/0a8df6af-0204-4b11-a4a9-f1c25aebb43c,Asia/Dubai,b99df4a4-2bf5-4c08-9483-bd636470bc11,OTAuto02,b99df4a4-2bf5-4c08-9483-bd636470bc11
False,2026-04-06T05:23:19.000+00:00,2026-04-06,2026,April,04,Quarter 2,,,,,,,,,,,,,High_Risk_Description_6845847,0a8df6af-0204-4b11-a4a9-f1c25aebb43c,,,,HIGH,3,,,,3.0,,2026-04-06T05:23:30.000+00:00,2026-04-06,2026,April,04,Quarter 2,HIGH,3,,,,,,,Risk_Name_6845847,1493,,,,0,,,,,,,,HIGH,3,,,,3.0,,,,OneTrust Automation,79f09a0f-fbd7-4439-9e1e-d48abe62c98e,,,,3.0,,,,,Evaluation,Evaluation,Default Risk Workflow,9684290c-6240-4021-b599-a2dd8a864311,IDENTIFIED,IDENTIFIED,,,,,,,,,,,,,,,,General,,,,,,,,,https://Risk/Risk/0a8df6af-0204-4b11-a4a9-f1c25aebb43c,Europe/Minsk,b99df4a4-2bf5-4c08-9483-bd636470bc11,OTAuto02,b99df4a4-2bf5-4c08-9483-bd636470bc11
False,2026-04-06T11:23:19.000+00:00,2026-04-06,2026,April,04,Quarter 2,,,,,,,,,,,,,High_Risk_Description_6845847,0a8df6af-0204-4b11-a4a9-f1c25aebb43c,,,,HIGH,3,,,,3.0,,2026-04-06T11:23:30.000+00:00,2026-04-06,2026,April,04,Quarter 2,HIGH,3,,,,,,,Risk_Name_6845847,1493,,,,0,,,,,,,,HIGH,3,,,,3.0,,,,OneTrust Automation,79f09a0f-fbd7-4439-9e1e-d48abe62c98e,,,,3.0,,,,,Evaluation,Evaluation,Default Risk Workflow,9684290c-6240-4021-b599-a2dd8a864311,IDENTIFIED,IDENTIFIED,,,,,,,,,,,,,,,,General,,,,,,,,,https://Risk/Risk/0a8df6af-0204-4b11-a4a9-f1c25aebb43c,Asia/Dili,b99df4a4-2bf5-4c08-9483-bd636470bc11,OTAuto02,b99df4a4-2bf5-4c08-9483-bd636470bc11
False,2026-04-06T10:23:19.000+00:00,2026-04-06,2026,April,04,Quarter 2,,,,,,,,,,,,,High_Risk_Description_6845847,0a8df6af-0204-4b11-a4a9-f1c25aebb43c,,,,HIGH,3,,,,3.0,,2026-04-06T10:23:30.000+00:00,2026-04-06,2026,April,04,Quarter 2,HIGH,3,,,,,,,Risk_Name_6845847,1493,,,,0,,,,,,,,HIGH,3,,,,3.0,,,,OneTrust Automation,79f09a0f-fbd7-4439-9e1e-d48abe62c98e,,,,3.0,,,,,Evaluation,Evaluation,Default Risk Workflow,9684290c-6240-4021-b599-a2dd8a864311,IDENTIFIED,IDENTIFIED,,,,,,,,,,,,,,,,General,,,,,,,,,https://Risk/Risk/0a8df6af-0204-4b11-a4a9-f1c25aebb43c,Asia/Ulan_Bator,b99df4a4-2bf5-4c08-9483-bd636470bc11,OTAuto02,b99df4a4-2bf5-4c08-9483-bd636470bc11
False,2026-04-05T22:23:19.000+00:00,2026-04-05,2026,April,04,Quarter 2,,,,,,,,,,,,,High_Risk_Description_6845847,0a8df6af-0204-4b11-a4a9-f1c25aebb43c,,,,HIGH,3,,,,3.0,,2026-04-05T22:23:30.000+00:00,2026-04-05,2026,April,04,Quarter 2,HIGH,3,,,,,,,Risk_Name_6845847,1493,,,,0,,,,,,,,HIGH,3,,,,3.0,,,,OneTrust Automation,79f09a0f-fbd7-4439-9e1e-d48abe62c98e,,,,3.0,,,,,Evaluation,Evaluation,Default Risk Workflow,9684290c-6240-4021-b599-a2dd8a864311,IDENTIFIED,IDENTIFIED,,,,,,,,,,,,,,,,General,,,,,,,,,https://Risk/Risk/0a8df6af-0204-4b11-a4a9-f1c25aebb43c,EST5EDT,b99df4a4-2bf5-4c08-9483-bd636470bc11,OTAuto02,b99df4a4-2bf5-4c08-9483-bd636470bc11
False,2026-04-06T08:23:19.000+00:00,2026-04-06,2026,April,04,Quarter 2,,,,,,,,,,,,,High_Risk_Description_6845847,0a8df6af-0204-4b11-a4a9-f1c25aebb43c,,,,HIGH,3,,,,3.0,,2026-04-06T08:23:30.000+00:00,2026-04-06,2026,April,04,Quarter 2,HIGH,3,,,,,,,Risk_Name_6845847,1493,,,,0,,,,,,,,HIGH,3,,,,3.0,,,,OneTrust Automation,79f09a0f-fbd7-4439-9e1e-d48abe62c98e,,,,3.0,,,,,Evaluation,Evaluation,Default Risk Workflow,9684290c-6240-4021-b599-a2dd8a864311,IDENTIFIED,IDENTIFIED,,,,,,,,,,,,,,,,General,,,,,,,,,https://Risk/Risk/0a8df6af-0204-4b11-a4a9-f1c25aebb43c,Asia/Dhaka,b99df4a4-2bf5-4c08-9483-bd636470bc11,OTAuto02,b99df4a4-2bf5-4c08-9483-bd636470bc11
False,2026-04-06T08:23:19.000+00:00,2026-04-06,2026,April,04,Quarter 2,,,,,,,,,,,,,High_Risk_Description_6845847,0a8df6af-0204-4b11-a4a9-f1c25aebb43c,,,,HIGH,3,,,,3.0,,2026-04-06T08:23:30.000+00:00,2026-04-06,2026,April,04,Quarter 2,HIGH,3,,,,,,,Risk_Name_6845847,1493,,,,0,,,,,,,,HIGH,3,,,,3.0,,,,OneTrust Automation,79f09a0f-fbd7-4439-9e1e-d48abe62c98e,,,,3.0,,,,,Evaluation,Evaluation,Default Risk Workflow,9684290c-6240-4021-b599-a2dd8a864311,IDENTIFIED,IDENTIFIED,,,,,,,,,,,,,,,,General,,,,,,,,,https://Risk/Risk/0a8df6af-0204-4b11-a4a9-f1c25aebb43c,Asia/Thimphu,b99df4a4-2bf5-4c08-9483-bd636470bc11,OTAuto02,b99df4a4-2bf5-4c08-9483-bd636470bc11
False,2026-04-06T03:23:19.000+00:00,2026-04-06,2026,April,04,Quarter 2,,,,,,,,,,,,,High_Risk_Description_6845847,0a8df6af-0204-4b11-a4a9-f1c25aebb43c,,,,HIGH,3,,,,3.0,,2026-04-06T03:23:30.000+00:00,2026-04-06,2026,April,04,Quarter 2,HIGH,3,,,,,,,Risk_Name_6845847,1493,,,,0,,,,,,,,HIGH,3,,,,3.0,,,,OneTrust Automation,79f09a0f-fbd7-4439-9e1e-d48abe62c98e,,,,3.0,,,,,Evaluation,Evaluation,Default Risk Workflow,9684290c-6240-4021-b599-a2dd8a864311,IDENTIFIED,IDENTIFIED,,,,,,,,,,,,,,,,General,,,,,,,,,https://Risk/Risk/0a8df6af-0204-4b11-a4a9-f1c25aebb43c,Africa/Brazzaville,b99df4a4-2bf5-4c08-9483-bd636470bc11,OTAuto02,b99df4a4-2bf5-4c08-9483-bd636470bc11
False,2026-04-05T23:23:19.000+00:00,2026-04-05,2026,April,04,Quarter 2,,,,,,,,,,,,,High_Risk_Description_6845847,0a8df6af-0204-4b11-a4a9-f1c25aebb43c,,,,HIGH,3,,,,3.0,,2026-04-05T23:23:30.000+00:00,2026-04-05,2026,April,04,Quarter 2,HIGH,3,,,,,,,Risk_Name_6845847,1493,,,,0,,,,,,,,HIGH,3,,,,3.0,,,,OneTrust Automation,79f09a0f-fbd7-4439-9e1e-d48abe62c98e,,,,3.0,,,,,Evaluation,Evaluation,Default Risk Workflow,9684290c-6240-4021-b599-a2dd8a864311,IDENTIFIED,IDENTIFIED,,,,,,,,,,,,,,,,General,,,,,,,,,https://Risk/Risk/0a8df6af-0204-4b11-a4a9-f1c25aebb43c,America/Santarem,b99df4a4-2bf5-4c08-9483-bd636470bc11,OTAuto02,b99df4a4-2bf5-4c08-9483-bd636470bc11
False,2026-04-06T04:23:19.000+00:00,2026-04-06,2026,April,04,Quarter 2,,,,,,,,,,,,,High_Risk_Description_6845847,0a8df6af-0204-4b11-a4a9-f1c25aebb43c,,,,HIGH,3,,,,3.0,,2026-04-06T04:23:30.000+00:00,2026-04-06,2026,April,04,Quarter 2,HIGH,3,,,,,,,Risk_Name_6845847,1493,,,,0,,,,,,,,HIGH,3,,,,3.0,,,,OneTrust Automation,79f09a0f-fbd7-4439-9e1e-d48abe62c98e,,,,3.0,,,,,Evaluation,Evaluation,Default Risk Workflow,9684290c-6240-4021-b599-a2dd8a864311,IDENTIFIED,IDENTIFIED,,,,,,,,,,,,,,,,General,,,,,,,,,https://Risk/Risk/0a8df6af-0204-4b11-a4a9-f1c25aebb43c,Africa/Harare,b99df4a4-2bf5-4c08-9483-bd636470bc11,OTAuto02,b99df4a4-2bf5-4c08-9483-bd636470bc11
False,2026-04-06T02:23:19.000+00:00,2026-04-06,2026,April,04,Quarter 2,,,,,,,,,,,,,High_Risk_Description_6845847,0a8df6af-0204-4b11-a4a9-f1c25aebb43c,,,,HIGH,3,,,,3.0,,2026-04-06T02:23:30.000+00:00,2026-04-06,2026,April,04,Quarter 2,HIGH,3,,,,,,,Risk_Name_6845847,1493,,,,0,,,,,,,,HIGH,3,,,,3.0,,,,OneTrust Automation,79f09a0f-fbd7-4439-9e1e-d48abe62c98e,,,,3.0,,,,,Evaluation,Evaluation,Default Risk Workflow,9684290c-6240-4021-b599-a2dd8a864311,IDENTIFIED,IDENTIFIED,,,,,,,,,,,,,,,,General,,,,,,,,,https://Risk/Risk/0a8df6af-0204-4b11-a4a9-f1c25aebb43c,Africa/Lome,b99df4a4-2bf5-4c08-9483-bd636470bc11,OTAuto02,b99df4a4-2bf5-4c08-9483-bd636470bc11
False,2026-04-05T23:23:19.000+00:00,2026-04-05,2026,April,04,Quarter 2,,,,,,,,,,,,,High_Risk_Description_6845847,0a8df6af-0204-4b11-a4a9-f1c25aebb43c,,,,HIGH,3,,,,3.0,,2026-04-05T23:23:30.000+00:00,2026-04-05,2026,April,04,Quarter 2,HIGH,3,,,,,,,Risk_Name_6845847,1493,,,,0,,,,,,,,HIGH,3,,,,3.0,,,,OneTrust Automation,79f09a0f-fbd7-4439-9e1e-d48abe62c98e,,,,3.0,,,,,Evaluation,Evaluation,Default Risk Workflow,9684290c-6240-4021-b599-a2dd8a864311,IDENTIFIED,IDENTIFIED,,,,,,,,,,,,,,,,General,,,,,,,,,https://Risk/Risk/0a8df6af-0204-4b11-a4a9-f1c25aebb43c,America/Asuncion,b99df4a4-2bf5-4c08-9483-bd636470bc11,OTAuto02,b99df4a4-2bf5-4c08-9483-bd636470bc11
False,2026-04-06T06:23:19.000+00:00,2026-04-06,2026,April,04,Quarter 2,,,,,,,,,,,,,High_Risk_Description_6845847,0a8df6af-0204-4b11-a4a9-f1c25aebb43c,,,,HIGH,3,,,,3.0,,2026-04-06T06:23:30.000+00:00,2026-04-06,2026,April,04,Quarter 2,HIGH,3,,,,,,,Risk_Name_6845847,1493,,,,0,,,,,,,,HIGH,3,,,,3.0,,,,OneTrust Automation,79f09a0f-fbd7-4439-9e1e-d48abe62c98e,,,,3.0,,,,,Evaluation,Evaluation,Default Risk Workflow,9684290c-6240-4021-b599-a2dd8a864311,IDENTIFIED,IDENTIFIED,,,,,,,,,,,,,,,,General,,,,,,,,,https://Risk/Risk/0a8df6af-0204-4b11-a4a9-f1c25aebb43c,Asia/Tbilisi,b99df4a4-2bf5-4c08-9483-bd636470bc11,OTAuto02,b99df4a4-2bf5-4c08-9483-bd636470bc11
False,2026-04-06T09:23:19.000+00:00,2026-04-06,2026,April,04,Quarter 2,,,,,,,,,,,,,High_Risk_Description_6845847,0a8df6af-0204-4b11-a4a9-f1c25aebb43c,,,,HIGH,3,,,,3.0,,2026-04-06T09:23:30.000+00:00,2026-04-06,2026,April,04,Quarter 2,HIGH,3,,,,,,,Risk_Name_6845847,1493,,,,0,,,,,,,,HIGH,3,,,,3.0,,,,OneTrust Automation,79f09a0f-fbd7-4439-9e1e-d48abe62c98e,,,,3.0,,,,,Evaluation,Evaluation,Default Risk Workflow,9684290c-6240-4021-b599-a2dd8a864311,IDENTIFIED,IDENTIFIED,,,,,,,,,,,,,,,,General,,,,,,,,,https://Risk/Risk/0a8df6af-0204-4b11-a4a9-f1c25aebb43c,Asia/Barnaul,b99df4a4-2bf5-4c08-9483-bd636470bc11,OTAuto02,b99df4a4-2bf5-4c08-9483-bd636470bc11
False,2026-04-06T07:23:19.000+00:00,2026-04-06,2026,April,04,Quarter 2,,,,,,,,,,,,,High_Risk_Description_6845847,0a8df6af-0204-4b11-a4a9-f1c25aebb43c,,,,HIGH,3,,,,3.0,,2026-04-06T07:23:30.000+00:00,2026-04-06,2026,April,04,Quarter 2,HIGH,3,,,,,,,Risk_Name_6845847,1493,,,,0,,,,,,,,HIGH,3,,,,3.0,,,,OneTrust Automation,79f09a0f-fbd7-4439-9e1e-d48abe62c98e,,,,3.0,,,,,Evaluation,Evaluation,Default Risk Workflow,9684290c-6240-4021-b599-a2dd8a864311,IDENTIFIED,IDENTIFIED,,,,,,,,,,,,,,,,General,,,,,,,,,https://Risk/Risk/0a8df6af-0204-4b11-a4a9-f1c25aebb43c,Asia/Oral,b99df4a4-2bf5-4c08-9483-bd636470bc11,OTAuto02,b99df4a4-2bf5-4c08-9483-bd636470bc11
False,2026-04-06T04:23:19.000+00:00,2026-04-06,2026,April,04,Quarter 2,,,,,,,,,,,,,High_Risk_Description_6845847,0a8df6af-0204-4b11-a4a9-f1c25aebb43c,,,,HIGH,3,,,,3.0,,2026-04-06T04:23:30.000+00:00,2026-04-06,2026,April,04,Quarter 2,HIGH,3,,,,,,,Risk_Name_6845847,1493,,,,0,,,,,,,,HIGH,3,,,,3.0,,,,OneTrust Automation,79f09a0f-fbd7-4439-9e1e-d48abe62c98e,,,,3.0,,,,,Evaluation,Evaluation,Default Risk Workflow,9684290c-6240-4021-b599-a2dd8a864311,IDENTIFIED,IDENTIFIED,,,,,,,,,,,,,,,,General,,,,,,,,,https://Risk/Risk/0a8df6af-0204-4b11-a4a9-f1c25aebb43c,Africa/Kigali,b99df4a4-2bf5-4c08-9483-bd636470bc11,OTAuto02,b99df4a4-2bf5-4c08-9483-bd636470bc11
False,2026-04-06T07:23:19.000+00:00,2026-04-06,2026,April,04,Quarter 2,,,,,,,,,,,,,High_Risk_Description_6845847,0a8df6af-0204-4b11-a4a9-f1c25aebb43c,,,,HIGH,3,,,,3.0,,2026-04-06T07:23:30.000+00:00,2026-04-06,2026,April,04,Quarter 2,HIGH,3,,,,,,,Risk_Name_6845847,1493,,,,0,,,,,,,,HIGH,3,,,,3.0,,,,OneTrust Automation,79f09a0f-fbd7-4439-9e1e-d48abe62c98e,,,,3.0,,,,,Evaluation,Evaluation,Default Risk Workflow,9684290c-6240-4021-b599-a2dd8a864311,IDENTIFIED,IDENTIFIED,,,,,,,,,,,,,,,,General,,,,,,,,,https://Risk/Risk/0a8df6af-0204-4b11-a4a9-f1c25aebb43c,Indian/Kerguelen,b99df4a4-2bf5-4c08-9483-bd636470bc11,OTAuto02,b99df4a4-2bf5-4c08-9483-bd636470bc11
False,2026-04-06T01:23:19.000+00:00,2026-04-06,2026,April,04,Quarter 2,,,,,,,,,,,,,High_Risk_Description_6845847,0a8df6af-0204-4b11-a4a9-f1c25aebb43c,,,,HIGH,3,,,,3.0,,2026-04-06T01:23:30.000+00:00,2026-04-06,2026,April,04,Quarter 2,HIGH,3,,,,,,,Risk_Name_6845847,1493,,,,0,,,,,,,,HIGH,3,,,,3.0,,,,OneTrust Automation,79f09a0f-fbd7-4439-9e1e-d48abe62c98e,,,,3.0,,,,,Evaluation,Evaluation,Default Risk Workflow,9684290c-6240-4021-b599-a2dd8a864311,IDENTIFIED,IDENTIFIED,,,,,,,,,,,,,,,,General,,,,,,,,,https://Risk/Risk/0a8df6af-0204-4b11-a4a9-f1c25aebb43c,America/Godthab,b99df4a4-2bf5-4c08-9483-bd636470bc11,OTAuto02,b99df4a4-2bf5-4c08-9483-bd636470bc11
False,2026-04-06T08:23:19.000+00:00,2026-04-06,2026,April,04,Quarter 2,,,,,,,,,,,,,High_Risk_Description_6845847,0a8df6af-0204-4b11-a4a9-f1c25aebb43c,,,,HIGH,3,,,,3.0,,2026-04-06T08:23:30.000+00:00,2026-04-06,2026,April,04,Quarter 2,HIGH,3,,,,,,,Risk_Name_6845847,1493,,,,0,,,,,,,,HIGH,3,,,,3.0,,,,OneTrust Automation,79f09a0f-fbd7-4439-9e1e-d48abe62c98e,,,,3.0,,,,,Evaluation,Evaluation,Default Risk Workflow,9684290c-6240-4021-b599-a2dd8a864311,IDENTIFIED,IDENTIFIED,,,,,,,,,,,,,,,,General,,,,,,,,,https://Risk/Risk/0a8df6af-0204-4b11-a4a9-f1c25aebb43c,Asia/Urumqi,b99df4a4-2bf5-4c08-9483-bd636470bc11,OTAuto02,b99df4a4-2bf5-4c08-9483-bd636470bc11
False,2026-04-05T22:23:19.000+00:00,2026-04-05,2026,April,04,Quarter 2,,,,,,,,,,,,,High_Risk_Description_6845847,0a8df6af-0204-4b11-a4a9-f1c25aebb43c,,,,HIGH,3,,,,3.0,,2026-04-05T22:23:30.000+00:00,2026-04-05,2026,April,04,Quarter 2,HIGH,3,,,,,,,Risk_Name_6845847,1493,,,,0,,,,,,,,HIGH,3,,,,3.0,,,,OneTrust Automation,79f09a0f-fbd7-4439-9e1e-d48abe62c98e,,,,3.0,,,,,Evaluation,Evaluation,Default Risk Workflow,9684290c-6240-4021-b599-a2dd8a864311,IDENTIFIED,IDENTIFIED,,,,,,,,,,,,,,,,General,,,,,,,,,https://Risk/Risk/0a8df6af-0204-4b11-a4a9-f1c25aebb43c,Canada/Eastern,b99df4a4-2bf5-4c08-9483-bd636470bc11,OTAuto02,b99df4a4-2bf5-4c08-9483-bd636470bc11
False,2026-04-06T05:23:19.000+00:00,2026-04-06,2026,April,04,Quarter 2,,,,,,,,,,,,,High_Risk_Description_6845847,0a8df6af-0204-4b11-a4a9-f1c25aebb43c,,,,HIGH,3,,,,3.0,,2026-04-06T05:23:30.000+00:00,2026-04-06,2026,April,04,Quarter 2,HIGH,3,,,,,,,Risk_Name_6845847,1493,,,,0,,,,,,,,HIGH,3,,,,3.0,,,,OneTrust Automation,79f09a0f-fbd7-4439-9e1e-d48abe62c98e,,,,3.0,,,,,Evaluation,Evaluation,Default Risk Workflow,9684290c-6240-4021-b599-a2dd8a864311,IDENTIFIED,IDENTIFIED,,,,,,,,,,,,,,,,General,,,,,,,,,https://Risk/Risk/0a8df6af-0204-4b11-a4a9-f1c25aebb43c,Africa/Addis_Ababa,b99df4a4-2bf5-4c08-9483-bd636470bc11,OTAuto02,b99df4a4-2bf5-4c08-9483-bd636470bc11
False,2026-04-06T04:23:19.000+00:00,2026-04-06,2026,April,04,Quarter 2,,,,,,,,,,,,,High_Risk_Description_6845847,0a8df6af-0204-4b11-a4a9-f1c25aebb43c,,,,HIGH,3,,,,3.0,,2026-04-06T04:23:30.000+00:00,2026-04-06,2026,April,04,Quarter 2,HIGH,3,,,,,,,Risk_Name_6845847,1493,,,,0,,,,,,,,HIGH,3,,,,3.0,,,,OneTrust Automation,79f09a0f-fbd7-4439-9e1e-d48abe62c98e,,,,3.0,,,,,Evaluation,Evaluation,Default Risk Workflow,9684290c-6240-4021-b599-a2dd8a864311,IDENTIFIED,IDENTIFIED,,,,,,,,,,,,,,,,General,,,,,,,,,https://Risk/Risk/0a8df6af-0204-4b11-a4a9-f1c25aebb43c,Europe/Skopje,b99df4a4-2bf5-4c08-9483-bd636470bc11,OTAuto02,b99df4a4-2bf5-4c08-9483-bd636470bc11
False,2026-04-05T21:23:19.000+00:00,2026-04-05,2026,April,04,Quarter 2,,,,,,,,,,,,,High_Risk_Description_6845847,0a8df6af-0204-4b11-a4a9-f1c25aebb43c,,,,HIGH,3,,,,3.0,,2026-04-05T21:23:30.000+00:00,2026-04-05,2026,April,04,Quarter 2,HIGH,3,,,,,,,Risk_Name_6845847,1493,,,,0,,,,,,,,HIGH,3,,,,3.0,,,,OneTrust Automation,79f09a0f-fbd7-4439-9e1e-d48abe62c98e,,,,3.0,,,,,Evaluation,Evaluation,Default Risk Workflow,9684290c-6240-4021-b599-a2dd8a864311,IDENTIFIED,IDENTIFIED,,,,,,,,,,,,,,,,General,,,,,,,,,https://Risk/Risk/0a8df6af-0204-4b11-a4a9-f1c25aebb43c,America/Guayaquil,b99df4a4-2bf5-4c08-9483-bd636470bc11,OTAuto02,b99df4a4-2bf5-4c08-9483-bd636470bc11
False,2026-04-06T14:23:19.000+00:00,2026-04-06,2026,April,04,Quarter 2,,,,,,,,,,,,,High_Risk_Description_6845847,0a8df6af-0204-4b11-a4a9-f1c25aebb43c,,,,HIGH,3,,,,3.0,,2026-04-06T14:23:30.000+00:00,2026-04-06,2026,April,04,Quarter 2,HIGH,3,,,,,,,Risk_Name_6845847,1493,,,,0,,,,,,,,HIGH,3,,,,3.0,,,,OneTrust Automation,79f09a0f-fbd7-4439-9e1e-d48abe62c98e,,,,3.0,,,,,Evaluation,Evaluation,Default Risk Workflow,9684290c-6240-4021-b599-a2dd8a864311,IDENTIFIED,IDENTIFIED,,,,,,,,,,,,,,,,General,,,,,,,,,https://Risk/Risk/0a8df6af-0204-4b11-a4a9-f1c25aebb43c,Pacific/Kwajalein,b99df4a4-2bf5-4c08-9483-bd636470bc11,OTAuto02,b99df4a4-2bf5-4c08-9483-bd636470bc11
False,2026-04-05T19:23:19.000+00:00,2026-04-05,2026,April,04,Quarter 2,,,,,,,,,,,,,High_Risk_Description_6845847,0a8df6af-0204-4b11-a4a9-f1c25aebb43c,,,,HIGH,3,,,,3.0,,2026-04-05T19:23:30.000+00:00,2026-04-05,2026,April,04,Quarter 2,HIGH,3,,,,,,,Risk_Name_6845847,1493,,,,0,,,,,,,,HIGH,3,,,,3.0,,,,OneTrust Automation,79f09a0f-fbd7-4439-9e1e-d48abe62c98e,,,,3.0,,,,,Evaluation,Evaluation,Default Risk Workflow,9684290c-6240-4021-b599-a2dd8a864311,IDENTIFIED,IDENTIFIED,,,,,,,,,,,,,,,,General,,,,,,,,,https://Risk/Risk/0a8df6af-0204-4b11-a4a9-f1c25aebb43c,America/Tijuana,b99df4a4-2bf5-4c08-9483-bd636470bc11,OTAuto02,b99df4a4-2bf5-4c08-9483-bd636470bc11
False,2026-04-06T04:23:19.000+00:00,2026-04-06,2026,April,04,Quarter 2,,,,,,,,,,,,,High_Risk_Description_6845847,0a8df6af-0204-4b11-a4a9-f1c25aebb43c,,,,HIGH,3,,,,3.0,,2026-04-06T04:23:30.000+00:00,2026-04-06,2026,April,04,Quarter 2,HIGH,3,,,,,,,Risk_Name_6845847,1493,,,,0,,,,,,,,HIGH,3,,,,3.0,,,,OneTrust Automation,79f09a0f-fbd7-4439-9e1e-d48abe62c98e,,,,3.0,,,,,Evaluation,Evaluation,Default Risk Workflow,9684290c-6240-4021-b599-a2dd8a864311,IDENTIFIED,IDENTIFIED,,,,,,,,,,,,,,,,General,,,,,,,,,https://Risk/Risk/0a8df6af-0204-4b11-a4a9-f1c25aebb43c,Europe/Ljubljana,b99df4a4-2bf5-4c08-9483-bd636470bc11,OTAuto02,b99df4a4-2bf5-4c08-9483-bd636470bc11
False,2026-04-05T20:23:19.000+00:00,2026-04-05,2026,April,04,Quarter 2,,,,,,,,,,,,,High_Risk_Description_6845847,0a8df6af-0204-4b11-a4a9-f1c25aebb43c,,,,HIGH,3,,,,3.0,,2026-04-05T20:23:30.000+00:00,2026-04-05,2026,April,04,Quarter 2,HIGH,3,,,,,,,Risk_Name_6845847,1493,,,,0,,,,,,,,HIGH,3,,,,3.0,,,,OneTrust Automation,79f09a0f-fbd7-4439-9e1e-d48abe62c98e,,,,3.0,,,,,Evaluation,Evaluation,Default Risk Workflow,9684290c-6240-4021-b599-a2dd8a864311,IDENTIFIED,IDENTIFIED,,,,,,,,,,,,,,,,General,,,,,,,,,https://Risk/Risk/0a8df6af-0204-4b11-a4a9-f1c25aebb43c,Chile/EasterIsland,b99df4a4-2bf5-4c08-9483-bd636470bc11,OTAuto02,b99df4a4-2bf5-4c08-9483-bd636470bc11
False,2026-04-06T16:23:19.000+00:00,2026-04-06,2026,April,04,Quarter 2,,,,,,,,,,,,,High_Risk_Description_6845847,0a8df6af-0204-4b11-a4a9-f1c25aebb43c,,,,HIGH,3,,,,3.0,,2026-04-06T16:23:30.000+00:00,2026-04-06,2026,April,04,Quarter 2,HIGH,3,,,,,,,Risk_Name_6845847,1493,,,,0,,,,,,,,HIGH,3,,,,3.0,,,,OneTrust Automation,79f09a0f-fbd7-4439-9e1e-d48abe62c98e,,,,3.0,,,,,Evaluation,Evaluation,Default Risk Workflow,9684290c-6240-4021-b599-a2dd8a864311,IDENTIFIED,IDENTIFIED,,,,,,,,,,,,,,,,General,,,,,,,,,https://Risk/Risk/0a8df6af-0204-4b11-a4a9-f1c25aebb43c,Etc/GMT-14,b99df4a4-2bf5-4c08-9483-bd636470bc11,OTAuto02,b99df4a4-2bf5-4c08-9483-bd636470bc11
False,2026-04-06T10:23:19.000+00:00,2026-04-06,2026,April,04,Quarter 2,,,,,,,,,,,,,High_Risk_Description_6845847,0a8df6af-0204-4b11-a4a9-f1c25aebb43c,,,,HIGH,3,,,,3.0,,2026-04-06T10:23:30.000+00:00,2026-04-06,2026,April,04,Quarter 2,HIGH,3,,,,,,,Risk_Name_6845847,1493,,,,0,,,,,,,,HIGH,3,,,,3.0,,,,OneTrust Automation,79f09a0f-fbd7-4439-9e1e-d48abe62c98e,,,,3.0,,,,,Evaluation,Evaluation,Default Risk Workflow,9684290c-6240-4021-b599-a2dd8a864311,IDENTIFIED,IDENTIFIED,,,,,,,,,,,,,,,,General,,,,,,,,,https://Risk/Risk/0a8df6af-0204-4b11-a4a9-f1c25aebb43c,Asia/Macao,b99df4a4-2bf5-4c08-9483-bd636470bc11,OTAuto02,b99df4a4-2bf5-4c08-9483-bd636470bc11
False,2026-04-06T02:23:19.000+00:00,2026-04-06,2026,April,04,Quarter 2,,,,,,,,,,,,,High_Risk_Description_6845847,0a8df6af-0204-4b11-a4a9-f1c25aebb43c,,,,HIGH,3,,,,3.0,,2026-04-06T02:23:30.000+00:00,2026-04-06,2026,April,04,Quarter 2,HIGH,3,,,,,,,Risk_Name_6845847,1493,,,,0,,,,,,,,HIGH,3,,,,3.0,,,,OneTrust Automation,79f09a0f-fbd7-4439-9e1e-d48abe62c98e,,,,3.0,,,,,Evaluation,Evaluation,Default Risk Workflow,9684290c-6240-4021-b599-a2dd8a864311,IDENTIFIED,IDENTIFIED,,,,,,,,,,,,,,,,General,,,,,,,,,https://Risk/Risk/0a8df6af-0204-4b11-a4a9-f1c25aebb43c,Atlantic/Azores,b99df4a4-2bf5-4c08-9483-bd636470bc11,OTAuto02,b99df4a4-2bf5-4c08-9483-bd636470bc11
False,2026-04-05T22:23:19.000+00:00,2026-04-05,2026,April,04,Quarter 2,,,,,,,,,,,,,High_Risk_Description_6845847,0a8df6af-0204-4b11-a4a9-f1c25aebb43c,,,,HIGH,3,,,,3.0,,2026-04-05T22:23:30.000+00:00,2026-04-05,2026,April,04,Quarter 2,HIGH,3,,,,,,,Risk_Name_6845847,1493,,,,0,,,,,,,,HIGH,3,,,,3.0,,,,OneTrust Automation,79f09a0f-fbd7-4439-9e1e-d48abe62c98e,,,,3.0,,,,,Evaluation,Evaluation,Default Risk Workflow,9684290c-6240-4021-b599-a2dd8a864311,IDENTIFIED,IDENTIFIED,,,,,,,,,,,,,,,,General,,,,,,,,,https://Risk/Risk/0a8df6af-0204-4b11-a4a9-f1c25aebb43c,America/Lower_Princes,b99df4a4-2bf5-4c08-9483-bd636470bc11,OTAuto02,b99df4a4-2bf5-4c08-9483-bd636470bc11
False,2026-04-05T21:23:19.000+00:00,2026-04-05,2026,April,04,Quarter 2,,,,,,,,,,,,,High_Risk_Description_6845847,0a8df6af-0204-4b11-a4a9-f1c25aebb43c,,,,HIGH,3,,,,3.0,,2026-04-05T21:23:30.000+00:00,2026-04-05,2026,April,04,Quarter 2,HIGH,3,,,,,,,Risk_Name_6845847,1493,,,,0,,,,,,,,HIGH,3,,,,3.0,,,,OneTrust Automation,79f09a0f-fbd7-4439-9e1e-d48abe62c98e,,,,3.0,,,,,Evaluation,Evaluation,Default Risk Workflow,9684290c-6240-4021-b599-a2dd8a864311,IDENTIFIED,IDENTIFIED,,,,,,,,,,,,,,,,General,,,,,,,,,https://Risk/Risk/0a8df6af-0204-4b11-a4a9-f1c25aebb43c,America/Ojinaga,b99df4a4-2bf5-4c08-9483-bd636470bc11,OTAuto02,b99df4a4-2bf5-4c08-9483-bd636470bc11
False,2026-04-05T22:23:19.000+00:00,2026-04-05,2026,April,04,Quarter 2,,,,,,,,,,,,,High_Risk_Description_6845847,0a8df6af-0204-4b11-a4a9-f1c25aebb43c,,,,HIGH,3,,,,3.0,,2026-04-05T22:23:30.000+00:00,2026-04-05,2026,April,04,Quarter 2,HIGH,3,,,,,,,Risk_Name_6845847,1493,,,,0,,,,,,,,HIGH,3,,,,3.0,,,,OneTrust Automation,79f09a0f-fbd7-4439-9e1e-d48abe62c98e,,,,3.0,,,,,Evaluation,Evaluation,Default Risk Workflow,9684290c-6240-4021-b599-a2dd8a864311,IDENTIFIED,IDENTIFIED,,,,,,,,,,,,,,,,General,,,,,,,,,https://Risk/Risk/0a8df6af-0204-4b11-a4a9-f1c25aebb43c,America/Louisville,b99df4a4-2bf5-4c08-9483-bd636470bc11,OTAuto02,b99df4a4-2bf5-4c08-9483-bd636470bc11
False,2026-04-05T22:23:19.000+00:00,2026-04-05,2026,April,04,Quarter 2,,,,,,,,,,,,,High_Risk_Description_6845847,0a8df6af-0204-4b11-a4a9-f1c25aebb43c,,,,HIGH,3,,,,3.0,,2026-04-05T22:23:30.000+00:00,2026-04-05,2026,April,04,Quarter 2,HIGH,3,,,,,,,Risk_Name_6845847,1493,,,,0,,,,,,,,HIGH,3,,,,3.0,,,,OneTrust Automation,79f09a0f-fbd7-4439-9e1e-d48abe62c98e,,,,3.0,,,,,Evaluation,Evaluation,Default Risk Workflow,9684290c-6240-4021-b599-a2dd8a864311,IDENTIFIED,IDENTIFIED,,,,,,,,,,,,,,,,General,,,,,,,,,https://Risk/Risk/0a8df6af-0204-4b11-a4a9-f1c25aebb43c,America/Fort_Wayne,b99df4a4-2bf5-4c08-9483-bd636470bc11,OTAuto02,b99df4a4-2bf5-4c08-9483-bd636470bc11
False,2026-04-06T10:23:19.000+00:00,2026-04-06,2026,April,04,Quarter 2,,,,,,,,,,,,,High_Risk_Description_6845847,0a8df6af-0204-4b11-a4a9-f1c25aebb43c,,,,HIGH,3,,,,3.0,,2026-04-06T10:23:30.000+00:00,2026-04-06,2026,April,04,Quarter 2,HIGH,3,,,,,,,Risk_Name_6845847,1493,,,,0,,,,,,,,HIGH,3,,,,3.0,,,,OneTrust Automation,79f09a0f-fbd7-4439-9e1e-d48abe62c98e,,,,3.0,,,,,Evaluation,Evaluation,Default Risk Workflow,9684290c-6240-4021-b599-a2dd8a864311,IDENTIFIED,IDENTIFIED,,,,,,,,,,,,,,,,General,,,,,,,,,https://Risk/Risk/0a8df6af-0204-4b11-a4a9-f1c25aebb43c,Asia/Makassar,b99df4a4-2bf5-4c08-9483-bd636470bc11,OTAuto02,b99df4a4-2bf5-4c08-9483-bd636470bc11
False,2026-04-06T07:23:19.000+00:00,2026-04-06,2026,April,04,Quarter 2,,,,,,,,,,,,,High_Risk_Description_6845847,0a8df6af-0204-4b11-a4a9-f1c25aebb43c,,,,HIGH,3,,,,3.0,,2026-04-06T07:23:30.000+00:00,2026-04-06,2026,April,04,Quarter 2,HIGH,3,,,,,,,Risk_Name_6845847,1493,,,,0,,,,,,,,HIGH,3,,,,3.0,,,,OneTrust Automation,79f09a0f-fbd7-4439-9e1e-d48abe62c98e,,,,3.0,,,,,Evaluation,Evaluation,Default Risk Workflow,9684290c-6240-4021-b599-a2dd8a864311,IDENTIFIED,IDENTIFIED,,,,,,,,,,,,,,,,General,,,,,,,,,https://Risk/Risk/0a8df6af-0204-4b11-a4a9-f1c25aebb43c,Asia/Dushanbe,b99df4a4-2bf5-4c08-9483-bd636470bc11,OTAuto02,b99df4a4-2bf5-4c08-9483-bd636470bc11
False,2026-04-06T14:23:19.000+00:00,2026-04-06,2026,April,04,Quarter 2,,,,,,,,,,,,,High_Risk_Description_6845847,0a8df6af-0204-4b11-a4a9-f1c25aebb43c,,,,HIGH,3,,,,3.0,,2026-04-06T14:23:30.000+00:00,2026-04-06,2026,April,04,Quarter 2,HIGH,3,,,,,,,Risk_Name_6845847,1493,,,,0,,,,,,,,HIGH,3,,,,3.0,,,,OneTrust Automation,79f09a0f-fbd7-4439-9e1e-d48abe62c98e,,,,3.0,,,,,Evaluation,Evaluation,Default Risk Workflow,9684290c-6240-4021-b599-a2dd8a864311,IDENTIFIED,IDENTIFIED,,,,,,,,,,,,,,,,General,,,,,,,,,https://Risk/Risk/0a8df6af-0204-4b11-a4a9-f1c25aebb43c,Asia/Anadyr,b99df4a4-2bf5-4c08-9483-bd636470bc11,OTAuto02,b99df4a4-2bf5-4c08-9483-bd636470bc11
False,2026-04-06T11:23:19.000+00:00,2026-04-06,2026,April,04,Quarter 2,,,,,,,,,,,,,High_Risk_Description_6845847,0a8df6af-0204-4b11-a4a9-f1c25aebb43c,,,,HIGH,3,,,,3.0,,2026-04-06T11:23:30.000+00:00,2026-04-06,2026,April,04,Quarter 2,HIGH,3,,,,,,,Risk_Name_6845847,1493,,,,0,,,,,,,,HIGH,3,,,,3.0,,,,OneTrust Automation,79f09a0f-fbd7-4439-9e1e-d48abe62c98e,,,,3.0,,,,,Evaluation,Evaluation,Default Risk Workflow,9684290c-6240-4021-b599-a2dd8a864311,IDENTIFIED,IDENTIFIED,,,,,,,,,,,,,,,,General,,,,,,,,,https://Risk/Risk/0a8df6af-0204-4b11-a4a9-f1c25aebb43c,ROK,b99df4a4-2bf5-4c08-9483-bd636470bc11,OTAuto02,b99df4a4-2bf5-4c08-9483-bd636470bc11
False,2026-04-05T22:23:19.000+00:00,2026-04-05,2026,April,04,Quarter 2,,,,,,,,,,,,,High_Risk_Description_6845847,0a8df6af-0204-4b11-a4a9-f1c25aebb43c,,,,HIGH,3,,,,3.0,,2026-04-05T22:23:30.000+00:00,2026-04-05,2026,April,04,Quarter 2,HIGH,3,,,,,,,Risk_Name_6845847,1493,,,,0,,,,,,,,HIGH,3,,,,3.0,,,,OneTrust Automation,79f09a0f-fbd7-4439-9e1e-d48abe62c98e,,,,3.0,,,,,Evaluation,Evaluation,Default Risk Workflow,9684290c-6240-4021-b599-a2dd8a864311,IDENTIFIED,IDENTIFIED,,,,,,,,,,,,,,,,General,,,,,,,,,https://Risk/Risk/0a8df6af-0204-4b11-a4a9-f1c25aebb43c,America/Anguilla,b99df4a4-2bf5-4c08-9483-bd636470bc11,OTAuto02,b99df4a4-2bf5-4c08-9483-bd636470bc11
False,2026-04-06T04:23:19.000+00:00,2026-04-06,2026,April,04,Quarter 2,,,,,,,,,,,,,High_Risk_Description_6845847,0a8df6af-0204-4b11-a4a9-f1c25aebb43c,,,,HIGH,3,,,,3.0,,2026-04-06T04:23:30.000+00:00,2026-04-06,2026,April,04,Quarter 2,HIGH,3,,,,,,,Risk_Name_6845847,1493,,,,0,,,,,,,,HIGH,3,,,,3.0,,,,OneTrust Automation,79f09a0f-fbd7-4439-9e1e-d48abe62c98e,,,,3.0,,,,,Evaluation,Evaluation,Default Risk Workflow,9684290c-6240-4021-b599-a2dd8a864311,IDENTIFIED,IDENTIFIED,,,,,,,,,,,,,,,,General,,,,,,,,,https://Risk/Risk/0a8df6af-0204-4b11-a4a9-f1c25aebb43c,Europe/Bratislava,b99df4a4-2bf5-4c08-9483-bd636470bc11,OTAuto02,b99df4a4-2bf5-4c08-9483-bd636470bc11
False,2026-04-06T11:53:19.000+00:00,2026-04-06,2026,April,04,Quarter 2,,,,,,,,,,,,,High_Risk_Description_6845847,0a8df6af-0204-4b11-a4a9-f1c25aebb43c,,,,HIGH,3,,,,3.0,,2026-04-06T11:53:30.000+00:00,2026-04-06,2026,April,04,Quarter 2,HIGH,3,,,,,,,Risk_Name_6845847,1493,,,,0,,,,,,,,HIGH,3,,,,3.0,,,,OneTrust Automation,79f09a0f-fbd7-4439-9e1e-d48abe62c98e,,,,3.0,,,,,Evaluation,Evaluation,Default Risk Workflow,9684290c-6240-4021-b599-a2dd8a864311,IDENTIFIED,IDENTIFIED,,,,,,,,,,,,,,,,General,,,,,,,,,https://Risk/Risk/0a8df6af-0204-4b11-a4a9-f1c25aebb43c,Australia/Broken_Hill,b99df4a4-2bf5-4c08-9483-bd636470bc11,OTAuto02,b99df4a4-2bf5-4c08-9483-bd636470bc11
False,2026-04-05T15:23:19.000+00:00,2026-04-05,2026,April,04,Quarter 2,,,,,,,,,,,,,High_Risk_Description_6845847,0a8df6af-0204-4b11-a4a9-f1c25aebb43c,,,,HIGH,3,,,,3.0,,2026-04-05T15:23:30.000+00:00,2026-04-05,2026,April,04,Quarter 2,HIGH,3,,,,,,,Risk_Name_6845847,1493,,,,0,,,,,,,,HIGH,3,,,,3.0,,,,OneTrust Automation,79f09a0f-fbd7-4439-9e1e-d48abe62c98e,,,,3.0,,,,,Evaluation,Evaluation,Default Risk Workflow,9684290c-6240-4021-b599-a2dd8a864311,IDENTIFIED,IDENTIFIED,,,,,,,,,,,,,,,,General,,,,,,,,,https://Risk/Risk/0a8df6af-0204-4b11-a4a9-f1c25aebb43c,Pacific/Niue,b99df4a4-2bf5-4c08-9483-bd636470bc11,OTAuto02,b99df4a4-2bf5-4c08-9483-bd636470bc11
False,2026-04-05T22:23:19.000+00:00,2026-04-05,2026,April,04,Quarter 2,,,,,,,,,,,,,High_Risk_Description_6845847,0a8df6af-0204-4b11-a4a9-f1c25aebb43c,,,,HIGH,3,,,,3.0,,2026-04-05T22:23:30.000+00:00,2026-04-05,2026,April,04,Quarter 2,HIGH,3,,,,,,,Risk_Name_6845847,1493,,,,0,,,,,,,,HIGH,3,,,,3.0,,,,OneTrust Automation,79f09a0f-fbd7-4439-9e1e-d48abe62c98e,,,,3.0,,,,,Evaluation,Evaluation,Default Risk Workflow,9684290c-6240-4021-b599-a2dd8a864311,IDENTIFIED,IDENTIFIED,,,,,,,,,,,,,,,,General,,,,,,,,,https://Risk/Risk/0a8df6af-0204-4b11-a4a9-f1c25aebb43c,America/Pangnirtung,b99df4a4-2bf5-4c08-9483-bd636470bc11,OTAuto02,b99df4a4-2bf5-4c08-9483-bd636470bc11
False,2026-04-06T11:23:19.000+00:00,2026-04-06,2026,April,04,Quarter 2,,,,,,,,,,,,,High_Risk_Description_6845847,0a8df6af-0204-4b11-a4a9-f1c25aebb43c,,,,HIGH,3,,,,3.0,,2026-04-06T11:23:30.000+00:00,2026-04-06,2026,April,04,Quarter 2,HIGH,3,,,,,,,Risk_Name_6845847,1493,,,,0,,,,,,,,HIGH,3,,,,3.0,,,,OneTrust Automation,79f09a0f-fbd7-4439-9e1e-d48abe62c98e,,,,3.0,,,,,Evaluation,Evaluation,Default Risk Workflow,9684290c-6240-4021-b599-a2dd8a864311,IDENTIFIED,IDENTIFIED,,,,,,,,,,,,,,,,General,,,,,,,,,https://Risk/Risk/0a8df6af-0204-4b11-a4a9-f1c25aebb43c,Asia/Seoul,b99df4a4-2bf5-4c08-9483-bd636470bc11,OTAuto02,b99df4a4-2bf5-4c08-9483-bd636470bc11
False,2026-04-06T04:23:19.000+00:00,2026-04-06,2026,April,04,Quarter 2,,,,,,,,,,,,,High_Risk_Description_6845847,0a8df6af-0204-4b11-a4a9-f1c25aebb43c,,,,HIGH,3,,,,3.0,,2026-04-06T04:23:30.000+00:00,2026-04-06,2026,April,04,Quarter 2,HIGH,3,,,,,,,Risk_Name_6845847,1493,,,,0,,,,,,,,HIGH,3,,,,3.0,,,,OneTrust Automation,79f09a0f-fbd7-4439-9e1e-d48abe62c98e,,,,3.0,,,,,Evaluation,Evaluation,Default Risk Workflow,9684290c-6240-4021-b599-a2dd8a864311,IDENTIFIED,IDENTIFIED,,,,,,,,,,,,,,,,General,,,,,,,,,https://Risk/Risk/0a8df6af-0204-4b11-a4a9-f1c25aebb43c,Europe/Berlin,b99df4a4-2bf5-4c08-9483-bd636470bc11,OTAuto02,b99df4a4-2bf5-4c08-9483-bd636470bc11
False,2026-04-06T02:23:19.000+00:00,2026-04-06,2026,April,04,Quarter 2,,,,,,,,,,,,,High_Risk_Description_6845847,0a8df6af-0204-4b11-a4a9-f1c25aebb43c,,,,HIGH,3,,,,3.0,,2026-04-06T02:23:30.000+00:00,2026-04-06,2026,April,04,Quarter 2,HIGH,3,,,,,,,Risk_Name_6845847,1493,,,,0,,,,,,,,HIGH,3,,,,3.0,,,,OneTrust Automation,79f09a0f-fbd7-4439-9e1e-d48abe62c98e,,,,3.0,,,,,Evaluation,Evaluation,Default Risk Workflow,9684290c-6240-4021-b599-a2dd8a864311,IDENTIFIED,IDENTIFIED,,,,,,,,,,,,,,,,General,,,,,,,,,https://Risk/Risk/0a8df6af-0204-4b11-a4a9-f1c25aebb43c,Atlantic/St_Helena,b99df4a4-2bf5-4c08-9483-bd636470bc11,OTAuto02,b99df4a4-2bf5-4c08-9483-bd636470bc11
False,2026-04-06T04:23:19.000+00:00,2026-04-06,2026,April,04,Quarter 2,,,,,,,,,,,,,High_Risk_Description_6845847,0a8df6af-0204-4b11-a4a9-f1c25aebb43c,,,,HIGH,3,,,,3.0,,2026-04-06T04:23:30.000+00:00,2026-04-06,2026,April,04,Quarter 2,HIGH,3,,,,,,,Risk_Name_6845847,1493,,,,0,,,,,,,,HIGH,3,,,,3.0,,,,OneTrust Automation,79f09a0f-fbd7-4439-9e1e-d48abe62c98e,,,,3.0,,,,,Evaluation,Evaluation,Default Risk Workflow,9684290c-6240-4021-b599-a2dd8a864311,IDENTIFIED,IDENTIFIED,,,,,,,,,,,,,,,,General,,,,,,,,,https://Risk/Risk/0a8df6af-0204-4b11-a4a9-f1c25aebb43c,Europe/Brussels,b99df4a4-2bf5-4c08-9483-bd636470bc11,OTAuto02,b99df4a4-2bf5-4c08-9483-bd636470bc11
False,2026-04-05T19:23:19.000+00:00,2026-04-05,2026,April,04,Quarter 2,,,,,,,,,,,,,High_Risk_Description_6845847,0a8df6af-0204-4b11-a4a9-f1c25aebb43c,,,,HIGH,3,,,,3.0,,2026-04-05T19:23:30.000+00:00,2026-04-05,2026,April,04,Quarter 2,HIGH,3,,,,,,,Risk_Name_6845847,1493,,,,0,,,,,,,,HIGH,3,,,,3.0,,,,OneTrust Automation,79f09a0f-fbd7-4439-9e1e-d48abe62c98e,,,,3.0,,,,,Evaluation,Evaluation,Default Risk Workflow,9684290c-6240-4021-b599-a2dd8a864311,IDENTIFIED,IDENTIFIED,,,,,,,,,,,,,,,,General,,,,,,,,,https://Risk/Risk/0a8df6af-0204-4b11-a4a9-f1c25aebb43c,America/Hermosillo,b99df4a4-2bf5-4c08-9483-bd636470bc11,OTAuto02,b99df4a4-2bf5-4c08-9483-bd636470bc11
False,2026-04-05T16:23:19.000+00:00,2026-04-05,2026,April,04,Quarter 2,,,,,,,,,,,,,High_Risk_Description_6845847,0a8df6af-0204-4b11-a4a9-f1c25aebb43c,,,,HIGH,3,,,,3.0,,2026-04-05T16:23:30.000+00:00,2026-04-05,2026,April,04,Quarter 2,HIGH,3,,,,,,,Risk_Name_6845847,1493,,,,0,,,,,,,,HIGH,3,,,,3.0,,,,OneTrust Automation,79f09a0f-fbd7-4439-9e1e-d48abe62c98e,,,,3.0,,,,,Evaluation,Evaluation,Default Risk Workflow,9684290c-6240-4021-b599-a2dd8a864311,IDENTIFIED,IDENTIFIED,,,,,,,,,,,,,,,,General,,,,,,,,,https://Risk/Risk/0a8df6af-0204-4b11-a4a9-f1c25aebb43c,US/Hawaii,b99df4a4-2bf5-4c08-9483-bd636470bc11,OTAuto02,b99df4a4-2bf5-4c08-9483-bd636470bc11
False,2026-04-06T05:23:19.000+00:00,2026-04-06,2026,April,04,Quarter 2,,,,,,,,,,,,,High_Risk_Description_6845847,0a8df6af-0204-4b11-a4a9-f1c25aebb43c,,,,HIGH,3,,,,3.0,,2026-04-06T05:23:30.000+00:00,2026-04-06,2026,April,04,Quarter 2,HIGH,3,,,,,,,Risk_Name_6845847,1493,,,,0,,,,,,,,HIGH,3,,,,3.0,,,,OneTrust Automation,79f09a0f-fbd7-4439-9e1e-d48abe62c98e,,,,3.0,,,,,Evaluation,Evaluation,Default Risk Workflow,9684290c-6240-4021-b599-a2dd8a864311,IDENTIFIED,IDENTIFIED,,,,,,,,,,,,,,,,General,,,,,,,,,https://Risk/Risk/0a8df6af-0204-4b11-a4a9-f1c25aebb43c,Europe/Chisinau,b99df4a4-2bf5-4c08-9483-bd636470bc11,OTAuto02,b99df4a4-2bf5-4c08-9483-bd636470bc11
False,2026-04-06T12:53:19.000+00:00,2026-04-06,2026,April,04,Quarter 2,,,,,,,,,,,,,High_Risk_Description_6845847,0a8df6af-0204-4b11-a4a9-f1c25aebb43c,,,,HIGH,3,,,,3.0,,2026-04-06T12:53:30.000+00:00,2026-04-06,2026,April,04,Quarter 2,HIGH,3,,,,,,,Risk_Name_6845847,1493,,,,0,,,,,,,,HIGH,3,,,,3.0,,,,OneTrust Automation,79f09a0f-fbd7-4439-9e1e-d48abe62c98e,,,,3.0,,,,,Evaluation,Evaluation,Default Risk Workflow,9684290c-6240-4021-b599-a2dd8a864311,IDENTIFIED,IDENTIFIED,,,,,,,,,,,,,,,,General,,,,,,,,,https://Risk/Risk/0a8df6af-0204-4b11-a4a9-f1c25aebb43c,Australia/LHI,b99df4a4-2bf5-4c08-9483-bd636470bc11,OTAuto02,b99df4a4-2bf5-4c08-9483-bd636470bc11
False,2026-04-05T20:23:19.000+00:00,2026-04-05,2026,April,04,Quarter 2,,,,,,,,,,,,,High_Risk_Description_6845847,0a8df6af-0204-4b11-a4a9-f1c25aebb43c,,,,HIGH,3,,,,3.0,,2026-04-05T20:23:30.000+00:00,2026-04-05,2026,April,04,Quarter 2,HIGH,3,,,,,,,Risk_Name_6845847,1493,,,,0,,,,,,,,HIGH,3,,,,3.0,,,,OneTrust Automation,79f09a0f-fbd7-4439-9e1e-d48abe62c98e,,,,3.0,,,,,Evaluation,Evaluation,Default Risk Workflow,9684290c-6240-4021-b599-a2dd8a864311,IDENTIFIED,IDENTIFIED,,,,,,,,,,,,,,,,General,,,,,,,,,https://Risk/Risk/0a8df6af-0204-4b11-a4a9-f1c25aebb43c,America/Merida,b99df4a4-2bf5-4c08-9483-bd636470bc11,OTAuto02,b99df4a4-2bf5-4c08-9483-bd636470bc11
False,2026-04-06T07:23:19.000+00:00,2026-04-06,2026,April,04,Quarter 2,,,,,,,,,,,,,High_Risk_Description_6845847,0a8df6af-0204-4b11-a4a9-f1c25aebb43c,,,,HIGH,3,,,,3.0,,2026-04-06T07:23:30.000+00:00,2026-04-06,2026,April,04,Quarter 2,HIGH,3,,,,,,,Risk_Name_6845847,1493,,,,0,,,,,,,,HIGH,3,,,,3.0,,,,OneTrust Automation,79f09a0f-fbd7-4439-9e1e-d48abe62c98e,,,,3.0,,,,,Evaluation,Evaluation,Default Risk Workflow,9684290c-6240-4021-b599-a2dd8a864311,IDENTIFIED,IDENTIFIED,,,,,,,,,,,,,,,,General,,,,,,,,,https://Risk/Risk/0a8df6af-0204-4b11-a4a9-f1c25aebb43c,Asia/Qostanay,b99df4a4-2bf5-4c08-9483-bd636470bc11,OTAuto02,b99df4a4-2bf5-4c08-9483-bd636470bc11
False,2026-04-06T03:23:19.000+00:00,2026-04-06,2026,April,04,Quarter 2,,,,,,,,,,,,,High_Risk_Description_6845847,0a8df6af-0204-4b11-a4a9-f1c25aebb43c,,,,HIGH,3,,,,3.0,,2026-04-06T03:23:30.000+00:00,2026-04-06,2026,April,04,Quarter 2,HIGH,3,,,,,,,Risk_Name_6845847,1493,,,,0,,,,,,,,HIGH,3,,,,3.0,,,,OneTrust Automation,79f09a0f-fbd7-4439-9e1e-d48abe62c98e,,,,3.0,,,,,Evaluation,Evaluation,Default Risk Workflow,9684290c-6240-4021-b599-a2dd8a864311,IDENTIFIED,IDENTIFIED,,,,,,,,,,,,,,,,General,,,,,,,,,https://Risk/Risk/0a8df6af-0204-4b11-a4a9-f1c25aebb43c,Africa/Casablanca,b99df4a4-2bf5-4c08-9483-bd636470bc11,OTAuto02,b99df4a4-2bf5-4c08-9483-bd636470bc11
False,2026-04-06T05:53:19.000+00:00,2026-04-06,2026,April,04,Quarter 2,,,,,,,,,,,,,High_Risk_Description_6845847,0a8df6af-0204-4b11-a4a9-f1c25aebb43c,,,,HIGH,3,,,,3.0,,2026-04-06T05:53:30.000+00:00,2026-04-06,2026,April,04,Quarter 2,HIGH,3,,,,,,,Risk_Name_6845847,1493,,,,0,,,,,,,,HIGH,3,,,,3.0,,,,OneTrust Automation,79f09a0f-fbd7-4439-9e1e-d48abe62c98e,,,,3.0,,,,,Evaluation,Evaluation,Default Risk Workflow,9684290c-6240-4021-b599-a2dd8a864311,IDENTIFIED,IDENTIFIED,,,,,,,,,,,,,,,,General,,,,,,,,,https://Risk/Risk/0a8df6af-0204-4b11-a4a9-f1c25aebb43c,Iran,b99df4a4-2bf5-4c08-9483-bd636470bc11,OTAuto02,b99df4a4-2bf5-4c08-9483-bd636470bc11
False,2026-04-06T03:23:19.000+00:00,2026-04-06,2026,April,04,Quarter 2,,,,,,,,,,,,,High_Risk_Description_6845847,0a8df6af-0204-4b11-a4a9-f1c25aebb43c,,,,HIGH,3,,,,3.0,,2026-04-06T03:23:30.000+00:00,2026-04-06,2026,April,04,Quarter 2,HIGH,3,,,,,,,Risk_Name_6845847,1493,,,,0,,,,,,,,HIGH,3,,,,3.0,,,,OneTrust Automation,79f09a0f-fbd7-4439-9e1e-d48abe62c98e,,,,3.0,,,,,Evaluation,Evaluation,Default Risk Workflow,9684290c-6240-4021-b599-a2dd8a864311,IDENTIFIED,IDENTIFIED,,,,,,,,,,,,,,,,General,,,,,,,,,https://Risk/Risk/0a8df6af-0204-4b11-a4a9-f1c25aebb43c,Atlantic/Faeroe,b99df4a4-2bf5-4c08-9483-bd636470bc11,OTAuto02,b99df4a4-2bf5-4c08-9483-bd636470bc11
False,2026-04-06T04:23:19.000+00:00,2026-04-06,2026,April,04,Quarter 2,,,,,,,,,,,,,High_Risk_Description_6845847,0a8df6af-0204-4b11-a4a9-f1c25aebb43c,,,,HIGH,3,,,,3.0,,2026-04-06T04:23:30.000+00:00,2026-04-06,2026,April,04,Quarter 2,HIGH,3,,,,,,,Risk_Name_6845847,1493,,,,0,,,,,,,,HIGH,3,,,,3.0,,,,OneTrust Automation,79f09a0f-fbd7-4439-9e1e-d48abe62c98e,,,,3.0,,,,,Evaluation,Evaluation,Default Risk Workflow,9684290c-6240-4021-b599-a2dd8a864311,IDENTIFIED,IDENTIFIED,,,,,,,,,,,,,,,,General,,,,,,,,,https://Risk/Risk/0a8df6af-0204-4b11-a4a9-f1c25aebb43c,Antarctica/Troll,b99df4a4-2bf5-4c08-9483-bd636470bc11,OTAuto02,b99df4a4-2bf5-4c08-9483-bd636470bc11
False,2026-04-06T04:23:19.000+00:00,2026-04-06,2026,April,04,Quarter 2,,,,,,,,,,,,,High_Risk_Description_6845847,0a8df6af-0204-4b11-a4a9-f1c25aebb43c,,,,HIGH,3,,,,3.0,,2026-04-06T04:23:30.000+00:00,2026-04-06,2026,April,04,Quarter 2,HIGH,3,,,,,,,Risk_Name_6845847,1493,,,,0,,,,,,,,HIGH,3,,,,3.0,,,,OneTrust Automation,79f09a0f-fbd7-4439-9e1e-d48abe62c98e,,,,3.0,,,,,Evaluation,Evaluation,Default Risk Workflow,9684290c-6240-4021-b599-a2dd8a864311,IDENTIFIED,IDENTIFIED,,,,,,,,,,,,,,,,General,,,,,,,,,https://Risk/Risk/0a8df6af-0204-4b11-a4a9-f1c25aebb43c,Africa/Maseru,b99df4a4-2bf5-4c08-9483-bd636470bc11,OTAuto02,b99df4a4-2bf5-4c08-9483-bd636470bc11
False,2026-04-06T05:23:19.000+00:00,2026-04-06,2026,April,04,Quarter 2,,,,,,,,,,,,,High_Risk_Description_6845847,0a8df6af-0204-4b11-a4a9-f1c25aebb43c,,,,HIGH,3,,,,3.0,,2026-04-06T05:23:30.000+00:00,2026-04-06,2026,April,04,Quarter 2,HIGH,3,,,,,,,Risk_Name_6845847,1493,,,,0,,,,,,,,HIGH,3,,,,3.0,,,,OneTrust Automation,79f09a0f-fbd7-4439-9e1e-d48abe62c98e,,,,3.0,,,,,Evaluation,Evaluation,Default Risk Workflow,9684290c-6240-4021-b599-a2dd8a864311,IDENTIFIED,IDENTIFIED,,,,,,,,,,,,,,,,General,,,,,,,,,https://Risk/Risk/0a8df6af-0204-4b11-a4a9-f1c25aebb43c,Asia/Aden,b99df4a4-2bf5-4c08-9483-bd636470bc11,OTAuto02,b99df4a4-2bf5-4c08-9483-bd636470bc11
False,2026-04-05T17:23:19.000+00:00,2026-04-05,2026,April,04,Quarter 2,,,,,,,,,,,,,High_Risk_Description_6845847,0a8df6af-0204-4b11-a4a9-f1c25aebb43c,,,,HIGH,3,,,,3.0,,2026-04-05T17:23:30.000+00:00,2026-04-05,2026,April,04,Quarter 2,HIGH,3,,,,,,,Risk_Name_6845847,1493,,,,0,,,,,,,,HIGH,3,,,,3.0,,,,OneTrust Automation,79f09a0f-fbd7-4439-9e1e-d48abe62c98e,,,,3.0,,,,,Evaluation,Evaluation,Default Risk Workflow,9684290c-6240-4021-b599-a2dd8a864311,IDENTIFIED,IDENTIFIED,,,,,,,,,,,,,,,,General,,,,,,,,,https://Risk/Risk/0a8df6af-0204-4b11-a4a9-f1c25aebb43c,America/Adak,b99df4a4-2bf5-4c08-9483-bd636470bc11,OTAuto02,b99df4a4-2bf5-4c08-9483-bd636470bc11
False,2026-04-06T04:23:19.000+00:00,2026-04-06,2026,April,04,Quarter 2,,,,,,,,,,,,,High_Risk_Description_6845847,0a8df6af-0204-4b11-a4a9-f1c25aebb43c,,,,HIGH,3,,,,3.0,,2026-04-06T04:23:30.000+00:00,2026-04-06,2026,April,04,Quarter 2,HIGH,3,,,,,,,Risk_Name_6845847,1493,,,,0,,,,,,,,HIGH,3,,,,3.0,,,,OneTrust Automation,79f09a0f-fbd7-4439-9e1e-d48abe62c98e,,,,3.0,,,,,Evaluation,Evaluation,Default Risk Workflow,9684290c-6240-4021-b599-a2dd8a864311,IDENTIFIED,IDENTIFIED,,,,,,,,,,,,,,,,General,,,,,,,,,https://Risk/Risk/0a8df6af-0204-4b11-a4a9-f1c25aebb43c,Africa/Bujumbura,b99df4a4-2bf5-4c08-9483-bd636470bc11,OTAuto02,b99df4a4-2bf5-4c08-9483-bd636470bc11
False,2026-04-06T04:23:19.000+00:00,2026-04-06,2026,April,04,Quarter 2,,,,,,,,,,,,,High_Risk_Description_6845847,0a8df6af-0204-4b11-a4a9-f1c25aebb43c,,,,HIGH,3,,,,3.0,,2026-04-06T04:23:30.000+00:00,2026-04-06,2026,April,04,Quarter 2,HIGH,3,,,,,,,Risk_Name_6845847,1493,,,,0,,,,,,,,HIGH,3,,,,3.0,,,,OneTrust Automation,79f09a0f-fbd7-4439-9e1e-d48abe62c98e,,,,3.0,,,,,Evaluation,Evaluation,Default Risk Workflow,9684290c-6240-4021-b599-a2dd8a864311,IDENTIFIED,IDENTIFIED,,,,,,,,,,,,,,,,General,,,,,,,,,https://Risk/Risk/0a8df6af-0204-4b11-a4a9-f1c25aebb43c,Africa/Blantyre,b99df4a4-2bf5-4c08-9483-bd636470bc11,OTAuto02,b99df4a4-2bf5-4c08-9483-bd636470bc11
False,2026-04-05T15:23:19.000+00:00,2026-04-05,2026,April,04,Quarter 2,,,,,,,,,,,,,High_Risk_Description_6845847,0a8df6af-0204-4b11-a4a9-f1c25aebb43c,,,,HIGH,3,,,,3.0,,2026-04-05T15:23:30.000+00:00,2026-04-05,2026,April,04,Quarter 2,HIGH,3,,,,,,,Risk_Name_6845847,1493,,,,0,,,,,,,,HIGH,3,,,,3.0,,,,OneTrust Automation,79f09a0f-fbd7-4439-9e1e-d48abe62c98e,,,,3.0,,,,,Evaluation,Evaluation,Default Risk Workflow,9684290c-6240-4021-b599-a2dd8a864311,IDENTIFIED,IDENTIFIED,,,,,,,,,,,,,,,,General,,,,,,,,,https://Risk/Risk/0a8df6af-0204-4b11-a4a9-f1c25aebb43c,Etc/GMT+11,b99df4a4-2bf5-4c08-9483-bd636470bc11,OTAuto02,b99df4a4-2bf5-4c08-9483-bd636470bc11
False,2026-04-06T00:23:19.000+00:00,2026-04-06,2026,April,04,Quarter 2,,,,,,,,,,,,,High_Risk_Description_6845847,0a8df6af-0204-4b11-a4a9-f1c25aebb43c,,,,HIGH,3,,,,3.0,,2026-04-06T00:23:30.000+00:00,2026-04-06,2026,April,04,Quarter 2,HIGH,3,,,,,,,Risk_Name_6845847,1493,,,,0,,,,,,,,HIGH,3,,,,3.0,,,,OneTrust Automation,79f09a0f-fbd7-4439-9e1e-d48abe62c98e,,,,3.0,,,,,Evaluation,Evaluation,Default Risk Workflow,9684290c-6240-4021-b599-a2dd8a864311,IDENTIFIED,IDENTIFIED,,,,,,,,,,,,,,,,General,,,,,,,,,https://Risk/Risk/0a8df6af-0204-4b11-a4a9-f1c25aebb43c,America/Miquelon,b99df4a4-2bf5-4c08-9483-bd636470bc11,OTAuto02,b99df4a4-2bf5-4c08-9483-bd636470bc11
False,2026-04-06T08:23:19.000+00:00,2026-04-06,2026,April,04,Quarter 2,,,,,,,,,,,,,High_Risk_Description_6845847,0a8df6af-0204-4b11-a4a9-f1c25aebb43c,,,,HIGH,3,,,,3.0,,2026-04-06T08:23:30.000+00:00,2026-04-06,2026,April,04,Quarter 2,HIGH,3,,,,,,,Risk_Name_6845847,1493,,,,0,,,,,,,,HIGH,3,,,,3.0,,,,OneTrust Automation,79f09a0f-fbd7-4439-9e1e-d48abe62c98e,,,,3.0,,,,,Evaluation,Evaluation,Default Risk Workflow,9684290c-6240-4021-b599-a2dd8a864311,IDENTIFIED,IDENTIFIED,,,,,,,,,,,,,,,,General,,,,,,,,,https://Risk/Risk/0a8df6af-0204-4b11-a4a9-f1c25aebb43c,Asia/Omsk,b99df4a4-2bf5-4c08-9483-bd636470bc11,OTAuto02,b99df4a4-2bf5-4c08-9483-bd636470bc11
False,2026-04-06T03:23:19.000+00:00,2026-04-06,2026,April,04,Quarter 2,,,,,,,,,,,,,High_Risk_Description_6845847,0a8df6af-0204-4b11-a4a9-f1c25aebb43c,,,,HIGH,3,,,,3.0,,2026-04-06T03:23:30.000+00:00,2026-04-06,2026,April,04,Quarter 2,HIGH,3,,,,,,,Risk_Name_6845847,1493,,,,0,,,,,,,,HIGH,3,,,,3.0,,,,OneTrust Automation,79f09a0f-fbd7-4439-9e1e-d48abe62c98e,,,,3.0,,,,,Evaluation,Evaluation,Default Risk Workflow,9684290c-6240-4021-b599-a2dd8a864311,IDENTIFIED,IDENTIFIED,,,,,,,,,,,,,,,,General,,,,,,,,,https://Risk/Risk/0a8df6af-0204-4b11-a4a9-f1c25aebb43c,WET,b99df4a4-2bf5-4c08-9483-bd636470bc11,OTAuto02,b99df4a4-2bf5-4c08-9483-bd636470bc11
False,2026-04-06T04:23:19.000+00:00,2026-04-06,2026,April,04,Quarter 2,,,,,,,,,,,,,High_Risk_Description_6845847,0a8df6af-0204-4b11-a4a9-f1c25aebb43c,,,,HIGH,3,,,,3.0,,2026-04-06T04:23:30.000+00:00,2026-04-06,2026,April,04,Quarter 2,HIGH,3,,,,,,,Risk_Name_6845847,1493,,,,0,,,,,,,,HIGH,3,,,,3.0,,,,OneTrust Automation,79f09a0f-fbd7-4439-9e1e-d48abe62c98e,,,,3.0,,,,,Evaluation,Evaluation,Default Risk Workflow,9684290c-6240-4021-b599-a2dd8a864311,IDENTIFIED,IDENTIFIED,,,,,,,,,,,,,,,,General,,,,,,,,,https://Risk/Risk/0a8df6af-0204-4b11-a4a9-f1c25aebb43c,Etc/GMT-2,b99df4a4-2bf5-4c08-9483-bd636470bc11,OTAuto02,b99df4a4-2bf5-4c08-9483-bd636470bc11
False,2026-04-06T05:23:19.000+00:00,2026-04-06,2026,April,04,Quarter 2,,,,,,,,,,,,,High_Risk_Description_6845847,0a8df6af-0204-4b11-a4a9-f1c25aebb43c,,,,HIGH,3,,,,3.0,,2026-04-06T05:23:30.000+00:00,2026-04-06,2026,April,04,Quarter 2,HIGH,3,,,,,,,Risk_Name_6845847,1493,,,,0,,,,,,,,HIGH,3,,,,3.0,,,,OneTrust Automation,79f09a0f-fbd7-4439-9e1e-d48abe62c98e,,,,3.0,,,,,Evaluation,Evaluation,Default Risk Workflow,9684290c-6240-4021-b599-a2dd8a864311,IDENTIFIED,IDENTIFIED,,,,,,,,,,,,,,,,General,,,,,,,,,https://Risk/Risk/0a8df6af-0204-4b11-a4a9-f1c25aebb43c,Turkey,b99df4a4-2bf5-4c08-9483-bd636470bc11,OTAuto02,b99df4a4-2bf5-4c08-9483-bd636470bc11
False,2026-04-06T11:53:19.000+00:00,2026-04-06,2026,April,04,Quarter 2,,,,,,,,,,,,,High_Risk_Description_6845847,0a8df6af-0204-4b11-a4a9-f1c25aebb43c,,,,HIGH,3,,,,3.0,,2026-04-06T11:53:30.000+00:00,2026-04-06,2026,April,04,Quarter 2,HIGH,3,,,,,,,Risk_Name_6845847,1493,,,,0,,,,,,,,HIGH,3,,,,3.0,,,,OneTrust Automation,79f09a0f-fbd7-4439-9e1e-d48abe62c98e,,,,3.0,,,,,Evaluation,Evaluation,Default Risk Workflow,9684290c-6240-4021-b599-a2dd8a864311,IDENTIFIED,IDENTIFIED,,,,,,,,,,,,,,,,General,,,,,,,,,https://Risk/Risk/0a8df6af-0204-4b11-a4a9-f1c25aebb43c,Australia/Darwin,b99df4a4-2bf5-4c08-9483-bd636470bc11,OTAuto02,b99df4a4-2bf5-4c08-9483-bd636470bc11
False,2026-04-06T04:23:19.000+00:00,2026-04-06,2026,April,04,Quarter 2,,,,,,,,,,,,,High_Risk_Description_6845847,0a8df6af-0204-4b11-a4a9-f1c25aebb43c,,,,HIGH,3,,,,3.0,,2026-04-06T04:23:30.000+00:00,2026-04-06,2026,April,04,Quarter 2,HIGH,3,,,,,,,Risk_Name_6845847,1493,,,,0,,,,,,,,HIGH,3,,,,3.0,,,,OneTrust Automation,79f09a0f-fbd7-4439-9e1e-d48abe62c98e,,,,3.0,,,,,Evaluation,Evaluation,Default Risk Workflow,9684290c-6240-4021-b599-a2dd8a864311,IDENTIFIED,IDENTIFIED,,,,,,,,,,,,,,,,General,,,,,,,,,https://Risk/Risk/0a8df6af-0204-4b11-a4a9-f1c25aebb43c,Africa/Khartoum,b99df4a4-2bf5-4c08-9483-bd636470bc11,OTAuto02,b99df4a4-2bf5-4c08-9483-bd636470bc11
False,2026-04-06T08:23:19.000+00:00,2026-04-06,2026,April,04,Quarter 2,,,,,,,,,,,,,High_Risk_Description_6845847,0a8df6af-0204-4b11-a4a9-f1c25aebb43c,,,,HIGH,3,,,,3.0,,2026-04-06T08:23:30.000+00:00,2026-04-06,2026,April,04,Quarter 2,HIGH,3,,,,,,,Risk_Name_6845847,1493,,,,0,,,,,,,,HIGH,3,,,,3.0,,,,OneTrust Automation,79f09a0f-fbd7-4439-9e1e-d48abe62c98e,,,,3.0,,,,,Evaluation,Evaluation,Default Risk Workflow,9684290c-6240-4021-b599-a2dd8a864311,IDENTIFIED,IDENTIFIED,,,,,,,,,,,,,,,,General,,,,,,,,,https://Risk/Risk/0a8df6af-0204-4b11-a4a9-f1c25aebb43c,Asia/Kashgar,b99df4a4-2bf5-4c08-9483-bd636470bc11,OTAuto02,b99df4a4-2bf5-4c08-9483-bd636470bc11
False,2026-04-06T14:23:19.000+00:00,2026-04-06,2026,April,04,Quarter 2,,,,,,,,,,,,,High_Risk_Description_6845847,0a8df6af-0204-4b11-a4a9-f1c25aebb43c,,,,HIGH,3,,,,3.0,,2026-04-06T14:23:30.000+00:00,2026-04-06,2026,April,04,Quarter 2,HIGH,3,,,,,,,Risk_Name_6845847,1493,,,,0,,,,,,,,HIGH,3,,,,3.0,,,,OneTrust Automation,79f09a0f-fbd7-4439-9e1e-d48abe62c98e,,,,3.0,,,,,Evaluation,Evaluation,Default Risk Workflow,9684290c-6240-4021-b599-a2dd8a864311,IDENTIFIED,IDENTIFIED,,,,,,,,,,,,,,,,General,,,,,,,,,https://Risk/Risk/0a8df6af-0204-4b11-a4a9-f1c25aebb43c,Pacific/Funafuti,b99df4a4-2bf5-4c08-9483-bd636470bc11,OTAuto02,b99df4a4-2bf5-4c08-9483-bd636470bc11
False,2026-04-05T15:23:19.000+00:00,2026-04-05,2026,April,04,Quarter 2,,,,,,,,,,,,,High_Risk_Description_6845847,0a8df6af-0204-4b11-a4a9-f1c25aebb43c,,,,HIGH,3,,,,3.0,,2026-04-05T15:23:30.000+00:00,2026-04-05,2026,April,04,Quarter 2,HIGH,3,,,,,,,Risk_Name_6845847,1493,,,,0,,,,,,,,HIGH,3,,,,3.0,,,,OneTrust Automation,79f09a0f-fbd7-4439-9e1e-d48abe62c98e,,,,3.0,,,,,Evaluation,Evaluation,Default Risk Workflow,9684290c-6240-4021-b599-a2dd8a864311,IDENTIFIED,IDENTIFIED,,,,,,,,,,,,,,,,General,,,,,,,,,https://Risk/Risk/0a8df6af-0204-4b11-a4a9-f1c25aebb43c,Pacific/Samoa,b99df4a4-2bf5-4c08-9483-bd636470bc11,OTAuto02,b99df4a4-2bf5-4c08-9483-bd636470bc11
False,2026-04-05T19:23:19.000+00:00,2026-04-05,2026,April,04,Quarter 2,,,,,,,,,,,,,High_Risk_Description_6845847,0a8df6af-0204-4b11-a4a9-f1c25aebb43c,,,,HIGH,3,,,,3.0,,2026-04-05T19:23:30.000+00:00,2026-04-05,2026,April,04,Quarter 2,HIGH,3,,,,,,,Risk_Name_6845847,1493,,,,0,,,,,,,,HIGH,3,,,,3.0,,,,OneTrust Automation,79f09a0f-fbd7-4439-9e1e-d48abe62c98e,,,,3.0,,,,,Evaluation,Evaluation,Default Risk Workflow,9684290c-6240-4021-b599-a2dd8a864311,IDENTIFIED,IDENTIFIED,,,,,,,,,,,,,,,,General,,,,,,,,,https://Risk/Risk/0a8df6af-0204-4b11-a4a9-f1c25aebb43c,America/Los_Angeles,b99df4a4-2bf5-4c08-9483-bd636470bc11,OTAuto02,b99df4a4-2bf5-4c08-9483-bd636470bc11
False,2026-04-05T21:23:19.000+00:00,2026-04-05,2026,April,04,Quarter 2,,,,,,,,,,,,,High_Risk_Description_6845847,0a8df6af-0204-4b11-a4a9-f1c25aebb43c,,,,HIGH,3,,,,3.0,,2026-04-05T21:23:30.000+00:00,2026-04-05,2026,April,04,Quarter 2,HIGH,3,,,,,,,Risk_Name_6845847,1493,,,,0,,,,,,,,HIGH,3,,,,3.0,,,,OneTrust Automation,79f09a0f-fbd7-4439-9e1e-d48abe62c98e,,,,3.0,,,,,Evaluation,Evaluation,Default Risk Workflow,9684290c-6240-4021-b599-a2dd8a864311,IDENTIFIED,IDENTIFIED,,,,,,,,,,,,,,,,General,,,,,,,,,https://Risk/Risk/0a8df6af-0204-4b11-a4a9-f1c25aebb43c,America/Porto_Acre,b99df4a4-2bf5-4c08-9483-bd636470bc11,OTAuto02,b99df4a4-2bf5-4c08-9483-bd636470bc11
False,2026-04-06T02:23:19.000+00:00,2026-04-06,2026,April,04,Quarter 2,,,,,,,,,,,,,High_Risk_Description_6845847,0a8df6af-0204-4b11-a4a9-f1c25aebb43c,,,,HIGH,3,,,,3.0,,2026-04-06T02:23:30.000+00:00,2026-04-06,2026,April,04,Quarter 2,HIGH,3,,,,,,,Risk_Name_6845847,1493,,,,0,,,,,,,,HIGH,3,,,,3.0,,,,OneTrust Automation,79f09a0f-fbd7-4439-9e1e-d48abe62c98e,,,,3.0,,,,,Evaluation,Evaluation,Default Risk Workflow,9684290c-6240-4021-b599-a2dd8a864311,IDENTIFIED,IDENTIFIED,,,,,,,,,,,,,,,,General,,,,,,,,,https://Risk/Risk/0a8df6af-0204-4b11-a4a9-f1c25aebb43c,Etc/UTC,b99df4a4-2bf5-4c08-9483-bd636470bc11,OTAuto02,b99df4a4-2bf5-4c08-9483-bd636470bc11
False,2026-04-06T04:23:19.000+00:00,2026-04-06,2026,April,04,Quarter 2,,,,,,,,,,,,,High_Risk_Description_6845847,0a8df6af-0204-4b11-a4a9-f1c25aebb43c,,,,HIGH,3,,,,3.0,,2026-04-06T04:23:30.000+00:00,2026-04-06,2026,April,04,Quarter 2,HIGH,3,,,,,,,Risk_Name_6845847,1493,,,,0,,,,,,,,HIGH,3,,,,3.0,,,,OneTrust Automation,79f09a0f-fbd7-4439-9e1e-d48abe62c98e,,,,3.0,,,,,Evaluation,Evaluation,Default Risk Workflow,9684290c-6240-4021-b599-a2dd8a864311,IDENTIFIED,IDENTIFIED,,,,,,,,,,,,,,,,General,,,,,,,,,https://Risk/Risk/0a8df6af-0204-4b11-a4a9-f1c25aebb43c,Europe/Madrid,b99df4a4-2bf5-4c08-9483-bd636470bc11,OTAuto02,b99df4a4-2bf5-4c08-9483-bd636470bc11
False,2026-04-06T02:23:19.000+00:00,2026-04-06,2026,April,04,Quarter 2,,,,,,,,,,,,,High_Risk_Description_6845847,0a8df6af-0204-4b11-a4a9-f1c25aebb43c,,,,HIGH,3,,,,3.0,,2026-04-06T02:23:30.000+00:00,2026-04-06,2026,April,04,Quarter 2,HIGH,3,,,,,,,Risk_Name_6845847,1493,,,,0,,,,,,,,HIGH,3,,,,3.0,,,,OneTrust Automation,79f09a0f-fbd7-4439-9e1e-d48abe62c98e,,,,3.0,,,,,Evaluation,Evaluation,Default Risk Workflow,9684290c-6240-4021-b599-a2dd8a864311,IDENTIFIED,IDENTIFIED,,,,,,,,,,,,,,,,General,,,,,,,,,https://Risk/Risk/0a8df6af-0204-4b11-a4a9-f1c25aebb43c,Africa/Sao_Tome,b99df4a4-2bf5-4c08-9483-bd636470bc11,OTAuto02,b99df4a4-2bf5-4c08-9483-bd636470bc11
False,2026-04-05T23:23:19.000+00:00,2026-04-05,2026,April,04,Quarter 2,,,,,,,,,,,,,High_Risk_Description_6845847,0a8df6af-0204-4b11-a4a9-f1c25aebb43c,,,,HIGH,3,,,,3.0,,2026-04-05T23:23:30.000+00:00,2026-04-05,2026,April,04,Quarter 2,HIGH,3,,,,,,,Risk_Name_6845847,1493,,,,0,,,,,,,,HIGH,3,,,,3.0,,,,OneTrust Automation,79f09a0f-fbd7-4439-9e1e-d48abe62c98e,,,,3.0,,,,,Evaluation,Evaluation,Default Risk Workflow,9684290c-6240-4021-b599-a2dd8a864311,IDENTIFIED,IDENTIFIED,,,,,,,,,,,,,,,,General,,,,,,,,,https://Risk/Risk/0a8df6af-0204-4b11-a4a9-f1c25aebb43c,America/Argentina/Tucuman,b99df4a4-2bf5-4c08-9483-bd636470bc11,OTAuto02,b99df4a4-2bf5-4c08-9483-bd636470bc11
False,2026-04-05T22:23:19.000+00:00,2026-04-05,2026,April,04,Quarter 2,,,,,,,,,,,,,High_Risk_Description_6845847,0a8df6af-0204-4b11-a4a9-f1c25aebb43c,,,,HIGH,3,,,,3.0,,2026-04-05T22:23:30.000+00:00,2026-04-05,2026,April,04,Quarter 2,HIGH,3,,,,,,,Risk_Name_6845847,1493,,,,0,,,,,,,,HIGH,3,,,,3.0,,,,OneTrust Automation,79f09a0f-fbd7-4439-9e1e-d48abe62c98e,,,,3.0,,,,,Evaluation,Evaluation,Default Risk Workflow,9684290c-6240-4021-b599-a2dd8a864311,IDENTIFIED,IDENTIFIED,,,,,,,,,,,,,,,,General,,,,,,,,,https://Risk/Risk/0a8df6af-0204-4b11-a4a9-f1c25aebb43c,America/Boa_Vista,b99df4a4-2bf5-4c08-9483-bd636470bc11,OTAuto02,b99df4a4-2bf5-4c08-9483-bd636470bc11
False,2026-04-06T13:23:19.000+00:00,2026-04-06,2026,April,04,Quarter 2,,,,,,,,,,,,,High_Risk_Description_6845847,0a8df6af-0204-4b11-a4a9-f1c25aebb43c,,,,HIGH,3,,,,3.0,,2026-04-06T13:23:30.000+00:00,2026-04-06,2026,April,04,Quarter 2,HIGH,3,,,,,,,Risk_Name_6845847,1493,,,,0,,,,,,,,HIGH,3,,,,3.0,,,,OneTrust Automation,79f09a0f-fbd7-4439-9e1e-d48abe62c98e,,,,3.0,,,,,Evaluation,Evaluation,Default Risk Workflow,9684290c-6240-4021-b599-a2dd8a864311,IDENTIFIED,IDENTIFIED,,,,,,,,,,,,,,,,General,,,,,,,,,https://Risk/Risk/0a8df6af-0204-4b11-a4a9-f1c25aebb43c,Pacific/Noumea,b99df4a4-2bf5-4c08-9483-bd636470bc11,OTAuto02,b99df4a4-2bf5-4c08-9483-bd636470bc11
False,2026-04-06T09:23:19.000+00:00,2026-04-06,2026,April,04,Quarter 2,,,,,,,,,,,,,High_Risk_Description_6845847,0a8df6af-0204-4b11-a4a9-f1c25aebb43c,,,,HIGH,3,,,,3.0,,2026-04-06T09:23:30.000+00:00,2026-04-06,2026,April,04,Quarter 2,HIGH,3,,,,,,,Risk_Name_6845847,1493,,,,0,,,,,,,,HIGH,3,,,,3.0,,,,OneTrust Automation,79f09a0f-fbd7-4439-9e1e-d48abe62c98e,,,,3.0,,,,,Evaluation,Evaluation,Default Risk Workflow,9684290c-6240-4021-b599-a2dd8a864311,IDENTIFIED,IDENTIFIED,,,,,,,,,,,,,,,,General,,,,,,,,,https://Risk/Risk/0a8df6af-0204-4b11-a4a9-f1c25aebb43c,Asia/Tomsk,b99df4a4-2bf5-4c08-9483-bd636470bc11,OTAuto02,b99df4a4-2bf5-4c08-9483-bd636470bc11
False,2026-04-06T04:23:19.000+00:00,2026-04-06,2026,April,04,Quarter 2,,,,,,,,,,,,,High_Risk_Description_6845847,0a8df6af-0204-4b11-a4a9-f1c25aebb43c,,,,HIGH,3,,,,3.0,,2026-04-06T04:23:30.000+00:00,2026-04-06,2026,April,04,Quarter 2,HIGH,3,,,,,,,Risk_Name_6845847,1493,,,,0,,,,,,,,HIGH,3,,,,3.0,,,,OneTrust Automation,79f09a0f-fbd7-4439-9e1e-d48abe62c98e,,,,3.0,,,,,Evaluation,Evaluation,Default Risk Workflow,9684290c-6240-4021-b599-a2dd8a864311,IDENTIFIED,IDENTIFIED,,,,,,,,,,,,,,,,General,,,,,,,,,https://Risk/Risk/0a8df6af-0204-4b11-a4a9-f1c25aebb43c,Atlantic/Jan_Mayen,b99df4a4-2bf5-4c08-9483-bd636470bc11,OTAuto02,b99df4a4-2bf5-4c08-9483-bd636470bc11
False,2026-04-06T12:23:19.000+00:00,2026-04-06,2026,April,04,Quarter 2,,,,,,,,,,,,,High_Risk_Description_6845847,0a8df6af-0204-4b11-a4a9-f1c25aebb43c,,,,HIGH,3,,,,3.0,,2026-04-06T12:23:30.000+00:00,2026-04-06,2026,April,04,Quarter 2,HIGH,3,,,,,,,Risk_Name_6845847,1493,,,,0,,,,,,,,HIGH,3,,,,3.0,,,,OneTrust Automation,79f09a0f-fbd7-4439-9e1e-d48abe62c98e,,,,3.0,,,,,Evaluation,Evaluation,Default Risk Workflow,9684290c-6240-4021-b599-a2dd8a864311,IDENTIFIED,IDENTIFIED,,,,,,,,,,,,,,,,General,,,,,,,,,https://Risk/Risk/0a8df6af-0204-4b11-a4a9-f1c25aebb43c,Asia/Vladivostok,b99df4a4-2bf5-4c08-9483-bd636470bc11,OTAuto02,b99df4a4-2bf5-4c08-9483-bd636470bc11
False,2026-04-06T09:23:19.000+00:00,2026-04-06,2026,April,04,Quarter 2,,,,,,,,,,,,,High_Risk_Description_6845847,0a8df6af-0204-4b11-a4a9-f1c25aebb43c,,,,HIGH,3,,,,3.0,,2026-04-06T09:23:30.000+00:00,2026-04-06,2026,April,04,Quarter 2,HIGH,3,,,,,,,Risk_Name_6845847,1493,,,,0,,,,,,,,HIGH,3,,,,3.0,,,,OneTrust Automation,79f09a0f-fbd7-4439-9e1e-d48abe62c98e,,,,3.0,,,,,Evaluation,Evaluation,Default Risk Workflow,9684290c-6240-4021-b599-a2dd8a864311,IDENTIFIED,IDENTIFIED,,,,,,,,,,,,,,,,General,,,,,,,,,https://Risk/Risk/0a8df6af-0204-4b11-a4a9-f1c25aebb43c,Etc/GMT-7,b99df4a4-2bf5-4c08-9483-bd636470bc11,OTAuto02,b99df4a4-2bf5-4c08-9483-bd636470bc11
False,2026-04-06T05:23:19.000+00:00,2026-04-06,2026,April,04,Quarter 2,,,,,,,,,,,,,High_Risk_Description_6845847,0a8df6af-0204-4b11-a4a9-f1c25aebb43c,,,,HIGH,3,,,,3.0,,2026-04-06T05:23:30.000+00:00,2026-04-06,2026,April,04,Quarter 2,HIGH,3,,,,,,,Risk_Name_6845847,1493,,,,0,,,,,,,,HIGH,3,,,,3.0,,,,OneTrust Automation,79f09a0f-fbd7-4439-9e1e-d48abe62c98e,,,,3.0,,,,,Evaluation,Evaluation,Default Risk Workflow,9684290c-6240-4021-b599-a2dd8a864311,IDENTIFIED,IDENTIFIED,,,,,,,,,,,,,,,,General,,,,,,,,,https://Risk/Risk/0a8df6af-0204-4b11-a4a9-f1c25aebb43c,Asia/Istanbul,b99df4a4-2bf5-4c08-9483-bd636470bc11,OTAuto02,b99df4a4-2bf5-4c08-9483-bd636470bc11
False,2026-04-06T10:23:19.000+00:00,2026-04-06,2026,April,04,Quarter 2,,,,,,,,,,,,,High_Risk_Description_6845847,0a8df6af-0204-4b11-a4a9-f1c25aebb43c,,,,HIGH,3,,,,3.0,,2026-04-06T10:23:30.000+00:00,2026-04-06,2026,April,04,Quarter 2,HIGH,3,,,,,,,Risk_Name_6845847,1493,,,,0,,,,,,,,HIGH,3,,,,3.0,,,,OneTrust Automation,79f09a0f-fbd7-4439-9e1e-d48abe62c98e,,,,3.0,,,,,Evaluation,Evaluation,Default Risk Workflow,9684290c-6240-4021-b599-a2dd8a864311,IDENTIFIED,IDENTIFIED,,,,,,,,,,,,,,,,General,,,,,,,,,https://Risk/Risk/0a8df6af-0204-4b11-a4a9-f1c25aebb43c,Asia/Chungking,b99df4a4-2bf5-4c08-9483-bd636470bc11,OTAuto02,b99df4a4-2bf5-4c08-9483-bd636470bc11
False,2026-04-05T22:23:19.000+00:00,2026-04-05,2026,April,04,Quarter 2,,,,,,,,,,,,,High_Risk_Description_6845847,0a8df6af-0204-4b11-a4a9-f1c25aebb43c,,,,HIGH,3,,,,3.0,,2026-04-05T22:23:30.000+00:00,2026-04-05,2026,April,04,Quarter 2,HIGH,3,,,,,,,Risk_Name_6845847,1493,,,,0,,,,,,,,HIGH,3,,,,3.0,,,,OneTrust Automation,79f09a0f-fbd7-4439-9e1e-d48abe62c98e,,,,3.0,,,,,Evaluation,Evaluation,Default Risk Workflow,9684290c-6240-4021-b599-a2dd8a864311,IDENTIFIED,IDENTIFIED,,,,,,,,,,,,,,,,General,,,,,,,,,https://Risk/Risk/0a8df6af-0204-4b11-a4a9-f1c25aebb43c,Cuba,b99df4a4-2bf5-4c08-9483-bd636470bc11,OTAuto02,b99df4a4-2bf5-4c08-9483-bd636470bc11
False,2026-04-06T12:23:19.000+00:00,2026-04-06,2026,April,04,Quarter 2,,,,,,,,,,,,,High_Risk_Description_6845847,0a8df6af-0204-4b11-a4a9-f1c25aebb43c,,,,HIGH,3,,,,3.0,,2026-04-06T12:23:30.000+00:00,2026-04-06,2026,April,04,Quarter 2,HIGH,3,,,,,,,Risk_Name_6845847,1493,,,,0,,,,,,,,HIGH,3,,,,3.0,,,,OneTrust Automation,79f09a0f-fbd7-4439-9e1e-d48abe62c98e,,,,3.0,,,,,Evaluation,Evaluation,Default Risk Workflow,9684290c-6240-4021-b599-a2dd8a864311,IDENTIFIED,IDENTIFIED,,,,,,,,,,,,,,,,General,,,,,,,,,https://Risk/Risk/0a8df6af-0204-4b11-a4a9-f1c25aebb43c,Antarctica/Macquarie,b99df4a4-2bf5-4c08-9483-bd636470bc11,OTAuto02,b99df4a4-2bf5-4c08-9483-bd636470bc11
False,2026-04-05T19:23:19.000+00:00,2026-04-05,2026,April,04,Quarter 2,,,,,,,,,,,,,High_Risk_Description_6845847,0a8df6af-0204-4b11-a4a9-f1c25aebb43c,,,,HIGH,3,,,,3.0,,2026-04-05T19:23:30.000+00:00,2026-04-05,2026,April,04,Quarter 2,HIGH,3,,,,,,,Risk_Name_6845847,1493,,,,0,,,,,,,,HIGH,3,,,,3.0,,,,OneTrust Automation,79f09a0f-fbd7-4439-9e1e-d48abe62c98e,,,,3.0,,,,,Evaluation,Evaluation,Default Risk Workflow,9684290c-6240-4021-b599-a2dd8a864311,IDENTIFIED,IDENTIFIED,,,,,,,,,,,,,,,,General,,,,,,,,,https://Risk/Risk/0a8df6af-0204-4b11-a4a9-f1c25aebb43c,Canada/Pacific,b99df4a4-2bf5-4c08-9483-bd636470bc11,OTAuto02,b99df4a4-2bf5-4c08-9483-bd636470bc11
False,2026-04-05T21:23:19.000+00:00,2026-04-05,2026,April,04,Quarter 2,,,,,,,,,,,,,High_Risk_Description_6845847,0a8df6af-0204-4b11-a4a9-f1c25aebb43c,,,,HIGH,3,,,,3.0,,2026-04-05T21:23:30.000+00:00,2026-04-05,2026,April,04,Quarter 2,HIGH,3,,,,,,,Risk_Name_6845847,1493,,,,0,,,,,,,,HIGH,3,,,,3.0,,,,OneTrust Automation,79f09a0f-fbd7-4439-9e1e-d48abe62c98e,,,,3.0,,,,,Evaluation,Evaluation,Default Risk Workflow,9684290c-6240-4021-b599-a2dd8a864311,IDENTIFIED,IDENTIFIED,,,,,,,,,,,,,,,,General,,,,,,,,,https://Risk/Risk/0a8df6af-0204-4b11-a4a9-f1c25aebb43c,America/Matamoros,b99df4a4-2bf5-4c08-9483-bd636470bc11,OTAuto02,b99df4a4-2bf5-4c08-9483-bd636470bc11
False,2026-04-06T05:23:19.000+00:00,2026-04-06,2026,April,04,Quarter 2,,,,,,,,,,,,,High_Risk_Description_6845847,0a8df6af-0204-4b11-a4a9-f1c25aebb43c,,,,HIGH,3,,,,3.0,,2026-04-06T05:23:30.000+00:00,2026-04-06,2026,April,04,Quarter 2,HIGH,3,,,,,,,Risk_Name_6845847,1493,,,,0,,,,,,,,HIGH,3,,,,3.0,,,,OneTrust Automation,79f09a0f-fbd7-4439-9e1e-d48abe62c98e,,,,3.0,,,,,Evaluation,Evaluation,Default Risk Workflow,9684290c-6240-4021-b599-a2dd8a864311,IDENTIFIED,IDENTIFIED,,,,,,,,,,,,,,,,General,,,,,,,,,https://Risk/Risk/0a8df6af-0204-4b11-a4a9-f1c25aebb43c,Europe/Kirov,b99df4a4-2bf5-4c08-9483-bd636470bc11,OTAuto02,b99df4a4-2bf5-4c08-9483-bd636470bc11
False,2026-04-06T13:23:19.000+00:00,2026-04-06,2026,April,04,Quarter 2,,,,,,,,,,,,,High_Risk_Description_6845847,0a8df6af-0204-4b11-a4a9-f1c25aebb43c,,,,HIGH,3,,,,3.0,,2026-04-06T13:23:30.000+00:00,2026-04-06,2026,April,04,Quarter 2,HIGH,3,,,,,,,Risk_Name_6845847,1493,,,,0,,,,,,,,HIGH,3,,,,3.0,,,,OneTrust Automation,79f09a0f-fbd7-4439-9e1e-d48abe62c98e,,,,3.0,,,,,Evaluation,Evaluation,Default Risk Workflow,9684290c-6240-4021-b599-a2dd8a864311,IDENTIFIED,IDENTIFIED,,,,,,,,,,,,,,,,General,,,,,,,,,https://Risk/Risk/0a8df6af-0204-4b11-a4a9-f1c25aebb43c,Pacific/Bougainville,b99df4a4-2bf5-4c08-9483-bd636470bc11,OTAuto02,b99df4a4-2bf5-4c08-9483-bd636470bc11
False,2026-04-06T05:23:19.000+00:00,2026-04-06,2026,April,04,Quarter 2,,,,,,,,,,,,,High_Risk_Description_6845847,0a8df6af-0204-4b11-a4a9-f1c25aebb43c,,,,HIGH,3,,,,3.0,,2026-04-06T05:23:30.000+00:00,2026-04-06,2026,April,04,Quarter 2,HIGH,3,,,,,,,Risk_Name_6845847,1493,,,,0,,,,,,,,HIGH,3,,,,3.0,,,,OneTrust Automation,79f09a0f-fbd7-4439-9e1e-d48abe62c98e,,,,3.0,,,,,Evaluation,Evaluation,Default Risk Workflow,9684290c-6240-4021-b599-a2dd8a864311,IDENTIFIED,IDENTIFIED,,,,,,,,,,,,,,,,General,,,,,,,,,https://Risk/Risk/0a8df6af-0204-4b11-a4a9-f1c25aebb43c,Africa/Asmara,b99df4a4-2bf5-4c08-9483-bd636470bc11,OTAuto02,b99df4a4-2bf5-4c08-9483-bd636470bc11
False,2026-04-05T22:23:19.000+00:00,2026-04-05,2026,April,04,Quarter 2,,,,,,,,,,,,,High_Risk_Description_6845847,0a8df6af-0204-4b11-a4a9-f1c25aebb43c,,,,HIGH,3,,,,3.0,,2026-04-05T22:23:30.000+00:00,2026-04-05,2026,April,04,Quarter 2,HIGH,3,,,,,,,Risk_Name_6845847,1493,,,,0,,,,,,,,HIGH,3,,,,3.0,,,,OneTrust Automation,79f09a0f-fbd7-4439-9e1e-d48abe62c98e,,,,3.0,,,,,Evaluation,Evaluation,Default Risk Workflow,9684290c-6240-4021-b599-a2dd8a864311,IDENTIFIED,IDENTIFIED,,,,,,,,,,,,,,,,General,,,,,,,,,https://Risk/Risk/0a8df6af-0204-4b11-a4a9-f1c25aebb43c,America/Virgin,b99df4a4-2bf5-4c08-9483-bd636470bc11,OTAuto02,b99df4a4-2bf5-4c08-9483-bd636470bc11
False,2026-04-06T04:23:19.000+00:00,2026-04-06,2026,April,04,Quarter 2,,,,,,,,,,,,,High_Risk_Description_6845847,0a8df6af-0204-4b11-a4a9-f1c25aebb43c,,,,HIGH,3,,,,3.0,,2026-04-06T04:23:30.000+00:00,2026-04-06,2026,April,04,Quarter 2,HIGH,3,,,,,,,Risk_Name_6845847,1493,,,,0,,,,,,,,HIGH,3,,,,3.0,,,,OneTrust Automation,79f09a0f-fbd7-4439-9e1e-d48abe62c98e,,,,3.0,,,,,Evaluation,Evaluation,Default Risk Workflow,9684290c-6240-4021-b599-a2dd8a864311,IDENTIFIED,IDENTIFIED,,,,,,,,,,,,,,,,General,,,,,,,,,https://Risk/Risk/0a8df6af-0204-4b11-a4a9-f1c25aebb43c,Arctic/Longyearbyen,b99df4a4-2bf5-4c08-9483-bd636470bc11,OTAuto02,b99df4a4-2bf5-4c08-9483-bd636470bc11
False,2026-04-05T22:23:19.000+00:00,2026-04-05,2026,April,04,Quarter 2,,,,,,,,,,,,,High_Risk_Description_6845847,0a8df6af-0204-4b11-a4a9-f1c25aebb43c,,,,HIGH,3,,,,3.0,,2026-04-05T22:23:30.000+00:00,2026-04-05,2026,April,04,Quarter 2,HIGH,3,,,,,,,Risk_Name_6845847,1493,,,,0,,,,,,,,HIGH,3,,,,3.0,,,,OneTrust Automation,79f09a0f-fbd7-4439-9e1e-d48abe62c98e,,,,3.0,,,,,Evaluation,Evaluation,Default Risk Workflow,9684290c-6240-4021-b599-a2dd8a864311,IDENTIFIED,IDENTIFIED,,,,,,,,,,,,,,,,General,,,,,,,,,https://Risk/Risk/0a8df6af-0204-4b11-a4a9-f1c25aebb43c,Etc/GMT+4,b99df4a4-2bf5-4c08-9483-bd636470bc11,OTAuto02,b99df4a4-2bf5-4c08-9483-bd636470bc11
False,2026-04-06T05:23:19.000+00:00,2026-04-06,2026,April,04,Quarter 2,,,,,,,,,,,,,High_Risk_Description_6845847,0a8df6af-0204-4b11-a4a9-f1c25aebb43c,,,,HIGH,3,,,,3.0,,2026-04-06T05:23:30.000+00:00,2026-04-06,2026,April,04,Quarter 2,HIGH,3,,,,,,,Risk_Name_6845847,1493,,,,0,,,,,,,,HIGH,3,,,,3.0,,,,OneTrust Automation,79f09a0f-fbd7-4439-9e1e-d48abe62c98e,,,,3.0,,,,,Evaluation,Evaluation,Default Risk Workflow,9684290c-6240-4021-b599-a2dd8a864311,IDENTIFIED,IDENTIFIED,,,,,,,,,,,,,,,,General,,,,,,,,,https://Risk/Risk/0a8df6af-0204-4b11-a4a9-f1c25aebb43c,Asia/Riyadh,b99df4a4-2bf5-4c08-9483-bd636470bc11,OTAuto02,b99df4a4-2bf5-4c08-9483-bd636470bc11
False,2026-04-05T18:23:19.000+00:00,2026-04-05,2026,April,04,Quarter 2,,,,,,,,,,,,,High_Risk_Description_6845847,0a8df6af-0204-4b11-a4a9-f1c25aebb43c,,,,HIGH,3,,,,3.0,,2026-04-05T18:23:30.000+00:00,2026-04-05,2026,April,04,Quarter 2,HIGH,3,,,,,,,Risk_Name_6845847,1493,,,,0,,,,,,,,HIGH,3,,,,3.0,,,,OneTrust Automation,79f09a0f-fbd7-4439-9e1e-d48abe62c98e,,,,3.0,,,,,Evaluation,Evaluation,Default Risk Workflow,9684290c-6240-4021-b599-a2dd8a864311,IDENTIFIED,IDENTIFIED,,,,,,,,,,,,,,,,General,,,,,,,,,https://Risk/Risk/0a8df6af-0204-4b11-a4a9-f1c25aebb43c,America/Sitka,b99df4a4-2bf5-4c08-9483-bd636470bc11,OTAuto02,b99df4a4-2bf5-4c08-9483-bd636470bc11
False,2026-04-06T05:23:19.000+00:00,2026-04-06,2026,April,04,Quarter 2,,,,,,,,,,,,,High_Risk_Description_6845847,0a8df6af-0204-4b11-a4a9-f1c25aebb43c,,,,HIGH,3,,,,3.0,,2026-04-06T05:23:30.000+00:00,2026-04-06,2026,April,04,Quarter 2,HIGH,3,,,,,,,Risk_Name_6845847,1493,,,,0,,,,,,,,HIGH,3,,,,3.0,,,,OneTrust Automation,79f09a0f-fbd7-4439-9e1e-d48abe62c98e,,,,3.0,,,,,Evaluation,Evaluation,Default Risk Workflow,9684290c-6240-4021-b599-a2dd8a864311,IDENTIFIED,IDENTIFIED,,,,,,,,,,,,,,,,General,,,,,,,,,https://Risk/Risk/0a8df6af-0204-4b11-a4a9-f1c25aebb43c,Europe/Riga,b99df4a4-2bf5-4c08-9483-bd636470bc11,OTAuto02,b99df4a4-2bf5-4c08-9483-bd636470bc11
False,2026-04-05T19:23:19.000+00:00,2026-04-05,2026,April,04,Quarter 2,,,,,,,,,,,,,High_Risk_Description_6845847,0a8df6af-0204-4b11-a4a9-f1c25aebb43c,,,,HIGH,3,,,,3.0,,2026-04-05T19:23:30.000+00:00,2026-04-05,2026,April,04,Quarter 2,HIGH,3,,,,,,,Risk_Name_6845847,1493,,,,0,,,,,,,,HIGH,3,,,,3.0,,,,OneTrust Automation,79f09a0f-fbd7-4439-9e1e-d48abe62c98e,,,,3.0,,,,,Evaluation,Evaluation,Default Risk Workflow,9684290c-6240-4021-b599-a2dd8a864311,IDENTIFIED,IDENTIFIED,,,,,,,,,,,,,,,,General,,,,,,,,,https://Risk/Risk/0a8df6af-0204-4b11-a4a9-f1c25aebb43c,America/Creston,b99df4a4-2bf5-4c08-9483-bd636470bc11,OTAuto02,b99df4a4-2bf5-4c08-9483-bd636470bc11
False,2026-04-05T21:23:19.000+00:00,2026-04-05,2026,April,04,Quarter 2,,,,,,,,,,,,,High_Risk_Description_6845847,0a8df6af-0204-4b11-a4a9-f1c25aebb43c,,,,HIGH,3,,,,3.0,,2026-04-05T21:23:30.000+00:00,2026-04-05,2026,April,04,Quarter 2,HIGH,3,,,,,,,Risk_Name_6845847,1493,,,,0,,,,,,,,HIGH,3,,,,3.0,,,,OneTrust Automation,79f09a0f-fbd7-4439-9e1e-d48abe62c98e,,,,3.0,,,,,Evaluation,Evaluation,Default Risk Workflow,9684290c-6240-4021-b599-a2dd8a864311,IDENTIFIED,IDENTIFIED,,,,,,,,,,,,,,,,General,,,,,,,,,https://Risk/Risk/0a8df6af-0204-4b11-a4a9-f1c25aebb43c,America/Rainy_River,b99df4a4-2bf5-4c08-9483-bd636470bc11,OTAuto02,b99df4a4-2bf5-4c08-9483-bd636470bc11
False,2026-04-05T23:23:19.000+00:00,2026-04-05,2026,April,04,Quarter 2,,,,,,,,,,,,,High_Risk_Description_6845847,0a8df6af-0204-4b11-a4a9-f1c25aebb43c,,,,HIGH,3,,,,3.0,,2026-04-05T23:23:30.000+00:00,2026-04-05,2026,April,04,Quarter 2,HIGH,3,,,,,,,Risk_Name_6845847,1493,,,,0,,,,,,,,HIGH,3,,,,3.0,,,,OneTrust Automation,79f09a0f-fbd7-4439-9e1e-d48abe62c98e,,,,3.0,,,,,Evaluation,Evaluation,Default Risk Workflow,9684290c-6240-4021-b599-a2dd8a864311,IDENTIFIED,IDENTIFIED,,,,,,,,,,,,,,,,General,,,,,,,,,https://Risk/Risk/0a8df6af-0204-4b11-a4a9-f1c25aebb43c,America/Recife,b99df4a4-2bf5-4c08-9483-bd636470bc11,OTAuto02,b99df4a4-2bf5-4c08-9483-bd636470bc11
False,2026-04-05T22:23:19.000+00:00,2026-04-05,2026,April,04,Quarter 2,,,,,,,,,,,,,High_Risk_Description_6845847,0a8df6af-0204-4b11-a4a9-f1c25aebb43c,,,,HIGH,3,,,,3.0,,2026-04-05T22:23:30.000+00:00,2026-04-05,2026,April,04,Quarter 2,HIGH,3,,,,,,,Risk_Name_6845847,1493,,,,0,,,,,,,,HIGH,3,,,,3.0,,,,OneTrust Automation,79f09a0f-fbd7-4439-9e1e-d48abe62c98e,,,,3.0,,,,,Evaluation,Evaluation,Default Risk Workflow,9684290c-6240-4021-b599-a2dd8a864311,IDENTIFIED,IDENTIFIED,,,,,,,,,,,,,,,,General,,,,,,,,,https://Risk/Risk/0a8df6af-0204-4b11-a4a9-f1c25aebb43c,America/Curacao,b99df4a4-2bf5-4c08-9483-bd636470bc11,OTAuto02,b99df4a4-2bf5-4c08-9483-bd636470bc11
False,2026-04-06T04:23:19.000+00:00,2026-04-06,2026,April,04,Quarter 2,,,,,,,,,,,,,High_Risk_Description_6845847,0a8df6af-0204-4b11-a4a9-f1c25aebb43c,,,,HIGH,3,,,,3.0,,2026-04-06T04:23:30.000+00:00,2026-04-06,2026,April,04,Quarter 2,HIGH,3,,,,,,,Risk_Name_6845847,1493,,,,0,,,,,,,,HIGH,3,,,,3.0,,,,OneTrust Automation,79f09a0f-fbd7-4439-9e1e-d48abe62c98e,,,,3.0,,,,,Evaluation,Evaluation,Default Risk Workflow,9684290c-6240-4021-b599-a2dd8a864311,IDENTIFIED,IDENTIFIED,,,,,,,,,,,,,,,,General,,,,,,,,,https://Risk/Risk/0a8df6af-0204-4b11-a4a9-f1c25aebb43c,Europe/Monaco,b99df4a4-2bf5-4c08-9483-bd636470bc11,OTAuto02,b99df4a4-2bf5-4c08-9483-bd636470bc11
False,2026-04-06T00:23:19.000+00:00,2026-04-06,2026,April,04,Quarter 2,,,,,,,,,,,,,High_Risk_Description_6845847,0a8df6af-0204-4b11-a4a9-f1c25aebb43c,,,,HIGH,3,,,,3.0,,2026-04-06T00:23:30.000+00:00,2026-04-06,2026,April,04,Quarter 2,HIGH,3,,,,,,,Risk_Name_6845847,1493,,,,0,,,,,,,,HIGH,3,,,,3.0,,,,OneTrust Automation,79f09a0f-fbd7-4439-9e1e-d48abe62c98e,,,,3.0,,,,,Evaluation,Evaluation,Default Risk Workflow,9684290c-6240-4021-b599-a2dd8a864311,IDENTIFIED,IDENTIFIED,,,,,,,,,,,,,,,,General,,,,,,,,,https://Risk/Risk/0a8df6af-0204-4b11-a4a9-f1c25aebb43c,America/Noronha,b99df4a4-2bf5-4c08-9483-bd636470bc11,OTAuto02,b99df4a4-2bf5-4c08-9483-bd636470bc11
False,2026-04-06T11:53:19.000+00:00,2026-04-06,2026,April,04,Quarter 2,,,,,,,,,,,,,High_Risk_Description_6845847,0a8df6af-0204-4b11-a4a9-f1c25aebb43c,,,,HIGH,3,,,,3.0,,2026-04-06T11:53:30.000+00:00,2026-04-06,2026,April,04,Quarter 2,HIGH,3,,,,,,,Risk_Name_6845847,1493,,,,0,,,,,,,,HIGH,3,,,,3.0,,,,OneTrust Automation,79f09a0f-fbd7-4439-9e1e-d48abe62c98e,,,,3.0,,,,,Evaluation,Evaluation,Default Risk Workflow,9684290c-6240-4021-b599-a2dd8a864311,IDENTIFIED,IDENTIFIED,,,,,,,,,,,,,,,,General,,,,,,,,,https://Risk/Risk/0a8df6af-0204-4b11-a4a9-f1c25aebb43c,Australia/Adelaide,b99df4a4-2bf5-4c08-9483-bd636470bc11,OTAuto02,b99df4a4-2bf5-4c08-9483-bd636470bc11
False,2026-04-06T05:23:19.000+00:00,2026-04-06,2026,April,04,Quarter 2,,,,,,,,,,,,,High_Risk_Description_6845847,0a8df6af-0204-4b11-a4a9-f1c25aebb43c,,,,HIGH,3,,,,3.0,,2026-04-06T05:23:30.000+00:00,2026-04-06,2026,April,04,Quarter 2,HIGH,3,,,,,,,Risk_Name_6845847,1493,,,,0,,,,,,,,HIGH,3,,,,3.0,,,,OneTrust Automation,79f09a0f-fbd7-4439-9e1e-d48abe62c98e,,,,3.0,,,,,Evaluation,Evaluation,Default Risk Workflow,9684290c-6240-4021-b599-a2dd8a864311,IDENTIFIED,IDENTIFIED,,,,,,,,,,,,,,,,General,,,,,,,,,https://Risk/Risk/0a8df6af-0204-4b11-a4a9-f1c25aebb43c,Europe/Volgograd,b99df4a4-2bf5-4c08-9483-bd636470bc11,OTAuto02,b99df4a4-2bf5-4c08-9483-bd636470bc11
False,2026-04-05T23:23:19.000+00:00,2026-04-05,2026,April,04,Quarter 2,,,,,,,,,,,,,High_Risk_Description_6845847,0a8df6af-0204-4b11-a4a9-f1c25aebb43c,,,,HIGH,3,,,,3.0,,2026-04-05T23:23:30.000+00:00,2026-04-05,2026,April,04,Quarter 2,HIGH,3,,,,,,,Risk_Name_6845847,1493,,,,0,,,,,,,,HIGH,3,,,,3.0,,,,OneTrust Automation,79f09a0f-fbd7-4439-9e1e-d48abe62c98e,,,,3.0,,,,,Evaluation,Evaluation,Default Risk Workflow,9684290c-6240-4021-b599-a2dd8a864311,IDENTIFIED,IDENTIFIED,,,,,,,,,,,,,,,,General,,,,,,,,,https://Risk/Risk/0a8df6af-0204-4b11-a4a9-f1c25aebb43c,America/Catamarca,b99df4a4-2bf5-4c08-9483-bd636470bc11,OTAuto02,b99df4a4-2bf5-4c08-9483-bd636470bc11
False,2026-04-05T22:23:19.000+00:00,2026-04-05,2026,April,04,Quarter 2,,,,,,,,,,,,,High_Risk_Description_6845847,0a8df6af-0204-4b11-a4a9-f1c25aebb43c,,,,HIGH,3,,,,3.0,,2026-04-05T22:23:30.000+00:00,2026-04-05,2026,April,04,Quarter 2,HIGH,3,,,,,,,Risk_Name_6845847,1493,,,,0,,,,,,,,HIGH,3,,,,3.0,,,,OneTrust Automation,79f09a0f-fbd7-4439-9e1e-d48abe62c98e,,,,3.0,,,,,Evaluation,Evaluation,Default Risk Workflow,9684290c-6240-4021-b599-a2dd8a864311,IDENTIFIED,IDENTIFIED,,,,,,,,,,,,,,,,General,,,,,,,,,https://Risk/Risk/0a8df6af-0204-4b11-a4a9-f1c25aebb43c,America/Port_of_Spain,b99df4a4-2bf5-4c08-9483-bd636470bc11,OTAuto02,b99df4a4-2bf5-4c08-9483-bd636470bc11
False,2026-04-06T04:23:19.000+00:00,2026-04-06,2026,April,04,Quarter 2,,,,,,,,,,,,,High_Risk_Description_6845847,0a8df6af-0204-4b11-a4a9-f1c25aebb43c,,,,HIGH,3,,,,3.0,,2026-04-06T04:23:30.000+00:00,2026-04-06,2026,April,04,Quarter 2,HIGH,3,,,,,,,Risk_Name_6845847,1493,,,,0,,,,,,,,HIGH,3,,,,3.0,,,,OneTrust Automation,79f09a0f-fbd7-4439-9e1e-d48abe62c98e,,,,3.0,,,,,Evaluation,Evaluation,Default Risk Workflow,9684290c-6240-4021-b599-a2dd8a864311,IDENTIFIED,IDENTIFIED,,,,,,,,,,,,,,,,General,,,,,,,,,https://Risk/Risk/0a8df6af-0204-4b11-a4a9-f1c25aebb43c,Europe/Busingen,b99df4a4-2bf5-4c08-9483-bd636470bc11,OTAuto02,b99df4a4-2bf5-4c08-9483-bd636470bc11
False,2026-04-06T03:23:19.000+00:00,2026-04-06,2026,April,04,Quarter 2,,,,,,,,,,,,,High_Risk_Description_6845847,0a8df6af-0204-4b11-a4a9-f1c25aebb43c,,,,HIGH,3,,,,3.0,,2026-04-06T03:23:30.000+00:00,2026-04-06,2026,April,04,Quarter 2,HIGH,3,,,,,,,Risk_Name_6845847,1493,,,,0,,,,,,,,HIGH,3,,,,3.0,,,,OneTrust Automation,79f09a0f-fbd7-4439-9e1e-d48abe62c98e,,,,3.0,,,,,Evaluation,Evaluation,Default Risk Workflow,9684290c-6240-4021-b599-a2dd8a864311,IDENTIFIED,IDENTIFIED,,,,,,,,,,,,,,,,General,,,,,,,,,https://Risk/Risk/0a8df6af-0204-4b11-a4a9-f1c25aebb43c,Europe/Isle_of_Man,b99df4a4-2bf5-4c08-9483-bd636470bc11,OTAuto02,b99df4a4-2bf5-4c08-9483-bd636470bc11
False,2026-04-05T21:23:19.000+00:00,2026-04-05,2026,April,04,Quarter 2,,,,,,,,,,,,,High_Risk_Description_6845847,0a8df6af-0204-4b11-a4a9-f1c25aebb43c,,,,HIGH,3,,,,3.0,,2026-04-05T21:23:30.000+00:00,2026-04-05,2026,April,04,Quarter 2,HIGH,3,,,,,,,Risk_Name_6845847,1493,,,,0,,,,,,,,HIGH,3,,,,3.0,,,,OneTrust Automation,79f09a0f-fbd7-4439-9e1e-d48abe62c98e,,,,3.0,,,,,Evaluation,Evaluation,Default Risk Workflow,9684290c-6240-4021-b599-a2dd8a864311,IDENTIFIED,IDENTIFIED,,,,,,,,,,,,,,,,General,,,,,,,,,https://Risk/Risk/0a8df6af-0204-4b11-a4a9-f1c25aebb43c,America/Coral_Harbour,b99df4a4-2bf5-4c08-9483-bd636470bc11,OTAuto02,b99df4a4-2bf5-4c08-9483-bd636470bc11
False,2026-04-06T06:23:19.000+00:00,2026-04-06,2026,April,04,Quarter 2,,,,,,,,,,,,,High_Risk_Description_6845847,0a8df6af-0204-4b11-a4a9-f1c25aebb43c,,,,HIGH,3,,,,3.0,,2026-04-06T06:23:30.000+00:00,2026-04-06,2026,April,04,Quarter 2,HIGH,3,,,,,,,Risk_Name_6845847,1493,,,,0,,,,,,,,HIGH,3,,,,3.0,,,,OneTrust Automation,79f09a0f-fbd7-4439-9e1e-d48abe62c98e,,,,3.0,,,,,Evaluation,Evaluation,Default Risk Workflow,9684290c-6240-4021-b599-a2dd8a864311,IDENTIFIED,IDENTIFIED,,,,,,,,,,,,,,,,General,,,,,,,,,https://Risk/Risk/0a8df6af-0204-4b11-a4a9-f1c25aebb43c,Etc/GMT-4,b99df4a4-2bf5-4c08-9483-bd636470bc11,OTAuto02,b99df4a4-2bf5-4c08-9483-bd636470bc11
False,2026-04-05T15:23:19.000+00:00,2026-04-05,2026,April,04,Quarter 2,,,,,,,,,,,,,High_Risk_Description_6845847,0a8df6af-0204-4b11-a4a9-f1c25aebb43c,,,,HIGH,3,,,,3.0,,2026-04-05T15:23:30.000+00:00,2026-04-05,2026,April,04,Quarter 2,HIGH,3,,,,,,,Risk_Name_6845847,1493,,,,0,,,,,,,,HIGH,3,,,,3.0,,,,OneTrust Automation,79f09a0f-fbd7-4439-9e1e-d48abe62c98e,,,,3.0,,,,,Evaluation,Evaluation,Default Risk Workflow,9684290c-6240-4021-b599-a2dd8a864311,IDENTIFIED,IDENTIFIED,,,,,,,,,,,,,,,,General,,,,,,,,,https://Risk/Risk/0a8df6af-0204-4b11-a4a9-f1c25aebb43c,Pacific/Pago_Pago,b99df4a4-2bf5-4c08-9483-bd636470bc11,OTAuto02,b99df4a4-2bf5-4c08-9483-bd636470bc11
False,2026-04-06T15:08:19.000+00:00,2026-04-06,2026,April,04,Quarter 2,,,,,,,,,,,,,High_Risk_Description_6845847,0a8df6af-0204-4b11-a4a9-f1c25aebb43c,,,,HIGH,3,,,,3.0,,2026-04-06T15:08:30.000+00:00,2026-04-06,2026,April,04,Quarter 2,HIGH,3,,,,,,,Risk_Name_6845847,1493,,,,0,,,,,,,,HIGH,3,,,,3.0,,,,OneTrust Automation,79f09a0f-fbd7-4439-9e1e-d48abe62c98e,,,,3.0,,,,,Evaluation,Evaluation,Default Risk Workflow,9684290c-6240-4021-b599-a2dd8a864311,IDENTIFIED,IDENTIFIED,,,,,,,,,,,,,,,,General,,,,,,,,,https://Risk/Risk/0a8df6af-0204-4b11-a4a9-f1c25aebb43c,Pacific/Chatham,b99df4a4-2bf5-4c08-9483-bd636470bc11,OTAuto02,b99df4a4-2bf5-4c08-9483-bd636470bc11
False,2026-04-06T09:23:19.000+00:00,2026-04-06,2026,April,04,Quarter 2,,,,,,,,,,,,,High_Risk_Description_6845847,0a8df6af-0204-4b11-a4a9-f1c25aebb43c,,,,HIGH,3,,,,3.0,,2026-04-06T09:23:30.000+00:00,2026-04-06,2026,April,04,Quarter 2,HIGH,3,,,,,,,Risk_Name_6845847,1493,,,,0,,,,,,,,HIGH,3,,,,3.0,,,,OneTrust Automation,79f09a0f-fbd7-4439-9e1e-d48abe62c98e,,,,3.0,,,,,Evaluation,Evaluation,Default Risk Workflow,9684290c-6240-4021-b599-a2dd8a864311,IDENTIFIED,IDENTIFIED,,,,,,,,,,,,,,,,General,,,,,,,,,https://Risk/Risk/0a8df6af-0204-4b11-a4a9-f1c25aebb43c,Asia/Jakarta,b99df4a4-2bf5-4c08-9483-bd636470bc11,OTAuto02,b99df4a4-2bf5-4c08-9483-bd636470bc11
False,2026-04-05T21:23:19.000+00:00,2026-04-05,2026,April,04,Quarter 2,,,,,,,,,,,,,High_Risk_Description_6845847,0a8df6af-0204-4b11-a4a9-f1c25aebb43c,,,,HIGH,3,,,,3.0,,2026-04-05T21:23:30.000+00:00,2026-04-05,2026,April,04,Quarter 2,HIGH,3,,,,,,,Risk_Name_6845847,1493,,,,0,,,,,,,,HIGH,3,,,,3.0,,,,OneTrust Automation,79f09a0f-fbd7-4439-9e1e-d48abe62c98e,,,,3.0,,,,,Evaluation,Evaluation,Default Risk Workflow,9684290c-6240-4021-b599-a2dd8a864311,IDENTIFIED,IDENTIFIED,,,,,,,,,,,,,,,,General,,,,,,,,,https://Risk/Risk/0a8df6af-0204-4b11-a4a9-f1c25aebb43c,America/Atikokan,b99df4a4-2bf5-4c08-9483-bd636470bc11,OTAuto02,b99df4a4-2bf5-4c08-9483-bd636470bc11
False,2026-04-05T23:23:19.000+00:00,2026-04-05,2026,April,04,Quarter 2,,,,,,,,,,,,,High_Risk_Description_6845847,0a8df6af-0204-4b11-a4a9-f1c25aebb43c,,,,HIGH,3,,,,3.0,,2026-04-05T23:23:30.000+00:00,2026-04-05,2026,April,04,Quarter 2,HIGH,3,,,,,,,Risk_Name_6845847,1493,,,,0,,,,,,,,HIGH,3,,,,3.0,,,,OneTrust Automation,79f09a0f-fbd7-4439-9e1e-d48abe62c98e,,,,3.0,,,,,Evaluation,Evaluation,Default Risk Workflow,9684290c-6240-4021-b599-a2dd8a864311,IDENTIFIED,IDENTIFIED,,,,,,,,,,,,,,,,General,,,,,,,,,https://Risk/Risk/0a8df6af-0204-4b11-a4a9-f1c25aebb43c,America/Montevideo,b99df4a4-2bf5-4c08-9483-bd636470bc11,OTAuto02,b99df4a4-2bf5-4c08-9483-bd636470bc11
False,2026-04-06T06:23:19.000+00:00,2026-04-06,2026,April,04,Quarter 2,,,,,,,,,,,,,High_Risk_Description_6845847,0a8df6af-0204-4b11-a4a9-f1c25aebb43c,,,,HIGH,3,,,,3.0,,2026-04-06T06:23:30.000+00:00,2026-04-06,2026,April,04,Quarter 2,HIGH,3,,,,,,,Risk_Name_6845847,1493,,,,0,,,,,,,,HIGH,3,,,,3.0,,,,OneTrust Automation,79f09a0f-fbd7-4439-9e1e-d48abe62c98e,,,,3.0,,,,,Evaluation,Evaluation,Default Risk Workflow,9684290c-6240-4021-b599-a2dd8a864311,IDENTIFIED,IDENTIFIED,,,,,,,,,,,,,,,,General,,,,,,,,,https://Risk/Risk/0a8df6af-0204-4b11-a4a9-f1c25aebb43c,Indian/Reunion,b99df4a4-2bf5-4c08-9483-bd636470bc11,OTAuto02,b99df4a4-2bf5-4c08-9483-bd636470bc11
False,2026-04-05T22:23:19.000+00:00,2026-04-05,2026,April,04,Quarter 2,,,,,,,,,,,,,High_Risk_Description_6845847,0a8df6af-0204-4b11-a4a9-f1c25aebb43c,,,,HIGH,3,,,,3.0,,2026-04-05T22:23:30.000+00:00,2026-04-05,2026,April,04,Quarter 2,HIGH,3,,,,,,,Risk_Name_6845847,1493,,,,0,,,,,,,,HIGH,3,,,,3.0,,,,OneTrust Automation,79f09a0f-fbd7-4439-9e1e-d48abe62c98e,,,,3.0,,,,,Evaluation,Evaluation,Default Risk Workflow,9684290c-6240-4021-b599-a2dd8a864311,IDENTIFIED,IDENTIFIED,,,,,,,,,,,,,,,,General,,,,,,,,,https://Risk/Risk/0a8df6af-0204-4b11-a4a9-f1c25aebb43c,America/Cuiaba,b99df4a4-2bf5-4c08-9483-bd636470bc11,OTAuto02,b99df4a4-2bf5-4c08-9483-bd636470bc11
False,2026-04-06T03:23:19.000+00:00,2026-04-06,2026,April,04,Quarter 2,,,,,,,,,,,,,High_Risk_Description_6845847,0a8df6af-0204-4b11-a4a9-f1c25aebb43c,,,,HIGH,3,,,,3.0,,2026-04-06T03:23:30.000+00:00,2026-04-06,2026,April,04,Quarter 2,HIGH,3,,,,,,,Risk_Name_6845847,1493,,,,0,,,,,,,,HIGH,3,,,,3.0,,,,OneTrust Automation,79f09a0f-fbd7-4439-9e1e-d48abe62c98e,,,,3.0,,,,,Evaluation,Evaluation,Default Risk Workflow,9684290c-6240-4021-b599-a2dd8a864311,IDENTIFIED,IDENTIFIED,,,,,,,,,,,,,,,,General,,,,,,,,,https://Risk/Risk/0a8df6af-0204-4b11-a4a9-f1c25aebb43c,Africa/Kinshasa,b99df4a4-2bf5-4c08-9483-bd636470bc11,OTAuto02,b99df4a4-2bf5-4c08-9483-bd636470bc11
False,2026-04-05T20:23:19.000+00:00,2026-04-05,2026,April,04,Quarter 2,,,,,,,,,,,,,High_Risk_Description_6845847,0a8df6af-0204-4b11-a4a9-f1c25aebb43c,,,,HIGH,3,,,,3.0,,2026-04-05T20:23:30.000+00:00,2026-04-05,2026,April,04,Quarter 2,HIGH,3,,,,,,,Risk_Name_6845847,1493,,,,0,,,,,,,,HIGH,3,,,,3.0,,,,OneTrust Automation,79f09a0f-fbd7-4439-9e1e-d48abe62c98e,,,,3.0,,,,,Evaluation,Evaluation,Default Risk Workflow,9684290c-6240-4021-b599-a2dd8a864311,IDENTIFIED,IDENTIFIED,,,,,,,,,,,,,,,,General,,,,,,,,,https://Risk/Risk/0a8df6af-0204-4b11-a4a9-f1c25aebb43c,America/Ciudad_Juarez,b99df4a4-2bf5-4c08-9483-bd636470bc11,OTAuto02,b99df4a4-2bf5-4c08-9483-bd636470bc11
False,2026-04-05T20:23:19.000+00:00,2026-04-05,2026,April,04,Quarter 2,,,,,,,,,,,,,High_Risk_Description_6845847,0a8df6af-0204-4b11-a4a9-f1c25aebb43c,,,,HIGH,3,,,,3.0,,2026-04-05T20:23:30.000+00:00,2026-04-05,2026,April,04,Quarter 2,HIGH,3,,,,,,,Risk_Name_6845847,1493,,,,0,,,,,,,,HIGH,3,,,,3.0,,,,OneTrust Automation,79f09a0f-fbd7-4439-9e1e-d48abe62c98e,,,,3.0,,,,,Evaluation,Evaluation,Default Risk Workflow,9684290c-6240-4021-b599-a2dd8a864311,IDENTIFIED,IDENTIFIED,,,,,,,,,,,,,,,,General,,,,,,,,,https://Risk/Risk/0a8df6af-0204-4b11-a4a9-f1c25aebb43c,Navajo,b99df4a4-2bf5-4c08-9483-bd636470bc11,OTAuto02,b99df4a4-2bf5-4c08-9483-bd636470bc11
False,2026-04-06T04:23:19.000+00:00,2026-04-06,2026,April,04,Quarter 2,,,,,,,,,,,,,High_Risk_Description_6845847,0a8df6af-0204-4b11-a4a9-f1c25aebb43c,,,,HIGH,3,,,,3.0,,2026-04-06T04:23:30.000+00:00,2026-04-06,2026,April,04,Quarter 2,HIGH,3,,,,,,,Risk_Name_6845847,1493,,,,0,,,,,,,,HIGH,3,,,,3.0,,,,OneTrust Automation,79f09a0f-fbd7-4439-9e1e-d48abe62c98e,,,,3.0,,,,,Evaluation,Evaluation,Default Risk Workflow,9684290c-6240-4021-b599-a2dd8a864311,IDENTIFIED,IDENTIFIED,,,,,,,,,,,,,,,,General,,,,,,,,,https://Risk/Risk/0a8df6af-0204-4b11-a4a9-f1c25aebb43c,Europe/Prague,b99df4a4-2bf5-4c08-9483-bd636470bc11,OTAuto02,b99df4a4-2bf5-4c08-9483-bd636470bc11
False,2026-04-06T05:23:19.000+00:00,2026-04-06,2026,April,04,Quarter 2,,,,,,,,,,,,,High_Risk_Description_6845847,0a8df6af-0204-4b11-a4a9-f1c25aebb43c,,,,HIGH,3,,,,3.0,,2026-04-06T05:23:30.000+00:00,2026-04-06,2026,April,04,Quarter 2,HIGH,3,,,,,,,Risk_Name_6845847,1493,,,,0,,,,,,,,HIGH,3,,,,3.0,,,,OneTrust Automation,79f09a0f-fbd7-4439-9e1e-d48abe62c98e,,,,3.0,,,,,Evaluation,Evaluation,Default Risk Workflow,9684290c-6240-4021-b599-a2dd8a864311,IDENTIFIED,IDENTIFIED,,,,,,,,,,,,,,,,General,,,,,,,,,https://Risk/Risk/0a8df6af-0204-4b11-a4a9-f1c25aebb43c,Antarctica/Syowa,b99df4a4-2bf5-4c08-9483-bd636470bc11,OTAuto02,b99df4a4-2bf5-4c08-9483-bd636470bc11
False,2026-04-05T19:23:19.000+00:00,2026-04-05,2026,April,04,Quarter 2,,,,,,,,,,,,,High_Risk_Description_6845847,0a8df6af-0204-4b11-a4a9-f1c25aebb43c,,,,HIGH,3,,,,3.0,,2026-04-05T19:23:30.000+00:00,2026-04-05,2026,April,04,Quarter 2,HIGH,3,,,,,,,Risk_Name_6845847,1493,,,,0,,,,,,,,HIGH,3,,,,3.0,,,,OneTrust Automation,79f09a0f-fbd7-4439-9e1e-d48abe62c98e,,,,3.0,,,,,Evaluation,Evaluation,Default Risk Workflow,9684290c-6240-4021-b599-a2dd8a864311,IDENTIFIED,IDENTIFIED,,,,,,,,,,,,,,,,General,,,,,,,,,https://Risk/Risk/0a8df6af-0204-4b11-a4a9-f1c25aebb43c,Mexico/BajaSur,b99df4a4-2bf5-4c08-9483-bd636470bc11,OTAuto02,b99df4a4-2bf5-4c08-9483-bd636470bc11
False,2026-04-06T02:23:19.000+00:00,2026-04-06,2026,April,04,Quarter 2,,,,,,,,,,,,,High_Risk_Description_6845847,0a8df6af-0204-4b11-a4a9-f1c25aebb43c,,,,HIGH,3,,,,3.0,,2026-04-06T02:23:30.000+00:00,2026-04-06,2026,April,04,Quarter 2,HIGH,3,,,,,,,Risk_Name_6845847,1493,,,,0,,,,,,,,HIGH,3,,,,3.0,,,,OneTrust Automation,79f09a0f-fbd7-4439-9e1e-d48abe62c98e,,,,3.0,,,,,Evaluation,Evaluation,Default Risk Workflow,9684290c-6240-4021-b599-a2dd8a864311,IDENTIFIED,IDENTIFIED,,,,,,,,,,,,,,,,General,,,,,,,,,https://Risk/Risk/0a8df6af-0204-4b11-a4a9-f1c25aebb43c,GMT,b99df4a4-2bf5-4c08-9483-bd636470bc11,OTAuto02,b99df4a4-2bf5-4c08-9483-bd636470bc11
False,2026-04-06T09:23:19.000+00:00,2026-04-06,2026,April,04,Quarter 2,,,,,,,,,,,,,High_Risk_Description_6845847,0a8df6af-0204-4b11-a4a9-f1c25aebb43c,,,,HIGH,3,,,,3.0,,2026-04-06T09:23:30.000+00:00,2026-04-06,2026,April,04,Quarter 2,HIGH,3,,,,,,,Risk_Name_6845847,1493,,,,0,,,,,,,,HIGH,3,,,,3.0,,,,OneTrust Automation,79f09a0f-fbd7-4439-9e1e-d48abe62c98e,,,,3.0,,,,,Evaluation,Evaluation,Default Risk Workflow,9684290c-6240-4021-b599-a2dd8a864311,IDENTIFIED,IDENTIFIED,,,,,,,,,,,,,,,,General,,,,,,,,,https://Risk/Risk/0a8df6af-0204-4b11-a4a9-f1c25aebb43c,Asia/Ho_Chi_Minh,b99df4a4-2bf5-4c08-9483-bd636470bc11,OTAuto02,b99df4a4-2bf5-4c08-9483-bd636470bc11
False,2026-04-05T22:23:19.000+00:00,2026-04-05,2026,April,04,Quarter 2,,,,,,,,,,,,,High_Risk_Description_6845847,0a8df6af-0204-4b11-a4a9-f1c25aebb43c,,,,HIGH,3,,,,3.0,,2026-04-05T22:23:30.000+00:00,2026-04-05,2026,April,04,Quarter 2,HIGH,3,,,,,,,Risk_Name_6845847,1493,,,,0,,,,,,,,HIGH,3,,,,3.0,,,,OneTrust Automation,79f09a0f-fbd7-4439-9e1e-d48abe62c98e,,,,3.0,,,,,Evaluation,Evaluation,Default Risk Workflow,9684290c-6240-4021-b599-a2dd8a864311,IDENTIFIED,IDENTIFIED,,,,,,,,,,,,,,,,General,,,,,,,,,https://Risk/Risk/0a8df6af-0204-4b11-a4a9-f1c25aebb43c,America/La_Paz,b99df4a4-2bf5-4c08-9483-bd636470bc11,OTAuto02,b99df4a4-2bf5-4c08-9483-bd636470bc11
False,2026-04-06T12:23:19.000+00:00,2026-04-06,2026,April,04,Quarter 2,,,,,,,,,,,,,High_Risk_Description_6845847,0a8df6af-0204-4b11-a4a9-f1c25aebb43c,,,,HIGH,3,,,,3.0,,2026-04-06T12:23:30.000+00:00,2026-04-06,2026,April,04,Quarter 2,HIGH,3,,,,,,,Risk_Name_6845847,1493,,,,0,,,,,,,,HIGH,3,,,,3.0,,,,OneTrust Automation,79f09a0f-fbd7-4439-9e1e-d48abe62c98e,,,,3.0,,,,,Evaluation,Evaluation,Default Risk Workflow,9684290c-6240-4021-b599-a2dd8a864311,IDENTIFIED,IDENTIFIED,,,,,,,,,,,,,,,,General,,,,,,,,,https://Risk/Risk/0a8df6af-0204-4b11-a4a9-f1c25aebb43c,Etc/GMT-10,b99df4a4-2bf5-4c08-9483-bd636470bc11,OTAuto02,b99df4a4-2bf5-4c08-9483-bd636470bc11
False,2026-04-05T21:23:19.000+00:00,2026-04-05,2026,April,04,Quarter 2,,,,,,,,,,,,,High_Risk_Description_6845847,0a8df6af-0204-4b11-a4a9-f1c25aebb43c,,,,HIGH,3,,,,3.0,,2026-04-05T21:23:30.000+00:00,2026-04-05,2026,April,04,Quarter 2,HIGH,3,,,,,,,Risk_Name_6845847,1493,,,,0,,,,,,,,HIGH,3,,,,3.0,,,,OneTrust Automation,79f09a0f-fbd7-4439-9e1e-d48abe62c98e,,,,3.0,,,,,Evaluation,Evaluation,Default Risk Workflow,9684290c-6240-4021-b599-a2dd8a864311,IDENTIFIED,IDENTIFIED,,,,,,,,,,,,,,,,General,,,,,,,,,https://Risk/Risk/0a8df6af-0204-4b11-a4a9-f1c25aebb43c,America/Rankin_Inlet,b99df4a4-2bf5-4c08-9483-bd636470bc11,OTAuto02,b99df4a4-2bf5-4c08-9483-bd636470bc11
False,2026-04-06T13:23:19.000+00:00,2026-04-06,2026,April,04,Quarter 2,,,,,,,,,,,,,High_Risk_Description_6845847,0a8df6af-0204-4b11-a4a9-f1c25aebb43c,,,,HIGH,3,,,,3.0,,2026-04-06T13:23:30.000+00:00,2026-04-06,2026,April,04,Quarter 2,HIGH,3,,,,,,,Risk_Name_6845847,1493,,,,0,,,,,,,,HIGH,3,,,,3.0,,,,OneTrust Automation,79f09a0f-fbd7-4439-9e1e-d48abe62c98e,,,,3.0,,,,,Evaluation,Evaluation,Default Risk Workflow,9684290c-6240-4021-b599-a2dd8a864311,IDENTIFIED,IDENTIFIED,,,,,,,,,,,,,,,,General,,,,,,,,,https://Risk/Risk/0a8df6af-0204-4b11-a4a9-f1c25aebb43c,Pacific/Pohnpei,b99df4a4-2bf5-4c08-9483-bd636470bc11,OTAuto02,b99df4a4-2bf5-4c08-9483-bd636470bc11
False,2026-04-06T14:23:19.000+00:00,2026-04-06,2026,April,04,Quarter 2,,,,,,,,,,,,,High_Risk_Description_6845847,0a8df6af-0204-4b11-a4a9-f1c25aebb43c,,,,HIGH,3,,,,3.0,,2026-04-06T14:23:30.000+00:00,2026-04-06,2026,April,04,Quarter 2,HIGH,3,,,,,,,Risk_Name_6845847,1493,,,,0,,,,,,,,HIGH,3,,,,3.0,,,,OneTrust Automation,79f09a0f-fbd7-4439-9e1e-d48abe62c98e,,,,3.0,,,,,Evaluation,Evaluation,Default Risk Workflow,9684290c-6240-4021-b599-a2dd8a864311,IDENTIFIED,IDENTIFIED,,,,,,,,,,,,,,,,General,,,,,,,,,https://Risk/Risk/0a8df6af-0204-4b11-a4a9-f1c25aebb43c,Pacific/Majuro,b99df4a4-2bf5-4c08-9483-bd636470bc11,OTAuto02,b99df4a4-2bf5-4c08-9483-bd636470bc11
False,2026-04-05T22:23:19.000+00:00,2026-04-05,2026,April,04,Quarter 2,,,,,,,,,,,,,High_Risk_Description_6845847,0a8df6af-0204-4b11-a4a9-f1c25aebb43c,,,,HIGH,3,,,,3.0,,2026-04-05T22:23:30.000+00:00,2026-04-05,2026,April,04,Quarter 2,HIGH,3,,,,,,,Risk_Name_6845847,1493,,,,0,,,,,,,,HIGH,3,,,,3.0,,,,OneTrust Automation,79f09a0f-fbd7-4439-9e1e-d48abe62c98e,,,,3.0,,,,,Evaluation,Evaluation,Default Risk Workflow,9684290c-6240-4021-b599-a2dd8a864311,IDENTIFIED,IDENTIFIED,,,,,,,,,,,,,,,,General,,,,,,,,,https://Risk/Risk/0a8df6af-0204-4b11-a4a9-f1c25aebb43c,America/Guyana,b99df4a4-2bf5-4c08-9483-bd636470bc11,OTAuto02,b99df4a4-2bf5-4c08-9483-bd636470bc11
False,2026-04-06T11:08:19.000+00:00,2026-04-06,2026,April,04,Quarter 2,,,,,,,,,,,,,High_Risk_Description_6845847,0a8df6af-0204-4b11-a4a9-f1c25aebb43c,,,,HIGH,3,,,,3.0,,2026-04-06T11:08:30.000+00:00,2026-04-06,2026,April,04,Quarter 2,HIGH,3,,,,,,,Risk_Name_6845847,1493,,,,0,,,,,,,,HIGH,3,,,,3.0,,,,OneTrust Automation,79f09a0f-fbd7-4439-9e1e-d48abe62c98e,,,,3.0,,,,,Evaluation,Evaluation,Default Risk Workflow,9684290c-6240-4021-b599-a2dd8a864311,IDENTIFIED,IDENTIFIED,,,,,,,,,,,,,,,,General,,,,,,,,,https://Risk/Risk/0a8df6af-0204-4b11-a4a9-f1c25aebb43c,Australia/Eucla,b99df4a4-2bf5-4c08-9483-bd636470bc11,OTAuto02,b99df4a4-2bf5-4c08-9483-bd636470bc11
False,2026-04-05T23:23:19.000+00:00,2026-04-05,2026,April,04,Quarter 2,,,,,,,,,,,,,High_Risk_Description_6845847,0a8df6af-0204-4b11-a4a9-f1c25aebb43c,,,,HIGH,3,,,,3.0,,2026-04-05T23:23:30.000+00:00,2026-04-05,2026,April,04,Quarter 2,HIGH,3,,,,,,,Risk_Name_6845847,1493,,,,0,,,,,,,,HIGH,3,,,,3.0,,,,OneTrust Automation,79f09a0f-fbd7-4439-9e1e-d48abe62c98e,,,,3.0,,,,,Evaluation,Evaluation,Default Risk Workflow,9684290c-6240-4021-b599-a2dd8a864311,IDENTIFIED,IDENTIFIED,,,,,,,,,,,,,,,,General,,,,,,,,,https://Risk/Risk/0a8df6af-0204-4b11-a4a9-f1c25aebb43c,America/Argentina/San_Luis,b99df4a4-2bf5-4c08-9483-bd636470bc11,OTAuto02,b99df4a4-2bf5-4c08-9483-bd636470bc11
False,2026-04-06T04:23:19.000+00:00,2026-04-06,2026,April,04,Quarter 2,,,,,,,,,,,,,High_Risk_Description_6845847,0a8df6af-0204-4b11-a4a9-f1c25aebb43c,,,,HIGH,3,,,,3.0,,2026-04-06T04:23:30.000+00:00,2026-04-06,2026,April,04,Quarter 2,HIGH,3,,,,,,,Risk_Name_6845847,1493,,,,0,,,,,,,,HIGH,3,,,,3.0,,,,OneTrust Automation,79f09a0f-fbd7-4439-9e1e-d48abe62c98e,,,,3.0,,,,,Evaluation,Evaluation,Default Risk Workflow,9684290c-6240-4021-b599-a2dd8a864311,IDENTIFIED,IDENTIFIED,,,,,,,,,,,,,,,,General,,,,,,,,,https://Risk/Risk/0a8df6af-0204-4b11-a4a9-f1c25aebb43c,Europe/Malta,b99df4a4-2bf5-4c08-9483-bd636470bc11,OTAuto02,b99df4a4-2bf5-4c08-9483-bd636470bc11
False,2026-04-05T23:23:19.000+00:00,2026-04-05,2026,April,04,Quarter 2,,,,,,,,,,,,,High_Risk_Description_6845847,0a8df6af-0204-4b11-a4a9-f1c25aebb43c,,,,HIGH,3,,,,3.0,,2026-04-05T23:23:30.000+00:00,2026-04-05,2026,April,04,Quarter 2,HIGH,3,,,,,,,Risk_Name_6845847,1493,,,,0,,,,,,,,HIGH,3,,,,3.0,,,,OneTrust Automation,79f09a0f-fbd7-4439-9e1e-d48abe62c98e,,,,3.0,,,,,Evaluation,Evaluation,Default Risk Workflow,9684290c-6240-4021-b599-a2dd8a864311,IDENTIFIED,IDENTIFIED,,,,,,,,,,,,,,,,General,,,,,,,,,https://Risk/Risk/0a8df6af-0204-4b11-a4a9-f1c25aebb43c,America/Argentina/San_Juan,b99df4a4-2bf5-4c08-9483-bd636470bc11,OTAuto02,b99df4a4-2bf5-4c08-9483-bd636470bc11
False,2026-04-06T04:23:19.000+00:00,2026-04-06,2026,April,04,Quarter 2,,,,,,,,,,,,,High_Risk_Description_6845847,0a8df6af-0204-4b11-a4a9-f1c25aebb43c,,,,HIGH,3,,,,3.0,,2026-04-06T04:23:30.000+00:00,2026-04-06,2026,April,04,Quarter 2,HIGH,3,,,,,,,Risk_Name_6845847,1493,,,,0,,,,,,,,HIGH,3,,,,3.0,,,,OneTrust Automation,79f09a0f-fbd7-4439-9e1e-d48abe62c98e,,,,3.0,,,,,Evaluation,Evaluation,Default Risk Workflow,9684290c-6240-4021-b599-a2dd8a864311,IDENTIFIED,IDENTIFIED,,,,,,,,,,,,,,,,General,,,,,,,,,https://Risk/Risk/0a8df6af-0204-4b11-a4a9-f1c25aebb43c,Africa/Maputo,b99df4a4-2bf5-4c08-9483-bd636470bc11,OTAuto02,b99df4a4-2bf5-4c08-9483-bd636470bc11
False,2026-04-05T22:23:19.000+00:00,2026-04-05,2026,April,04,Quarter 2,,,,,,,,,,,,,High_Risk_Description_6845847,0a8df6af-0204-4b11-a4a9-f1c25aebb43c,,,,HIGH,3,,,,3.0,,2026-04-05T22:23:30.000+00:00,2026-04-05,2026,April,04,Quarter 2,HIGH,3,,,,,,,Risk_Name_6845847,1493,,,,0,,,,,,,,HIGH,3,,,,3.0,,,,OneTrust Automation,79f09a0f-fbd7-4439-9e1e-d48abe62c98e,,,,3.0,,,,,Evaluation,Evaluation,Default Risk Workflow,9684290c-6240-4021-b599-a2dd8a864311,IDENTIFIED,IDENTIFIED,,,,,,,,,,,,,,,,General,,,,,,,,,https://Risk/Risk/0a8df6af-0204-4b11-a4a9-f1c25aebb43c,America/Toronto,b99df4a4-2bf5-4c08-9483-bd636470bc11,OTAuto02,b99df4a4-2bf5-4c08-9483-bd636470bc11
False,2026-04-05T16:23:19.000+00:00,2026-04-05,2026,April,04,Quarter 2,,,,,,,,,,,,,High_Risk_Description_6845847,0a8df6af-0204-4b11-a4a9-f1c25aebb43c,,,,HIGH,3,,,,3.0,,2026-04-05T16:23:30.000+00:00,2026-04-05,2026,April,04,Quarter 2,HIGH,3,,,,,,,Risk_Name_6845847,1493,,,,0,,,,,,,,HIGH,3,,,,3.0,,,,OneTrust Automation,79f09a0f-fbd7-4439-9e1e-d48abe62c98e,,,,3.0,,,,,Evaluation,Evaluation,Default Risk Workflow,9684290c-6240-4021-b599-a2dd8a864311,IDENTIFIED,IDENTIFIED,,,,,,,,,,,,,,,,General,,,,,,,,,https://Risk/Risk/0a8df6af-0204-4b11-a4a9-f1c25aebb43c,Pacific/Rarotonga,b99df4a4-2bf5-4c08-9483-bd636470bc11,OTAuto02,b99df4a4-2bf5-4c08-9483-bd636470bc11
False,2026-04-06T03:23:19.000+00:00,2026-04-06,2026,April,04,Quarter 2,,,,,,,,,,,,,High_Risk_Description_6845847,0a8df6af-0204-4b11-a4a9-f1c25aebb43c,,,,HIGH,3,,,,3.0,,2026-04-06T03:23:30.000+00:00,2026-04-06,2026,April,04,Quarter 2,HIGH,3,,,,,,,Risk_Name_6845847,1493,,,,0,,,,,,,,HIGH,3,,,,3.0,,,,OneTrust Automation,79f09a0f-fbd7-4439-9e1e-d48abe62c98e,,,,3.0,,,,,Evaluation,Evaluation,Default Risk Workflow,9684290c-6240-4021-b599-a2dd8a864311,IDENTIFIED,IDENTIFIED,,,,,,,,,,,,,,,,General,,,,,,,,,https://Risk/Risk/0a8df6af-0204-4b11-a4a9-f1c25aebb43c,Eire,b99df4a4-2bf5-4c08-9483-bd636470bc11,OTAuto02,b99df4a4-2bf5-4c08-9483-bd636470bc11
False,2026-04-06T03:23:19.000+00:00,2026-04-06,2026,April,04,Quarter 2,,,,,,,,,,,,,High_Risk_Description_6845847,0a8df6af-0204-4b11-a4a9-f1c25aebb43c,,,,HIGH,3,,,,3.0,,2026-04-06T03:23:30.000+00:00,2026-04-06,2026,April,04,Quarter 2,HIGH,3,,,,,,,Risk_Name_6845847,1493,,,,0,,,,,,,,HIGH,3,,,,3.0,,,,OneTrust Automation,79f09a0f-fbd7-4439-9e1e-d48abe62c98e,,,,3.0,,,,,Evaluation,Evaluation,Default Risk Workflow,9684290c-6240-4021-b599-a2dd8a864311,IDENTIFIED,IDENTIFIED,,,,,,,,,,,,,,,,General,,,,,,,,,https://Risk/Risk/0a8df6af-0204-4b11-a4a9-f1c25aebb43c,Etc/GMT-1,b99df4a4-2bf5-4c08-9483-bd636470bc11,OTAuto02,b99df4a4-2bf5-4c08-9483-bd636470bc11
False,2026-04-06T04:23:19.000+00:00,2026-04-06,2026,April,04,Quarter 2,,,,,,,,,,,,,High_Risk_Description_6845847,0a8df6af-0204-4b11-a4a9-f1c25aebb43c,,,,HIGH,3,,,,3.0,,2026-04-06T04:23:30.000+00:00,2026-04-06,2026,April,04,Quarter 2,HIGH,3,,,,,,,Risk_Name_6845847,1493,,,,0,,,,,,,,HIGH,3,,,,3.0,,,,OneTrust Automation,79f09a0f-fbd7-4439-9e1e-d48abe62c98e,,,,3.0,,,,,Evaluation,Evaluation,Default Risk Workflow,9684290c-6240-4021-b599-a2dd8a864311,IDENTIFIED,IDENTIFIED,,,,,,,,,,,,,,,,General,,,,,,,,,https://Risk/Risk/0a8df6af-0204-4b11-a4a9-f1c25aebb43c,Africa/Johannesburg,b99df4a4-2bf5-4c08-9483-bd636470bc11,OTAuto02,b99df4a4-2bf5-4c08-9483-bd636470bc11
False,2026-04-05T21:23:19.000+00:00,2026-04-05,2026,April,04,Quarter 2,,,,,,,,,,,,,High_Risk_Description_6845847,0a8df6af-0204-4b11-a4a9-f1c25aebb43c,,,,HIGH,3,,,,3.0,,2026-04-05T21:23:30.000+00:00,2026-04-05,2026,April,04,Quarter 2,HIGH,3,,,,,,,Risk_Name_6845847,1493,,,,0,,,,,,,,HIGH,3,,,,3.0,,,,OneTrust Automation,79f09a0f-fbd7-4439-9e1e-d48abe62c98e,,,,3.0,,,,,Evaluation,Evaluation,Default Risk Workflow,9684290c-6240-4021-b599-a2dd8a864311,IDENTIFIED,IDENTIFIED,,,,,,,,,,,,,,,,General,,,,,,,,,https://Risk/Risk/0a8df6af-0204-4b11-a4a9-f1c25aebb43c,America/Chicago,b99df4a4-2bf5-4c08-9483-bd636470bc11,OTAuto02,b99df4a4-2bf5-4c08-9483-bd636470bc11
False,2026-04-06T07:23:19.000+00:00,2026-04-06,2026,April,04,Quarter 2,,,,,,,,,,,,,High_Risk_Description_6845847,0a8df6af-0204-4b11-a4a9-f1c25aebb43c,,,,HIGH,3,,,,3.0,,2026-04-06T07:23:30.000+00:00,2026-04-06,2026,April,04,Quarter 2,HIGH,3,,,,,,,Risk_Name_6845847,1493,,,,0,,,,,,,,HIGH,3,,,,3.0,,,,OneTrust Automation,79f09a0f-fbd7-4439-9e1e-d48abe62c98e,,,,3.0,,,,,Evaluation,Evaluation,Default Risk Workflow,9684290c-6240-4021-b599-a2dd8a864311,IDENTIFIED,IDENTIFIED,,,,,,,,,,,,,,,,General,,,,,,,,,https://Risk/Risk/0a8df6af-0204-4b11-a4a9-f1c25aebb43c,Asia/Aqtau,b99df4a4-2bf5-4c08-9483-bd636470bc11,OTAuto02,b99df4a4-2bf5-4c08-9483-bd636470bc11
False,2026-04-06T12:23:19.000+00:00,2026-04-06,2026,April,04,Quarter 2,,,,,,,,,,,,,High_Risk_Description_6845847,0a8df6af-0204-4b11-a4a9-f1c25aebb43c,,,,HIGH,3,,,,3.0,,2026-04-06T12:23:30.000+00:00,2026-04-06,2026,April,04,Quarter 2,HIGH,3,,,,,,,Risk_Name_6845847,1493,,,,0,,,,,,,,HIGH,3,,,,3.0,,,,OneTrust Automation,79f09a0f-fbd7-4439-9e1e-d48abe62c98e,,,,3.0,,,,,Evaluation,Evaluation,Default Risk Workflow,9684290c-6240-4021-b599-a2dd8a864311,IDENTIFIED,IDENTIFIED,,,,,,,,,,,,,,,,General,,,,,,,,,https://Risk/Risk/0a8df6af-0204-4b11-a4a9-f1c25aebb43c,Australia/Queensland,b99df4a4-2bf5-4c08-9483-bd636470bc11,OTAuto02,b99df4a4-2bf5-4c08-9483-bd636470bc11
False,2026-04-06T04:23:19.000+00:00,2026-04-06,2026,April,04,Quarter 2,,,,,,,,,,,,,High_Risk_Description_6845847,0a8df6af-0204-4b11-a4a9-f1c25aebb43c,,,,HIGH,3,,,,3.0,,2026-04-06T04:23:30.000+00:00,2026-04-06,2026,April,04,Quarter 2,HIGH,3,,,,,,,Risk_Name_6845847,1493,,,,0,,,,,,,,HIGH,3,,,,3.0,,,,OneTrust Automation,79f09a0f-fbd7-4439-9e1e-d48abe62c98e,,,,3.0,,,,,Evaluation,Evaluation,Default Risk Workflow,9684290c-6240-4021-b599-a2dd8a864311,IDENTIFIED,IDENTIFIED,,,,,,,,,,,,,,,,General,,,,,,,,,https://Risk/Risk/0a8df6af-0204-4b11-a4a9-f1c25aebb43c,Europe/Podgorica,b99df4a4-2bf5-4c08-9483-bd636470bc11,OTAuto02,b99df4a4-2bf5-4c08-9483-bd636470bc11
False,2026-04-06T09:23:19.000+00:00,2026-04-06,2026,April,04,Quarter 2,,,,,,,,,,,,,High_Risk_Description_6845847,0a8df6af-0204-4b11-a4a9-f1c25aebb43c,,,,HIGH,3,,,,3.0,,2026-04-06T09:23:30.000+00:00,2026-04-06,2026,April,04,Quarter 2,HIGH,3,,,,,,,Risk_Name_6845847,1493,,,,0,,,,,,,,HIGH,3,,,,3.0,,,,OneTrust Automation,79f09a0f-fbd7-4439-9e1e-d48abe62c98e,,,,3.0,,,,,Evaluation,Evaluation,Default Risk Workflow,9684290c-6240-4021-b599-a2dd8a864311,IDENTIFIED,IDENTIFIED,,,,,,,,,,,,,,,,General,,,,,,,,,https://Risk/Risk/0a8df6af-0204-4b11-a4a9-f1c25aebb43c,Asia/Saigon,b99df4a4-2bf5-4c08-9483-bd636470bc11,OTAuto02,b99df4a4-2bf5-4c08-9483-bd636470bc11
False,2026-04-05T22:23:19.000+00:00,2026-04-05,2026,April,04,Quarter 2,,,,,,,,,,,,,High_Risk_Description_6845847,0a8df6af-0204-4b11-a4a9-f1c25aebb43c,,,,HIGH,3,,,,3.0,,2026-04-05T22:23:30.000+00:00,2026-04-05,2026,April,04,Quarter 2,HIGH,3,,,,,,,Risk_Name_6845847,1493,,,,0,,,,,,,,HIGH,3,,,,3.0,,,,OneTrust Automation,79f09a0f-fbd7-4439-9e1e-d48abe62c98e,,,,3.0,,,,,Evaluation,Evaluation,Default Risk Workflow,9684290c-6240-4021-b599-a2dd8a864311,IDENTIFIED,IDENTIFIED,,,,,,,,,,,,,,,,General,,,,,,,,,https://Risk/Risk/0a8df6af-0204-4b11-a4a9-f1c25aebb43c,Chile/Continental,b99df4a4-2bf5-4c08-9483-bd636470bc11,OTAuto02,b99df4a4-2bf5-4c08-9483-bd636470bc11
False,2026-04-05T22:23:19.000+00:00,2026-04-05,2026,April,04,Quarter 2,,,,,,,,,,,,,High_Risk_Description_6845847,0a8df6af-0204-4b11-a4a9-f1c25aebb43c,,,,HIGH,3,,,,3.0,,2026-04-05T22:23:30.000+00:00,2026-04-05,2026,April,04,Quarter 2,HIGH,3,,,,,,,Risk_Name_6845847,1493,,,,0,,,,,,,,HIGH,3,,,,3.0,,,,OneTrust Automation,79f09a0f-fbd7-4439-9e1e-d48abe62c98e,,,,3.0,,,,,Evaluation,Evaluation,Default Risk Workflow,9684290c-6240-4021-b599-a2dd8a864311,IDENTIFIED,IDENTIFIED,,,,,,,,,,,,,,,,General,,,,,,,,,https://Risk/Risk/0a8df6af-0204-4b11-a4a9-f1c25aebb43c,America/Campo_Grande,b99df4a4-2bf5-4c08-9483-bd636470bc11,OTAuto02,b99df4a4-2bf5-4c08-9483-bd636470bc11
False,2026-04-05T22:23:19.000+00:00,2026-04-05,2026,April,04,Quarter 2,,,,,,,,,,,,,High_Risk_Description_6845847,0a8df6af-0204-4b11-a4a9-f1c25aebb43c,,,,HIGH,3,,,,3.0,,2026-04-05T22:23:30.000+00:00,2026-04-05,2026,April,04,Quarter 2,HIGH,3,,,,,,,Risk_Name_6845847,1493,,,,0,,,,,,,,HIGH,3,,,,3.0,,,,OneTrust Automation,79f09a0f-fbd7-4439-9e1e-d48abe62c98e,,,,3.0,,,,,Evaluation,Evaluation,Default Risk Workflow,9684290c-6240-4021-b599-a2dd8a864311,IDENTIFIED,IDENTIFIED,,,,,,,,,,,,,,,,General,,,,,,,,,https://Risk/Risk/0a8df6af-0204-4b11-a4a9-f1c25aebb43c,America/Indiana/Vevay,b99df4a4-2bf5-4c08-9483-bd636470bc11,OTAuto02,b99df4a4-2bf5-4c08-9483-bd636470bc11
False,2026-04-05T16:23:19.000+00:00,2026-04-05,2026,April,04,Quarter 2,,,,,,,,,,,,,High_Risk_Description_6845847,0a8df6af-0204-4b11-a4a9-f1c25aebb43c,,,,HIGH,3,,,,3.0,,2026-04-05T16:23:30.000+00:00,2026-04-05,2026,April,04,Quarter 2,HIGH,3,,,,,,,Risk_Name_6845847,1493,,,,0,,,,,,,,HIGH,3,,,,3.0,,,,OneTrust Automation,79f09a0f-fbd7-4439-9e1e-d48abe62c98e,,,,3.0,,,,,Evaluation,Evaluation,Default Risk Workflow,9684290c-6240-4021-b599-a2dd8a864311,IDENTIFIED,IDENTIFIED,,,,,,,,,,,,,,,,General,,,,,,,,,https://Risk/Risk/0a8df6af-0204-4b11-a4a9-f1c25aebb43c,HST,b99df4a4-2bf5-4c08-9483-bd636470bc11,OTAuto02,b99df4a4-2bf5-4c08-9483-bd636470bc11
False,2026-04-06T01:23:19.000+00:00,2026-04-06,2026,April,04,Quarter 2,,,,,,,,,,,,,High_Risk_Description_6845847,0a8df6af-0204-4b11-a4a9-f1c25aebb43c,,,,HIGH,3,,,,3.0,,2026-04-06T01:23:30.000+00:00,2026-04-06,2026,April,04,Quarter 2,HIGH,3,,,,,,,Risk_Name_6845847,1493,,,,0,,,,,,,,HIGH,3,,,,3.0,,,,OneTrust Automation,79f09a0f-fbd7-4439-9e1e-d48abe62c98e,,,,3.0,,,,,Evaluation,Evaluation,Default Risk Workflow,9684290c-6240-4021-b599-a2dd8a864311,IDENTIFIED,IDENTIFIED,,,,,,,,,,,,,,,,General,,,,,,,,,https://Risk/Risk/0a8df6af-0204-4b11-a4a9-f1c25aebb43c,America/Scoresbysund,b99df4a4-2bf5-4c08-9483-bd636470bc11,OTAuto02,b99df4a4-2bf5-4c08-9483-bd636470bc11
False,2026-04-06T04:23:19.000+00:00,2026-04-06,2026,April,04,Quarter 2,,,,,,,,,,,,,High_Risk_Description_6845847,0a8df6af-0204-4b11-a4a9-f1c25aebb43c,,,,HIGH,3,,,,3.0,,2026-04-06T04:23:30.000+00:00,2026-04-06,2026,April,04,Quarter 2,HIGH,3,,,,,,,Risk_Name_6845847,1493,,,,0,,,,,,,,HIGH,3,,,,3.0,,,,OneTrust Automation,79f09a0f-fbd7-4439-9e1e-d48abe62c98e,,,,3.0,,,,,Evaluation,Evaluation,Default Risk Workflow,9684290c-6240-4021-b599-a2dd8a864311,IDENTIFIED,IDENTIFIED,,,,,,,,,,,,,,,,General,,,,,,,,,https://Risk/Risk/0a8df6af-0204-4b11-a4a9-f1c25aebb43c,MET,b99df4a4-2bf5-4c08-9483-bd636470bc11,OTAuto02,b99df4a4-2bf5-4c08-9483-bd636470bc11
False,2026-04-05T20:23:19.000+00:00,2026-04-05,2026,April,04,Quarter 2,,,,,,,,,,,,,High_Risk_Description_6845847,0a8df6af-0204-4b11-a4a9-f1c25aebb43c,,,,HIGH,3,,,,3.0,,2026-04-05T20:23:30.000+00:00,2026-04-05,2026,April,04,Quarter 2,HIGH,3,,,,,,,Risk_Name_6845847,1493,,,,0,,,,,,,,HIGH,3,,,,3.0,,,,OneTrust Automation,79f09a0f-fbd7-4439-9e1e-d48abe62c98e,,,,3.0,,,,,Evaluation,Evaluation,Default Risk Workflow,9684290c-6240-4021-b599-a2dd8a864311,IDENTIFIED,IDENTIFIED,,,,,,,,,,,,,,,,General,,,,,,,,,https://Risk/Risk/0a8df6af-0204-4b11-a4a9-f1c25aebb43c,America/Tegucigalpa,b99df4a4-2bf5-4c08-9483-bd636470bc11,OTAuto02,b99df4a4-2bf5-4c08-9483-bd636470bc11
False,2026-04-06T02:23:19.000+00:00,2026-04-06,2026,April,04,Quarter 2,,,,,,,,,,,,,High_Risk_Description_6845847,0a8df6af-0204-4b11-a4a9-f1c25aebb43c,,,,HIGH,3,,,,3.0,,2026-04-06T02:23:30.000+00:00,2026-04-06,2026,April,04,Quarter 2,HIGH,3,,,,,,,Risk_Name_6845847,1493,,,,0,,,,,,,,HIGH,3,,,,3.0,,,,OneTrust Automation,79f09a0f-fbd7-4439-9e1e-d48abe62c98e,,,,3.0,,,,,Evaluation,Evaluation,Default Risk Workflow,9684290c-6240-4021-b599-a2dd8a864311,IDENTIFIED,IDENTIFIED,,,,,,,,,,,,,,,,General,,,,,,,,,https://Risk/Risk/0a8df6af-0204-4b11-a4a9-f1c25aebb43c,Atlantic/Reykjavik,b99df4a4-2bf5-4c08-9483-bd636470bc11,OTAuto02,b99df4a4-2bf5-4c08-9483-bd636470bc11
False,2026-04-06T01:23:19.000+00:00,2026-04-06,2026,April,04,Quarter 2,,,,,,,,,,,,,High_Risk_Description_6845847,0a8df6af-0204-4b11-a4a9-f1c25aebb43c,,,,HIGH,3,,,,3.0,,2026-04-06T01:23:30.000+00:00,2026-04-06,2026,April,04,Quarter 2,HIGH,3,,,,,,,Risk_Name_6845847,1493,,,,0,,,,,,,,HIGH,3,,,,3.0,,,,OneTrust Automation,79f09a0f-fbd7-4439-9e1e-d48abe62c98e,,,,3.0,,,,,Evaluation,Evaluation,Default Risk Workflow,9684290c-6240-4021-b599-a2dd8a864311,IDENTIFIED,IDENTIFIED,,,,,,,,,,,,,,,,General,,,,,,,,,https://Risk/Risk/0a8df6af-0204-4b11-a4a9-f1c25aebb43c,Etc/GMT+1,b99df4a4-2bf5-4c08-9483-bd636470bc11,OTAuto02,b99df4a4-2bf5-4c08-9483-bd636470bc11
False,2026-04-06T05:23:19.000+00:00,2026-04-06,2026,April,04,Quarter 2,,,,,,,,,,,,,High_Risk_Description_6845847,0a8df6af-0204-4b11-a4a9-f1c25aebb43c,,,,HIGH,3,,,,3.0,,2026-04-06T05:23:30.000+00:00,2026-04-06,2026,April,04,Quarter 2,HIGH,3,,,,,,,Risk_Name_6845847,1493,,,,0,,,,,,,,HIGH,3,,,,3.0,,,,OneTrust Automation,79f09a0f-fbd7-4439-9e1e-d48abe62c98e,,,,3.0,,,,,Evaluation,Evaluation,Default Risk Workflow,9684290c-6240-4021-b599-a2dd8a864311,IDENTIFIED,IDENTIFIED,,,,,,,,,,,,,,,,General,,,,,,,,,https://Risk/Risk/0a8df6af-0204-4b11-a4a9-f1c25aebb43c,Europe/Zaporozhye,b99df4a4-2bf5-4c08-9483-bd636470bc11,OTAuto02,b99df4a4-2bf5-4c08-9483-bd636470bc11
False,2026-04-05T20:23:19.000+00:00,2026-04-05,2026,April,04,Quarter 2,,,,,,,,,,,,,High_Risk_Description_6845847,0a8df6af-0204-4b11-a4a9-f1c25aebb43c,,,,HIGH,3,,,,3.0,,2026-04-05T20:23:30.000+00:00,2026-04-05,2026,April,04,Quarter 2,HIGH,3,,,,,,,Risk_Name_6845847,1493,,,,0,,,,,,,,HIGH,3,,,,3.0,,,,OneTrust Automation,79f09a0f-fbd7-4439-9e1e-d48abe62c98e,,,,3.0,,,,,Evaluation,Evaluation,Default Risk Workflow,9684290c-6240-4021-b599-a2dd8a864311,IDENTIFIED,IDENTIFIED,,,,,,,,,,,,,,,,General,,,,,,,,,https://Risk/Risk/0a8df6af-0204-4b11-a4a9-f1c25aebb43c,America/Shiprock,b99df4a4-2bf5-4c08-9483-bd636470bc11,OTAuto02,b99df4a4-2bf5-4c08-9483-bd636470bc11
False,2026-04-05T18:23:19.000+00:00,2026-04-05,2026,April,04,Quarter 2,,,,,,,,,,,,,High_Risk_Description_6845847,0a8df6af-0204-4b11-a4a9-f1c25aebb43c,,,,HIGH,3,,,,3.0,,2026-04-05T18:23:30.000+00:00,2026-04-05,2026,April,04,Quarter 2,HIGH,3,,,,,,,Risk_Name_6845847,1493,,,,0,,,,,,,,HIGH,3,,,,3.0,,,,OneTrust Automation,79f09a0f-fbd7-4439-9e1e-d48abe62c98e,,,,3.0,,,,,Evaluation,Evaluation,Default Risk Workflow,9684290c-6240-4021-b599-a2dd8a864311,IDENTIFIED,IDENTIFIED,,,,,,,,,,,,,,,,General,,,,,,,,,https://Risk/Risk/0a8df6af-0204-4b11-a4a9-f1c25aebb43c,America/Metlakatla,b99df4a4-2bf5-4c08-9483-bd636470bc11,OTAuto02,b99df4a4-2bf5-4c08-9483-bd636470bc11
False,2026-04-06T05:23:19.000+00:00,2026-04-06,2026,April,04,Quarter 2,,,,,,,,,,,,,High_Risk_Description_6845847,0a8df6af-0204-4b11-a4a9-f1c25aebb43c,,,,HIGH,3,,,,3.0,,2026-04-06T05:23:30.000+00:00,2026-04-06,2026,April,04,Quarter 2,HIGH,3,,,,,,,Risk_Name_6845847,1493,,,,0,,,,,,,,HIGH,3,,,,3.0,,,,OneTrust Automation,79f09a0f-fbd7-4439-9e1e-d48abe62c98e,,,,3.0,,,,,Evaluation,Evaluation,Default Risk Workflow,9684290c-6240-4021-b599-a2dd8a864311,IDENTIFIED,IDENTIFIED,,,,,,,,,,,,,,,,General,,,,,,,,,https://Risk/Risk/0a8df6af-0204-4b11-a4a9-f1c25aebb43c,Asia/Hebron,b99df4a4-2bf5-4c08-9483-bd636470bc11,OTAuto02,b99df4a4-2bf5-4c08-9483-bd636470bc11
False,2026-04-06T05:23:19.000+00:00,2026-04-06,2026,April,04,Quarter 2,,,,,,,,,,,,,High_Risk_Description_6845847,0a8df6af-0204-4b11-a4a9-f1c25aebb43c,,,,HIGH,3,,,,3.0,,2026-04-06T05:23:30.000+00:00,2026-04-06,2026,April,04,Quarter 2,HIGH,3,,,,,,,Risk_Name_6845847,1493,,,,0,,,,,,,,HIGH,3,,,,3.0,,,,OneTrust Automation,79f09a0f-fbd7-4439-9e1e-d48abe62c98e,,,,3.0,,,,,Evaluation,Evaluation,Default Risk Workflow,9684290c-6240-4021-b599-a2dd8a864311,IDENTIFIED,IDENTIFIED,,,,,,,,,,,,,,,,General,,,,,,,,,https://Risk/Risk/0a8df6af-0204-4b11-a4a9-f1c25aebb43c,Europe/Helsinki,b99df4a4-2bf5-4c08-9483-bd636470bc11,OTAuto02,b99df4a4-2bf5-4c08-9483-bd636470bc11
False,2026-04-05T23:23:19.000+00:00,2026-04-05,2026,April,04,Quarter 2,,,,,,,,,,,,,High_Risk_Description_6845847,0a8df6af-0204-4b11-a4a9-f1c25aebb43c,,,,HIGH,3,,,,3.0,,2026-04-05T23:23:30.000+00:00,2026-04-05,2026,April,04,Quarter 2,HIGH,3,,,,,,,Risk_Name_6845847,1493,,,,0,,,,,,,,HIGH,3,,,,3.0,,,,OneTrust Automation,79f09a0f-fbd7-4439-9e1e-d48abe62c98e,,,,3.0,,,,,Evaluation,Evaluation,Default Risk Workflow,9684290c-6240-4021-b599-a2dd8a864311,IDENTIFIED,IDENTIFIED,,,,,,,,,,,,,,,,General,,,,,,,,,https://Risk/Risk/0a8df6af-0204-4b11-a4a9-f1c25aebb43c,America/Halifax,b99df4a4-2bf5-4c08-9483-bd636470bc11,OTAuto02,b99df4a4-2bf5-4c08-9483-bd636470bc11
False,2026-04-06T05:23:19.000+00:00,2026-04-06,2026,April,04,Quarter 2,,,,,,,,,,,,,High_Risk_Description_6845847,0a8df6af-0204-4b11-a4a9-f1c25aebb43c,,,,HIGH,3,,,,3.0,,2026-04-06T05:23:30.000+00:00,2026-04-06,2026,April,04,Quarter 2,HIGH,3,,,,,,,Risk_Name_6845847,1493,,,,0,,,,,,,,HIGH,3,,,,3.0,,,,OneTrust Automation,79f09a0f-fbd7-4439-9e1e-d48abe62c98e,,,,3.0,,,,,Evaluation,Evaluation,Default Risk Workflow,9684290c-6240-4021-b599-a2dd8a864311,IDENTIFIED,IDENTIFIED,,,,,,,,,,,,,,,,General,,,,,,,,,https://Risk/Risk/0a8df6af-0204-4b11-a4a9-f1c25aebb43c,Africa/Djibouti,b99df4a4-2bf5-4c08-9483-bd636470bc11,OTAuto02,b99df4a4-2bf5-4c08-9483-bd636470bc11
False,2026-04-06T10:23:19.000+00:00,2026-04-06,2026,April,04,Quarter 2,,,,,,,,,,,,,High_Risk_Description_6845847,0a8df6af-0204-4b11-a4a9-f1c25aebb43c,,,,HIGH,3,,,,3.0,,2026-04-06T10:23:30.000+00:00,2026-04-06,2026,April,04,Quarter 2,HIGH,3,,,,,,,Risk_Name_6845847,1493,,,,0,,,,,,,,HIGH,3,,,,3.0,,,,OneTrust Automation,79f09a0f-fbd7-4439-9e1e-d48abe62c98e,,,,3.0,,,,,Evaluation,Evaluation,Default Risk Workflow,9684290c-6240-4021-b599-a2dd8a864311,IDENTIFIED,IDENTIFIED,,,,,,,,,,,,,,,,General,,,,,,,,,https://Risk/Risk/0a8df6af-0204-4b11-a4a9-f1c25aebb43c,Asia/Hong_Kong,b99df4a4-2bf5-4c08-9483-bd636470bc11,OTAuto02,b99df4a4-2bf5-4c08-9483-bd636470bc11
False,2026-04-06T12:23:19.000+00:00,2026-04-06,2026,April,04,Quarter 2,,,,,,,,,,,,,High_Risk_Description_6845847,0a8df6af-0204-4b11-a4a9-f1c25aebb43c,,,,HIGH,3,,,,3.0,,2026-04-06T12:23:30.000+00:00,2026-04-06,2026,April,04,Quarter 2,HIGH,3,,,,,,,Risk_Name_6845847,1493,,,,0,,,,,,,,HIGH,3,,,,3.0,,,,OneTrust Automation,79f09a0f-fbd7-4439-9e1e-d48abe62c98e,,,,3.0,,,,,Evaluation,Evaluation,Default Risk Workflow,9684290c-6240-4021-b599-a2dd8a864311,IDENTIFIED,IDENTIFIED,,,,,,,,,,,,,,,,General,,,,,,,,,https://Risk/Risk/0a8df6af-0204-4b11-a4a9-f1c25aebb43c,Australia/Currie,b99df4a4-2bf5-4c08-9483-bd636470bc11,OTAuto02,b99df4a4-2bf5-4c08-9483-bd636470bc11
False,2026-04-05T16:23:19.000+00:00,2026-04-05,2026,April,04,Quarter 2,,,,,,,,,,,,,High_Risk_Description_6845847,0a8df6af-0204-4b11-a4a9-f1c25aebb43c,,,,HIGH,3,,,,3.0,,2026-04-05T16:23:30.000+00:00,2026-04-05,2026,April,04,Quarter 2,HIGH,3,,,,,,,Risk_Name_6845847,1493,,,,0,,,,,,,,HIGH,3,,,,3.0,,,,OneTrust Automation,79f09a0f-fbd7-4439-9e1e-d48abe62c98e,,,,3.0,,,,,Evaluation,Evaluation,Default Risk Workflow,9684290c-6240-4021-b599-a2dd8a864311,IDENTIFIED,IDENTIFIED,,,,,,,,,,,,,,,,General,,,,,,,,,https://Risk/Risk/0a8df6af-0204-4b11-a4a9-f1c25aebb43c,Pacific/Tahiti,b99df4a4-2bf5-4c08-9483-bd636470bc11,OTAuto02,b99df4a4-2bf5-4c08-9483-bd636470bc11
False,2026-04-05T21:23:19.000+00:00,2026-04-05,2026,April,04,Quarter 2,,,,,,,,,,,,,High_Risk_Description_6845847,0a8df6af-0204-4b11-a4a9-f1c25aebb43c,,,,HIGH,3,,,,3.0,,2026-04-05T21:23:30.000+00:00,2026-04-05,2026,April,04,Quarter 2,HIGH,3,,,,,,,Risk_Name_6845847,1493,,,,0,,,,,,,,HIGH,3,,,,3.0,,,,OneTrust Automation,79f09a0f-fbd7-4439-9e1e-d48abe62c98e,,,,3.0,,,,,Evaluation,Evaluation,Default Risk Workflow,9684290c-6240-4021-b599-a2dd8a864311,IDENTIFIED,IDENTIFIED,,,,,,,,,,,,,,,,General,,,,,,,,,https://Risk/Risk/0a8df6af-0204-4b11-a4a9-f1c25aebb43c,America/Lima,b99df4a4-2bf5-4c08-9483-bd636470bc11,OTAuto02,b99df4a4-2bf5-4c08-9483-bd636470bc11
False,2026-04-05T20:23:19.000+00:00,2026-04-05,2026,April,04,Quarter 2,,,,,,,,,,,,,High_Risk_Description_6845847,0a8df6af-0204-4b11-a4a9-f1c25aebb43c,,,,HIGH,3,,,,3.0,,2026-04-05T20:23:30.000+00:00,2026-04-05,2026,April,04,Quarter 2,HIGH,3,,,,,,,Risk_Name_6845847,1493,,,,0,,,,,,,,HIGH,3,,,,3.0,,,,OneTrust Automation,79f09a0f-fbd7-4439-9e1e-d48abe62c98e,,,,3.0,,,,,Evaluation,Evaluation,Default Risk Workflow,9684290c-6240-4021-b599-a2dd8a864311,IDENTIFIED,IDENTIFIED,,,,,,,,,,,,,,,,General,,,,,,,,,https://Risk/Risk/0a8df6af-0204-4b11-a4a9-f1c25aebb43c,America/Chihuahua,b99df4a4-2bf5-4c08-9483-bd636470bc11,OTAuto02,b99df4a4-2bf5-4c08-9483-bd636470bc11
False,2026-04-06T11:23:19.000+00:00,2026-04-06,2026,April,04,Quarter 2,,,,,,,,,,,,,High_Risk_Description_6845847,0a8df6af-0204-4b11-a4a9-f1c25aebb43c,,,,HIGH,3,,,,3.0,,2026-04-06T11:23:30.000+00:00,2026-04-06,2026,April,04,Quarter 2,HIGH,3,,,,,,,Risk_Name_6845847,1493,,,,0,,,,,,,,HIGH,3,,,,3.0,,,,OneTrust Automation,79f09a0f-fbd7-4439-9e1e-d48abe62c98e,,,,3.0,,,,,Evaluation,Evaluation,Default Risk Workflow,9684290c-6240-4021-b599-a2dd8a864311,IDENTIFIED,IDENTIFIED,,,,,,,,,,,,,,,,General,,,,,,,,,https://Risk/Risk/0a8df6af-0204-4b11-a4a9-f1c25aebb43c,Asia/Tokyo,b99df4a4-2bf5-4c08-9483-bd636470bc11,OTAuto02,b99df4a4-2bf5-4c08-9483-bd636470bc11
False,2026-04-05T23:23:19.000+00:00,2026-04-05,2026,April,04,Quarter 2,,,,,,,,,,,,,High_Risk_Description_6845847,0a8df6af-0204-4b11-a4a9-f1c25aebb43c,,,,HIGH,3,,,,3.0,,2026-04-05T23:23:30.000+00:00,2026-04-05,2026,April,04,Quarter 2,HIGH,3,,,,,,,Risk_Name_6845847,1493,,,,0,,,,,,,,HIGH,3,,,,3.0,,,,OneTrust Automation,79f09a0f-fbd7-4439-9e1e-d48abe62c98e,,,,3.0,,,,,Evaluation,Evaluation,Default Risk Workflow,9684290c-6240-4021-b599-a2dd8a864311,IDENTIFIED,IDENTIFIED,,,,,,,,,,,,,,,,General,,,,,,,,,https://Risk/Risk/0a8df6af-0204-4b11-a4a9-f1c25aebb43c,America/Punta_Arenas,b99df4a4-2bf5-4c08-9483-bd636470bc11,OTAuto02,b99df4a4-2bf5-4c08-9483-bd636470bc11
False,2026-04-06T02:23:19.000+00:00,2026-04-06,2026,April,04,Quarter 2,,,,,,,,,,,,,High_Risk_Description_6845847,0a8df6af-0204-4b11-a4a9-f1c25aebb43c,,,,HIGH,3,,,,3.0,,2026-04-06T02:23:30.000+00:00,2026-04-06,2026,April,04,Quarter 2,HIGH,3,,,,,,,Risk_Name_6845847,1493,,,,0,,,,,,,,HIGH,3,,,,3.0,,,,OneTrust Automation,79f09a0f-fbd7-4439-9e1e-d48abe62c98e,,,,3.0,,,,,Evaluation,Evaluation,Default Risk Workflow,9684290c-6240-4021-b599-a2dd8a864311,IDENTIFIED,IDENTIFIED,,,,,,,,,,,,,,,,General,,,,,,,,,https://Risk/Risk/0a8df6af-0204-4b11-a4a9-f1c25aebb43c,Etc/GMT,b99df4a4-2bf5-4c08-9483-bd636470bc11,OTAuto02,b99df4a4-2bf5-4c08-9483-bd636470bc11
False,2026-04-06T14:23:19.000+00:00,2026-04-06,2026,April,04,Quarter 2,,,,,,,,,,,,,High_Risk_Description_6845847,0a8df6af-0204-4b11-a4a9-f1c25aebb43c,,,,HIGH,3,,,,3.0,,2026-04-06T14:23:30.000+00:00,2026-04-06,2026,April,04,Quarter 2,HIGH,3,,,,,,,Risk_Name_6845847,1493,,,,0,,,,,,,,HIGH,3,,,,3.0,,,,OneTrust Automation,79f09a0f-fbd7-4439-9e1e-d48abe62c98e,,,,3.0,,,,,Evaluation,Evaluation,Default Risk Workflow,9684290c-6240-4021-b599-a2dd8a864311,IDENTIFIED,IDENTIFIED,,,,,,,,,,,,,,,,General,,,,,,,,,https://Risk/Risk/0a8df6af-0204-4b11-a4a9-f1c25aebb43c,Pacific/Wake,b99df4a4-2bf5-4c08-9483-bd636470bc11,OTAuto02,b99df4a4-2bf5-4c08-9483-bd636470bc11
False,2026-04-06T01:23:19.000+00:00,2026-04-06,2026,April,04,Quarter 2,,,,,,,,,,,,,High_Risk_Description_6845847,0a8df6af-0204-4b11-a4a9-f1c25aebb43c,,,,HIGH,3,,,,3.0,,2026-04-06T01:23:30.000+00:00,2026-04-06,2026,April,04,Quarter 2,HIGH,3,,,,,,,Risk_Name_6845847,1493,,,,0,,,,,,,,HIGH,3,,,,3.0,,,,OneTrust Automation,79f09a0f-fbd7-4439-9e1e-d48abe62c98e,,,,3.0,,,,,Evaluation,Evaluation,Default Risk Workflow,9684290c-6240-4021-b599-a2dd8a864311,IDENTIFIED,IDENTIFIED,,,,,,,,,,,,,,,,General,,,,,,,,,https://Risk/Risk/0a8df6af-0204-4b11-a4a9-f1c25aebb43c,America/Nuuk,b99df4a4-2bf5-4c08-9483-bd636470bc11,OTAuto02,b99df4a4-2bf5-4c08-9483-bd636470bc11
False,2026-04-05T17:23:19.000+00:00,2026-04-05,2026,April,04,Quarter 2,,,,,,,,,,,,,High_Risk_Description_6845847,0a8df6af-0204-4b11-a4a9-f1c25aebb43c,,,,HIGH,3,,,,3.0,,2026-04-05T17:23:30.000+00:00,2026-04-05,2026,April,04,Quarter 2,HIGH,3,,,,,,,Risk_Name_6845847,1493,,,,0,,,,,,,,HIGH,3,,,,3.0,,,,OneTrust Automation,79f09a0f-fbd7-4439-9e1e-d48abe62c98e,,,,3.0,,,,,Evaluation,Evaluation,Default Risk Workflow,9684290c-6240-4021-b599-a2dd8a864311,IDENTIFIED,IDENTIFIED,,,,,,,,,,,,,,,,General,,,,,,,,,https://Risk/Risk/0a8df6af-0204-4b11-a4a9-f1c25aebb43c,Pacific/Gambier,b99df4a4-2bf5-4c08-9483-bd636470bc11,OTAuto02,b99df4a4-2bf5-4c08-9483-bd636470bc11
False,2026-04-06T05:23:19.000+00:00,2026-04-06,2026,April,04,Quarter 2,,,,,,,,,,,,,High_Risk_Description_6845847,0a8df6af-0204-4b11-a4a9-f1c25aebb43c,,,,HIGH,3,,,,3.0,,2026-04-06T05:23:30.000+00:00,2026-04-06,2026,April,04,Quarter 2,HIGH,3,,,,,,,Risk_Name_6845847,1493,,,,0,,,,,,,,HIGH,3,,,,3.0,,,,OneTrust Automation,79f09a0f-fbd7-4439-9e1e-d48abe62c98e,,,,3.0,,,,,Evaluation,Evaluation,Default Risk Workflow,9684290c-6240-4021-b599-a2dd8a864311,IDENTIFIED,IDENTIFIED,,,,,,,,,,,,,,,,General,,,,,,,,,https://Risk/Risk/0a8df6af-0204-4b11-a4a9-f1c25aebb43c,Asia/Amman,b99df4a4-2bf5-4c08-9483-bd636470bc11,OTAuto02,b99df4a4-2bf5-4c08-9483-bd636470bc11
False,2026-04-06T10:23:19.000+00:00,2026-04-06,2026,April,04,Quarter 2,,,,,,,,,,,,,High_Risk_Description_6845847,0a8df6af-0204-4b11-a4a9-f1c25aebb43c,,,,HIGH,3,,,,3.0,,2026-04-06T10:23:30.000+00:00,2026-04-06,2026,April,04,Quarter 2,HIGH,3,,,,,,,Risk_Name_6845847,1493,,,,0,,,,,,,,HIGH,3,,,,3.0,,,,OneTrust Automation,79f09a0f-fbd7-4439-9e1e-d48abe62c98e,,,,3.0,,,,,Evaluation,Evaluation,Default Risk Workflow,9684290c-6240-4021-b599-a2dd8a864311,IDENTIFIED,IDENTIFIED,,,,,,,,,,,,,,,,General,,,,,,,,,https://Risk/Risk/0a8df6af-0204-4b11-a4a9-f1c25aebb43c,Asia/Harbin,b99df4a4-2bf5-4c08-9483-bd636470bc11,OTAuto02,b99df4a4-2bf5-4c08-9483-bd636470bc11
False,2026-04-05T23:23:19.000+00:00,2026-04-05,2026,April,04,Quarter 2,,,,,,,,,,,,,High_Risk_Description_6845847,0a8df6af-0204-4b11-a4a9-f1c25aebb43c,,,,HIGH,3,,,,3.0,,2026-04-05T23:23:30.000+00:00,2026-04-05,2026,April,04,Quarter 2,HIGH,3,,,,,,,Risk_Name_6845847,1493,,,,0,,,,,,,,HIGH,3,,,,3.0,,,,OneTrust Automation,79f09a0f-fbd7-4439-9e1e-d48abe62c98e,,,,3.0,,,,,Evaluation,Evaluation,Default Risk Workflow,9684290c-6240-4021-b599-a2dd8a864311,IDENTIFIED,IDENTIFIED,,,,,,,,,,,,,,,,General,,,,,,,,,https://Risk/Risk/0a8df6af-0204-4b11-a4a9-f1c25aebb43c,America/Belem,b99df4a4-2bf5-4c08-9483-bd636470bc11,OTAuto02,b99df4a4-2bf5-4c08-9483-bd636470bc11
False,2026-04-06T10:23:19.000+00:00,2026-04-06,2026,April,04,Quarter 2,,,,,,,,,,,,,High_Risk_Description_6845847,0a8df6af-0204-4b11-a4a9-f1c25aebb43c,,,,HIGH,3,,,,3.0,,2026-04-06T10:23:30.000+00:00,2026-04-06,2026,April,04,Quarter 2,HIGH,3,,,,,,,Risk_Name_6845847,1493,,,,0,,,,,,,,HIGH,3,,,,3.0,,,,OneTrust Automation,79f09a0f-fbd7-4439-9e1e-d48abe62c98e,,,,3.0,,,,,Evaluation,Evaluation,Default Risk Workflow,9684290c-6240-4021-b599-a2dd8a864311,IDENTIFIED,IDENTIFIED,,,,,,,,,,,,,,,,General,,,,,,,,,https://Risk/Risk/0a8df6af-0204-4b11-a4a9-f1c25aebb43c,Etc/GMT-8,b99df4a4-2bf5-4c08-9483-bd636470bc11,OTAuto02,b99df4a4-2bf5-4c08-9483-bd636470bc11
False,2026-04-06T06:23:19.000+00:00,2026-04-06,2026,April,04,Quarter 2,,,,,,,,,,,,,High_Risk_Description_6845847,0a8df6af-0204-4b11-a4a9-f1c25aebb43c,,,,HIGH,3,,,,3.0,,2026-04-06T06:23:30.000+00:00,2026-04-06,2026,April,04,Quarter 2,HIGH,3,,,,,,,Risk_Name_6845847,1493,,,,0,,,,,,,,HIGH,3,,,,3.0,,,,OneTrust Automation,79f09a0f-fbd7-4439-9e1e-d48abe62c98e,,,,3.0,,,,,Evaluation,Evaluation,Default Risk Workflow,9684290c-6240-4021-b599-a2dd8a864311,IDENTIFIED,IDENTIFIED,,,,,,,,,,,,,,,,General,,,,,,,,,https://Risk/Risk/0a8df6af-0204-4b11-a4a9-f1c25aebb43c,Indian/Mahe,b99df4a4-2bf5-4c08-9483-bd636470bc11,OTAuto02,b99df4a4-2bf5-4c08-9483-bd636470bc11
False,2026-04-06T03:23:19.000+00:00,2026-04-06,2026,April,04,Quarter 2,,,,,,,,,,,,,High_Risk_Description_6845847,0a8df6af-0204-4b11-a4a9-f1c25aebb43c,,,,HIGH,3,,,,3.0,,2026-04-06T03:23:30.000+00:00,2026-04-06,2026,April,04,Quarter 2,HIGH,3,,,,,,,Risk_Name_6845847,1493,,,,0,,,,,,,,HIGH,3,,,,3.0,,,,OneTrust Automation,79f09a0f-fbd7-4439-9e1e-d48abe62c98e,,,,3.0,,,,,Evaluation,Evaluation,Default Risk Workflow,9684290c-6240-4021-b599-a2dd8a864311,IDENTIFIED,IDENTIFIED,,,,,,,,,,,,,,,,General,,,,,,,,,https://Risk/Risk/0a8df6af-0204-4b11-a4a9-f1c25aebb43c,Africa/Niamey,b99df4a4-2bf5-4c08-9483-bd636470bc11,OTAuto02,b99df4a4-2bf5-4c08-9483-bd636470bc11
False,2026-04-05T19:23:19.000+00:00,2026-04-05,2026,April,04,Quarter 2,,,,,,,,,,,,,High_Risk_Description_6845847,0a8df6af-0204-4b11-a4a9-f1c25aebb43c,,,,HIGH,3,,,,3.0,,2026-04-05T19:23:30.000+00:00,2026-04-05,2026,April,04,Quarter 2,HIGH,3,,,,,,,Risk_Name_6845847,1493,,,,0,,,,,,,,HIGH,3,,,,3.0,,,,OneTrust Automation,79f09a0f-fbd7-4439-9e1e-d48abe62c98e,,,,3.0,,,,,Evaluation,Evaluation,Default Risk Workflow,9684290c-6240-4021-b599-a2dd8a864311,IDENTIFIED,IDENTIFIED,,,,,,,,,,,,,,,,General,,,,,,,,,https://Risk/Risk/0a8df6af-0204-4b11-a4a9-f1c25aebb43c,PST8PDT,b99df4a4-2bf5-4c08-9483-bd636470bc11,OTAuto02,b99df4a4-2bf5-4c08-9483-bd636470bc11
False,2026-04-06T02:23:19.000+00:00,2026-04-06,2026,April,04,Quarter 2,,,,,,,,,,,,,High_Risk_Description_6845847,0a8df6af-0204-4b11-a4a9-f1c25aebb43c,,,,HIGH,3,,,,3.0,,2026-04-06T02:23:30.000+00:00,2026-04-06,2026,April,04,Quarter 2,HIGH,3,,,,,,,Risk_Name_6845847,1493,,,,0,,,,,,,,HIGH,3,,,,3.0,,,,OneTrust Automation,79f09a0f-fbd7-4439-9e1e-d48abe62c98e,,,,3.0,,,,,Evaluation,Evaluation,Default Risk Workflow,9684290c-6240-4021-b599-a2dd8a864311,IDENTIFIED,IDENTIFIED,,,,,,,,,,,,,,,,General,,,,,,,,,https://Risk/Risk/0a8df6af-0204-4b11-a4a9-f1c25aebb43c,Africa/Banjul,b99df4a4-2bf5-4c08-9483-bd636470bc11,OTAuto02,b99df4a4-2bf5-4c08-9483-bd636470bc11
False,2026-04-06T12:23:19.000+00:00,2026-04-06,2026,April,04,Quarter 2,,,,,,,,,,,,,High_Risk_Description_6845847,0a8df6af-0204-4b11-a4a9-f1c25aebb43c,,,,HIGH,3,,,,3.0,,2026-04-06T12:23:30.000+00:00,2026-04-06,2026,April,04,Quarter 2,HIGH,3,,,,,,,Risk_Name_6845847,1493,,,,0,,,,,,,,HIGH,3,,,,3.0,,,,OneTrust Automation,79f09a0f-fbd7-4439-9e1e-d48abe62c98e,,,,3.0,,,,,Evaluation,Evaluation,Default Risk Workflow,9684290c-6240-4021-b599-a2dd8a864311,IDENTIFIED,IDENTIFIED,,,,,,,,,,,,,,,,General,,,,,,,,,https://Risk/Risk/0a8df6af-0204-4b11-a4a9-f1c25aebb43c,Pacific/Saipan,b99df4a4-2bf5-4c08-9483-bd636470bc11,OTAuto02,b99df4a4-2bf5-4c08-9483-bd636470bc11
False,2026-04-06T12:23:19.000+00:00,2026-04-06,2026,April,04,Quarter 2,,,,,,,,,,,,,High_Risk_Description_6845847,0a8df6af-0204-4b11-a4a9-f1c25aebb43c,,,,HIGH,3,,,,3.0,,2026-04-06T12:23:30.000+00:00,2026-04-06,2026,April,04,Quarter 2,HIGH,3,,,,,,,Risk_Name_6845847,1493,,,,0,,,,,,,,HIGH,3,,,,3.0,,,,OneTrust Automation,79f09a0f-fbd7-4439-9e1e-d48abe62c98e,,,,3.0,,,,,Evaluation,Evaluation,Default Risk Workflow,9684290c-6240-4021-b599-a2dd8a864311,IDENTIFIED,IDENTIFIED,,,,,,,,,,,,,,,,General,,,,,,,,,https://Risk/Risk/0a8df6af-0204-4b11-a4a9-f1c25aebb43c,Australia/Canberra,b99df4a4-2bf5-4c08-9483-bd636470bc11,OTAuto02,b99df4a4-2bf5-4c08-9483-bd636470bc11
False,2026-04-05T21:23:19.000+00:00,2026-04-05,2026,April,04,Quarter 2,,,,,,,,,,,,,High_Risk_Description_6845847,0a8df6af-0204-4b11-a4a9-f1c25aebb43c,,,,HIGH,3,,,,3.0,,2026-04-05T21:23:30.000+00:00,2026-04-05,2026,April,04,Quarter 2,HIGH,3,,,,,,,Risk_Name_6845847,1493,,,,0,,,,,,,,HIGH,3,,,,3.0,,,,OneTrust Automation,79f09a0f-fbd7-4439-9e1e-d48abe62c98e,,,,3.0,,,,,Evaluation,Evaluation,Default Risk Workflow,9684290c-6240-4021-b599-a2dd8a864311,IDENTIFIED,IDENTIFIED,,,,,,,,,,,,,,,,General,,,,,,,,,https://Risk/Risk/0a8df6af-0204-4b11-a4a9-f1c25aebb43c,America/North_Dakota/Center,b99df4a4-2bf5-4c08-9483-bd636470bc11,OTAuto02,b99df4a4-2bf5-4c08-9483-bd636470bc11
False,2026-04-06T05:23:19.000+00:00,2026-04-06,2026,April,04,Quarter 2,,,,,,,,,,,,,High_Risk_Description_6845847,0a8df6af-0204-4b11-a4a9-f1c25aebb43c,,,,HIGH,3,,,,3.0,,2026-04-06T05:23:30.000+00:00,2026-04-06,2026,April,04,Quarter 2,HIGH,3,,,,,,,Risk_Name_6845847,1493,,,,0,,,,,,,,HIGH,3,,,,3.0,,,,OneTrust Automation,79f09a0f-fbd7-4439-9e1e-d48abe62c98e,,,,3.0,,,,,Evaluation,Evaluation,Default Risk Workflow,9684290c-6240-4021-b599-a2dd8a864311,IDENTIFIED,IDENTIFIED,,,,,,,,,,,,,,,,General,,,,,,,,,https://Risk/Risk/0a8df6af-0204-4b11-a4a9-f1c25aebb43c,Indian/Antananarivo,b99df4a4-2bf5-4c08-9483-bd636470bc11,OTAuto02,b99df4a4-2bf5-4c08-9483-bd636470bc11
False,2026-04-06T14:23:19.000+00:00,2026-04-06,2026,April,04,Quarter 2,,,,,,,,,,,,,High_Risk_Description_6845847,0a8df6af-0204-4b11-a4a9-f1c25aebb43c,,,,HIGH,3,,,,3.0,,2026-04-06T14:23:30.000+00:00,2026-04-06,2026,April,04,Quarter 2,HIGH,3,,,,,,,Risk_Name_6845847,1493,,,,0,,,,,,,,HIGH,3,,,,3.0,,,,OneTrust Automation,79f09a0f-fbd7-4439-9e1e-d48abe62c98e,,,,3.0,,,,,Evaluation,Evaluation,Default Risk Workflow,9684290c-6240-4021-b599-a2dd8a864311,IDENTIFIED,IDENTIFIED,,,,,,,,,,,,,,,,General,,,,,,,,,https://Risk/Risk/0a8df6af-0204-4b11-a4a9-f1c25aebb43c,Pacific/Tarawa,b99df4a4-2bf5-4c08-9483-bd636470bc11,OTAuto02,b99df4a4-2bf5-4c08-9483-bd636470bc11
False,2026-04-05T19:23:19.000+00:00,2026-04-05,2026,April,04,Quarter 2,,,,,,,,,,,,,High_Risk_Description_6845847,0a8df6af-0204-4b11-a4a9-f1c25aebb43c,,,,HIGH,3,,,,3.0,,2026-04-05T19:23:30.000+00:00,2026-04-05,2026,April,04,Quarter 2,HIGH,3,,,,,,,Risk_Name_6845847,1493,,,,0,,,,,,,,HIGH,3,,,,3.0,,,,OneTrust Automation,79f09a0f-fbd7-4439-9e1e-d48abe62c98e,,,,3.0,,,,,Evaluation,Evaluation,Default Risk Workflow,9684290c-6240-4021-b599-a2dd8a864311,IDENTIFIED,IDENTIFIED,,,,,,,,,,,,,,,,General,,,,,,,,,https://Risk/Risk/0a8df6af-0204-4b11-a4a9-f1c25aebb43c,America/Phoenix,b99df4a4-2bf5-4c08-9483-bd636470bc11,OTAuto02,b99df4a4-2bf5-4c08-9483-bd636470bc11
False,2026-04-06T11:23:19.000+00:00,2026-04-06,2026,April,04,Quarter 2,,,,,,,,,,,,,High_Risk_Description_6845847,0a8df6af-0204-4b11-a4a9-f1c25aebb43c,,,,HIGH,3,,,,3.0,,2026-04-06T11:23:30.000+00:00,2026-04-06,2026,April,04,Quarter 2,HIGH,3,,,,,,,Risk_Name_6845847,1493,,,,0,,,,,,,,HIGH,3,,,,3.0,,,,OneTrust Automation,79f09a0f-fbd7-4439-9e1e-d48abe62c98e,,,,3.0,,,,,Evaluation,Evaluation,Default Risk Workflow,9684290c-6240-4021-b599-a2dd8a864311,IDENTIFIED,IDENTIFIED,,,,,,,,,,,,,,,,General,,,,,,,,,https://Risk/Risk/0a8df6af-0204-4b11-a4a9-f1c25aebb43c,Asia/Khandyga,b99df4a4-2bf5-4c08-9483-bd636470bc11,OTAuto02,b99df4a4-2bf5-4c08-9483-bd636470bc11
False,2026-04-05T20:23:19.000+00:00,2026-04-05,2026,April,04,Quarter 2,,,,,,,,,,,,,High_Risk_Description_6845847,0a8df6af-0204-4b11-a4a9-f1c25aebb43c,,,,HIGH,3,,,,3.0,,2026-04-05T20:23:30.000+00:00,2026-04-05,2026,April,04,Quarter 2,HIGH,3,,,,,,,Risk_Name_6845847,1493,,,,0,,,,,,,,HIGH,3,,,,3.0,,,,OneTrust Automation,79f09a0f-fbd7-4439-9e1e-d48abe62c98e,,,,3.0,,,,,Evaluation,Evaluation,Default Risk Workflow,9684290c-6240-4021-b599-a2dd8a864311,IDENTIFIED,IDENTIFIED,,,,,,,,,,,,,,,,General,,,,,,,,,https://Risk/Risk/0a8df6af-0204-4b11-a4a9-f1c25aebb43c,Pacific/Galapagos,b99df4a4-2bf5-4c08-9483-bd636470bc11,OTAuto02,b99df4a4-2bf5-4c08-9483-bd636470bc11
False,2026-04-05T21:23:19.000+00:00,2026-04-05,2026,April,04,Quarter 2,,,,,,,,,,,,,High_Risk_Description_6845847,0a8df6af-0204-4b11-a4a9-f1c25aebb43c,,,,HIGH,3,,,,3.0,,2026-04-05T21:23:30.000+00:00,2026-04-05,2026,April,04,Quarter 2,HIGH,3,,,,,,,Risk_Name_6845847,1493,,,,0,,,,,,,,HIGH,3,,,,3.0,,,,OneTrust Automation,79f09a0f-fbd7-4439-9e1e-d48abe62c98e,,,,3.0,,,,,Evaluation,Evaluation,Default Risk Workflow,9684290c-6240-4021-b599-a2dd8a864311,IDENTIFIED,IDENTIFIED,,,,,,,,,,,,,,,,General,,,,,,,,,https://Risk/Risk/0a8df6af-0204-4b11-a4a9-f1c25aebb43c,America/Knox_IN,b99df4a4-2bf5-4c08-9483-bd636470bc11,OTAuto02,b99df4a4-2bf5-4c08-9483-bd636470bc11
False,2026-04-06T03:23:19.000+00:00,2026-04-06,2026,April,04,Quarter 2,,,,,,,,,,,,,High_Risk_Description_6845847,0a8df6af-0204-4b11-a4a9-f1c25aebb43c,,,,HIGH,3,,,,3.0,,2026-04-06T03:23:30.000+00:00,2026-04-06,2026,April,04,Quarter 2,HIGH,3,,,,,,,Risk_Name_6845847,1493,,,,0,,,,,,,,HIGH,3,,,,3.0,,,,OneTrust Automation,79f09a0f-fbd7-4439-9e1e-d48abe62c98e,,,,3.0,,,,,Evaluation,Evaluation,Default Risk Workflow,9684290c-6240-4021-b599-a2dd8a864311,IDENTIFIED,IDENTIFIED,,,,,,,,,,,,,,,,General,,,,,,,,,https://Risk/Risk/0a8df6af-0204-4b11-a4a9-f1c25aebb43c,Africa/Algiers,b99df4a4-2bf5-4c08-9483-bd636470bc11,OTAuto02,b99df4a4-2bf5-4c08-9483-bd636470bc11
False,2026-04-06T11:23:19.000+00:00,2026-04-06,2026,April,04,Quarter 2,,,,,,,,,,,,,High_Risk_Description_6845847,0a8df6af-0204-4b11-a4a9-f1c25aebb43c,,,,HIGH,3,,,,3.0,,2026-04-06T11:23:30.000+00:00,2026-04-06,2026,April,04,Quarter 2,HIGH,3,,,,,,,Risk_Name_6845847,1493,,,,0,,,,,,,,HIGH,3,,,,3.0,,,,OneTrust Automation,79f09a0f-fbd7-4439-9e1e-d48abe62c98e,,,,3.0,,,,,Evaluation,Evaluation,Default Risk Workflow,9684290c-6240-4021-b599-a2dd8a864311,IDENTIFIED,IDENTIFIED,,,,,,,,,,,,,,,,General,,,,,,,,,https://Risk/Risk/0a8df6af-0204-4b11-a4a9-f1c25aebb43c,Asia/Pyongyang,b99df4a4-2bf5-4c08-9483-bd636470bc11,OTAuto02,b99df4a4-2bf5-4c08-9483-bd636470bc11
False,2026-04-06T05:23:19.000+00:00,2026-04-06,2026,April,04,Quarter 2,,,,,,,,,,,,,High_Risk_Description_6845847,0a8df6af-0204-4b11-a4a9-f1c25aebb43c,,,,HIGH,3,,,,3.0,,2026-04-06T05:23:30.000+00:00,2026-04-06,2026,April,04,Quarter 2,HIGH,3,,,,,,,Risk_Name_6845847,1493,,,,0,,,,,,,,HIGH,3,,,,3.0,,,,OneTrust Automation,79f09a0f-fbd7-4439-9e1e-d48abe62c98e,,,,3.0,,,,,Evaluation,Evaluation,Default Risk Workflow,9684290c-6240-4021-b599-a2dd8a864311,IDENTIFIED,IDENTIFIED,,,,,,,,,,,,,,,,General,,,,,,,,,https://Risk/Risk/0a8df6af-0204-4b11-a4a9-f1c25aebb43c,Asia/Famagusta,b99df4a4-2bf5-4c08-9483-bd636470bc11,OTAuto02,b99df4a4-2bf5-4c08-9483-bd636470bc11
False,2026-04-05T22:23:19.000+00:00,2026-04-05,2026,April,04,Quarter 2,,,,,,,,,,,,,High_Risk_Description_6845847,0a8df6af-0204-4b11-a4a9-f1c25aebb43c,,,,HIGH,3,,,,3.0,,2026-04-05T22:23:30.000+00:00,2026-04-05,2026,April,04,Quarter 2,HIGH,3,,,,,,,Risk_Name_6845847,1493,,,,0,,,,,,,,HIGH,3,,,,3.0,,,,OneTrust Automation,79f09a0f-fbd7-4439-9e1e-d48abe62c98e,,,,3.0,,,,,Evaluation,Evaluation,Default Risk Workflow,9684290c-6240-4021-b599-a2dd8a864311,IDENTIFIED,IDENTIFIED,,,,,,,,,,,,,,,,General,,,,,,,,,https://Risk/Risk/0a8df6af-0204-4b11-a4a9-f1c25aebb43c,America/Havana,b99df4a4-2bf5-4c08-9483-bd636470bc11,OTAuto02,b99df4a4-2bf5-4c08-9483-bd636470bc11
False,2026-04-06T02:23:19.000+00:00,2026-04-06,2026,April,04,Quarter 2,,,,,,,,,,,,,High_Risk_Description_6845847,0a8df6af-0204-4b11-a4a9-f1c25aebb43c,,,,HIGH,3,,,,3.0,,2026-04-06T02:23:30.000+00:00,2026-04-06,2026,April,04,Quarter 2,HIGH,3,,,,,,,Risk_Name_6845847,1493,,,,0,,,,,,,,HIGH,3,,,,3.0,,,,OneTrust Automation,79f09a0f-fbd7-4439-9e1e-d48abe62c98e,,,,3.0,,,,,Evaluation,Evaluation,Default Risk Workflow,9684290c-6240-4021-b599-a2dd8a864311,IDENTIFIED,IDENTIFIED,,,,,,,,,,,,,,,,General,,,,,,,,,https://Risk/Risk/0a8df6af-0204-4b11-a4a9-f1c25aebb43c,Iceland,b99df4a4-2bf5-4c08-9483-bd636470bc11,OTAuto02,b99df4a4-2bf5-4c08-9483-bd636470bc11
False,2026-04-05T19:23:19.000+00:00,2026-04-05,2026,April,04,Quarter 2,,,,,,,,,,,,,High_Risk_Description_6845847,0a8df6af-0204-4b11-a4a9-f1c25aebb43c,,,,HIGH,3,,,,3.0,,2026-04-05T19:23:30.000+00:00,2026-04-05,2026,April,04,Quarter 2,HIGH,3,,,,,,,Risk_Name_6845847,1493,,,,0,,,,,,,,HIGH,3,,,,3.0,,,,OneTrust Automation,79f09a0f-fbd7-4439-9e1e-d48abe62c98e,,,,3.0,,,,,Evaluation,Evaluation,Default Risk Workflow,9684290c-6240-4021-b599-a2dd8a864311,IDENTIFIED,IDENTIFIED,,,,,,,,,,,,,,,,General,,,,,,,,,https://Risk/Risk/0a8df6af-0204-4b11-a4a9-f1c25aebb43c,US/Pacific,b99df4a4-2bf5-4c08-9483-bd636470bc11,OTAuto02,b99df4a4-2bf5-4c08-9483-bd636470bc11
False,2026-04-05T23:53:19.000+00:00,2026-04-05,2026,April,04,Quarter 2,,,,,,,,,,,,,High_Risk_Description_6845847,0a8df6af-0204-4b11-a4a9-f1c25aebb43c,,,,HIGH,3,,,,3.0,,2026-04-05T23:53:30.000+00:00,2026-04-05,2026,April,04,Quarter 2,HIGH,3,,,,,,,Risk_Name_6845847,1493,,,,0,,,,,,,,HIGH,3,,,,3.0,,,,OneTrust Automation,79f09a0f-fbd7-4439-9e1e-d48abe62c98e,,,,3.0,,,,,Evaluation,Evaluation,Default Risk Workflow,9684290c-6240-4021-b599-a2dd8a864311,IDENTIFIED,IDENTIFIED,,,,,,,,,,,,,,,,General,,,,,,,,,https://Risk/Risk/0a8df6af-0204-4b11-a4a9-f1c25aebb43c,Canada/Newfoundland,b99df4a4-2bf5-4c08-9483-bd636470bc11,OTAuto02,b99df4a4-2bf5-4c08-9483-bd636470bc11
False,2026-04-05T21:23:19.000+00:00,2026-04-05,2026,April,04,Quarter 2,,,,,,,,,,,,,High_Risk_Description_6845847,0a8df6af-0204-4b11-a4a9-f1c25aebb43c,,,,HIGH,3,,,,3.0,,2026-04-05T21:23:30.000+00:00,2026-04-05,2026,April,04,Quarter 2,HIGH,3,,,,,,,Risk_Name_6845847,1493,,,,0,,,,,,,,HIGH,3,,,,3.0,,,,OneTrust Automation,79f09a0f-fbd7-4439-9e1e-d48abe62c98e,,,,3.0,,,,,Evaluation,Evaluation,Default Risk Workflow,9684290c-6240-4021-b599-a2dd8a864311,IDENTIFIED,IDENTIFIED,,,,,,,,,,,,,,,,General,,,,,,,,,https://Risk/Risk/0a8df6af-0204-4b11-a4a9-f1c25aebb43c,CST6CDT,b99df4a4-2bf5-4c08-9483-bd636470bc11,OTAuto02,b99df4a4-2bf5-4c08-9483-bd636470bc11
False,2026-04-05T23:23:19.000+00:00,2026-04-05,2026,April,04,Quarter 2,,,,,,,,,,,,,High_Risk_Description_6845847,0a8df6af-0204-4b11-a4a9-f1c25aebb43c,,,,HIGH,3,,,,3.0,,2026-04-05T23:23:30.000+00:00,2026-04-05,2026,April,04,Quarter 2,HIGH,3,,,,,,,Risk_Name_6845847,1493,,,,0,,,,,,,,HIGH,3,,,,3.0,,,,OneTrust Automation,79f09a0f-fbd7-4439-9e1e-d48abe62c98e,,,,3.0,,,,,Evaluation,Evaluation,Default Risk Workflow,9684290c-6240-4021-b599-a2dd8a864311,IDENTIFIED,IDENTIFIED,,,,,,,,,,,,,,,,General,,,,,,,,,https://Risk/Risk/0a8df6af-0204-4b11-a4a9-f1c25aebb43c,America/Argentina/Catamarca,b99df4a4-2bf5-4c08-9483-bd636470bc11,OTAuto02,b99df4a4-2bf5-4c08-9483-bd636470bc11
False,2026-04-06T03:23:19.000+00:00,2026-04-06,2026,April,04,Quarter 2,,,,,,,,,,,,,High_Risk_Description_6845847,0a8df6af-0204-4b11-a4a9-f1c25aebb43c,,,,HIGH,3,,,,3.0,,2026-04-06T03:23:30.000+00:00,2026-04-06,2026,April,04,Quarter 2,HIGH,3,,,,,,,Risk_Name_6845847,1493,,,,0,,,,,,,,HIGH,3,,,,3.0,,,,OneTrust Automation,79f09a0f-fbd7-4439-9e1e-d48abe62c98e,,,,3.0,,,,,Evaluation,Evaluation,Default Risk Workflow,9684290c-6240-4021-b599-a2dd8a864311,IDENTIFIED,IDENTIFIED,,,,,,,,,,,,,,,,General,,,,,,,,,https://Risk/Risk/0a8df6af-0204-4b11-a4a9-f1c25aebb43c,Europe/London,b99df4a4-2bf5-4c08-9483-bd636470bc11,OTAuto02,b99df4a4-2bf5-4c08-9483-bd636470bc11
False,2026-04-06T03:23:19.000+00:00,2026-04-06,2026,April,04,Quarter 2,,,,,,,,,,,,,High_Risk_Description_6845847,0a8df6af-0204-4b11-a4a9-f1c25aebb43c,,,,HIGH,3,,,,3.0,,2026-04-06T03:23:30.000+00:00,2026-04-06,2026,April,04,Quarter 2,HIGH,3,,,,,,,Risk_Name_6845847,1493,,,,0,,,,,,,,HIGH,3,,,,3.0,,,,OneTrust Automation,79f09a0f-fbd7-4439-9e1e-d48abe62c98e,,,,3.0,,,,,Evaluation,Evaluation,Default Risk Workflow,9684290c-6240-4021-b599-a2dd8a864311,IDENTIFIED,IDENTIFIED,,,,,,,,,,,,,,,,General,,,,,,,,,https://Risk/Risk/0a8df6af-0204-4b11-a4a9-f1c25aebb43c,Europe/Belfast,b99df4a4-2bf5-4c08-9483-bd636470bc11,OTAuto02,b99df4a4-2bf5-4c08-9483-bd636470bc11
False,2026-04-05T23:23:19.000+00:00,2026-04-05,2026,April,04,Quarter 2,,,,,,,,,,,,,High_Risk_Description_6845847,0a8df6af-0204-4b11-a4a9-f1c25aebb43c,,,,HIGH,3,,,,3.0,,2026-04-05T23:23:30.000+00:00,2026-04-05,2026,April,04,Quarter 2,HIGH,3,,,,,,,Risk_Name_6845847,1493,,,,0,,,,,,,,HIGH,3,,,,3.0,,,,OneTrust Automation,79f09a0f-fbd7-4439-9e1e-d48abe62c98e,,,,3.0,,,,,Evaluation,Evaluation,Default Risk Workflow,9684290c-6240-4021-b599-a2dd8a864311,IDENTIFIED,IDENTIFIED,,,,,,,,,,,,,,,,General,,,,,,,,,https://Risk/Risk/0a8df6af-0204-4b11-a4a9-f1c25aebb43c,America/Argentina/Buenos_Aires,b99df4a4-2bf5-4c08-9483-bd636470bc11,OTAuto02,b99df4a4-2bf5-4c08-9483-bd636470bc11
False,2026-04-06T03:23:19.000+00:00,2026-04-06,2026,April,04,Quarter 2,,,,,,,,,,,,,High_Risk_Description_6845847,0a8df6af-0204-4b11-a4a9-f1c25aebb43c,,,,HIGH,3,,,,3.0,,2026-04-06T03:23:30.000+00:00,2026-04-06,2026,April,04,Quarter 2,HIGH,3,,,,,,,Risk_Name_6845847,1493,,,,0,,,,,,,,HIGH,3,,,,3.0,,,,OneTrust Automation,79f09a0f-fbd7-4439-9e1e-d48abe62c98e,,,,3.0,,,,,Evaluation,Evaluation,Default Risk Workflow,9684290c-6240-4021-b599-a2dd8a864311,IDENTIFIED,IDENTIFIED,,,,,,,,,,,,,,,,General,,,,,,,,,https://Risk/Risk/0a8df6af-0204-4b11-a4a9-f1c25aebb43c,Atlantic/Canary,b99df4a4-2bf5-4c08-9483-bd636470bc11,OTAuto02,b99df4a4-2bf5-4c08-9483-bd636470bc11
False,2026-04-06T04:23:19.000+00:00,2026-04-06,2026,April,04,Quarter 2,,,,,,,,,,,,,High_Risk_Description_6845847,0a8df6af-0204-4b11-a4a9-f1c25aebb43c,,,,HIGH,3,,,,3.0,,2026-04-06T04:23:30.000+00:00,2026-04-06,2026,April,04,Quarter 2,HIGH,3,,,,,,,Risk_Name_6845847,1493,,,,0,,,,,,,,HIGH,3,,,,3.0,,,,OneTrust Automation,79f09a0f-fbd7-4439-9e1e-d48abe62c98e,,,,3.0,,,,,Evaluation,Evaluation,Default Risk Workflow,9684290c-6240-4021-b599-a2dd8a864311,IDENTIFIED,IDENTIFIED,,,,,,,,,,,,,,,,General,,,,,,,,,https://Risk/Risk/0a8df6af-0204-4b11-a4a9-f1c25aebb43c,Europe/San_Marino,b99df4a4-2bf5-4c08-9483-bd636470bc11,OTAuto02,b99df4a4-2bf5-4c08-9483-bd636470bc11
False,2026-04-06T10:23:19.000+00:00,2026-04-06,2026,April,04,Quarter 2,,,,,,,,,,,,,High_Risk_Description_6845847,0a8df6af-0204-4b11-a4a9-f1c25aebb43c,,,,HIGH,3,,,,3.0,,2026-04-06T10:23:30.000+00:00,2026-04-06,2026,April,04,Quarter 2,HIGH,3,,,,,,,Risk_Name_6845847,1493,,,,0,,,,,,,,HIGH,3,,,,3.0,,,,OneTrust Automation,79f09a0f-fbd7-4439-9e1e-d48abe62c98e,,,,3.0,,,,,Evaluation,Evaluation,Default Risk Workflow,9684290c-6240-4021-b599-a2dd8a864311,IDENTIFIED,IDENTIFIED,,,,,,,,,,,,,,,,General,,,,,,,,,https://Risk/Risk/0a8df6af-0204-4b11-a4a9-f1c25aebb43c,Asia/Shanghai,b99df4a4-2bf5-4c08-9483-bd636470bc11,OTAuto02,b99df4a4-2bf5-4c08-9483-bd636470bc11
False,2026-04-06T02:23:19.000+00:00,2026-04-06,2026,April,04,Quarter 2,,,,,,,,,,,,,High_Risk_Description_6845847,0a8df6af-0204-4b11-a4a9-f1c25aebb43c,,,,HIGH,3,,,,3.0,,2026-04-06T02:23:30.000+00:00,2026-04-06,2026,April,04,Quarter 2,HIGH,3,,,,,,,Risk_Name_6845847,1493,,,,0,,,,,,,,HIGH,3,,,,3.0,,,,OneTrust Automation,79f09a0f-fbd7-4439-9e1e-d48abe62c98e,,,,3.0,,,,,Evaluation,Evaluation,Default Risk Workflow,9684290c-6240-4021-b599-a2dd8a864311,IDENTIFIED,IDENTIFIED,,,,,,,,,,,,,,,,General,,,,,,,,,https://Risk/Risk/0a8df6af-0204-4b11-a4a9-f1c25aebb43c,Universal,b99df4a4-2bf5-4c08-9483-bd636470bc11,OTAuto02,b99df4a4-2bf5-4c08-9483-bd636470bc11
False,2026-04-06T05:23:19.000+00:00,2026-04-06,2026,April,04,Quarter 2,,,,,,,,,,,,,High_Risk_Description_6845847,0a8df6af-0204-4b11-a4a9-f1c25aebb43c,,,,HIGH,3,,,,3.0,,2026-04-06T05:23:30.000+00:00,2026-04-06,2026,April,04,Quarter 2,HIGH,3,,,,,,,Risk_Name_6845847,1493,,,,0,,,,,,,,HIGH,3,,,,3.0,,,,OneTrust Automation,79f09a0f-fbd7-4439-9e1e-d48abe62c98e,,,,3.0,,,,,Evaluation,Evaluation,Default Risk Workflow,9684290c-6240-4021-b599-a2dd8a864311,IDENTIFIED,IDENTIFIED,,,,,,,,,,,,,,,,General,,,,,,,,,https://Risk/Risk/0a8df6af-0204-4b11-a4a9-f1c25aebb43c,Asia/Bahrain,b99df4a4-2bf5-4c08-9483-bd636470bc11,OTAuto02,b99df4a4-2bf5-4c08-9483-bd636470bc11
False,2026-04-06T03:23:19.000+00:00,2026-04-06,2026,April,04,Quarter 2,,,,,,,,,,,,,High_Risk_Description_6845847,0a8df6af-0204-4b11-a4a9-f1c25aebb43c,,,,HIGH,3,,,,3.0,,2026-04-06T03:23:30.000+00:00,2026-04-06,2026,April,04,Quarter 2,HIGH,3,,,,,,,Risk_Name_6845847,1493,,,,0,,,,,,,,HIGH,3,,,,3.0,,,,OneTrust Automation,79f09a0f-fbd7-4439-9e1e-d48abe62c98e,,,,3.0,,,,,Evaluation,Evaluation,Default Risk Workflow,9684290c-6240-4021-b599-a2dd8a864311,IDENTIFIED,IDENTIFIED,,,,,,,,,,,,,,,,General,,,,,,,,,https://Risk/Risk/0a8df6af-0204-4b11-a4a9-f1c25aebb43c,Africa/Douala,b99df4a4-2bf5-4c08-9483-bd636470bc11,OTAuto02,b99df4a4-2bf5-4c08-9483-bd636470bc11
False,2026-04-06T14:23:19.000+00:00,2026-04-06,2026,April,04,Quarter 2,,,,,,,,,,,,,High_Risk_Description_6845847,0a8df6af-0204-4b11-a4a9-f1c25aebb43c,,,,HIGH,3,,,,3.0,,2026-04-06T14:23:30.000+00:00,2026-04-06,2026,April,04,Quarter 2,HIGH,3,,,,,,,Risk_Name_6845847,1493,,,,0,,,,,,,,HIGH,3,,,,3.0,,,,OneTrust Automation,79f09a0f-fbd7-4439-9e1e-d48abe62c98e,,,,3.0,,,,,Evaluation,Evaluation,Default Risk Workflow,9684290c-6240-4021-b599-a2dd8a864311,IDENTIFIED,IDENTIFIED,,,,,,,,,,,,,,,,General,,,,,,,,,https://Risk/Risk/0a8df6af-0204-4b11-a4a9-f1c25aebb43c,Kwajalein,b99df4a4-2bf5-4c08-9483-bd636470bc11,OTAuto02,b99df4a4-2bf5-4c08-9483-bd636470bc11
False,2026-04-06T05:23:19.000+00:00,2026-04-06,2026,April,04,Quarter 2,,,,,,,,,,,,,High_Risk_Description_6845847,0a8df6af-0204-4b11-a4a9-f1c25aebb43c,,,,HIGH,3,,,,3.0,,2026-04-06T05:23:30.000+00:00,2026-04-06,2026,April,04,Quarter 2,HIGH,3,,,,,,,Risk_Name_6845847,1493,,,,0,,,,,,,,HIGH,3,,,,3.0,,,,OneTrust Automation,79f09a0f-fbd7-4439-9e1e-d48abe62c98e,,,,3.0,,,,,Evaluation,Evaluation,Default Risk Workflow,9684290c-6240-4021-b599-a2dd8a864311,IDENTIFIED,IDENTIFIED,,,,,,,,,,,,,,,,General,,,,,,,,,https://Risk/Risk/0a8df6af-0204-4b11-a4a9-f1c25aebb43c,Europe/Moscow,b99df4a4-2bf5-4c08-9483-bd636470bc11,OTAuto02,b99df4a4-2bf5-4c08-9483-bd636470bc11
False,2026-04-05T20:23:19.000+00:00,2026-04-05,2026,April,04,Quarter 2,,,,,,,,,,,,,High_Risk_Description_6845847,0a8df6af-0204-4b11-a4a9-f1c25aebb43c,,,,HIGH,3,,,,3.0,,2026-04-05T20:23:30.000+00:00,2026-04-05,2026,April,04,Quarter 2,HIGH,3,,,,,,,Risk_Name_6845847,1493,,,,0,,,,,,,,HIGH,3,,,,3.0,,,,OneTrust Automation,79f09a0f-fbd7-4439-9e1e-d48abe62c98e,,,,3.0,,,,,Evaluation,Evaluation,Default Risk Workflow,9684290c-6240-4021-b599-a2dd8a864311,IDENTIFIED,IDENTIFIED,,,,,,,,,,,,,,,,General,,,,,,,,,https://Risk/Risk/0a8df6af-0204-4b11-a4a9-f1c25aebb43c,America/Inuvik,b99df4a4-2bf5-4c08-9483-bd636470bc11,OTAuto02,b99df4a4-2bf5-4c08-9483-bd636470bc11
False,2026-04-06T14:23:19.000+00:00,2026-04-06,2026,April,04,Quarter 2,,,,,,,,,,,,,High_Risk_Description_6845847,0a8df6af-0204-4b11-a4a9-f1c25aebb43c,,,,HIGH,3,,,,3.0,,2026-04-06T14:23:30.000+00:00,2026-04-06,2026,April,04,Quarter 2,HIGH,3,,,,,,,Risk_Name_6845847,1493,,,,0,,,,,,,,HIGH,3,,,,3.0,,,,OneTrust Automation,79f09a0f-fbd7-4439-9e1e-d48abe62c98e,,,,3.0,,,,,Evaluation,Evaluation,Default Risk Workflow,9684290c-6240-4021-b599-a2dd8a864311,IDENTIFIED,IDENTIFIED,,,,,,,,,,,,,,,,General,,,,,,,,,https://Risk/Risk/0a8df6af-0204-4b11-a4a9-f1c25aebb43c,NZ,b99df4a4-2bf5-4c08-9483-bd636470bc11,OTAuto02,b99df4a4-2bf5-4c08-9483-bd636470bc11
False,2026-04-06T04:23:19.000+00:00,2026-04-06,2026,April,04,Quarter 2,,,,,,,,,,,,,High_Risk_Description_6845847,0a8df6af-0204-4b11-a4a9-f1c25aebb43c,,,,HIGH,3,,,,3.0,,2026-04-06T04:23:30.000+00:00,2026-04-06,2026,April,04,Quarter 2,HIGH,3,,,,,,,Risk_Name_6845847,1493,,,,0,,,,,,,,HIGH,3,,,,3.0,,,,OneTrust Automation,79f09a0f-fbd7-4439-9e1e-d48abe62c98e,,,,3.0,,,,,Evaluation,Evaluation,Default Risk Workflow,9684290c-6240-4021-b599-a2dd8a864311,IDENTIFIED,IDENTIFIED,,,,,,,,,,,,,,,,General,,,,,,,,,https://Risk/Risk/0a8df6af-0204-4b11-a4a9-f1c25aebb43c,Europe/Warsaw,b99df4a4-2bf5-4c08-9483-bd636470bc11,OTAuto02,b99df4a4-2bf5-4c08-9483-bd636470bc11
False,2026-04-05T23:23:19.000+00:00,2026-04-05,2026,April,04,Quarter 2,,,,,,,,,,,,,High_Risk_Description_6845847,0a8df6af-0204-4b11-a4a9-f1c25aebb43c,,,,HIGH,3,,,,3.0,,2026-04-05T23:23:30.000+00:00,2026-04-05,2026,April,04,Quarter 2,HIGH,3,,,,,,,Risk_Name_6845847,1493,,,,0,,,,,,,,HIGH,3,,,,3.0,,,,OneTrust Automation,79f09a0f-fbd7-4439-9e1e-d48abe62c98e,,,,3.0,,,,,Evaluation,Evaluation,Default Risk Workflow,9684290c-6240-4021-b599-a2dd8a864311,IDENTIFIED,IDENTIFIED,,,,,,,,,,,,,,,,General,,,,,,,,,https://Risk/Risk/0a8df6af-0204-4b11-a4a9-f1c25aebb43c,America/Goose_Bay,b99df4a4-2bf5-4c08-9483-bd636470bc11,OTAuto02,b99df4a4-2bf5-4c08-9483-bd636470bc11
False,2026-04-06T05:23:19.000+00:00,2026-04-06,2026,April,04,Quarter 2,,,,,,,,,,,,,High_Risk_Description_6845847,0a8df6af-0204-4b11-a4a9-f1c25aebb43c,,,,HIGH,3,,,,3.0,,2026-04-06T05:23:30.000+00:00,2026-04-06,2026,April,04,Quarter 2,HIGH,3,,,,,,,Risk_Name_6845847,1493,,,,0,,,,,,,,HIGH,3,,,,3.0,,,,OneTrust Automation,79f09a0f-fbd7-4439-9e1e-d48abe62c98e,,,,3.0,,,,,Evaluation,Evaluation,Default Risk Workflow,9684290c-6240-4021-b599-a2dd8a864311,IDENTIFIED,IDENTIFIED,,,,,,,,,,,,,,,,General,,,,,,,,,https://Risk/Risk/0a8df6af-0204-4b11-a4a9-f1c25aebb43c,Europe/Kyiv,b99df4a4-2bf5-4c08-9483-bd636470bc11,OTAuto02,b99df4a4-2bf5-4c08-9483-bd636470bc11
False,2026-04-05T19:23:19.000+00:00,2026-04-05,2026,April,04,Quarter 2,,,,,,,,,,,,,High_Risk_Description_6845847,0a8df6af-0204-4b11-a4a9-f1c25aebb43c,,,,HIGH,3,,,,3.0,,2026-04-05T19:23:30.000+00:00,2026-04-05,2026,April,04,Quarter 2,HIGH,3,,,,,,,Risk_Name_6845847,1493,,,,0,,,,,,,,HIGH,3,,,,3.0,,,,OneTrust Automation,79f09a0f-fbd7-4439-9e1e-d48abe62c98e,,,,3.0,,,,,Evaluation,Evaluation,Default Risk Workflow,9684290c-6240-4021-b599-a2dd8a864311,IDENTIFIED,IDENTIFIED,,,,,,,,,,,,,,,,General,,,,,,,,,https://Risk/Risk/0a8df6af-0204-4b11-a4a9-f1c25aebb43c,America/Santa_Isabel,b99df4a4-2bf5-4c08-9483-bd636470bc11,OTAuto02,b99df4a4-2bf5-4c08-9483-bd636470bc11
False,2026-04-06T02:23:19.000+00:00,2026-04-06,2026,April,04,Quarter 2,,,,,,,,,,,,,High_Risk_Description_6845847,0a8df6af-0204-4b11-a4a9-f1c25aebb43c,,,,HIGH,3,,,,3.0,,2026-04-06T02:23:30.000+00:00,2026-04-06,2026,April,04,Quarter 2,HIGH,3,,,,,,,Risk_Name_6845847,1493,,,,0,,,,,,,,HIGH,3,,,,3.0,,,,OneTrust Automation,79f09a0f-fbd7-4439-9e1e-d48abe62c98e,,,,3.0,,,,,Evaluation,Evaluation,Default Risk Workflow,9684290c-6240-4021-b599-a2dd8a864311,IDENTIFIED,IDENTIFIED,,,,,,,,,,,,,,,,General,,,,,,,,,https://Risk/Risk/0a8df6af-0204-4b11-a4a9-f1c25aebb43c,Etc/GMT-0,b99df4a4-2bf5-4c08-9483-bd636470bc11,OTAuto02,b99df4a4-2bf5-4c08-9483-bd636470bc11
False,2026-04-05T16:23:19.000+00:00,2026-04-05,2026,April,04,Quarter 2,,,,,,,,,,,,,High_Risk_Description_6845847,0a8df6af-0204-4b11-a4a9-f1c25aebb43c,,,,HIGH,3,,,,3.0,,2026-04-05T16:23:30.000+00:00,2026-04-05,2026,April,04,Quarter 2,HIGH,3,,,,,,,Risk_Name_6845847,1493,,,,0,,,,,,,,HIGH,3,,,,3.0,,,,OneTrust Automation,79f09a0f-fbd7-4439-9e1e-d48abe62c98e,,,,3.0,,,,,Evaluation,Evaluation,Default Risk Workflow,9684290c-6240-4021-b599-a2dd8a864311,IDENTIFIED,IDENTIFIED,,,,,,,,,,,,,,,,General,,,,,,,,,https://Risk/Risk/0a8df6af-0204-4b11-a4a9-f1c25aebb43c,Pacific/Johnston,b99df4a4-2bf5-4c08-9483-bd636470bc11,OTAuto02,b99df4a4-2bf5-4c08-9483-bd636470bc11
False,2026-04-06T12:23:19.000+00:00,2026-04-06,2026,April,04,Quarter 2,,,,,,,,,,,,,High_Risk_Description_6845847,0a8df6af-0204-4b11-a4a9-f1c25aebb43c,,,,HIGH,3,,,,3.0,,2026-04-06T12:23:30.000+00:00,2026-04-06,2026,April,04,Quarter 2,HIGH,3,,,,,,,Risk_Name_6845847,1493,,,,0,,,,,,,,HIGH,3,,,,3.0,,,,OneTrust Automation,79f09a0f-fbd7-4439-9e1e-d48abe62c98e,,,,3.0,,,,,Evaluation,Evaluation,Default Risk Workflow,9684290c-6240-4021-b599-a2dd8a864311,IDENTIFIED,IDENTIFIED,,,,,,,,,,,,,,,,General,,,,,,,,,https://Risk/Risk/0a8df6af-0204-4b11-a4a9-f1c25aebb43c,Australia/Tasmania,b99df4a4-2bf5-4c08-9483-bd636470bc11,OTAuto02,b99df4a4-2bf5-4c08-9483-bd636470bc11
False,2026-04-05T17:23:19.000+00:00,2026-04-05,2026,April,04,Quarter 2,,,,,,,,,,,,,High_Risk_Description_6845847,0a8df6af-0204-4b11-a4a9-f1c25aebb43c,,,,HIGH,3,,,,3.0,,2026-04-05T17:23:30.000+00:00,2026-04-05,2026,April,04,Quarter 2,HIGH,3,,,,,,,Risk_Name_6845847,1493,,,,0,,,,,,,,HIGH,3,,,,3.0,,,,OneTrust Automation,79f09a0f-fbd7-4439-9e1e-d48abe62c98e,,,,3.0,,,,,Evaluation,Evaluation,Default Risk Workflow,9684290c-6240-4021-b599-a2dd8a864311,IDENTIFIED,IDENTIFIED,,,,,,,,,,,,,,,,General,,,,,,,,,https://Risk/Risk/0a8df6af-0204-4b11-a4a9-f1c25aebb43c,America/Atka,b99df4a4-2bf5-4c08-9483-bd636470bc11,OTAuto02,b99df4a4-2bf5-4c08-9483-bd636470bc11
False,2026-04-06T02:23:19.000+00:00,2026-04-06,2026,April,04,Quarter 2,,,,,,,,,,,,,High_Risk_Description_6845847,0a8df6af-0204-4b11-a4a9-f1c25aebb43c,,,,HIGH,3,,,,3.0,,2026-04-06T02:23:30.000+00:00,2026-04-06,2026,April,04,Quarter 2,HIGH,3,,,,,,,Risk_Name_6845847,1493,,,,0,,,,,,,,HIGH,3,,,,3.0,,,,OneTrust Automation,79f09a0f-fbd7-4439-9e1e-d48abe62c98e,,,,3.0,,,,,Evaluation,Evaluation,Default Risk Workflow,9684290c-6240-4021-b599-a2dd8a864311,IDENTIFIED,IDENTIFIED,,,,,,,,,,,,,,,,General,,,,,,,,,https://Risk/Risk/0a8df6af-0204-4b11-a4a9-f1c25aebb43c,Etc/Universal,b99df4a4-2bf5-4c08-9483-bd636470bc11,OTAuto02,b99df4a4-2bf5-4c08-9483-bd636470bc11
False,2026-04-06T05:23:19.000+00:00,2026-04-06,2026,April,04,Quarter 2,,,,,,,,,,,,,High_Risk_Description_6845847,0a8df6af-0204-4b11-a4a9-f1c25aebb43c,,,,HIGH,3,,,,3.0,,2026-04-06T05:23:30.000+00:00,2026-04-06,2026,April,04,Quarter 2,HIGH,3,,,,,,,Risk_Name_6845847,1493,,,,0,,,,,,,,HIGH,3,,,,3.0,,,,OneTrust Automation,79f09a0f-fbd7-4439-9e1e-d48abe62c98e,,,,3.0,,,,,Evaluation,Evaluation,Default Risk Workflow,9684290c-6240-4021-b599-a2dd8a864311,IDENTIFIED,IDENTIFIED,,,,,,,,,,,,,,,,General,,,,,,,,,https://Risk/Risk/0a8df6af-0204-4b11-a4a9-f1c25aebb43c,Asia/Baghdad,b99df4a4-2bf5-4c08-9483-bd636470bc11,OTAuto02,b99df4a4-2bf5-4c08-9483-bd636470bc11
False,2026-04-06T05:23:19.000+00:00,2026-04-06,2026,April,04,Quarter 2,,,,,,,,,,,,,High_Risk_Description_6845847,0a8df6af-0204-4b11-a4a9-f1c25aebb43c,,,,HIGH,3,,,,3.0,,2026-04-06T05:23:30.000+00:00,2026-04-06,2026,April,04,Quarter 2,HIGH,3,,,,,,,Risk_Name_6845847,1493,,,,0,,,,,,,,HIGH,3,,,,3.0,,,,OneTrust Automation,79f09a0f-fbd7-4439-9e1e-d48abe62c98e,,,,3.0,,,,,Evaluation,Evaluation,Default Risk Workflow,9684290c-6240-4021-b599-a2dd8a864311,IDENTIFIED,IDENTIFIED,,,,,,,,,,,,,,,,General,,,,,,,,,https://Risk/Risk/0a8df6af-0204-4b11-a4a9-f1c25aebb43c,Asia/Tel_Aviv,b99df4a4-2bf5-4c08-9483-bd636470bc11,OTAuto02,b99df4a4-2bf5-4c08-9483-bd636470bc11
False,2026-04-05T21:23:19.000+00:00,2026-04-05,2026,April,04,Quarter 2,,,,,,,,,,,,,High_Risk_Description_6845847,0a8df6af-0204-4b11-a4a9-f1c25aebb43c,,,,HIGH,3,,,,3.0,,2026-04-05T21:23:30.000+00:00,2026-04-05,2026,April,04,Quarter 2,HIGH,3,,,,,,,Risk_Name_6845847,1493,,,,0,,,,,,,,HIGH,3,,,,3.0,,,,OneTrust Automation,79f09a0f-fbd7-4439-9e1e-d48abe62c98e,,,,3.0,,,,,Evaluation,Evaluation,Default Risk Workflow,9684290c-6240-4021-b599-a2dd8a864311,IDENTIFIED,IDENTIFIED,,,,,,,,,,,,,,,,General,,,,,,,,,https://Risk/Risk/0a8df6af-0204-4b11-a4a9-f1c25aebb43c,US/Indiana-Starke,b99df4a4-2bf5-4c08-9483-bd636470bc11,OTAuto02,b99df4a4-2bf5-4c08-9483-bd636470bc11
False,2026-04-06T10:23:19.000+00:00,2026-04-06,2026,April,04,Quarter 2,,,,,,,,,,,,,High_Risk_Description_6845847,0a8df6af-0204-4b11-a4a9-f1c25aebb43c,,,,HIGH,3,,,,3.0,,2026-04-06T10:23:30.000+00:00,2026-04-06,2026,April,04,Quarter 2,HIGH,3,,,,,,,Risk_Name_6845847,1493,,,,0,,,,,,,,HIGH,3,,,,3.0,,,,OneTrust Automation,79f09a0f-fbd7-4439-9e1e-d48abe62c98e,,,,3.0,,,,,Evaluation,Evaluation,Default Risk Workflow,9684290c-6240-4021-b599-a2dd8a864311,IDENTIFIED,IDENTIFIED,,,,,,,,,,,,,,,,General,,,,,,,,,https://Risk/Risk/0a8df6af-0204-4b11-a4a9-f1c25aebb43c,PRC,b99df4a4-2bf5-4c08-9483-bd636470bc11,OTAuto02,b99df4a4-2bf5-4c08-9483-bd636470bc11
False,2026-04-06T12:23:19.000+00:00,2026-04-06,2026,April,04,Quarter 2,,,,,,,,,,,,,High_Risk_Description_6845847,0a8df6af-0204-4b11-a4a9-f1c25aebb43c,,,,HIGH,3,,,,3.0,,2026-04-06T12:23:30.000+00:00,2026-04-06,2026,April,04,Quarter 2,HIGH,3,,,,,,,Risk_Name_6845847,1493,,,,0,,,,,,,,HIGH,3,,,,3.0,,,,OneTrust Automation,79f09a0f-fbd7-4439-9e1e-d48abe62c98e,,,,3.0,,,,,Evaluation,Evaluation,Default Risk Workflow,9684290c-6240-4021-b599-a2dd8a864311,IDENTIFIED,IDENTIFIED,,,,,,,,,,,,,,,,General,,,,,,,,,https://Risk/Risk/0a8df6af-0204-4b11-a4a9-f1c25aebb43c,Australia/NSW,b99df4a4-2bf5-4c08-9483-bd636470bc11,OTAuto02,b99df4a4-2bf5-4c08-9483-bd636470bc11
False,2026-04-06T04:23:19.000+00:00,2026-04-06,2026,April,04,Quarter 2,,,,,,,,,,,,,High_Risk_Description_6845847,0a8df6af-0204-4b11-a4a9-f1c25aebb43c,,,,HIGH,3,,,,3.0,,2026-04-06T04:23:30.000+00:00,2026-04-06,2026,April,04,Quarter 2,HIGH,3,,,,,,,Risk_Name_6845847,1493,,,,0,,,,,,,,HIGH,3,,,,3.0,,,,OneTrust Automation,79f09a0f-fbd7-4439-9e1e-d48abe62c98e,,,,3.0,,,,,Evaluation,Evaluation,Default Risk Workflow,9684290c-6240-4021-b599-a2dd8a864311,IDENTIFIED,IDENTIFIED,,,,,,,,,,,,,,,,General,,,,,,,,,https://Risk/Risk/0a8df6af-0204-4b11-a4a9-f1c25aebb43c,Europe/Belgrade,b99df4a4-2bf5-4c08-9483-bd636470bc11,OTAuto02,b99df4a4-2bf5-4c08-9483-bd636470bc11
False,2026-04-06T10:23:19.000+00:00,2026-04-06,2026,April,04,Quarter 2,,,,,,,,,,,,,High_Risk_Description_6845847,0a8df6af-0204-4b11-a4a9-f1c25aebb43c,,,,HIGH,3,,,,3.0,,2026-04-06T10:23:30.000+00:00,2026-04-06,2026,April,04,Quarter 2,HIGH,3,,,,,,,Risk_Name_6845847,1493,,,,0,,,,,,,,HIGH,3,,,,3.0,,,,OneTrust Automation,79f09a0f-fbd7-4439-9e1e-d48abe62c98e,,,,3.0,,,,,Evaluation,Evaluation,Default Risk Workflow,9684290c-6240-4021-b599-a2dd8a864311,IDENTIFIED,IDENTIFIED,,,,,,,,,,,,,,,,General,,,,,,,,,https://Risk/Risk/0a8df6af-0204-4b11-a4a9-f1c25aebb43c,Hongkong,b99df4a4-2bf5-4c08-9483-bd636470bc11,OTAuto02,b99df4a4-2bf5-4c08-9483-bd636470bc11
