entityTypeReference,entityId,entityNumber,entityName,stageId,workflowId,workflow,stage,createdBy,updatedBy,createdDateTime,createdDate,createdYear,createdMonth,createdMonthNumber,createdQuarter,updatedDateTime,updatedDate,updatedYear,updatedMonth,updatedMonthNumber,updatedQuarter,timeZoneID,orgId,orgName,parentOrgID,createdByUserEmail
073ad6da-f78b-4609-a92b-ea13714501b5,automation_project_7575_19032026,25,Org_User_1_19032026 ProjectOwner,e5454649-d945-4b27-b652-013f105fc54f,https://Assessment/Assessment/073ad6da-f78b-4609-a92b-ea13714501b5,OTAuto02,b99df4a4-2bf5-4c08-9483-bd636470bc11,b99df4a4-2bf5-4c08-9483-bd636470bc11
167f66d5-1e28-448a-9725-dc64c9943ff0,Automated_Assessment_01_4758_19032026,46,OneTrust Automation,79f09a0f-fbd7-4439-9e1e-d48abe62c98e,https://Assessment/Assessment/167f66d5-1e28-448a-9725-dc64c9943ff0,OTAuto02,b99df4a4-2bf5-4c08-9483-bd636470bc11,b99df4a4-2bf5-4c08-9483-bd636470bc11
1b3fb8fe-c207-4d4a-a7e8-31963603a502,automation_project_78083_7167265,58,OneTrust Automation,79f09a0f-fbd7-4439-9e1e-d48abe62c98e,https://Assessment/Assessment/1b3fb8fe-c207-4d4a-a7e8-31963603a502,OTAuto02,b99df4a4-2bf5-4c08-9483-bd636470bc11,b99df4a4-2bf5-4c08-9483-bd636470bc11
1bbdbdf4-814a-477a-8420-bccfd9a7f910,Automated_Assessment_5179474,40,onettenant+62987_5179474@svc.onetrust.com,368610cf-5ac6-48cf-ac7d-46b69e046ad7,https://Assessment/Assessment/1bbdbdf4-814a-477a-8420-bccfd9a7f910,OTAuto02,b99df4a4-2bf5-4c08-9483-bd636470bc11,b99df4a4-2bf5-4c08-9483-bd636470bc11
2fc5f2e4-76c0-4c32-914e-f62b31a207f1,Automated_Assessment_4730_19032026,57,OneTrust Automation,79f09a0f-fbd7-4439-9e1e-d48abe62c98e,https://Assessment/Assessment/2fc5f2e4-76c0-4c32-914e-f62b31a207f1,OTAuto02,b99df4a4-2bf5-4c08-9483-bd636470bc11,b99df4a4-2bf5-4c08-9483-bd636470bc11
303a55a2-a3f1-4b68-be75-207a10929507,Copy_Automated_Assessment_53866_2081577 - Template_2081577,78,onettenant+2081577@svc.onetrust.com,ee5e8347-d9b0-42bc-9bbb-7c7568a6e57a,https://Assessment/Assessment/303a55a2-a3f1-4b68-be75-207a10929507,OTAuto02,b99df4a4-2bf5-4c08-9483-bd636470bc11,b99df4a4-2bf5-4c08-9483-bd636470bc11
3ffe5af2-e5fd-403d-ab8b-3d81dd571ac3,automation_project_33958_2390304,13,OneTrust Automation,79f09a0f-fbd7-4439-9e1e-d48abe62c98e,https://Assessment/Assessment/3ffe5af2-e5fd-403d-ab8b-3d81dd571ac3,OTAuto02,b99df4a4-2bf5-4c08-9483-bd636470bc11,b99df4a4-2bf5-4c08-9483-bd636470bc11
4995e3cf-cd02-452d-a2a4-65c8f710f2d3,automation_project_78083_9554296,85,OneTrust Automation,79f09a0f-fbd7-4439-9e1e-d48abe62c98e,https://Assessment/Assessment/4995e3cf-cd02-452d-a2a4-65c8f710f2d3,OTAuto02,b99df4a4-2bf5-4c08-9483-bd636470bc11,b99df4a4-2bf5-4c08-9483-bd636470bc11
53fc0239-a99e-4b86-9d0c-ac1b6f968bf1,Assessment_For_On_submission_9815408,38,onettenant+51863_9815408@svc.onetrust.com,d3680b0f-31f3-4a4e-adef-58f671af1f1e,https://Assessment/Assessment/53fc0239-a99e-4b86-9d0c-ac1b6f968bf1,OTAuto02,b99df4a4-2bf5-4c08-9483-bd636470bc11,b99df4a4-2bf5-4c08-9483-bd636470bc11
5a7187b7-c95f-494d-9949-609154c59b29,Automated_Assessment_02_4744_19032026,76,OneTrust Automation,79f09a0f-fbd7-4439-9e1e-d48abe62c98e,https://Assessment/Assessment/5a7187b7-c95f-494d-9949-609154c59b29,OTAuto02,b99df4a4-2bf5-4c08-9483-bd636470bc11,b99df4a4-2bf5-4c08-9483-bd636470bc11
69f9549a-b7ed-4010-81bc-084bb9faf625,Assessment_7543473,37,otautotenant02+7543473@svc.onetrust.com,f7845491-06a8-41b7-8b42-e70ec6e7e320,https://Assessment/Assessment/69f9549a-b7ed-4010-81bc-084bb9faf625,OTAuto02,b99df4a4-2bf5-4c08-9483-bd636470bc11,b99df4a4-2bf5-4c08-9483-bd636470bc11
7e25d345-7be6-48ca-8768-0c8c4cd755ee,Automated_Assessment_02_4744_19032026,79,OneTrust Automation,79f09a0f-fbd7-4439-9e1e-d48abe62c98e,https://Assessment/Assessment/7e25d345-7be6-48ca-8768-0c8c4cd755ee,OTAuto02,b99df4a4-2bf5-4c08-9483-bd636470bc11,b99df4a4-2bf5-4c08-9483-bd636470bc11
8b3be94c-7d60-4a05-b0b4-8b3e71e896ca,Automated_Assessment_03_4758_19032026,48,projectowner user,da43fe2d-46b8-4d39-8174-b857cd048aa4,https://Assessment/Assessment/8b3be94c-7d60-4a05-b0b4-8b3e71e896ca,OTAuto02,b99df4a4-2bf5-4c08-9483-bd636470bc11,b99df4a4-2bf5-4c08-9483-bd636470bc11
aa86adeb-1969-4996-96c6-f5ab029634bb,assessment_7583_19032026,62,projectowner user,da43fe2d-46b8-4d39-8174-b857cd048aa4,https://Assessment/Assessment/aa86adeb-1969-4996-96c6-f5ab029634bb,OTAuto02,b99df4a4-2bf5-4c08-9483-bd636470bc11,b99df4a4-2bf5-4c08-9483-bd636470bc11
aaced56f-e79f-4d55-ba11-ab38bc5d7269,Automated_Assessment_53866_2081577,65,onettenant+2081577@svc.onetrust.com,ee5e8347-d9b0-42bc-9bbb-7c7568a6e57a,https://Assessment/Assessment/aaced56f-e79f-4d55-ba11-ab38bc5d7269,OTAuto02,b99df4a4-2bf5-4c08-9483-bd636470bc11,b99df4a4-2bf5-4c08-9483-bd636470bc11
abe9aee9-a634-4ec8-a409-e2a92058362f,!PA-1_4468112 - automation_template_4468112,45,privacyofficer user,aa5e22c6-dc4f-473f-8aa5-46753f07d37d,https://Assessment/Assessment/abe9aee9-a634-4ec8-a409-e2a92058362f,OTAuto02,b99df4a4-2bf5-4c08-9483-bd636470bc11,b99df4a4-2bf5-4c08-9483-bd636470bc11
ad45e6ea-8054-4118-9572-326ed9621ade,Automated_Assessment_02_4758_19032026,47,onettenant+69411_19032026@svc.onetrust.com,cd4fe754-e7b2-43c4-bbe3-b09b98155c78,https://Assessment/Assessment/ad45e6ea-8054-4118-9572-326ed9621ade,OTAuto02,b99df4a4-2bf5-4c08-9483-bd636470bc11,b99df4a4-2bf5-4c08-9483-bd636470bc11
cdf6cbdb-1368-40d0-85e6-ab142bc1eaa0,assessment_2_8279553,51,User2fn_8279553 User2ln_8279553,aff2666e-9b00-4b07-929c-f5ece26b84ef,https://Assessment/Assessment/cdf6cbdb-1368-40d0-85e6-ab142bc1eaa0,OTAuto02,b99df4a4-2bf5-4c08-9483-bd636470bc11,b99df4a4-2bf5-4c08-9483-bd636470bc11
d3edebee-845d-4438-ae3b-80b95e18b6e7,Automated_Assessment_4744_19032026,75,OneTrust Automation,79f09a0f-fbd7-4439-9e1e-d48abe62c98e,https://Assessment/Assessment/d3edebee-845d-4438-ae3b-80b95e18b6e7,OTAuto02,b99df4a4-2bf5-4c08-9483-bd636470bc11,b99df4a4-2bf5-4c08-9483-bd636470bc11
d68092ae-debb-4714-9336-f654cf46c7ea,Automated_Assessment_74921_3886327,56,OneTrust Automation,79f09a0f-fbd7-4439-9e1e-d48abe62c98e,https://Assessment/Assessment/d68092ae-debb-4714-9336-f654cf46c7ea,OTAuto02,b99df4a4-2bf5-4c08-9483-bd636470bc11,b99df4a4-2bf5-4c08-9483-bd636470bc11
d79e549c-8da8-4655-a4a5-c0db0f3fae3f,Automated_Assessment_2855093,15,onettenant+inv2855093@svc.onetrust.com,2123c519-d68c-44c9-a37b-ab16bf7a4c0f,https://Assessment/Assessment/d79e549c-8da8-4655-a4a5-c0db0f3fae3f,OTAuto02,b99df4a4-2bf5-4c08-9483-bd636470bc11,b99df4a4-2bf5-4c08-9483-bd636470bc11
dad0bd17-dba2-4c9a-8da4-2633a73f2bb5,Automated_Assessment_96352_7580369,73,onettenant+96352_7580369@svc.onetrust.com,9623fe60-57ee-41c5-a9f6-66c81285072c,https://Assessment/Assessment/dad0bd17-dba2-4c9a-8da4-2633a73f2bb5,OTAuto02,b99df4a4-2bf5-4c08-9483-bd636470bc11,b99df4a4-2bf5-4c08-9483-bd636470bc11
db40c97e-2385-47d5-b650-ba05af44f97f,Inventory_Assessment_6752211,8,OneTrust Automation,79f09a0f-fbd7-4439-9e1e-d48abe62c98e,https://Assessment/Assessment/db40c97e-2385-47d5-b650-ba05af44f97f,OTAuto02,b99df4a4-2bf5-4c08-9483-bd636470bc11,b99df4a4-2bf5-4c08-9483-bd636470bc11
dd9f9312-b6d1-4ebd-a317-16c283f2b26e,Automated_Assessment_6208047,43,projectowner user,da43fe2d-46b8-4d39-8174-b857cd048aa4,https://Assessment/Assessment/dd9f9312-b6d1-4ebd-a317-16c283f2b26e,OTAuto02,b99df4a4-2bf5-4c08-9483-bd636470bc11,b99df4a4-2bf5-4c08-9483-bd636470bc11
e20b0cd2-243b-4b06-ac67-bc6f2b9e173d,Automated_Assessment_7591_19032026_1,22,onettenant+73828_19032026@svc.onetrust.com,29b90abe-d61d-48c2-b002-811c69bb29ab,https://Assessment/Assessment/e20b0cd2-243b-4b06-ac67-bc6f2b9e173d,OTAuto02,b99df4a4-2bf5-4c08-9483-bd636470bc11,b99df4a4-2bf5-4c08-9483-bd636470bc11
e4feac42-8afe-4fa8-9f82-6a79ffc0f0b5,Automated_Assessment_two_1456191,24,firstname_1456191 lastname_1456191,b68b65d8-2b64-4afd-8767-455cdfebf8f9,https://Assessment/Assessment/e4feac42-8afe-4fa8-9f82-6a79ffc0f0b5,OTAuto02,b99df4a4-2bf5-4c08-9483-bd636470bc11,b99df4a4-2bf5-4c08-9483-bd636470bc11
eb4ff909-d752-4a6f-af85-3b7e168a41f6,Inventory_1184_Assessment_19032026,27,OneTrust Automation,79f09a0f-fbd7-4439-9e1e-d48abe62c98e,https://Assessment/Assessment/eb4ff909-d752-4a6f-af85-3b7e168a41f6,OTAuto02,b99df4a4-2bf5-4c08-9483-bd636470bc11,b99df4a4-2bf5-4c08-9483-bd636470bc11
ef944c94-323b-426f-9315-afe78f33ab2a,Automated_Assessment_759219032026_1,23,onettenant+73828_19032026@svc.onetrust.com,29b90abe-d61d-48c2-b002-811c69bb29ab,https://Assessment/Assessment/ef944c94-323b-426f-9315-afe78f33ab2a,OTAuto02,b99df4a4-2bf5-4c08-9483-bd636470bc11,b99df4a4-2bf5-4c08-9483-bd636470bc11
f47b5bba-9497-40a4-b4f6-58908ccdbee6,Automated_Assessment_2563585,80,OneTrust Automation,79f09a0f-fbd7-4439-9e1e-d48abe62c98e,https://Assessment/Assessment/f47b5bba-9497-40a4-b4f6-58908ccdbee6,OTAuto02,b99df4a4-2bf5-4c08-9483-bd636470bc11,b99df4a4-2bf5-4c08-9483-bd636470bc11
f9ba276c-9fff-4b10-bc3c-02fab5307249,Automated_Assessment_01_4744_19032026,77,OneTrust Automation,79f09a0f-fbd7-4439-9e1e-d48abe62c98e,https://Assessment/Assessment/f9ba276c-9fff-4b10-bc3c-02fab5307249,OTAuto02,b99df4a4-2bf5-4c08-9483-bd636470bc11,b99df4a4-2bf5-4c08-9483-bd636470bc11
fa3b7b30-e4df-4341-b9cb-b2f3b0d945c7,Copy_Automated_Assessment_53866_2081577,74,onettenant+2081577@svc.onetrust.com,ee5e8347-d9b0-42bc-9bbb-7c7568a6e57a,https://Assessment/Assessment/fa3b7b30-e4df-4341-b9cb-b2f3b0d945c7,OTAuto02,b99df4a4-2bf5-4c08-9483-bd636470bc11,b99df4a4-2bf5-4c08-9483-bd636470bc11
029a2e03-bf93-495c-b805-b12c4b7474a6,automation_project_42834_9793949,95,onettenant+9793949@svc.onetrust.com,098a060a-ada4-43d1-9e7c-cabbbfc3d29f,https://Assessment/Assessment/029a2e03-bf93-495c-b805-b12c4b7474a6,OTAuto02,b99df4a4-2bf5-4c08-9483-bd636470bc11,b99df4a4-2bf5-4c08-9483-bd636470bc11
09c845de-24c4-4b0c-87a7-8e27b7d30c2b,Automated_Assessment_1305028,113,privacyofficer user,aa5e22c6-dc4f-473f-8aa5-46753f07d37d,https://Assessment/Assessment/09c845de-24c4-4b0c-87a7-8e27b7d30c2b,OTAuto02,b99df4a4-2bf5-4c08-9483-bd636470bc11,b99df4a4-2bf5-4c08-9483-bd636470bc11
09c845de-24c4-4b0c-87a7-8e27b7d30c2b,Automated_Assessment_1305028,113,OneTrust Automation,79f09a0f-fbd7-4439-9e1e-d48abe62c98e,https://Assessment/Assessment/09c845de-24c4-4b0c-87a7-8e27b7d30c2b,OTAuto02,b99df4a4-2bf5-4c08-9483-bd636470bc11,b99df4a4-2bf5-4c08-9483-bd636470bc11
09c845de-24c4-4b0c-87a7-8e27b7d30c2b,Automated_Assessment_1305028,113,projectowner user,da43fe2d-46b8-4d39-8174-b857cd048aa4,https://Assessment/Assessment/09c845de-24c4-4b0c-87a7-8e27b7d30c2b,OTAuto02,b99df4a4-2bf5-4c08-9483-bd636470bc11,b99df4a4-2bf5-4c08-9483-bd636470bc11
31edeb5b-6d46-4926-bf32-cd6d74febf12,Automated_Assessment_7542_19032026,107,OneTrust Automation,79f09a0f-fbd7-4439-9e1e-d48abe62c98e,https://Assessment/Assessment/31edeb5b-6d46-4926-bf32-cd6d74febf12,OTAuto02,b99df4a4-2bf5-4c08-9483-bd636470bc11,b99df4a4-2bf5-4c08-9483-bd636470bc11
6de73611-8ff6-410f-8307-85734f6a4da3,assessment_2_TCT_19032026,102,OneTrust Automation,79f09a0f-fbd7-4439-9e1e-d48abe62c98e,https://Assessment/Assessment/6de73611-8ff6-410f-8307-85734f6a4da3,OTAuto02,b99df4a4-2bf5-4c08-9483-bd636470bc11,b99df4a4-2bf5-4c08-9483-bd636470bc11
8c708b19-343d-463f-a494-c79c7f109acd,Assessment_2417_19032026,88,privacyofficer user,aa5e22c6-dc4f-473f-8aa5-46753f07d37d,https://Assessment/Assessment/8c708b19-343d-463f-a494-c79c7f109acd,OTAuto02,b99df4a4-2bf5-4c08-9483-bd636470bc11,b99df4a4-2bf5-4c08-9483-bd636470bc11
8c708b19-343d-463f-a494-c79c7f109acd,Assessment_2417_19032026,88,OneTrust Automation,79f09a0f-fbd7-4439-9e1e-d48abe62c98e,https://Assessment/Assessment/8c708b19-343d-463f-a494-c79c7f109acd,OTAuto02,b99df4a4-2bf5-4c08-9483-bd636470bc11,b99df4a4-2bf5-4c08-9483-bd636470bc11
8c708b19-343d-463f-a494-c79c7f109acd,Assessment_2417_19032026,88,projectowner user,da43fe2d-46b8-4d39-8174-b857cd048aa4,https://Assessment/Assessment/8c708b19-343d-463f-a494-c79c7f109acd,OTAuto02,b99df4a4-2bf5-4c08-9483-bd636470bc11,b99df4a4-2bf5-4c08-9483-bd636470bc11
8c708b19-343d-463f-a494-c79c7f109acd,Assessment_2417_19032026,88,projectviewer user,4f997f54-42c8-4b3a-8f1a-5940495c2ff5,https://Assessment/Assessment/8c708b19-343d-463f-a494-c79c7f109acd,OTAuto02,b99df4a4-2bf5-4c08-9483-bd636470bc11,b99df4a4-2bf5-4c08-9483-bd636470bc11
902c7da2-19a9-4da9-992d-f6c1e124ca93,Assessment_7635_19032026,103,OneTrust Automation,79f09a0f-fbd7-4439-9e1e-d48abe62c98e,https://Assessment/Assessment/902c7da2-19a9-4da9-992d-f6c1e124ca93,OTAuto02,b99df4a4-2bf5-4c08-9483-bd636470bc11,b99df4a4-2bf5-4c08-9483-bd636470bc11
cfeb53e8-f3be-4d96-844a-8a018c9f62c8,automated_assessment_40684_9866344,109,OneTrust Automation,79f09a0f-fbd7-4439-9e1e-d48abe62c98e,https://Assessment/Assessment/cfeb53e8-f3be-4d96-844a-8a018c9f62c8,OTAuto02,b99df4a4-2bf5-4c08-9483-bd636470bc11,b99df4a4-2bf5-4c08-9483-bd636470bc11
d3137da0-c67d-4f88-b6a3-f36df7cc56a5,Automated_2_Assessment_3552111,98,onettenant+3552111@svc.onetrust.com,fa1802b1-dba8-4400-826c-c0db6371b425,https://Assessment/Assessment/d3137da0-c67d-4f88-b6a3-f36df7cc56a5,OTAuto02,b99df4a4-2bf5-4c08-9483-bd636470bc11,b99df4a4-2bf5-4c08-9483-bd636470bc11
e169ff0a-b16a-42ae-810d-db4bc4a9db3e,Automated_Assessment_70973_9059061,100,OneTrust Automation,79f09a0f-fbd7-4439-9e1e-d48abe62c98e,https://Assessment/Assessment/e169ff0a-b16a-42ae-810d-db4bc4a9db3e,OTAuto02,b99df4a4-2bf5-4c08-9483-bd636470bc11,b99df4a4-2bf5-4c08-9483-bd636470bc11
0c479bac-4c1a-4357-a3c3-93cd916c2547,Assessment_For_On_submission_19032026_parent_1 - Template_19032026_child,200,projectowner user,da43fe2d-46b8-4d39-8174-b857cd048aa4,https://Assessment/Assessment/0c479bac-4c1a-4357-a3c3-93cd916c2547,OTAuto02,b99df4a4-2bf5-4c08-9483-bd636470bc11,b99df4a4-2bf5-4c08-9483-bd636470bc11
13c56667-9c95-4465-9adb-24d9333a514d,Automated_Assessment_1_7220670,184,Admin_7220670 CustomUser,3bfebb13-ae17-4a2b-b826-9e88447cf0c2,https://Assessment/Assessment/13c56667-9c95-4465-9adb-24d9333a514d,OTAuto02,b99df4a4-2bf5-4c08-9483-bd636470bc11,b99df4a4-2bf5-4c08-9483-bd636470bc11
174c4ba5-0321-4add-b5d1-2bd8a92ed1eb,a_Assessment_7626_19032026,161,OneTrust Automation,79f09a0f-fbd7-4439-9e1e-d48abe62c98e,https://Assessment/Assessment/174c4ba5-0321-4add-b5d1-2bd8a92ed1eb,OTAuto02,b99df4a4-2bf5-4c08-9483-bd636470bc11,b99df4a4-2bf5-4c08-9483-bd636470bc11
2058af04-4da2-471c-b00b-fbf9544dd54d,Automated_Assessment_68691_3010920,177,OneTrust Automation,79f09a0f-fbd7-4439-9e1e-d48abe62c98e,https://Assessment/Assessment/2058af04-4da2-471c-b00b-fbf9544dd54d,OTAuto02,b99df4a4-2bf5-4c08-9483-bd636470bc11,b99df4a4-2bf5-4c08-9483-bd636470bc11
2423eb43-5245-403e-a38d-87a77e7b4a02,Assessment_Auto_1_97766_19032026,132,OneTrust Automation,79f09a0f-fbd7-4439-9e1e-d48abe62c98e,https://Assessment/Assessment/2423eb43-5245-403e-a38d-87a77e7b4a02,OTAuto02,b99df4a4-2bf5-4c08-9483-bd636470bc11,b99df4a4-2bf5-4c08-9483-bd636470bc11
25db5d38-25c1-467b-9431-6a4a4c980b82,A_assessment_7626_19032026,160,OneTrust Automation,79f09a0f-fbd7-4439-9e1e-d48abe62c98e,https://Assessment/Assessment/25db5d38-25c1-467b-9431-6a4a4c980b82,OTAuto02,b99df4a4-2bf5-4c08-9483-bd636470bc11,b99df4a4-2bf5-4c08-9483-bd636470bc11
2728d3aa-f877-4dee-8509-d0f2d1af6f0a,Automated_Assessment_1250_19032026,185,onettenant+62987_19032026@svc.onetrust.com,c2bc65af-68cf-431d-9796-2ade005db1cb,https://Assessment/Assessment/2728d3aa-f877-4dee-8509-d0f2d1af6f0a,OTAuto02,b99df4a4-2bf5-4c08-9483-bd636470bc11,b99df4a4-2bf5-4c08-9483-bd636470bc11
289c632d-c9d0-49db-9f20-68ce1e69b9c1,Automated_Assessment_6412360,176,OneTrust Automation,79f09a0f-fbd7-4439-9e1e-d48abe62c98e,https://Assessment/Assessment/289c632d-c9d0-49db-9f20-68ce1e69b9c1,OTAuto02,b99df4a4-2bf5-4c08-9483-bd636470bc11,b99df4a4-2bf5-4c08-9483-bd636470bc11
33ce612e-e570-42e7-8a8f-7a6812f6d28d,automation_project_42844_571243,150,OneTrust Automation,79f09a0f-fbd7-4439-9e1e-d48abe62c98e,https://Assessment/Assessment/33ce612e-e570-42e7-8a8f-7a6812f6d28d,OTAuto02,b99df4a4-2bf5-4c08-9483-bd636470bc11,b99df4a4-2bf5-4c08-9483-bd636470bc11
3e8fbf38-bcb4-4a82-bd21-0f160f25bf38,Automated_Assessment2_6106297,194,onettenant2+inv6106297@svc.onetrust.com,182b4873-8a47-43c8-b7a5-fb91ab975bc5,https://Assessment/Assessment/3e8fbf38-bcb4-4a82-bd21-0f160f25bf38,OTAuto02,b99df4a4-2bf5-4c08-9483-bd636470bc11,b99df4a4-2bf5-4c08-9483-bd636470bc11
4475341c-75e7-4419-91bf-2105d0a65aba,Assessment_Auto_1_1291_19032026,153,OneTrust Automation,79f09a0f-fbd7-4439-9e1e-d48abe62c98e,https://Assessment/Assessment/4475341c-75e7-4419-91bf-2105d0a65aba,OTAuto02,b99df4a4-2bf5-4c08-9483-bd636470bc11,b99df4a4-2bf5-4c08-9483-bd636470bc11
4ef5eb71-4c58-474d-808d-5664dc3b943e,Automated_Assessment1_6106297,181,onettenant1+inv6106297@svc.onetrust.com,05fb1371-c6bf-409f-a86b-7f0e01045bea,https://Assessment/Assessment/4ef5eb71-4c58-474d-808d-5664dc3b943e,OTAuto02,b99df4a4-2bf5-4c08-9483-bd636470bc11,b99df4a4-2bf5-4c08-9483-bd636470bc11
50bc0d2b-7ba8-4c39-9e8f-1bc10cd66a8e,Assessment_For_On_submission_19032026_parent_1,199,projectowner user,da43fe2d-46b8-4d39-8174-b857cd048aa4,https://Assessment/Assessment/50bc0d2b-7ba8-4c39-9e8f-1bc10cd66a8e,OTAuto02,b99df4a4-2bf5-4c08-9483-bd636470bc11,b99df4a4-2bf5-4c08-9483-bd636470bc11
6094581a-fb4a-4357-a63f-05d832a0dfe9,Assessment_Auto_2_1291_19032026,154,OneTrust Automation,79f09a0f-fbd7-4439-9e1e-d48abe62c98e,https://Assessment/Assessment/6094581a-fb4a-4357-a63f-05d832a0dfe9,OTAuto02,b99df4a4-2bf5-4c08-9483-bd636470bc11,b99df4a4-2bf5-4c08-9483-bd636470bc11
631930ed-0e89-4314-8237-1909bcb9fb6f,Risk_Assessment_7507_19032026,164,OneTrust Automation,79f09a0f-fbd7-4439-9e1e-d48abe62c98e,https://Assessment/Assessment/631930ed-0e89-4314-8237-1909bcb9fb6f,OTAuto02,b99df4a4-2bf5-4c08-9483-bd636470bc11,b99df4a4-2bf5-4c08-9483-bd636470bc11
666960b7-f018-4b61-bb19-271cc1e51c8c,assessment_1174_19032026,169,OneTrust Automation,79f09a0f-fbd7-4439-9e1e-d48abe62c98e,https://Assessment/Assessment/666960b7-f018-4b61-bb19-271cc1e51c8c,OTAuto02,b99df4a4-2bf5-4c08-9483-bd636470bc11,b99df4a4-2bf5-4c08-9483-bd636470bc11
6b3e2e72-284e-4fe3-86af-2b82058725aa,B_Assessment_7626_19032026,162,OneTrust Automation,79f09a0f-fbd7-4439-9e1e-d48abe62c98e,https://Assessment/Assessment/6b3e2e72-284e-4fe3-86af-2b82058725aa,OTAuto02,b99df4a4-2bf5-4c08-9483-bd636470bc11,b99df4a4-2bf5-4c08-9483-bd636470bc11
7576b6e8-8c0b-4afa-a8b1-bec681661653,Assessment_8167495,123,OneTrust Automation,79f09a0f-fbd7-4439-9e1e-d48abe62c98e,https://Assessment/Assessment/7576b6e8-8c0b-4afa-a8b1-bec681661653,OTAuto02,b99df4a4-2bf5-4c08-9483-bd636470bc11,b99df4a4-2bf5-4c08-9483-bd636470bc11
76d8a250-c347-47a3-b396-5f92356b616f,Automated_Assessment_7626_19032026,158,onettenant+19032026@svc.onetrust.com,7e8a328c-79d8-448d-8bd5-60a4d76e320d,https://Assessment/Assessment/76d8a250-c347-47a3-b396-5f92356b616f,OTAuto02,b99df4a4-2bf5-4c08-9483-bd636470bc11,b99df4a4-2bf5-4c08-9483-bd636470bc11
7afe55bc-caa0-4fc9-9d80-0d5fe19d7a95,asset_1170_19032026,174,OneTrust Automation,79f09a0f-fbd7-4439-9e1e-d48abe62c98e,https://Assessment/Assessment/7afe55bc-caa0-4fc9-9d80-0d5fe19d7a95,OTAuto02,b99df4a4-2bf5-4c08-9483-bd636470bc11,b99df4a4-2bf5-4c08-9483-bd636470bc11
7b3a48cd-e4a7-4cbb-8534-bd41714a7e8f,Automated_Assessment_4740_19032026,156,OneTrust Automation,79f09a0f-fbd7-4439-9e1e-d48abe62c98e,https://Assessment/Assessment/7b3a48cd-e4a7-4cbb-8534-bd41714a7e8f,OTAuto02,b99df4a4-2bf5-4c08-9483-bd636470bc11,b99df4a4-2bf5-4c08-9483-bd636470bc11
7bced51f-7618-4cd7-8f29-d2d6381c4a46,Automated_Assessment_8200779,142,onettenant+73828_8200779@svc.onetrust.com,06a07ba8-e8ef-4b7e-89b7-756860610054,https://Assessment/Assessment/7bced51f-7618-4cd7-8f29-d2d6381c4a46,OTAuto02,b99df4a4-2bf5-4c08-9483-bd636470bc11,b99df4a4-2bf5-4c08-9483-bd636470bc11
80aa76fc-37ef-4c15-bca8-ee510dc53262,Automated_Assessment_4740_02_19032026,159,OneTrust Automation,79f09a0f-fbd7-4439-9e1e-d48abe62c98e,https://Assessment/Assessment/80aa76fc-37ef-4c15-bca8-ee510dc53262,OTAuto02,b99df4a4-2bf5-4c08-9483-bd636470bc11,b99df4a4-2bf5-4c08-9483-bd636470bc11
8a7e6096-691a-44e7-9be5-2240178e20b3,Automated_Assessment_2013_9848743,172,OneTrust Automation,79f09a0f-fbd7-4439-9e1e-d48abe62c98e,https://Assessment/Assessment/8a7e6096-691a-44e7-9be5-2240178e20b3,OTAuto02,b99df4a4-2bf5-4c08-9483-bd636470bc11,b99df4a4-2bf5-4c08-9483-bd636470bc11
9abe0df2-26e5-4947-a963-3a8525ba916a,Z_Assessment_7626_19032026,163,OneTrust Automation,79f09a0f-fbd7-4439-9e1e-d48abe62c98e,https://Assessment/Assessment/9abe0df2-26e5-4947-a963-3a8525ba916a,OTAuto02,b99df4a4-2bf5-4c08-9483-bd636470bc11,b99df4a4-2bf5-4c08-9483-bd636470bc11
9e7eeede-33d3-459b-aa87-e559e951dca7,assessment_42255_9601015,138,onettenant+422559601015@svc.onetrust.com,d80ee79a-4d9f-498c-bc01-c5a34a24f467,https://Assessment/Assessment/9e7eeede-33d3-459b-aa87-e559e951dca7,OTAuto02,b99df4a4-2bf5-4c08-9483-bd636470bc11,b99df4a4-2bf5-4c08-9483-bd636470bc11
a8af9cb0-7942-4e1a-82d4-59505ada9723,assessment_43465_9547758,175,OneTrust Automation,79f09a0f-fbd7-4439-9e1e-d48abe62c98e,https://Assessment/Assessment/a8af9cb0-7942-4e1a-82d4-59505ada9723,OTAuto02,b99df4a4-2bf5-4c08-9483-bd636470bc11,b99df4a4-2bf5-4c08-9483-bd636470bc11
b13d7078-950b-48a2-b1ea-d3508f8c829c,Automated_Assessment_7220670,182,privacyofficer user,aa5e22c6-dc4f-473f-8aa5-46753f07d37d,https://Assessment/Assessment/b13d7078-950b-48a2-b1ea-d3508f8c829c,OTAuto02,b99df4a4-2bf5-4c08-9483-bd636470bc11,b99df4a4-2bf5-4c08-9483-bd636470bc11
b68c9508-6a6a-4d7f-bb19-0cdfb6d0dd36,Automated_Assessment_4740_01_19032026,157,OneTrust Automation,79f09a0f-fbd7-4439-9e1e-d48abe62c98e,https://Assessment/Assessment/b68c9508-6a6a-4d7f-bb19-0cdfb6d0dd36,OTAuto02,b99df4a4-2bf5-4c08-9483-bd636470bc11,b99df4a4-2bf5-4c08-9483-bd636470bc11
bfc8085f-d803-489c-957f-3851eaee18d8,automation_assessment_TCT_7623_19032026,155,onettenant+7618_19032026@svc.onetrust.com,1bf9c6d2-ded9-427e-8036-278078211b61,https://Assessment/Assessment/bfc8085f-d803-489c-957f-3851eaee18d8,OTAuto02,b99df4a4-2bf5-4c08-9483-bd636470bc11,b99df4a4-2bf5-4c08-9483-bd636470bc11
c8c2986e-f8c3-45cc-ba8d-e5a812adc5b7,Assessment_Auto_2_97766_19032026,134,OneTrust Automation,79f09a0f-fbd7-4439-9e1e-d48abe62c98e,https://Assessment/Assessment/c8c2986e-f8c3-45cc-ba8d-e5a812adc5b7,OTAuto02,b99df4a4-2bf5-4c08-9483-bd636470bc11,b99df4a4-2bf5-4c08-9483-bd636470bc11
e62cd819-d8dd-4f72-9bac-387e9ad874fe,Risk_Assessment_7507_19032026_new,167,OneTrust Automation,79f09a0f-fbd7-4439-9e1e-d48abe62c98e,https://Assessment/Assessment/e62cd819-d8dd-4f72-9bac-387e9ad874fe,OTAuto02,b99df4a4-2bf5-4c08-9483-bd636470bc11,b99df4a4-2bf5-4c08-9483-bd636470bc11
f11dc346-787e-46eb-b65c-01b9ae37b2e4,Automated_Assessment_2956184,140,onettenant+2956184@svc.onetrust.com,1c1f21ae-4e4f-45cc-83ac-8f5d54eaa32c,https://Assessment/Assessment/f11dc346-787e-46eb-b65c-01b9ae37b2e4,OTAuto02,b99df4a4-2bf5-4c08-9483-bd636470bc11,b99df4a4-2bf5-4c08-9483-bd636470bc11
f3346d4d-6130-43fc-8d31-91e790220867,assessmentExportResponses_1128_19032026,143,OneTrust Automation,79f09a0f-fbd7-4439-9e1e-d48abe62c98e,https://Assessment/Assessment/f3346d4d-6130-43fc-8d31-91e790220867,OTAuto02,b99df4a4-2bf5-4c08-9483-bd636470bc11,b99df4a4-2bf5-4c08-9483-bd636470bc11
0b2b0ebb-71bf-452f-b8b0-dc73fa7fbdea,automation_project_42836_5538703,166,OneTrust Automation,79f09a0f-fbd7-4439-9e1e-d48abe62c98e,https://Assessment/Assessment/0b2b0ebb-71bf-452f-b8b0-dc73fa7fbdea,OTAuto02,b99df4a4-2bf5-4c08-9483-bd636470bc11,b99df4a4-2bf5-4c08-9483-bd636470bc11
32fff418-5f3f-44b8-9de8-465407932610,automation_project_42830_227065,216,OneTrust Automation,79f09a0f-fbd7-4439-9e1e-d48abe62c98e,https://Assessment/Assessment/32fff418-5f3f-44b8-9de8-465407932610,OTAuto02,b99df4a4-2bf5-4c08-9483-bd636470bc11,b99df4a4-2bf5-4c08-9483-bd636470bc11
4dcf7f27-4cac-49fa-a923-fa94d69852a6,automation_project_42837_150703,183,OneTrust Automation,79f09a0f-fbd7-4439-9e1e-d48abe62c98e,https://Assessment/Assessment/4dcf7f27-4cac-49fa-a923-fa94d69852a6,OTAuto02,b99df4a4-2bf5-4c08-9483-bd636470bc11,b99df4a4-2bf5-4c08-9483-bd636470bc11
55e3e7e0-486d-478c-aa1c-a386dffec88d,automation_project_36427_19032026,207,OneTrust Automation,79f09a0f-fbd7-4439-9e1e-d48abe62c98e,https://Assessment/Assessment/55e3e7e0-486d-478c-aa1c-a386dffec88d,OTAuto02,b99df4a4-2bf5-4c08-9483-bd636470bc11,b99df4a4-2bf5-4c08-9483-bd636470bc11
5bfc2716-30c9-4d2e-aff2-26d1a509b155,automation_assessment_8792312,228,OneTrust Automation,79f09a0f-fbd7-4439-9e1e-d48abe62c98e,https://Assessment/Assessment/5bfc2716-30c9-4d2e-aff2-26d1a509b155,OTAuto02,b99df4a4-2bf5-4c08-9483-bd636470bc11,b99df4a4-2bf5-4c08-9483-bd636470bc11
5e6f7263-2537-4a0b-add2-f7e48f8f79fd,Automated_Assessment_4833223,206,OneTrust Automation,79f09a0f-fbd7-4439-9e1e-d48abe62c98e,https://Assessment/Assessment/5e6f7263-2537-4a0b-add2-f7e48f8f79fd,OTAuto02,b99df4a4-2bf5-4c08-9483-bd636470bc11,b99df4a4-2bf5-4c08-9483-bd636470bc11
6904e905-29f4-4dce-a4eb-9e4f5e8b3709,Assessment_For_On_submission_19032026_parent_2,201,projectowner user,da43fe2d-46b8-4d39-8174-b857cd048aa4,https://Assessment/Assessment/6904e905-29f4-4dce-a4eb-9e4f5e8b3709,OTAuto02,b99df4a4-2bf5-4c08-9483-bd636470bc11,b99df4a4-2bf5-4c08-9483-bd636470bc11
6c7a82b8-d133-4e18-bd2a-5c547632ee49,Automated_Shared_Assessment_7204018,220,OneTrust Automation,79f09a0f-fbd7-4439-9e1e-d48abe62c98e,https://Assessment/Assessment/6c7a82b8-d133-4e18-bd2a-5c547632ee49,OTAuto02,b99df4a4-2bf5-4c08-9483-bd636470bc11,b99df4a4-2bf5-4c08-9483-bd636470bc11
70e8a277-b999-44ef-818f-1cbea7cede85,assessment_41816_1_19032026,205,OneTrust Automation,79f09a0f-fbd7-4439-9e1e-d48abe62c98e,https://Assessment/Assessment/70e8a277-b999-44ef-818f-1cbea7cede85,OTAuto02,b99df4a4-2bf5-4c08-9483-bd636470bc11,b99df4a4-2bf5-4c08-9483-bd636470bc11
7d5fd8a3-9877-4599-9e4f-8edf8da0b0f4,Assessment_AA53512_19032026,215,OneTrust Automation,79f09a0f-fbd7-4439-9e1e-d48abe62c98e,https://Assessment/Assessment/7d5fd8a3-9877-4599-9e4f-8edf8da0b0f4,OTAuto02,b99df4a4-2bf5-4c08-9483-bd636470bc11,b99df4a4-2bf5-4c08-9483-bd636470bc11
7fd579fa-a276-41f9-8021-d8814594df55,assessmentExportResponses_8626755,221,onettenant+8626755@svc.onetrust.com,c0fbe540-5066-47d0-b551-887f429ca40d,https://Assessment/Assessment/7fd579fa-a276-41f9-8021-d8814594df55,OTAuto02,b99df4a4-2bf5-4c08-9483-bd636470bc11,b99df4a4-2bf5-4c08-9483-bd636470bc11
90a95a38-ee34-4e84-9cfa-ca130a95be36,Assessment_For_On_submission_19032026_parent_2 - Template_19032026_child,203,projectowner user,da43fe2d-46b8-4d39-8174-b857cd048aa4,https://Assessment/Assessment/90a95a38-ee34-4e84-9cfa-ca130a95be36,OTAuto02,b99df4a4-2bf5-4c08-9483-bd636470bc11,b99df4a4-2bf5-4c08-9483-bd636470bc11
a0448273-5939-4b49-b09e-579b41425ea0,automated_assessment_19032026,224,OneTrust Automation,79f09a0f-fbd7-4439-9e1e-d48abe62c98e,https://Assessment/Assessment/a0448273-5939-4b49-b09e-579b41425ea0,OTAuto02,b99df4a4-2bf5-4c08-9483-bd636470bc11,b99df4a4-2bf5-4c08-9483-bd636470bc11
c6991e13-5357-47aa-bc59-4f54b4ddc007,Automated_Assessment_7608_19032026,213,OneTrust Automation,79f09a0f-fbd7-4439-9e1e-d48abe62c98e,https://Assessment/Assessment/c6991e13-5357-47aa-bc59-4f54b4ddc007,OTAuto02,b99df4a4-2bf5-4c08-9483-bd636470bc11,b99df4a4-2bf5-4c08-9483-bd636470bc11
dc34ad1f-0fdd-4de3-b52d-14c6dd901e2d,automation_assessment_427362,217,projectowner user,da43fe2d-46b8-4d39-8174-b857cd048aa4,https://Assessment/Assessment/dc34ad1f-0fdd-4de3-b52d-14c6dd901e2d,OTAuto02,b99df4a4-2bf5-4c08-9483-bd636470bc11,b99df4a4-2bf5-4c08-9483-bd636470bc11
de54d0e6-b295-46ac-9d8c-b8d3c07e5b76,Assessment_1210_19032026,208,OneTrust Automation,79f09a0f-fbd7-4439-9e1e-d48abe62c98e,https://Assessment/Assessment/de54d0e6-b295-46ac-9d8c-b8d3c07e5b76,OTAuto02,b99df4a4-2bf5-4c08-9483-bd636470bc11,b99df4a4-2bf5-4c08-9483-bd636470bc11
fb5da29d-c149-4761-9d4d-c31f9022b8b1,Assessment_1210_2_19032026,209,OneTrust Automation,79f09a0f-fbd7-4439-9e1e-d48abe62c98e,https://Assessment/Assessment/fb5da29d-c149-4761-9d4d-c31f9022b8b1,OTAuto02,b99df4a4-2bf5-4c08-9483-bd636470bc11,b99df4a4-2bf5-4c08-9483-bd636470bc11
40d2c061-1348-47cd-878e-f322404eec99,assessment_4006_19032026,236,projectowner user,da43fe2d-46b8-4d39-8174-b857cd048aa4,https://Assessment/Assessment/40d2c061-1348-47cd-878e-f322404eec99,OTAuto02,b99df4a4-2bf5-4c08-9483-bd636470bc11,b99df4a4-2bf5-4c08-9483-bd636470bc11
499418de-0a2f-4a39-993d-0d48e92755c9,assessment_1_65025_19032026,242,OneTrust Automation,79f09a0f-fbd7-4439-9e1e-d48abe62c98e,https://Assessment/Assessment/499418de-0a2f-4a39-993d-0d48e92755c9,OTAuto02,b99df4a4-2bf5-4c08-9483-bd636470bc11,b99df4a4-2bf5-4c08-9483-bd636470bc11
56d77ba8-8dd6-4c65-a4bf-097a490552b7,assessment_1_3602574,259,OneTrust Automation,79f09a0f-fbd7-4439-9e1e-d48abe62c98e,https://Assessment/Assessment/56d77ba8-8dd6-4c65-a4bf-097a490552b7,OTAuto02,b99df4a4-2bf5-4c08-9483-bd636470bc11,b99df4a4-2bf5-4c08-9483-bd636470bc11
63890659-9dfa-4e46-acb6-f5bbaeb30fc2,Automated_Assessment_7607_19032026,230,OneTrust Automation,79f09a0f-fbd7-4439-9e1e-d48abe62c98e,https://Assessment/Assessment/63890659-9dfa-4e46-acb6-f5bbaeb30fc2,OTAuto02,b99df4a4-2bf5-4c08-9483-bd636470bc11,b99df4a4-2bf5-4c08-9483-bd636470bc11
6c0f3c9c-27aa-4092-a849-68d09400dde7,automation1_assessment_60537_19032026,267,OneTrust Automation,79f09a0f-fbd7-4439-9e1e-d48abe62c98e,https://Assessment/Assessment/6c0f3c9c-27aa-4092-a849-68d09400dde7,OTAuto02,b99df4a4-2bf5-4c08-9483-bd636470bc11,b99df4a4-2bf5-4c08-9483-bd636470bc11
a0388013-fff5-4457-abe6-fd37a02086d9,Automated_Assessment_516526,229,OneTrust Automation,79f09a0f-fbd7-4439-9e1e-d48abe62c98e,https://Assessment/Assessment/a0388013-fff5-4457-abe6-fd37a02086d9,OTAuto02,b99df4a4-2bf5-4c08-9483-bd636470bc11,b99df4a4-2bf5-4c08-9483-bd636470bc11
a41fc6f1-f749-4e6e-85d5-b0412871944d,Automated_Assessment_7180_19032026,240,OneTrust Automation,79f09a0f-fbd7-4439-9e1e-d48abe62c98e,https://Assessment/Assessment/a41fc6f1-f749-4e6e-85d5-b0412871944d,OTAuto02,b99df4a4-2bf5-4c08-9483-bd636470bc11,b99df4a4-2bf5-4c08-9483-bd636470bc11
bae6c6e3-18f5-4b1f-8246-1b5562b2a1b7,automation_project_7532_19032026,256,OneTrust Automation,79f09a0f-fbd7-4439-9e1e-d48abe62c98e,https://Assessment/Assessment/bae6c6e3-18f5-4b1f-8246-1b5562b2a1b7,OTAuto02,b99df4a4-2bf5-4c08-9483-bd636470bc11,b99df4a4-2bf5-4c08-9483-bd636470bc11
bcb154a0-32a9-4595-ac27-0a7d5efa1180,Automated_Assessment_68753_3687077,268,OneTrust Automation,79f09a0f-fbd7-4439-9e1e-d48abe62c98e,https://Assessment/Assessment/bcb154a0-32a9-4595-ac27-0a7d5efa1180,OTAuto02,b99df4a4-2bf5-4c08-9483-bd636470bc11,b99df4a4-2bf5-4c08-9483-bd636470bc11
d898d0b1-c0e0-4feb-b01a-b3b42ee80b58,Automated_Assessment_7540_19032026,234,privacyofficer user,aa5e22c6-dc4f-473f-8aa5-46753f07d37d,https://Assessment/Assessment/d898d0b1-c0e0-4feb-b01a-b3b42ee80b58,OTAuto02,b99df4a4-2bf5-4c08-9483-bd636470bc11,b99df4a4-2bf5-4c08-9483-bd636470bc11
d898d0b1-c0e0-4feb-b01a-b3b42ee80b58,Automated_Assessment_7540_19032026,234,OneTrust Automation,79f09a0f-fbd7-4439-9e1e-d48abe62c98e,https://Assessment/Assessment/d898d0b1-c0e0-4feb-b01a-b3b42ee80b58,OTAuto02,b99df4a4-2bf5-4c08-9483-bd636470bc11,b99df4a4-2bf5-4c08-9483-bd636470bc11
d898d0b1-c0e0-4feb-b01a-b3b42ee80b58,Automated_Assessment_7540_19032026,234,projectowner user,da43fe2d-46b8-4d39-8174-b857cd048aa4,https://Assessment/Assessment/d898d0b1-c0e0-4feb-b01a-b3b42ee80b58,OTAuto02,b99df4a4-2bf5-4c08-9483-bd636470bc11,b99df4a4-2bf5-4c08-9483-bd636470bc11
e075d913-27d8-4128-a1b4-eb645dab6a4c,automation_assessment_1659_9624063,239,User2+1659_9624063@svc.onetrust.com,17cc5a33-de3e-4cda-acf2-4ee86ea52487,https://Assessment/Assessment/e075d913-27d8-4128-a1b4-eb645dab6a4c,OTAuto02,b99df4a4-2bf5-4c08-9483-bd636470bc11,b99df4a4-2bf5-4c08-9483-bd636470bc11
e3727358-e896-4c28-98bb-f8b62059fea9,Automated_Assessment_02_8761252,245,proj_8761252 viewer_8761252,c4394b27-ab24-44ee-8180-e9adee50b1ae,https://Assessment/Assessment/e3727358-e896-4c28-98bb-f8b62059fea9,OTAuto02,b99df4a4-2bf5-4c08-9483-bd636470bc11,b99df4a4-2bf5-4c08-9483-bd636470bc11
549b8ff7-5c65-4ac0-a267-9a7125f09080,automation4_assessment_60537_19032026,308,OneTrust Automation,79f09a0f-fbd7-4439-9e1e-d48abe62c98e,https://Assessment/Assessment/549b8ff7-5c65-4ac0-a267-9a7125f09080,OTAuto02,b99df4a4-2bf5-4c08-9483-bd636470bc11,b99df4a4-2bf5-4c08-9483-bd636470bc11
6cdf8784-b20f-4d59-853f-9b55a6d57e69,automation_project_42480_1756982,307,OneTrust Automation,79f09a0f-fbd7-4439-9e1e-d48abe62c98e,https://Assessment/Assessment/6cdf8784-b20f-4d59-853f-9b55a6d57e69,OTAuto02,b99df4a4-2bf5-4c08-9483-bd636470bc11,b99df4a4-2bf5-4c08-9483-bd636470bc11
17d130b1-ca43-443e-8663-f0680fda63ce,assessment_43465_8061300,312,OneTrust Automation,79f09a0f-fbd7-4439-9e1e-d48abe62c98e,https://Assessment/Assessment/17d130b1-ca43-443e-8663-f0680fda63ce,OTAuto02,b99df4a4-2bf5-4c08-9483-bd636470bc11,b99df4a4-2bf5-4c08-9483-bd636470bc11
9b13b7d4-c98a-4107-9a7f-e29d73e87e71,assessment_1_2495693,289,OneTrust Automation,79f09a0f-fbd7-4439-9e1e-d48abe62c98e,https://Assessment/Assessment/9b13b7d4-c98a-4107-9a7f-e29d73e87e71,OTAuto02,b99df4a4-2bf5-4c08-9483-bd636470bc11,b99df4a4-2bf5-4c08-9483-bd636470bc11
e1d2dd6b-3730-413d-a20c-f826ed4ac9f4,automation3_assessment_60537_19032026,285,OneTrust Automation,79f09a0f-fbd7-4439-9e1e-d48abe62c98e,https://Assessment/Assessment/e1d2dd6b-3730-413d-a20c-f826ed4ac9f4,OTAuto02,b99df4a4-2bf5-4c08-9483-bd636470bc11,b99df4a4-2bf5-4c08-9483-bd636470bc11
24a718bf-56be-4dac-9cf9-679da0074753,assessment_39526_2_19032026,296,OneTrust Automation,79f09a0f-fbd7-4439-9e1e-d48abe62c98e,https://Assessment/Assessment/24a718bf-56be-4dac-9cf9-679da0074753,OTAuto02,b99df4a4-2bf5-4c08-9483-bd636470bc11,b99df4a4-2bf5-4c08-9483-bd636470bc11
75751666-bdfd-443e-b361-e96bff186277,Inventory_38868_Assessment_19032026,271,OneTrust Automation,79f09a0f-fbd7-4439-9e1e-d48abe62c98e,https://Assessment/Assessment/75751666-bdfd-443e-b361-e96bff186277,OTAuto02,b99df4a4-2bf5-4c08-9483-bd636470bc11,b99df4a4-2bf5-4c08-9483-bd636470bc11
1bb89237-45cd-45a6-9b75-ea7b2a11d0fc,Assessment_7124966,269,OneTrust Automation,79f09a0f-fbd7-4439-9e1e-d48abe62c98e,https://Assessment/Assessment/1bb89237-45cd-45a6-9b75-ea7b2a11d0fc,OTAuto02,b99df4a4-2bf5-4c08-9483-bd636470bc11,b99df4a4-2bf5-4c08-9483-bd636470bc11
c0521834-7a5f-4660-8893-f6da9c55e1de,automation2_assessment_60537_19032026,273,OneTrust Automation,79f09a0f-fbd7-4439-9e1e-d48abe62c98e,https://Assessment/Assessment/c0521834-7a5f-4660-8893-f6da9c55e1de,OTAuto02,b99df4a4-2bf5-4c08-9483-bd636470bc11,b99df4a4-2bf5-4c08-9483-bd636470bc11
e07a8204-ab89-460e-a848-75ec3f560c96,assessment_2_2495693,291,OneTrust Automation,79f09a0f-fbd7-4439-9e1e-d48abe62c98e,https://Assessment/Assessment/e07a8204-ab89-460e-a848-75ec3f560c96,OTAuto02,b99df4a4-2bf5-4c08-9483-bd636470bc11,b99df4a4-2bf5-4c08-9483-bd636470bc11
9b13b7d4-c98a-4107-9a7f-e29d73e87e71,assessment_1_2495693,289,privacyofficer user,aa5e22c6-dc4f-473f-8aa5-46753f07d37d,https://Assessment/Assessment/9b13b7d4-c98a-4107-9a7f-e29d73e87e71,OTAuto02,b99df4a4-2bf5-4c08-9483-bd636470bc11,b99df4a4-2bf5-4c08-9483-bd636470bc11
32103ae5-0f3f-49d9-9663-b0958ae33845,assessment_39526_1_19032026_cogoldajrvmzgawhqjcpfopqavukdzkjsetprwuxndpvlsdfpgnmkliqijbnstrhmzmszrxcmylfwvuumycnhncxznoabacrkxsj,286,OneTrust Automation,79f09a0f-fbd7-4439-9e1e-d48abe62c98e,https://Assessment/Assessment/32103ae5-0f3f-49d9-9663-b0958ae33845,OTAuto02,b99df4a4-2bf5-4c08-9483-bd636470bc11,b99df4a4-2bf5-4c08-9483-bd636470bc11
68ea1068-d5b7-455b-8822-37b0073a568d,Assessment_Auto_1_97777_19032026,322,OneTrust Automation,79f09a0f-fbd7-4439-9e1e-d48abe62c98e,https://Assessment/Assessment/68ea1068-d5b7-455b-8822-37b0073a568d,OTAuto02,b99df4a4-2bf5-4c08-9483-bd636470bc11,b99df4a4-2bf5-4c08-9483-bd636470bc11
e07a8204-ab89-460e-a848-75ec3f560c96,assessment_2_2495693,291,privacyofficer user,aa5e22c6-dc4f-473f-8aa5-46753f07d37d,https://Assessment/Assessment/e07a8204-ab89-460e-a848-75ec3f560c96,OTAuto02,b99df4a4-2bf5-4c08-9483-bd636470bc11,b99df4a4-2bf5-4c08-9483-bd636470bc11
e5df9ec3-fa01-4985-ad65-45772bae77da,automation3_assessment_60537_19032026 - automation1_template_60537_19032026,295,OneTrust Automation,79f09a0f-fbd7-4439-9e1e-d48abe62c98e,https://Assessment/Assessment/e5df9ec3-fa01-4985-ad65-45772bae77da,OTAuto02,b99df4a4-2bf5-4c08-9483-bd636470bc11,b99df4a4-2bf5-4c08-9483-bd636470bc11
06dc8a3d-93f3-4439-bdea-c1e5d1d5fc8e,automation_project_42840_9028858,347,OneTrust Automation,79f09a0f-fbd7-4439-9e1e-d48abe62c98e,https://Assessment/Assessment/06dc8a3d-93f3-4439-bdea-c1e5d1d5fc8e,OTAuto02,b99df4a4-2bf5-4c08-9483-bd636470bc11,b99df4a4-2bf5-4c08-9483-bd636470bc11
138e67bd-8595-476c-900f-7cb016f60f45,automation_project_42843_4716816,313,OneTrust Automation,79f09a0f-fbd7-4439-9e1e-d48abe62c98e,https://Assessment/Assessment/138e67bd-8595-476c-900f-7cb016f60f45,OTAuto02,b99df4a4-2bf5-4c08-9483-bd636470bc11,b99df4a4-2bf5-4c08-9483-bd636470bc11
2781ca11-07a7-4f8d-8281-97d94e449740,Assessment_Auto_4_97777_19032026,325,OneTrust Automation,79f09a0f-fbd7-4439-9e1e-d48abe62c98e,https://Assessment/Assessment/2781ca11-07a7-4f8d-8281-97d94e449740,OTAuto02,b99df4a4-2bf5-4c08-9483-bd636470bc11,b99df4a4-2bf5-4c08-9483-bd636470bc11
2c6c64c1-3ac5-434d-a770-32a363022b1e,Assessment_Auto_2_97777_19032026,323,OneTrust Automation,79f09a0f-fbd7-4439-9e1e-d48abe62c98e,https://Assessment/Assessment/2c6c64c1-3ac5-434d-a770-32a363022b1e,OTAuto02,b99df4a4-2bf5-4c08-9483-bd636470bc11,b99df4a4-2bf5-4c08-9483-bd636470bc11
9722b1de-843f-4039-838e-e80906548fd0,Automated_Assessment_1109_19032026,331,OneTrust Automation,79f09a0f-fbd7-4439-9e1e-d48abe62c98e,https://Assessment/Assessment/9722b1de-843f-4039-838e-e80906548fd0,OTAuto02,b99df4a4-2bf5-4c08-9483-bd636470bc11,b99df4a4-2bf5-4c08-9483-bd636470bc11
9c9c81a7-0952-4976-b6df-0122f7fdc35b,Assessment_Auto_3_97777_19032026,324,OneTrust Automation,79f09a0f-fbd7-4439-9e1e-d48abe62c98e,https://Assessment/Assessment/9c9c81a7-0952-4976-b6df-0122f7fdc35b,OTAuto02,b99df4a4-2bf5-4c08-9483-bd636470bc11,b99df4a4-2bf5-4c08-9483-bd636470bc11
aba01c11-9cd9-404e-b851-2b01d65570eb,Automated_Assessment_7418065,315,privacyofficer user,aa5e22c6-dc4f-473f-8aa5-46753f07d37d,https://Assessment/Assessment/aba01c11-9cd9-404e-b851-2b01d65570eb,OTAuto02,b99df4a4-2bf5-4c08-9483-bd636470bc11,b99df4a4-2bf5-4c08-9483-bd636470bc11
aba01c11-9cd9-404e-b851-2b01d65570eb,Automated_Assessment_7418065,315,OneTrust Automation,79f09a0f-fbd7-4439-9e1e-d48abe62c98e,https://Assessment/Assessment/aba01c11-9cd9-404e-b851-2b01d65570eb,OTAuto02,b99df4a4-2bf5-4c08-9483-bd636470bc11,b99df4a4-2bf5-4c08-9483-bd636470bc11
aba01c11-9cd9-404e-b851-2b01d65570eb,Automated_Assessment_7418065,315,projectowner user,da43fe2d-46b8-4d39-8174-b857cd048aa4,https://Assessment/Assessment/aba01c11-9cd9-404e-b851-2b01d65570eb,OTAuto02,b99df4a4-2bf5-4c08-9483-bd636470bc11,b99df4a4-2bf5-4c08-9483-bd636470bc11
b12fedd9-89cb-4929-a17e-d7e4bb10909a,Assessment_30058_7160678,348,projectowner user,da43fe2d-46b8-4d39-8174-b857cd048aa4,https://Assessment/Assessment/b12fedd9-89cb-4929-a17e-d7e4bb10909a,OTAuto02,b99df4a4-2bf5-4c08-9483-bd636470bc11,b99df4a4-2bf5-4c08-9483-bd636470bc11
bc4f96ce-e437-4a58-b409-54c1f985b645,assessment_43465_6291137,345,OneTrust Automation,79f09a0f-fbd7-4439-9e1e-d48abe62c98e,https://Assessment/Assessment/bc4f96ce-e437-4a58-b409-54c1f985b645,OTAuto02,b99df4a4-2bf5-4c08-9483-bd636470bc11,b99df4a4-2bf5-4c08-9483-bd636470bc11
cee60151-ccb4-4980-ac6e-31ab727e34e9,Automated_Assessment_68587_1132672,326,OneTrust Automation,79f09a0f-fbd7-4439-9e1e-d48abe62c98e,https://Assessment/Assessment/cee60151-ccb4-4980-ac6e-31ab727e34e9,OTAuto02,b99df4a4-2bf5-4c08-9483-bd636470bc11,b99df4a4-2bf5-4c08-9483-bd636470bc11
cf6bea02-7128-4e98-8e74-32079e141fd8,Assessment_7580_19032026,344,OneTrust Automation,79f09a0f-fbd7-4439-9e1e-d48abe62c98e,https://Assessment/Assessment/cf6bea02-7128-4e98-8e74-32079e141fd8,OTAuto02,b99df4a4-2bf5-4c08-9483-bd636470bc11,b99df4a4-2bf5-4c08-9483-bd636470bc11
cfaf12a5-4589-4fd7-8d87-a0a9ac298ed5,Automated_Assessment_7546_19032026,338,OneTrust Automation,79f09a0f-fbd7-4439-9e1e-d48abe62c98e,https://Assessment/Assessment/cfaf12a5-4589-4fd7-8d87-a0a9ac298ed5,OTAuto02,b99df4a4-2bf5-4c08-9483-bd636470bc11,b99df4a4-2bf5-4c08-9483-bd636470bc11
e73c3e74-d943-455d-b283-b0fb0cfd4666,automated_assessment_Bulk_1_7365663,328,projectowner user,da43fe2d-46b8-4d39-8174-b857cd048aa4,https://Assessment/Assessment/e73c3e74-d943-455d-b283-b0fb0cfd4666,OTAuto02,b99df4a4-2bf5-4c08-9483-bd636470bc11,b99df4a4-2bf5-4c08-9483-bd636470bc11
f5067ba5-9953-436c-8849-ee3856f8165f,Automated_Assessment_02_5171547,340,proj_5171547 viewer_5171547,e3700a48-e97e-49b2-a1a4-2d207ae00140,https://Assessment/Assessment/f5067ba5-9953-436c-8849-ee3856f8165f,OTAuto02,b99df4a4-2bf5-4c08-9483-bd636470bc11,b99df4a4-2bf5-4c08-9483-bd636470bc11
b7bb3e24-59fd-4465-ae57-7b6399bf6b68,automation_assessment_6827396,377,OneTrust Automation,79f09a0f-fbd7-4439-9e1e-d48abe62c98e,https://Assessment/Assessment/b7bb3e24-59fd-4465-ae57-7b6399bf6b68,OTAuto02,b99df4a4-2bf5-4c08-9483-bd636470bc11,b99df4a4-2bf5-4c08-9483-bd636470bc11
48d11c7f-2c0a-460a-be3a-76791ade4c98,Automated_Assessment_829240,362,onettenant+44687_829240@svc.onetrust.com,7178b7c5-e0f1-41be-99dc-b9eb1f04b524,https://Assessment/Assessment/48d11c7f-2c0a-460a-be3a-76791ade4c98,OTAuto02,b99df4a4-2bf5-4c08-9483-bd636470bc11,b99df4a4-2bf5-4c08-9483-bd636470bc11
05baa95e-43e3-4de4-a547-084c0a2c5cc9,assessment_1_1952760,366,OneTrust Automation,79f09a0f-fbd7-4439-9e1e-d48abe62c98e,https://Assessment/Assessment/05baa95e-43e3-4de4-a547-084c0a2c5cc9,OTAuto02,b99df4a4-2bf5-4c08-9483-bd636470bc11,b99df4a4-2bf5-4c08-9483-bd636470bc11
b65cd708-0405-4cfd-9714-00a3e647014d,Automated_Assessment_65056_658820,371,onettenant+65056_658820@svc.onetrust.com,aa3fe829-a4fa-45d6-9e93-afb690cbaad9,https://Assessment/Assessment/b65cd708-0405-4cfd-9714-00a3e647014d,OTAuto02,b99df4a4-2bf5-4c08-9483-bd636470bc11,b99df4a4-2bf5-4c08-9483-bd636470bc11
c6d1108f-0d6e-496e-b198-401c471ef5bd,automation_project_42833_6300990,351,OneTrust Automation,79f09a0f-fbd7-4439-9e1e-d48abe62c98e,https://Assessment/Assessment/c6d1108f-0d6e-496e-b198-401c471ef5bd,OTAuto02,b99df4a4-2bf5-4c08-9483-bd636470bc11,b99df4a4-2bf5-4c08-9483-bd636470bc11
cee0b44c-d184-4313-ade3-c2860612facb,Assessment_5250521,369,OneTrust Automation,79f09a0f-fbd7-4439-9e1e-d48abe62c98e,https://Assessment/Assessment/cee0b44c-d184-4313-ade3-c2860612facb,OTAuto02,b99df4a4-2bf5-4c08-9483-bd636470bc11,b99df4a4-2bf5-4c08-9483-bd636470bc11
00d96ae2-1461-4415-ab0b-b9008694cd9e,automation_assessment_40878_7552576,384,OneTrust Automation,79f09a0f-fbd7-4439-9e1e-d48abe62c98e,https://Assessment/Assessment/00d96ae2-1461-4415-ab0b-b9008694cd9e,OTAuto02,b99df4a4-2bf5-4c08-9483-bd636470bc11,b99df4a4-2bf5-4c08-9483-bd636470bc11
11bc8c79-83ce-425d-8af4-7fe4618270c0,automation_project_42832_4826473,390,OneTrust Automation,79f09a0f-fbd7-4439-9e1e-d48abe62c98e,https://Assessment/Assessment/11bc8c79-83ce-425d-8af4-7fe4618270c0,OTAuto02,b99df4a4-2bf5-4c08-9483-bd636470bc11,b99df4a4-2bf5-4c08-9483-bd636470bc11
1d0e1a2b-b0eb-4f65-9060-059bf4420e16,Automated_Assessment_3036941,405,onettenant+73828_3036941@svc.onetrust.com,f8f0e1dd-c337-4d81-9511-e572012c2d4a,https://Assessment/Assessment/1d0e1a2b-b0eb-4f65-9060-059bf4420e16,OTAuto02,b99df4a4-2bf5-4c08-9483-bd636470bc11,b99df4a4-2bf5-4c08-9483-bd636470bc11
6f65c673-53f7-44ff-ba39-764b10ce6aa9,Automated_Assessment_4045956,388,privacyofficer user,aa5e22c6-dc4f-473f-8aa5-46753f07d37d,https://Assessment/Assessment/6f65c673-53f7-44ff-ba39-764b10ce6aa9,OTAuto02,b99df4a4-2bf5-4c08-9483-bd636470bc11,b99df4a4-2bf5-4c08-9483-bd636470bc11
b8e45c3e-f9d1-4df0-b34d-776bc275d2cc,Automated_Assessment_1_4045956,396,Admin_4045956 CustomUser,5b091c12-6239-4b90-ae23-d78cd2ab822b,https://Assessment/Assessment/b8e45c3e-f9d1-4df0-b34d-776bc275d2cc,OTAuto02,b99df4a4-2bf5-4c08-9483-bd636470bc11,b99df4a4-2bf5-4c08-9483-bd636470bc11
ba08cd4f-e7cd-49af-926e-6524c9a3703c,Assessment_40077_2793529,398,OneTrust Automation,79f09a0f-fbd7-4439-9e1e-d48abe62c98e,https://Assessment/Assessment/ba08cd4f-e7cd-49af-926e-6524c9a3703c,OTAuto02,b99df4a4-2bf5-4c08-9483-bd636470bc11,b99df4a4-2bf5-4c08-9483-bd636470bc11
bcdde726-874a-4a77-8859-75506a91f243,automation_project_42831_1484371,379,OneTrust Automation,79f09a0f-fbd7-4439-9e1e-d48abe62c98e,https://Assessment/Assessment/bcdde726-874a-4a77-8859-75506a91f243,OTAuto02,b99df4a4-2bf5-4c08-9483-bd636470bc11,b99df4a4-2bf5-4c08-9483-bd636470bc11
cef432d6-1eca-4817-9a1e-aef69ee35487,Automated_Assessment_4745397,406,OneTrust Automation,79f09a0f-fbd7-4439-9e1e-d48abe62c98e,https://Assessment/Assessment/cef432d6-1eca-4817-9a1e-aef69ee35487,OTAuto02,b99df4a4-2bf5-4c08-9483-bd636470bc11,b99df4a4-2bf5-4c08-9483-bd636470bc11
db1e2e77-f445-403e-8234-106a0ba3a3da,Assessment_41139_8439036,394,OneTrust Automation,79f09a0f-fbd7-4439-9e1e-d48abe62c98e,https://Assessment/Assessment/db1e2e77-f445-403e-8234-106a0ba3a3da,OTAuto02,b99df4a4-2bf5-4c08-9483-bd636470bc11,b99df4a4-2bf5-4c08-9483-bd636470bc11
eb99e101-5f24-4bd4-9a1f-90d66660210b,Automated_Assessment_2308556,381,onettenant1587+2308556@svc.onetrust.com,5feeed74-0fc4-40fd-9e3a-db64e917db2a,https://Assessment/Assessment/eb99e101-5f24-4bd4-9a1f-90d66660210b,OTAuto02,b99df4a4-2bf5-4c08-9483-bd636470bc11,b99df4a4-2bf5-4c08-9483-bd636470bc11
eff0dc69-b1b7-4684-8edc-8e0abb001cfc,Automated_Assessment_5525_2704970,378,OneTrust Automation,79f09a0f-fbd7-4439-9e1e-d48abe62c98e,https://Assessment/Assessment/eff0dc69-b1b7-4684-8edc-8e0abb001cfc,OTAuto02,b99df4a4-2bf5-4c08-9483-bd636470bc11,b99df4a4-2bf5-4c08-9483-bd636470bc11
f205988f-e639-4280-913d-ea1064e03e57,automated_assessment_3491_9218749,383,OneTrust Automation,79f09a0f-fbd7-4439-9e1e-d48abe62c98e,https://Assessment/Assessment/f205988f-e639-4280-913d-ea1064e03e57,OTAuto02,b99df4a4-2bf5-4c08-9483-bd636470bc11,b99df4a4-2bf5-4c08-9483-bd636470bc11
fc541012-c9f6-4961-bece-a0830ca87e2f,processing-activities_41163_4994536,404,privacyofficer user,aa5e22c6-dc4f-473f-8aa5-46753f07d37d,https://Assessment/Assessment/fc541012-c9f6-4961-bece-a0830ca87e2f,OTAuto02,b99df4a4-2bf5-4c08-9483-bd636470bc11,b99df4a4-2bf5-4c08-9483-bd636470bc11
121b2c45-86a3-4e88-8ef1-d3a3c97d54c6,Automated_Assessment_6248335,416,fn2_6248335 ln2_6248335,81b31884-aef4-4f3d-bf24-832397cf5703,https://Assessment/Assessment/121b2c45-86a3-4e88-8ef1-d3a3c97d54c6,OTAuto02,b99df4a4-2bf5-4c08-9483-bd636470bc11,b99df4a4-2bf5-4c08-9483-bd636470bc11
248588c7-9f38-4ab5-92f2-e161230a6ce4,assessment_40780_2739127,414,OneTrust Automation,79f09a0f-fbd7-4439-9e1e-d48abe62c98e,https://Assessment/Assessment/248588c7-9f38-4ab5-92f2-e161230a6ce4,OTAuto02,b99df4a4-2bf5-4c08-9483-bd636470bc11,b99df4a4-2bf5-4c08-9483-bd636470bc11
3ba5e3bd-c8cd-4d5d-8290-b530c0184193,assessmentExportResponses_4326765,417,projectowner user,da43fe2d-46b8-4d39-8174-b857cd048aa4,https://Assessment/Assessment/3ba5e3bd-c8cd-4d5d-8290-b530c0184193,OTAuto02,b99df4a4-2bf5-4c08-9483-bd636470bc11,b99df4a4-2bf5-4c08-9483-bd636470bc11
41b61fbe-62b6-42b2-9915-b8bcbecc6472,automation_control_assessment_6530177,410,OneTrust Automation,79f09a0f-fbd7-4439-9e1e-d48abe62c98e,https://Assessment/Assessment/41b61fbe-62b6-42b2-9915-b8bcbecc6472,OTAuto02,b99df4a4-2bf5-4c08-9483-bd636470bc11,b99df4a4-2bf5-4c08-9483-bd636470bc11
41b61fbe-62b6-42b2-9915-b8bcbecc6472,automation_control_assessment_6530177,410,projectowner user,da43fe2d-46b8-4d39-8174-b857cd048aa4,https://Assessment/Assessment/41b61fbe-62b6-42b2-9915-b8bcbecc6472,OTAuto02,b99df4a4-2bf5-4c08-9483-bd636470bc11,b99df4a4-2bf5-4c08-9483-bd636470bc11
7e50cf11-96dd-43b0-9dc1-2256c8b11a3b,Automated_Assessment_7513294,422,privacyofficer user,aa5e22c6-dc4f-473f-8aa5-46753f07d37d,https://Assessment/Assessment/7e50cf11-96dd-43b0-9dc1-2256c8b11a3b,OTAuto02,b99df4a4-2bf5-4c08-9483-bd636470bc11,b99df4a4-2bf5-4c08-9483-bd636470bc11
7e50cf11-96dd-43b0-9dc1-2256c8b11a3b,Automated_Assessment_7513294,422,projectowner user,da43fe2d-46b8-4d39-8174-b857cd048aa4,https://Assessment/Assessment/7e50cf11-96dd-43b0-9dc1-2256c8b11a3b,OTAuto02,b99df4a4-2bf5-4c08-9483-bd636470bc11,b99df4a4-2bf5-4c08-9483-bd636470bc11
83bed76c-aa5f-4ae0-ab17-1729aa9c3fd2,Automated_Assessment_63076_1497112,427,OneTrust Automation,79f09a0f-fbd7-4439-9e1e-d48abe62c98e,https://Assessment/Assessment/83bed76c-aa5f-4ae0-ab17-1729aa9c3fd2,OTAuto02,b99df4a4-2bf5-4c08-9483-bd636470bc11,b99df4a4-2bf5-4c08-9483-bd636470bc11
89c7a860-fa99-47e7-9622-f5e337806a48,Assessment_1_8635093,421,onettenant+1234_8635093@svc.onetrust.com,762a59fe-9c37-49c0-a040-c6bbb41751be,https://Assessment/Assessment/89c7a860-fa99-47e7-9622-f5e337806a48,OTAuto02,b99df4a4-2bf5-4c08-9483-bd636470bc11,b99df4a4-2bf5-4c08-9483-bd636470bc11
ea34cd2b-1901-46c9-8706-2dc9d111f6be,Assessment_1_1401121,413,onettenant+1401121@svc.onetrust.com,feb2bbbd-0a4c-4111-9033-b22b4bb4b598,https://Assessment/Assessment/ea34cd2b-1901-46c9-8706-2dc9d111f6be,OTAuto02,b99df4a4-2bf5-4c08-9483-bd636470bc11,b99df4a4-2bf5-4c08-9483-bd636470bc11
b0c7cd8e-394e-452b-ab3c-66ec74d60720,Automated_Assessment_5815_3150102,432,OneTrust Automation,79f09a0f-fbd7-4439-9e1e-d48abe62c98e,https://Assessment/Assessment/b0c7cd8e-394e-452b-ab3c-66ec74d60720,OTAuto02,b99df4a4-2bf5-4c08-9483-bd636470bc11,b99df4a4-2bf5-4c08-9483-bd636470bc11
d2ff457e-bda6-4b1a-b523-b2c245044f7e,Automated_Assessment_9074141,441,OneTrust Automation,79f09a0f-fbd7-4439-9e1e-d48abe62c98e,https://Assessment/Assessment/d2ff457e-bda6-4b1a-b523-b2c245044f7e,OTAuto02,b99df4a4-2bf5-4c08-9483-bd636470bc11,b99df4a4-2bf5-4c08-9483-bd636470bc11
89decbc9-eab8-47a2-82e5-8ab8d3c4a986,Automated_Assessment_57362_3238795,454,OneTrust Automation,79f09a0f-fbd7-4439-9e1e-d48abe62c98e,https://Assessment/Assessment/89decbc9-eab8-47a2-82e5-8ab8d3c4a986,OTAuto02,b99df4a4-2bf5-4c08-9483-bd636470bc11,b99df4a4-2bf5-4c08-9483-bd636470bc11
1f4ebcc6-dba0-400b-a60e-fbba17a458d1,Automated_Assessment_8742875,440,projectowner user,da43fe2d-46b8-4d39-8174-b857cd048aa4,https://Assessment/Assessment/1f4ebcc6-dba0-400b-a60e-fbba17a458d1,OTAuto02,b99df4a4-2bf5-4c08-9483-bd636470bc11,b99df4a4-2bf5-4c08-9483-bd636470bc11
cca4bc36-cf42-45e4-a90b-f660fee602cb,Automated_Assessment_6393065,442,OneTrust Automation,79f09a0f-fbd7-4439-9e1e-d48abe62c98e,https://Assessment/Assessment/cca4bc36-cf42-45e4-a90b-f660fee602cb,OTAuto02,b99df4a4-2bf5-4c08-9483-bd636470bc11,b99df4a4-2bf5-4c08-9483-bd636470bc11
1f4ebcc6-dba0-400b-a60e-fbba17a458d1,Automated_Assessment_8742875,440,OneTrust Automation,79f09a0f-fbd7-4439-9e1e-d48abe62c98e,https://Assessment/Assessment/1f4ebcc6-dba0-400b-a60e-fbba17a458d1,OTAuto02,b99df4a4-2bf5-4c08-9483-bd636470bc11,b99df4a4-2bf5-4c08-9483-bd636470bc11
1f4ebcc6-dba0-400b-a60e-fbba17a458d1,Automated_Assessment_8742875,440,onettenant+Invited_user_8742875@svc.onetrust.com,2f698aa6-5c8e-4157-ab5f-958c29a54ec8,https://Assessment/Assessment/1f4ebcc6-dba0-400b-a60e-fbba17a458d1,OTAuto02,b99df4a4-2bf5-4c08-9483-bd636470bc11,b99df4a4-2bf5-4c08-9483-bd636470bc11
7910dc5a-b2e0-4765-98e8-72911db61a27,asset_1354781 - automation_template_7630671,467,privacyofficer user,aa5e22c6-dc4f-473f-8aa5-46753f07d37d,https://Assessment/Assessment/7910dc5a-b2e0-4765-98e8-72911db61a27,OTAuto02,b99df4a4-2bf5-4c08-9483-bd636470bc11,b99df4a4-2bf5-4c08-9483-bd636470bc11
f2f23432-bb23-4723-946b-6c03bd8b5fe4,assessment_5900103,478,User_1_5900103 PrivacyOfficer,09a4c0ef-e713-45c2-b8ae-e7b7701ff0d0,https://Assessment/Assessment/f2f23432-bb23-4723-946b-6c03bd8b5fe4,OTAuto02,b99df4a4-2bf5-4c08-9483-bd636470bc11,b99df4a4-2bf5-4c08-9483-bd636470bc11
051eaed9-d425-490a-ab4f-87fc43f7249d,Automated_Assessment_5923325,485,OneTrust Automation,79f09a0f-fbd7-4439-9e1e-d48abe62c98e,https://Assessment/Assessment/051eaed9-d425-490a-ab4f-87fc43f7249d,OTAuto02,b99df4a4-2bf5-4c08-9483-bd636470bc11,b99df4a4-2bf5-4c08-9483-bd636470bc11
2387481e-327d-4bf7-b867-4d93d721e5f3,asset_41165_01_386074,472,privacyofficer user,aa5e22c6-dc4f-473f-8aa5-46753f07d37d,https://Assessment/Assessment/2387481e-327d-4bf7-b867-4d93d721e5f3,OTAuto02,b99df4a4-2bf5-4c08-9483-bd636470bc11,b99df4a4-2bf5-4c08-9483-bd636470bc11
05e1a9f4-c9da-49c8-96ad-7179bb15a8eb,Inventory_Assessment_5453446 - Template_5453446,492,OneTrust Automation,79f09a0f-fbd7-4439-9e1e-d48abe62c98e,https://Assessment/Assessment/05e1a9f4-c9da-49c8-96ad-7179bb15a8eb,OTAuto02,b99df4a4-2bf5-4c08-9483-bd636470bc11,b99df4a4-2bf5-4c08-9483-bd636470bc11
0e334559-ee25-4464-890b-38d8825475d6,asset_7630671 - automation_template_7630671,466,privacyofficer user,aa5e22c6-dc4f-473f-8aa5-46753f07d37d,https://Assessment/Assessment/0e334559-ee25-4464-890b-38d8825475d6,OTAuto02,b99df4a4-2bf5-4c08-9483-bd636470bc11,b99df4a4-2bf5-4c08-9483-bd636470bc11
a821ecee-d420-419a-9612-987a98fe99e9,automated_assessment_9237858,493,privacyofficer user,aa5e22c6-dc4f-473f-8aa5-46753f07d37d,https://Assessment/Assessment/a821ecee-d420-419a-9612-987a98fe99e9,OTAuto02,b99df4a4-2bf5-4c08-9483-bd636470bc11,b99df4a4-2bf5-4c08-9483-bd636470bc11
acb94bdc-ed04-44cf-a267-ff061d8ede92,Automated_Assessment_7548484,445,OneTrust Automation,79f09a0f-fbd7-4439-9e1e-d48abe62c98e,https://Assessment/Assessment/acb94bdc-ed04-44cf-a267-ff061d8ede92,OTAuto02,b99df4a4-2bf5-4c08-9483-bd636470bc11,b99df4a4-2bf5-4c08-9483-bd636470bc11
cf372f64-91fe-4c74-a1e4-ca6746bab6c4,Automated_Assessment_9395745,489,OneTrust Automation,79f09a0f-fbd7-4439-9e1e-d48abe62c98e,https://Assessment/Assessment/cf372f64-91fe-4c74-a1e4-ca6746bab6c4,OTAuto02,b99df4a4-2bf5-4c08-9483-bd636470bc11,b99df4a4-2bf5-4c08-9483-bd636470bc11
e2834971-c691-4875-b340-fe167b941d28,Automated_Assessment_68751_6046113,469,OneTrust Automation,79f09a0f-fbd7-4439-9e1e-d48abe62c98e,https://Assessment/Assessment/e2834971-c691-4875-b340-fe167b941d28,OTAuto02,b99df4a4-2bf5-4c08-9483-bd636470bc11,b99df4a4-2bf5-4c08-9483-bd636470bc11
6c9b267a-2699-4320-b6c2-d524ec001ad4,Assessment_1_5234746,468,onettenant+5234746@svc.onetrust.com,07410833-adaf-416e-8018-811b2a4fda30,https://Assessment/Assessment/6c9b267a-2699-4320-b6c2-d524ec001ad4,OTAuto02,b99df4a4-2bf5-4c08-9483-bd636470bc11,b99df4a4-2bf5-4c08-9483-bd636470bc11
962982cc-574b-494d-9660-476aac16faed,Automated_Assessment_8903026,473,onettenant+73828_8903026@svc.onetrust.com,3ec22fc9-63c7-4f0e-8aae-1babf970a459,https://Assessment/Assessment/962982cc-574b-494d-9660-476aac16faed,OTAuto02,b99df4a4-2bf5-4c08-9483-bd636470bc11,b99df4a4-2bf5-4c08-9483-bd636470bc11
acb94bdc-ed04-44cf-a267-ff061d8ede92,Automated_Assessment_7548484,445,privacyofficer user,aa5e22c6-dc4f-473f-8aa5-46753f07d37d,https://Assessment/Assessment/acb94bdc-ed04-44cf-a267-ff061d8ede92,OTAuto02,b99df4a4-2bf5-4c08-9483-bd636470bc11,b99df4a4-2bf5-4c08-9483-bd636470bc11
acb94bdc-ed04-44cf-a267-ff061d8ede92,Automated_Assessment_7548484,445,projectowner user,da43fe2d-46b8-4d39-8174-b857cd048aa4,https://Assessment/Assessment/acb94bdc-ed04-44cf-a267-ff061d8ede92,OTAuto02,b99df4a4-2bf5-4c08-9483-bd636470bc11,b99df4a4-2bf5-4c08-9483-bd636470bc11
5213178f-7139-423b-968a-ea48ec7e1c43,Automated_Assessment_6668471,479,OneTrust Automation,79f09a0f-fbd7-4439-9e1e-d48abe62c98e,https://Assessment/Assessment/5213178f-7139-423b-968a-ea48ec7e1c43,OTAuto02,b99df4a4-2bf5-4c08-9483-bd636470bc11,b99df4a4-2bf5-4c08-9483-bd636470bc11
cd8a2f2d-2d29-4915-9447-a7f50ca5257e,Automated_Assessment_2781937,495,OneTrust Automation,79f09a0f-fbd7-4439-9e1e-d48abe62c98e,https://Assessment/Assessment/cd8a2f2d-2d29-4915-9447-a7f50ca5257e,OTAuto02,b99df4a4-2bf5-4c08-9483-bd636470bc11,b99df4a4-2bf5-4c08-9483-bd636470bc11
051eaed9-d425-490a-ab4f-87fc43f7249d,Automated_Assessment_5923325,485,privacyofficer user,aa5e22c6-dc4f-473f-8aa5-46753f07d37d,https://Assessment/Assessment/051eaed9-d425-490a-ab4f-87fc43f7249d,OTAuto02,b99df4a4-2bf5-4c08-9483-bd636470bc11,b99df4a4-2bf5-4c08-9483-bd636470bc11
646fd1e8-42e1-40af-8666-34e6d896a2d7,automation_project_78083_9834962,487,projectowner user,da43fe2d-46b8-4d39-8174-b857cd048aa4,https://Assessment/Assessment/646fd1e8-42e1-40af-8666-34e6d896a2d7,OTAuto02,b99df4a4-2bf5-4c08-9483-bd636470bc11,b99df4a4-2bf5-4c08-9483-bd636470bc11
9a9ff45f-56ad-4b73-85a1-12606365f897,automation_project_42480_8069884,476,OneTrust Automation,79f09a0f-fbd7-4439-9e1e-d48abe62c98e,https://Assessment/Assessment/9a9ff45f-56ad-4b73-85a1-12606365f897,OTAuto02,b99df4a4-2bf5-4c08-9483-bd636470bc11,b99df4a4-2bf5-4c08-9483-bd636470bc11
bf28e62a-6ef4-482a-9e3e-2430129c383f,automated_assessment_40201_322878,464,OneTrust Automation,79f09a0f-fbd7-4439-9e1e-d48abe62c98e,https://Assessment/Assessment/bf28e62a-6ef4-482a-9e3e-2430129c383f,OTAuto02,b99df4a4-2bf5-4c08-9483-bd636470bc11,b99df4a4-2bf5-4c08-9483-bd636470bc11
3dc8f62d-a2b6-448f-b43b-46eeba7bdea1,Assessment_1944484,499,OneTrust Automation,79f09a0f-fbd7-4439-9e1e-d48abe62c98e,https://Assessment/Assessment/3dc8f62d-a2b6-448f-b43b-46eeba7bdea1,OTAuto02,b99df4a4-2bf5-4c08-9483-bd636470bc11,b99df4a4-2bf5-4c08-9483-bd636470bc11
98380d56-4af6-4fcb-95f0-f6c62979a4c0,Assessment_4197915,513,UserGroup1_18654197915,4f1ec9f7-c236-43a9-81fb-8cd0610faf49,https://Assessment/Assessment/98380d56-4af6-4fcb-95f0-f6c62979a4c0,OTAuto02,b99df4a4-2bf5-4c08-9483-bd636470bc11,b99df4a4-2bf5-4c08-9483-bd636470bc11
2cffa370-5c80-4fbf-a730-3764afe19689,automation_assessment3_7598504,488,OneTrust Automation,79f09a0f-fbd7-4439-9e1e-d48abe62c98e,https://Assessment/Assessment/2cffa370-5c80-4fbf-a730-3764afe19689,OTAuto02,b99df4a4-2bf5-4c08-9483-bd636470bc11,b99df4a4-2bf5-4c08-9483-bd636470bc11
b72b0299-8809-4839-a59f-3f5e1caf5bce,automation_project_42835_4730863,516,OneTrust Automation,79f09a0f-fbd7-4439-9e1e-d48abe62c98e,https://Assessment/Assessment/b72b0299-8809-4839-a59f-3f5e1caf5bce,OTAuto02,b99df4a4-2bf5-4c08-9483-bd636470bc11,b99df4a4-2bf5-4c08-9483-bd636470bc11
80225a93-d391-4693-9ce3-4b347cd7402a,Automated_Assessment_9359290,515,projectowner user,da43fe2d-46b8-4d39-8174-b857cd048aa4,https://Assessment/Assessment/80225a93-d391-4693-9ce3-4b347cd7402a,OTAuto02,b99df4a4-2bf5-4c08-9483-bd636470bc11,b99df4a4-2bf5-4c08-9483-bd636470bc11
0f078b7a-a064-444d-a56b-d8c49aee11c0,automation_assessment_49311_1516454,512,onettenant+49311_1516454@svc.onetrust.com,f8f5675e-019e-4563-8135-8ce29705816d,https://Assessment/Assessment/0f078b7a-a064-444d-a56b-d8c49aee11c0,OTAuto02,b99df4a4-2bf5-4c08-9483-bd636470bc11,b99df4a4-2bf5-4c08-9483-bd636470bc11
80225a93-d391-4693-9ce3-4b347cd7402a,Automated_Assessment_9359290,515,privacyofficer user,aa5e22c6-dc4f-473f-8aa5-46753f07d37d,https://Assessment/Assessment/80225a93-d391-4693-9ce3-4b347cd7402a,OTAuto02,b99df4a4-2bf5-4c08-9483-bd636470bc11,b99df4a4-2bf5-4c08-9483-bd636470bc11
80225a93-d391-4693-9ce3-4b347cd7402a,Automated_Assessment_9359290,515,OneTrust Automation,79f09a0f-fbd7-4439-9e1e-d48abe62c98e,https://Assessment/Assessment/80225a93-d391-4693-9ce3-4b347cd7402a,OTAuto02,b99df4a4-2bf5-4c08-9483-bd636470bc11,b99df4a4-2bf5-4c08-9483-bd636470bc11
179169b1-a4e5-4c0b-869f-8e7886c5b4f4,Automated_Assessment_68753_8973283,527,OneTrust Automation,79f09a0f-fbd7-4439-9e1e-d48abe62c98e,https://Assessment/Assessment/179169b1-a4e5-4c0b-869f-8e7886c5b4f4,OTAuto02,b99df4a4-2bf5-4c08-9483-bd636470bc11,b99df4a4-2bf5-4c08-9483-bd636470bc11
2eda4e7a-58a4-4a2e-ad3a-aa836942da99,automated_assessment_40643_8386608,535,OneTrust Automation,79f09a0f-fbd7-4439-9e1e-d48abe62c98e,https://Assessment/Assessment/2eda4e7a-58a4-4a2e-ad3a-aa836942da99,OTAuto02,b99df4a4-2bf5-4c08-9483-bd636470bc11,b99df4a4-2bf5-4c08-9483-bd636470bc11
662f239d-a120-4ece-8221-e203ba731218,control_6235264_assessment_6235264,538,OneTrust Automation,79f09a0f-fbd7-4439-9e1e-d48abe62c98e,https://Assessment/Assessment/662f239d-a120-4ece-8221-e203ba731218,OTAuto02,b99df4a4-2bf5-4c08-9483-bd636470bc11,b99df4a4-2bf5-4c08-9483-bd636470bc11
66778ce1-2511-47a7-815f-06dcc1aef73a,Automated_Assessment_1646846,540,projectowner user,da43fe2d-46b8-4d39-8174-b857cd048aa4,https://Assessment/Assessment/66778ce1-2511-47a7-815f-06dcc1aef73a,OTAuto02,b99df4a4-2bf5-4c08-9483-bd636470bc11,b99df4a4-2bf5-4c08-9483-bd636470bc11
8c2f728e-e11f-4ff6-abc7-b34b4eac75e0,Assessment_01_4197915,522,first1_18654197915 last1_18654197915,d4836c0e-8182-4717-ad49-b978438ab713,https://Assessment/Assessment/8c2f728e-e11f-4ff6-abc7-b34b4eac75e0,OTAuto02,b99df4a4-2bf5-4c08-9483-bd636470bc11,b99df4a4-2bf5-4c08-9483-bd636470bc11
c6ddec54-ace1-4d8f-8d50-c098803df9a6,Reassess_Assessment_8873513,531,OneTrust Automation,79f09a0f-fbd7-4439-9e1e-d48abe62c98e,https://Assessment/Assessment/c6ddec54-ace1-4d8f-8d50-c098803df9a6,OTAuto02,b99df4a4-2bf5-4c08-9483-bd636470bc11,b99df4a4-2bf5-4c08-9483-bd636470bc11
b33cb346-0825-4f15-95db-9e6c6134be25,assessment_9738141,549,onettenant+9738141@svc.onetrust.com,544f27ae-5057-4b8a-ad16-15ba687ea655,https://Assessment/Assessment/b33cb346-0825-4f15-95db-9e6c6134be25,OTAuto02,b99df4a4-2bf5-4c08-9483-bd636470bc11,b99df4a4-2bf5-4c08-9483-bd636470bc11
561f82d5-4fe6-411f-b530-d6fddff4e472,assessment_1041485,544,OneTrust Automation,79f09a0f-fbd7-4439-9e1e-d48abe62c98e,https://Assessment/Assessment/561f82d5-4fe6-411f-b530-d6fddff4e472,OTAuto02,b99df4a4-2bf5-4c08-9483-bd636470bc11,b99df4a4-2bf5-4c08-9483-bd636470bc11
a69bade9-6867-403f-ade9-cc28505e0791,assessment_1_5633969 - Template_5633969,554,user_5633969 PO,ccc02cfa-82e2-4aad-9027-ae39227632d6,https://Assessment/Assessment/a69bade9-6867-403f-ade9-cc28505e0791,asset_org_1,6b055818-7a4a-497c-a9ba-407530f4a17d,6b055818-7a4a-497c-a9ba-407530f4a17d
a69bade9-6867-403f-ade9-cc28505e0791,assessment_1_5633969 - Template_5633969,554,user_5633969 PO,ccc02cfa-82e2-4aad-9027-ae39227632d6,https://Assessment/Assessment/a69bade9-6867-403f-ade9-cc28505e0791,asset_org_1,6b055818-7a4a-497c-a9ba-407530f4a17d,b99df4a4-2bf5-4c08-9483-bd636470bc11
b33cb346-0825-4f15-95db-9e6c6134be25,assessment_9738141,549,projectowner user,da43fe2d-46b8-4d39-8174-b857cd048aa4,https://Assessment/Assessment/b33cb346-0825-4f15-95db-9e6c6134be25,OTAuto02,b99df4a4-2bf5-4c08-9483-bd636470bc11,b99df4a4-2bf5-4c08-9483-bd636470bc11
b33cb346-0825-4f15-95db-9e6c6134be25,assessment_9738141,549,privacyofficer user,aa5e22c6-dc4f-473f-8aa5-46753f07d37d,https://Assessment/Assessment/b33cb346-0825-4f15-95db-9e6c6134be25,OTAuto02,b99df4a4-2bf5-4c08-9483-bd636470bc11,b99df4a4-2bf5-4c08-9483-bd636470bc11
990e0513-76ca-40ab-ba95-b73b01a8ad6c,assessment_42253_9677085,548,privacyofficer user,aa5e22c6-dc4f-473f-8aa5-46753f07d37d,https://Assessment/Assessment/990e0513-76ca-40ab-ba95-b73b01a8ad6c,OTAuto02,b99df4a4-2bf5-4c08-9483-bd636470bc11,b99df4a4-2bf5-4c08-9483-bd636470bc11
048f02c2-e6ed-4193-bd95-757476ac7ba0,assessment_2242092,597,otautotenant01+2242092@svc.onetrust.com,13e09438-029a-428d-ac9b-53abddb8ce54,https://Assessment/Assessment/048f02c2-e6ed-4193-bd95-757476ac7ba0,OTAuto02,b99df4a4-2bf5-4c08-9483-bd636470bc11,b99df4a4-2bf5-4c08-9483-bd636470bc11
095003e7-967a-4690-a0e5-10f7913ba016,automation_project_42838_3199877,602,OneTrust Automation,79f09a0f-fbd7-4439-9e1e-d48abe62c98e,https://Assessment/Assessment/095003e7-967a-4690-a0e5-10f7913ba016,OTAuto02,b99df4a4-2bf5-4c08-9483-bd636470bc11,b99df4a4-2bf5-4c08-9483-bd636470bc11
0b1b81b2-1379-4dc3-8387-d7c76e835498,vendor_9230793 - automation_template_2865658,576,privacyofficer user,aa5e22c6-dc4f-473f-8aa5-46753f07d37d,https://Assessment/Assessment/0b1b81b2-1379-4dc3-8387-d7c76e835498,OTAuto02,b99df4a4-2bf5-4c08-9483-bd636470bc11,b99df4a4-2bf5-4c08-9483-bd636470bc11
0be0eb7a-5721-4c2b-8098-31c413f72e83,vendor_2292747 - automation_template_2865658,563,privacyofficer user,aa5e22c6-dc4f-473f-8aa5-46753f07d37d,https://Assessment/Assessment/0be0eb7a-5721-4c2b-8098-31c413f72e83,OTAuto02,b99df4a4-2bf5-4c08-9483-bd636470bc11,b99df4a4-2bf5-4c08-9483-bd636470bc11
1deb78b5-3a0f-4344-8ce6-95ebc815dd13,vendor_7898244 - automation_template_2865658,571,privacyofficer user,aa5e22c6-dc4f-473f-8aa5-46753f07d37d,https://Assessment/Assessment/1deb78b5-3a0f-4344-8ce6-95ebc815dd13,OTAuto02,b99df4a4-2bf5-4c08-9483-bd636470bc11,b99df4a4-2bf5-4c08-9483-bd636470bc11
1ef98297-7bba-4423-8e14-2f3d3404a659,vendor_7898244 - automation_template_2865658,572,privacyofficer user,aa5e22c6-dc4f-473f-8aa5-46753f07d37d,https://Assessment/Assessment/1ef98297-7bba-4423-8e14-2f3d3404a659,OTAuto02,b99df4a4-2bf5-4c08-9483-bd636470bc11,b99df4a4-2bf5-4c08-9483-bd636470bc11
1f0cb01c-2cd0-4d37-8b57-da955f3f3f0b,vendor_9230793 - automation_template_2865658,575,privacyofficer user,aa5e22c6-dc4f-473f-8aa5-46753f07d37d,https://Assessment/Assessment/1f0cb01c-2cd0-4d37-8b57-da955f3f3f0b,OTAuto02,b99df4a4-2bf5-4c08-9483-bd636470bc11,b99df4a4-2bf5-4c08-9483-bd636470bc11
227add16-aa2f-48a5-aa10-e5c34f0a8627,assessment_1_2242092,598,otautotenant01+2242092@svc.onetrust.com,13e09438-029a-428d-ac9b-53abddb8ce54,https://Assessment/Assessment/227add16-aa2f-48a5-aa10-e5c34f0a8627,OTAuto02,b99df4a4-2bf5-4c08-9483-bd636470bc11,b99df4a4-2bf5-4c08-9483-bd636470bc11
2383e719-cf27-49b0-bba7-55780efc5f0c,vendor_123_19032026 - automation_template_2865658,566,privacyofficer user,aa5e22c6-dc4f-473f-8aa5-46753f07d37d,https://Assessment/Assessment/2383e719-cf27-49b0-bba7-55780efc5f0c,OTAuto02,b99df4a4-2bf5-4c08-9483-bd636470bc11,b99df4a4-2bf5-4c08-9483-bd636470bc11
24c8c567-ba13-4e3a-9359-b4c68a6fa6c5,Automated_Assessment_7175981,643,onettenant+51253_7175981@svc.onetrust.com,eb3eaca8-13da-45e3-be61-f7ba55b90e80,https://Assessment/Assessment/24c8c567-ba13-4e3a-9359-b4c68a6fa6c5,OTAuto02,b99df4a4-2bf5-4c08-9483-bd636470bc11,b99df4a4-2bf5-4c08-9483-bd636470bc11
2a2ac148-f646-47f3-9663-46e6ea5c3159,vendor_6177895 - automation_template_2865658,570,privacyofficer user,aa5e22c6-dc4f-473f-8aa5-46753f07d37d,https://Assessment/Assessment/2a2ac148-f646-47f3-9663-46e6ea5c3159,OTAuto02,b99df4a4-2bf5-4c08-9483-bd636470bc11,b99df4a4-2bf5-4c08-9483-bd636470bc11
32d194fa-4808-41ac-9133-23601cbf4b9d,vendor_2089232 - automation_template_2865658,562,privacyofficer user,aa5e22c6-dc4f-473f-8aa5-46753f07d37d,https://Assessment/Assessment/32d194fa-4808-41ac-9133-23601cbf4b9d,OTAuto02,b99df4a4-2bf5-4c08-9483-bd636470bc11,b99df4a4-2bf5-4c08-9483-bd636470bc11
43293420-2846-45fd-acc0-4cb258959c04,vendor_6530177 - automation_template_2865658,573,privacyofficer user,aa5e22c6-dc4f-473f-8aa5-46753f07d37d,https://Assessment/Assessment/43293420-2846-45fd-acc0-4cb258959c04,OTAuto02,b99df4a4-2bf5-4c08-9483-bd636470bc11,b99df4a4-2bf5-4c08-9483-bd636470bc11
4bde5f3a-3028-4898-b68b-2225d8440e4b,assessment_1_2219821,633,OneTrust Automation,79f09a0f-fbd7-4439-9e1e-d48abe62c98e,https://Assessment/Assessment/4bde5f3a-3028-4898-b68b-2225d8440e4b,OTAuto02,b99df4a4-2bf5-4c08-9483-bd636470bc11,b99df4a4-2bf5-4c08-9483-bd636470bc11
50f7eadc-77e4-46e2-9891-0b7590e730ad,Automated_Assessment_4995229,607,OneTrust Automation,79f09a0f-fbd7-4439-9e1e-d48abe62c98e,https://Assessment/Assessment/50f7eadc-77e4-46e2-9891-0b7590e730ad,OTAuto02,b99df4a4-2bf5-4c08-9483-bd636470bc11,b99df4a4-2bf5-4c08-9483-bd636470bc11
58c35df8-e44c-46a2-96b5-785eeeea9e75,vendor_2865658 - automation_template_2865658,569,privacyofficer user,aa5e22c6-dc4f-473f-8aa5-46753f07d37d,https://Assessment/Assessment/58c35df8-e44c-46a2-96b5-785eeeea9e75,OTAuto02,b99df4a4-2bf5-4c08-9483-bd636470bc11,b99df4a4-2bf5-4c08-9483-bd636470bc11
5e7c4260-cf73-44e5-bc23-7ab214dd1050,vendor_6530177 - automation_template_2865658,574,privacyofficer user,aa5e22c6-dc4f-473f-8aa5-46753f07d37d,https://Assessment/Assessment/5e7c4260-cf73-44e5-bc23-7ab214dd1050,OTAuto02,b99df4a4-2bf5-4c08-9483-bd636470bc11,b99df4a4-2bf5-4c08-9483-bd636470bc11
70510162-63fb-45c1-8a46-5cfcc8f464cc,assessment_43642_5437860,632,OneTrust Automation,79f09a0f-fbd7-4439-9e1e-d48abe62c98e,https://Assessment/Assessment/70510162-63fb-45c1-8a46-5cfcc8f464cc,OTAuto02,b99df4a4-2bf5-4c08-9483-bd636470bc11,b99df4a4-2bf5-4c08-9483-bd636470bc11
7574c518-5f36-4e3c-93b0-d0e3d506197a,assessment_approved_2242092,594,otautotenant01+2242092@svc.onetrust.com,13e09438-029a-428d-ac9b-53abddb8ce54,https://Assessment/Assessment/7574c518-5f36-4e3c-93b0-d0e3d506197a,OTAuto02,b99df4a4-2bf5-4c08-9483-bd636470bc11,b99df4a4-2bf5-4c08-9483-bd636470bc11
801c27e9-5558-4c3e-9f4e-b719c3c12695,vendor_745188 - automation_template_2865658,567,privacyofficer user,aa5e22c6-dc4f-473f-8aa5-46753f07d37d,https://Assessment/Assessment/801c27e9-5558-4c3e-9f4e-b719c3c12695,OTAuto02,b99df4a4-2bf5-4c08-9483-bd636470bc11,b99df4a4-2bf5-4c08-9483-bd636470bc11
8371e785-49f6-4082-bf91-46eac41b7f30,Inventory_Assessment_9053925,605,OneTrust Automation,79f09a0f-fbd7-4439-9e1e-d48abe62c98e,https://Assessment/Assessment/8371e785-49f6-4082-bf91-46eac41b7f30,OTAuto02,b99df4a4-2bf5-4c08-9483-bd636470bc11,b99df4a4-2bf5-4c08-9483-bd636470bc11
8f5eb625-de4d-402f-b302-f3302d6ff8df,automated_assessment_63304_2322060,586,OneTrust Automation,79f09a0f-fbd7-4439-9e1e-d48abe62c98e,https://Assessment/Assessment/8f5eb625-de4d-402f-b302-f3302d6ff8df,OTAuto02,b99df4a4-2bf5-4c08-9483-bd636470bc11,b99df4a4-2bf5-4c08-9483-bd636470bc11
8f7ad10b-4e4a-499f-9b39-024afeff5aa2,Automated_Assessment_61301_2486675,627,projectowner user,da43fe2d-46b8-4d39-8174-b857cd048aa4,https://Assessment/Assessment/8f7ad10b-4e4a-499f-9b39-024afeff5aa2,OTAuto02,b99df4a4-2bf5-4c08-9483-bd636470bc11,b99df4a4-2bf5-4c08-9483-bd636470bc11
9fb2432d-4ef7-427a-8ab6-4e92b0e93b03,Automated_Assessment_6009673,588,onettenant+inv6009673@svc.onetrust.com,1132915a-12af-4b1e-b7e8-e64264e0f5c9,https://Assessment/Assessment/9fb2432d-4ef7-427a-8ab6-4e92b0e93b03,OTAuto02,b99df4a4-2bf5-4c08-9483-bd636470bc11,b99df4a4-2bf5-4c08-9483-bd636470bc11
a04e67f4-6075-447c-b65d-bcc40208582b,vendor_745188 - automation_template_2865658,568,privacyofficer user,aa5e22c6-dc4f-473f-8aa5-46753f07d37d,https://Assessment/Assessment/a04e67f4-6075-447c-b65d-bcc40208582b,OTAuto02,b99df4a4-2bf5-4c08-9483-bd636470bc11,b99df4a4-2bf5-4c08-9483-bd636470bc11
b27b746f-1904-415b-9373-eb476b42049e,assessment_4274531 - Template_1_4274531,641,OneTrust Automation,79f09a0f-fbd7-4439-9e1e-d48abe62c98e,https://Assessment/Assessment/b27b746f-1904-415b-9373-eb476b42049e,OTAuto02,b99df4a4-2bf5-4c08-9483-bd636470bc11,b99df4a4-2bf5-4c08-9483-bd636470bc11
bcb7b417-746f-4aaa-bb47-ad661eaa3e75,assessment_rejected_2242092,595,otautotenant01+2242092@svc.onetrust.com,13e09438-029a-428d-ac9b-53abddb8ce54,https://Assessment/Assessment/bcb7b417-746f-4aaa-bb47-ad661eaa3e75,OTAuto02,b99df4a4-2bf5-4c08-9483-bd636470bc11,b99df4a4-2bf5-4c08-9483-bd636470bc11
bcc34ee5-6f3c-4c9c-900c-9825149b5fba,assessment_4274531,640,OneTrust Automation,79f09a0f-fbd7-4439-9e1e-d48abe62c98e,https://Assessment/Assessment/bcc34ee5-6f3c-4c9c-900c-9825149b5fba,OTAuto02,b99df4a4-2bf5-4c08-9483-bd636470bc11,b99df4a4-2bf5-4c08-9483-bd636470bc11
c19a0332-dbea-4447-99ac-ecc57af054cc,vendor1_19032026 - automation_template_2865658,565,privacyofficer user,aa5e22c6-dc4f-473f-8aa5-46753f07d37d,https://Assessment/Assessment/c19a0332-dbea-4447-99ac-ecc57af054cc,OTAuto02,b99df4a4-2bf5-4c08-9483-bd636470bc11,b99df4a4-2bf5-4c08-9483-bd636470bc11
c649414f-244e-4209-ad3f-7af1658bb21b,vendor_2089232 - automation_template_2865658,564,privacyofficer user,aa5e22c6-dc4f-473f-8aa5-46753f07d37d,https://Assessment/Assessment/c649414f-244e-4209-ad3f-7af1658bb21b,OTAuto02,b99df4a4-2bf5-4c08-9483-bd636470bc11,b99df4a4-2bf5-4c08-9483-bd636470bc11
c9a76e4f-799f-4de6-be23-e426f70299bd,vendor_75_19032026 - automation_template_2865658,577,privacyofficer user,aa5e22c6-dc4f-473f-8aa5-46753f07d37d,https://Assessment/Assessment/c9a76e4f-799f-4de6-be23-e426f70299bd,OTAuto02,b99df4a4-2bf5-4c08-9483-bd636470bc11,b99df4a4-2bf5-4c08-9483-bd636470bc11
cb3bfb33-6731-4562-90dc-8cef0641c1d2,assessment_42286_4005585,587,onettenant+422864005585@svc.onetrust.com,a620f505-a629-4ca1-8d46-035b80a8a3bf,https://Assessment/Assessment/cb3bfb33-6731-4562-90dc-8cef0641c1d2,OTAuto02,b99df4a4-2bf5-4c08-9483-bd636470bc11,b99df4a4-2bf5-4c08-9483-bd636470bc11
d7358ffb-593f-412f-a1c9-3929879d5ef7,copy_automated_assessment_64248_9579873,622,projectowner user,da43fe2d-46b8-4d39-8174-b857cd048aa4,https://Assessment/Assessment/d7358ffb-593f-412f-a1c9-3929879d5ef7,OTAuto02,b99df4a4-2bf5-4c08-9483-bd636470bc11,b99df4a4-2bf5-4c08-9483-bd636470bc11
ddf07146-39eb-4d67-b59d-0b007821fff8,vendor_75_19032026 - automation_template_2865658,578,privacyofficer user,aa5e22c6-dc4f-473f-8aa5-46753f07d37d,https://Assessment/Assessment/ddf07146-39eb-4d67-b59d-0b007821fff8,OTAuto02,b99df4a4-2bf5-4c08-9483-bd636470bc11,b99df4a4-2bf5-4c08-9483-bd636470bc11
f826477d-563f-412d-8d2d-b33301447c2d,assessment_42284_2104079,623,privacyofficer user,aa5e22c6-dc4f-473f-8aa5-46753f07d37d,https://Assessment/Assessment/f826477d-563f-412d-8d2d-b33301447c2d,OTAuto02,b99df4a4-2bf5-4c08-9483-bd636470bc11,b99df4a4-2bf5-4c08-9483-bd636470bc11
054306fa-f88c-42ee-8479-c677b46977c1,Section_Assigned_Assessment_7140534,666,onettenant+04_7140534@svc.onetrust.com,319dc696-af9e-4158-8f2c-62f90ad536cc,https://Assessment/Assessment/054306fa-f88c-42ee-8479-c677b46977c1,OTAuto02,b99df4a4-2bf5-4c08-9483-bd636470bc11,b99df4a4-2bf5-4c08-9483-bd636470bc11
054306fa-f88c-42ee-8479-c677b46977c1,Section_Assigned_Assessment_7140534,666,OneTrust Automation,79f09a0f-fbd7-4439-9e1e-d48abe62c98e,https://Assessment/Assessment/054306fa-f88c-42ee-8479-c677b46977c1,OTAuto02,b99df4a4-2bf5-4c08-9483-bd636470bc11,b99df4a4-2bf5-4c08-9483-bd636470bc11
054306fa-f88c-42ee-8479-c677b46977c1,Section_Assigned_Assessment_7140534,666,onettenant+01_7140534@svc.onetrust.com,c1508ab3-b468-4eba-9a8d-11624f3bfe3f,https://Assessment/Assessment/054306fa-f88c-42ee-8479-c677b46977c1,OTAuto02,b99df4a4-2bf5-4c08-9483-bd636470bc11,b99df4a4-2bf5-4c08-9483-bd636470bc11
aaa0b588-58ab-4e8d-8dc9-558ac7a124e1,Automated_Assessment_732977,655,OneTrust Automation,79f09a0f-fbd7-4439-9e1e-d48abe62c98e,https://Assessment/Assessment/aaa0b588-58ab-4e8d-8dc9-558ac7a124e1,OTAuto02,b99df4a4-2bf5-4c08-9483-bd636470bc11,b99df4a4-2bf5-4c08-9483-bd636470bc11
c7564611-add8-45c4-bbe4-11fea0274818,Section_Assigned_Assessment_01_7140534,667,onettenant+04_7140534@svc.onetrust.com,319dc696-af9e-4158-8f2c-62f90ad536cc,https://Assessment/Assessment/c7564611-add8-45c4-bbe4-11fea0274818,OTAuto02,b99df4a4-2bf5-4c08-9483-bd636470bc11,b99df4a4-2bf5-4c08-9483-bd636470bc11
55f80c15-bf08-473b-b5b0-3b7ef2f81ae7,assessment_2256972,670,projectowner user,da43fe2d-46b8-4d39-8174-b857cd048aa4,https://Assessment/Assessment/55f80c15-bf08-473b-b5b0-3b7ef2f81ae7,OTAuto02,b99df4a4-2bf5-4c08-9483-bd636470bc11,b99df4a4-2bf5-4c08-9483-bd636470bc11
c7564611-add8-45c4-bbe4-11fea0274818,Section_Assigned_Assessment_01_7140534,667,onettenant+02_7140534@svc.onetrust.com,5d59f687-aedb-4093-b124-39cfd412a811,https://Assessment/Assessment/c7564611-add8-45c4-bbe4-11fea0274818,OTAuto02,b99df4a4-2bf5-4c08-9483-bd636470bc11,b99df4a4-2bf5-4c08-9483-bd636470bc11
dcca7215-16d6-4571-9b71-d8fafc7202f8,assessment_42339_9496215,668,OneTrust Automation,79f09a0f-fbd7-4439-9e1e-d48abe62c98e,https://Assessment/Assessment/dcca7215-16d6-4571-9b71-d8fafc7202f8,OTAuto02,b99df4a4-2bf5-4c08-9483-bd636470bc11,b99df4a4-2bf5-4c08-9483-bd636470bc11
f35930d3-6f03-4b43-b355-47311e12afb9,Automated_Assessment_7823787,662,fn2_7823787 ln2_7823787,2357fdfc-aa24-4391-9057-292368ea4a24,https://Assessment/Assessment/f35930d3-6f03-4b43-b355-47311e12afb9,OTAuto02,b99df4a4-2bf5-4c08-9483-bd636470bc11,b99df4a4-2bf5-4c08-9483-bd636470bc11
aaa0b588-58ab-4e8d-8dc9-558ac7a124e1,Automated_Assessment_732977,655,otautotenant+94500_invited_user_732977@svc.onetrust.com,36cec3ae-5de3-4f1b-b221-032d9c5fc2de,https://Assessment/Assessment/aaa0b588-58ab-4e8d-8dc9-558ac7a124e1,OTAuto02,b99df4a4-2bf5-4c08-9483-bd636470bc11,b99df4a4-2bf5-4c08-9483-bd636470bc11
55f80c15-bf08-473b-b5b0-3b7ef2f81ae7,assessment_2256972,670,privacyofficer user,aa5e22c6-dc4f-473f-8aa5-46753f07d37d,https://Assessment/Assessment/55f80c15-bf08-473b-b5b0-3b7ef2f81ae7,OTAuto02,b99df4a4-2bf5-4c08-9483-bd636470bc11,b99df4a4-2bf5-4c08-9483-bd636470bc11
55f80c15-bf08-473b-b5b0-3b7ef2f81ae7,assessment_2256972,670,onettenant+3_2256972@svc.onetrust.com,3e6af8e9-7b4a-47bb-80da-b4f5c3ed4df4,https://Assessment/Assessment/55f80c15-bf08-473b-b5b0-3b7ef2f81ae7,OTAuto02,b99df4a4-2bf5-4c08-9483-bd636470bc11,b99df4a4-2bf5-4c08-9483-bd636470bc11
f5df1d30-bcf6-438d-9b06-992a7090a46b,Automated_Assessment_4428_5397182,652,OneTrust Automation,79f09a0f-fbd7-4439-9e1e-d48abe62c98e,https://Assessment/Assessment/f5df1d30-bcf6-438d-9b06-992a7090a46b,OTAuto02,b99df4a4-2bf5-4c08-9483-bd636470bc11,b99df4a4-2bf5-4c08-9483-bd636470bc11
c7564611-add8-45c4-bbe4-11fea0274818,Section_Assigned_Assessment_01_7140534,667,onettenant+03_7140534@svc.onetrust.com,52133404-d29f-49c2-b96a-c9284e96f38b,https://Assessment/Assessment/c7564611-add8-45c4-bbe4-11fea0274818,OTAuto02,b99df4a4-2bf5-4c08-9483-bd636470bc11,b99df4a4-2bf5-4c08-9483-bd636470bc11
054306fa-f88c-42ee-8479-c677b46977c1,Section_Assigned_Assessment_7140534,666,onettenant+03_7140534@svc.onetrust.com,52133404-d29f-49c2-b96a-c9284e96f38b,https://Assessment/Assessment/054306fa-f88c-42ee-8479-c677b46977c1,OTAuto02,b99df4a4-2bf5-4c08-9483-bd636470bc11,b99df4a4-2bf5-4c08-9483-bd636470bc11
c7564611-add8-45c4-bbe4-11fea0274818,Section_Assigned_Assessment_01_7140534,667,OneTrust Automation,79f09a0f-fbd7-4439-9e1e-d48abe62c98e,https://Assessment/Assessment/c7564611-add8-45c4-bbe4-11fea0274818,OTAuto02,b99df4a4-2bf5-4c08-9483-bd636470bc11,b99df4a4-2bf5-4c08-9483-bd636470bc11
054306fa-f88c-42ee-8479-c677b46977c1,Section_Assigned_Assessment_7140534,666,onettenant+02_7140534@svc.onetrust.com,5d59f687-aedb-4093-b124-39cfd412a811,https://Assessment/Assessment/054306fa-f88c-42ee-8479-c677b46977c1,OTAuto02,b99df4a4-2bf5-4c08-9483-bd636470bc11,b99df4a4-2bf5-4c08-9483-bd636470bc11
12c2aa2a-53b5-4bc4-a84c-cd8e5c6ed0aa,Automated_Assessment_1063600,674,onettenant+inv1063600@svc.onetrust.com,15ee27f8-da06-4de8-87a7-de6904b6ab02,https://Assessment/Assessment/12c2aa2a-53b5-4bc4-a84c-cd8e5c6ed0aa,OTAuto02,b99df4a4-2bf5-4c08-9483-bd636470bc11,b99df4a4-2bf5-4c08-9483-bd636470bc11
3879befc-f745-4227-8525-36245edd64d1,Automated_Assessment_1897310,653,onettenant+1897310@svc.onetrust.com,4357e0e4-3471-478b-9fce-21292243b5c5,https://Assessment/Assessment/3879befc-f745-4227-8525-36245edd64d1,OTAuto02,b99df4a4-2bf5-4c08-9483-bd636470bc11,b99df4a4-2bf5-4c08-9483-bd636470bc11
aaa0b588-58ab-4e8d-8dc9-558ac7a124e1,Automated_Assessment_732977,655,projectowner user,da43fe2d-46b8-4d39-8174-b857cd048aa4,https://Assessment/Assessment/aaa0b588-58ab-4e8d-8dc9-558ac7a124e1,OTAuto02,b99df4a4-2bf5-4c08-9483-bd636470bc11,b99df4a4-2bf5-4c08-9483-bd636470bc11
b8f7e991-3350-4c4c-a1ed-2697f9eaace0,Automated_9409292,679,OneTrust Automation,79f09a0f-fbd7-4439-9e1e-d48abe62c98e,https://Assessment/Assessment/b8f7e991-3350-4c4c-a1ed-2697f9eaace0,OTAuto02,b99df4a4-2bf5-4c08-9483-bd636470bc11,b99df4a4-2bf5-4c08-9483-bd636470bc11
d3138e9c-ca06-40dd-89ba-171cde58c061,Automated_01_9409292,681,OneTrust Automation,79f09a0f-fbd7-4439-9e1e-d48abe62c98e,https://Assessment/Assessment/d3138e9c-ca06-40dd-89ba-171cde58c061,OTAuto02,b99df4a4-2bf5-4c08-9483-bd636470bc11,b99df4a4-2bf5-4c08-9483-bd636470bc11
3de12faa-dc81-4371-a8ab-d35c2869c5f1,Automated_Assessment_5814_7786761,689,OneTrust Automation,79f09a0f-fbd7-4439-9e1e-d48abe62c98e,https://Assessment/Assessment/3de12faa-dc81-4371-a8ab-d35c2869c5f1,OTAuto02,b99df4a4-2bf5-4c08-9483-bd636470bc11,b99df4a4-2bf5-4c08-9483-bd636470bc11
60aeb4b2-3788-4f81-8f2f-01553480ba7f,Assessment_1731428,697,OneTrust Automation,79f09a0f-fbd7-4439-9e1e-d48abe62c98e,https://Assessment/Assessment/60aeb4b2-3788-4f81-8f2f-01553480ba7f,OTAuto02,b99df4a4-2bf5-4c08-9483-bd636470bc11,b99df4a4-2bf5-4c08-9483-bd636470bc11
13b3f72e-60df-41a4-828b-7ba7adcf50c6,assessment_42295_623141,712,onettenant+42295623141@svc.onetrust.com,9a6ae52e-3487-4a4f-9809-a8b084d31389,https://Assessment/Assessment/13b3f72e-60df-41a4-828b-7ba7adcf50c6,OTAuto02,b99df4a4-2bf5-4c08-9483-bd636470bc11,b99df4a4-2bf5-4c08-9483-bd636470bc11
318ed121-10f5-425d-9bdb-e42f952425c1,assessment_1353801,701,onettenant+1353801@svc.onetrust.com,9f693c0d-fa3f-45aa-b80e-8cbaf62fced9,https://Assessment/Assessment/318ed121-10f5-425d-9bdb-e42f952425c1,OTAuto02,b99df4a4-2bf5-4c08-9483-bd636470bc11,b99df4a4-2bf5-4c08-9483-bd636470bc11
e35200fa-db70-4c2b-b95b-3be7c8596206,Assessment_92455_7380670,703,onettenant+7380670@svc.onetrust.com,9965e130-0860-48ca-aafb-a4d5d8f64cf2,https://Assessment/Assessment/e35200fa-db70-4c2b-b95b-3be7c8596206,OTAuto02,b99df4a4-2bf5-4c08-9483-bd636470bc11,b99df4a4-2bf5-4c08-9483-bd636470bc11
12d00d61-4798-4eca-b56c-ffe914fa2ca2,automation_project_65635_7507651 - automation_template_2_65635_7507651,741,onettenant+65635_7507651@svc.onetrust.com,1dcc1379-efe8-4b65-a4ee-5136e2c24576,https://Assessment/Assessment/12d00d61-4798-4eca-b56c-ffe914fa2ca2,OTAuto02,b99df4a4-2bf5-4c08-9483-bd636470bc11,b99df4a4-2bf5-4c08-9483-bd636470bc11
6a73f2df-2803-4a35-bbcc-444020aa4ffb,automation_assessment_40862_6797848,726,onettenant+40862_6797848@svc.onetrust.com,419ae61e-c612-4e86-a2fb-8c1ed79233da,https://Assessment/Assessment/6a73f2df-2803-4a35-bbcc-444020aa4ffb,OTAuto02,b99df4a4-2bf5-4c08-9483-bd636470bc11,b99df4a4-2bf5-4c08-9483-bd636470bc11
efe2ce56-77b0-4301-8e21-31ae0123ac14,Automated_Assessment_97124_1059292,723,CustomUser_1059292 CommentViewer,b9490b5b-a4c2-4a98-a0dc-1df4e33473c6,https://Assessment/Assessment/efe2ce56-77b0-4301-8e21-31ae0123ac14,OTAuto02,b99df4a4-2bf5-4c08-9483-bd636470bc11,b99df4a4-2bf5-4c08-9483-bd636470bc11
efe2ce56-77b0-4301-8e21-31ae0123ac14,Automated_Assessment_97124_1059292,723,onettenant+_Invited_User_1059292@svc.onetrust.com,56ef8141-e158-4b41-b305-58d1439dcb57,https://Assessment/Assessment/efe2ce56-77b0-4301-8e21-31ae0123ac14,OTAuto02,b99df4a4-2bf5-4c08-9483-bd636470bc11,b99df4a4-2bf5-4c08-9483-bd636470bc11
7b074a64-bb6c-40ae-a97b-850ede4e7956,automation_project_65635_7507651 - automation_template_1_65635_7507651,740,onettenant+65635_7507651@svc.onetrust.com,1dcc1379-efe8-4b65-a4ee-5136e2c24576,https://Assessment/Assessment/7b074a64-bb6c-40ae-a97b-850ede4e7956,OTAuto02,b99df4a4-2bf5-4c08-9483-bd636470bc11,b99df4a4-2bf5-4c08-9483-bd636470bc11
38ca7395-14e8-40de-82d2-8d5aabbf4dae,Assessment_1_5800037,750,onettenant+5800037@svc.onetrust.com,78db9cac-2686-4acf-a646-17eb7ffbb090,https://Assessment/Assessment/38ca7395-14e8-40de-82d2-8d5aabbf4dae,OTAuto02,b99df4a4-2bf5-4c08-9483-bd636470bc11,b99df4a4-2bf5-4c08-9483-bd636470bc11
4b5612b5-0045-4af2-b923-e438c19e0648,assessment_8431716,753,OneTrust Automation,1bc05a59-18e5-46c3-8594-8c9da58fa857,https://Assessment/Assessment/4b5612b5-0045-4af2-b923-e438c19e0648,OTAuto02,b99df4a4-2bf5-4c08-9483-bd636470bc11,b99df4a4-2bf5-4c08-9483-bd636470bc11
b8b290e5-2d92-4ac3-8176-4a33b30c2423,assessment_42281_3183207,760,privacyofficer user,aa5e22c6-dc4f-473f-8aa5-46753f07d37d,https://Assessment/Assessment/b8b290e5-2d92-4ac3-8176-4a33b30c2423,OTAuto02,b99df4a4-2bf5-4c08-9483-bd636470bc11,b99df4a4-2bf5-4c08-9483-bd636470bc11
55e8e37e-88b9-4588-a91e-49b2bbf3ce34,processing-activities_41140_5856010,758,OneTrust Automation,79f09a0f-fbd7-4439-9e1e-d48abe62c98e,https://Assessment/Assessment/55e8e37e-88b9-4588-a91e-49b2bbf3ce34,OTAuto02,b99df4a4-2bf5-4c08-9483-bd636470bc11,b99df4a4-2bf5-4c08-9483-bd636470bc11
128f3704-5dca-459c-8a5d-9b077a777947,automation_project_33552_5832060,755,onettenant+5832060@svc.onetrust.com,d41ee065-1edc-42ad-8276-21f6c9d8da4f,https://Assessment/Assessment/128f3704-5dca-459c-8a5d-9b077a777947,OTAuto02,b99df4a4-2bf5-4c08-9483-bd636470bc11,b99df4a4-2bf5-4c08-9483-bd636470bc11
c2d67349-506f-4fd2-91ff-f092da471a0c,Assessment_92459_6835137,757,onettenant+6835137@svc.onetrust.com,894ffd18-9988-434f-b04c-358f660ce364,https://Assessment/Assessment/c2d67349-506f-4fd2-91ff-f092da471a0c,OTAuto02,b99df4a4-2bf5-4c08-9483-bd636470bc11,b99df4a4-2bf5-4c08-9483-bd636470bc11
766333ea-d6c7-4a52-9512-1f20144569f3,automation_assessment_806782,792,OneTrust Automation,79f09a0f-fbd7-4439-9e1e-d48abe62c98e,https://Assessment/Assessment/766333ea-d6c7-4a52-9512-1f20144569f3,OTAuto02,b99df4a4-2bf5-4c08-9483-bd636470bc11,b99df4a4-2bf5-4c08-9483-bd636470bc11
d3ef8c7e-016c-42cb-914b-37eba8a1aa2d,Automated_Assessment_571886,790,OneTrust Automation,79f09a0f-fbd7-4439-9e1e-d48abe62c98e,https://Assessment/Assessment/d3ef8c7e-016c-42cb-914b-37eba8a1aa2d,OTAuto02,b99df4a4-2bf5-4c08-9483-bd636470bc11,b99df4a4-2bf5-4c08-9483-bd636470bc11
12e2e159-5eab-40dc-8c27-9256d847a6f7,automated_assessment_3491_193209,788,OneTrust Automation,79f09a0f-fbd7-4439-9e1e-d48abe62c98e,https://Assessment/Assessment/12e2e159-5eab-40dc-8c27-9256d847a6f7,OTAuto02,b99df4a4-2bf5-4c08-9483-bd636470bc11,b99df4a4-2bf5-4c08-9483-bd636470bc11
de13e7c3-40a5-414c-bca5-3cf14d6c7d39,assessment_40794_7761501,773,OneTrust Automation,79f09a0f-fbd7-4439-9e1e-d48abe62c98e,https://Assessment/Assessment/de13e7c3-40a5-414c-bca5-3cf14d6c7d39,OTAuto02,b99df4a4-2bf5-4c08-9483-bd636470bc11,b99df4a4-2bf5-4c08-9483-bd636470bc11
0466ed7e-755a-4059-8e7c-3099552a7e3b,assessment_1_8734377 - Parent_Template_34091_8734377,807,projectowner user,da43fe2d-46b8-4d39-8174-b857cd048aa4,https://Assessment/Assessment/0466ed7e-755a-4059-8e7c-3099552a7e3b,OTAuto02,b99df4a4-2bf5-4c08-9483-bd636470bc11,b99df4a4-2bf5-4c08-9483-bd636470bc11
482c337c-00e6-4c88-9eb0-952fd73d3b24,assessment_1_8734377,805,projectowner user,da43fe2d-46b8-4d39-8174-b857cd048aa4,https://Assessment/Assessment/482c337c-00e6-4c88-9eb0-952fd73d3b24,OTAuto02,b99df4a4-2bf5-4c08-9483-bd636470bc11,b99df4a4-2bf5-4c08-9483-bd636470bc11
ce083a09-20af-4e82-9407-3593d2e3694b,Automated_Assessment_8134824,809,OneTrust Automation,79f09a0f-fbd7-4439-9e1e-d48abe62c98e,https://Assessment/Assessment/ce083a09-20af-4e82-9407-3593d2e3694b,OTAuto02,b99df4a4-2bf5-4c08-9483-bd636470bc11,b99df4a4-2bf5-4c08-9483-bd636470bc11
d484e5c8-f81d-43a2-801e-96f6d9193906,assessment_2_8734377,808,onetesttenant+invite_1234@svc.onetrust.com,c1a9c167-5756-4bad-b74e-b58ca9b6c215,https://Assessment/Assessment/d484e5c8-f81d-43a2-801e-96f6d9193906,OTAuto02,b99df4a4-2bf5-4c08-9483-bd636470bc11,b99df4a4-2bf5-4c08-9483-bd636470bc11
dd35561e-9e51-4243-967a-9d95c44a1ac6,Automated_Assessment_3808206,802,OneTrust Automation,79f09a0f-fbd7-4439-9e1e-d48abe62c98e,https://Assessment/Assessment/dd35561e-9e51-4243-967a-9d95c44a1ac6,OTAuto02,b99df4a4-2bf5-4c08-9483-bd636470bc11,b99df4a4-2bf5-4c08-9483-bd636470bc11
2b15b2ef-d8cd-49b7-ad8a-886e8274837b,assessment_1_7605191,832,onettenant+7605191@svc.onetrust.com,4021a539-2297-416f-97e0-2cd8784e0d57,https://Assessment/Assessment/2b15b2ef-d8cd-49b7-ad8a-886e8274837b,OTAuto02,b99df4a4-2bf5-4c08-9483-bd636470bc11,b99df4a4-2bf5-4c08-9483-bd636470bc11
4d8fd430-210a-4671-a03d-0216bb2de21c,I heard you like Mudkipz 3385789,826,otautotenant02+3385789@svc.onetrust.com,217a6d9f-5c27-4ef1-af33-03d28d4a6d91,https://Assessment/Assessment/4d8fd430-210a-4671-a03d-0216bb2de21c,OTAuto02,b99df4a4-2bf5-4c08-9483-bd636470bc11,b99df4a4-2bf5-4c08-9483-bd636470bc11
5a9a6e14-fa7d-4c71-adbb-6c52c03d58f9,asset_assessment_4926315,821,projectowner user,da43fe2d-46b8-4d39-8174-b857cd048aa4,https://Assessment/Assessment/5a9a6e14-fa7d-4c71-adbb-6c52c03d58f9,OTAuto02,b99df4a4-2bf5-4c08-9483-bd636470bc11,b99df4a4-2bf5-4c08-9483-bd636470bc11
5f270dd8-c5f9-46a9-bff0-842a433e32a9,assessment_43465_991176,822,OneTrust Automation,79f09a0f-fbd7-4439-9e1e-d48abe62c98e,https://Assessment/Assessment/5f270dd8-c5f9-46a9-bff0-842a433e32a9,OTAuto02,b99df4a4-2bf5-4c08-9483-bd636470bc11,b99df4a4-2bf5-4c08-9483-bd636470bc11
5122d75e-030d-4c40-b377-a9800688b635,Automated_assessment_2227960,830,OneTrust Automation,79f09a0f-fbd7-4439-9e1e-d48abe62c98e,https://Assessment/Assessment/5122d75e-030d-4c40-b377-a9800688b635,OTAuto02,b99df4a4-2bf5-4c08-9483-bd636470bc11,b99df4a4-2bf5-4c08-9483-bd636470bc11
3c3e950c-b809-4834-b474-a73a37597126,assessment_5615245,833,OneTrust Automation,79f09a0f-fbd7-4439-9e1e-d48abe62c98e,https://Assessment/Assessment/3c3e950c-b809-4834-b474-a73a37597126,OTAuto02,b99df4a4-2bf5-4c08-9483-bd636470bc11,b99df4a4-2bf5-4c08-9483-bd636470bc11
4cb184d3-917a-4ce6-9f0c-7ee7b7a3e7ab,Automated_Assessment_4320114,849,OneTrust Automation,79f09a0f-fbd7-4439-9e1e-d48abe62c98e,https://Assessment/Assessment/4cb184d3-917a-4ce6-9f0c-7ee7b7a3e7ab,OTAuto02,b99df4a4-2bf5-4c08-9483-bd636470bc11,b99df4a4-2bf5-4c08-9483-bd636470bc11
fdd58e7c-5a9e-4f93-a7c7-e19becaea27b,Automated_Shared_Assessment_9535421,857,OneTrust Automation,79f09a0f-fbd7-4439-9e1e-d48abe62c98e,https://Assessment/Assessment/fdd58e7c-5a9e-4f93-a7c7-e19becaea27b,OTAuto02,b99df4a4-2bf5-4c08-9483-bd636470bc11,b99df4a4-2bf5-4c08-9483-bd636470bc11
d197fb1e-8b7e-445d-9f87-e93364282828,Assessment_92453_4752528,837,onettenant+4752528@svc.onetrust.com,be5d32a9-0690-4e2b-89c6-af1598248fad,https://Assessment/Assessment/d197fb1e-8b7e-445d-9f87-e93364282828,OTAuto02,b99df4a4-2bf5-4c08-9483-bd636470bc11,b99df4a4-2bf5-4c08-9483-bd636470bc11
ea8e086c-445f-4064-adba-c12fbeb0d7a1,Automated_Assessment_4786957,842,projectowner user,da43fe2d-46b8-4d39-8174-b857cd048aa4,https://Assessment/Assessment/ea8e086c-445f-4064-adba-c12fbeb0d7a1,OTAuto02,b99df4a4-2bf5-4c08-9483-bd636470bc11,b99df4a4-2bf5-4c08-9483-bd636470bc11
6d53b90a-90e8-4e8d-b6f3-87f46417316f,Assessment_35307_7614233,848,onettenant+35307_7614233@svc.onetrust.com,f066d2ce-4cd1-4f10-83e9-17879acc1c19,https://Assessment/Assessment/6d53b90a-90e8-4e8d-b6f3-87f46417316f,OTAuto02,b99df4a4-2bf5-4c08-9483-bd636470bc11,b99df4a4-2bf5-4c08-9483-bd636470bc11
908717fa-c30a-4fdd-b53c-a337254ff086,assessmentExportResponses_7760678,853,OneTrust Automation,79f09a0f-fbd7-4439-9e1e-d48abe62c98e,https://Assessment/Assessment/908717fa-c30a-4fdd-b53c-a337254ff086,OTAuto02,b99df4a4-2bf5-4c08-9483-bd636470bc11,b99df4a4-2bf5-4c08-9483-bd636470bc11
353e0f32-2748-4e63-b4b1-3f09daa9508c,Automated_Assessment_512874,843,OneTrust Automation,79f09a0f-fbd7-4439-9e1e-d48abe62c98e,https://Assessment/Assessment/353e0f32-2748-4e63-b4b1-3f09daa9508c,OTAuto02,b99df4a4-2bf5-4c08-9483-bd636470bc11,b99df4a4-2bf5-4c08-9483-bd636470bc11
b671bc23-530f-4dea-bd8f-28688f3db57f,Assessment_9889721,863,onettenant+36398_9889721@svc.onetrust.com,eb39f821-5a2e-4407-8cda-b33d3cdb7ba1,https://Assessment/Assessment/b671bc23-530f-4dea-bd8f-28688f3db57f,OTAuto02,b99df4a4-2bf5-4c08-9483-bd636470bc11,b99df4a4-2bf5-4c08-9483-bd636470bc11
06690da4-0fa4-4e80-8589-d30ef6d76a41,assessment_1_3747425,867,OneTrust Automation,79f09a0f-fbd7-4439-9e1e-d48abe62c98e,https://Assessment/Assessment/06690da4-0fa4-4e80-8589-d30ef6d76a41,OTAuto02,b99df4a4-2bf5-4c08-9483-bd636470bc11,b99df4a4-2bf5-4c08-9483-bd636470bc11
7be17a64-9d48-48bb-b868-3d8ae85cc72f,Automated_Assessment_3310589,860,projectowner user,da43fe2d-46b8-4d39-8174-b857cd048aa4,https://Assessment/Assessment/7be17a64-9d48-48bb-b868-3d8ae85cc72f,OTAuto02,b99df4a4-2bf5-4c08-9483-bd636470bc11,b99df4a4-2bf5-4c08-9483-bd636470bc11
d0167113-7373-4f91-99c4-8ab99a48ebc7,Automated_Assessment_8338551,862,OneTrust Automation,79f09a0f-fbd7-4439-9e1e-d48abe62c98e,https://Assessment/Assessment/d0167113-7373-4f91-99c4-8ab99a48ebc7,OTAuto02,b99df4a4-2bf5-4c08-9483-bd636470bc11,b99df4a4-2bf5-4c08-9483-bd636470bc11
10bf6ddd-da2d-4611-b550-f7dc63164d9d,Automated_Assessment_4989427,852,OneTrust Automation,79f09a0f-fbd7-4439-9e1e-d48abe62c98e,https://Assessment/Assessment/10bf6ddd-da2d-4611-b550-f7dc63164d9d,OTAuto02,b99df4a4-2bf5-4c08-9483-bd636470bc11,b99df4a4-2bf5-4c08-9483-bd636470bc11
a71ef742-15f9-494a-b3f7-4fe62b4728f3,assessment_2_3747425,868,OneTrust Automation,79f09a0f-fbd7-4439-9e1e-d48abe62c98e,https://Assessment/Assessment/a71ef742-15f9-494a-b3f7-4fe62b4728f3,OTAuto02,b99df4a4-2bf5-4c08-9483-bd636470bc11,b99df4a4-2bf5-4c08-9483-bd636470bc11
069bf55f-7007-42af-bc54-e6969d5d329f,Assessment_8124259,909,OneTrust Automation,79f09a0f-fbd7-4439-9e1e-d48abe62c98e,https://Assessment/Assessment/069bf55f-7007-42af-bc54-e6969d5d329f,OTAuto02,b99df4a4-2bf5-4c08-9483-bd636470bc11,b99df4a4-2bf5-4c08-9483-bd636470bc11
ef713376-55fe-4564-9aa0-41bc0da429a3,Assessment_For_On_submission_6880943,901,onettenant+73484_6880943@svc.onetrust.com,4aece62e-9009-4cbc-946d-a270d164957e,https://Assessment/Assessment/ef713376-55fe-4564-9aa0-41bc0da429a3,OTAuto02,b99df4a4-2bf5-4c08-9483-bd636470bc11,b99df4a4-2bf5-4c08-9483-bd636470bc11
235cb1bf-a66a-4967-89de-a60f88eacd1f,assessment_42318_9597758,880,projectowner user,da43fe2d-46b8-4d39-8174-b857cd048aa4,https://Assessment/Assessment/235cb1bf-a66a-4967-89de-a60f88eacd1f,OTAuto02,b99df4a4-2bf5-4c08-9483-bd636470bc11,b99df4a4-2bf5-4c08-9483-bd636470bc11
59ed9b8a-ecd3-4e77-8c19-d628ea654d17,Assessment_7081_8304217,891,OneTrust Automation,79f09a0f-fbd7-4439-9e1e-d48abe62c98e,https://Assessment/Assessment/59ed9b8a-ecd3-4e77-8c19-d628ea654d17,OTAuto02,b99df4a4-2bf5-4c08-9483-bd636470bc11,b99df4a4-2bf5-4c08-9483-bd636470bc11
9324f0b3-9c3d-49de-b6b2-0de4b0ced736,Automated_Assessment_68753_2336361,886,OneTrust Automation,79f09a0f-fbd7-4439-9e1e-d48abe62c98e,https://Assessment/Assessment/9324f0b3-9c3d-49de-b6b2-0de4b0ced736,OTAuto02,b99df4a4-2bf5-4c08-9483-bd636470bc11,b99df4a4-2bf5-4c08-9483-bd636470bc11
cdf23ec0-3a9f-4688-93db-613c787ef3e0,Automated_Assessment_2390405,942,projectowner user,da43fe2d-46b8-4d39-8174-b857cd048aa4,https://Assessment/Assessment/cdf23ec0-3a9f-4688-93db-613c787ef3e0,OTAuto02,b99df4a4-2bf5-4c08-9483-bd636470bc11,b99df4a4-2bf5-4c08-9483-bd636470bc11
323e9564-46bb-4bb6-8726-3a919b3cec5e,Automated_Assessment_2917137,919,onettenant+95317_2917137@svc.onetrust.com,5dd27a5b-c8a3-48f9-96f1-02d3a372a1b0,https://Assessment/Assessment/323e9564-46bb-4bb6-8726-3a919b3cec5e,OTAuto02,b99df4a4-2bf5-4c08-9483-bd636470bc11,b99df4a4-2bf5-4c08-9483-bd636470bc11
6d4c13c2-d21d-4f48-a06a-475178e53a9b,Automated_Assessment_53871_8534672,936,onettenant+8534672@svc.onetrust.com,bd44d5a1-e20d-43b6-a650-59f7464e9ec1,https://Assessment/Assessment/6d4c13c2-d21d-4f48-a06a-475178e53a9b,OTAuto02,b99df4a4-2bf5-4c08-9483-bd636470bc11,b99df4a4-2bf5-4c08-9483-bd636470bc11
4a57ac2d-a63c-4529-933b-06d0f4466022,Automated_Assessment_53871_8534672 - Template_8534672,944,onettenant+8534672@svc.onetrust.com,bd44d5a1-e20d-43b6-a650-59f7464e9ec1,https://Assessment/Assessment/4a57ac2d-a63c-4529-933b-06d0f4466022,OTAuto02,b99df4a4-2bf5-4c08-9483-bd636470bc11,b99df4a4-2bf5-4c08-9483-bd636470bc11
ee2ea1e9-e36f-4b71-bc2e-0e69c2bab3d5,automation_assessment_1821044,931,OneTrust Automation,79f09a0f-fbd7-4439-9e1e-d48abe62c98e,https://Assessment/Assessment/ee2ea1e9-e36f-4b71-bc2e-0e69c2bab3d5,OTAuto02,b99df4a4-2bf5-4c08-9483-bd636470bc11,b99df4a4-2bf5-4c08-9483-bd636470bc11
323e9564-46bb-4bb6-8726-3a919b3cec5e,Automated_Assessment_2917137,919,privacyofficer user,aa5e22c6-dc4f-473f-8aa5-46753f07d37d,https://Assessment/Assessment/323e9564-46bb-4bb6-8726-3a919b3cec5e,OTAuto02,b99df4a4-2bf5-4c08-9483-bd636470bc11,b99df4a4-2bf5-4c08-9483-bd636470bc11
38a9c162-ebe4-474b-b7db-0cf8b74a2562,assessment_8124601,933,onettenant+63587_8124601@svc.onetrust.com,276e8c2b-06f5-4dcd-8b65-e0317cc55c08,https://Assessment/Assessment/38a9c162-ebe4-474b-b7db-0cf8b74a2562,OTAuto02,b99df4a4-2bf5-4c08-9483-bd636470bc11,b99df4a4-2bf5-4c08-9483-bd636470bc11
b33d8120-18d6-40e8-ba15-aad629c74549,automated_assessment_40683_1352200,930,OneTrust Automation,79f09a0f-fbd7-4439-9e1e-d48abe62c98e,https://Assessment/Assessment/b33d8120-18d6-40e8-ba15-aad629c74549,OTAuto02,b99df4a4-2bf5-4c08-9483-bd636470bc11,b99df4a4-2bf5-4c08-9483-bd636470bc11
323e9564-46bb-4bb6-8726-3a919b3cec5e,Automated_Assessment_2917137,919,projectowner user,da43fe2d-46b8-4d39-8174-b857cd048aa4,https://Assessment/Assessment/323e9564-46bb-4bb6-8726-3a919b3cec5e,OTAuto02,b99df4a4-2bf5-4c08-9483-bd636470bc11,b99df4a4-2bf5-4c08-9483-bd636470bc11
e475c53e-6357-4b29-9460-aa722a396898,Automated_Assessment_718681,973,OneTrust Automation,79f09a0f-fbd7-4439-9e1e-d48abe62c98e,https://Assessment/Assessment/e475c53e-6357-4b29-9460-aa722a396898,OTAuto02,b99df4a4-2bf5-4c08-9483-bd636470bc11,b99df4a4-2bf5-4c08-9483-bd636470bc11
77fb8305-1ae4-4fa4-bda6-f03183eb9415,Copy_Automated_Assessment_53871_8534672 - Template_8534672,952,onettenant+8534672@svc.onetrust.com,bd44d5a1-e20d-43b6-a650-59f7464e9ec1,https://Assessment/Assessment/77fb8305-1ae4-4fa4-bda6-f03183eb9415,OTAuto02,b99df4a4-2bf5-4c08-9483-bd636470bc11,b99df4a4-2bf5-4c08-9483-bd636470bc11
28112cd8-b486-4ea4-a539-c45719fa01f3,Inventory_Assessment_1_42641_4163123,968,onettenant+4163123@svc.onetrust.com,8d74a77d-6bb0-472b-81f8-e8ee5bec608e,https://Assessment/Assessment/28112cd8-b486-4ea4-a539-c45719fa01f3,OTAuto02,b99df4a4-2bf5-4c08-9483-bd636470bc11,b99df4a4-2bf5-4c08-9483-bd636470bc11
0371655f-0ddc-4462-8823-ac07807b93ab,Automated_Assessment_4513537,955,OneTrust Automation,79f09a0f-fbd7-4439-9e1e-d48abe62c98e,https://Assessment/Assessment/0371655f-0ddc-4462-8823-ac07807b93ab,OTAuto02,b99df4a4-2bf5-4c08-9483-bd636470bc11,b99df4a4-2bf5-4c08-9483-bd636470bc11
56b446f0-8e72-4239-b18a-ba97a84b838c,assessment_6825954,946,otautotenant01+6825954@svc.onetrust.com,e9264620-383f-4f6b-ac1b-50bf801c54a4,https://Assessment/Assessment/56b446f0-8e72-4239-b18a-ba97a84b838c,OTAuto02,b99df4a4-2bf5-4c08-9483-bd636470bc11,b99df4a4-2bf5-4c08-9483-bd636470bc11
b8a5217a-b947-4c73-b68e-667fecd0e715,Automated_Assessment_5820_4728325,967,OneTrust Automation,79f09a0f-fbd7-4439-9e1e-d48abe62c98e,https://Assessment/Assessment/b8a5217a-b947-4c73-b68e-667fecd0e715,OTAuto02,b99df4a4-2bf5-4c08-9483-bd636470bc11,b99df4a4-2bf5-4c08-9483-bd636470bc11
5c874502-a9bb-42cc-9505-fc509a185c5b,Copy_Automated_Assessment_53871_8534672,947,onettenant+8534672@svc.onetrust.com,bd44d5a1-e20d-43b6-a650-59f7464e9ec1,https://Assessment/Assessment/5c874502-a9bb-42cc-9505-fc509a185c5b,OTAuto02,b99df4a4-2bf5-4c08-9483-bd636470bc11,b99df4a4-2bf5-4c08-9483-bd636470bc11
b980846b-2598-487a-9de8-e4f432f7fd20,Automated_Assessment_6730559,978,privacyofficer user,aa5e22c6-dc4f-473f-8aa5-46753f07d37d,https://Assessment/Assessment/b980846b-2598-487a-9de8-e4f432f7fd20,OTAuto02,b99df4a4-2bf5-4c08-9483-bd636470bc11,b99df4a4-2bf5-4c08-9483-bd636470bc11
b17b50ee-cf0e-4fb9-9032-541da2ef0029,assessmentExportResponses_1870156,982,OneTrust Automation,79f09a0f-fbd7-4439-9e1e-d48abe62c98e,https://Assessment/Assessment/b17b50ee-cf0e-4fb9-9032-541da2ef0029,OTAuto02,b99df4a4-2bf5-4c08-9483-bd636470bc11,b99df4a4-2bf5-4c08-9483-bd636470bc11
cad8564d-d475-454a-86a2-beabb6931574,assessment_43465_6822598,1020,OneTrust Automation,79f09a0f-fbd7-4439-9e1e-d48abe62c98e,https://Assessment/Assessment/cad8564d-d475-454a-86a2-beabb6931574,OTAuto02,b99df4a4-2bf5-4c08-9483-bd636470bc11,b99df4a4-2bf5-4c08-9483-bd636470bc11
aecca32c-0f6a-4349-a602-2ae3b57819cd,Assessment_Control_1658082,1010,projectowner user,da43fe2d-46b8-4d39-8174-b857cd048aa4,https://Assessment/Assessment/aecca32c-0f6a-4349-a602-2ae3b57819cd,OTAuto02,b99df4a4-2bf5-4c08-9483-bd636470bc11,b99df4a4-2bf5-4c08-9483-bd636470bc11
30dbd386-126f-4814-b6b1-9b86ff405dc2,Inventory_01_Assessment_1137087,1018,OneTrust Automation,79f09a0f-fbd7-4439-9e1e-d48abe62c98e,https://Assessment/Assessment/30dbd386-126f-4814-b6b1-9b86ff405dc2,OTAuto02,b99df4a4-2bf5-4c08-9483-bd636470bc11,b99df4a4-2bf5-4c08-9483-bd636470bc11
3f473051-a32c-4443-aebc-7abdf620f5b2,Automated_Assessment_57991_1152396,988,OneTrust Automation,79f09a0f-fbd7-4439-9e1e-d48abe62c98e,https://Assessment/Assessment/3f473051-a32c-4443-aebc-7abdf620f5b2,OTAuto02,b99df4a4-2bf5-4c08-9483-bd636470bc11,b99df4a4-2bf5-4c08-9483-bd636470bc11
219743ba-069c-4ed5-a152-d2cde5907cf5,Automated_Assessment_68694_3165949,1017,OneTrust Automation,79f09a0f-fbd7-4439-9e1e-d48abe62c98e,https://Assessment/Assessment/219743ba-069c-4ed5-a152-d2cde5907cf5,OTAuto02,b99df4a4-2bf5-4c08-9483-bd636470bc11,b99df4a4-2bf5-4c08-9483-bd636470bc11
644bdafe-c1f7-42c3-9125-a33e31baac88,Automated_Assessment_5597155,1001,projectowner user,da43fe2d-46b8-4d39-8174-b857cd048aa4,https://Assessment/Assessment/644bdafe-c1f7-42c3-9125-a33e31baac88,OTAuto02,b99df4a4-2bf5-4c08-9483-bd636470bc11,b99df4a4-2bf5-4c08-9483-bd636470bc11
1436e05a-7246-4589-ae54-23b9831436d3,assessment_3912080,1008,OneTrust Automation,79f09a0f-fbd7-4439-9e1e-d48abe62c98e,https://Assessment/Assessment/1436e05a-7246-4589-ae54-23b9831436d3,OTAuto02,b99df4a4-2bf5-4c08-9483-bd636470bc11,b99df4a4-2bf5-4c08-9483-bd636470bc11
af6a90bd-a2e9-4720-a307-3888571506bd,assessment_3912080 - Template_3912080_1,1015,OneTrust Automation,79f09a0f-fbd7-4439-9e1e-d48abe62c98e,https://Assessment/Assessment/af6a90bd-a2e9-4720-a307-3888571506bd,OTAuto02,b99df4a4-2bf5-4c08-9483-bd636470bc11,b99df4a4-2bf5-4c08-9483-bd636470bc11
24dc51a9-65b6-4e27-b692-66108ec9e96c,assessment_43642_8166862,1025,OneTrust Automation,79f09a0f-fbd7-4439-9e1e-d48abe62c98e,https://Assessment/Assessment/24dc51a9-65b6-4e27-b692-66108ec9e96c,OTAuto02,b99df4a4-2bf5-4c08-9483-bd636470bc11,b99df4a4-2bf5-4c08-9483-bd636470bc11
1fdaf9af-0099-4223-ae1d-3b2e40fb37e3,assessment_446130,1037,OneTrust Automation,79f09a0f-fbd7-4439-9e1e-d48abe62c98e,https://Assessment/Assessment/1fdaf9af-0099-4223-ae1d-3b2e40fb37e3,OTAuto02,b99df4a4-2bf5-4c08-9483-bd636470bc11,b99df4a4-2bf5-4c08-9483-bd636470bc11
896abc2d-9e58-455d-b41b-ca9c1fc26979,Assessment_1_7019050,1030,onettenant+7019050@svc.onetrust.com,11b4930b-1f4b-44de-8076-e95d17c2d2cd,https://Assessment/Assessment/896abc2d-9e58-455d-b41b-ca9c1fc26979,OTAuto02,b99df4a4-2bf5-4c08-9483-bd636470bc11,b99df4a4-2bf5-4c08-9483-bd636470bc11
31a86ac4-b87b-4bd9-91bd-a6f19f97e485,Automated_Assessment_241401,1063,OneTrust Automation,79f09a0f-fbd7-4439-9e1e-d48abe62c98e,https://Assessment/Assessment/31a86ac4-b87b-4bd9-91bd-a6f19f97e485,OTAuto02,b99df4a4-2bf5-4c08-9483-bd636470bc11,b99df4a4-2bf5-4c08-9483-bd636470bc11
659cf49a-bb5b-44f1-8261-4e979e79d25d,automation_4995705,1064,projectowner user,da43fe2d-46b8-4d39-8174-b857cd048aa4,https://Assessment/Assessment/659cf49a-bb5b-44f1-8261-4e979e79d25d,OTAuto02,b99df4a4-2bf5-4c08-9483-bd636470bc11,b99df4a4-2bf5-4c08-9483-bd636470bc11
6bc67ec6-432a-449e-8009-f8c824b8397f,Automated_Assessment_7144960,1051,OneTrust Automation,79f09a0f-fbd7-4439-9e1e-d48abe62c98e,https://Assessment/Assessment/6bc67ec6-432a-449e-8009-f8c824b8397f,OTAuto02,b99df4a4-2bf5-4c08-9483-bd636470bc11,b99df4a4-2bf5-4c08-9483-bd636470bc11
dfbbfd32-0644-46b5-9f43-1b5b942071aa,Assessment_3390941,1066,OneTrust Automation,79f09a0f-fbd7-4439-9e1e-d48abe62c98e,https://Assessment/Assessment/dfbbfd32-0644-46b5-9f43-1b5b942071aa,OTAuto02,b99df4a4-2bf5-4c08-9483-bd636470bc11,b99df4a4-2bf5-4c08-9483-bd636470bc11
bb175ece-4d5a-4413-a812-629f3bd7b410,OneTrust Automation_Template_44459 Template_44459_4995705_03/19/2026,1067,OneTrust Automation,79f09a0f-fbd7-4439-9e1e-d48abe62c98e,https://Assessment/Assessment/bb175ece-4d5a-4413-a812-629f3bd7b410,OTAuto02,b99df4a4-2bf5-4c08-9483-bd636470bc11,b99df4a4-2bf5-4c08-9483-bd636470bc11
10778168-90aa-48ff-853d-e39d4cc55655,OneTrust Automation_Template_44459 Template_44459_4995705_03/19/2026,1069,OneTrust Automation,79f09a0f-fbd7-4439-9e1e-d48abe62c98e,https://Assessment/Assessment/10778168-90aa-48ff-853d-e39d4cc55655,OTAuto02,b99df4a4-2bf5-4c08-9483-bd636470bc11,b99df4a4-2bf5-4c08-9483-bd636470bc11
8403d60f-c3dc-4d6d-b31a-43f9124345b7,assessment_1_2129186,1071,OneTrust Automation,79f09a0f-fbd7-4439-9e1e-d48abe62c98e,https://Assessment/Assessment/8403d60f-c3dc-4d6d-b31a-43f9124345b7,OTAuto02,b99df4a4-2bf5-4c08-9483-bd636470bc11,b99df4a4-2bf5-4c08-9483-bd636470bc11
88ba85a8-e0f9-49d5-a447-bf8f73b73fe9,automation_project_42471_9892964,1099,onettenant+9892964@svc.onetrust.com,f57f6519-6c3b-4433-b154-7525bd492193,https://Assessment/Assessment/88ba85a8-e0f9-49d5-a447-bf8f73b73fe9,OTAuto02,b99df4a4-2bf5-4c08-9483-bd636470bc11,b99df4a4-2bf5-4c08-9483-bd636470bc11
679af6f8-76d8-4811-8e2c-17fa27197a98,Assessment_For_On_submission_9736753,1086,OneTrust Automation,79f09a0f-fbd7-4439-9e1e-d48abe62c98e,https://Assessment/Assessment/679af6f8-76d8-4811-8e2c-17fa27197a98,OTAuto02,b99df4a4-2bf5-4c08-9483-bd636470bc11,b99df4a4-2bf5-4c08-9483-bd636470bc11
8049ae36-ac0e-47da-813a-c1db1671d317,automation_project_42926_7115172,1103,OneTrust Automation,79f09a0f-fbd7-4439-9e1e-d48abe62c98e,https://Assessment/Assessment/8049ae36-ac0e-47da-813a-c1db1671d317,OTAuto02,b99df4a4-2bf5-4c08-9483-bd636470bc11,b99df4a4-2bf5-4c08-9483-bd636470bc11
c369e5db-4e1c-484d-9363-950472b9e7d1,automation_project_42926_1_7115172,1111,privacyofficer user,aa5e22c6-dc4f-473f-8aa5-46753f07d37d,https://Assessment/Assessment/c369e5db-4e1c-484d-9363-950472b9e7d1,OTAuto02,b99df4a4-2bf5-4c08-9483-bd636470bc11,b99df4a4-2bf5-4c08-9483-bd636470bc11
fa1707e0-557e-4428-b1fd-da28815f61fa,Automated_Assessment_6429500,1093,OneTrust Automation,79f09a0f-fbd7-4439-9e1e-d48abe62c98e,https://Assessment/Assessment/fa1707e0-557e-4428-b1fd-da28815f61fa,OTAuto02,b99df4a4-2bf5-4c08-9483-bd636470bc11,b99df4a4-2bf5-4c08-9483-bd636470bc11
02841241-c9ad-468f-aa09-f58b33aeac45,Assessment_1_8392587,1105,onettenant+8392587@svc.onetrust.com,a3ce065c-b51e-439a-bbfc-3f4d24280544,https://Assessment/Assessment/02841241-c9ad-468f-aa09-f58b33aeac45,OTAuto02,b99df4a4-2bf5-4c08-9483-bd636470bc11,b99df4a4-2bf5-4c08-9483-bd636470bc11
fa1707e0-557e-4428-b1fd-da28815f61fa,Automated_Assessment_6429500,1093,privacyofficer user,aa5e22c6-dc4f-473f-8aa5-46753f07d37d,https://Assessment/Assessment/fa1707e0-557e-4428-b1fd-da28815f61fa,OTAuto02,b99df4a4-2bf5-4c08-9483-bd636470bc11,b99df4a4-2bf5-4c08-9483-bd636470bc11
07430b8f-0efd-4352-a5bb-4e7c73722e37,Assessment_2_1454145,1088,OneTrust Automation,79f09a0f-fbd7-4439-9e1e-d48abe62c98e,https://Assessment/Assessment/07430b8f-0efd-4352-a5bb-4e7c73722e37,OTAuto02,b99df4a4-2bf5-4c08-9483-bd636470bc11,b99df4a4-2bf5-4c08-9483-bd636470bc11
24e9bbca-26d0-42c5-9f3c-aff8265782a9,assessment_43642_3708789,1101,OneTrust Automation,79f09a0f-fbd7-4439-9e1e-d48abe62c98e,https://Assessment/Assessment/24e9bbca-26d0-42c5-9f3c-aff8265782a9,OTAuto02,b99df4a4-2bf5-4c08-9483-bd636470bc11,b99df4a4-2bf5-4c08-9483-bd636470bc11
d471dc01-bb5a-4caa-a4d2-1635e1478ccb,automated_controlName_2_5822226,1119,OneTrust Automation,79f09a0f-fbd7-4439-9e1e-d48abe62c98e,https://Assessment/Assessment/d471dc01-bb5a-4caa-a4d2-1635e1478ccb,OTAuto02,b99df4a4-2bf5-4c08-9483-bd636470bc11,b99df4a4-2bf5-4c08-9483-bd636470bc11
5b4b47a6-fb58-43d9-ad20-931991d34ccf,automation_project_42926_2_7115172,1120,projectowner user,da43fe2d-46b8-4d39-8174-b857cd048aa4,https://Assessment/Assessment/5b4b47a6-fb58-43d9-ad20-931991d34ccf,OTAuto02,b99df4a4-2bf5-4c08-9483-bd636470bc11,b99df4a4-2bf5-4c08-9483-bd636470bc11
71e2a784-a713-46aa-997a-2132f6c0fcb0,automated_controlName_1_5822226,1118,OneTrust Automation,79f09a0f-fbd7-4439-9e1e-d48abe62c98e,https://Assessment/Assessment/71e2a784-a713-46aa-997a-2132f6c0fcb0,OTAuto02,b99df4a4-2bf5-4c08-9483-bd636470bc11,b99df4a4-2bf5-4c08-9483-bd636470bc11
853eca15-654a-4c2f-ad7a-1aae27ec446d,automation_project_42926_3_7115172,1135,onettenant+7115172@svc.onetrust.com,93f7dce3-93db-4046-983a-c16bb634b9b7,https://Assessment/Assessment/853eca15-654a-4c2f-ad7a-1aae27ec446d,OTAuto02,b99df4a4-2bf5-4c08-9483-bd636470bc11,b99df4a4-2bf5-4c08-9483-bd636470bc11
9559eea3-ab6f-4c6b-80ac-a53c36a09153,Bulk_Assessment_deadline_reminder_8021004,1137,projectowner user,da43fe2d-46b8-4d39-8174-b857cd048aa4,https://Assessment/Assessment/9559eea3-ab6f-4c6b-80ac-a53c36a09153,OTAuto02,b99df4a4-2bf5-4c08-9483-bd636470bc11,b99df4a4-2bf5-4c08-9483-bd636470bc11
50dd413a-3620-414f-b080-8698b4bc0958,Automated_Assessment_57993_8698443,1151,OneTrust Automation,79f09a0f-fbd7-4439-9e1e-d48abe62c98e,https://Assessment/Assessment/50dd413a-3620-414f-b080-8698b4bc0958,OTAuto02,b99df4a4-2bf5-4c08-9483-bd636470bc11,b99df4a4-2bf5-4c08-9483-bd636470bc11
df7dec9d-9e34-4dcf-b095-3b455e0a62bf,automated_assessment3_5893082,1149,OneTrust Automation,79f09a0f-fbd7-4439-9e1e-d48abe62c98e,https://Assessment/Assessment/df7dec9d-9e34-4dcf-b095-3b455e0a62bf,OTAuto02,b99df4a4-2bf5-4c08-9483-bd636470bc11,b99df4a4-2bf5-4c08-9483-bd636470bc11
061aa1f1-1ab0-47ce-acc4-9caab8a9ea28,automated_assessment_9363987 - Template_9363987,1154,OneTrust Automation,79f09a0f-fbd7-4439-9e1e-d48abe62c98e,https://Assessment/Assessment/061aa1f1-1ab0-47ce-acc4-9caab8a9ea28,OTAuto02,b99df4a4-2bf5-4c08-9483-bd636470bc11,b99df4a4-2bf5-4c08-9483-bd636470bc11
8013c4b2-64bf-48f3-9a8d-e0f47297b23d,automated_assessment_9363987,1153,OneTrust Automation,79f09a0f-fbd7-4439-9e1e-d48abe62c98e,https://Assessment/Assessment/8013c4b2-64bf-48f3-9a8d-e0f47297b23d,OTAuto02,b99df4a4-2bf5-4c08-9483-bd636470bc11,b99df4a4-2bf5-4c08-9483-bd636470bc11
95539184-54b9-4999-b5a7-c5a04793797d,assessment_6738210,1148,privacyofficer user,aa5e22c6-dc4f-473f-8aa5-46753f07d37d,https://Assessment/Assessment/95539184-54b9-4999-b5a7-c5a04793797d,OTAuto02,b99df4a4-2bf5-4c08-9483-bd636470bc11,b99df4a4-2bf5-4c08-9483-bd636470bc11
72eccb08-ed3a-4fc1-ab27-73f20346027a,AA-1_7959944,1190,User_1_7959944 ProjectOwner,2baa09b5-9211-41d6-a940-2ad2712034da,https://Assessment/Assessment/72eccb08-ed3a-4fc1-ab27-73f20346027a,OTAuto02,b99df4a4-2bf5-4c08-9483-bd636470bc11,b99df4a4-2bf5-4c08-9483-bd636470bc11
72eccb08-ed3a-4fc1-ab27-73f20346027a,AA-1_7959944,1190,OneTrust Automation,79f09a0f-fbd7-4439-9e1e-d48abe62c98e,https://Assessment/Assessment/72eccb08-ed3a-4fc1-ab27-73f20346027a,OTAuto02,b99df4a4-2bf5-4c08-9483-bd636470bc11,b99df4a4-2bf5-4c08-9483-bd636470bc11
a3a6f59c-a88f-4ee0-aec9-84e0aeaa8e6f,assessment_43465_6009622,1191,OneTrust Automation,79f09a0f-fbd7-4439-9e1e-d48abe62c98e,https://Assessment/Assessment/a3a6f59c-a88f-4ee0-aec9-84e0aeaa8e6f,OTAuto02,b99df4a4-2bf5-4c08-9483-bd636470bc11,b99df4a4-2bf5-4c08-9483-bd636470bc11
1416c866-bf80-4577-9b01-72171901b028,Automated_Assessment_58589_8749140,1226,OneTrust Automation,79f09a0f-fbd7-4439-9e1e-d48abe62c98e,https://Assessment/Assessment/1416c866-bf80-4577-9b01-72171901b028,OTAuto02,b99df4a4-2bf5-4c08-9483-bd636470bc11,b99df4a4-2bf5-4c08-9483-bd636470bc11
214d8706-a4fc-49fb-b475-3e7fb38a181f,pa_1_3126088,1207,OneTrust Automation,79f09a0f-fbd7-4439-9e1e-d48abe62c98e,https://Assessment/Assessment/214d8706-a4fc-49fb-b475-3e7fb38a181f,OTAuto02,b99df4a4-2bf5-4c08-9483-bd636470bc11,b99df4a4-2bf5-4c08-9483-bd636470bc11
24a864f5-2e1d-4ba6-80fb-7e6e874a1639,assesment_23_3126088,1205,OneTrust Automation,79f09a0f-fbd7-4439-9e1e-d48abe62c98e,https://Assessment/Assessment/24a864f5-2e1d-4ba6-80fb-7e6e874a1639,OTAuto02,b99df4a4-2bf5-4c08-9483-bd636470bc11,b99df4a4-2bf5-4c08-9483-bd636470bc11
e27f686b-acdf-4149-9b27-120b9809ab1d,Assessment2_1122_5883473,1206,OneTrust Automation,79f09a0f-fbd7-4439-9e1e-d48abe62c98e,https://Assessment/Assessment/e27f686b-acdf-4149-9b27-120b9809ab1d,OTAuto02,b99df4a4-2bf5-4c08-9483-bd636470bc11,b99df4a4-2bf5-4c08-9483-bd636470bc11
790b2d79-d687-4b25-af93-b26a2dd693f9,Assessment-244_6580194,1220,OneTrust Automation,79f09a0f-fbd7-4439-9e1e-d48abe62c98e,https://Assessment/Assessment/790b2d79-d687-4b25-af93-b26a2dd693f9,OTAuto02,b99df4a4-2bf5-4c08-9483-bd636470bc11,b99df4a4-2bf5-4c08-9483-bd636470bc11
9f68c926-a9b1-45f3-927d-52d012e2de50,Launched_Temp2_8745198,1204,OneTrust Automation,79f09a0f-fbd7-4439-9e1e-d48abe62c98e,https://Assessment/Assessment/9f68c926-a9b1-45f3-927d-52d012e2de50,OTAuto02,b99df4a4-2bf5-4c08-9483-bd636470bc11,b99df4a4-2bf5-4c08-9483-bd636470bc11
1403cf86-9c0e-4ad3-9d6b-95cf2fe6750a,Assessment_834821,1231,OneTrust Automation,79f09a0f-fbd7-4439-9e1e-d48abe62c98e,https://Assessment/Assessment/1403cf86-9c0e-4ad3-9d6b-95cf2fe6750a,OTAuto02,b99df4a4-2bf5-4c08-9483-bd636470bc11,b99df4a4-2bf5-4c08-9483-bd636470bc11
4e401e02-2db6-49a5-a1cf-4ee2497ee2ae,Engagement_Assessment_529920,1232,OneTrust Automation,79f09a0f-fbd7-4439-9e1e-d48abe62c98e,https://Assessment/Assessment/4e401e02-2db6-49a5-a1cf-4ee2497ee2ae,OTAuto02,b99df4a4-2bf5-4c08-9483-bd636470bc11,b99df4a4-2bf5-4c08-9483-bd636470bc11
ae3d72c7-9b9f-4e4f-8384-809f15f5896b,assessment_5272265,1211,OneTrust Automation,79f09a0f-fbd7-4439-9e1e-d48abe62c98e,https://Assessment/Assessment/ae3d72c7-9b9f-4e4f-8384-809f15f5896b,OTAuto02,b99df4a4-2bf5-4c08-9483-bd636470bc11,b99df4a4-2bf5-4c08-9483-bd636470bc11
bd12587a-fcd7-4382-9159-0b2222c9d3fa,v_1177930 - t_1177930,1215,OneTrust Automation,79f09a0f-fbd7-4439-9e1e-d48abe62c98e,https://Assessment/Assessment/bd12587a-fcd7-4382-9159-0b2222c9d3fa,OTAuto02,b99df4a4-2bf5-4c08-9483-bd636470bc11,b99df4a4-2bf5-4c08-9483-bd636470bc11
db529ae7-49d8-4c72-9f49-254d31e3ccd9,Automated_Assessment_5525_4643151,1213,OneTrust Automation,79f09a0f-fbd7-4439-9e1e-d48abe62c98e,https://Assessment/Assessment/db529ae7-49d8-4c72-9f49-254d31e3ccd9,OTAuto02,b99df4a4-2bf5-4c08-9483-bd636470bc11,b99df4a4-2bf5-4c08-9483-bd636470bc11
f43051be-a303-4cac-b8ee-c8169bcd50df,a_2462421,1217,OneTrust Automation,79f09a0f-fbd7-4439-9e1e-d48abe62c98e,https://Assessment/Assessment/f43051be-a303-4cac-b8ee-c8169bcd50df,OTAuto02,b99df4a4-2bf5-4c08-9483-bd636470bc11,b99df4a4-2bf5-4c08-9483-bd636470bc11
647b829f-853d-4b8c-bf08-ff7698180c8d,LaunchAssmnt_626786,1219,OneTrust Automation,79f09a0f-fbd7-4439-9e1e-d48abe62c98e,https://Assessment/Assessment/647b829f-853d-4b8c-bf08-ff7698180c8d,OTAuto02,b99df4a4-2bf5-4c08-9483-bd636470bc11,b99df4a4-2bf5-4c08-9483-bd636470bc11
787454c8-8b4a-491f-a164-10c3b455026d,Launched_Temp2_5883473 - Temp1_1122_5883473,1203,OneTrust Automation,79f09a0f-fbd7-4439-9e1e-d48abe62c98e,https://Assessment/Assessment/787454c8-8b4a-491f-a164-10c3b455026d,OTAuto02,b99df4a4-2bf5-4c08-9483-bd636470bc11,b99df4a4-2bf5-4c08-9483-bd636470bc11
aa097d38-f2d9-4e26-8137-37bc6d708652,APIBulk_Assessment_3400472,1210,OneTrust Automation,79f09a0f-fbd7-4439-9e1e-d48abe62c98e,https://Assessment/Assessment/aa097d38-f2d9-4e26-8137-37bc6d708652,OTAuto02,b99df4a4-2bf5-4c08-9483-bd636470bc11,b99df4a4-2bf5-4c08-9483-bd636470bc11
777c8884-885e-4a9b-8b5f-2e0ea9fe2533,a_5806616,1216,OneTrust Automation,79f09a0f-fbd7-4439-9e1e-d48abe62c98e,https://Assessment/Assessment/777c8884-885e-4a9b-8b5f-2e0ea9fe2533,OTAuto02,b99df4a4-2bf5-4c08-9483-bd636470bc11,b99df4a4-2bf5-4c08-9483-bd636470bc11
b183325f-41ae-4436-b7b2-68d0510feece,a_3216552,1208,OneTrust Automation,79f09a0f-fbd7-4439-9e1e-d48abe62c98e,https://Assessment/Assessment/b183325f-41ae-4436-b7b2-68d0510feece,OTAuto02,b99df4a4-2bf5-4c08-9483-bd636470bc11,b99df4a4-2bf5-4c08-9483-bd636470bc11
4048c66e-ba89-4b1f-a4cb-e9fb7f4d0241,assessment_copy_5272265,1214,OneTrust Automation,79f09a0f-fbd7-4439-9e1e-d48abe62c98e,https://Assessment/Assessment/4048c66e-ba89-4b1f-a4cb-e9fb7f4d0241,OTAuto02,b99df4a4-2bf5-4c08-9483-bd636470bc11,b99df4a4-2bf5-4c08-9483-bd636470bc11
956ee6de-f874-42de-bfe1-7adec045e713,Incident_893079,1227,OneTrust Automation,79f09a0f-fbd7-4439-9e1e-d48abe62c98e,https://Assessment/Assessment/956ee6de-f874-42de-bfe1-7adec045e713,OTAuto02,b99df4a4-2bf5-4c08-9483-bd636470bc11,b99df4a4-2bf5-4c08-9483-bd636470bc11
bf6b3f96-eef3-4465-ac70-f03beffd38b9,Assessment_1597_6852740,1221,OneTrust Automation,79f09a0f-fbd7-4439-9e1e-d48abe62c98e,https://Assessment/Assessment/bf6b3f96-eef3-4465-ac70-f03beffd38b9,OTAuto02,b99df4a4-2bf5-4c08-9483-bd636470bc11,b99df4a4-2bf5-4c08-9483-bd636470bc11
e3d67b2c-0726-41e4-8aaf-7de07a4bf26c,Launched_Temp2_5883473,1202,OneTrust Automation,79f09a0f-fbd7-4439-9e1e-d48abe62c98e,https://Assessment/Assessment/e3d67b2c-0726-41e4-8aaf-7de07a4bf26c,OTAuto02,b99df4a4-2bf5-4c08-9483-bd636470bc11,b99df4a4-2bf5-4c08-9483-bd636470bc11
5e920c76-7044-464d-b760-532fef6bef60,Assessment_name_random_name,1242,OneTrust Automation,79f09a0f-fbd7-4439-9e1e-d48abe62c98e,https://Assessment/Assessment/5e920c76-7044-464d-b760-532fef6bef60,OTAuto02,b99df4a4-2bf5-4c08-9483-bd636470bc11,b99df4a4-2bf5-4c08-9483-bd636470bc11
09185ad9-272a-4ca9-a52d-8ac043bbf201,assessment_3316626,1244,OneTrust Automation,79f09a0f-fbd7-4439-9e1e-d48abe62c98e,https://Assessment/Assessment/09185ad9-272a-4ca9-a52d-8ac043bbf201,OTAuto02,b99df4a4-2bf5-4c08-9483-bd636470bc11,b99df4a4-2bf5-4c08-9483-bd636470bc11
99460cc4-217f-457b-8094-b2d3caa00f54,assessment_2411_1_6639076,1239,OneTrust Automation,79f09a0f-fbd7-4439-9e1e-d48abe62c98e,https://Assessment/Assessment/99460cc4-217f-457b-8094-b2d3caa00f54,OTAuto02,b99df4a4-2bf5-4c08-9483-bd636470bc11,b99df4a4-2bf5-4c08-9483-bd636470bc11
1ff54324-9294-476d-b87d-363263d80817,assessment_2411_2_6639076,1240,OneTrust Automation,79f09a0f-fbd7-4439-9e1e-d48abe62c98e,https://Assessment/Assessment/1ff54324-9294-476d-b87d-363263d80817,OTAuto02,b99df4a4-2bf5-4c08-9483-bd636470bc11,b99df4a4-2bf5-4c08-9483-bd636470bc11
6be26b2c-286d-4e11-a62d-ac0f258aba12,assessment_engagement_01_8829184,1246,projectowner user,da43fe2d-46b8-4d39-8174-b857cd048aa4,https://Assessment/Assessment/6be26b2c-286d-4e11-a62d-ac0f258aba12,asset_org_1,6b055818-7a4a-497c-a9ba-407530f4a17d,6b055818-7a4a-497c-a9ba-407530f4a17d
6be26b2c-286d-4e11-a62d-ac0f258aba12,assessment_engagement_01_8829184,1246,projectowner user,da43fe2d-46b8-4d39-8174-b857cd048aa4,https://Assessment/Assessment/6be26b2c-286d-4e11-a62d-ac0f258aba12,asset_org_1,6b055818-7a4a-497c-a9ba-407530f4a17d,b99df4a4-2bf5-4c08-9483-bd636470bc11
43eb09a5-3adb-439e-a3c9-788115300442,pa_78089_184344_edit,1233,OneTrust Automation,79f09a0f-fbd7-4439-9e1e-d48abe62c98e,https://Assessment/Assessment/43eb09a5-3adb-439e-a3c9-788115300442,OTAuto02,b99df4a4-2bf5-4c08-9483-bd636470bc11,b99df4a4-2bf5-4c08-9483-bd636470bc11
f9ed83f8-0bb5-4846-a1b1-4fec5be17596,automation_assessment_7141031,1224,Project_7141031 Resp_7141031,a7430a09-baca-47a1-9979-cfb3d155953e,https://Assessment/Assessment/f9ed83f8-0bb5-4846-a1b1-4fec5be17596,OTAuto02,b99df4a4-2bf5-4c08-9483-bd636470bc11,b99df4a4-2bf5-4c08-9483-bd636470bc11
a19378c0-8b23-4d58-8a18-ee0c55ccf964,assessment_9076118,1247,OneTrust Automation,79f09a0f-fbd7-4439-9e1e-d48abe62c98e,https://Assessment/Assessment/a19378c0-8b23-4d58-8a18-ee0c55ccf964,OTAuto02,b99df4a4-2bf5-4c08-9483-bd636470bc11,b99df4a4-2bf5-4c08-9483-bd636470bc11
7d16a518-5b41-4d92-9097-373bca9305bb,automation_1_assessment_1239639,1245,onettenant+1239639@svc.onetrust.com,fb251f2c-cf98-4167-8757-f40bee647df7,https://Assessment/Assessment/7d16a518-5b41-4d92-9097-373bca9305bb,OTAuto02,b99df4a4-2bf5-4c08-9483-bd636470bc11,b99df4a4-2bf5-4c08-9483-bd636470bc11
43eb09a5-3adb-439e-a3c9-788115300442,pa_78089_184344_edit,1233,onettenant+78089_invited_184344@svc.onetrust.com,808b5b53-5323-43bf-9d3c-5299a63ad633,https://Assessment/Assessment/43eb09a5-3adb-439e-a3c9-788115300442,OTAuto02,b99df4a4-2bf5-4c08-9483-bd636470bc11,b99df4a4-2bf5-4c08-9483-bd636470bc11
993004d5-8b20-4bdc-b8b2-7c02e3ff6b15,asset_78089_184344,1234,OneTrust Automation,79f09a0f-fbd7-4439-9e1e-d48abe62c98e,https://Assessment/Assessment/993004d5-8b20-4bdc-b8b2-7c02e3ff6b15,OTAuto02,b99df4a4-2bf5-4c08-9483-bd636470bc11,b99df4a4-2bf5-4c08-9483-bd636470bc11
25165c99-1eb9-43d5-ae28-b7aeb9b5b677,AssessmentName_6948366,1249,ExternalUser_6948366 ExternalUser,3cf23d5e-b982-4df6-bd91-102c8980358e,https://Assessment/Assessment/25165c99-1eb9-43d5-ae28-b7aeb9b5b677,OTAuto02,b99df4a4-2bf5-4c08-9483-bd636470bc11,b99df4a4-2bf5-4c08-9483-bd636470bc11
3ff798be-1a7b-429b-ba25-09ba16a592c1,reassess_assessment_2666165,1254,OneTrust Automation,79f09a0f-fbd7-4439-9e1e-d48abe62c98e,https://Assessment/Assessment/3ff798be-1a7b-429b-ba25-09ba16a592c1,OTAuto02,b99df4a4-2bf5-4c08-9483-bd636470bc11,b99df4a4-2bf5-4c08-9483-bd636470bc11
4a054c12-cc65-4c56-9b25-84ec1b68d574,assessment1_3316626,1250,OneTrust Automation,79f09a0f-fbd7-4439-9e1e-d48abe62c98e,https://Assessment/Assessment/4a054c12-cc65-4c56-9b25-84ec1b68d574,OTAuto02,b99df4a4-2bf5-4c08-9483-bd636470bc11,b99df4a4-2bf5-4c08-9483-bd636470bc11
610cea19-e2fc-44ac-a176-895ddfda5d2a,assessment_3405220,1253,email_3405220@svc.onetrust.com,0877b1f4-4f4e-4c02-b99c-92168f8459be,https://Assessment/Assessment/610cea19-e2fc-44ac-a176-895ddfda5d2a,OTAuto02,b99df4a4-2bf5-4c08-9483-bd636470bc11,b99df4a4-2bf5-4c08-9483-bd636470bc11
b41b5ee9-e883-401f-9481-e2cb9a171ac3,a_2666165,1251,OneTrust Automation,79f09a0f-fbd7-4439-9e1e-d48abe62c98e,https://Assessment/Assessment/b41b5ee9-e883-401f-9481-e2cb9a171ac3,OTAuto02,b99df4a4-2bf5-4c08-9483-bd636470bc11,b99df4a4-2bf5-4c08-9483-bd636470bc11
ea60e9bf-f718-4428-96dd-dd8ea7cd86d7,vendor_7461242 - wf_template_7461242,1252,OneTrust Automation,79f09a0f-fbd7-4439-9e1e-d48abe62c98e,https://Assessment/Assessment/ea60e9bf-f718-4428-96dd-dd8ea7cd86d7,OTAuto02,b99df4a4-2bf5-4c08-9483-bd636470bc11,b99df4a4-2bf5-4c08-9483-bd636470bc11
ea60e9bf-f718-4428-96dd-dd8ea7cd86d7,vendor_7461242 - wf_template_7461242,1252,firstName_7461242 lastName_7461242,981249a0-eb2b-43a2-8fa4-bbe9d2118ffd,https://Assessment/Assessment/ea60e9bf-f718-4428-96dd-dd8ea7cd86d7,OTAuto02,b99df4a4-2bf5-4c08-9483-bd636470bc11,b99df4a4-2bf5-4c08-9483-bd636470bc11
ea60e9bf-f718-4428-96dd-dd8ea7cd86d7,vendor_7461242 - wf_template_7461242,1252,firstname1_7461242 lastname1_7461242,d66eaf2b-949b-4bb3-8174-47a45748c85a,https://Assessment/Assessment/ea60e9bf-f718-4428-96dd-dd8ea7cd86d7,OTAuto02,b99df4a4-2bf5-4c08-9483-bd636470bc11,b99df4a4-2bf5-4c08-9483-bd636470bc11
a671a918-ff2c-48fb-9deb-b1923f892da5,AssessmentName_4088898,1263,otautotenant+invited_respondent_4088898@svc.onetrust.com,556219fe-9f01-42a9-8c6c-47178d182444,https://Assessment/Assessment/a671a918-ff2c-48fb-9deb-b1923f892da5,OTAuto02,b99df4a4-2bf5-4c08-9483-bd636470bc11,b99df4a4-2bf5-4c08-9483-bd636470bc11
db40d464-5ac3-49c0-8f08-3fc93cd07796,assessment2_1416741,1271,onettenant+1416741@svc.onetrust.com,d101072a-add1-49cf-944c-641dbf3e705b,https://Assessment/Assessment/db40d464-5ac3-49c0-8f08-3fc93cd07796,OTAuto02,b99df4a4-2bf5-4c08-9483-bd636470bc11,b99df4a4-2bf5-4c08-9483-bd636470bc11
b81ad9a2-fe5b-4e5e-a822-4146615ecdb6,a_7983927,1269,OneTrust Automation,79f09a0f-fbd7-4439-9e1e-d48abe62c98e,https://Assessment/Assessment/b81ad9a2-fe5b-4e5e-a822-4146615ecdb6,OTAuto02,b99df4a4-2bf5-4c08-9483-bd636470bc11,b99df4a4-2bf5-4c08-9483-bd636470bc11
bf71e3b0-8ac1-4bba-85d9-2a253ad575f4,assessment_9641541,1258,OneTrust Automation,79f09a0f-fbd7-4439-9e1e-d48abe62c98e,https://Assessment/Assessment/bf71e3b0-8ac1-4bba-85d9-2a253ad575f4,OTAuto02,b99df4a4-2bf5-4c08-9483-bd636470bc11,b99df4a4-2bf5-4c08-9483-bd636470bc11
0b662af6-2eac-472c-b3ea-1c8959e6aa7c,pa_1501_9987438,1270,OneTrust Automation,79f09a0f-fbd7-4439-9e1e-d48abe62c98e,https://Assessment/Assessment/0b662af6-2eac-472c-b3ea-1c8959e6aa7c,OTAuto02,b99df4a4-2bf5-4c08-9483-bd636470bc11,b99df4a4-2bf5-4c08-9483-bd636470bc11
3c2050e7-3e66-47c5-9785-7be5e403fd6b,assessment1_1416741,1268,onettenant+1416741@svc.onetrust.com,d101072a-add1-49cf-944c-641dbf3e705b,https://Assessment/Assessment/3c2050e7-3e66-47c5-9785-7be5e403fd6b,OTAuto02,b99df4a4-2bf5-4c08-9483-bd636470bc11,b99df4a4-2bf5-4c08-9483-bd636470bc11
a671a918-ff2c-48fb-9deb-b1923f892da5,AssessmentName_4088898,1263,ExternalUser_4088898 ExternalUser,75b481e4-9364-4e81-852f-25eba89c9b14,https://Assessment/Assessment/a671a918-ff2c-48fb-9deb-b1923f892da5,OTAuto02,b99df4a4-2bf5-4c08-9483-bd636470bc11,b99df4a4-2bf5-4c08-9483-bd636470bc11
a671a918-ff2c-48fb-9deb-b1923f892da5,AssessmentName_4088898,1263,InternalUserFirstName_4088898 InternalUserLastName,98a0e1c9-2aab-44fc-b2c9-9c42ca118c7f,https://Assessment/Assessment/a671a918-ff2c-48fb-9deb-b1923f892da5,OTAuto02,b99df4a4-2bf5-4c08-9483-bd636470bc11,b99df4a4-2bf5-4c08-9483-bd636470bc11
7a41c517-9f4b-42e0-913e-07aff332a8c9,Automated_Assessment_5283735,1277,onettenant+5283735@svc.onetrust.com,10b09cec-e556-48ae-ae41-40a117d9cd28,https://Assessment/Assessment/7a41c517-9f4b-42e0-913e-07aff332a8c9,OTAuto02,b99df4a4-2bf5-4c08-9483-bd636470bc11,b99df4a4-2bf5-4c08-9483-bd636470bc11
cecf2f77-9fe6-435f-8cb9-57e53fd91ffe,a_7145043,1282,OneTrust Automation,79f09a0f-fbd7-4439-9e1e-d48abe62c98e,https://Assessment/Assessment/cecf2f77-9fe6-435f-8cb9-57e53fd91ffe,OTAuto02,b99df4a4-2bf5-4c08-9483-bd636470bc11,b99df4a4-2bf5-4c08-9483-bd636470bc11
dae462eb-59b2-4308-b10d-cc171ba6550f,pa_1_8653814 - vrmAssessments_template_8653814,1288,Custom Vendor 02_8653814 User 02_8653814,36ba4ee5-57e8-44c7-8e78-4c5e27b4f5ab,https://Assessment/Assessment/dae462eb-59b2-4308-b10d-cc171ba6550f,OTAuto02,b99df4a4-2bf5-4c08-9483-bd636470bc11,b99df4a4-2bf5-4c08-9483-bd636470bc11
38beaa67-e179-4361-be85-a73e348f1ce0,automation_template_3283815_Assessment,1278,OneTrust Automation,79f09a0f-fbd7-4439-9e1e-d48abe62c98e,https://Assessment/Assessment/38beaa67-e179-4361-be85-a73e348f1ce0,OTAuto02,b99df4a4-2bf5-4c08-9483-bd636470bc11,b99df4a4-2bf5-4c08-9483-bd636470bc11
431fc604-938d-4aa6-8e01-ec4e62089151,LaunchAssmnt_2709409,1286,OneTrust Automation,79f09a0f-fbd7-4439-9e1e-d48abe62c98e,https://Assessment/Assessment/431fc604-938d-4aa6-8e01-ec4e62089151,OTAuto02,b99df4a4-2bf5-4c08-9483-bd636470bc11,b99df4a4-2bf5-4c08-9483-bd636470bc11
7454d03f-2bec-4e2f-b332-1c187b8d4ff9,a_5018553,1284,OneTrust Automation,79f09a0f-fbd7-4439-9e1e-d48abe62c98e,https://Assessment/Assessment/7454d03f-2bec-4e2f-b332-1c187b8d4ff9,OTAuto02,b99df4a4-2bf5-4c08-9483-bd636470bc11,b99df4a4-2bf5-4c08-9483-bd636470bc11
ba33023c-1165-425a-aee5-96d012673ea9,APIBulk_Assessment_7142410,1280,OneTrust Automation,79f09a0f-fbd7-4439-9e1e-d48abe62c98e,https://Assessment/Assessment/ba33023c-1165-425a-aee5-96d012673ea9,OTAuto02,b99df4a4-2bf5-4c08-9483-bd636470bc11,b99df4a4-2bf5-4c08-9483-bd636470bc11
dae462eb-59b2-4308-b10d-cc171ba6550f,pa_1_8653814 - vrmAssessments_template_8653814,1288,Primary Vendor 02_8653814 User 02_8653814,ea26e5ee-f9a9-4668-8a8f-59c78b25d282,https://Assessment/Assessment/dae462eb-59b2-4308-b10d-cc171ba6550f,OTAuto02,b99df4a4-2bf5-4c08-9483-bd636470bc11,b99df4a4-2bf5-4c08-9483-bd636470bc11
adbc791d-51ff-479b-91a4-6ecb7c333fd3,LaunchAssmnt_8979962,1285,OneTrust Automation,79f09a0f-fbd7-4439-9e1e-d48abe62c98e,https://Assessment/Assessment/adbc791d-51ff-479b-91a4-6ecb7c333fd3,OTAuto02,b99df4a4-2bf5-4c08-9483-bd636470bc11,b99df4a4-2bf5-4c08-9483-bd636470bc11
ed211c54-dba7-446b-8b1a-a6a0ec58a2c9,LaunchAssmnt_2709409 - Incident_Template1_436_2709409,1287,OneTrust Automation,79f09a0f-fbd7-4439-9e1e-d48abe62c98e,https://Assessment/Assessment/ed211c54-dba7-446b-8b1a-a6a0ec58a2c9,OTAuto02,b99df4a4-2bf5-4c08-9483-bd636470bc11,b99df4a4-2bf5-4c08-9483-bd636470bc11
dae462eb-59b2-4308-b10d-cc171ba6550f,pa_1_8653814 - vrmAssessments_template_8653814,1288,privacyofficer user,aa5e22c6-dc4f-473f-8aa5-46753f07d37d,https://Assessment/Assessment/dae462eb-59b2-4308-b10d-cc171ba6550f,OTAuto02,b99df4a4-2bf5-4c08-9483-bd636470bc11,b99df4a4-2bf5-4c08-9483-bd636470bc11
9acbdfa4-fe2f-4e9e-be94-f652611b7fed,Assessment_4656334,1291,OneTrust Automation,79f09a0f-fbd7-4439-9e1e-d48abe62c98e,https://Assessment/Assessment/9acbdfa4-fe2f-4e9e-be94-f652611b7fed,OTAuto02,b99df4a4-2bf5-4c08-9483-bd636470bc11,b99df4a4-2bf5-4c08-9483-bd636470bc11
e5cc2108-51e7-4139-ae90-9f0cc6b19d2c,Automated_Assessment_9714215,1294,onettenant+9714215@svc.onetrust.com,61a21be0-53f1-4997-ab84-8e84e169262f,https://Assessment/Assessment/e5cc2108-51e7-4139-ae90-9f0cc6b19d2c,OTAuto02,b99df4a4-2bf5-4c08-9483-bd636470bc11,b99df4a4-2bf5-4c08-9483-bd636470bc11
e8a2dbd3-743a-4a01-bcee-a64adbb01958,v_3408750 - t_3408750,1293,OneTrust Automation,79f09a0f-fbd7-4439-9e1e-d48abe62c98e,https://Assessment/Assessment/e8a2dbd3-743a-4a01-bcee-a64adbb01958,OTAuto02,b99df4a4-2bf5-4c08-9483-bd636470bc11,b99df4a4-2bf5-4c08-9483-bd636470bc11
1352687e-dc8a-4bf8-bc1e-0111b9664fe2,Assessment_name_6530282,1292,OneTrust Automation,79f09a0f-fbd7-4439-9e1e-d48abe62c98e,https://Assessment/Assessment/1352687e-dc8a-4bf8-bc1e-0111b9664fe2,OTAuto02,b99df4a4-2bf5-4c08-9483-bd636470bc11,b99df4a4-2bf5-4c08-9483-bd636470bc11
2795ebf8-565a-44c6-86d0-eb7b56cb28e4,V_7764752 - automation_template_2953109,1306,OneTrust Automation,79f09a0f-fbd7-4439-9e1e-d48abe62c98e,https://Assessment/Assessment/2795ebf8-565a-44c6-86d0-eb7b56cb28e4,OTAuto02,b99df4a4-2bf5-4c08-9483-bd636470bc11,b99df4a4-2bf5-4c08-9483-bd636470bc11
f883a9ab-1e88-41d1-8f93-0c7975e9472b,assessment_7152979,1297,OneTrust Automation,79f09a0f-fbd7-4439-9e1e-d48abe62c98e,https://Assessment/Assessment/f883a9ab-1e88-41d1-8f93-0c7975e9472b,OTAuto02,b99df4a4-2bf5-4c08-9483-bd636470bc11,b99df4a4-2bf5-4c08-9483-bd636470bc11
45b5c48b-588e-4556-97fd-394c1a8e9a25,APIBulk_Assessment_9238933,1298,OneTrust Automation,79f09a0f-fbd7-4439-9e1e-d48abe62c98e,https://Assessment/Assessment/45b5c48b-588e-4556-97fd-394c1a8e9a25,OTAuto02,b99df4a4-2bf5-4c08-9483-bd636470bc11,b99df4a4-2bf5-4c08-9483-bd636470bc11
60acc81c-3a39-4b1c-a98c-13b959190f8c,Vendor_7141031 - automation_template_2953109,1303,OneTrust Automation,79f09a0f-fbd7-4439-9e1e-d48abe62c98e,https://Assessment/Assessment/60acc81c-3a39-4b1c-a98c-13b959190f8c,OTAuto02,b99df4a4-2bf5-4c08-9483-bd636470bc11,b99df4a4-2bf5-4c08-9483-bd636470bc11
96892b8e-d8df-4136-900b-88c4352a0031,a_6269129,1301,OneTrust Automation,79f09a0f-fbd7-4439-9e1e-d48abe62c98e,https://Assessment/Assessment/96892b8e-d8df-4136-900b-88c4352a0031,OTAuto02,b99df4a4-2bf5-4c08-9483-bd636470bc11,b99df4a4-2bf5-4c08-9483-bd636470bc11
5f38b080-1fe6-4c48-ba09-90622aa50f87,v_2666165 - automation_template_2953109,1305,OneTrust Automation,79f09a0f-fbd7-4439-9e1e-d48abe62c98e,https://Assessment/Assessment/5f38b080-1fe6-4c48-ba09-90622aa50f87,OTAuto02,b99df4a4-2bf5-4c08-9483-bd636470bc11,b99df4a4-2bf5-4c08-9483-bd636470bc11
1c5df6da-7e0a-440e-a1ff-f956856fd0c7,v_5534144 - automation_template_2953109,1302,OneTrust Automation,79f09a0f-fbd7-4439-9e1e-d48abe62c98e,https://Assessment/Assessment/1c5df6da-7e0a-440e-a1ff-f956856fd0c7,OTAuto02,b99df4a4-2bf5-4c08-9483-bd636470bc11,b99df4a4-2bf5-4c08-9483-bd636470bc11
dc15c45f-c539-4fa8-8bae-8275e4c0ca7e,Assessment_8733759,1300,n_8733759 l_8733759,e3f2e4cd-f8f6-4d59-a098-162f2cf9803a,https://Assessment/Assessment/dc15c45f-c539-4fa8-8bae-8275e4c0ca7e,OTAuto02,b99df4a4-2bf5-4c08-9483-bd636470bc11,b99df4a4-2bf5-4c08-9483-bd636470bc11
97c3f091-4e37-45d7-9965-2cfa6929fb7c,assessmentExportResponses_1647455,1299,OneTrust Automation,79f09a0f-fbd7-4439-9e1e-d48abe62c98e,https://Assessment/Assessment/97c3f091-4e37-45d7-9965-2cfa6929fb7c,OTAuto02,b99df4a4-2bf5-4c08-9483-bd636470bc11,b99df4a4-2bf5-4c08-9483-bd636470bc11
c0b5c758-ed6f-4aed-97a2-480ce83bbfd3,Vendor1_2953109 - automation_template_2953109,1304,OneTrust Automation,79f09a0f-fbd7-4439-9e1e-d48abe62c98e,https://Assessment/Assessment/c0b5c758-ed6f-4aed-97a2-480ce83bbfd3,OTAuto02,b99df4a4-2bf5-4c08-9483-bd636470bc11,b99df4a4-2bf5-4c08-9483-bd636470bc11
f43d149d-e25e-4abf-9200-ce205e8b34dd,v_5993072 - automation_template_2953109,1307,OneTrust Automation,79f09a0f-fbd7-4439-9e1e-d48abe62c98e,https://Assessment/Assessment/f43d149d-e25e-4abf-9200-ce205e8b34dd,OTAuto02,b99df4a4-2bf5-4c08-9483-bd636470bc11,b99df4a4-2bf5-4c08-9483-bd636470bc11
7ad99084-5264-4a43-901a-aef9162363a4,vendor_1_1205812 - vrmAssessments_template_1205812,1308,OneTrust Automation,79f09a0f-fbd7-4439-9e1e-d48abe62c98e,https://Assessment/Assessment/7ad99084-5264-4a43-901a-aef9162363a4,OTAuto02,b99df4a4-2bf5-4c08-9483-bd636470bc11,b99df4a4-2bf5-4c08-9483-bd636470bc11
08c16fc2-40da-4597-8d3e-4b90f7723d8a,Vendor7_2953109 - automation_template_2953109,1321,OneTrust Automation,79f09a0f-fbd7-4439-9e1e-d48abe62c98e,https://Assessment/Assessment/08c16fc2-40da-4597-8d3e-4b90f7723d8a,OTAuto02,b99df4a4-2bf5-4c08-9483-bd636470bc11,b99df4a4-2bf5-4c08-9483-bd636470bc11
13be20b5-9492-4ff6-b4b9-0f88b282c9e8,a_7375665,1320,OneTrust Automation,79f09a0f-fbd7-4439-9e1e-d48abe62c98e,https://Assessment/Assessment/13be20b5-9492-4ff6-b4b9-0f88b282c9e8,OTAuto02,b99df4a4-2bf5-4c08-9483-bd636470bc11,b99df4a4-2bf5-4c08-9483-bd636470bc11
289cb98f-32ec-4c1a-a9ae-a18f62ab00b0,V_5599140 - automation_template_2953109,1318,OneTrust Automation,79f09a0f-fbd7-4439-9e1e-d48abe62c98e,https://Assessment/Assessment/289cb98f-32ec-4c1a-a9ae-a18f62ab00b0,OTAuto02,b99df4a4-2bf5-4c08-9483-bd636470bc11,b99df4a4-2bf5-4c08-9483-bd636470bc11
30f6095a-e0d4-4d71-93b2-d2938f24e1eb,Vendor5_2953109 - automation_template_2953109,1315,OneTrust Automation,79f09a0f-fbd7-4439-9e1e-d48abe62c98e,https://Assessment/Assessment/30f6095a-e0d4-4d71-93b2-d2938f24e1eb,OTAuto02,b99df4a4-2bf5-4c08-9483-bd636470bc11,b99df4a4-2bf5-4c08-9483-bd636470bc11
43f15f52-e075-4aed-a580-3ab4a1c01aeb,v_7375665 - t_7375665,1322,OneTrust Automation,79f09a0f-fbd7-4439-9e1e-d48abe62c98e,https://Assessment/Assessment/43f15f52-e075-4aed-a580-3ab4a1c01aeb,OTAuto02,b99df4a4-2bf5-4c08-9483-bd636470bc11,b99df4a4-2bf5-4c08-9483-bd636470bc11
52d25005-02d1-4f30-92dc-b04c36306617,Vendor2_2953109 - automation_template_2953109,1309,OneTrust Automation,79f09a0f-fbd7-4439-9e1e-d48abe62c98e,https://Assessment/Assessment/52d25005-02d1-4f30-92dc-b04c36306617,OTAuto02,b99df4a4-2bf5-4c08-9483-bd636470bc11,b99df4a4-2bf5-4c08-9483-bd636470bc11
72b0e4b6-42f4-4b7e-89b7-6051d72cad95,vendor_91609_local_7962376,1311,OneTrust Automation,79f09a0f-fbd7-4439-9e1e-d48abe62c98e,https://Assessment/Assessment/72b0e4b6-42f4-4b7e-89b7-6051d72cad95,OTAuto02,b99df4a4-2bf5-4c08-9483-bd636470bc11,b99df4a4-2bf5-4c08-9483-bd636470bc11
7e439901-dc62-46c4-9857-da8e479c1249,Vendor4_2953109 - automation_template_2953109,1313,OneTrust Automation,79f09a0f-fbd7-4439-9e1e-d48abe62c98e,https://Assessment/Assessment/7e439901-dc62-46c4-9857-da8e479c1249,OTAuto02,b99df4a4-2bf5-4c08-9483-bd636470bc11,b99df4a4-2bf5-4c08-9483-bd636470bc11
9798915c-c7d9-4142-b892-1ffa37369b0d,Vendor6_2953109 - automation_template_2953109,1316,OneTrust Automation,79f09a0f-fbd7-4439-9e1e-d48abe62c98e,https://Assessment/Assessment/9798915c-c7d9-4142-b892-1ffa37369b0d,OTAuto02,b99df4a4-2bf5-4c08-9483-bd636470bc11,b99df4a4-2bf5-4c08-9483-bd636470bc11
a5b33f0a-4cfd-4f20-b417-cfa555d02da9,V_3162675 - automation_template_2953109,1317,OneTrust Automation,79f09a0f-fbd7-4439-9e1e-d48abe62c98e,https://Assessment/Assessment/a5b33f0a-4cfd-4f20-b417-cfa555d02da9,OTAuto02,b99df4a4-2bf5-4c08-9483-bd636470bc11,b99df4a4-2bf5-4c08-9483-bd636470bc11
ae42e48d-1f90-43bf-a5b3-966493f4679d,a_9482368,1319,OneTrust Automation,79f09a0f-fbd7-4439-9e1e-d48abe62c98e,https://Assessment/Assessment/ae42e48d-1f90-43bf-a5b3-966493f4679d,OTAuto02,b99df4a4-2bf5-4c08-9483-bd636470bc11,b99df4a4-2bf5-4c08-9483-bd636470bc11
b6532e61-6393-481e-95af-3aa08d6c6f0a,automation_assessment_6457173,1312,projectowner user,da43fe2d-46b8-4d39-8174-b857cd048aa4,https://Assessment/Assessment/b6532e61-6393-481e-95af-3aa08d6c6f0a,OTAuto02,b99df4a4-2bf5-4c08-9483-bd636470bc11,b99df4a4-2bf5-4c08-9483-bd636470bc11
bc60071c-40e4-43aa-b45e-6be42befb202,Vendor8_2953109 - automation_template_2953109,1323,OneTrust Automation,79f09a0f-fbd7-4439-9e1e-d48abe62c98e,https://Assessment/Assessment/bc60071c-40e4-43aa-b45e-6be42befb202,OTAuto02,b99df4a4-2bf5-4c08-9483-bd636470bc11,b99df4a4-2bf5-4c08-9483-bd636470bc11
f6a547bb-0a9b-44bf-b2bd-05625a013d0e,Vendor3_2953109 - automation_template_2953109,1310,OneTrust Automation,79f09a0f-fbd7-4439-9e1e-d48abe62c98e,https://Assessment/Assessment/f6a547bb-0a9b-44bf-b2bd-05625a013d0e,OTAuto02,b99df4a4-2bf5-4c08-9483-bd636470bc11,b99df4a4-2bf5-4c08-9483-bd636470bc11
835b0ab6-e0de-4377-b9da-653f0b80b7a4,Automated_Assessment_525_3733012 - Incident_Template1_525_3733012,1338,OneTrust Automation,79f09a0f-fbd7-4439-9e1e-d48abe62c98e,https://Assessment/Assessment/835b0ab6-e0de-4377-b9da-653f0b80b7a4,OTAuto02,b99df4a4-2bf5-4c08-9483-bd636470bc11,b99df4a4-2bf5-4c08-9483-bd636470bc11
4502c33b-7ab7-48a4-a5ba-cffaae271864,Automated_Assessment_525_3733012,1337,OneTrust Automation,79f09a0f-fbd7-4439-9e1e-d48abe62c98e,https://Assessment/Assessment/4502c33b-7ab7-48a4-a5ba-cffaae271864,OTAuto02,b99df4a4-2bf5-4c08-9483-bd636470bc11,b99df4a4-2bf5-4c08-9483-bd636470bc11
1812e777-801d-4b81-ab66-e510715c794a,assessment_71516_129491,1329,OneTrust Automation,79f09a0f-fbd7-4439-9e1e-d48abe62c98e,https://Assessment/Assessment/1812e777-801d-4b81-ab66-e510715c794a,OTAuto02,b99df4a4-2bf5-4c08-9483-bd636470bc11,b99df4a4-2bf5-4c08-9483-bd636470bc11
4353acea-53d0-4413-99bd-636e4a71ed59,APIBulk_Assessment_4722580,1343,OneTrust Automation,79f09a0f-fbd7-4439-9e1e-d48abe62c98e,https://Assessment/Assessment/4353acea-53d0-4413-99bd-636e4a71ed59,OTAuto02,b99df4a4-2bf5-4c08-9483-bd636470bc11,b99df4a4-2bf5-4c08-9483-bd636470bc11
a9b0f2e4-7639-4196-9c6d-88707b0c6ecf,Inventory_101346_assessment_730587,1324,OneTrust Automation,79f09a0f-fbd7-4439-9e1e-d48abe62c98e,https://Assessment/Assessment/a9b0f2e4-7639-4196-9c6d-88707b0c6ecf,OTAuto02,b99df4a4-2bf5-4c08-9483-bd636470bc11,b99df4a4-2bf5-4c08-9483-bd636470bc11
629961e3-f6ba-4d40-964a-e9295741f672,Vendor10_2953109 - automation_template_2953109,1326,OneTrust Automation,79f09a0f-fbd7-4439-9e1e-d48abe62c98e,https://Assessment/Assessment/629961e3-f6ba-4d40-964a-e9295741f672,OTAuto02,b99df4a4-2bf5-4c08-9483-bd636470bc11,b99df4a4-2bf5-4c08-9483-bd636470bc11
a6858147-da45-459f-b2fd-e2805d9e2393,Assessment_4221435,1333,OneTrust Automation,79f09a0f-fbd7-4439-9e1e-d48abe62c98e,https://Assessment/Assessment/a6858147-da45-459f-b2fd-e2805d9e2393,OTAuto02,b99df4a4-2bf5-4c08-9483-bd636470bc11,b99df4a4-2bf5-4c08-9483-bd636470bc11
048f05f8-807f-4c03-a7a9-1c9d4c8195c8,assets_1_2560338 - vrmAssessments_template_2560338,1331,privacyofficer user,aa5e22c6-dc4f-473f-8aa5-46753f07d37d,https://Assessment/Assessment/048f05f8-807f-4c03-a7a9-1c9d4c8195c8,OTAuto02,b99df4a4-2bf5-4c08-9483-bd636470bc11,b99df4a4-2bf5-4c08-9483-bd636470bc11
a2eace8f-c5b1-489a-9fc8-58513024011c,engagement_assessment_966217,1334,OneTrust Automation,79f09a0f-fbd7-4439-9e1e-d48abe62c98e,https://Assessment/Assessment/a2eace8f-c5b1-489a-9fc8-58513024011c,OTAuto02,b99df4a4-2bf5-4c08-9483-bd636470bc11,b99df4a4-2bf5-4c08-9483-bd636470bc11
048f05f8-807f-4c03-a7a9-1c9d4c8195c8,assets_1_2560338 - vrmAssessments_template_2560338,1331,Custom Vendor 02_2560338 User 02_2560338,d23b2b78-78cd-4166-9a94-97621cd83695,https://Assessment/Assessment/048f05f8-807f-4c03-a7a9-1c9d4c8195c8,OTAuto02,b99df4a4-2bf5-4c08-9483-bd636470bc11,b99df4a4-2bf5-4c08-9483-bd636470bc11
2f4fb7fa-b82b-49b1-8f47-450ef54e2bf5,automation_assessment_724712,1327,FirstName_724712 LastName_724712,de16bb4e-9a0c-45a6-b33e-b18b6be7f274,https://Assessment/Assessment/2f4fb7fa-b82b-49b1-8f47-450ef54e2bf5,OTAuto02,b99df4a4-2bf5-4c08-9483-bd636470bc11,b99df4a4-2bf5-4c08-9483-bd636470bc11
4bad7c85-39a3-4903-8b25-9019789de9df,(vendor_966217) engagement_966217,1347,DAF_966217 DAL_966217,2dec255e-2c58-4c73-a146-dcfc5f838b6b,https://Assessment/Assessment/4bad7c85-39a3-4903-8b25-9019789de9df,OTAuto02,b99df4a4-2bf5-4c08-9483-bd636470bc11,b99df4a4-2bf5-4c08-9483-bd636470bc11
b8873144-6941-4fee-8838-fde13679bd57,v_3677381 - t2_3677381,1341,OneTrust Automation,79f09a0f-fbd7-4439-9e1e-d48abe62c98e,https://Assessment/Assessment/b8873144-6941-4fee-8838-fde13679bd57,OTAuto02,b99df4a4-2bf5-4c08-9483-bd636470bc11,b99df4a4-2bf5-4c08-9483-bd636470bc11
a57656b4-6112-4bcc-91be-e4c4ea5f4aa6,Vendor9_2953109 - automation_template_2953109,1325,OneTrust Automation,79f09a0f-fbd7-4439-9e1e-d48abe62c98e,https://Assessment/Assessment/a57656b4-6112-4bcc-91be-e4c4ea5f4aa6,OTAuto02,b99df4a4-2bf5-4c08-9483-bd636470bc11,b99df4a4-2bf5-4c08-9483-bd636470bc11
58592d26-5090-4b97-9cc9-931eaea2fe3e,aaNotLinked_5699577,1344,OneTrust Automation,79f09a0f-fbd7-4439-9e1e-d48abe62c98e,https://Assessment/Assessment/58592d26-5090-4b97-9cc9-931eaea2fe3e,OTAuto02,b99df4a4-2bf5-4c08-9483-bd636470bc11,b99df4a4-2bf5-4c08-9483-bd636470bc11
9d5e6a73-90bf-41b2-bf72-cb9067da5266,Test_assessmentExport_8927204,1336,OneTrust Automation,79f09a0f-fbd7-4439-9e1e-d48abe62c98e,https://Assessment/Assessment/9d5e6a73-90bf-41b2-bf72-cb9067da5266,OTAuto02,b99df4a4-2bf5-4c08-9483-bd636470bc11,b99df4a4-2bf5-4c08-9483-bd636470bc11
35bf6567-ad28-4b2a-9fda-6e8b6377392b,APIBulk_Assessment_4156943,1342,OneTrust Automation,79f09a0f-fbd7-4439-9e1e-d48abe62c98e,https://Assessment/Assessment/35bf6567-ad28-4b2a-9fda-6e8b6377392b,OTAuto02,b99df4a4-2bf5-4c08-9483-bd636470bc11,b99df4a4-2bf5-4c08-9483-bd636470bc11
4bad7c85-39a3-4903-8b25-9019789de9df,(vendor_966217) engagement_966217,1347,OneTrust Automation,79f09a0f-fbd7-4439-9e1e-d48abe62c98e,https://Assessment/Assessment/4bad7c85-39a3-4903-8b25-9019789de9df,OTAuto02,b99df4a4-2bf5-4c08-9483-bd636470bc11,b99df4a4-2bf5-4c08-9483-bd636470bc11
4bad7c85-39a3-4903-8b25-9019789de9df,(vendor_966217) engagement_966217,1347,DAF1_966217 DAL1_966217,297b3add-e060-43fe-915b-f82a327fe8e2,https://Assessment/Assessment/4bad7c85-39a3-4903-8b25-9019789de9df,OTAuto02,b99df4a4-2bf5-4c08-9483-bd636470bc11,b99df4a4-2bf5-4c08-9483-bd636470bc11
82ef7bab-5c35-47d2-981f-7d83041a4b9c,a_7040873,1335,privacyofficer user,aa5e22c6-dc4f-473f-8aa5-46753f07d37d,https://Assessment/Assessment/82ef7bab-5c35-47d2-981f-7d83041a4b9c,OTAuto02,b99df4a4-2bf5-4c08-9483-bd636470bc11,b99df4a4-2bf5-4c08-9483-bd636470bc11
088e61b8-c95c-4ee3-b223-398bc790d878,Assessment_tisgfid,1328,OneTrust Automation,79f09a0f-fbd7-4439-9e1e-d48abe62c98e,https://Assessment/Assessment/088e61b8-c95c-4ee3-b223-398bc790d878,OTAuto02,b99df4a4-2bf5-4c08-9483-bd636470bc11,b99df4a4-2bf5-4c08-9483-bd636470bc11
56999e68-1c52-4ffd-9082-0834ef488e78,asset_3696_7942460,1345,OneTrust Automation,79f09a0f-fbd7-4439-9e1e-d48abe62c98e,https://Assessment/Assessment/56999e68-1c52-4ffd-9082-0834ef488e78,OTAuto02,b99df4a4-2bf5-4c08-9483-bd636470bc11,b99df4a4-2bf5-4c08-9483-bd636470bc11
63a3b5c9-68bd-40f9-9965-fdaf1c6c9ba1,AssessmentName_6339134,1332,OneTrust Automation,79f09a0f-fbd7-4439-9e1e-d48abe62c98e,https://Assessment/Assessment/63a3b5c9-68bd-40f9-9965-fdaf1c6c9ba1,OTAuto02,b99df4a4-2bf5-4c08-9483-bd636470bc11,b99df4a4-2bf5-4c08-9483-bd636470bc11
7bfb5c24-4924-403c-8e94-3b86cd89c9a7,Automated_Assessment_525_3733012 - Incident_Template1_525_3733012,1339,OneTrust Automation,79f09a0f-fbd7-4439-9e1e-d48abe62c98e,https://Assessment/Assessment/7bfb5c24-4924-403c-8e94-3b86cd89c9a7,OTAuto02,b99df4a4-2bf5-4c08-9483-bd636470bc11,b99df4a4-2bf5-4c08-9483-bd636470bc11
048f05f8-807f-4c03-a7a9-1c9d4c8195c8,assets_1_2560338 - vrmAssessments_template_2560338,1331,Primary Vendor 02_2560338 User 02_2560338,d7372e30-2af7-4dfa-8c10-e8492038beed,https://Assessment/Assessment/048f05f8-807f-4c03-a7a9-1c9d4c8195c8,OTAuto02,b99df4a4-2bf5-4c08-9483-bd636470bc11,b99df4a4-2bf5-4c08-9483-bd636470bc11
4ca39a97-df18-44f9-ae3b-b7fa83244ed1,v_6743286 - wf_template_6743286,1330,firstname1_6743286 lastname1_6743286,59060332-eb9a-4903-bc60-913eb46f0313,https://Assessment/Assessment/4ca39a97-df18-44f9-ae3b-b7fa83244ed1,OTAuto02,b99df4a4-2bf5-4c08-9483-bd636470bc11,b99df4a4-2bf5-4c08-9483-bd636470bc11
eb388995-a44f-4f79-a413-49ebc9a22500,a_6129191,1340,OneTrust Automation,79f09a0f-fbd7-4439-9e1e-d48abe62c98e,https://Assessment/Assessment/eb388995-a44f-4f79-a413-49ebc9a22500,OTAuto02,b99df4a4-2bf5-4c08-9483-bd636470bc11,b99df4a4-2bf5-4c08-9483-bd636470bc11
2d55c76a-7ddb-4805-b5af-eb9f745962b6,a_5370892,1352,OneTrust Automation,79f09a0f-fbd7-4439-9e1e-d48abe62c98e,https://Assessment/Assessment/2d55c76a-7ddb-4805-b5af-eb9f745962b6,OTAuto02,b99df4a4-2bf5-4c08-9483-bd636470bc11,b99df4a4-2bf5-4c08-9483-bd636470bc11
