binaryVersion,allSchemaHash,sharedDDLSchemaHash,sharedDMLSchemaHash,moduleDDLSchemaHash,schemaHashVersion,recModifiedDate,schema
202607.1.0,9a5758a779ac33f9f7dcff143aacfc3e,03f2cb51d73545312671018058bbd39c,45c0f676fb1f1e2de8b3a32d5a018cd5,6bd3a68b2801aa0b4b40dff2032bfaa0,1,2026-07-27T13:44:40.600+00:00,auto_qa_clulqrwsq47fzmh4qkhesqqatc
202607.1.0,9a5758a779ac33f9f7dcff143aacfc3e,03f2cb51d73545312671018058bbd39c,45c0f676fb1f1e2de8b3a32d5a018cd5,6bd3a68b2801aa0b4b40dff2032bfaa0,1,2026-07-27T13:25:51.812+00:00,auto_qa_cqgjlhzy7cxgcwwu18k6mfdimpw
202607.1.0,9a5758a779ac33f9f7dcff143aacfc3e,03f2cb51d73545312671018058bbd39c,45c0f676fb1f1e2de8b3a32d5a018cd5,6bd3a68b2801aa0b4b40dff2032bfaa0,1,2026-07-27T13:19:11.521+00:00,auto_qa_bnf4wzpgr23x0wmpzk9xnpidrg
202607.1.0,9a5758a779ac33f9f7dcff143aacfc3e,03f2cb51d73545312671018058bbd39c,45c0f676fb1f1e2de8b3a32d5a018cd5,6bd3a68b2801aa0b4b40dff2032bfaa0,1,2026-07-27T14:11:10.897+00:00,auto_qa_accqcx4mtpqov6ygch6bx70yo8
202607.1.0,9a5758a779ac33f9f7dcff143aacfc3e,03f2cb51d73545312671018058bbd39c,45c0f676fb1f1e2de8b3a32d5a018cd5,6bd3a68b2801aa0b4b40dff2032bfaa0,1,2026-07-27T13:35:59.194+00:00,auto_qa_gpqvulervogkzxg3iv3vpeo2q
202607.1.0,9a5758a779ac33f9f7dcff143aacfc3e,03f2cb51d73545312671018058bbd39c,45c0f676fb1f1e2de8b3a32d5a018cd5,6bd3a68b2801aa0b4b40dff2032bfaa0,1,2026-07-27T13:29:02.830+00:00,auto_qa_i73wsnvnclyknlsnppjpqchnpno
202607.1.0,9a5758a779ac33f9f7dcff143aacfc3e,03f2cb51d73545312671018058bbd39c,45c0f676fb1f1e2de8b3a32d5a018cd5,6bd3a68b2801aa0b4b40dff2032bfaa0,1,2026-07-27T14:27:02.283+00:00,auto_qa_hbywx1hz3kqx2tetizrxhuqbtk
202607.1.0,9a5758a779ac33f9f7dcff143aacfc3e,03f2cb51d73545312671018058bbd39c,45c0f676fb1f1e2de8b3a32d5a018cd5,6bd3a68b2801aa0b4b40dff2032bfaa0,1,2026-07-27T13:20:28.895+00:00,auto_qa_ioz49xuwkwigvelvnivzdoxsle4
202607.1.0,9a5758a779ac33f9f7dcff143aacfc3e,03f2cb51d73545312671018058bbd39c,45c0f676fb1f1e2de8b3a32d5a018cd5,6bd3a68b2801aa0b4b40dff2032bfaa0,1,2026-07-27T13:05:29.450+00:00,auto_qa_ut2dyqxmyimyqzyex3dxzddx7fk
202607.1.0,9a5758a779ac33f9f7dcff143aacfc3e,03f2cb51d73545312671018058bbd39c,45c0f676fb1f1e2de8b3a32d5a018cd5,6bd3a68b2801aa0b4b40dff2032bfaa0,1,2026-07-27T13:30:20.690+00:00,auto_qa_6ydr9hitrgirpjz5rz4pggqwvo
202607.1.0,9a5758a779ac33f9f7dcff143aacfc3e,03f2cb51d73545312671018058bbd39c,45c0f676fb1f1e2de8b3a32d5a018cd5,6bd3a68b2801aa0b4b40dff2032bfaa0,1,2026-07-27T13:01:31.769+00:00,auto_qa_zqhyjo4gognuq4e2psdxowd7rqs
202607.1.0,9a5758a779ac33f9f7dcff143aacfc3e,03f2cb51d73545312671018058bbd39c,45c0f676fb1f1e2de8b3a32d5a018cd5,6bd3a68b2801aa0b4b40dff2032bfaa0,1,2026-07-27T13:16:21.191+00:00,auto_qa_hce196s1txlnxjna1ijghgsbhno
202607.1.0,9a5758a779ac33f9f7dcff143aacfc3e,03f2cb51d73545312671018058bbd39c,45c0f676fb1f1e2de8b3a32d5a018cd5,6bd3a68b2801aa0b4b40dff2032bfaa0,1,2026-07-27T13:15:41.036+00:00,auto_qa_wdqzleaw45qmpnsvcya9ygscw
202607.1.0,9a5758a779ac33f9f7dcff143aacfc3e,03f2cb51d73545312671018058bbd39c,45c0f676fb1f1e2de8b3a32d5a018cd5,6bd3a68b2801aa0b4b40dff2032bfaa0,1,2026-07-27T13:05:44.801+00:00,auto_qa_jnvcepjpwdrsixyxkui8idoode
202607.1.0,9a5758a779ac33f9f7dcff143aacfc3e,03f2cb51d73545312671018058bbd39c,45c0f676fb1f1e2de8b3a32d5a018cd5,6bd3a68b2801aa0b4b40dff2032bfaa0,1,2026-07-27T13:58:00.108+00:00,auto_qa_4bbnk2bj6j9ufsgqwczkrsrsho
202607.1.0,9a5758a779ac33f9f7dcff143aacfc3e,03f2cb51d73545312671018058bbd39c,45c0f676fb1f1e2de8b3a32d5a018cd5,6bd3a68b2801aa0b4b40dff2032bfaa0,1,2026-07-27T13:29:16.311+00:00,auto_qa_xpxiggywulxgsvgv1fsfvgqpp8
202607.1.0,9a5758a779ac33f9f7dcff143aacfc3e,03f2cb51d73545312671018058bbd39c,45c0f676fb1f1e2de8b3a32d5a018cd5,6bd3a68b2801aa0b4b40dff2032bfaa0,1,2026-07-27T14:22:16.866+00:00,auto_qa_pmuqqjiiayw05ztzknt6w6ds0
202607.1.0,9a5758a779ac33f9f7dcff143aacfc3e,03f2cb51d73545312671018058bbd39c,45c0f676fb1f1e2de8b3a32d5a018cd5,6bd3a68b2801aa0b4b40dff2032bfaa0,1,2026-07-27T13:19:34.168+00:00,auto_qa_6bnmy6jtmp2ypeh58xkxznemvg
202607.1.0,9a5758a779ac33f9f7dcff143aacfc3e,03f2cb51d73545312671018058bbd39c,45c0f676fb1f1e2de8b3a32d5a018cd5,6bd3a68b2801aa0b4b40dff2032bfaa0,1,2026-07-27T13:17:04.577+00:00,auto_qa_czm1hawijinnrocztw2yboc08e8
202607.1.0,9a5758a779ac33f9f7dcff143aacfc3e,03f2cb51d73545312671018058bbd39c,45c0f676fb1f1e2de8b3a32d5a018cd5,6bd3a68b2801aa0b4b40dff2032bfaa0,1,2026-07-27T13:13:53.416+00:00,auto_qa_uqfkrygdlruwyfmbzmkovnqgpou
202607.1.0,9a5758a779ac33f9f7dcff143aacfc3e,03f2cb51d73545312671018058bbd39c,45c0f676fb1f1e2de8b3a32d5a018cd5,6bd3a68b2801aa0b4b40dff2032bfaa0,1,2026-07-27T13:23:01.999+00:00,auto_qa_zy09nuwffdruxrm0vkmzqkgtgjo
202607.1.0,9a5758a779ac33f9f7dcff143aacfc3e,03f2cb51d73545312671018058bbd39c,45c0f676fb1f1e2de8b3a32d5a018cd5,6bd3a68b2801aa0b4b40dff2032bfaa0,1,2026-07-28T04:09:52.080+00:00,auto_qa_wgt72uaux87l5hsta5wqatipk1u
202607.1.0,9a5758a779ac33f9f7dcff143aacfc3e,03f2cb51d73545312671018058bbd39c,45c0f676fb1f1e2de8b3a32d5a018cd5,6bd3a68b2801aa0b4b40dff2032bfaa0,1,2026-07-27T13:35:25.472+00:00,auto_qa_2iuwnwoovzy6u0i1ujfffqtsmz8
202607.1.0,9a5758a779ac33f9f7dcff143aacfc3e,03f2cb51d73545312671018058bbd39c,45c0f676fb1f1e2de8b3a32d5a018cd5,6bd3a68b2801aa0b4b40dff2032bfaa0,1,2026-07-27T14:17:17.529+00:00,auto_qa_gutjxn4r7dlcoxhlr3oawxyxxa
202607.1.0,9a5758a779ac33f9f7dcff143aacfc3e,03f2cb51d73545312671018058bbd39c,45c0f676fb1f1e2de8b3a32d5a018cd5,6bd3a68b2801aa0b4b40dff2032bfaa0,1,2026-07-27T13:04:24.822+00:00,auto_qa_nh2npmkxfyvhv3p66c4kfggtqg
202607.1.0,9a5758a779ac33f9f7dcff143aacfc3e,03f2cb51d73545312671018058bbd39c,45c0f676fb1f1e2de8b3a32d5a018cd5,6bd3a68b2801aa0b4b40dff2032bfaa0,1,2026-07-27T14:16:11.521+00:00,auto_qa_ec7oxrxtunrgfoaclqazx6xoa8
202607.1.0,9a5758a779ac33f9f7dcff143aacfc3e,03f2cb51d73545312671018058bbd39c,45c0f676fb1f1e2de8b3a32d5a018cd5,6bd3a68b2801aa0b4b40dff2032bfaa0,1,2026-07-27T14:12:59.471+00:00,auto_qa_ryopfmqmnfmchtfyqqrepmzmea
202607.1.0,9a5758a779ac33f9f7dcff143aacfc3e,03f2cb51d73545312671018058bbd39c,45c0f676fb1f1e2de8b3a32d5a018cd5,6bd3a68b2801aa0b4b40dff2032bfaa0,1,2026-07-27T13:37:38.288+00:00,auto_qa_rslxayinyck3dwnfhyv6hi18gnk
202607.1.0,9a5758a779ac33f9f7dcff143aacfc3e,03f2cb51d73545312671018058bbd39c,45c0f676fb1f1e2de8b3a32d5a018cd5,6bd3a68b2801aa0b4b40dff2032bfaa0,1,2026-07-27T14:21:53.198+00:00,auto_qa_losskf0zizcksl0b23ikcmuzbi
202607.1.0,9a5758a779ac33f9f7dcff143aacfc3e,03f2cb51d73545312671018058bbd39c,45c0f676fb1f1e2de8b3a32d5a018cd5,6bd3a68b2801aa0b4b40dff2032bfaa0,1,2026-07-27T13:29:01.790+00:00,auto_qa_ozqzfseicxwsifvxtmc9hdqgme
202607.1.0,9a5758a779ac33f9f7dcff143aacfc3e,03f2cb51d73545312671018058bbd39c,45c0f676fb1f1e2de8b3a32d5a018cd5,6bd3a68b2801aa0b4b40dff2032bfaa0,1,2026-07-27T13:47:14.929+00:00,auto_qa_d1awik7umkkryui3vnapt5ww0
202607.1.0,9a5758a779ac33f9f7dcff143aacfc3e,03f2cb51d73545312671018058bbd39c,45c0f676fb1f1e2de8b3a32d5a018cd5,6bd3a68b2801aa0b4b40dff2032bfaa0,1,2026-07-27T13:11:38.263+00:00,auto_qa_7up5ownaxilzt5dwektqqs9zg6e
202607.1.0,9a5758a779ac33f9f7dcff143aacfc3e,03f2cb51d73545312671018058bbd39c,45c0f676fb1f1e2de8b3a32d5a018cd5,6bd3a68b2801aa0b4b40dff2032bfaa0,1,2026-07-27T13:15:16.441+00:00,auto_qa_7rx5rfafw038oj6leuvaw4lyyy
202607.1.0,9a5758a779ac33f9f7dcff143aacfc3e,03f2cb51d73545312671018058bbd39c,45c0f676fb1f1e2de8b3a32d5a018cd5,6bd3a68b2801aa0b4b40dff2032bfaa0,1,2026-07-27T14:17:47.699+00:00,auto_qa_s6fzmq8rltqskzs7r046qlro6hu
202607.1.0,9a5758a779ac33f9f7dcff143aacfc3e,03f2cb51d73545312671018058bbd39c,45c0f676fb1f1e2de8b3a32d5a018cd5,6bd3a68b2801aa0b4b40dff2032bfaa0,1,2026-07-27T13:30:11.049+00:00,auto_qa_nnxiv8p1h8oq4concfjcbixwyu
202607.1.0,9a5758a779ac33f9f7dcff143aacfc3e,03f2cb51d73545312671018058bbd39c,45c0f676fb1f1e2de8b3a32d5a018cd5,6bd3a68b2801aa0b4b40dff2032bfaa0,1,2026-07-27T14:10:44.588+00:00,auto_qa_t7zzvlrhoauytg1wsaug9yakk
202607.1.0,9a5758a779ac33f9f7dcff143aacfc3e,03f2cb51d73545312671018058bbd39c,45c0f676fb1f1e2de8b3a32d5a018cd5,6bd3a68b2801aa0b4b40dff2032bfaa0,1,2026-07-27T13:10:50.230+00:00,auto_qa_tdhdnuc7dpmjjeabn16ancbzfhc
202607.1.0,9a5758a779ac33f9f7dcff143aacfc3e,03f2cb51d73545312671018058bbd39c,45c0f676fb1f1e2de8b3a32d5a018cd5,6bd3a68b2801aa0b4b40dff2032bfaa0,1,2026-07-29T04:58:55.668+00:00,auto_qa_vzqsnmppb4jq4l9kb8r9y2om0
202607.1.0,9a5758a779ac33f9f7dcff143aacfc3e,03f2cb51d73545312671018058bbd39c,45c0f676fb1f1e2de8b3a32d5a018cd5,6bd3a68b2801aa0b4b40dff2032bfaa0,1,2026-07-27T13:27:48.781+00:00,auto_qa_ew0xo8bi132fxocds3ww8pqtpze
202607.1.0,9a5758a779ac33f9f7dcff143aacfc3e,03f2cb51d73545312671018058bbd39c,45c0f676fb1f1e2de8b3a32d5a018cd5,6bd3a68b2801aa0b4b40dff2032bfaa0,1,2026-07-29T02:07:51.421+00:00,auto_qa_3pr27obmtcqmgf7gbes9t4m33c
202607.1.0,9a5758a779ac33f9f7dcff143aacfc3e,03f2cb51d73545312671018058bbd39c,45c0f676fb1f1e2de8b3a32d5a018cd5,6bd3a68b2801aa0b4b40dff2032bfaa0,1,2026-07-27T14:14:50.932+00:00,auto_qa_ur3gbvaepm1enlcx8exjgdbgnkq
202607.1.0,9a5758a779ac33f9f7dcff143aacfc3e,03f2cb51d73545312671018058bbd39c,45c0f676fb1f1e2de8b3a32d5a018cd5,6bd3a68b2801aa0b4b40dff2032bfaa0,1,2026-07-27T14:00:07.659+00:00,auto_qa_mdt835sxlqu8qcaipfknyud7igw
202607.1.0,9a5758a779ac33f9f7dcff143aacfc3e,03f2cb51d73545312671018058bbd39c,45c0f676fb1f1e2de8b3a32d5a018cd5,6bd3a68b2801aa0b4b40dff2032bfaa0,1,2026-07-27T13:16:22.211+00:00,auto_qa_yswrhymv0hzkz3ymv5nbe33muq
202607.1.0,9a5758a779ac33f9f7dcff143aacfc3e,03f2cb51d73545312671018058bbd39c,45c0f676fb1f1e2de8b3a32d5a018cd5,6bd3a68b2801aa0b4b40dff2032bfaa0,1,2026-07-27T13:13:59.105+00:00,auto_qa_xjev4ohckipvzcmd6igg5ajml4
202607.1.0,9a5758a779ac33f9f7dcff143aacfc3e,03f2cb51d73545312671018058bbd39c,45c0f676fb1f1e2de8b3a32d5a018cd5,6bd3a68b2801aa0b4b40dff2032bfaa0,1,2026-07-27T13:00:15.382+00:00,auto_qa_hrbirizifdfjlp1zqywxfrsby0o
202607.1.0,9a5758a779ac33f9f7dcff143aacfc3e,03f2cb51d73545312671018058bbd39c,45c0f676fb1f1e2de8b3a32d5a018cd5,6bd3a68b2801aa0b4b40dff2032bfaa0,1,2026-07-27T14:00:42.903+00:00,auto_qa_ybinggotkzkxunam7xppcylrncq
202607.1.0,9a5758a779ac33f9f7dcff143aacfc3e,03f2cb51d73545312671018058bbd39c,45c0f676fb1f1e2de8b3a32d5a018cd5,6bd3a68b2801aa0b4b40dff2032bfaa0,1,2026-07-27T13:39:27.588+00:00,auto_qa_xvekg5nyagnf1rafr9mm1oyak
202607.1.0,9a5758a779ac33f9f7dcff143aacfc3e,03f2cb51d73545312671018058bbd39c,45c0f676fb1f1e2de8b3a32d5a018cd5,6bd3a68b2801aa0b4b40dff2032bfaa0,1,2026-07-27T13:47:29.861+00:00,auto_qa_rbjuritx6npbnubihrl4mashqyu
202607.1.0,9a5758a779ac33f9f7dcff143aacfc3e,03f2cb51d73545312671018058bbd39c,45c0f676fb1f1e2de8b3a32d5a018cd5,6bd3a68b2801aa0b4b40dff2032bfaa0,1,2026-07-27T13:35:08.602+00:00,auto_qa_wneeikkqwx7je9uoe9rsj5d4a
202607.1.0,9a5758a779ac33f9f7dcff143aacfc3e,03f2cb51d73545312671018058bbd39c,45c0f676fb1f1e2de8b3a32d5a018cd5,6bd3a68b2801aa0b4b40dff2032bfaa0,1,2026-07-27T13:38:17.638+00:00,auto_qa_z071kdprdlln8ewngig6qnul0xw
202607.1.0,9a5758a779ac33f9f7dcff143aacfc3e,03f2cb51d73545312671018058bbd39c,45c0f676fb1f1e2de8b3a32d5a018cd5,6bd3a68b2801aa0b4b40dff2032bfaa0,1,2026-07-27T13:31:36.661+00:00,auto_qa_e3ivlzu65qvoojxavdr6mwplsq0
202607.1.0,9a5758a779ac33f9f7dcff143aacfc3e,03f2cb51d73545312671018058bbd39c,45c0f676fb1f1e2de8b3a32d5a018cd5,6bd3a68b2801aa0b4b40dff2032bfaa0,1,2026-07-27T14:14:22.730+00:00,auto_qa_weeexuflysgjomef8rh3lsoppk
202607.1.0,9a5758a779ac33f9f7dcff143aacfc3e,03f2cb51d73545312671018058bbd39c,45c0f676fb1f1e2de8b3a32d5a018cd5,6bd3a68b2801aa0b4b40dff2032bfaa0,1,2026-07-27T13:05:19.923+00:00,auto_qa_uufndtxzbelwmppkx7oaha4d4ao
202607.1.0,9a5758a779ac33f9f7dcff143aacfc3e,03f2cb51d73545312671018058bbd39c,45c0f676fb1f1e2de8b3a32d5a018cd5,6bd3a68b2801aa0b4b40dff2032bfaa0,1,2026-07-27T13:41:01.875+00:00,auto_qa_uu63oi6zr1kwecdmwx521sfkq4
202607.1.0,9a5758a779ac33f9f7dcff143aacfc3e,03f2cb51d73545312671018058bbd39c,45c0f676fb1f1e2de8b3a32d5a018cd5,6bd3a68b2801aa0b4b40dff2032bfaa0,1,2026-07-27T14:18:58.746+00:00,auto_qa_yakxxot732hplhzqsbldkau4vi
202607.1.0,9a5758a779ac33f9f7dcff143aacfc3e,03f2cb51d73545312671018058bbd39c,45c0f676fb1f1e2de8b3a32d5a018cd5,6bd3a68b2801aa0b4b40dff2032bfaa0,1,2026-07-28T01:58:17.453+00:00,auto_qa_52oo2twceelrcjhefhmk24nmtds
202607.1.0,9a5758a779ac33f9f7dcff143aacfc3e,03f2cb51d73545312671018058bbd39c,45c0f676fb1f1e2de8b3a32d5a018cd5,6bd3a68b2801aa0b4b40dff2032bfaa0,1,2026-07-27T13:16:20.002+00:00,auto_qa_jkoye1yifbbmw58grjqyjreqec
202607.1.0,9a5758a779ac33f9f7dcff143aacfc3e,03f2cb51d73545312671018058bbd39c,45c0f676fb1f1e2de8b3a32d5a018cd5,6bd3a68b2801aa0b4b40dff2032bfaa0,1,2026-07-27T13:47:51.194+00:00,auto_qa_atktqvnbx6i4a7hl5l8vnlqg5iy
202607.1.0,9a5758a779ac33f9f7dcff143aacfc3e,03f2cb51d73545312671018058bbd39c,45c0f676fb1f1e2de8b3a32d5a018cd5,6bd3a68b2801aa0b4b40dff2032bfaa0,1,2026-07-27T13:15:29.584+00:00,auto_qa_ccau3wwxrvwuhphdxtevaytwjc8
202607.1.0,9a5758a779ac33f9f7dcff143aacfc3e,03f2cb51d73545312671018058bbd39c,45c0f676fb1f1e2de8b3a32d5a018cd5,6bd3a68b2801aa0b4b40dff2032bfaa0,1,2026-07-27T13:32:32.645+00:00,auto_qa_lque7sznb9evortlei6v9uuvyje
202607.1.0,9a5758a779ac33f9f7dcff143aacfc3e,03f2cb51d73545312671018058bbd39c,45c0f676fb1f1e2de8b3a32d5a018cd5,6bd3a68b2801aa0b4b40dff2032bfaa0,1,2026-07-27T14:05:39.621+00:00,auto_qa_yogw9caut7ppwcfo8jbhtih1h3g
202607.1.0,9a5758a779ac33f9f7dcff143aacfc3e,03f2cb51d73545312671018058bbd39c,45c0f676fb1f1e2de8b3a32d5a018cd5,6bd3a68b2801aa0b4b40dff2032bfaa0,1,2026-07-27T13:04:00.821+00:00,auto_qa_rasvgnfurk8wdbr83lqttxzl74
202607.1.0,9a5758a779ac33f9f7dcff143aacfc3e,03f2cb51d73545312671018058bbd39c,45c0f676fb1f1e2de8b3a32d5a018cd5,6bd3a68b2801aa0b4b40dff2032bfaa0,1,2026-07-27T14:28:46.295+00:00,auto_qa_yghgfznuzipcsybueuz5eun3v8
202607.1.0,9a5758a779ac33f9f7dcff143aacfc3e,03f2cb51d73545312671018058bbd39c,45c0f676fb1f1e2de8b3a32d5a018cd5,6bd3a68b2801aa0b4b40dff2032bfaa0,1,2026-07-27T13:23:55.853+00:00,auto_qa_txr9p1oygn78gjmdpqa6hl153k
202607.1.0,9a5758a779ac33f9f7dcff143aacfc3e,03f2cb51d73545312671018058bbd39c,45c0f676fb1f1e2de8b3a32d5a018cd5,6bd3a68b2801aa0b4b40dff2032bfaa0,1,2026-07-27T13:52:09.079+00:00,auto_qa_jjtxeeuuirk0nfm7zht4oebs0
202607.1.0,9a5758a779ac33f9f7dcff143aacfc3e,03f2cb51d73545312671018058bbd39c,45c0f676fb1f1e2de8b3a32d5a018cd5,6bd3a68b2801aa0b4b40dff2032bfaa0,1,2026-07-27T13:08:26.488+00:00,auto_qa_ylb7lwoll31oyoaj9aatn8akg
202607.1.0,9a5758a779ac33f9f7dcff143aacfc3e,03f2cb51d73545312671018058bbd39c,45c0f676fb1f1e2de8b3a32d5a018cd5,6bd3a68b2801aa0b4b40dff2032bfaa0,1,2026-07-27T14:18:21.633+00:00,auto_qa_t2fl8sxy8szfzr4jtnfc21eeuo
202607.1.0,9a5758a779ac33f9f7dcff143aacfc3e,03f2cb51d73545312671018058bbd39c,45c0f676fb1f1e2de8b3a32d5a018cd5,6bd3a68b2801aa0b4b40dff2032bfaa0,1,2026-07-27T14:00:22.620+00:00,auto_qa_2tfvj4n4flmvyay7erohdqqx9y4
202607.1.0,9a5758a779ac33f9f7dcff143aacfc3e,03f2cb51d73545312671018058bbd39c,45c0f676fb1f1e2de8b3a32d5a018cd5,6bd3a68b2801aa0b4b40dff2032bfaa0,1,2026-07-27T23:57:12.633+00:00,auto_qa_2l8adzbejiumkihbvqpgiswxy6s
202607.1.0,9a5758a779ac33f9f7dcff143aacfc3e,03f2cb51d73545312671018058bbd39c,45c0f676fb1f1e2de8b3a32d5a018cd5,6bd3a68b2801aa0b4b40dff2032bfaa0,1,2026-07-27T13:29:10.241+00:00,auto_qa_dx7jtb5iizxkgnifk3i6b4xfy9u
202607.1.0,9a5758a779ac33f9f7dcff143aacfc3e,03f2cb51d73545312671018058bbd39c,45c0f676fb1f1e2de8b3a32d5a018cd5,6bd3a68b2801aa0b4b40dff2032bfaa0,1,2026-07-27T13:39:12.508+00:00,auto_qa_qm6rngcnz2uzplfx21n9hzlats
202607.1.0,9a5758a779ac33f9f7dcff143aacfc3e,03f2cb51d73545312671018058bbd39c,45c0f676fb1f1e2de8b3a32d5a018cd5,6bd3a68b2801aa0b4b40dff2032bfaa0,1,2026-07-27T14:26:14.685+00:00,auto_qa_gzqy3p0vmevwmibfg6lrdsirvp4
202607.1.0,9a5758a779ac33f9f7dcff143aacfc3e,03f2cb51d73545312671018058bbd39c,45c0f676fb1f1e2de8b3a32d5a018cd5,6bd3a68b2801aa0b4b40dff2032bfaa0,1,2026-07-27T13:42:54.827+00:00,auto_qa_oxwsrhrh7tqwroyhog0hml1drss
202607.1.0,9a5758a779ac33f9f7dcff143aacfc3e,03f2cb51d73545312671018058bbd39c,45c0f676fb1f1e2de8b3a32d5a018cd5,6bd3a68b2801aa0b4b40dff2032bfaa0,1,2026-07-27T13:19:30.854+00:00,auto_qa_hivnpavbpy8vqs7ugteidplguo
202607.1.0,9a5758a779ac33f9f7dcff143aacfc3e,03f2cb51d73545312671018058bbd39c,45c0f676fb1f1e2de8b3a32d5a018cd5,6bd3a68b2801aa0b4b40dff2032bfaa0,1,2026-07-27T13:21:27.844+00:00,auto_qa_zmngj522aeqbdztwr3ioyryswy
202607.1.0,9a5758a779ac33f9f7dcff143aacfc3e,03f2cb51d73545312671018058bbd39c,45c0f676fb1f1e2de8b3a32d5a018cd5,6bd3a68b2801aa0b4b40dff2032bfaa0,1,2026-07-27T13:41:16.404+00:00,auto_qa_xnztn1cetciqfounrqiieqisst0
202607.1.0,9a5758a779ac33f9f7dcff143aacfc3e,03f2cb51d73545312671018058bbd39c,45c0f676fb1f1e2de8b3a32d5a018cd5,6bd3a68b2801aa0b4b40dff2032bfaa0,1,2026-07-27T13:15:00.594+00:00,auto_qa_cmqv0fepkopwkhjp65vjszphksk
202607.1.0,9a5758a779ac33f9f7dcff143aacfc3e,03f2cb51d73545312671018058bbd39c,45c0f676fb1f1e2de8b3a32d5a018cd5,6bd3a68b2801aa0b4b40dff2032bfaa0,1,2026-07-27T13:51:57.818+00:00,auto_qa_rotx8mbdaaqz2xxpf7q38s7c
202607.1.0,9a5758a779ac33f9f7dcff143aacfc3e,03f2cb51d73545312671018058bbd39c,45c0f676fb1f1e2de8b3a32d5a018cd5,6bd3a68b2801aa0b4b40dff2032bfaa0,1,2026-07-27T13:03:05.047+00:00,auto_qa_rjxshm3enohqwzxiw3rmycvzqau
202607.1.0,9a5758a779ac33f9f7dcff143aacfc3e,03f2cb51d73545312671018058bbd39c,45c0f676fb1f1e2de8b3a32d5a018cd5,6bd3a68b2801aa0b4b40dff2032bfaa0,1,2026-07-27T14:27:45.824+00:00,auto_qa_yxhkvoudvsljnfgrcvgs0bc9viw
202607.1.0,9a5758a779ac33f9f7dcff143aacfc3e,03f2cb51d73545312671018058bbd39c,45c0f676fb1f1e2de8b3a32d5a018cd5,6bd3a68b2801aa0b4b40dff2032bfaa0,1,2026-07-27T13:05:35.882+00:00,auto_qa_wviwmaauf24rnxce9nbcbmpm50o
202607.1.0,9a5758a779ac33f9f7dcff143aacfc3e,03f2cb51d73545312671018058bbd39c,45c0f676fb1f1e2de8b3a32d5a018cd5,6bd3a68b2801aa0b4b40dff2032bfaa0,1,2026-07-27T14:02:33.502+00:00,auto_qa_kqquj8rsaqrz9zuzfzhyttsq
202607.1.0,9a5758a779ac33f9f7dcff143aacfc3e,03f2cb51d73545312671018058bbd39c,45c0f676fb1f1e2de8b3a32d5a018cd5,6bd3a68b2801aa0b4b40dff2032bfaa0,1,2026-07-28T04:52:17.053+00:00,auto_qa_8uysafqlqktjh1pz57keflwwgyy
202607.1.0,9a5758a779ac33f9f7dcff143aacfc3e,03f2cb51d73545312671018058bbd39c,45c0f676fb1f1e2de8b3a32d5a018cd5,6bd3a68b2801aa0b4b40dff2032bfaa0,1,2026-07-27T14:21:11.318+00:00,auto_qa_9e3s6t0affkinl7nr6q65no7w6u
202607.1.0,9a5758a779ac33f9f7dcff143aacfc3e,03f2cb51d73545312671018058bbd39c,45c0f676fb1f1e2de8b3a32d5a018cd5,6bd3a68b2801aa0b4b40dff2032bfaa0,1,2026-07-27T14:10:17.149+00:00,auto_qa_25zxsgty6gmcrnl5pvjnckamie
202607.1.0,9a5758a779ac33f9f7dcff143aacfc3e,03f2cb51d73545312671018058bbd39c,45c0f676fb1f1e2de8b3a32d5a018cd5,6bd3a68b2801aa0b4b40dff2032bfaa0,1,2026-07-27T13:49:51.539+00:00,auto_qa_awmjohghidqdfkkolmeihjpuy
202607.1.0,9a5758a779ac33f9f7dcff143aacfc3e,03f2cb51d73545312671018058bbd39c,45c0f676fb1f1e2de8b3a32d5a018cd5,6bd3a68b2801aa0b4b40dff2032bfaa0,1,2026-07-27T14:04:01.333+00:00,auto_qa_d2c486f5pw7r5i2vyc982ky5xje
202607.1.0,9a5758a779ac33f9f7dcff143aacfc3e,03f2cb51d73545312671018058bbd39c,45c0f676fb1f1e2de8b3a32d5a018cd5,6bd3a68b2801aa0b4b40dff2032bfaa0,1,2026-07-27T13:32:26.315+00:00,auto_qa_rgdunv6x1e2fbwdg7owncykav2w
202607.1.0,9a5758a779ac33f9f7dcff143aacfc3e,03f2cb51d73545312671018058bbd39c,45c0f676fb1f1e2de8b3a32d5a018cd5,6bd3a68b2801aa0b4b40dff2032bfaa0,1,2026-07-27T13:41:28.107+00:00,auto_qa_jgjr2bxv2lmzyllipa5dy12m
202607.1.0,9a5758a779ac33f9f7dcff143aacfc3e,03f2cb51d73545312671018058bbd39c,45c0f676fb1f1e2de8b3a32d5a018cd5,6bd3a68b2801aa0b4b40dff2032bfaa0,1,2026-07-27T14:04:22.453+00:00,auto_qa_fr1bp8xblexidctbkhndc9i4imy
202607.1.0,9a5758a779ac33f9f7dcff143aacfc3e,03f2cb51d73545312671018058bbd39c,45c0f676fb1f1e2de8b3a32d5a018cd5,6bd3a68b2801aa0b4b40dff2032bfaa0,1,2026-07-27T13:26:59.984+00:00,auto_qa_kpdlb1d1pzjtnelwfgq2ilx8c
202607.1.0,9a5758a779ac33f9f7dcff143aacfc3e,03f2cb51d73545312671018058bbd39c,45c0f676fb1f1e2de8b3a32d5a018cd5,6bd3a68b2801aa0b4b40dff2032bfaa0,1,2026-07-27T13:30:18.272+00:00,auto_qa_v0tmneqrkvcvkqcdprc9nxfvxaq
202607.1.0,9a5758a779ac33f9f7dcff143aacfc3e,03f2cb51d73545312671018058bbd39c,45c0f676fb1f1e2de8b3a32d5a018cd5,6bd3a68b2801aa0b4b40dff2032bfaa0,1,2026-07-28T21:37:32.554+00:00,auto_qa_4lcev1jibjonyhkucqymemka84u
202607.1.0,9a5758a779ac33f9f7dcff143aacfc3e,03f2cb51d73545312671018058bbd39c,45c0f676fb1f1e2de8b3a32d5a018cd5,6bd3a68b2801aa0b4b40dff2032bfaa0,1,2026-07-27T13:34:50.487+00:00,auto_qa_n3fmtej0jifrldzdjjfyfz9tq
202607.1.0,9a5758a779ac33f9f7dcff143aacfc3e,03f2cb51d73545312671018058bbd39c,45c0f676fb1f1e2de8b3a32d5a018cd5,6bd3a68b2801aa0b4b40dff2032bfaa0,1,2026-07-27T13:20:13.517+00:00,auto_qa_7i41w69gsvzhjcrbxttj6wmaelk
202607.1.0,9a5758a779ac33f9f7dcff143aacfc3e,03f2cb51d73545312671018058bbd39c,45c0f676fb1f1e2de8b3a32d5a018cd5,6bd3a68b2801aa0b4b40dff2032bfaa0,1,2026-07-27T14:15:55.453+00:00,auto_qa_fuxdoa1exvajn43cudo8ln0ceka
202607.1.0,9a5758a779ac33f9f7dcff143aacfc3e,03f2cb51d73545312671018058bbd39c,45c0f676fb1f1e2de8b3a32d5a018cd5,6bd3a68b2801aa0b4b40dff2032bfaa0,1,2026-07-27T13:39:59.225+00:00,auto_qa_mtrjxgldv9uwmxhcdqlywqsfcg
202607.1.0,9a5758a779ac33f9f7dcff143aacfc3e,03f2cb51d73545312671018058bbd39c,45c0f676fb1f1e2de8b3a32d5a018cd5,6bd3a68b2801aa0b4b40dff2032bfaa0,1,2026-07-27T13:42:55.672+00:00,auto_qa_slsfkauocxzvtqi2wwj6y8ixgoa
202607.1.0,9a5758a779ac33f9f7dcff143aacfc3e,03f2cb51d73545312671018058bbd39c,45c0f676fb1f1e2de8b3a32d5a018cd5,6bd3a68b2801aa0b4b40dff2032bfaa0,1,2026-07-27T13:58:20.020+00:00,auto_qa_eajtxbjl71ixed5mrw1zko2br14
202607.1.0,9a5758a779ac33f9f7dcff143aacfc3e,03f2cb51d73545312671018058bbd39c,45c0f676fb1f1e2de8b3a32d5a018cd5,6bd3a68b2801aa0b4b40dff2032bfaa0,1,2026-07-27T13:15:26.801+00:00,auto_qa_qfem47fnsxqonkuttbf58vmbcrs
202607.1.0,9a5758a779ac33f9f7dcff143aacfc3e,03f2cb51d73545312671018058bbd39c,45c0f676fb1f1e2de8b3a32d5a018cd5,6bd3a68b2801aa0b4b40dff2032bfaa0,1,2026-07-27T14:09:20.037+00:00,auto_qa_bevjj2fycghlvbap1gg2k4hgpfa
202607.1.0,9a5758a779ac33f9f7dcff143aacfc3e,03f2cb51d73545312671018058bbd39c,45c0f676fb1f1e2de8b3a32d5a018cd5,6bd3a68b2801aa0b4b40dff2032bfaa0,1,2026-07-27T13:56:21.398+00:00,auto_qa_jhkghp8v7mdbxm2oruhpilft4
202607.1.0,9a5758a779ac33f9f7dcff143aacfc3e,03f2cb51d73545312671018058bbd39c,45c0f676fb1f1e2de8b3a32d5a018cd5,6bd3a68b2801aa0b4b40dff2032bfaa0,1,2026-07-27T13:15:29.590+00:00,auto_qa_7r05nld6i8pqhvz5jw2mea6qrua
202607.1.0,9a5758a779ac33f9f7dcff143aacfc3e,03f2cb51d73545312671018058bbd39c,45c0f676fb1f1e2de8b3a32d5a018cd5,6bd3a68b2801aa0b4b40dff2032bfaa0,1,2026-07-27T13:44:09.913+00:00,auto_qa_mjfarqiepokm84dmjqz4r8d7ks
202607.1.0,9a5758a779ac33f9f7dcff143aacfc3e,03f2cb51d73545312671018058bbd39c,45c0f676fb1f1e2de8b3a32d5a018cd5,6bd3a68b2801aa0b4b40dff2032bfaa0,1,2026-07-27T14:09:44.973+00:00,auto_qa_7trdypqos6jowhhyv6oqt0
202607.1.0,9a5758a779ac33f9f7dcff143aacfc3e,03f2cb51d73545312671018058bbd39c,45c0f676fb1f1e2de8b3a32d5a018cd5,6bd3a68b2801aa0b4b40dff2032bfaa0,1,2026-07-27T13:37:05.997+00:00,auto_qa_g79nyarxyafhe7i4btm3ouuryis
202607.1.0,9a5758a779ac33f9f7dcff143aacfc3e,03f2cb51d73545312671018058bbd39c,45c0f676fb1f1e2de8b3a32d5a018cd5,6bd3a68b2801aa0b4b40dff2032bfaa0,1,2026-07-27T13:28:06.761+00:00,auto_qa_aov3xji02wz767i0rrvemtndbe
202607.1.0,9a5758a779ac33f9f7dcff143aacfc3e,03f2cb51d73545312671018058bbd39c,45c0f676fb1f1e2de8b3a32d5a018cd5,6bd3a68b2801aa0b4b40dff2032bfaa0,1,2026-07-27T13:04:47.614+00:00,auto_qa_4inhw1w3pujd5eqqpauyoqe0n6k
202607.1.0,9a5758a779ac33f9f7dcff143aacfc3e,03f2cb51d73545312671018058bbd39c,45c0f676fb1f1e2de8b3a32d5a018cd5,6bd3a68b2801aa0b4b40dff2032bfaa0,1,2026-07-27T13:14:47.180+00:00,auto_qa_0xeudscltzkvmknsk59fo95bbke
202607.1.0,9a5758a779ac33f9f7dcff143aacfc3e,03f2cb51d73545312671018058bbd39c,45c0f676fb1f1e2de8b3a32d5a018cd5,6bd3a68b2801aa0b4b40dff2032bfaa0,1,2026-07-27T13:53:51.969+00:00,auto_qa_ks80lvqg6cgugp6qbsco77e1b8
202607.1.0,9a5758a779ac33f9f7dcff143aacfc3e,03f2cb51d73545312671018058bbd39c,45c0f676fb1f1e2de8b3a32d5a018cd5,6bd3a68b2801aa0b4b40dff2032bfaa0,1,2026-07-27T19:11:33.963+00:00,auto_qa_xsthftjtx13xtsxyx1gwn3lue
202607.1.0,9a5758a779ac33f9f7dcff143aacfc3e,03f2cb51d73545312671018058bbd39c,45c0f676fb1f1e2de8b3a32d5a018cd5,6bd3a68b2801aa0b4b40dff2032bfaa0,1,2026-07-27T14:27:32.051+00:00,auto_qa_cjgc75kxpy8lntvzxrhzvaqbnk
202607.1.0,9a5758a779ac33f9f7dcff143aacfc3e,03f2cb51d73545312671018058bbd39c,45c0f676fb1f1e2de8b3a32d5a018cd5,6bd3a68b2801aa0b4b40dff2032bfaa0,1,2026-07-27T13:46:30.299+00:00,auto_qa_1dizms3zjhccnktg9nraapzpd0q
202607.1.0,9a5758a779ac33f9f7dcff143aacfc3e,03f2cb51d73545312671018058bbd39c,45c0f676fb1f1e2de8b3a32d5a018cd5,6bd3a68b2801aa0b4b40dff2032bfaa0,1,2026-07-27T13:08:21.192+00:00,auto_qa_7a8zbxtcqf69rk5a2t0enenew8
202607.1.0,9a5758a779ac33f9f7dcff143aacfc3e,03f2cb51d73545312671018058bbd39c,45c0f676fb1f1e2de8b3a32d5a018cd5,6bd3a68b2801aa0b4b40dff2032bfaa0,1,2026-07-27T13:19:55.900+00:00,auto_qa_br4zhowqkpeikphmtujbkyaida
202607.1.0,9a5758a779ac33f9f7dcff143aacfc3e,03f2cb51d73545312671018058bbd39c,45c0f676fb1f1e2de8b3a32d5a018cd5,6bd3a68b2801aa0b4b40dff2032bfaa0,1,2026-07-27T13:30:38.997+00:00,auto_qa_cixdn4xrnsvkts7ghp540ajtp4
202607.1.0,9a5758a779ac33f9f7dcff143aacfc3e,03f2cb51d73545312671018058bbd39c,45c0f676fb1f1e2de8b3a32d5a018cd5,6bd3a68b2801aa0b4b40dff2032bfaa0,1,2026-07-27T13:15:07.465+00:00,auto_qa_024d1xlek07ht6gc2fhqxpttny
202607.1.0,9a5758a779ac33f9f7dcff143aacfc3e,03f2cb51d73545312671018058bbd39c,45c0f676fb1f1e2de8b3a32d5a018cd5,6bd3a68b2801aa0b4b40dff2032bfaa0,1,2026-07-28T15:13:34.876+00:00,auto_qa_dos1nk6dlc8qio7mvrsalyzybw
202607.1.0,9a5758a779ac33f9f7dcff143aacfc3e,03f2cb51d73545312671018058bbd39c,45c0f676fb1f1e2de8b3a32d5a018cd5,6bd3a68b2801aa0b4b40dff2032bfaa0,1,2026-07-27T13:02:48.964+00:00,auto_qa_droiq2uyyo02rm3gusq88g7j098
202607.1.0,9a5758a779ac33f9f7dcff143aacfc3e,03f2cb51d73545312671018058bbd39c,45c0f676fb1f1e2de8b3a32d5a018cd5,6bd3a68b2801aa0b4b40dff2032bfaa0,1,2026-07-27T13:10:44.995+00:00,auto_qa_hug2vevjmkc071pxy6rw0dnu5ju
202607.1.0,9a5758a779ac33f9f7dcff143aacfc3e,03f2cb51d73545312671018058bbd39c,45c0f676fb1f1e2de8b3a32d5a018cd5,6bd3a68b2801aa0b4b40dff2032bfaa0,1,2026-07-27T14:24:58.189+00:00,auto_qa_luah2ssr2hhnihp0o1mb4hwlta
202607.1.0,9a5758a779ac33f9f7dcff143aacfc3e,03f2cb51d73545312671018058bbd39c,45c0f676fb1f1e2de8b3a32d5a018cd5,6bd3a68b2801aa0b4b40dff2032bfaa0,1,2026-07-27T13:48:02.488+00:00,auto_qa_ojo4essikeqscdao000rxat2zrs
202607.1.0,9a5758a779ac33f9f7dcff143aacfc3e,03f2cb51d73545312671018058bbd39c,45c0f676fb1f1e2de8b3a32d5a018cd5,6bd3a68b2801aa0b4b40dff2032bfaa0,1,2026-07-27T14:24:43.357+00:00,auto_qa_eufzjeu0msyhxb8dkhlsbnxvypa
202607.1.0,9a5758a779ac33f9f7dcff143aacfc3e,03f2cb51d73545312671018058bbd39c,45c0f676fb1f1e2de8b3a32d5a018cd5,6bd3a68b2801aa0b4b40dff2032bfaa0,1,2026-07-27T14:16:25.316+00:00,auto_qa_tx7ygkb5lkmuigo9ppsnzzot138
202607.1.0,9a5758a779ac33f9f7dcff143aacfc3e,03f2cb51d73545312671018058bbd39c,45c0f676fb1f1e2de8b3a32d5a018cd5,6bd3a68b2801aa0b4b40dff2032bfaa0,1,2026-07-27T13:23:00.785+00:00,auto_qa_46zosbx60bhzcmgpkiwvmzytu60
202607.1.0,9a5758a779ac33f9f7dcff143aacfc3e,03f2cb51d73545312671018058bbd39c,45c0f676fb1f1e2de8b3a32d5a018cd5,6bd3a68b2801aa0b4b40dff2032bfaa0,1,2026-07-27T13:28:23.287+00:00,auto_qa_7p3lqrjgpmw8xbfdalm1rdx6lk
202607.1.0,9a5758a779ac33f9f7dcff143aacfc3e,03f2cb51d73545312671018058bbd39c,45c0f676fb1f1e2de8b3a32d5a018cd5,6bd3a68b2801aa0b4b40dff2032bfaa0,1,2026-07-27T13:26:18.642+00:00,auto_qa_vmf8glw23txovydyluiapi6ii
202607.1.0,9a5758a779ac33f9f7dcff143aacfc3e,03f2cb51d73545312671018058bbd39c,45c0f676fb1f1e2de8b3a32d5a018cd5,6bd3a68b2801aa0b4b40dff2032bfaa0,1,2026-07-27T14:12:52.236+00:00,auto_qa_axak01dnpwxpawcxho0va72rc5u
202607.1.0,9a5758a779ac33f9f7dcff143aacfc3e,03f2cb51d73545312671018058bbd39c,45c0f676fb1f1e2de8b3a32d5a018cd5,6bd3a68b2801aa0b4b40dff2032bfaa0,1,2026-07-27T13:37:33.452+00:00,auto_qa_0hveqhgfrpfkegycosbcycjui
202607.1.0,9a5758a779ac33f9f7dcff143aacfc3e,03f2cb51d73545312671018058bbd39c,45c0f676fb1f1e2de8b3a32d5a018cd5,6bd3a68b2801aa0b4b40dff2032bfaa0,1,2026-07-27T14:05:33.353+00:00,auto_qa_ckuyfbi3koxv3g2f3btzncn5oe
202607.1.0,9a5758a779ac33f9f7dcff143aacfc3e,03f2cb51d73545312671018058bbd39c,45c0f676fb1f1e2de8b3a32d5a018cd5,6bd3a68b2801aa0b4b40dff2032bfaa0,1,2026-07-27T13:13:07.619+00:00,auto_qa_xn2fdqqzjtq8rjbyjv3dz6juu5k
202607.1.0,9a5758a779ac33f9f7dcff143aacfc3e,03f2cb51d73545312671018058bbd39c,45c0f676fb1f1e2de8b3a32d5a018cd5,6bd3a68b2801aa0b4b40dff2032bfaa0,1,2026-07-27T13:26:00.887+00:00,auto_qa_xpip44t3ak8evwum0n7etr5ys
202607.1.0,9a5758a779ac33f9f7dcff143aacfc3e,03f2cb51d73545312671018058bbd39c,45c0f676fb1f1e2de8b3a32d5a018cd5,6bd3a68b2801aa0b4b40dff2032bfaa0,1,2026-07-27T13:24:40.185+00:00,auto_qa_frtmz1ftpd2op2cfk6oepxbl0o
202607.1.0,9a5758a779ac33f9f7dcff143aacfc3e,03f2cb51d73545312671018058bbd39c,45c0f676fb1f1e2de8b3a32d5a018cd5,6bd3a68b2801aa0b4b40dff2032bfaa0,1,2026-07-27T13:05:27.631+00:00,auto_qa_8x4pszsx8jd6gtc4mq7qbujmzho
202607.1.0,9a5758a779ac33f9f7dcff143aacfc3e,03f2cb51d73545312671018058bbd39c,45c0f676fb1f1e2de8b3a32d5a018cd5,6bd3a68b2801aa0b4b40dff2032bfaa0,1,2026-07-27T13:30:54.676+00:00,auto_qa_rb13lct9s3uokuarxfpihzqklg
202607.1.0,9a5758a779ac33f9f7dcff143aacfc3e,03f2cb51d73545312671018058bbd39c,45c0f676fb1f1e2de8b3a32d5a018cd5,6bd3a68b2801aa0b4b40dff2032bfaa0,1,2026-07-27T13:14:12.407+00:00,auto_qa_hhpd7bpmctgnm5qq0o7l4bzkrq
202607.1.0,9a5758a779ac33f9f7dcff143aacfc3e,03f2cb51d73545312671018058bbd39c,45c0f676fb1f1e2de8b3a32d5a018cd5,6bd3a68b2801aa0b4b40dff2032bfaa0,1,2026-07-27T13:57:29.348+00:00,auto_qa_llagtiqkfyfhge8oorhejsf1g
202607.1.0,9a5758a779ac33f9f7dcff143aacfc3e,03f2cb51d73545312671018058bbd39c,45c0f676fb1f1e2de8b3a32d5a018cd5,6bd3a68b2801aa0b4b40dff2032bfaa0,1,2026-07-27T13:13:27.422+00:00,auto_qa_qa5dkb9hdnu2e9xnhjsqt2qgue
202607.1.0,9a5758a779ac33f9f7dcff143aacfc3e,03f2cb51d73545312671018058bbd39c,45c0f676fb1f1e2de8b3a32d5a018cd5,6bd3a68b2801aa0b4b40dff2032bfaa0,1,2026-07-27T13:08:50.123+00:00,auto_qa_szjmgoum3zotcd1tcdmypmvap84
202607.1.0,9a5758a779ac33f9f7dcff143aacfc3e,03f2cb51d73545312671018058bbd39c,45c0f676fb1f1e2de8b3a32d5a018cd5,6bd3a68b2801aa0b4b40dff2032bfaa0,1,2026-07-27T13:25:13.560+00:00,auto_qa_cgyp6kqd1smqqsxbxzullowja
202607.1.0,9a5758a779ac33f9f7dcff143aacfc3e,03f2cb51d73545312671018058bbd39c,45c0f676fb1f1e2de8b3a32d5a018cd5,6bd3a68b2801aa0b4b40dff2032bfaa0,1,2026-07-27T13:29:43.959+00:00,auto_qa_gdpbgjln34k2mqocnuw2yaviu
202607.1.0,9a5758a779ac33f9f7dcff143aacfc3e,03f2cb51d73545312671018058bbd39c,45c0f676fb1f1e2de8b3a32d5a018cd5,6bd3a68b2801aa0b4b40dff2032bfaa0,1,2026-07-27T13:01:17.419+00:00,auto_qa_kuimibers0xzlk4qbdbajdpuvq4
202607.1.0,9a5758a779ac33f9f7dcff143aacfc3e,03f2cb51d73545312671018058bbd39c,45c0f676fb1f1e2de8b3a32d5a018cd5,6bd3a68b2801aa0b4b40dff2032bfaa0,1,2026-07-27T14:15:36.675+00:00,auto_qa_tterrqoufkqqfkk0hmyzdlnrxgw
202607.1.0,9a5758a779ac33f9f7dcff143aacfc3e,03f2cb51d73545312671018058bbd39c,45c0f676fb1f1e2de8b3a32d5a018cd5,6bd3a68b2801aa0b4b40dff2032bfaa0,1,2026-07-27T13:29:53.008+00:00,auto_qa_i3yovythjvb9rw4yfikbihwov20
202607.1.0,9a5758a779ac33f9f7dcff143aacfc3e,03f2cb51d73545312671018058bbd39c,45c0f676fb1f1e2de8b3a32d5a018cd5,6bd3a68b2801aa0b4b40dff2032bfaa0,1,2026-07-27T14:15:37.055+00:00,auto_qa_oebgztlukfrqjhdpnr36u7eepkg
202607.1.0,9a5758a779ac33f9f7dcff143aacfc3e,03f2cb51d73545312671018058bbd39c,45c0f676fb1f1e2de8b3a32d5a018cd5,6bd3a68b2801aa0b4b40dff2032bfaa0,1,2026-07-27T13:43:57.255+00:00,auto_qa_ftncocaixzchxyaqdqyn1sjk
202607.1.0,9a5758a779ac33f9f7dcff143aacfc3e,03f2cb51d73545312671018058bbd39c,45c0f676fb1f1e2de8b3a32d5a018cd5,6bd3a68b2801aa0b4b40dff2032bfaa0,1,2026-07-27T14:06:44.648+00:00,auto_qa_jqna10rgt5wyjwdeklmjzdi5uo
202607.1.0,9a5758a779ac33f9f7dcff143aacfc3e,03f2cb51d73545312671018058bbd39c,45c0f676fb1f1e2de8b3a32d5a018cd5,6bd3a68b2801aa0b4b40dff2032bfaa0,1,2026-07-27T14:05:48.668+00:00,auto_qa_rraozoqffowcyk6ki1lyrpbaat4
202607.1.0,9a5758a779ac33f9f7dcff143aacfc3e,03f2cb51d73545312671018058bbd39c,45c0f676fb1f1e2de8b3a32d5a018cd5,6bd3a68b2801aa0b4b40dff2032bfaa0,1,2026-07-27T13:58:06.079+00:00,auto_qa_lbkoqaknqxphbgyakd12hqamcyu
202607.1.0,9a5758a779ac33f9f7dcff143aacfc3e,03f2cb51d73545312671018058bbd39c,45c0f676fb1f1e2de8b3a32d5a018cd5,6bd3a68b2801aa0b4b40dff2032bfaa0,1,2026-07-27T14:08:16.132+00:00,auto_qa_tbavwhqi7abjjouikhwymkkmzs
202607.1.0,9a5758a779ac33f9f7dcff143aacfc3e,03f2cb51d73545312671018058bbd39c,45c0f676fb1f1e2de8b3a32d5a018cd5,6bd3a68b2801aa0b4b40dff2032bfaa0,1,2026-07-27T14:04:56.471+00:00,auto_qa_as06iggdv7aow1rmy0ic6aqt2q
202607.1.0,9a5758a779ac33f9f7dcff143aacfc3e,03f2cb51d73545312671018058bbd39c,45c0f676fb1f1e2de8b3a32d5a018cd5,6bd3a68b2801aa0b4b40dff2032bfaa0,1,2026-07-27T13:46:54.376+00:00,auto_qa_o091w7t5xzwmqoiytga0zwmkpnw
202607.1.0,9a5758a779ac33f9f7dcff143aacfc3e,03f2cb51d73545312671018058bbd39c,45c0f676fb1f1e2de8b3a32d5a018cd5,6bd3a68b2801aa0b4b40dff2032bfaa0,1,2026-07-27T13:03:31.667+00:00,auto_qa_fbmuflsytwnxhbw1ybdx3oh8ajm
202607.1.0,9a5758a779ac33f9f7dcff143aacfc3e,03f2cb51d73545312671018058bbd39c,45c0f676fb1f1e2de8b3a32d5a018cd5,6bd3a68b2801aa0b4b40dff2032bfaa0,1,2026-07-27T14:23:42.861+00:00,auto_qa_vxmfzeq0yi3m1mgsty56holk98
202607.1.0,9a5758a779ac33f9f7dcff143aacfc3e,03f2cb51d73545312671018058bbd39c,45c0f676fb1f1e2de8b3a32d5a018cd5,6bd3a68b2801aa0b4b40dff2032bfaa0,1,2026-07-27T13:16:12.142+00:00,auto_qa_4cu5b4qo5bns1htytp7kufdeif4
202607.1.0,9a5758a779ac33f9f7dcff143aacfc3e,03f2cb51d73545312671018058bbd39c,45c0f676fb1f1e2de8b3a32d5a018cd5,6bd3a68b2801aa0b4b40dff2032bfaa0,1,2026-07-27T14:13:05.911+00:00,auto_qa_m8r6btniqoouxmymrh8p2xmio1u
202607.1.0,9a5758a779ac33f9f7dcff143aacfc3e,03f2cb51d73545312671018058bbd39c,45c0f676fb1f1e2de8b3a32d5a018cd5,6bd3a68b2801aa0b4b40dff2032bfaa0,1,2026-07-27T13:36:50.010+00:00,auto_qa_hzpfqpkg17tlbd7tgwqn0a4ak
202607.1.0,9a5758a779ac33f9f7dcff143aacfc3e,03f2cb51d73545312671018058bbd39c,45c0f676fb1f1e2de8b3a32d5a018cd5,6bd3a68b2801aa0b4b40dff2032bfaa0,1,2026-07-27T14:10:17.268+00:00,auto_qa_e5rwyvi0gn248yc8h3dfxlm6w
202607.1.0,9a5758a779ac33f9f7dcff143aacfc3e,03f2cb51d73545312671018058bbd39c,45c0f676fb1f1e2de8b3a32d5a018cd5,6bd3a68b2801aa0b4b40dff2032bfaa0,1,2026-07-27T13:17:57.975+00:00,auto_qa_algukhpc2b6a1v1iniqetepqfc
202607.1.0,9a5758a779ac33f9f7dcff143aacfc3e,03f2cb51d73545312671018058bbd39c,45c0f676fb1f1e2de8b3a32d5a018cd5,6bd3a68b2801aa0b4b40dff2032bfaa0,1,2026-07-27T14:19:30.041+00:00,auto_qa_ksevau6bw1dfuvc5hggz9nn2ms
202607.1.0,9a5758a779ac33f9f7dcff143aacfc3e,03f2cb51d73545312671018058bbd39c,45c0f676fb1f1e2de8b3a32d5a018cd5,6bd3a68b2801aa0b4b40dff2032bfaa0,1,2026-07-27T14:15:33.947+00:00,auto_qa_t0jefjd6bqqkz2dt0mmhyb0iww
202607.1.0,9a5758a779ac33f9f7dcff143aacfc3e,03f2cb51d73545312671018058bbd39c,45c0f676fb1f1e2de8b3a32d5a018cd5,6bd3a68b2801aa0b4b40dff2032bfaa0,1,2026-07-27T13:52:12.183+00:00,auto_qa_qg9ixi7r42savztpcoefssn4you
202607.1.0,9a5758a779ac33f9f7dcff143aacfc3e,03f2cb51d73545312671018058bbd39c,45c0f676fb1f1e2de8b3a32d5a018cd5,6bd3a68b2801aa0b4b40dff2032bfaa0,1,2026-07-27T13:19:13.981+00:00,auto_qa_afdaj2bwwmbwjphce1xxznhvta
202607.1.0,9a5758a779ac33f9f7dcff143aacfc3e,03f2cb51d73545312671018058bbd39c,45c0f676fb1f1e2de8b3a32d5a018cd5,6bd3a68b2801aa0b4b40dff2032bfaa0,1,2026-07-27T13:44:52.711+00:00,auto_qa_pe3o9mkmrwxs6329rgke4gx3ve
202607.1.0,9a5758a779ac33f9f7dcff143aacfc3e,03f2cb51d73545312671018058bbd39c,45c0f676fb1f1e2de8b3a32d5a018cd5,6bd3a68b2801aa0b4b40dff2032bfaa0,1,2026-07-27T14:04:21.008+00:00,auto_qa_gjsnj7ioen7xm3aura7ax7sbmey
202607.1.0,9a5758a779ac33f9f7dcff143aacfc3e,03f2cb51d73545312671018058bbd39c,45c0f676fb1f1e2de8b3a32d5a018cd5,6bd3a68b2801aa0b4b40dff2032bfaa0,1,2026-07-27T13:52:23.933+00:00,auto_qa_3s2xf2i5ztlqjgmjwhaubhsokbg
202607.1.0,9a5758a779ac33f9f7dcff143aacfc3e,03f2cb51d73545312671018058bbd39c,45c0f676fb1f1e2de8b3a32d5a018cd5,6bd3a68b2801aa0b4b40dff2032bfaa0,1,2026-07-27T13:16:39.677+00:00,auto_qa_rbke9ur54jruj774ydo1zwrpne
202607.1.0,9a5758a779ac33f9f7dcff143aacfc3e,03f2cb51d73545312671018058bbd39c,45c0f676fb1f1e2de8b3a32d5a018cd5,6bd3a68b2801aa0b4b40dff2032bfaa0,1,2026-07-27T14:00:31.360+00:00,auto_qa_noaf8lamqjrwmzpflovj0xdw
202607.1.0,9a5758a779ac33f9f7dcff143aacfc3e,03f2cb51d73545312671018058bbd39c,45c0f676fb1f1e2de8b3a32d5a018cd5,6bd3a68b2801aa0b4b40dff2032bfaa0,1,2026-07-27T13:39:03.977+00:00,auto_qa_ungg7dfie5ub0xs1udscg4zasma
202607.1.0,9a5758a779ac33f9f7dcff143aacfc3e,03f2cb51d73545312671018058bbd39c,45c0f676fb1f1e2de8b3a32d5a018cd5,6bd3a68b2801aa0b4b40dff2032bfaa0,1,2026-07-27T13:39:58.719+00:00,auto_qa_nmit317nkyzedh4tmj2r0zzctc
202607.1.0,9a5758a779ac33f9f7dcff143aacfc3e,03f2cb51d73545312671018058bbd39c,45c0f676fb1f1e2de8b3a32d5a018cd5,6bd3a68b2801aa0b4b40dff2032bfaa0,1,2026-07-27T13:37:17.059+00:00,auto_qa_seymhgyple1r7rjz1qn7wiwpgia
202607.1.0,9a5758a779ac33f9f7dcff143aacfc3e,03f2cb51d73545312671018058bbd39c,45c0f676fb1f1e2de8b3a32d5a018cd5,6bd3a68b2801aa0b4b40dff2032bfaa0,1,2026-07-27T14:28:18.684+00:00,auto_qa_t6wz1fbxj0kh634d9ttn6dmr8
202607.1.0,9a5758a779ac33f9f7dcff143aacfc3e,03f2cb51d73545312671018058bbd39c,45c0f676fb1f1e2de8b3a32d5a018cd5,6bd3a68b2801aa0b4b40dff2032bfaa0,1,2026-07-27T14:15:00.004+00:00,auto_qa_4k8kl9jfrlsubzly6sybccpyjre
202607.1.0,9a5758a779ac33f9f7dcff143aacfc3e,03f2cb51d73545312671018058bbd39c,45c0f676fb1f1e2de8b3a32d5a018cd5,6bd3a68b2801aa0b4b40dff2032bfaa0,1,2026-07-27T13:33:12.762+00:00,auto_qa_e6f3qmidc62ud61nav10ngouoo
202607.1.0,9a5758a779ac33f9f7dcff143aacfc3e,03f2cb51d73545312671018058bbd39c,45c0f676fb1f1e2de8b3a32d5a018cd5,6bd3a68b2801aa0b4b40dff2032bfaa0,1,2026-07-27T13:32:25.979+00:00,auto_qa_pxxxr6gplkw5q7fx1k5pytfpo
202607.1.0,9a5758a779ac33f9f7dcff143aacfc3e,03f2cb51d73545312671018058bbd39c,45c0f676fb1f1e2de8b3a32d5a018cd5,6bd3a68b2801aa0b4b40dff2032bfaa0,1,2026-07-27T13:51:57.896+00:00,auto_qa_k8wxyhylbi0ikq0f52l0v3buuhe
202607.1.0,9a5758a779ac33f9f7dcff143aacfc3e,03f2cb51d73545312671018058bbd39c,45c0f676fb1f1e2de8b3a32d5a018cd5,6bd3a68b2801aa0b4b40dff2032bfaa0,1,2026-07-27T14:03:50.235+00:00,auto_qa_4fiqjqvtpap1srahe5oq29bhi
202607.1.0,9a5758a779ac33f9f7dcff143aacfc3e,03f2cb51d73545312671018058bbd39c,45c0f676fb1f1e2de8b3a32d5a018cd5,6bd3a68b2801aa0b4b40dff2032bfaa0,1,2026-07-27T14:06:08.718+00:00,auto_qa_ytqudql6yxhsqcbvxuzvuip4hg
202607.1.0,9a5758a779ac33f9f7dcff143aacfc3e,03f2cb51d73545312671018058bbd39c,45c0f676fb1f1e2de8b3a32d5a018cd5,6bd3a68b2801aa0b4b40dff2032bfaa0,1,2026-07-27T13:14:41.232+00:00,auto_qa_rfeogrk6zdwjfylkpisgrybb1k
202607.1.0,9a5758a779ac33f9f7dcff143aacfc3e,03f2cb51d73545312671018058bbd39c,45c0f676fb1f1e2de8b3a32d5a018cd5,6bd3a68b2801aa0b4b40dff2032bfaa0,1,2026-07-27T13:34:14.946+00:00,auto_qa_gozw8wzku2qux5lgosrpq4k93a
202607.1.0,9a5758a779ac33f9f7dcff143aacfc3e,03f2cb51d73545312671018058bbd39c,45c0f676fb1f1e2de8b3a32d5a018cd5,6bd3a68b2801aa0b4b40dff2032bfaa0,1,2026-07-27T13:59:39.554+00:00,auto_qa_g4gty5sixknjcnabwe5lne0ug
202607.1.0,9a5758a779ac33f9f7dcff143aacfc3e,03f2cb51d73545312671018058bbd39c,45c0f676fb1f1e2de8b3a32d5a018cd5,6bd3a68b2801aa0b4b40dff2032bfaa0,1,2026-07-27T14:08:24.106+00:00,auto_qa_e5yvqyvjnsz0efqlc7ae1cbu
202607.1.0,9a5758a779ac33f9f7dcff143aacfc3e,03f2cb51d73545312671018058bbd39c,45c0f676fb1f1e2de8b3a32d5a018cd5,6bd3a68b2801aa0b4b40dff2032bfaa0,1,2026-07-27T13:49:19.990+00:00,auto_qa_ne6vkborwjqehq2duqttxrbgsuo
202607.1.0,9a5758a779ac33f9f7dcff143aacfc3e,03f2cb51d73545312671018058bbd39c,45c0f676fb1f1e2de8b3a32d5a018cd5,6bd3a68b2801aa0b4b40dff2032bfaa0,1,2026-07-27T13:03:33.654+00:00,auto_qa_htmugut1d6rhq8hq9hpedsux4gw
202607.1.0,9a5758a779ac33f9f7dcff143aacfc3e,03f2cb51d73545312671018058bbd39c,45c0f676fb1f1e2de8b3a32d5a018cd5,6bd3a68b2801aa0b4b40dff2032bfaa0,1,2026-07-27T14:14:50.498+00:00,auto_qa_nfr2aoinngpcuhfhq3keirjxtno
202607.1.0,9a5758a779ac33f9f7dcff143aacfc3e,03f2cb51d73545312671018058bbd39c,45c0f676fb1f1e2de8b3a32d5a018cd5,6bd3a68b2801aa0b4b40dff2032bfaa0,1,2026-07-27T13:39:09.041+00:00,auto_qa_gaoa8hqe4v0pxfvg8q5fpqx30
202607.1.0,9a5758a779ac33f9f7dcff143aacfc3e,03f2cb51d73545312671018058bbd39c,45c0f676fb1f1e2de8b3a32d5a018cd5,6bd3a68b2801aa0b4b40dff2032bfaa0,1,2026-07-28T00:37:31.418+00:00,auto_qa_lcckg7jgp9t1l79cvxyonkawe
202607.1.0,9a5758a779ac33f9f7dcff143aacfc3e,03f2cb51d73545312671018058bbd39c,45c0f676fb1f1e2de8b3a32d5a018cd5,6bd3a68b2801aa0b4b40dff2032bfaa0,1,2026-07-28T22:32:24.657+00:00,auto_qa_ipt1kj9ur6qhscavm6xtj8lrzy4
202607.1.0,9a5758a779ac33f9f7dcff143aacfc3e,03f2cb51d73545312671018058bbd39c,45c0f676fb1f1e2de8b3a32d5a018cd5,6bd3a68b2801aa0b4b40dff2032bfaa0,1,2026-07-27T14:04:00.382+00:00,auto_qa_q61o4yoglb31gvgsyqs6jujvupm
202607.1.0,9a5758a779ac33f9f7dcff143aacfc3e,03f2cb51d73545312671018058bbd39c,45c0f676fb1f1e2de8b3a32d5a018cd5,6bd3a68b2801aa0b4b40dff2032bfaa0,1,2026-07-27T13:17:21.238+00:00,auto_qa_akpo6pda3py1j5w57larmtwf6e
202607.1.0,9a5758a779ac33f9f7dcff143aacfc3e,03f2cb51d73545312671018058bbd39c,45c0f676fb1f1e2de8b3a32d5a018cd5,6bd3a68b2801aa0b4b40dff2032bfaa0,1,2026-07-27T14:27:20.969+00:00,auto_qa_4dwxq7jqqy2mprytyoxcremikj0
202607.1.0,9a5758a779ac33f9f7dcff143aacfc3e,03f2cb51d73545312671018058bbd39c,45c0f676fb1f1e2de8b3a32d5a018cd5,6bd3a68b2801aa0b4b40dff2032bfaa0,1,2026-07-27T13:28:11.263+00:00,auto_qa_wlkichpcrqkb0ayy1ps2yk5zc
202607.1.0,9a5758a779ac33f9f7dcff143aacfc3e,03f2cb51d73545312671018058bbd39c,45c0f676fb1f1e2de8b3a32d5a018cd5,6bd3a68b2801aa0b4b40dff2032bfaa0,1,2026-07-27T13:57:01.631+00:00,auto_qa_ydkobwwg4nqncyuhljfx6smp6qq
202607.1.0,9a5758a779ac33f9f7dcff143aacfc3e,03f2cb51d73545312671018058bbd39c,45c0f676fb1f1e2de8b3a32d5a018cd5,6bd3a68b2801aa0b4b40dff2032bfaa0,1,2026-07-27T13:48:26.156+00:00,auto_qa_3tlzffg2ncelsn5irrjd0owk
202607.1.0,9a5758a779ac33f9f7dcff143aacfc3e,03f2cb51d73545312671018058bbd39c,45c0f676fb1f1e2de8b3a32d5a018cd5,6bd3a68b2801aa0b4b40dff2032bfaa0,1,2026-07-27T13:49:03.320+00:00,auto_qa_nlfwtj9h3tansorqr1sid2dpp8g
202607.1.0,9a5758a779ac33f9f7dcff143aacfc3e,03f2cb51d73545312671018058bbd39c,45c0f676fb1f1e2de8b3a32d5a018cd5,6bd3a68b2801aa0b4b40dff2032bfaa0,1,2026-07-27T13:29:50.301+00:00,auto_qa_tblk6wg8woenvfmziyk0vdnmf7g
202607.1.0,9a5758a779ac33f9f7dcff143aacfc3e,03f2cb51d73545312671018058bbd39c,45c0f676fb1f1e2de8b3a32d5a018cd5,6bd3a68b2801aa0b4b40dff2032bfaa0,1,2026-07-27T13:21:48.697+00:00,auto_qa_eadrdtzhj5rh1i6blem25vfu5dq
202607.1.0,9a5758a779ac33f9f7dcff143aacfc3e,03f2cb51d73545312671018058bbd39c,45c0f676fb1f1e2de8b3a32d5a018cd5,6bd3a68b2801aa0b4b40dff2032bfaa0,1,2026-07-27T13:37:14.449+00:00,auto_qa_ced6jm0k8qyo4fjrmwusde7zowc
202607.1.0,9a5758a779ac33f9f7dcff143aacfc3e,03f2cb51d73545312671018058bbd39c,45c0f676fb1f1e2de8b3a32d5a018cd5,6bd3a68b2801aa0b4b40dff2032bfaa0,1,2026-07-28T03:28:12.922+00:00,auto_qa_zt7hvgepnrhvdaqz0ow8yyssoae
202607.1.0,9a5758a779ac33f9f7dcff143aacfc3e,03f2cb51d73545312671018058bbd39c,45c0f676fb1f1e2de8b3a32d5a018cd5,6bd3a68b2801aa0b4b40dff2032bfaa0,1,2026-07-27T14:04:03.371+00:00,auto_qa_mfcvnjmjkrymdrkq8mq2n7rw
202607.1.0,9a5758a779ac33f9f7dcff143aacfc3e,03f2cb51d73545312671018058bbd39c,45c0f676fb1f1e2de8b3a32d5a018cd5,6bd3a68b2801aa0b4b40dff2032bfaa0,1,2026-07-27T13:05:17.437+00:00,auto_qa_ipp17kyjyu4li3tuvgy7zbxk
202607.1.0,9a5758a779ac33f9f7dcff143aacfc3e,03f2cb51d73545312671018058bbd39c,45c0f676fb1f1e2de8b3a32d5a018cd5,6bd3a68b2801aa0b4b40dff2032bfaa0,1,2026-07-27T13:12:05.757+00:00,auto_qa_ykujyci69jnf0etx6uosjefc74
202607.1.0,9a5758a779ac33f9f7dcff143aacfc3e,03f2cb51d73545312671018058bbd39c,45c0f676fb1f1e2de8b3a32d5a018cd5,6bd3a68b2801aa0b4b40dff2032bfaa0,1,2026-07-27T14:24:44.405+00:00,auto_qa_7fb34vq7rvuvrfdl58phpq12chq
202607.1.0,9a5758a779ac33f9f7dcff143aacfc3e,03f2cb51d73545312671018058bbd39c,45c0f676fb1f1e2de8b3a32d5a018cd5,6bd3a68b2801aa0b4b40dff2032bfaa0,1,2026-07-27T13:07:33.925+00:00,auto_qa_bicgooamtym0yjetwn1txefyy
202607.1.0,9a5758a779ac33f9f7dcff143aacfc3e,03f2cb51d73545312671018058bbd39c,45c0f676fb1f1e2de8b3a32d5a018cd5,6bd3a68b2801aa0b4b40dff2032bfaa0,1,2026-07-27T13:30:58.329+00:00,auto_qa_9vl6us14zrcdhborxi7hucmla
202607.1.0,9a5758a779ac33f9f7dcff143aacfc3e,03f2cb51d73545312671018058bbd39c,45c0f676fb1f1e2de8b3a32d5a018cd5,6bd3a68b2801aa0b4b40dff2032bfaa0,1,2026-07-27T13:42:58.559+00:00,auto_qa_f3037r0d34qup7hkueuz0w1pgy
202607.1.0,9a5758a779ac33f9f7dcff143aacfc3e,03f2cb51d73545312671018058bbd39c,45c0f676fb1f1e2de8b3a32d5a018cd5,6bd3a68b2801aa0b4b40dff2032bfaa0,1,2026-07-27T13:01:34.922+00:00,auto_qa_cypr7w6cvhrwushoegwiwihmkta
202607.1.0,9a5758a779ac33f9f7dcff143aacfc3e,03f2cb51d73545312671018058bbd39c,45c0f676fb1f1e2de8b3a32d5a018cd5,6bd3a68b2801aa0b4b40dff2032bfaa0,1,2026-07-27T14:24:53.685+00:00,auto_qa_bit18gzznd6zmi1hyx6wc0ewg0
202607.1.0,9a5758a779ac33f9f7dcff143aacfc3e,03f2cb51d73545312671018058bbd39c,45c0f676fb1f1e2de8b3a32d5a018cd5,6bd3a68b2801aa0b4b40dff2032bfaa0,1,2026-07-27T13:52:06.504+00:00,auto_qa_n8w57vkucxpipexvxc8yw0
202607.1.0,9a5758a779ac33f9f7dcff143aacfc3e,03f2cb51d73545312671018058bbd39c,45c0f676fb1f1e2de8b3a32d5a018cd5,6bd3a68b2801aa0b4b40dff2032bfaa0,1,2026-07-27T13:35:43.008+00:00,auto_qa_kd1yp75qyx8gfihcijtp8fnzsgo
202607.1.0,9a5758a779ac33f9f7dcff143aacfc3e,03f2cb51d73545312671018058bbd39c,45c0f676fb1f1e2de8b3a32d5a018cd5,6bd3a68b2801aa0b4b40dff2032bfaa0,1,2026-07-27T13:03:52.007+00:00,auto_qa_lk2lcgsof0gbyll1pzvyg9jnfhg
202607.1.0,9a5758a779ac33f9f7dcff143aacfc3e,03f2cb51d73545312671018058bbd39c,45c0f676fb1f1e2de8b3a32d5a018cd5,6bd3a68b2801aa0b4b40dff2032bfaa0,1,2026-07-27T13:44:19.448+00:00,auto_qa_8uw1055ik0nzjfjgn7ippvbpe
202607.1.0,9a5758a779ac33f9f7dcff143aacfc3e,03f2cb51d73545312671018058bbd39c,45c0f676fb1f1e2de8b3a32d5a018cd5,6bd3a68b2801aa0b4b40dff2032bfaa0,1,2026-07-27T13:04:33.413+00:00,auto_qa_gouu8pxydtwruk0ttdpdalpjfs
202607.1.0,9a5758a779ac33f9f7dcff143aacfc3e,03f2cb51d73545312671018058bbd39c,45c0f676fb1f1e2de8b3a32d5a018cd5,6bd3a68b2801aa0b4b40dff2032bfaa0,1,2026-07-27T13:23:59.619+00:00,auto_qa_aordxfz5hdccsik6gzbgxkvvk7q
202607.1.0,9a5758a779ac33f9f7dcff143aacfc3e,03f2cb51d73545312671018058bbd39c,45c0f676fb1f1e2de8b3a32d5a018cd5,6bd3a68b2801aa0b4b40dff2032bfaa0,1,2026-07-27T13:49:35.997+00:00,auto_qa_fd6uopwnmpt5iclcz5yvjnndm
202607.1.0,9a5758a779ac33f9f7dcff143aacfc3e,03f2cb51d73545312671018058bbd39c,45c0f676fb1f1e2de8b3a32d5a018cd5,6bd3a68b2801aa0b4b40dff2032bfaa0,1,2026-07-27T14:06:39.292+00:00,auto_qa_invo8slh6h0xzcelwk4et3a
202607.1.0,9a5758a779ac33f9f7dcff143aacfc3e,03f2cb51d73545312671018058bbd39c,45c0f676fb1f1e2de8b3a32d5a018cd5,6bd3a68b2801aa0b4b40dff2032bfaa0,1,2026-07-27T13:29:37.272+00:00,auto_qa_jhib00jetqxnaep6v6tuwzhfog
202607.1.0,9a5758a779ac33f9f7dcff143aacfc3e,03f2cb51d73545312671018058bbd39c,45c0f676fb1f1e2de8b3a32d5a018cd5,6bd3a68b2801aa0b4b40dff2032bfaa0,1,2026-07-27T13:05:02.185+00:00,auto_qa_hvtv1vxkgsslyf5gcl7e6i5hmc
202607.1.0,9a5758a779ac33f9f7dcff143aacfc3e,03f2cb51d73545312671018058bbd39c,45c0f676fb1f1e2de8b3a32d5a018cd5,6bd3a68b2801aa0b4b40dff2032bfaa0,1,2026-07-27T13:31:59.111+00:00,auto_qa_td0ggr0p3bvmphnlertceb8em5g
202607.1.0,9a5758a779ac33f9f7dcff143aacfc3e,03f2cb51d73545312671018058bbd39c,45c0f676fb1f1e2de8b3a32d5a018cd5,6bd3a68b2801aa0b4b40dff2032bfaa0,1,2026-07-27T13:15:38.809+00:00,auto_qa_0rdvoulpzony6upzwtncsflfx4
202607.1.0,9a5758a779ac33f9f7dcff143aacfc3e,03f2cb51d73545312671018058bbd39c,45c0f676fb1f1e2de8b3a32d5a018cd5,6bd3a68b2801aa0b4b40dff2032bfaa0,1,2026-07-27T13:13:59.115+00:00,auto_qa_jsijauhvpyy1xsgessxlggnhug
202607.1.0,9a5758a779ac33f9f7dcff143aacfc3e,03f2cb51d73545312671018058bbd39c,45c0f676fb1f1e2de8b3a32d5a018cd5,6bd3a68b2801aa0b4b40dff2032bfaa0,1,2026-07-27T13:14:08.155+00:00,auto_qa_cmaiqfduf9cr38lfcpjhatuuei
202607.1.0,9a5758a779ac33f9f7dcff143aacfc3e,03f2cb51d73545312671018058bbd39c,45c0f676fb1f1e2de8b3a32d5a018cd5,6bd3a68b2801aa0b4b40dff2032bfaa0,1,2026-07-27T13:50:26.540+00:00,auto_qa_wewzg5apsyxfwucbbie3xuqnkq
202607.1.0,9a5758a779ac33f9f7dcff143aacfc3e,03f2cb51d73545312671018058bbd39c,45c0f676fb1f1e2de8b3a32d5a018cd5,6bd3a68b2801aa0b4b40dff2032bfaa0,1,2026-07-28T10:08:16.120+00:00,auto_qa_uotas5oq3o5kwla6avtkntzls
202607.1.0,9a5758a779ac33f9f7dcff143aacfc3e,03f2cb51d73545312671018058bbd39c,45c0f676fb1f1e2de8b3a32d5a018cd5,6bd3a68b2801aa0b4b40dff2032bfaa0,1,2026-07-27T13:17:04.732+00:00,auto_qa_4hbevcutng0pqfuq5rjfvawmea
202607.1.0,9a5758a779ac33f9f7dcff143aacfc3e,03f2cb51d73545312671018058bbd39c,45c0f676fb1f1e2de8b3a32d5a018cd5,6bd3a68b2801aa0b4b40dff2032bfaa0,1,2026-07-27T13:11:19.263+00:00,auto_qa_aaqjpitfnzftl1jnqzmolpan3ay
202607.1.0,9a5758a779ac33f9f7dcff143aacfc3e,03f2cb51d73545312671018058bbd39c,45c0f676fb1f1e2de8b3a32d5a018cd5,6bd3a68b2801aa0b4b40dff2032bfaa0,1,2026-07-27T13:03:24.499+00:00,auto_qa_nwjgfhfbm5hc2w0bfpntucguoq
202607.1.0,9a5758a779ac33f9f7dcff143aacfc3e,03f2cb51d73545312671018058bbd39c,45c0f676fb1f1e2de8b3a32d5a018cd5,6bd3a68b2801aa0b4b40dff2032bfaa0,1,2026-07-27T13:42:32.183+00:00,auto_qa_jxuuirjgy4ryvtzkmchb2ou5u
202607.1.0,9a5758a779ac33f9f7dcff143aacfc3e,03f2cb51d73545312671018058bbd39c,45c0f676fb1f1e2de8b3a32d5a018cd5,6bd3a68b2801aa0b4b40dff2032bfaa0,1,2026-07-27T13:35:47.512+00:00,auto_qa_8gcantjo0toebybck5kj7we5ide
202607.1.0,9a5758a779ac33f9f7dcff143aacfc3e,03f2cb51d73545312671018058bbd39c,45c0f676fb1f1e2de8b3a32d5a018cd5,6bd3a68b2801aa0b4b40dff2032bfaa0,1,2026-07-27T13:10:44.149+00:00,auto_qa_gspebmgrjafd22ea6uuvfhkpowo
202607.1.0,9a5758a779ac33f9f7dcff143aacfc3e,03f2cb51d73545312671018058bbd39c,45c0f676fb1f1e2de8b3a32d5a018cd5,6bd3a68b2801aa0b4b40dff2032bfaa0,1,2026-07-27T13:39:48.500+00:00,auto_qa_pjyhpg4rpyqpi2hp7ak8y5anxgc
202607.1.0,9a5758a779ac33f9f7dcff143aacfc3e,03f2cb51d73545312671018058bbd39c,45c0f676fb1f1e2de8b3a32d5a018cd5,6bd3a68b2801aa0b4b40dff2032bfaa0,1,2026-07-27T13:18:15.717+00:00,auto_qa_aljr5phnn4nj4h91qbloy64i4
202607.1.0,9a5758a779ac33f9f7dcff143aacfc3e,03f2cb51d73545312671018058bbd39c,45c0f676fb1f1e2de8b3a32d5a018cd5,6bd3a68b2801aa0b4b40dff2032bfaa0,1,2026-07-27T13:16:22.746+00:00,auto_qa_hnou0lvkc4aah1swonhqp3wexk
202607.1.0,9a5758a779ac33f9f7dcff143aacfc3e,03f2cb51d73545312671018058bbd39c,45c0f676fb1f1e2de8b3a32d5a018cd5,6bd3a68b2801aa0b4b40dff2032bfaa0,1,2026-07-27T14:06:46.281+00:00,auto_qa_c0e69en2bzda5av1sdgm9reqa
202607.1.0,9a5758a779ac33f9f7dcff143aacfc3e,03f2cb51d73545312671018058bbd39c,45c0f676fb1f1e2de8b3a32d5a018cd5,6bd3a68b2801aa0b4b40dff2032bfaa0,1,2026-07-27T13:17:12.120+00:00,auto_qa_aa1aqumi9vcjwrhajhqvquxk
202607.1.0,9a5758a779ac33f9f7dcff143aacfc3e,03f2cb51d73545312671018058bbd39c,45c0f676fb1f1e2de8b3a32d5a018cd5,6bd3a68b2801aa0b4b40dff2032bfaa0,1,2026-07-27T13:16:35.395+00:00,auto_qa_wukqxcphnt9ftnxvftt5ioro3gu
202607.1.0,9a5758a779ac33f9f7dcff143aacfc3e,03f2cb51d73545312671018058bbd39c,45c0f676fb1f1e2de8b3a32d5a018cd5,6bd3a68b2801aa0b4b40dff2032bfaa0,1,2026-07-27T13:48:31.152+00:00,auto_qa_pvzora0yd6uvo5c523ppxsvknhu
202607.1.0,9a5758a779ac33f9f7dcff143aacfc3e,03f2cb51d73545312671018058bbd39c,45c0f676fb1f1e2de8b3a32d5a018cd5,6bd3a68b2801aa0b4b40dff2032bfaa0,1,2026-07-27T13:19:18.523+00:00,auto_qa_llea7goxfquvm7ktyygvr5cmou
202607.1.0,9a5758a779ac33f9f7dcff143aacfc3e,03f2cb51d73545312671018058bbd39c,45c0f676fb1f1e2de8b3a32d5a018cd5,6bd3a68b2801aa0b4b40dff2032bfaa0,1,2026-07-27T14:24:53.932+00:00,auto_qa_dyxnvoc1c3b1sc9gzhgrtphqky
202607.1.0,9a5758a779ac33f9f7dcff143aacfc3e,03f2cb51d73545312671018058bbd39c,45c0f676fb1f1e2de8b3a32d5a018cd5,6bd3a68b2801aa0b4b40dff2032bfaa0,1,2026-07-27T14:18:50.102+00:00,auto_qa_dwluerx8fgad4x4rxhhpdhi68
202607.1.0,9a5758a779ac33f9f7dcff143aacfc3e,03f2cb51d73545312671018058bbd39c,45c0f676fb1f1e2de8b3a32d5a018cd5,6bd3a68b2801aa0b4b40dff2032bfaa0,1,2026-07-27T13:44:47.912+00:00,auto_qa_fun1fccomg16eculprfecfufvl8
202607.1.0,9a5758a779ac33f9f7dcff143aacfc3e,03f2cb51d73545312671018058bbd39c,45c0f676fb1f1e2de8b3a32d5a018cd5,6bd3a68b2801aa0b4b40dff2032bfaa0,1,2026-07-27T14:14:58.679+00:00,auto_qa_ec6dw5uuoaxd6oq9gvk7srvpe1q
202607.1.0,9a5758a779ac33f9f7dcff143aacfc3e,03f2cb51d73545312671018058bbd39c,45c0f676fb1f1e2de8b3a32d5a018cd5,6bd3a68b2801aa0b4b40dff2032bfaa0,1,2026-07-27T14:20:38.290+00:00,auto_qa_yhsoo7mxdwafvqllorumro5ww
202607.1.0,9a5758a779ac33f9f7dcff143aacfc3e,03f2cb51d73545312671018058bbd39c,45c0f676fb1f1e2de8b3a32d5a018cd5,6bd3a68b2801aa0b4b40dff2032bfaa0,1,2026-07-27T13:03:05.057+00:00,auto_qa_iuwjanm1hnuz6awfncswcimxrq8
202607.1.0,9a5758a779ac33f9f7dcff143aacfc3e,03f2cb51d73545312671018058bbd39c,45c0f676fb1f1e2de8b3a32d5a018cd5,6bd3a68b2801aa0b4b40dff2032bfaa0,1,2026-07-27T14:06:03.173+00:00,auto_qa_lcohpiqou1nmabtt1qf6kjcyw
202607.1.0,9a5758a779ac33f9f7dcff143aacfc3e,03f2cb51d73545312671018058bbd39c,45c0f676fb1f1e2de8b3a32d5a018cd5,6bd3a68b2801aa0b4b40dff2032bfaa0,1,2026-07-27T13:44:51.939+00:00,auto_qa_yfjiwtq1syoiohuoejq8ohyhaa
202607.1.0,9a5758a779ac33f9f7dcff143aacfc3e,03f2cb51d73545312671018058bbd39c,45c0f676fb1f1e2de8b3a32d5a018cd5,6bd3a68b2801aa0b4b40dff2032bfaa0,1,2026-07-27T21:59:58.511+00:00,auto_qa_2jbpf95zajqkc9co8ysitv5bu
202607.1.0,9a5758a779ac33f9f7dcff143aacfc3e,03f2cb51d73545312671018058bbd39c,45c0f676fb1f1e2de8b3a32d5a018cd5,6bd3a68b2801aa0b4b40dff2032bfaa0,1,2026-07-27T13:27:29.422+00:00,auto_qa_u4za8x0amauibg73xy3c4atiw
202607.1.0,9a5758a779ac33f9f7dcff143aacfc3e,03f2cb51d73545312671018058bbd39c,45c0f676fb1f1e2de8b3a32d5a018cd5,6bd3a68b2801aa0b4b40dff2032bfaa0,1,2026-07-27T14:07:04.970+00:00,auto_qa_abagr7skwrcsdxfarcmfvs2cmi
202607.1.0,9a5758a779ac33f9f7dcff143aacfc3e,03f2cb51d73545312671018058bbd39c,45c0f676fb1f1e2de8b3a32d5a018cd5,6bd3a68b2801aa0b4b40dff2032bfaa0,1,2026-07-27T18:33:11.659+00:00,auto_qa_qbqnvdz7jhdklvnxtcixvpwgt0
202607.1.0,9a5758a779ac33f9f7dcff143aacfc3e,03f2cb51d73545312671018058bbd39c,45c0f676fb1f1e2de8b3a32d5a018cd5,6bd3a68b2801aa0b4b40dff2032bfaa0,1,2026-07-27T13:10:46.566+00:00,auto_qa_winkbokkjebqkqeoyqofov6am7q
202607.1.0,9a5758a779ac33f9f7dcff143aacfc3e,03f2cb51d73545312671018058bbd39c,45c0f676fb1f1e2de8b3a32d5a018cd5,6bd3a68b2801aa0b4b40dff2032bfaa0,1,2026-07-27T13:45:33.628+00:00,auto_qa_ve3zmwddoabpndvxrwqugkjjvce
202607.1.0,9a5758a779ac33f9f7dcff143aacfc3e,03f2cb51d73545312671018058bbd39c,45c0f676fb1f1e2de8b3a32d5a018cd5,6bd3a68b2801aa0b4b40dff2032bfaa0,1,2026-07-27T13:13:45.321+00:00,auto_qa_7lnv4lvjm5lbemglebukqitvzts
202607.1.0,9a5758a779ac33f9f7dcff143aacfc3e,03f2cb51d73545312671018058bbd39c,45c0f676fb1f1e2de8b3a32d5a018cd5,6bd3a68b2801aa0b4b40dff2032bfaa0,1,2026-07-27T13:28:18.708+00:00,auto_qa_ij8xqkivbslzev0nghhksh56s
202607.1.0,9a5758a779ac33f9f7dcff143aacfc3e,03f2cb51d73545312671018058bbd39c,45c0f676fb1f1e2de8b3a32d5a018cd5,6bd3a68b2801aa0b4b40dff2032bfaa0,1,2026-07-27T13:24:24.617+00:00,auto_qa_syjcwzi2lrsgaetdz3wiu9ogog
202607.1.0,9a5758a779ac33f9f7dcff143aacfc3e,03f2cb51d73545312671018058bbd39c,45c0f676fb1f1e2de8b3a32d5a018cd5,6bd3a68b2801aa0b4b40dff2032bfaa0,1,2026-07-27T13:43:51.672+00:00,auto_qa_57q6ja1876agllcstmftes8ivs
202607.1.0,9a5758a779ac33f9f7dcff143aacfc3e,03f2cb51d73545312671018058bbd39c,45c0f676fb1f1e2de8b3a32d5a018cd5,6bd3a68b2801aa0b4b40dff2032bfaa0,1,2026-07-27T13:38:26.876+00:00,auto_qa_cek6qvzwiqwnifwypdac85fmcc
202607.1.0,9a5758a779ac33f9f7dcff143aacfc3e,03f2cb51d73545312671018058bbd39c,45c0f676fb1f1e2de8b3a32d5a018cd5,6bd3a68b2801aa0b4b40dff2032bfaa0,1,2026-07-27T13:42:50.002+00:00,auto_qa_i2oead0nzdjojms5kfmqmksyxqa
202607.1.0,9a5758a779ac33f9f7dcff143aacfc3e,03f2cb51d73545312671018058bbd39c,45c0f676fb1f1e2de8b3a32d5a018cd5,6bd3a68b2801aa0b4b40dff2032bfaa0,1,2026-07-27T13:17:18.846+00:00,auto_qa_ws9inbyszmoewd97enpe2jbszi
202607.1.0,9a5758a779ac33f9f7dcff143aacfc3e,03f2cb51d73545312671018058bbd39c,45c0f676fb1f1e2de8b3a32d5a018cd5,6bd3a68b2801aa0b4b40dff2032bfaa0,1,2026-07-27T13:54:13.333+00:00,auto_qa_bhdyyzais5kyfk3b8fzfvdbpqg4
202607.1.0,9a5758a779ac33f9f7dcff143aacfc3e,03f2cb51d73545312671018058bbd39c,45c0f676fb1f1e2de8b3a32d5a018cd5,6bd3a68b2801aa0b4b40dff2032bfaa0,1,2026-07-27T13:23:16.771+00:00,auto_qa_msqg46tzwjrnf0rf25kk6jxc50
202607.1.0,9a5758a779ac33f9f7dcff143aacfc3e,03f2cb51d73545312671018058bbd39c,45c0f676fb1f1e2de8b3a32d5a018cd5,6bd3a68b2801aa0b4b40dff2032bfaa0,1,2026-07-27T14:03:09.157+00:00,auto_qa_7ocsnn5xptdticp0ncjsah1fyjq
202607.1.0,9a5758a779ac33f9f7dcff143aacfc3e,03f2cb51d73545312671018058bbd39c,45c0f676fb1f1e2de8b3a32d5a018cd5,6bd3a68b2801aa0b4b40dff2032bfaa0,1,2026-07-27T14:28:52.997+00:00,auto_qa_rpbgnmdv7zk8fsu1bd3jzie
202607.1.0,9a5758a779ac33f9f7dcff143aacfc3e,03f2cb51d73545312671018058bbd39c,45c0f676fb1f1e2de8b3a32d5a018cd5,6bd3a68b2801aa0b4b40dff2032bfaa0,1,2026-07-27T14:28:26.211+00:00,auto_qa_rkscujrpazkzz5zyv5s7plcxe
202607.1.0,9a5758a779ac33f9f7dcff143aacfc3e,03f2cb51d73545312671018058bbd39c,45c0f676fb1f1e2de8b3a32d5a018cd5,6bd3a68b2801aa0b4b40dff2032bfaa0,1,2026-07-27T13:28:57.610+00:00,auto_qa_icxj9dixl7zbyfujmm0xpqbldpg
202607.1.0,9a5758a779ac33f9f7dcff143aacfc3e,03f2cb51d73545312671018058bbd39c,45c0f676fb1f1e2de8b3a32d5a018cd5,6bd3a68b2801aa0b4b40dff2032bfaa0,1,2026-07-27T13:15:19.012+00:00,auto_qa_lt6wsmvrpq1vnpn0rarofhtpaom
202607.1.0,9a5758a779ac33f9f7dcff143aacfc3e,03f2cb51d73545312671018058bbd39c,45c0f676fb1f1e2de8b3a32d5a018cd5,6bd3a68b2801aa0b4b40dff2032bfaa0,1,2026-07-27T14:20:22.948+00:00,auto_qa_yamioq017itf4m6of5gugxoemvg
202607.1.0,9a5758a779ac33f9f7dcff143aacfc3e,03f2cb51d73545312671018058bbd39c,45c0f676fb1f1e2de8b3a32d5a018cd5,6bd3a68b2801aa0b4b40dff2032bfaa0,1,2026-07-27T13:46:32.641+00:00,auto_qa_nmboczft4lygofoc2nf8bbt1os
202607.1.0,9a5758a779ac33f9f7dcff143aacfc3e,03f2cb51d73545312671018058bbd39c,45c0f676fb1f1e2de8b3a32d5a018cd5,6bd3a68b2801aa0b4b40dff2032bfaa0,1,2026-07-27T13:04:28.243+00:00,auto_qa_jcsyxmkbsoftfuuixq904ty6kie
202607.1.0,9a5758a779ac33f9f7dcff143aacfc3e,03f2cb51d73545312671018058bbd39c,45c0f676fb1f1e2de8b3a32d5a018cd5,6bd3a68b2801aa0b4b40dff2032bfaa0,1,2026-07-27T13:26:17.695+00:00,auto_qa_t7jl2vbdefcyyjuie4fcpp7qkiu
202607.1.0,9a5758a779ac33f9f7dcff143aacfc3e,03f2cb51d73545312671018058bbd39c,45c0f676fb1f1e2de8b3a32d5a018cd5,6bd3a68b2801aa0b4b40dff2032bfaa0,1,2026-07-27T13:08:15.619+00:00,auto_qa_skkzkjzdisex5qtqqwrshases
202607.1.0,9a5758a779ac33f9f7dcff143aacfc3e,03f2cb51d73545312671018058bbd39c,45c0f676fb1f1e2de8b3a32d5a018cd5,6bd3a68b2801aa0b4b40dff2032bfaa0,1,2026-07-27T13:58:29.186+00:00,auto_qa_pqtlyr80mcdmmimqou2erntee1u
202607.1.0,9a5758a779ac33f9f7dcff143aacfc3e,03f2cb51d73545312671018058bbd39c,45c0f676fb1f1e2de8b3a32d5a018cd5,6bd3a68b2801aa0b4b40dff2032bfaa0,1,2026-07-27T13:30:15.932+00:00,auto_qa_qomrzos1oadz5rhl3fkqnluwk
202607.1.0,9a5758a779ac33f9f7dcff143aacfc3e,03f2cb51d73545312671018058bbd39c,45c0f676fb1f1e2de8b3a32d5a018cd5,6bd3a68b2801aa0b4b40dff2032bfaa0,1,2026-07-27T13:42:10.525+00:00,auto_qa_rjvtuffscsee2w5faakn6amu91o
202607.1.0,9a5758a779ac33f9f7dcff143aacfc3e,03f2cb51d73545312671018058bbd39c,45c0f676fb1f1e2de8b3a32d5a018cd5,6bd3a68b2801aa0b4b40dff2032bfaa0,1,2026-07-27T13:24:48.768+00:00,auto_qa_4kayagf44cvkh6ycaexm0ncwrxi
202607.1.0,9a5758a779ac33f9f7dcff143aacfc3e,03f2cb51d73545312671018058bbd39c,45c0f676fb1f1e2de8b3a32d5a018cd5,6bd3a68b2801aa0b4b40dff2032bfaa0,1,2026-07-27T13:21:06.090+00:00,auto_qa_lnk2ddorlrmuepbrqcobjn9nxkk
202607.1.0,9a5758a779ac33f9f7dcff143aacfc3e,03f2cb51d73545312671018058bbd39c,45c0f676fb1f1e2de8b3a32d5a018cd5,6bd3a68b2801aa0b4b40dff2032bfaa0,1,2026-07-27T13:37:51.513+00:00,auto_qa_dhrvr1ylf8xi2ekba8upvgdqtm4
202607.1.0,9a5758a779ac33f9f7dcff143aacfc3e,03f2cb51d73545312671018058bbd39c,45c0f676fb1f1e2de8b3a32d5a018cd5,6bd3a68b2801aa0b4b40dff2032bfaa0,1,2026-07-27T13:48:21.872+00:00,auto_qa_nlyy2xsikgek2en0mrdxiksbjvk
202607.1.0,9a5758a779ac33f9f7dcff143aacfc3e,03f2cb51d73545312671018058bbd39c,45c0f676fb1f1e2de8b3a32d5a018cd5,6bd3a68b2801aa0b4b40dff2032bfaa0,1,2026-07-27T13:13:59.113+00:00,auto_qa_wirmmd6nkxo7vasvmyapkrevna
202607.1.0,9a5758a779ac33f9f7dcff143aacfc3e,03f2cb51d73545312671018058bbd39c,45c0f676fb1f1e2de8b3a32d5a018cd5,6bd3a68b2801aa0b4b40dff2032bfaa0,1,2026-07-27T13:57:17.766+00:00,auto_qa_hz1grzfbitng0pkryewgbu3o3us
202607.1.0,9a5758a779ac33f9f7dcff143aacfc3e,03f2cb51d73545312671018058bbd39c,45c0f676fb1f1e2de8b3a32d5a018cd5,6bd3a68b2801aa0b4b40dff2032bfaa0,1,2026-07-27T13:42:39.457+00:00,auto_qa_vqsins5scgrndgwfddqjmdkyag
202607.1.0,9a5758a779ac33f9f7dcff143aacfc3e,03f2cb51d73545312671018058bbd39c,45c0f676fb1f1e2de8b3a32d5a018cd5,6bd3a68b2801aa0b4b40dff2032bfaa0,1,2026-07-27T14:07:50.316+00:00,auto_qa_plqur03arjwejkszaks4opnwis
202607.1.0,9a5758a779ac33f9f7dcff143aacfc3e,03f2cb51d73545312671018058bbd39c,45c0f676fb1f1e2de8b3a32d5a018cd5,6bd3a68b2801aa0b4b40dff2032bfaa0,1,2026-07-27T13:38:45.394+00:00,auto_qa_7vjddvjvlpzg9e6etcdfagfbdq
202607.1.0,9a5758a779ac33f9f7dcff143aacfc3e,03f2cb51d73545312671018058bbd39c,45c0f676fb1f1e2de8b3a32d5a018cd5,6bd3a68b2801aa0b4b40dff2032bfaa0,1,2026-07-28T17:50:07.638+00:00,auto_qa_78eqqet87l82zw9kkzhazxn2tyi
202607.1.0,9a5758a779ac33f9f7dcff143aacfc3e,03f2cb51d73545312671018058bbd39c,45c0f676fb1f1e2de8b3a32d5a018cd5,6bd3a68b2801aa0b4b40dff2032bfaa0,1,2026-07-27T13:26:31.181+00:00,auto_qa_ciabjss2h0t66q4nvnvz3kuqe
202607.1.0,9a5758a779ac33f9f7dcff143aacfc3e,03f2cb51d73545312671018058bbd39c,45c0f676fb1f1e2de8b3a32d5a018cd5,6bd3a68b2801aa0b4b40dff2032bfaa0,1,2026-07-28T08:34:12.035+00:00,auto_qa_loou6zyekuhyjpaatijpot8r8vy
202607.1.0,9a5758a779ac33f9f7dcff143aacfc3e,03f2cb51d73545312671018058bbd39c,45c0f676fb1f1e2de8b3a32d5a018cd5,6bd3a68b2801aa0b4b40dff2032bfaa0,1,2026-07-27T13:36:52.866+00:00,auto_qa_m6fjfa7ieek2cmnhmofg6p3jwlo
202607.1.0,9a5758a779ac33f9f7dcff143aacfc3e,03f2cb51d73545312671018058bbd39c,45c0f676fb1f1e2de8b3a32d5a018cd5,6bd3a68b2801aa0b4b40dff2032bfaa0,1,2026-07-27T14:18:14.497+00:00,auto_qa_4a37hpzddz8dvkxg8gtxvuatny
202607.1.0,9a5758a779ac33f9f7dcff143aacfc3e,03f2cb51d73545312671018058bbd39c,45c0f676fb1f1e2de8b3a32d5a018cd5,6bd3a68b2801aa0b4b40dff2032bfaa0,1,2026-07-27T14:27:39.389+00:00,auto_qa_t0sl2d3valfectablrerrkj7nu
202607.1.0,9a5758a779ac33f9f7dcff143aacfc3e,03f2cb51d73545312671018058bbd39c,45c0f676fb1f1e2de8b3a32d5a018cd5,6bd3a68b2801aa0b4b40dff2032bfaa0,1,2026-07-27T14:24:47.665+00:00,auto_qa_vjm3vvfcfyunhfynpstcdnvvq4
202607.1.0,9a5758a779ac33f9f7dcff143aacfc3e,03f2cb51d73545312671018058bbd39c,45c0f676fb1f1e2de8b3a32d5a018cd5,6bd3a68b2801aa0b4b40dff2032bfaa0,1,2026-07-27T14:23:10.244+00:00,auto_qa_kvuhiut8cdkko0g9jw8nvstw9i
202607.1.0,9a5758a779ac33f9f7dcff143aacfc3e,03f2cb51d73545312671018058bbd39c,45c0f676fb1f1e2de8b3a32d5a018cd5,6bd3a68b2801aa0b4b40dff2032bfaa0,1,2026-07-27T13:16:47.134+00:00,auto_qa_nkqi3g1jvs4vskpfj1weeitm
202607.1.0,9a5758a779ac33f9f7dcff143aacfc3e,03f2cb51d73545312671018058bbd39c,45c0f676fb1f1e2de8b3a32d5a018cd5,6bd3a68b2801aa0b4b40dff2032bfaa0,1,2026-07-27T13:48:36.308+00:00,auto_qa_yoarugllrashju0r284parbkhca
202607.1.0,9a5758a779ac33f9f7dcff143aacfc3e,03f2cb51d73545312671018058bbd39c,45c0f676fb1f1e2de8b3a32d5a018cd5,6bd3a68b2801aa0b4b40dff2032bfaa0,1,2026-07-27T12:59:47.808+00:00,auto_qa_li02d4x6rzoqh3ycp9uzomvd2rw
202607.1.0,9a5758a779ac33f9f7dcff143aacfc3e,03f2cb51d73545312671018058bbd39c,45c0f676fb1f1e2de8b3a32d5a018cd5,6bd3a68b2801aa0b4b40dff2032bfaa0,1,2026-07-27T13:15:46.090+00:00,auto_qa_preodcgfizgtjyttunz24xlu0
202607.1.0,9a5758a779ac33f9f7dcff143aacfc3e,03f2cb51d73545312671018058bbd39c,45c0f676fb1f1e2de8b3a32d5a018cd5,6bd3a68b2801aa0b4b40dff2032bfaa0,1,2026-07-27T14:35:26.008+00:00,auto_qa_ubf4ximsagkqoecwqv6lmoiyq8a
202607.1.0,9a5758a779ac33f9f7dcff143aacfc3e,03f2cb51d73545312671018058bbd39c,45c0f676fb1f1e2de8b3a32d5a018cd5,6bd3a68b2801aa0b4b40dff2032bfaa0,1,2026-07-27T13:14:40.755+00:00,auto_qa_jreh7hspwyy0tukt4lt3zn3ea
202607.1.0,9a5758a779ac33f9f7dcff143aacfc3e,03f2cb51d73545312671018058bbd39c,45c0f676fb1f1e2de8b3a32d5a018cd5,6bd3a68b2801aa0b4b40dff2032bfaa0,1,2026-07-27T13:30:06.292+00:00,auto_qa_r2ejp486usc57ouscczlz76tx7c
202607.1.0,9a5758a779ac33f9f7dcff143aacfc3e,03f2cb51d73545312671018058bbd39c,45c0f676fb1f1e2de8b3a32d5a018cd5,6bd3a68b2801aa0b4b40dff2032bfaa0,1,2026-07-27T13:04:26.588+00:00,auto_qa_dymcnlzyk0pqes93p4g1pbwk3g
202607.1.0,9a5758a779ac33f9f7dcff143aacfc3e,03f2cb51d73545312671018058bbd39c,45c0f676fb1f1e2de8b3a32d5a018cd5,6bd3a68b2801aa0b4b40dff2032bfaa0,1,2026-07-27T13:08:21.880+00:00,auto_qa_ycwlf2pdtxid17eig8bu13mw0
202607.1.0,9a5758a779ac33f9f7dcff143aacfc3e,03f2cb51d73545312671018058bbd39c,45c0f676fb1f1e2de8b3a32d5a018cd5,6bd3a68b2801aa0b4b40dff2032bfaa0,1,2026-07-27T14:14:41.923+00:00,auto_qa_r6lr6xmz4hq2oaa9ovzpcwmt4
202607.1.0,9a5758a779ac33f9f7dcff143aacfc3e,03f2cb51d73545312671018058bbd39c,45c0f676fb1f1e2de8b3a32d5a018cd5,6bd3a68b2801aa0b4b40dff2032bfaa0,1,2026-07-27T13:44:48.702+00:00,auto_qa_cdrqik5xokdmkifj8dxq4ixpq
202607.1.0,9a5758a779ac33f9f7dcff143aacfc3e,03f2cb51d73545312671018058bbd39c,45c0f676fb1f1e2de8b3a32d5a018cd5,6bd3a68b2801aa0b4b40dff2032bfaa0,1,2026-07-27T14:19:12.230+00:00,auto_qa_wqtp98epvedapcgxxbphi9orogu
202607.1.0,9a5758a779ac33f9f7dcff143aacfc3e,03f2cb51d73545312671018058bbd39c,45c0f676fb1f1e2de8b3a32d5a018cd5,6bd3a68b2801aa0b4b40dff2032bfaa0,1,2026-07-27T13:36:41.510+00:00,auto_qa_7wbbnkpytquj0vxzh3cwbymjock
202607.1.0,9a5758a779ac33f9f7dcff143aacfc3e,03f2cb51d73545312671018058bbd39c,45c0f676fb1f1e2de8b3a32d5a018cd5,6bd3a68b2801aa0b4b40dff2032bfaa0,1,2026-07-27T14:07:11.866+00:00,auto_qa_aqqrkpkd51lfm1mhchswbl4z9zg
202607.1.0,9a5758a779ac33f9f7dcff143aacfc3e,03f2cb51d73545312671018058bbd39c,45c0f676fb1f1e2de8b3a32d5a018cd5,6bd3a68b2801aa0b4b40dff2032bfaa0,1,2026-07-27T13:29:33.664+00:00,auto_qa_0tloqkqoohdqtdrkaagpwp0g
202607.1.0,9a5758a779ac33f9f7dcff143aacfc3e,03f2cb51d73545312671018058bbd39c,45c0f676fb1f1e2de8b3a32d5a018cd5,6bd3a68b2801aa0b4b40dff2032bfaa0,1,2026-07-27T13:41:11.928+00:00,auto_qa_pu1tnimd2uwg519d0xrj6n0cm
202607.1.0,9a5758a779ac33f9f7dcff143aacfc3e,03f2cb51d73545312671018058bbd39c,45c0f676fb1f1e2de8b3a32d5a018cd5,6bd3a68b2801aa0b4b40dff2032bfaa0,1,2026-07-27T13:56:02.144+00:00,auto_qa_pfehatgheg3pqmmk9wrn3s7ydq
202607.1.0,9a5758a779ac33f9f7dcff143aacfc3e,03f2cb51d73545312671018058bbd39c,45c0f676fb1f1e2de8b3a32d5a018cd5,6bd3a68b2801aa0b4b40dff2032bfaa0,1,2026-07-27T14:16:04.828+00:00,auto_qa_vzjsutxx94ccvgk8kscekxcpuc0
202607.1.0,9a5758a779ac33f9f7dcff143aacfc3e,03f2cb51d73545312671018058bbd39c,45c0f676fb1f1e2de8b3a32d5a018cd5,6bd3a68b2801aa0b4b40dff2032bfaa0,1,2026-07-27T14:25:56.818+00:00,auto_qa_7ycbedkr1erbpibz311swmlc
202607.1.0,9a5758a779ac33f9f7dcff143aacfc3e,03f2cb51d73545312671018058bbd39c,45c0f676fb1f1e2de8b3a32d5a018cd5,6bd3a68b2801aa0b4b40dff2032bfaa0,1,2026-07-27T13:11:05.632+00:00,auto_qa_1a8hizmkhumfcq6e2wql2huf4a8
202607.1.0,9a5758a779ac33f9f7dcff143aacfc3e,03f2cb51d73545312671018058bbd39c,45c0f676fb1f1e2de8b3a32d5a018cd5,6bd3a68b2801aa0b4b40dff2032bfaa0,1,2026-07-27T13:37:55.980+00:00,auto_qa_qtcjrsmnzpj3wuvcf1w5s0oma
202607.1.0,9a5758a779ac33f9f7dcff143aacfc3e,03f2cb51d73545312671018058bbd39c,45c0f676fb1f1e2de8b3a32d5a018cd5,6bd3a68b2801aa0b4b40dff2032bfaa0,1,2026-07-27T13:43:10.094+00:00,auto_qa_cg6k54kcojlttlgrh9kxu6yxei
202607.1.0,9a5758a779ac33f9f7dcff143aacfc3e,03f2cb51d73545312671018058bbd39c,45c0f676fb1f1e2de8b3a32d5a018cd5,6bd3a68b2801aa0b4b40dff2032bfaa0,1,2026-07-27T13:48:03.178+00:00,auto_qa_99ksv0ymv7tmboqxgzlubg0roka
202607.1.0,9a5758a779ac33f9f7dcff143aacfc3e,03f2cb51d73545312671018058bbd39c,45c0f676fb1f1e2de8b3a32d5a018cd5,6bd3a68b2801aa0b4b40dff2032bfaa0,1,2026-07-27T14:05:26.223+00:00,auto_qa_lpkzpn4aquegpnxz2zne3o8mc3q
202607.1.0,9a5758a779ac33f9f7dcff143aacfc3e,03f2cb51d73545312671018058bbd39c,45c0f676fb1f1e2de8b3a32d5a018cd5,6bd3a68b2801aa0b4b40dff2032bfaa0,1,2026-07-27T14:03:05.320+00:00,auto_qa_0kktq2dlekpeo5odknz2ae2dge
202607.1.0,9a5758a779ac33f9f7dcff143aacfc3e,03f2cb51d73545312671018058bbd39c,45c0f676fb1f1e2de8b3a32d5a018cd5,6bd3a68b2801aa0b4b40dff2032bfaa0,1,2026-07-27T13:31:27.286+00:00,auto_qa_zf5frhjvka7qlqul0fzhkhn7lq
202607.1.0,9a5758a779ac33f9f7dcff143aacfc3e,03f2cb51d73545312671018058bbd39c,45c0f676fb1f1e2de8b3a32d5a018cd5,6bd3a68b2801aa0b4b40dff2032bfaa0,1,2026-07-28T12:41:21.815+00:00,auto_qa_nlhz6e7geme8fwfcqpeixd2hri0
202607.1.0,9a5758a779ac33f9f7dcff143aacfc3e,03f2cb51d73545312671018058bbd39c,45c0f676fb1f1e2de8b3a32d5a018cd5,6bd3a68b2801aa0b4b40dff2032bfaa0,1,2026-07-27T14:11:40.650+00:00,auto_qa_pmcpbycqgwveby6j5ahngdnwmka
202607.1.0,9a5758a779ac33f9f7dcff143aacfc3e,03f2cb51d73545312671018058bbd39c,45c0f676fb1f1e2de8b3a32d5a018cd5,6bd3a68b2801aa0b4b40dff2032bfaa0,1,2026-07-27T13:16:50.303+00:00,auto_qa_qkhccy6mktklsv9asoeauuwlj8
202607.1.0,9a5758a779ac33f9f7dcff143aacfc3e,03f2cb51d73545312671018058bbd39c,45c0f676fb1f1e2de8b3a32d5a018cd5,6bd3a68b2801aa0b4b40dff2032bfaa0,1,2026-07-27T13:21:09.162+00:00,auto_qa_j1dv94gsdjzvdqxt0dcfgvxfddw
202607.1.0,9a5758a779ac33f9f7dcff143aacfc3e,03f2cb51d73545312671018058bbd39c,45c0f676fb1f1e2de8b3a32d5a018cd5,6bd3a68b2801aa0b4b40dff2032bfaa0,1,2026-07-27T13:08:10.142+00:00,auto_qa_rlctlcqkywbfyyswrg8icvgw28
202607.1.0,9a5758a779ac33f9f7dcff143aacfc3e,03f2cb51d73545312671018058bbd39c,45c0f676fb1f1e2de8b3a32d5a018cd5,6bd3a68b2801aa0b4b40dff2032bfaa0,1,2026-07-27T13:03:00.861+00:00,auto_qa_zwsxitwlcd9jpuztthwu4rm0fce
202607.1.0,9a5758a779ac33f9f7dcff143aacfc3e,03f2cb51d73545312671018058bbd39c,45c0f676fb1f1e2de8b3a32d5a018cd5,6bd3a68b2801aa0b4b40dff2032bfaa0,1,2026-07-27T13:46:59.147+00:00,auto_qa_g9vnx6mgend8367phvb8jafraoy
202607.1.0,9a5758a779ac33f9f7dcff143aacfc3e,03f2cb51d73545312671018058bbd39c,45c0f676fb1f1e2de8b3a32d5a018cd5,6bd3a68b2801aa0b4b40dff2032bfaa0,1,2026-07-27T13:18:07.069+00:00,auto_qa_odedgmwokdfapyyxah3pfizni
202607.1.0,9a5758a779ac33f9f7dcff143aacfc3e,03f2cb51d73545312671018058bbd39c,45c0f676fb1f1e2de8b3a32d5a018cd5,6bd3a68b2801aa0b4b40dff2032bfaa0,1,2026-07-27T13:28:44.182+00:00,auto_qa_l6r9d3q0cjve1dmoe8bfxg03pe
202607.1.0,9a5758a779ac33f9f7dcff143aacfc3e,03f2cb51d73545312671018058bbd39c,45c0f676fb1f1e2de8b3a32d5a018cd5,6bd3a68b2801aa0b4b40dff2032bfaa0,1,2026-07-27T13:51:57.255+00:00,auto_qa_rzhiqbtvodlrwkuypufmsx7k6i
202607.1.0,9a5758a779ac33f9f7dcff143aacfc3e,03f2cb51d73545312671018058bbd39c,45c0f676fb1f1e2de8b3a32d5a018cd5,6bd3a68b2801aa0b4b40dff2032bfaa0,1,2026-07-27T13:33:50.947+00:00,auto_qa_0dn4i7xgz5vzuwuk98mcfg5eeo
202607.1.0,9a5758a779ac33f9f7dcff143aacfc3e,03f2cb51d73545312671018058bbd39c,45c0f676fb1f1e2de8b3a32d5a018cd5,6bd3a68b2801aa0b4b40dff2032bfaa0,1,2026-07-27T13:43:23.747+00:00,auto_qa_p9jqrxfooojfe9d4gq0ijqilr8
202607.1.0,9a5758a779ac33f9f7dcff143aacfc3e,03f2cb51d73545312671018058bbd39c,45c0f676fb1f1e2de8b3a32d5a018cd5,6bd3a68b2801aa0b4b40dff2032bfaa0,1,2026-07-28T19:40:29.827+00:00,auto_qa_fjg4gq2t3ezfvnat15ntttcw6no
202607.1.0,9a5758a779ac33f9f7dcff143aacfc3e,03f2cb51d73545312671018058bbd39c,45c0f676fb1f1e2de8b3a32d5a018cd5,6bd3a68b2801aa0b4b40dff2032bfaa0,1,2026-07-27T14:19:53.574+00:00,auto_qa_ttnbxfqaqnrmxi7gqrcyoxqra
202607.1.0,9a5758a779ac33f9f7dcff143aacfc3e,03f2cb51d73545312671018058bbd39c,45c0f676fb1f1e2de8b3a32d5a018cd5,6bd3a68b2801aa0b4b40dff2032bfaa0,1,2026-07-27T13:29:27.688+00:00,auto_qa_osqbhv7m5nifecpet5rc9pm9w9q
202607.1.0,9a5758a779ac33f9f7dcff143aacfc3e,03f2cb51d73545312671018058bbd39c,45c0f676fb1f1e2de8b3a32d5a018cd5,6bd3a68b2801aa0b4b40dff2032bfaa0,1,2026-07-28T11:02:32.206+00:00,auto_qa_pq9ejxmjnpl0wnovj1jwldlwze
202607.1.0,9a5758a779ac33f9f7dcff143aacfc3e,03f2cb51d73545312671018058bbd39c,45c0f676fb1f1e2de8b3a32d5a018cd5,6bd3a68b2801aa0b4b40dff2032bfaa0,1,2026-07-27T13:06:24.416+00:00,auto_qa_rep7sjgh52s6nhbh15qx0zkavpo
202607.1.0,9a5758a779ac33f9f7dcff143aacfc3e,03f2cb51d73545312671018058bbd39c,45c0f676fb1f1e2de8b3a32d5a018cd5,6bd3a68b2801aa0b4b40dff2032bfaa0,1,2026-07-27T14:21:14.787+00:00,auto_qa_seh5uk7bidhoazx95g9o2apo
202607.1.0,9a5758a779ac33f9f7dcff143aacfc3e,03f2cb51d73545312671018058bbd39c,45c0f676fb1f1e2de8b3a32d5a018cd5,6bd3a68b2801aa0b4b40dff2032bfaa0,1,2026-07-27T14:05:48.667+00:00,auto_qa_uqwdgw7uqw9ed3qxmsbnfiinzmo
202607.1.0,9a5758a779ac33f9f7dcff143aacfc3e,03f2cb51d73545312671018058bbd39c,45c0f676fb1f1e2de8b3a32d5a018cd5,6bd3a68b2801aa0b4b40dff2032bfaa0,1,2026-07-27T13:05:08.183+00:00,auto_qa_upfm5mei28lxvrs4uvty99jqa
202607.1.0,9a5758a779ac33f9f7dcff143aacfc3e,03f2cb51d73545312671018058bbd39c,45c0f676fb1f1e2de8b3a32d5a018cd5,6bd3a68b2801aa0b4b40dff2032bfaa0,1,2026-07-27T13:08:05.739+00:00,auto_qa_zgdrp3n39ij1emmnqbmjdn2so
202607.1.0,9a5758a779ac33f9f7dcff143aacfc3e,03f2cb51d73545312671018058bbd39c,45c0f676fb1f1e2de8b3a32d5a018cd5,6bd3a68b2801aa0b4b40dff2032bfaa0,1,2026-07-27T20:45:20.746+00:00,auto_qa_dnnrg5orfciysdjqoihgn9ab0qm
202607.1.0,9a5758a779ac33f9f7dcff143aacfc3e,03f2cb51d73545312671018058bbd39c,45c0f676fb1f1e2de8b3a32d5a018cd5,6bd3a68b2801aa0b4b40dff2032bfaa0,1,2026-07-27T22:39:14.705+00:00,auto_qa_vaxs4ka2q8izaxrdl7dfteryq
202607.1.0,9a5758a779ac33f9f7dcff143aacfc3e,03f2cb51d73545312671018058bbd39c,45c0f676fb1f1e2de8b3a32d5a018cd5,6bd3a68b2801aa0b4b40dff2032bfaa0,1,2026-07-27T14:26:19.296+00:00,auto_qa_okpyxpj4vjplaa0pwrweub3hi
202607.1.0,9a5758a779ac33f9f7dcff143aacfc3e,03f2cb51d73545312671018058bbd39c,45c0f676fb1f1e2de8b3a32d5a018cd5,6bd3a68b2801aa0b4b40dff2032bfaa0,1,2026-07-27T23:18:28.667+00:00,auto_qa_n0llcdqfkyjgrhglz1qrkgnebzm
202607.1.0,9a5758a779ac33f9f7dcff143aacfc3e,03f2cb51d73545312671018058bbd39c,45c0f676fb1f1e2de8b3a32d5a018cd5,6bd3a68b2801aa0b4b40dff2032bfaa0,1,2026-07-27T14:20:04.605+00:00,auto_qa_0xknat9ugdlpiuemudrjdx3sc
202607.1.0,9a5758a779ac33f9f7dcff143aacfc3e,03f2cb51d73545312671018058bbd39c,45c0f676fb1f1e2de8b3a32d5a018cd5,6bd3a68b2801aa0b4b40dff2032bfaa0,1,2026-07-27T14:17:10.931+00:00,auto_qa_wmikm1hxgcjct5bliahaiultjm4
202607.1.0,9a5758a779ac33f9f7dcff143aacfc3e,03f2cb51d73545312671018058bbd39c,45c0f676fb1f1e2de8b3a32d5a018cd5,6bd3a68b2801aa0b4b40dff2032bfaa0,1,2026-07-27T13:33:24.604+00:00,auto_qa_sdw1uc8oiympgq5jmtji90u640
202607.1.0,9a5758a779ac33f9f7dcff143aacfc3e,03f2cb51d73545312671018058bbd39c,45c0f676fb1f1e2de8b3a32d5a018cd5,6bd3a68b2801aa0b4b40dff2032bfaa0,1,2026-07-27T13:55:17.944+00:00,auto_qa_kyp8onuzwhfux5plc7tbwfnlv4c
202607.1.0,9a5758a779ac33f9f7dcff143aacfc3e,03f2cb51d73545312671018058bbd39c,45c0f676fb1f1e2de8b3a32d5a018cd5,6bd3a68b2801aa0b4b40dff2032bfaa0,1,2026-07-27T14:28:28.072+00:00,auto_qa_yglsvxp4h2nmcz4y3edwug498
202607.1.0,9a5758a779ac33f9f7dcff143aacfc3e,03f2cb51d73545312671018058bbd39c,45c0f676fb1f1e2de8b3a32d5a018cd5,6bd3a68b2801aa0b4b40dff2032bfaa0,1,2026-07-27T14:00:30.842+00:00,auto_qa_d4umc1omyj7xqqf4ztghvu0ifq4
202607.1.0,9a5758a779ac33f9f7dcff143aacfc3e,03f2cb51d73545312671018058bbd39c,45c0f676fb1f1e2de8b3a32d5a018cd5,6bd3a68b2801aa0b4b40dff2032bfaa0,1,2026-07-27T13:45:13.318+00:00,auto_qa_ybggiar0npno6q9nplyfyf1kkhm
202607.1.0,9a5758a779ac33f9f7dcff143aacfc3e,03f2cb51d73545312671018058bbd39c,45c0f676fb1f1e2de8b3a32d5a018cd5,6bd3a68b2801aa0b4b40dff2032bfaa0,1,2026-07-27T13:04:47.154+00:00,auto_qa_ema4toyyywavxj4fp4msqz3a
202607.1.0,9a5758a779ac33f9f7dcff143aacfc3e,03f2cb51d73545312671018058bbd39c,45c0f676fb1f1e2de8b3a32d5a018cd5,6bd3a68b2801aa0b4b40dff2032bfaa0,1,2026-07-27T13:16:45.606+00:00,auto_qa_rleyb3x5ky2hrys4ie7oriuzp78
202607.1.0,9a5758a779ac33f9f7dcff143aacfc3e,03f2cb51d73545312671018058bbd39c,45c0f676fb1f1e2de8b3a32d5a018cd5,6bd3a68b2801aa0b4b40dff2032bfaa0,1,2026-07-27T13:04:33.122+00:00,auto_qa_huouqnxfvtphsiun4mtemee34
202607.1.0,9a5758a779ac33f9f7dcff143aacfc3e,03f2cb51d73545312671018058bbd39c,45c0f676fb1f1e2de8b3a32d5a018cd5,6bd3a68b2801aa0b4b40dff2032bfaa0,1,2026-07-27T14:17:49.228+00:00,auto_qa_7gqdd3nrl6wchm434nspj3do2xm
202607.1.0,9a5758a779ac33f9f7dcff143aacfc3e,03f2cb51d73545312671018058bbd39c,45c0f676fb1f1e2de8b3a32d5a018cd5,6bd3a68b2801aa0b4b40dff2032bfaa0,1,2026-07-27T13:16:32.724+00:00,auto_qa_iozwaqjnd6mgeza694vwbppwjzk
202607.1.0,9a5758a779ac33f9f7dcff143aacfc3e,03f2cb51d73545312671018058bbd39c,45c0f676fb1f1e2de8b3a32d5a018cd5,6bd3a68b2801aa0b4b40dff2032bfaa0,1,2026-07-27T14:04:00.415+00:00,auto_qa_til88wjtomhtrnbm4ef3hwpb0
202607.1.0,9a5758a779ac33f9f7dcff143aacfc3e,03f2cb51d73545312671018058bbd39c,45c0f676fb1f1e2de8b3a32d5a018cd5,6bd3a68b2801aa0b4b40dff2032bfaa0,1,2026-07-27T14:07:21.497+00:00,auto_qa_akz5hhooduyljpibipaxq5x6e4
202607.1.0,9a5758a779ac33f9f7dcff143aacfc3e,03f2cb51d73545312671018058bbd39c,45c0f676fb1f1e2de8b3a32d5a018cd5,6bd3a68b2801aa0b4b40dff2032bfaa0,1,2026-07-27T13:43:59.071+00:00,auto_qa_3wjl4tztiugq7jlfb6nefae4mm
202607.1.0,9a5758a779ac33f9f7dcff143aacfc3e,03f2cb51d73545312671018058bbd39c,45c0f676fb1f1e2de8b3a32d5a018cd5,6bd3a68b2801aa0b4b40dff2032bfaa0,1,2026-07-27T13:29:42.826+00:00,auto_qa_0v3puavbbenxwfs19sbcl09giy
202607.1.0,9a5758a779ac33f9f7dcff143aacfc3e,03f2cb51d73545312671018058bbd39c,45c0f676fb1f1e2de8b3a32d5a018cd5,6bd3a68b2801aa0b4b40dff2032bfaa0,1,2026-07-27T14:27:27.431+00:00,auto_qa_e9awtwycjgu3m2cv85t2zy2u4
202607.1.0,9a5758a779ac33f9f7dcff143aacfc3e,03f2cb51d73545312671018058bbd39c,45c0f676fb1f1e2de8b3a32d5a018cd5,6bd3a68b2801aa0b4b40dff2032bfaa0,1,2026-07-27T13:05:38.342+00:00,auto_qa_t4eirf73ukt1c3sxxthnls84v4
202607.1.0,9a5758a779ac33f9f7dcff143aacfc3e,03f2cb51d73545312671018058bbd39c,45c0f676fb1f1e2de8b3a32d5a018cd5,6bd3a68b2801aa0b4b40dff2032bfaa0,1,2026-07-27T14:27:36.964+00:00,auto_qa_rvakf1zdwt8zz7adcmuj7r0y21w
202607.1.0,9a5758a779ac33f9f7dcff143aacfc3e,03f2cb51d73545312671018058bbd39c,45c0f676fb1f1e2de8b3a32d5a018cd5,6bd3a68b2801aa0b4b40dff2032bfaa0,1,2026-07-27T13:41:00.223+00:00,auto_qa_g5tb0uqhh0irzmgt408ro5x18
202607.1.0,9a5758a779ac33f9f7dcff143aacfc3e,03f2cb51d73545312671018058bbd39c,45c0f676fb1f1e2de8b3a32d5a018cd5,6bd3a68b2801aa0b4b40dff2032bfaa0,1,2026-07-27T14:21:22.140+00:00,auto_qa_g063xq1cjajjgikzvkdpa4lnh8
202607.1.0,9a5758a779ac33f9f7dcff143aacfc3e,03f2cb51d73545312671018058bbd39c,45c0f676fb1f1e2de8b3a32d5a018cd5,6bd3a68b2801aa0b4b40dff2032bfaa0,1,2026-07-27T13:16:16.834+00:00,auto_qa_40lnduiujo63bcunl6rilsl29ni
202607.1.0,9a5758a779ac33f9f7dcff143aacfc3e,03f2cb51d73545312671018058bbd39c,45c0f676fb1f1e2de8b3a32d5a018cd5,6bd3a68b2801aa0b4b40dff2032bfaa0,1,2026-07-27T13:11:42.780+00:00,auto_qa_jwjcayiauuprmhzxgg2xupucupq
202607.1.0,9a5758a779ac33f9f7dcff143aacfc3e,03f2cb51d73545312671018058bbd39c,45c0f676fb1f1e2de8b3a32d5a018cd5,6bd3a68b2801aa0b4b40dff2032bfaa0,1,2026-07-27T13:28:53.779+00:00,auto_qa_ksepyy99rje6sfka7olemvsneyk
202607.1.0,9a5758a779ac33f9f7dcff143aacfc3e,03f2cb51d73545312671018058bbd39c,45c0f676fb1f1e2de8b3a32d5a018cd5,6bd3a68b2801aa0b4b40dff2032bfaa0,1,2026-07-29T09:52:23.480+00:00,auto_qa_r4r9y2imudqgkywnnz8pfg0zr9m
202607.1.0,9a5758a779ac33f9f7dcff143aacfc3e,03f2cb51d73545312671018058bbd39c,45c0f676fb1f1e2de8b3a32d5a018cd5,6bd3a68b2801aa0b4b40dff2032bfaa0,1,2026-07-27T13:12:26.318+00:00,auto_qa_oofdvgg7yxugzabi5zld7edhrqs
202607.1.0,9a5758a779ac33f9f7dcff143aacfc3e,03f2cb51d73545312671018058bbd39c,45c0f676fb1f1e2de8b3a32d5a018cd5,6bd3a68b2801aa0b4b40dff2032bfaa0,1,2026-07-27T13:13:23.861+00:00,auto_qa_x9fk5r1chokcvju2hezyjrtnes
202607.1.0,9a5758a779ac33f9f7dcff143aacfc3e,03f2cb51d73545312671018058bbd39c,45c0f676fb1f1e2de8b3a32d5a018cd5,6bd3a68b2801aa0b4b40dff2032bfaa0,1,2026-07-27T13:38:47.221+00:00,auto_qa_of0reupdssilpaad6oaxcvjus0
202607.1.0,9a5758a779ac33f9f7dcff143aacfc3e,03f2cb51d73545312671018058bbd39c,45c0f676fb1f1e2de8b3a32d5a018cd5,6bd3a68b2801aa0b4b40dff2032bfaa0,1,2026-07-27T13:17:10.539+00:00,auto_qa_wncktsbz5zlqfs9ga3jjupnyma
202607.1.0,9a5758a779ac33f9f7dcff143aacfc3e,03f2cb51d73545312671018058bbd39c,45c0f676fb1f1e2de8b3a32d5a018cd5,6bd3a68b2801aa0b4b40dff2032bfaa0,1,2026-07-27T13:00:36.278+00:00,auto_qa_npg9aqluuoyktcues47mtovdzhu
202607.1.0,9a5758a779ac33f9f7dcff143aacfc3e,03f2cb51d73545312671018058bbd39c,45c0f676fb1f1e2de8b3a32d5a018cd5,6bd3a68b2801aa0b4b40dff2032bfaa0,1,2026-07-27T20:07:14.517+00:00,auto_qa_flijydnve8lyetydi8adyeahag4
202607.1.0,9a5758a779ac33f9f7dcff143aacfc3e,03f2cb51d73545312671018058bbd39c,45c0f676fb1f1e2de8b3a32d5a018cd5,6bd3a68b2801aa0b4b40dff2032bfaa0,1,2026-07-27T13:53:06.057+00:00,auto_qa_y9vxyemw8mcximg4b3atl25r7z8
202607.1.0,9a5758a779ac33f9f7dcff143aacfc3e,03f2cb51d73545312671018058bbd39c,45c0f676fb1f1e2de8b3a32d5a018cd5,6bd3a68b2801aa0b4b40dff2032bfaa0,1,2026-07-27T13:43:54.120+00:00,auto_qa_8nyx0xypiscaxoug2jip2otdc9g
202607.1.0,9a5758a779ac33f9f7dcff143aacfc3e,03f2cb51d73545312671018058bbd39c,45c0f676fb1f1e2de8b3a32d5a018cd5,6bd3a68b2801aa0b4b40dff2032bfaa0,1,2026-07-27T13:37:40.998+00:00,auto_qa_wusepzf5z2tkpgnupf7u0or6e8
202607.1.0,9a5758a779ac33f9f7dcff143aacfc3e,03f2cb51d73545312671018058bbd39c,45c0f676fb1f1e2de8b3a32d5a018cd5,6bd3a68b2801aa0b4b40dff2032bfaa0,1,2026-07-27T13:39:20.935+00:00,auto_qa_lltavxk0d9jktvm54o7sc5dpa2o
202607.1.0,9a5758a779ac33f9f7dcff143aacfc3e,03f2cb51d73545312671018058bbd39c,45c0f676fb1f1e2de8b3a32d5a018cd5,6bd3a68b2801aa0b4b40dff2032bfaa0,1,2026-07-27T14:28:54.260+00:00,auto_qa_k5x39yjfuhdml2kezhori4vphe
202607.1.0,9a5758a779ac33f9f7dcff143aacfc3e,03f2cb51d73545312671018058bbd39c,45c0f676fb1f1e2de8b3a32d5a018cd5,6bd3a68b2801aa0b4b40dff2032bfaa0,1,2026-07-27T13:14:48.388+00:00,auto_qa_uqvewvc8dri4v98ya6fkow6e7ke
202607.1.0,9a5758a779ac33f9f7dcff143aacfc3e,03f2cb51d73545312671018058bbd39c,45c0f676fb1f1e2de8b3a32d5a018cd5,6bd3a68b2801aa0b4b40dff2032bfaa0,1,2026-07-27T13:21:17.577+00:00,auto_qa_7isk6vgm8sr0s4rwyaapebbos0
202607.1.0,9a5758a779ac33f9f7dcff143aacfc3e,03f2cb51d73545312671018058bbd39c,45c0f676fb1f1e2de8b3a32d5a018cd5,6bd3a68b2801aa0b4b40dff2032bfaa0,1,2026-07-27T13:30:18.272+00:00,auto_qa_aaiwq53ofdtorjdikkkxvexlouc
202607.1.0,9a5758a779ac33f9f7dcff143aacfc3e,03f2cb51d73545312671018058bbd39c,45c0f676fb1f1e2de8b3a32d5a018cd5,6bd3a68b2801aa0b4b40dff2032bfaa0,1,2026-07-27T14:24:11.156+00:00,auto_qa_3riz3irvvpi4dl9znpdjcxrvk
202607.1.0,9a5758a779ac33f9f7dcff143aacfc3e,03f2cb51d73545312671018058bbd39c,45c0f676fb1f1e2de8b3a32d5a018cd5,6bd3a68b2801aa0b4b40dff2032bfaa0,1,2026-07-27T17:54:30.753+00:00,auto_qa_sbax6bojmh2nhtdmqhitoupflwo
202607.1.0,9a5758a779ac33f9f7dcff143aacfc3e,03f2cb51d73545312671018058bbd39c,45c0f676fb1f1e2de8b3a32d5a018cd5,6bd3a68b2801aa0b4b40dff2032bfaa0,1,2026-07-27T13:20:47.673+00:00,auto_qa_g9hc0jb1sb0h2kv9cprxsa5cjq
202607.1.0,9a5758a779ac33f9f7dcff143aacfc3e,03f2cb51d73545312671018058bbd39c,45c0f676fb1f1e2de8b3a32d5a018cd5,6bd3a68b2801aa0b4b40dff2032bfaa0,1,2026-07-27T13:32:23.509+00:00,auto_qa_y59ashjyxogpjr2a0fd3fogedrs
202607.1.0,9a5758a779ac33f9f7dcff143aacfc3e,03f2cb51d73545312671018058bbd39c,45c0f676fb1f1e2de8b3a32d5a018cd5,6bd3a68b2801aa0b4b40dff2032bfaa0,1,2026-07-27T13:29:14.965+00:00,auto_qa_ycyz7c3jnityjmuxaaawnaat7ri
202607.1.0,9a5758a779ac33f9f7dcff143aacfc3e,03f2cb51d73545312671018058bbd39c,45c0f676fb1f1e2de8b3a32d5a018cd5,6bd3a68b2801aa0b4b40dff2032bfaa0,1,2026-07-27T13:47:25.506+00:00,auto_qa_9ssu7zalyl5wsvfxssx77qdm2yw
202607.1.0,9a5758a779ac33f9f7dcff143aacfc3e,03f2cb51d73545312671018058bbd39c,45c0f676fb1f1e2de8b3a32d5a018cd5,6bd3a68b2801aa0b4b40dff2032bfaa0,1,2026-07-27T13:14:28.315+00:00,auto_qa_uvgg3qsmu0tbfchh0walvl0nzn0
202607.1.0,9a5758a779ac33f9f7dcff143aacfc3e,03f2cb51d73545312671018058bbd39c,45c0f676fb1f1e2de8b3a32d5a018cd5,6bd3a68b2801aa0b4b40dff2032bfaa0,1,2026-07-27T14:14:39.007+00:00,auto_qa_l8jfxd5g7vtijlan7qxdweoqvi
202607.1.0,9a5758a779ac33f9f7dcff143aacfc3e,03f2cb51d73545312671018058bbd39c,45c0f676fb1f1e2de8b3a32d5a018cd5,6bd3a68b2801aa0b4b40dff2032bfaa0,1,2026-07-27T13:27:07.737+00:00,auto_qa_rlvsudmibyyficwaun6rq75s1io
202607.1.0,9a5758a779ac33f9f7dcff143aacfc3e,03f2cb51d73545312671018058bbd39c,45c0f676fb1f1e2de8b3a32d5a018cd5,6bd3a68b2801aa0b4b40dff2032bfaa0,1,2026-07-27T13:49:16.318+00:00,auto_qa_90qkox0okyxhkivkivmrr1kpiho
202607.1.0,9a5758a779ac33f9f7dcff143aacfc3e,03f2cb51d73545312671018058bbd39c,45c0f676fb1f1e2de8b3a32d5a018cd5,6bd3a68b2801aa0b4b40dff2032bfaa0,1,2026-07-27T14:09:02.218+00:00,auto_qa_hyczyljsqpghiluuhf8pocefo
202607.1.0,9a5758a779ac33f9f7dcff143aacfc3e,03f2cb51d73545312671018058bbd39c,45c0f676fb1f1e2de8b3a32d5a018cd5,6bd3a68b2801aa0b4b40dff2032bfaa0,1,2026-07-27T14:07:50.317+00:00,auto_qa_jqjfdeennkbiigsfqzkn5wudok
202607.1.0,9a5758a779ac33f9f7dcff143aacfc3e,03f2cb51d73545312671018058bbd39c,45c0f676fb1f1e2de8b3a32d5a018cd5,6bd3a68b2801aa0b4b40dff2032bfaa0,1,2026-07-27T13:45:04.408+00:00,auto_qa_4c31x6s4vabakirglofgl3nv6p4
202607.1.0,9a5758a779ac33f9f7dcff143aacfc3e,03f2cb51d73545312671018058bbd39c,45c0f676fb1f1e2de8b3a32d5a018cd5,6bd3a68b2801aa0b4b40dff2032bfaa0,1,2026-07-27T13:01:53.326+00:00,auto_qa_0o0jbamkagi6zkh6ibwzkmexp9c
202607.1.0,9a5758a779ac33f9f7dcff143aacfc3e,03f2cb51d73545312671018058bbd39c,45c0f676fb1f1e2de8b3a32d5a018cd5,6bd3a68b2801aa0b4b40dff2032bfaa0,1,2026-07-27T13:57:58.728+00:00,auto_qa_hx6xyynm1hwdmmmui00dhylaato
202607.1.0,9a5758a779ac33f9f7dcff143aacfc3e,03f2cb51d73545312671018058bbd39c,45c0f676fb1f1e2de8b3a32d5a018cd5,6bd3a68b2801aa0b4b40dff2032bfaa0,1,2026-07-27T13:33:57.021+00:00,auto_qa_ivjkrqkoj7gmejydsr5qnbcljao
202607.1.0,9a5758a779ac33f9f7dcff143aacfc3e,03f2cb51d73545312671018058bbd39c,45c0f676fb1f1e2de8b3a32d5a018cd5,6bd3a68b2801aa0b4b40dff2032bfaa0,1,2026-07-27T14:17:45.981+00:00,auto_qa_qgeubwlqnqndjorzw8awfjycdq
202607.1.0,9a5758a779ac33f9f7dcff143aacfc3e,03f2cb51d73545312671018058bbd39c,45c0f676fb1f1e2de8b3a32d5a018cd5,6bd3a68b2801aa0b4b40dff2032bfaa0,1,2026-07-27T13:53:52.229+00:00,auto_qa_ajaoaffniuufab3twf16ytujha
202607.1.0,9a5758a779ac33f9f7dcff143aacfc3e,03f2cb51d73545312671018058bbd39c,45c0f676fb1f1e2de8b3a32d5a018cd5,6bd3a68b2801aa0b4b40dff2032bfaa0,1,2026-07-27T13:32:23.773+00:00,auto_qa_hb5janqqfrwmb45n74ooasqocy8
202607.1.0,9a5758a779ac33f9f7dcff143aacfc3e,03f2cb51d73545312671018058bbd39c,45c0f676fb1f1e2de8b3a32d5a018cd5,6bd3a68b2801aa0b4b40dff2032bfaa0,1,2026-07-27T13:13:58.390+00:00,auto_qa_pbvgh8qfwtawmyzkly1fmac8lc
202607.1.0,9a5758a779ac33f9f7dcff143aacfc3e,03f2cb51d73545312671018058bbd39c,45c0f676fb1f1e2de8b3a32d5a018cd5,6bd3a68b2801aa0b4b40dff2032bfaa0,1,2026-07-27T13:34:35.516+00:00,auto_qa_mczxixhwmenguethsqaapbdiure
202607.1.0,9a5758a779ac33f9f7dcff143aacfc3e,03f2cb51d73545312671018058bbd39c,45c0f676fb1f1e2de8b3a32d5a018cd5,6bd3a68b2801aa0b4b40dff2032bfaa0,1,2026-07-29T00:20:17.954+00:00,auto_qa_l4akaeqohpbuibpkcvyyzn80c
202607.1.0,9a5758a779ac33f9f7dcff143aacfc3e,03f2cb51d73545312671018058bbd39c,45c0f676fb1f1e2de8b3a32d5a018cd5,6bd3a68b2801aa0b4b40dff2032bfaa0,1,2026-07-27T14:17:07.182+00:00,auto_qa_jxpi201b0i5ds0k9mzxp1vdi
202607.1.0,9a5758a779ac33f9f7dcff143aacfc3e,03f2cb51d73545312671018058bbd39c,45c0f676fb1f1e2de8b3a32d5a018cd5,6bd3a68b2801aa0b4b40dff2032bfaa0,1,2026-07-27T13:03:14.508+00:00,auto_qa_l96zztym1qkzyfhy9wmmxrzo0c
202607.1.0,9a5758a779ac33f9f7dcff143aacfc3e,03f2cb51d73545312671018058bbd39c,45c0f676fb1f1e2de8b3a32d5a018cd5,6bd3a68b2801aa0b4b40dff2032bfaa0,1,2026-07-27T13:02:54.892+00:00,auto_qa_ahlw8jwew5oquzomlz4o1u8z9q
202607.1.0,9a5758a779ac33f9f7dcff143aacfc3e,03f2cb51d73545312671018058bbd39c,45c0f676fb1f1e2de8b3a32d5a018cd5,6bd3a68b2801aa0b4b40dff2032bfaa0,1,2026-07-27T14:04:03.589+00:00,auto_qa_0r91nfvnsfn82fokapkebp344
202607.1.0,9a5758a779ac33f9f7dcff143aacfc3e,03f2cb51d73545312671018058bbd39c,45c0f676fb1f1e2de8b3a32d5a018cd5,6bd3a68b2801aa0b4b40dff2032bfaa0,1,2026-07-27T14:08:07.711+00:00,auto_qa_gxqviadybk2bscggw9bh95dgcm4
202607.1.0,9a5758a779ac33f9f7dcff143aacfc3e,03f2cb51d73545312671018058bbd39c,45c0f676fb1f1e2de8b3a32d5a018cd5,6bd3a68b2801aa0b4b40dff2032bfaa0,1,2026-07-27T14:20:24.918+00:00,auto_qa_pmjy75pl51pctwq5vwnir12l3w
202607.1.0,9a5758a779ac33f9f7dcff143aacfc3e,03f2cb51d73545312671018058bbd39c,45c0f676fb1f1e2de8b3a32d5a018cd5,6bd3a68b2801aa0b4b40dff2032bfaa0,1,2026-07-27T13:55:56.384+00:00,auto_qa_ampbdmua2v20ax3kxfke8dwt4
202607.1.0,9a5758a779ac33f9f7dcff143aacfc3e,03f2cb51d73545312671018058bbd39c,45c0f676fb1f1e2de8b3a32d5a018cd5,6bd3a68b2801aa0b4b40dff2032bfaa0,1,2026-07-27T13:56:06.487+00:00,auto_qa_dpea5xbvfu7cjajegsfzfbzeo7q
202607.1.0,9a5758a779ac33f9f7dcff143aacfc3e,03f2cb51d73545312671018058bbd39c,45c0f676fb1f1e2de8b3a32d5a018cd5,6bd3a68b2801aa0b4b40dff2032bfaa0,1,2026-07-27T13:11:20.688+00:00,auto_qa_cmido0otamh1x1rqm7zkjiyswkw
202607.1.0,9a5758a779ac33f9f7dcff143aacfc3e,03f2cb51d73545312671018058bbd39c,45c0f676fb1f1e2de8b3a32d5a018cd5,6bd3a68b2801aa0b4b40dff2032bfaa0,1,2026-07-27T14:20:02.234+00:00,auto_qa_hez9gut3gkvvnh1j0ce1ejfr0bi
202607.1.0,9a5758a779ac33f9f7dcff143aacfc3e,03f2cb51d73545312671018058bbd39c,45c0f676fb1f1e2de8b3a32d5a018cd5,6bd3a68b2801aa0b4b40dff2032bfaa0,1,2026-07-27T13:39:26.703+00:00,auto_qa_0ke1mlrdow8elzcylfsywxtrtbm
202607.1.0,9a5758a779ac33f9f7dcff143aacfc3e,03f2cb51d73545312671018058bbd39c,45c0f676fb1f1e2de8b3a32d5a018cd5,6bd3a68b2801aa0b4b40dff2032bfaa0,1,2026-07-27T14:13:33.352+00:00,auto_qa_ljtkg2j7r89rqlpwmwrwrf5kchq
202607.1.0,9a5758a779ac33f9f7dcff143aacfc3e,03f2cb51d73545312671018058bbd39c,45c0f676fb1f1e2de8b3a32d5a018cd5,6bd3a68b2801aa0b4b40dff2032bfaa0,1,2026-07-27T13:36:52.280+00:00,auto_qa_c8jqnmpagspg7ph3whbpdnhytn8
202607.1.0,9a5758a779ac33f9f7dcff143aacfc3e,03f2cb51d73545312671018058bbd39c,45c0f676fb1f1e2de8b3a32d5a018cd5,6bd3a68b2801aa0b4b40dff2032bfaa0,1,2026-07-27T13:30:32.996+00:00,auto_qa_lipce11a3xoi2rbrb5vmpvphzri
202607.1.0,9a5758a779ac33f9f7dcff143aacfc3e,03f2cb51d73545312671018058bbd39c,45c0f676fb1f1e2de8b3a32d5a018cd5,6bd3a68b2801aa0b4b40dff2032bfaa0,1,2026-07-27T13:07:50.682+00:00,auto_qa_e82eb4pkjhqf34syxqnp5uydu
202607.1.0,9a5758a779ac33f9f7dcff143aacfc3e,03f2cb51d73545312671018058bbd39c,45c0f676fb1f1e2de8b3a32d5a018cd5,6bd3a68b2801aa0b4b40dff2032bfaa0,1,2026-07-27T14:20:02.642+00:00,auto_qa_mqxlsppy3ef9o424rh00b8zh4
202607.1.0,9a5758a779ac33f9f7dcff143aacfc3e,03f2cb51d73545312671018058bbd39c,45c0f676fb1f1e2de8b3a32d5a018cd5,6bd3a68b2801aa0b4b40dff2032bfaa0,1,2026-07-27T13:03:25.989+00:00,auto_qa_w3l8wokkyc4yjdbudcqj1havsy8
202607.1.0,9a5758a779ac33f9f7dcff143aacfc3e,03f2cb51d73545312671018058bbd39c,45c0f676fb1f1e2de8b3a32d5a018cd5,6bd3a68b2801aa0b4b40dff2032bfaa0,1,2026-07-27T14:13:55.964+00:00,auto_qa_7q4b1o67lqjnmfneahhjqapvdpm
202607.1.0,9a5758a779ac33f9f7dcff143aacfc3e,03f2cb51d73545312671018058bbd39c,45c0f676fb1f1e2de8b3a32d5a018cd5,6bd3a68b2801aa0b4b40dff2032bfaa0,1,2026-07-27T14:13:01.365+00:00,auto_qa_lw7ttrcw5dpgoryqazbbpy6qsq
202607.1.0,9a5758a779ac33f9f7dcff143aacfc3e,03f2cb51d73545312671018058bbd39c,45c0f676fb1f1e2de8b3a32d5a018cd5,6bd3a68b2801aa0b4b40dff2032bfaa0,1,2026-07-27T13:57:33.808+00:00,auto_qa_w63d4ny9mi24pcz8krupfffhbos
202607.1.0,9a5758a779ac33f9f7dcff143aacfc3e,03f2cb51d73545312671018058bbd39c,45c0f676fb1f1e2de8b3a32d5a018cd5,6bd3a68b2801aa0b4b40dff2032bfaa0,1,2026-07-27T13:36:53.528+00:00,auto_qa_0rtn6n2uwpif63ha6h10e3hszw4
202607.1.0,9a5758a779ac33f9f7dcff143aacfc3e,03f2cb51d73545312671018058bbd39c,45c0f676fb1f1e2de8b3a32d5a018cd5,6bd3a68b2801aa0b4b40dff2032bfaa0,1,2026-07-27T14:21:52.055+00:00,auto_qa_eaosyqwldxov6r25gdp9ud7fgc
202607.1.0,9a5758a779ac33f9f7dcff143aacfc3e,03f2cb51d73545312671018058bbd39c,45c0f676fb1f1e2de8b3a32d5a018cd5,6bd3a68b2801aa0b4b40dff2032bfaa0,1,2026-07-27T14:18:05.343+00:00,auto_qa_mkqzl4stnx3argkdzog0fjtxuo
202607.1.0,9a5758a779ac33f9f7dcff143aacfc3e,03f2cb51d73545312671018058bbd39c,45c0f676fb1f1e2de8b3a32d5a018cd5,6bd3a68b2801aa0b4b40dff2032bfaa0,1,2026-07-28T13:32:03.609+00:00,auto_qa_uhvknwg0byiebuwykzlgd91w4
202607.1.0,9a5758a779ac33f9f7dcff143aacfc3e,03f2cb51d73545312671018058bbd39c,45c0f676fb1f1e2de8b3a32d5a018cd5,6bd3a68b2801aa0b4b40dff2032bfaa0,1,2026-07-27T14:02:47.403+00:00,auto_qa_ariwtg70fkm2h7nif4xpomy4le
202607.1.0,9a5758a779ac33f9f7dcff143aacfc3e,03f2cb51d73545312671018058bbd39c,45c0f676fb1f1e2de8b3a32d5a018cd5,6bd3a68b2801aa0b4b40dff2032bfaa0,1,2026-07-27T13:25:04.796+00:00,auto_qa_jthvb156sj1a6ewot3ernhlx5c
202607.1.0,9a5758a779ac33f9f7dcff143aacfc3e,03f2cb51d73545312671018058bbd39c,45c0f676fb1f1e2de8b3a32d5a018cd5,6bd3a68b2801aa0b4b40dff2032bfaa0,1,2026-07-27T13:01:10.252+00:00,auto_qa_bsjhdwpoybz09qcawjcdcdksxhm
202607.1.0,9a5758a779ac33f9f7dcff143aacfc3e,03f2cb51d73545312671018058bbd39c,45c0f676fb1f1e2de8b3a32d5a018cd5,6bd3a68b2801aa0b4b40dff2032bfaa0,1,2026-07-29T04:04:13.432+00:00,auto_qa_knl0fknarelvu0czk0wg9h6qjw
202607.1.0,9a5758a779ac33f9f7dcff143aacfc3e,03f2cb51d73545312671018058bbd39c,45c0f676fb1f1e2de8b3a32d5a018cd5,6bd3a68b2801aa0b4b40dff2032bfaa0,1,2026-07-27T13:36:17.206+00:00,auto_qa_w6ndlecbuolt6u3ztrfcuzpt2w
202607.1.0,9a5758a779ac33f9f7dcff143aacfc3e,03f2cb51d73545312671018058bbd39c,45c0f676fb1f1e2de8b3a32d5a018cd5,6bd3a68b2801aa0b4b40dff2032bfaa0,1,2026-07-27T14:17:45.468+00:00,auto_qa_zulqrqkqqx2x2camypbg663r8
202607.1.0,9a5758a779ac33f9f7dcff143aacfc3e,03f2cb51d73545312671018058bbd39c,45c0f676fb1f1e2de8b3a32d5a018cd5,6bd3a68b2801aa0b4b40dff2032bfaa0,1,2026-07-27T13:32:11.458+00:00,auto_qa_0veucm0smpw1zjfhyqxabgxiis
202607.1.0,9a5758a779ac33f9f7dcff143aacfc3e,03f2cb51d73545312671018058bbd39c,45c0f676fb1f1e2de8b3a32d5a018cd5,6bd3a68b2801aa0b4b40dff2032bfaa0,1,2026-07-27T13:03:50.365+00:00,auto_qa_t36omxfacw8ulsljit8zp4sbrfc
202607.1.0,9a5758a779ac33f9f7dcff143aacfc3e,03f2cb51d73545312671018058bbd39c,45c0f676fb1f1e2de8b3a32d5a018cd5,6bd3a68b2801aa0b4b40dff2032bfaa0,1,2026-07-27T13:57:44.143+00:00,auto_qa_ypcyzkt3w2ccliitcalbtoowju
202607.1.0,9a5758a779ac33f9f7dcff143aacfc3e,03f2cb51d73545312671018058bbd39c,45c0f676fb1f1e2de8b3a32d5a018cd5,6bd3a68b2801aa0b4b40dff2032bfaa0,1,2026-07-27T14:20:04.169+00:00,auto_qa_n8qxbpmullewhll2nacjiqyycu
202607.1.0,9a5758a779ac33f9f7dcff143aacfc3e,03f2cb51d73545312671018058bbd39c,45c0f676fb1f1e2de8b3a32d5a018cd5,6bd3a68b2801aa0b4b40dff2032bfaa0,1,2026-07-27T14:27:39.357+00:00,auto_qa_ciuox7wpykudv8vx1lobxpejhgc
202607.1.0,9a5758a779ac33f9f7dcff143aacfc3e,03f2cb51d73545312671018058bbd39c,45c0f676fb1f1e2de8b3a32d5a018cd5,6bd3a68b2801aa0b4b40dff2032bfaa0,1,2026-07-27T13:16:32.508+00:00,auto_qa_rwvo6tyk31e7ckws7dggeysttug
202607.1.0,9a5758a779ac33f9f7dcff143aacfc3e,03f2cb51d73545312671018058bbd39c,45c0f676fb1f1e2de8b3a32d5a018cd5,6bd3a68b2801aa0b4b40dff2032bfaa0,1,2026-07-27T14:24:44.236+00:00,auto_qa_imvycv7bpoxsosu5vmbvx4pvoly
202607.1.0,9a5758a779ac33f9f7dcff143aacfc3e,03f2cb51d73545312671018058bbd39c,45c0f676fb1f1e2de8b3a32d5a018cd5,6bd3a68b2801aa0b4b40dff2032bfaa0,1,2026-07-27T13:13:59.113+00:00,auto_qa_meljq8mlwosf0ebrwzdoaodsss
202607.1.0,9a5758a779ac33f9f7dcff143aacfc3e,03f2cb51d73545312671018058bbd39c,45c0f676fb1f1e2de8b3a32d5a018cd5,6bd3a68b2801aa0b4b40dff2032bfaa0,1,2026-07-29T01:15:14.809+00:00,auto_qa_jti2u9tdzhj7otqu5ujxiz94k
202607.1.0,9a5758a779ac33f9f7dcff143aacfc3e,03f2cb51d73545312671018058bbd39c,45c0f676fb1f1e2de8b3a32d5a018cd5,6bd3a68b2801aa0b4b40dff2032bfaa0,1,2026-07-27T13:29:28.821+00:00,auto_qa_0rh0ag82b9apmvstwsfxrt0gso
202607.1.0,9a5758a779ac33f9f7dcff143aacfc3e,03f2cb51d73545312671018058bbd39c,45c0f676fb1f1e2de8b3a32d5a018cd5,6bd3a68b2801aa0b4b40dff2032bfaa0,1,2026-07-27T13:40:51.416+00:00,auto_qa_561hhn3qysuxo8zdk24niktr4
202607.1.0,9a5758a779ac33f9f7dcff143aacfc3e,03f2cb51d73545312671018058bbd39c,45c0f676fb1f1e2de8b3a32d5a018cd5,6bd3a68b2801aa0b4b40dff2032bfaa0,1,2026-07-27T13:39:38.670+00:00,auto_qa_viepn4s8qyhmcsmfavreo389idk
202607.1.0,9a5758a779ac33f9f7dcff143aacfc3e,03f2cb51d73545312671018058bbd39c,45c0f676fb1f1e2de8b3a32d5a018cd5,6bd3a68b2801aa0b4b40dff2032bfaa0,1,2026-07-27T13:22:44.160+00:00,auto_qa_wd0k5nvbiickfq8okrsym1ypl4y
202607.1.0,9a5758a779ac33f9f7dcff143aacfc3e,03f2cb51d73545312671018058bbd39c,45c0f676fb1f1e2de8b3a32d5a018cd5,6bd3a68b2801aa0b4b40dff2032bfaa0,1,2026-07-27T14:05:58.752+00:00,auto_qa_8zqzf9tb0lzzihfdj5om6hzdyw
202607.1.0,9a5758a779ac33f9f7dcff143aacfc3e,03f2cb51d73545312671018058bbd39c,45c0f676fb1f1e2de8b3a32d5a018cd5,6bd3a68b2801aa0b4b40dff2032bfaa0,1,2026-07-27T13:42:38.596+00:00,auto_qa_yip6n4v2b1yety1086kkwz9po0
202607.1.0,9a5758a779ac33f9f7dcff143aacfc3e,03f2cb51d73545312671018058bbd39c,45c0f676fb1f1e2de8b3a32d5a018cd5,6bd3a68b2801aa0b4b40dff2032bfaa0,1,2026-07-27T14:04:43.809+00:00,auto_qa_yostipbjlgo9hpnib7sclroelwa
202607.1.0,9a5758a779ac33f9f7dcff143aacfc3e,03f2cb51d73545312671018058bbd39c,45c0f676fb1f1e2de8b3a32d5a018cd5,6bd3a68b2801aa0b4b40dff2032bfaa0,1,2026-07-27T13:04:21.105+00:00,auto_qa_sqevumf8obveibwbvneu9v4qby
202607.1.0,9a5758a779ac33f9f7dcff143aacfc3e,03f2cb51d73545312671018058bbd39c,45c0f676fb1f1e2de8b3a32d5a018cd5,6bd3a68b2801aa0b4b40dff2032bfaa0,1,2026-07-27T13:19:05.298+00:00,auto_qa_f3xyardkrk4flxnmqsj6ulb7y
202607.1.0,9a5758a779ac33f9f7dcff143aacfc3e,03f2cb51d73545312671018058bbd39c,45c0f676fb1f1e2de8b3a32d5a018cd5,6bd3a68b2801aa0b4b40dff2032bfaa0,1,2026-07-27T13:27:57.249+00:00,auto_qa_nt6eaidiqubcfokjoqhtqwmrtg
202607.1.0,9a5758a779ac33f9f7dcff143aacfc3e,03f2cb51d73545312671018058bbd39c,45c0f676fb1f1e2de8b3a32d5a018cd5,6bd3a68b2801aa0b4b40dff2032bfaa0,1,2026-07-27T14:20:08.147+00:00,auto_qa_98928uun3lam2jeiqgordgv5y
202607.1.0,9a5758a779ac33f9f7dcff143aacfc3e,03f2cb51d73545312671018058bbd39c,45c0f676fb1f1e2de8b3a32d5a018cd5,6bd3a68b2801aa0b4b40dff2032bfaa0,1,2026-07-27T13:19:54.641+00:00,auto_qa_p1xcqcxyxk5f3fjdmbgdanzoame
202607.1.0,9a5758a779ac33f9f7dcff143aacfc3e,03f2cb51d73545312671018058bbd39c,45c0f676fb1f1e2de8b3a32d5a018cd5,6bd3a68b2801aa0b4b40dff2032bfaa0,1,2026-07-27T13:56:23.704+00:00,auto_qa_t1yzbpoxombrpuhqbp9uc2rbfg
202607.1.0,9a5758a779ac33f9f7dcff143aacfc3e,03f2cb51d73545312671018058bbd39c,45c0f676fb1f1e2de8b3a32d5a018cd5,6bd3a68b2801aa0b4b40dff2032bfaa0,1,2026-07-27T13:11:42.824+00:00,auto_qa_wn0delsfencuq9qvcie41hwhq0a
202607.1.0,9a5758a779ac33f9f7dcff143aacfc3e,03f2cb51d73545312671018058bbd39c,45c0f676fb1f1e2de8b3a32d5a018cd5,6bd3a68b2801aa0b4b40dff2032bfaa0,1,2026-07-27T13:15:37.980+00:00,auto_qa_jpe6w2zd3b9oe9jgfle78tuuva
202607.1.0,9a5758a779ac33f9f7dcff143aacfc3e,03f2cb51d73545312671018058bbd39c,45c0f676fb1f1e2de8b3a32d5a018cd5,6bd3a68b2801aa0b4b40dff2032bfaa0,1,2026-07-27T13:37:14.441+00:00,auto_qa_fw9m28k7otk7hygu7wbfb0mxg
202607.1.0,9a5758a779ac33f9f7dcff143aacfc3e,03f2cb51d73545312671018058bbd39c,45c0f676fb1f1e2de8b3a32d5a018cd5,6bd3a68b2801aa0b4b40dff2032bfaa0,1,2026-07-27T13:15:29.570+00:00,auto_qa_wqc4dlvjkcg2lwibhoqea52rs34
202607.1.0,9a5758a779ac33f9f7dcff143aacfc3e,03f2cb51d73545312671018058bbd39c,45c0f676fb1f1e2de8b3a32d5a018cd5,6bd3a68b2801aa0b4b40dff2032bfaa0,1,2026-07-27T13:15:16.096+00:00,auto_qa_v9l8awdvurkrdmzcqmwumknctq
202607.1.0,9a5758a779ac33f9f7dcff143aacfc3e,03f2cb51d73545312671018058bbd39c,45c0f676fb1f1e2de8b3a32d5a018cd5,6bd3a68b2801aa0b4b40dff2032bfaa0,1,2026-07-27T13:05:10.171+00:00,auto_qa_jo7fq739f1bt2tz88qve6n8vi
202607.1.0,9a5758a779ac33f9f7dcff143aacfc3e,03f2cb51d73545312671018058bbd39c,45c0f676fb1f1e2de8b3a32d5a018cd5,6bd3a68b2801aa0b4b40dff2032bfaa0,1,2026-07-27T14:06:16.944+00:00,auto_qa_14ck6en82karftpp7pob8nev4
202607.1.0,9a5758a779ac33f9f7dcff143aacfc3e,03f2cb51d73545312671018058bbd39c,45c0f676fb1f1e2de8b3a32d5a018cd5,6bd3a68b2801aa0b4b40dff2032bfaa0,1,2026-07-27T13:17:10.118+00:00,auto_qa_vwmatmbnx7ndgsx7hmw7uy74
202607.1.0,9a5758a779ac33f9f7dcff143aacfc3e,03f2cb51d73545312671018058bbd39c,45c0f676fb1f1e2de8b3a32d5a018cd5,6bd3a68b2801aa0b4b40dff2032bfaa0,1,2026-07-27T14:07:02.977+00:00,auto_qa_ffum9ndj8fznaerwkjlfroofppe
202607.1.0,9a5758a779ac33f9f7dcff143aacfc3e,03f2cb51d73545312671018058bbd39c,45c0f676fb1f1e2de8b3a32d5a018cd5,6bd3a68b2801aa0b4b40dff2032bfaa0,1,2026-07-27T13:49:19.670+00:00,auto_qa_rkkzlu9u3cr6jxyrm0hzyakhpvg
202607.1.0,9a5758a779ac33f9f7dcff143aacfc3e,03f2cb51d73545312671018058bbd39c,45c0f676fb1f1e2de8b3a32d5a018cd5,6bd3a68b2801aa0b4b40dff2032bfaa0,1,2026-07-27T13:52:30.801+00:00,auto_qa_lo500zy75uhqpgroh0far93zvwq
202607.1.0,9a5758a779ac33f9f7dcff143aacfc3e,03f2cb51d73545312671018058bbd39c,45c0f676fb1f1e2de8b3a32d5a018cd5,6bd3a68b2801aa0b4b40dff2032bfaa0,1,2026-07-27T12:59:32.849+00:00,auto_qa_kryvcrosnjb2lxytghq3cxeqobe
202607.1.0,9a5758a779ac33f9f7dcff143aacfc3e,03f2cb51d73545312671018058bbd39c,45c0f676fb1f1e2de8b3a32d5a018cd5,6bd3a68b2801aa0b4b40dff2032bfaa0,1,2026-07-27T14:23:20.830+00:00,auto_qa_rx52w1wykprfkufl4riw9rnwmw
202607.1.0,9a5758a779ac33f9f7dcff143aacfc3e,03f2cb51d73545312671018058bbd39c,45c0f676fb1f1e2de8b3a32d5a018cd5,6bd3a68b2801aa0b4b40dff2032bfaa0,1,2026-07-27T13:11:05.684+00:00,auto_qa_nbhr4wfhbfkzznaapl6pvmq4syw
202607.1.0,9a5758a779ac33f9f7dcff143aacfc3e,03f2cb51d73545312671018058bbd39c,45c0f676fb1f1e2de8b3a32d5a018cd5,6bd3a68b2801aa0b4b40dff2032bfaa0,1,2026-07-27T13:50:58.728+00:00,auto_qa_zmcklubd0q6tcqjnmmmxir2cnke
202607.1.0,9a5758a779ac33f9f7dcff143aacfc3e,03f2cb51d73545312671018058bbd39c,45c0f676fb1f1e2de8b3a32d5a018cd5,6bd3a68b2801aa0b4b40dff2032bfaa0,1,2026-07-27T14:17:59.133+00:00,auto_qa_sd7ieeawc4bvzodep6difukps
202607.1.0,9a5758a779ac33f9f7dcff143aacfc3e,03f2cb51d73545312671018058bbd39c,45c0f676fb1f1e2de8b3a32d5a018cd5,6bd3a68b2801aa0b4b40dff2032bfaa0,1,2026-07-27T13:48:33.876+00:00,auto_qa_h5clgysvso6ik6wksnzw3azsj8
202607.1.0,9a5758a779ac33f9f7dcff143aacfc3e,03f2cb51d73545312671018058bbd39c,45c0f676fb1f1e2de8b3a32d5a018cd5,6bd3a68b2801aa0b4b40dff2032bfaa0,1,2026-07-27T13:10:49.188+00:00,auto_qa_444l8u4ahrcn70krfa70nifvkye
202607.1.0,9a5758a779ac33f9f7dcff143aacfc3e,03f2cb51d73545312671018058bbd39c,45c0f676fb1f1e2de8b3a32d5a018cd5,6bd3a68b2801aa0b4b40dff2032bfaa0,1,2026-07-27T13:51:16.192+00:00,auto_qa_e3e21nffeqbcoquqqhsjcbaweji
202607.1.0,9a5758a779ac33f9f7dcff143aacfc3e,03f2cb51d73545312671018058bbd39c,45c0f676fb1f1e2de8b3a32d5a018cd5,6bd3a68b2801aa0b4b40dff2032bfaa0,1,2026-07-27T14:28:27.872+00:00,auto_qa_fuvbpqf5rlucmpyqiiwmlmsrtoe
202607.1.0,9a5758a779ac33f9f7dcff143aacfc3e,03f2cb51d73545312671018058bbd39c,45c0f676fb1f1e2de8b3a32d5a018cd5,6bd3a68b2801aa0b4b40dff2032bfaa0,1,2026-07-27T13:14:30.010+00:00,auto_qa_rkvrs0mk3q5jac4p5m53qmydeza
202607.1.0,9a5758a779ac33f9f7dcff143aacfc3e,03f2cb51d73545312671018058bbd39c,45c0f676fb1f1e2de8b3a32d5a018cd5,6bd3a68b2801aa0b4b40dff2032bfaa0,1,2026-07-27T13:43:59.559+00:00,auto_qa_xmqh88opdlf0wovrde6f1sgdxg8
202607.1.0,9a5758a779ac33f9f7dcff143aacfc3e,03f2cb51d73545312671018058bbd39c,45c0f676fb1f1e2de8b3a32d5a018cd5,6bd3a68b2801aa0b4b40dff2032bfaa0,1,2026-07-27T13:33:08.771+00:00,auto_qa_fv23btg40htudjmjaofpdvxsyly
202607.1.0,9a5758a779ac33f9f7dcff143aacfc3e,03f2cb51d73545312671018058bbd39c,45c0f676fb1f1e2de8b3a32d5a018cd5,6bd3a68b2801aa0b4b40dff2032bfaa0,1,2026-07-27T13:57:42.659+00:00,auto_qa_lpynvjo4z3oxxnzgeab3kmkmigg
202607.1.0,9a5758a779ac33f9f7dcff143aacfc3e,03f2cb51d73545312671018058bbd39c,45c0f676fb1f1e2de8b3a32d5a018cd5,6bd3a68b2801aa0b4b40dff2032bfaa0,1,2026-07-27T14:15:13.166+00:00,auto_qa_g7dy94ezol8hdhbrzumy9bmoik
202607.1.0,9a5758a779ac33f9f7dcff143aacfc3e,03f2cb51d73545312671018058bbd39c,45c0f676fb1f1e2de8b3a32d5a018cd5,6bd3a68b2801aa0b4b40dff2032bfaa0,1,2026-07-27T13:05:37.148+00:00,auto_qa_piofm3lt0mqkc5znbzv2ce3ronw
202607.1.0,9a5758a779ac33f9f7dcff143aacfc3e,03f2cb51d73545312671018058bbd39c,45c0f676fb1f1e2de8b3a32d5a018cd5,6bd3a68b2801aa0b4b40dff2032bfaa0,1,2026-07-27T14:09:07.437+00:00,auto_qa_3r0nbichsqlzpflqfzbzezufta
202607.1.0,9a5758a779ac33f9f7dcff143aacfc3e,03f2cb51d73545312671018058bbd39c,45c0f676fb1f1e2de8b3a32d5a018cd5,6bd3a68b2801aa0b4b40dff2032bfaa0,1,2026-07-27T13:25:22.003+00:00,auto_qa_tf24wnrtzdturwjvy35dighf6s
202607.1.0,9a5758a779ac33f9f7dcff143aacfc3e,03f2cb51d73545312671018058bbd39c,45c0f676fb1f1e2de8b3a32d5a018cd5,6bd3a68b2801aa0b4b40dff2032bfaa0,1,2026-07-27T13:59:33.843+00:00,auto_qa_shtqvbdlg1pydbdtwtpkcusi
202607.1.0,9a5758a779ac33f9f7dcff143aacfc3e,03f2cb51d73545312671018058bbd39c,45c0f676fb1f1e2de8b3a32d5a018cd5,6bd3a68b2801aa0b4b40dff2032bfaa0,1,2026-07-27T14:24:45.038+00:00,auto_qa_bui8x02rw0waz5wdoieqrqr4ri
202607.1.0,9a5758a779ac33f9f7dcff143aacfc3e,03f2cb51d73545312671018058bbd39c,45c0f676fb1f1e2de8b3a32d5a018cd5,6bd3a68b2801aa0b4b40dff2032bfaa0,1,2026-07-27T14:08:45.815+00:00,auto_qa_3ybcgalqcbmr4af0cygnkzje
202607.1.0,9a5758a779ac33f9f7dcff143aacfc3e,03f2cb51d73545312671018058bbd39c,45c0f676fb1f1e2de8b3a32d5a018cd5,6bd3a68b2801aa0b4b40dff2032bfaa0,1,2026-07-27T13:17:11.413+00:00,auto_qa_hsshvnmqxc0yip5qzzgvcidhh54
202607.1.0,9a5758a779ac33f9f7dcff143aacfc3e,03f2cb51d73545312671018058bbd39c,45c0f676fb1f1e2de8b3a32d5a018cd5,6bd3a68b2801aa0b4b40dff2032bfaa0,1,2026-07-27T13:16:19.294+00:00,auto_qa_andqevq9tyay9f2hrqnr3ppi8
202607.1.0,9a5758a779ac33f9f7dcff143aacfc3e,03f2cb51d73545312671018058bbd39c,45c0f676fb1f1e2de8b3a32d5a018cd5,6bd3a68b2801aa0b4b40dff2032bfaa0,1,2026-07-27T13:46:09.430+00:00,auto_qa_preqwaynzbuckyhqc0f8bbgqmlu
202607.1.0,9a5758a779ac33f9f7dcff143aacfc3e,03f2cb51d73545312671018058bbd39c,45c0f676fb1f1e2de8b3a32d5a018cd5,6bd3a68b2801aa0b4b40dff2032bfaa0,1,2026-07-27T13:14:05.061+00:00,auto_qa_dehw8zcg4xtbchgbyozwczv98lq
202607.1.0,9a5758a779ac33f9f7dcff143aacfc3e,03f2cb51d73545312671018058bbd39c,45c0f676fb1f1e2de8b3a32d5a018cd5,6bd3a68b2801aa0b4b40dff2032bfaa0,1,2026-07-27T13:54:15.176+00:00,auto_qa_4ix9wrmkj6hjuuwania0qlxuym
202607.1.0,9a5758a779ac33f9f7dcff143aacfc3e,03f2cb51d73545312671018058bbd39c,45c0f676fb1f1e2de8b3a32d5a018cd5,6bd3a68b2801aa0b4b40dff2032bfaa0,1,2026-07-27T13:16:38.991+00:00,auto_qa_f3c30svd0cphnnhhamwjww0pvju
202607.1.0,9a5758a779ac33f9f7dcff143aacfc3e,03f2cb51d73545312671018058bbd39c,45c0f676fb1f1e2de8b3a32d5a018cd5,6bd3a68b2801aa0b4b40dff2032bfaa0,1,2026-07-27T13:04:47.154+00:00,auto_qa_ri4adfylvhu4g5yzq3u86wtms
202607.1.0,9a5758a779ac33f9f7dcff143aacfc3e,03f2cb51d73545312671018058bbd39c,45c0f676fb1f1e2de8b3a32d5a018cd5,6bd3a68b2801aa0b4b40dff2032bfaa0,1,2026-07-27T13:44:19.418+00:00,auto_qa_dxrzv1pjac3tyq0ddmdlcdvn7e
202607.1.0,9a5758a779ac33f9f7dcff143aacfc3e,03f2cb51d73545312671018058bbd39c,45c0f676fb1f1e2de8b3a32d5a018cd5,6bd3a68b2801aa0b4b40dff2032bfaa0,1,2026-07-27T13:01:21.282+00:00,auto_qa_3vx48tnlgcibvg4se7garzg
202607.1.0,9a5758a779ac33f9f7dcff143aacfc3e,03f2cb51d73545312671018058bbd39c,45c0f676fb1f1e2de8b3a32d5a018cd5,6bd3a68b2801aa0b4b40dff2032bfaa0,1,2026-07-27T13:30:26.447+00:00,auto_qa_ckjqk4zbikpnrn1xgd2sjwv83ne
202607.1.0,9a5758a779ac33f9f7dcff143aacfc3e,03f2cb51d73545312671018058bbd39c,45c0f676fb1f1e2de8b3a32d5a018cd5,6bd3a68b2801aa0b4b40dff2032bfaa0,1,2026-07-27T13:52:51.253+00:00,auto_qa_rnx8fhavchzfcqbut7708pz24
202607.1.0,9a5758a779ac33f9f7dcff143aacfc3e,03f2cb51d73545312671018058bbd39c,45c0f676fb1f1e2de8b3a32d5a018cd5,6bd3a68b2801aa0b4b40dff2032bfaa0,1,2026-07-27T13:50:53.052+00:00,auto_qa_ise4l1g83r0ckdzndec8vdxllay
202607.1.0,9a5758a779ac33f9f7dcff143aacfc3e,03f2cb51d73545312671018058bbd39c,45c0f676fb1f1e2de8b3a32d5a018cd5,6bd3a68b2801aa0b4b40dff2032bfaa0,1,2026-07-27T14:22:35.615+00:00,auto_qa_2gxjfxwhdfg4zlzqurl5upkxaek
202607.1.0,9a5758a779ac33f9f7dcff143aacfc3e,03f2cb51d73545312671018058bbd39c,45c0f676fb1f1e2de8b3a32d5a018cd5,6bd3a68b2801aa0b4b40dff2032bfaa0,1,2026-07-27T14:25:07.594+00:00,auto_qa_02ltn2mpehfdqvaiagsf0ummkes
