entityTypeReference,entityId,entityNumber,entityName,stageId,workflowId,workflow,stage,createdBy,updatedBy,createdDateTime,createdDate,createdYear,createdMonth,createdMonthNumber,createdQuarter,updatedDateTime,updatedDate,updatedYear,updatedMonth,updatedMonthNumber,updatedQuarter,timeZoneID,orgId,orgName,parentOrgID,createdByUserEmail
evidence-task-implementation-link,f1eb1e7c-1d23-4e41-9be4-233985a78d8b,,,,,,,OneTrust Automation,OneTrust Automation,2026-03-27T10:22:32.357+00:00,2026-03-27,2026,March,03,Quarter 1,2026-03-27T10:22:41.517+00:00,2026-03-27,2026,March,03,Quarter 1,Antarctica/South_Pole,b99df4a4-2bf5-4c08-9483-bd636470bc11,OTAuto02,b99df4a4-2bf5-4c08-9483-bd636470bc11,svc-otautotenant-qe+02@svc.onetrust.com
evidence-task-implementation-link,f1eb1e7c-1d23-4e41-9be4-233985a78d8b,,,,,,,OneTrust Automation,OneTrust Automation,2026-03-26T21:22:32.357+00:00,2026-03-26,2026,March,03,Quarter 1,2026-03-26T21:22:41.517+00:00,2026-03-26,2026,March,03,Quarter 1,Africa/Freetown,b99df4a4-2bf5-4c08-9483-bd636470bc11,OTAuto02,b99df4a4-2bf5-4c08-9483-bd636470bc11,svc-otautotenant-qe+02@svc.onetrust.com
evidence-task-implementation-link,f1eb1e7c-1d23-4e41-9be4-233985a78d8b,,,,,,,OneTrust Automation,OneTrust Automation,2026-03-27T02:22:32.357+00:00,2026-03-27,2026,March,03,Quarter 1,2026-03-27T02:22:41.517+00:00,2026-03-27,2026,March,03,Quarter 1,Asia/Atyrau,b99df4a4-2bf5-4c08-9483-bd636470bc11,OTAuto02,b99df4a4-2bf5-4c08-9483-bd636470bc11,svc-otautotenant-qe+02@svc.onetrust.com
evidence-task-implementation-link,f1eb1e7c-1d23-4e41-9be4-233985a78d8b,,,,,,,OneTrust Automation,OneTrust Automation,2026-03-26T17:22:32.357+00:00,2026-03-26,2026,March,03,Quarter 1,2026-03-26T17:22:41.517+00:00,2026-03-26,2026,March,03,Quarter 1,America/Santo_Domingo,b99df4a4-2bf5-4c08-9483-bd636470bc11,OTAuto02,b99df4a4-2bf5-4c08-9483-bd636470bc11,svc-otautotenant-qe+02@svc.onetrust.com
evidence-task-implementation-link,f1eb1e7c-1d23-4e41-9be4-233985a78d8b,,,,,,,OneTrust Automation,OneTrust Automation,2026-03-27T05:22:32.357+00:00,2026-03-27,2026,March,03,Quarter 1,2026-03-27T05:22:41.517+00:00,2026-03-27,2026,March,03,Quarter 1,Asia/Macau,b99df4a4-2bf5-4c08-9483-bd636470bc11,OTAuto02,b99df4a4-2bf5-4c08-9483-bd636470bc11,svc-otautotenant-qe+02@svc.onetrust.com
evidence-task-implementation-link,f1eb1e7c-1d23-4e41-9be4-233985a78d8b,,,,,,,OneTrust Automation,OneTrust Automation,2026-03-26T15:22:32.357+00:00,2026-03-26,2026,March,03,Quarter 1,2026-03-26T15:22:41.517+00:00,2026-03-26,2026,March,03,Quarter 1,America/Bahia_Banderas,b99df4a4-2bf5-4c08-9483-bd636470bc11,OTAuto02,b99df4a4-2bf5-4c08-9483-bd636470bc11,svc-otautotenant-qe+02@svc.onetrust.com
evidence-task-implementation-link,f1eb1e7c-1d23-4e41-9be4-233985a78d8b,,,,,,,OneTrust Automation,OneTrust Automation,2026-03-26T18:22:32.357+00:00,2026-03-26,2026,March,03,Quarter 1,2026-03-26T18:22:41.517+00:00,2026-03-26,2026,March,03,Quarter 1,Antarctica/Rothera,b99df4a4-2bf5-4c08-9483-bd636470bc11,OTAuto02,b99df4a4-2bf5-4c08-9483-bd636470bc11,svc-otautotenant-qe+02@svc.onetrust.com
evidence-task-implementation-link,f1eb1e7c-1d23-4e41-9be4-233985a78d8b,,,,,,,OneTrust Automation,OneTrust Automation,2026-03-26T18:22:32.357+00:00,2026-03-26,2026,March,03,Quarter 1,2026-03-26T18:22:41.517+00:00,2026-03-26,2026,March,03,Quarter 1,America/Jujuy,b99df4a4-2bf5-4c08-9483-bd636470bc11,OTAuto02,b99df4a4-2bf5-4c08-9483-bd636470bc11,svc-otautotenant-qe+02@svc.onetrust.com
evidence-task-implementation-link,f1eb1e7c-1d23-4e41-9be4-233985a78d8b,,,,,,,OneTrust Automation,OneTrust Automation,2026-03-27T04:22:32.357+00:00,2026-03-27,2026,March,03,Quarter 1,2026-03-27T04:22:41.517+00:00,2026-03-27,2026,March,03,Quarter 1,Asia/Bangkok,b99df4a4-2bf5-4c08-9483-bd636470bc11,OTAuto02,b99df4a4-2bf5-4c08-9483-bd636470bc11,svc-otautotenant-qe+02@svc.onetrust.com
evidence-task-implementation-link,f1eb1e7c-1d23-4e41-9be4-233985a78d8b,,,,,,,OneTrust Automation,OneTrust Automation,2026-03-26T23:22:32.357+00:00,2026-03-26,2026,March,03,Quarter 1,2026-03-26T23:22:41.517+00:00,2026-03-26,2026,March,03,Quarter 1,Europe/Vilnius,b99df4a4-2bf5-4c08-9483-bd636470bc11,OTAuto02,b99df4a4-2bf5-4c08-9483-bd636470bc11,svc-otautotenant-qe+02@svc.onetrust.com
evidence-task-implementation-link,f1eb1e7c-1d23-4e41-9be4-233985a78d8b,,,,,,,OneTrust Automation,OneTrust Automation,2026-03-26T11:52:32.357+00:00,2026-03-26,2026,March,03,Quarter 1,2026-03-26T11:52:41.517+00:00,2026-03-26,2026,March,03,Quarter 1,Pacific/Marquesas,b99df4a4-2bf5-4c08-9483-bd636470bc11,OTAuto02,b99df4a4-2bf5-4c08-9483-bd636470bc11,svc-otautotenant-qe+02@svc.onetrust.com
evidence-task-implementation-link,f1eb1e7c-1d23-4e41-9be4-233985a78d8b,,,,,,,OneTrust Automation,OneTrust Automation,2026-03-26T18:22:32.357+00:00,2026-03-26,2026,March,03,Quarter 1,2026-03-26T18:22:41.517+00:00,2026-03-26,2026,March,03,Quarter 1,America/Glace_Bay,b99df4a4-2bf5-4c08-9483-bd636470bc11,OTAuto02,b99df4a4-2bf5-4c08-9483-bd636470bc11,svc-otautotenant-qe+02@svc.onetrust.com
evidence-task-implementation-link,f1eb1e7c-1d23-4e41-9be4-233985a78d8b,,,,,,,OneTrust Automation,OneTrust Automation,2026-03-27T07:22:32.357+00:00,2026-03-27,2026,March,03,Quarter 1,2026-03-27T07:22:41.517+00:00,2026-03-27,2026,March,03,Quarter 1,Asia/Ust-Nera,b99df4a4-2bf5-4c08-9483-bd636470bc11,OTAuto02,b99df4a4-2bf5-4c08-9483-bd636470bc11,svc-otautotenant-qe+02@svc.onetrust.com
evidence-task-implementation-link,f1eb1e7c-1d23-4e41-9be4-233985a78d8b,,,,,,,OneTrust Automation,OneTrust Automation,2026-03-27T08:22:32.357+00:00,2026-03-27,2026,March,03,Quarter 1,2026-03-27T08:22:41.517+00:00,2026-03-27,2026,March,03,Quarter 1,Etc/GMT-11,b99df4a4-2bf5-4c08-9483-bd636470bc11,OTAuto02,b99df4a4-2bf5-4c08-9483-bd636470bc11,svc-otautotenant-qe+02@svc.onetrust.com
evidence-task-implementation-link,f1eb1e7c-1d23-4e41-9be4-233985a78d8b,,,,,,,OneTrust Automation,OneTrust Automation,2026-03-27T06:22:32.357+00:00,2026-03-27,2026,March,03,Quarter 1,2026-03-27T06:22:41.517+00:00,2026-03-27,2026,March,03,Quarter 1,Asia/Jayapura,b99df4a4-2bf5-4c08-9483-bd636470bc11,OTAuto02,b99df4a4-2bf5-4c08-9483-bd636470bc11,svc-otautotenant-qe+02@svc.onetrust.com
evidence-task-implementation-link,f1eb1e7c-1d23-4e41-9be4-233985a78d8b,,,,,,,OneTrust Automation,OneTrust Automation,2026-03-26T18:52:32.357+00:00,2026-03-26,2026,March,03,Quarter 1,2026-03-26T18:52:41.517+00:00,2026-03-26,2026,March,03,Quarter 1,America/St_Johns,b99df4a4-2bf5-4c08-9483-bd636470bc11,OTAuto02,b99df4a4-2bf5-4c08-9483-bd636470bc11,svc-otautotenant-qe+02@svc.onetrust.com
evidence-task-implementation-link,f1eb1e7c-1d23-4e41-9be4-233985a78d8b,,,,,,,OneTrust Automation,OneTrust Automation,2026-03-26T22:22:32.357+00:00,2026-03-26,2026,March,03,Quarter 1,2026-03-26T22:22:41.517+00:00,2026-03-26,2026,March,03,Quarter 1,Europe/Andorra,b99df4a4-2bf5-4c08-9483-bd636470bc11,OTAuto02,b99df4a4-2bf5-4c08-9483-bd636470bc11,svc-otautotenant-qe+02@svc.onetrust.com
evidence-task-implementation-link,f1eb1e7c-1d23-4e41-9be4-233985a78d8b,,,,,,,OneTrust Automation,OneTrust Automation,2026-03-27T02:22:32.357+00:00,2026-03-27,2026,March,03,Quarter 1,2026-03-27T02:22:41.517+00:00,2026-03-27,2026,March,03,Quarter 1,Etc/GMT-5,b99df4a4-2bf5-4c08-9483-bd636470bc11,OTAuto02,b99df4a4-2bf5-4c08-9483-bd636470bc11,svc-otautotenant-qe+02@svc.onetrust.com
evidence-task-implementation-link,f1eb1e7c-1d23-4e41-9be4-233985a78d8b,,,,,,,OneTrust Automation,OneTrust Automation,2026-03-26T18:22:32.357+00:00,2026-03-26,2026,March,03,Quarter 1,2026-03-26T18:22:41.517+00:00,2026-03-26,2026,March,03,Quarter 1,America/Argentina/ComodRivadavia,b99df4a4-2bf5-4c08-9483-bd636470bc11,OTAuto02,b99df4a4-2bf5-4c08-9483-bd636470bc11,svc-otautotenant-qe+02@svc.onetrust.com
evidence-task-implementation-link,f1eb1e7c-1d23-4e41-9be4-233985a78d8b,,,,,,,OneTrust Automation,OneTrust Automation,2026-03-26T21:22:32.357+00:00,2026-03-26,2026,March,03,Quarter 1,2026-03-26T21:22:41.517+00:00,2026-03-26,2026,March,03,Quarter 1,Africa/Monrovia,b99df4a4-2bf5-4c08-9483-bd636470bc11,OTAuto02,b99df4a4-2bf5-4c08-9483-bd636470bc11,svc-otautotenant-qe+02@svc.onetrust.com
evidence-task-implementation-link,f1eb1e7c-1d23-4e41-9be4-233985a78d8b,,,,,,,OneTrust Automation,OneTrust Automation,2026-03-27T10:22:32.357+00:00,2026-03-27,2026,March,03,Quarter 1,2026-03-27T10:22:41.517+00:00,2026-03-27,2026,March,03,Quarter 1,Pacific/Apia,b99df4a4-2bf5-4c08-9483-bd636470bc11,OTAuto02,b99df4a4-2bf5-4c08-9483-bd636470bc11,svc-otautotenant-qe+02@svc.onetrust.com
evidence-task-implementation-link,f1eb1e7c-1d23-4e41-9be4-233985a78d8b,,,,,,,OneTrust Automation,OneTrust Automation,2026-03-26T17:22:32.357+00:00,2026-03-26,2026,March,03,Quarter 1,2026-03-26T17:22:41.517+00:00,2026-03-26,2026,March,03,Quarter 1,America/Thunder_Bay,b99df4a4-2bf5-4c08-9483-bd636470bc11,OTAuto02,b99df4a4-2bf5-4c08-9483-bd636470bc11,svc-otautotenant-qe+02@svc.onetrust.com
evidence-task-implementation-link,f1eb1e7c-1d23-4e41-9be4-233985a78d8b,,,,,,,OneTrust Automation,OneTrust Automation,2026-03-26T16:22:32.357+00:00,2026-03-26,2026,March,03,Quarter 1,2026-03-26T16:22:41.517+00:00,2026-03-26,2026,March,03,Quarter 1,America/Resolute,b99df4a4-2bf5-4c08-9483-bd636470bc11,OTAuto02,b99df4a4-2bf5-4c08-9483-bd636470bc11,svc-otautotenant-qe+02@svc.onetrust.com
evidence-task-implementation-link,f1eb1e7c-1d23-4e41-9be4-233985a78d8b,,,,,,,OneTrust Automation,OneTrust Automation,2026-03-26T22:22:32.357+00:00,2026-03-26,2026,March,03,Quarter 1,2026-03-26T22:22:41.517+00:00,2026-03-26,2026,March,03,Quarter 1,Poland,b99df4a4-2bf5-4c08-9483-bd636470bc11,OTAuto02,b99df4a4-2bf5-4c08-9483-bd636470bc11,svc-otautotenant-qe+02@svc.onetrust.com
evidence-task-implementation-link,f1eb1e7c-1d23-4e41-9be4-233985a78d8b,,,,,,,OneTrust Automation,OneTrust Automation,2026-03-26T22:22:32.357+00:00,2026-03-26,2026,March,03,Quarter 1,2026-03-26T22:22:41.517+00:00,2026-03-26,2026,March,03,Quarter 1,CET,b99df4a4-2bf5-4c08-9483-bd636470bc11,OTAuto02,b99df4a4-2bf5-4c08-9483-bd636470bc11,svc-otautotenant-qe+02@svc.onetrust.com
evidence-task-implementation-link,f1eb1e7c-1d23-4e41-9be4-233985a78d8b,,,,,,,OneTrust Automation,OneTrust Automation,2026-03-26T23:22:32.357+00:00,2026-03-26,2026,March,03,Quarter 1,2026-03-26T23:22:41.517+00:00,2026-03-26,2026,March,03,Quarter 1,Asia/Gaza,b99df4a4-2bf5-4c08-9483-bd636470bc11,OTAuto02,b99df4a4-2bf5-4c08-9483-bd636470bc11,svc-otautotenant-qe+02@svc.onetrust.com
evidence-task-implementation-link,f1eb1e7c-1d23-4e41-9be4-233985a78d8b,,,,,,,OneTrust Automation,OneTrust Automation,2026-03-26T16:22:32.357+00:00,2026-03-26,2026,March,03,Quarter 1,2026-03-26T16:22:41.517+00:00,2026-03-26,2026,March,03,Quarter 1,America/Indiana/Knox,b99df4a4-2bf5-4c08-9483-bd636470bc11,OTAuto02,b99df4a4-2bf5-4c08-9483-bd636470bc11,svc-otautotenant-qe+02@svc.onetrust.com
evidence-task-implementation-link,f1eb1e7c-1d23-4e41-9be4-233985a78d8b,,,,,,,OneTrust Automation,OneTrust Automation,2026-03-26T22:22:32.357+00:00,2026-03-26,2026,March,03,Quarter 1,2026-03-26T22:22:41.517+00:00,2026-03-26,2026,March,03,Quarter 1,Africa/Malabo,b99df4a4-2bf5-4c08-9483-bd636470bc11,OTAuto02,b99df4a4-2bf5-4c08-9483-bd636470bc11,svc-otautotenant-qe+02@svc.onetrust.com
evidence-task-implementation-link,f1eb1e7c-1d23-4e41-9be4-233985a78d8b,,,,,,,OneTrust Automation,OneTrust Automation,2026-03-26T17:22:32.357+00:00,2026-03-26,2026,March,03,Quarter 1,2026-03-26T17:22:41.517+00:00,2026-03-26,2026,March,03,Quarter 1,America/Indiana/Vincennes,b99df4a4-2bf5-4c08-9483-bd636470bc11,OTAuto02,b99df4a4-2bf5-4c08-9483-bd636470bc11,svc-otautotenant-qe+02@svc.onetrust.com
evidence-task-implementation-link,f1eb1e7c-1d23-4e41-9be4-233985a78d8b,,,,,,,OneTrust Automation,OneTrust Automation,2026-03-27T01:22:32.357+00:00,2026-03-27,2026,March,03,Quarter 1,2026-03-27T01:22:41.517+00:00,2026-03-27,2026,March,03,Quarter 1,Europe/Astrakhan,b99df4a4-2bf5-4c08-9483-bd636470bc11,OTAuto02,b99df4a4-2bf5-4c08-9483-bd636470bc11,svc-otautotenant-qe+02@svc.onetrust.com
evidence-task-implementation-link,f1eb1e7c-1d23-4e41-9be4-233985a78d8b,,,,,,,OneTrust Automation,OneTrust Automation,2026-03-26T17:22:32.357+00:00,2026-03-26,2026,March,03,Quarter 1,2026-03-26T17:22:41.517+00:00,2026-03-26,2026,March,03,Quarter 1,America/Grenada,b99df4a4-2bf5-4c08-9483-bd636470bc11,OTAuto02,b99df4a4-2bf5-4c08-9483-bd636470bc11,svc-otautotenant-qe+02@svc.onetrust.com
evidence-task-implementation-link,f1eb1e7c-1d23-4e41-9be4-233985a78d8b,,,,,,,OneTrust Automation,OneTrust Automation,2026-03-26T16:22:32.357+00:00,2026-03-26,2026,March,03,Quarter 1,2026-03-26T16:22:41.517+00:00,2026-03-26,2026,March,03,Quarter 1,Canada/Central,b99df4a4-2bf5-4c08-9483-bd636470bc11,OTAuto02,b99df4a4-2bf5-4c08-9483-bd636470bc11,svc-otautotenant-qe+02@svc.onetrust.com
evidence-task-implementation-link,f1eb1e7c-1d23-4e41-9be4-233985a78d8b,,,,,,,OneTrust Automation,OneTrust Automation,2026-03-26T14:22:32.357+00:00,2026-03-26,2026,March,03,Quarter 1,2026-03-26T14:22:41.517+00:00,2026-03-26,2026,March,03,Quarter 1,America/Dawson,b99df4a4-2bf5-4c08-9483-bd636470bc11,OTAuto02,b99df4a4-2bf5-4c08-9483-bd636470bc11,svc-otautotenant-qe+02@svc.onetrust.com
evidence-task-implementation-link,f1eb1e7c-1d23-4e41-9be4-233985a78d8b,,,,,,,OneTrust Automation,OneTrust Automation,2026-03-26T18:22:32.357+00:00,2026-03-26,2026,March,03,Quarter 1,2026-03-26T18:22:41.517+00:00,2026-03-26,2026,March,03,Quarter 1,America/Paramaribo,b99df4a4-2bf5-4c08-9483-bd636470bc11,OTAuto02,b99df4a4-2bf5-4c08-9483-bd636470bc11,svc-otautotenant-qe+02@svc.onetrust.com
evidence-task-implementation-link,f1eb1e7c-1d23-4e41-9be4-233985a78d8b,,,,,,,OneTrust Automation,OneTrust Automation,2026-03-26T23:22:32.357+00:00,2026-03-26,2026,March,03,Quarter 1,2026-03-26T23:22:41.517+00:00,2026-03-26,2026,March,03,Quarter 1,Europe/Sofia,b99df4a4-2bf5-4c08-9483-bd636470bc11,OTAuto02,b99df4a4-2bf5-4c08-9483-bd636470bc11,svc-otautotenant-qe+02@svc.onetrust.com
evidence-task-implementation-link,f1eb1e7c-1d23-4e41-9be4-233985a78d8b,,,,,,,OneTrust Automation,OneTrust Automation,2026-03-26T21:22:32.357+00:00,2026-03-26,2026,March,03,Quarter 1,2026-03-26T21:22:41.517+00:00,2026-03-26,2026,March,03,Quarter 1,GB-Eire,b99df4a4-2bf5-4c08-9483-bd636470bc11,OTAuto02,b99df4a4-2bf5-4c08-9483-bd636470bc11,svc-otautotenant-qe+02@svc.onetrust.com
evidence-task-implementation-link,f1eb1e7c-1d23-4e41-9be4-233985a78d8b,,,,,,,OneTrust Automation,OneTrust Automation,2026-03-27T05:22:32.357+00:00,2026-03-27,2026,March,03,Quarter 1,2026-03-27T05:22:41.517+00:00,2026-03-27,2026,March,03,Quarter 1,Asia/Ulaanbaatar,b99df4a4-2bf5-4c08-9483-bd636470bc11,OTAuto02,b99df4a4-2bf5-4c08-9483-bd636470bc11,svc-otautotenant-qe+02@svc.onetrust.com
evidence-task-implementation-link,f1eb1e7c-1d23-4e41-9be4-233985a78d8b,,,,,,,OneTrust Automation,OneTrust Automation,2026-03-27T01:22:32.357+00:00,2026-03-27,2026,March,03,Quarter 1,2026-03-27T01:22:41.517+00:00,2026-03-27,2026,March,03,Quarter 1,Europe/Samara,b99df4a4-2bf5-4c08-9483-bd636470bc11,OTAuto02,b99df4a4-2bf5-4c08-9483-bd636470bc11,svc-otautotenant-qe+02@svc.onetrust.com
evidence-task-implementation-link,f1eb1e7c-1d23-4e41-9be4-233985a78d8b,,,,,,,OneTrust Automation,OneTrust Automation,2026-03-27T03:07:32.357+00:00,2026-03-27,2026,March,03,Quarter 1,2026-03-27T03:07:41.517+00:00,2026-03-27,2026,March,03,Quarter 1,Asia/Kathmandu,b99df4a4-2bf5-4c08-9483-bd636470bc11,OTAuto02,b99df4a4-2bf5-4c08-9483-bd636470bc11,svc-otautotenant-qe+02@svc.onetrust.com
evidence-task-implementation-link,f1eb1e7c-1d23-4e41-9be4-233985a78d8b,,,,,,,OneTrust Automation,OneTrust Automation,2026-03-26T15:22:32.357+00:00,2026-03-26,2026,March,03,Quarter 1,2026-03-26T15:22:41.517+00:00,2026-03-26,2026,March,03,Quarter 1,America/Boise,b99df4a4-2bf5-4c08-9483-bd636470bc11,OTAuto02,b99df4a4-2bf5-4c08-9483-bd636470bc11,svc-otautotenant-qe+02@svc.onetrust.com
evidence-task-implementation-link,f1eb1e7c-1d23-4e41-9be4-233985a78d8b,,,,,,,OneTrust Automation,OneTrust Automation,2026-03-26T12:22:32.357+00:00,2026-03-26,2026,March,03,Quarter 1,2026-03-26T12:22:41.517+00:00,2026-03-26,2026,March,03,Quarter 1,Etc/GMT+9,b99df4a4-2bf5-4c08-9483-bd636470bc11,OTAuto02,b99df4a4-2bf5-4c08-9483-bd636470bc11,svc-otautotenant-qe+02@svc.onetrust.com
evidence-task-implementation-link,f1eb1e7c-1d23-4e41-9be4-233985a78d8b,,,,,,,OneTrust Automation,OneTrust Automation,2026-03-26T17:22:32.357+00:00,2026-03-26,2026,March,03,Quarter 1,2026-03-26T17:22:41.517+00:00,2026-03-26,2026,March,03,Quarter 1,America/Dominica,b99df4a4-2bf5-4c08-9483-bd636470bc11,OTAuto02,b99df4a4-2bf5-4c08-9483-bd636470bc11,svc-otautotenant-qe+02@svc.onetrust.com
evidence-task-implementation-link,f1eb1e7c-1d23-4e41-9be4-233985a78d8b,,,,,,,OneTrust Automation,OneTrust Automation,2026-03-26T17:22:32.357+00:00,2026-03-26,2026,March,03,Quarter 1,2026-03-26T17:22:41.517+00:00,2026-03-26,2026,March,03,Quarter 1,America/Indiana/Petersburg,b99df4a4-2bf5-4c08-9483-bd636470bc11,OTAuto02,b99df4a4-2bf5-4c08-9483-bd636470bc11,svc-otautotenant-qe+02@svc.onetrust.com
evidence-task-implementation-link,f1eb1e7c-1d23-4e41-9be4-233985a78d8b,,,,,,,OneTrust Automation,OneTrust Automation,2026-03-27T02:52:32.357+00:00,2026-03-27,2026,March,03,Quarter 1,2026-03-27T02:52:41.517+00:00,2026-03-27,2026,March,03,Quarter 1,Asia/Calcutta,b99df4a4-2bf5-4c08-9483-bd636470bc11,OTAuto02,b99df4a4-2bf5-4c08-9483-bd636470bc11,svc-otautotenant-qe+02@svc.onetrust.com
evidence-task-implementation-link,f1eb1e7c-1d23-4e41-9be4-233985a78d8b,,,,,,,OneTrust Automation,OneTrust Automation,2026-03-27T08:22:32.357+00:00,2026-03-27,2026,March,03,Quarter 1,2026-03-27T08:22:41.517+00:00,2026-03-27,2026,March,03,Quarter 1,Australia/Melbourne,b99df4a4-2bf5-4c08-9483-bd636470bc11,OTAuto02,b99df4a4-2bf5-4c08-9483-bd636470bc11,svc-otautotenant-qe+02@svc.onetrust.com
evidence-task-implementation-link,f1eb1e7c-1d23-4e41-9be4-233985a78d8b,,,,,,,OneTrust Automation,OneTrust Automation,2026-03-27T10:22:32.357+00:00,2026-03-27,2026,March,03,Quarter 1,2026-03-27T10:22:41.517+00:00,2026-03-27,2026,March,03,Quarter 1,Etc/GMT-13,b99df4a4-2bf5-4c08-9483-bd636470bc11,OTAuto02,b99df4a4-2bf5-4c08-9483-bd636470bc11,svc-otautotenant-qe+02@svc.onetrust.com
evidence-task-implementation-link,f1eb1e7c-1d23-4e41-9be4-233985a78d8b,,,,,,,OneTrust Automation,OneTrust Automation,2026-03-26T21:22:32.357+00:00,2026-03-26,2026,March,03,Quarter 1,2026-03-26T21:22:41.517+00:00,2026-03-26,2026,March,03,Quarter 1,Etc/UCT,b99df4a4-2bf5-4c08-9483-bd636470bc11,OTAuto02,b99df4a4-2bf5-4c08-9483-bd636470bc11,svc-otautotenant-qe+02@svc.onetrust.com
evidence-task-implementation-link,f1eb1e7c-1d23-4e41-9be4-233985a78d8b,,,,,,,OneTrust Automation,OneTrust Automation,2026-03-27T07:22:32.357+00:00,2026-03-27,2026,March,03,Quarter 1,2026-03-27T07:22:41.517+00:00,2026-03-27,2026,March,03,Quarter 1,Pacific/Truk,b99df4a4-2bf5-4c08-9483-bd636470bc11,OTAuto02,b99df4a4-2bf5-4c08-9483-bd636470bc11,svc-otautotenant-qe+02@svc.onetrust.com
evidence-task-implementation-link,f1eb1e7c-1d23-4e41-9be4-233985a78d8b,,,,,,,OneTrust Automation,OneTrust Automation,2026-03-27T05:22:32.357+00:00,2026-03-27,2026,March,03,Quarter 1,2026-03-27T05:22:41.517+00:00,2026-03-27,2026,March,03,Quarter 1,Asia/Irkutsk,b99df4a4-2bf5-4c08-9483-bd636470bc11,OTAuto02,b99df4a4-2bf5-4c08-9483-bd636470bc11,svc-otautotenant-qe+02@svc.onetrust.com
evidence-task-implementation-link,f1eb1e7c-1d23-4e41-9be4-233985a78d8b,,,,,,,OneTrust Automation,OneTrust Automation,2026-03-27T01:22:32.357+00:00,2026-03-27,2026,March,03,Quarter 1,2026-03-27T01:22:41.517+00:00,2026-03-27,2026,March,03,Quarter 1,Asia/Baku,b99df4a4-2bf5-4c08-9483-bd636470bc11,OTAuto02,b99df4a4-2bf5-4c08-9483-bd636470bc11,svc-otautotenant-qe+02@svc.onetrust.com
evidence-task-implementation-link,f1eb1e7c-1d23-4e41-9be4-233985a78d8b,,,,,,,OneTrust Automation,OneTrust Automation,2026-03-26T17:22:32.357+00:00,2026-03-26,2026,March,03,Quarter 1,2026-03-26T17:22:41.517+00:00,2026-03-26,2026,March,03,Quarter 1,America/Kentucky/Monticello,b99df4a4-2bf5-4c08-9483-bd636470bc11,OTAuto02,b99df4a4-2bf5-4c08-9483-bd636470bc11,svc-otautotenant-qe+02@svc.onetrust.com
evidence-task-implementation-link,f1eb1e7c-1d23-4e41-9be4-233985a78d8b,,,,,,,OneTrust Automation,OneTrust Automation,2026-03-27T08:22:32.357+00:00,2026-03-27,2026,March,03,Quarter 1,2026-03-27T08:22:41.517+00:00,2026-03-27,2026,March,03,Quarter 1,Pacific/Ponape,b99df4a4-2bf5-4c08-9483-bd636470bc11,OTAuto02,b99df4a4-2bf5-4c08-9483-bd636470bc11,svc-otautotenant-qe+02@svc.onetrust.com
evidence-task-implementation-link,f1eb1e7c-1d23-4e41-9be4-233985a78d8b,,,,,,,OneTrust Automation,OneTrust Automation,2026-03-27T09:22:32.357+00:00,2026-03-27,2026,March,03,Quarter 1,2026-03-27T09:22:41.517+00:00,2026-03-27,2026,March,03,Quarter 1,Pacific/Norfolk,b99df4a4-2bf5-4c08-9483-bd636470bc11,OTAuto02,b99df4a4-2bf5-4c08-9483-bd636470bc11,svc-otautotenant-qe+02@svc.onetrust.com
evidence-task-implementation-link,f1eb1e7c-1d23-4e41-9be4-233985a78d8b,,,,,,,OneTrust Automation,OneTrust Automation,2026-03-26T21:22:32.357+00:00,2026-03-26,2026,March,03,Quarter 1,2026-03-26T21:22:41.517+00:00,2026-03-26,2026,March,03,Quarter 1,Africa/Accra,b99df4a4-2bf5-4c08-9483-bd636470bc11,OTAuto02,b99df4a4-2bf5-4c08-9483-bd636470bc11,svc-otautotenant-qe+02@svc.onetrust.com
evidence-task-implementation-link,f1eb1e7c-1d23-4e41-9be4-233985a78d8b,,,,,,,OneTrust Automation,OneTrust Automation,2026-03-26T17:22:32.357+00:00,2026-03-26,2026,March,03,Quarter 1,2026-03-26T17:22:41.517+00:00,2026-03-26,2026,March,03,Quarter 1,America/Grand_Turk,b99df4a4-2bf5-4c08-9483-bd636470bc11,OTAuto02,b99df4a4-2bf5-4c08-9483-bd636470bc11,svc-otautotenant-qe+02@svc.onetrust.com
evidence-task-implementation-link,f1eb1e7c-1d23-4e41-9be4-233985a78d8b,,,,,,,OneTrust Automation,OneTrust Automation,2026-03-26T22:22:32.357+00:00,2026-03-26,2026,March,03,Quarter 1,2026-03-26T22:22:41.517+00:00,2026-03-26,2026,March,03,Quarter 1,Europe/Amsterdam,b99df4a4-2bf5-4c08-9483-bd636470bc11,OTAuto02,b99df4a4-2bf5-4c08-9483-bd636470bc11,svc-otautotenant-qe+02@svc.onetrust.com
evidence-task-implementation-link,f1eb1e7c-1d23-4e41-9be4-233985a78d8b,,,,,,,OneTrust Automation,OneTrust Automation,2026-03-27T08:22:32.357+00:00,2026-03-27,2026,March,03,Quarter 1,2026-03-27T08:22:41.517+00:00,2026-03-27,2026,March,03,Quarter 1,Pacific/Kosrae,b99df4a4-2bf5-4c08-9483-bd636470bc11,OTAuto02,b99df4a4-2bf5-4c08-9483-bd636470bc11,svc-otautotenant-qe+02@svc.onetrust.com
evidence-task-implementation-link,f1eb1e7c-1d23-4e41-9be4-233985a78d8b,,,,,,,OneTrust Automation,OneTrust Automation,2026-03-26T23:22:32.357+00:00,2026-03-26,2026,March,03,Quarter 1,2026-03-26T23:22:41.517+00:00,2026-03-26,2026,March,03,Quarter 1,Israel,b99df4a4-2bf5-4c08-9483-bd636470bc11,OTAuto02,b99df4a4-2bf5-4c08-9483-bd636470bc11,svc-otautotenant-qe+02@svc.onetrust.com
evidence-task-implementation-link,f1eb1e7c-1d23-4e41-9be4-233985a78d8b,,,,,,,OneTrust Automation,OneTrust Automation,2026-03-27T01:22:32.357+00:00,2026-03-27,2026,March,03,Quarter 1,2026-03-27T01:22:41.517+00:00,2026-03-27,2026,March,03,Quarter 1,Europe/Saratov,b99df4a4-2bf5-4c08-9483-bd636470bc11,OTAuto02,b99df4a4-2bf5-4c08-9483-bd636470bc11,svc-otautotenant-qe+02@svc.onetrust.com
evidence-task-implementation-link,f1eb1e7c-1d23-4e41-9be4-233985a78d8b,,,,,,,OneTrust Automation,OneTrust Automation,2026-03-27T07:22:32.357+00:00,2026-03-27,2026,March,03,Quarter 1,2026-03-27T07:22:41.517+00:00,2026-03-27,2026,March,03,Quarter 1,Pacific/Port_Moresby,b99df4a4-2bf5-4c08-9483-bd636470bc11,OTAuto02,b99df4a4-2bf5-4c08-9483-bd636470bc11,svc-otautotenant-qe+02@svc.onetrust.com
evidence-task-implementation-link,f1eb1e7c-1d23-4e41-9be4-233985a78d8b,,,,,,,OneTrust Automation,OneTrust Automation,2026-03-27T08:22:32.357+00:00,2026-03-27,2026,March,03,Quarter 1,2026-03-27T08:22:41.517+00:00,2026-03-27,2026,March,03,Quarter 1,Australia/Sydney,b99df4a4-2bf5-4c08-9483-bd636470bc11,OTAuto02,b99df4a4-2bf5-4c08-9483-bd636470bc11,svc-otautotenant-qe+02@svc.onetrust.com
evidence-task-implementation-link,f1eb1e7c-1d23-4e41-9be4-233985a78d8b,,,,,,,OneTrust Automation,OneTrust Automation,2026-03-26T15:22:32.357+00:00,2026-03-26,2026,March,03,Quarter 1,2026-03-26T15:22:41.517+00:00,2026-03-26,2026,March,03,Quarter 1,America/Cambridge_Bay,b99df4a4-2bf5-4c08-9483-bd636470bc11,OTAuto02,b99df4a4-2bf5-4c08-9483-bd636470bc11,svc-otautotenant-qe+02@svc.onetrust.com
evidence-task-implementation-link,f1eb1e7c-1d23-4e41-9be4-233985a78d8b,,,,,,,OneTrust Automation,OneTrust Automation,2026-03-26T23:22:32.357+00:00,2026-03-26,2026,March,03,Quarter 1,2026-03-26T23:22:41.517+00:00,2026-03-26,2026,March,03,Quarter 1,Europe/Tiraspol,b99df4a4-2bf5-4c08-9483-bd636470bc11,OTAuto02,b99df4a4-2bf5-4c08-9483-bd636470bc11,svc-otautotenant-qe+02@svc.onetrust.com
evidence-task-implementation-link,f1eb1e7c-1d23-4e41-9be4-233985a78d8b,,,,,,,OneTrust Automation,OneTrust Automation,2026-03-27T06:22:32.357+00:00,2026-03-27,2026,March,03,Quarter 1,2026-03-27T06:22:41.517+00:00,2026-03-27,2026,March,03,Quarter 1,Japan,b99df4a4-2bf5-4c08-9483-bd636470bc11,OTAuto02,b99df4a4-2bf5-4c08-9483-bd636470bc11,svc-otautotenant-qe+02@svc.onetrust.com
evidence-task-implementation-link,f1eb1e7c-1d23-4e41-9be4-233985a78d8b,,,,,,,OneTrust Automation,OneTrust Automation,2026-03-26T13:22:32.357+00:00,2026-03-26,2026,March,03,Quarter 1,2026-03-26T13:22:41.517+00:00,2026-03-26,2026,March,03,Quarter 1,America/Nome,b99df4a4-2bf5-4c08-9483-bd636470bc11,OTAuto02,b99df4a4-2bf5-4c08-9483-bd636470bc11,svc-otautotenant-qe+02@svc.onetrust.com
evidence-task-implementation-link,f1eb1e7c-1d23-4e41-9be4-233985a78d8b,,,,,,,OneTrust Automation,OneTrust Automation,2026-03-27T02:22:32.357+00:00,2026-03-27,2026,March,03,Quarter 1,2026-03-27T02:22:41.517+00:00,2026-03-27,2026,March,03,Quarter 1,Asia/Qyzylorda,b99df4a4-2bf5-4c08-9483-bd636470bc11,OTAuto02,b99df4a4-2bf5-4c08-9483-bd636470bc11,svc-otautotenant-qe+02@svc.onetrust.com
evidence-task-implementation-link,f1eb1e7c-1d23-4e41-9be4-233985a78d8b,,,,,,,OneTrust Automation,OneTrust Automation,2026-03-27T04:22:32.357+00:00,2026-03-27,2026,March,03,Quarter 1,2026-03-27T04:22:41.517+00:00,2026-03-27,2026,March,03,Quarter 1,Asia/Phnom_Penh,b99df4a4-2bf5-4c08-9483-bd636470bc11,OTAuto02,b99df4a4-2bf5-4c08-9483-bd636470bc11,svc-otautotenant-qe+02@svc.onetrust.com
evidence-task-implementation-link,f1eb1e7c-1d23-4e41-9be4-233985a78d8b,,,,,,,OneTrust Automation,OneTrust Automation,2026-03-27T08:22:32.357+00:00,2026-03-27,2026,March,03,Quarter 1,2026-03-27T08:22:41.517+00:00,2026-03-27,2026,March,03,Quarter 1,Asia/Srednekolymsk,b99df4a4-2bf5-4c08-9483-bd636470bc11,OTAuto02,b99df4a4-2bf5-4c08-9483-bd636470bc11,svc-otautotenant-qe+02@svc.onetrust.com
evidence-task-implementation-link,f1eb1e7c-1d23-4e41-9be4-233985a78d8b,,,,,,,OneTrust Automation,OneTrust Automation,2026-03-26T16:22:32.357+00:00,2026-03-26,2026,March,03,Quarter 1,2026-03-26T16:22:41.517+00:00,2026-03-26,2026,March,03,Quarter 1,America/Winnipeg,b99df4a4-2bf5-4c08-9483-bd636470bc11,OTAuto02,b99df4a4-2bf5-4c08-9483-bd636470bc11,svc-otautotenant-qe+02@svc.onetrust.com
evidence-task-implementation-link,f1eb1e7c-1d23-4e41-9be4-233985a78d8b,,,,,,,OneTrust Automation,OneTrust Automation,2026-03-26T13:22:32.357+00:00,2026-03-26,2026,March,03,Quarter 1,2026-03-26T13:22:41.517+00:00,2026-03-26,2026,March,03,Quarter 1,Pacific/Pitcairn,b99df4a4-2bf5-4c08-9483-bd636470bc11,OTAuto02,b99df4a4-2bf5-4c08-9483-bd636470bc11,svc-otautotenant-qe+02@svc.onetrust.com
evidence-task-implementation-link,f1eb1e7c-1d23-4e41-9be4-233985a78d8b,,,,,,,OneTrust Automation,OneTrust Automation,2026-03-26T22:22:32.357+00:00,2026-03-26,2026,March,03,Quarter 1,2026-03-26T22:22:41.517+00:00,2026-03-26,2026,March,03,Quarter 1,Europe/Vienna,b99df4a4-2bf5-4c08-9483-bd636470bc11,OTAuto02,b99df4a4-2bf5-4c08-9483-bd636470bc11,svc-otautotenant-qe+02@svc.onetrust.com
evidence-task-implementation-link,f1eb1e7c-1d23-4e41-9be4-233985a78d8b,,,,,,,OneTrust Automation,OneTrust Automation,2026-03-26T16:22:32.357+00:00,2026-03-26,2026,March,03,Quarter 1,2026-03-26T16:22:41.517+00:00,2026-03-26,2026,March,03,Quarter 1,America/Rio_Branco,b99df4a4-2bf5-4c08-9483-bd636470bc11,OTAuto02,b99df4a4-2bf5-4c08-9483-bd636470bc11,svc-otautotenant-qe+02@svc.onetrust.com
evidence-task-implementation-link,f1eb1e7c-1d23-4e41-9be4-233985a78d8b,,,,,,,OneTrust Automation,OneTrust Automation,2026-03-26T16:22:32.357+00:00,2026-03-26,2026,March,03,Quarter 1,2026-03-26T16:22:41.517+00:00,2026-03-26,2026,March,03,Quarter 1,America/Jamaica,b99df4a4-2bf5-4c08-9483-bd636470bc11,OTAuto02,b99df4a4-2bf5-4c08-9483-bd636470bc11,svc-otautotenant-qe+02@svc.onetrust.com
evidence-task-implementation-link,f1eb1e7c-1d23-4e41-9be4-233985a78d8b,,,,,,,OneTrust Automation,OneTrust Automation,2026-03-26T16:22:32.357+00:00,2026-03-26,2026,March,03,Quarter 1,2026-03-26T16:22:41.517+00:00,2026-03-26,2026,March,03,Quarter 1,Etc/GMT+5,b99df4a4-2bf5-4c08-9483-bd636470bc11,OTAuto02,b99df4a4-2bf5-4c08-9483-bd636470bc11,svc-otautotenant-qe+02@svc.onetrust.com
evidence-task-implementation-link,f1eb1e7c-1d23-4e41-9be4-233985a78d8b,,,,,,,OneTrust Automation,OneTrust Automation,2026-03-26T18:22:32.357+00:00,2026-03-26,2026,March,03,Quarter 1,2026-03-26T18:22:41.517+00:00,2026-03-26,2026,March,03,Quarter 1,Atlantic/Stanley,b99df4a4-2bf5-4c08-9483-bd636470bc11,OTAuto02,b99df4a4-2bf5-4c08-9483-bd636470bc11,svc-otautotenant-qe+02@svc.onetrust.com
evidence-task-implementation-link,f1eb1e7c-1d23-4e41-9be4-233985a78d8b,,,,,,,OneTrust Automation,OneTrust Automation,2026-03-26T14:22:32.357+00:00,2026-03-26,2026,March,03,Quarter 1,2026-03-26T14:22:41.517+00:00,2026-03-26,2026,March,03,Quarter 1,America/Mazatlan,b99df4a4-2bf5-4c08-9483-bd636470bc11,OTAuto02,b99df4a4-2bf5-4c08-9483-bd636470bc11,svc-otautotenant-qe+02@svc.onetrust.com
evidence-task-implementation-link,f1eb1e7c-1d23-4e41-9be4-233985a78d8b,,,,,,,OneTrust Automation,OneTrust Automation,2026-03-27T09:22:32.357+00:00,2026-03-27,2026,March,03,Quarter 1,2026-03-27T09:22:41.517+00:00,2026-03-27,2026,March,03,Quarter 1,Pacific/Fiji,b99df4a4-2bf5-4c08-9483-bd636470bc11,OTAuto02,b99df4a4-2bf5-4c08-9483-bd636470bc11,svc-otautotenant-qe+02@svc.onetrust.com
evidence-task-implementation-link,f1eb1e7c-1d23-4e41-9be4-233985a78d8b,,,,,,,OneTrust Automation,OneTrust Automation,2026-03-26T18:22:32.357+00:00,2026-03-26,2026,March,03,Quarter 1,2026-03-26T18:22:41.517+00:00,2026-03-26,2026,March,03,Quarter 1,America/Araguaina,b99df4a4-2bf5-4c08-9483-bd636470bc11,OTAuto02,b99df4a4-2bf5-4c08-9483-bd636470bc11,svc-otautotenant-qe+02@svc.onetrust.com
evidence-task-implementation-link,f1eb1e7c-1d23-4e41-9be4-233985a78d8b,,,,,,,OneTrust Automation,OneTrust Automation,2026-03-27T03:07:32.357+00:00,2026-03-27,2026,March,03,Quarter 1,2026-03-27T03:07:41.517+00:00,2026-03-27,2026,March,03,Quarter 1,Asia/Katmandu,b99df4a4-2bf5-4c08-9483-bd636470bc11,OTAuto02,b99df4a4-2bf5-4c08-9483-bd636470bc11,svc-otautotenant-qe+02@svc.onetrust.com
evidence-task-implementation-link,f1eb1e7c-1d23-4e41-9be4-233985a78d8b,,,,,,,OneTrust Automation,OneTrust Automation,2026-03-26T17:22:32.357+00:00,2026-03-26,2026,March,03,Quarter 1,2026-03-26T17:22:41.517+00:00,2026-03-26,2026,March,03,Quarter 1,US/Eastern,b99df4a4-2bf5-4c08-9483-bd636470bc11,OTAuto02,b99df4a4-2bf5-4c08-9483-bd636470bc11,svc-otautotenant-qe+02@svc.onetrust.com
evidence-task-implementation-link,f1eb1e7c-1d23-4e41-9be4-233985a78d8b,,,,,,,OneTrust Automation,OneTrust Automation,2026-03-27T00:22:32.357+00:00,2026-03-27,2026,March,03,Quarter 1,2026-03-27T00:22:41.517+00:00,2026-03-27,2026,March,03,Quarter 1,Africa/Asmera,b99df4a4-2bf5-4c08-9483-bd636470bc11,OTAuto02,b99df4a4-2bf5-4c08-9483-bd636470bc11,svc-otautotenant-qe+02@svc.onetrust.com
evidence-task-implementation-link,f1eb1e7c-1d23-4e41-9be4-233985a78d8b,,,,,,,OneTrust Automation,OneTrust Automation,2026-03-26T11:22:32.357+00:00,2026-03-26,2026,March,03,Quarter 1,2026-03-26T11:22:41.517+00:00,2026-03-26,2026,March,03,Quarter 1,Etc/GMT+10,b99df4a4-2bf5-4c08-9483-bd636470bc11,OTAuto02,b99df4a4-2bf5-4c08-9483-bd636470bc11,svc-otautotenant-qe+02@svc.onetrust.com
evidence-task-implementation-link,f1eb1e7c-1d23-4e41-9be4-233985a78d8b,,,,,,,OneTrust Automation,OneTrust Automation,2026-03-26T22:22:32.357+00:00,2026-03-26,2026,March,03,Quarter 1,2026-03-26T22:22:41.517+00:00,2026-03-26,2026,March,03,Quarter 1,Europe/Luxembourg,b99df4a4-2bf5-4c08-9483-bd636470bc11,OTAuto02,b99df4a4-2bf5-4c08-9483-bd636470bc11,svc-otautotenant-qe+02@svc.onetrust.com
evidence-task-implementation-link,f1eb1e7c-1d23-4e41-9be4-233985a78d8b,,,,,,,OneTrust Automation,OneTrust Automation,2026-03-26T16:22:32.357+00:00,2026-03-26,2026,March,03,Quarter 1,2026-03-26T16:22:41.517+00:00,2026-03-26,2026,March,03,Quarter 1,America/North_Dakota/New_Salem,b99df4a4-2bf5-4c08-9483-bd636470bc11,OTAuto02,b99df4a4-2bf5-4c08-9483-bd636470bc11,svc-otautotenant-qe+02@svc.onetrust.com
evidence-task-implementation-link,f1eb1e7c-1d23-4e41-9be4-233985a78d8b,,,,,,,OneTrust Automation,OneTrust Automation,2026-03-26T18:22:32.357+00:00,2026-03-26,2026,March,03,Quarter 1,2026-03-26T18:22:41.517+00:00,2026-03-26,2026,March,03,Quarter 1,America/Cayenne,b99df4a4-2bf5-4c08-9483-bd636470bc11,OTAuto02,b99df4a4-2bf5-4c08-9483-bd636470bc11,svc-otautotenant-qe+02@svc.onetrust.com
evidence-task-implementation-link,f1eb1e7c-1d23-4e41-9be4-233985a78d8b,,,,,,,OneTrust Automation,OneTrust Automation,2026-03-26T19:22:32.357+00:00,2026-03-26,2026,March,03,Quarter 1,2026-03-26T19:22:41.517+00:00,2026-03-26,2026,March,03,Quarter 1,Atlantic/South_Georgia,b99df4a4-2bf5-4c08-9483-bd636470bc11,OTAuto02,b99df4a4-2bf5-4c08-9483-bd636470bc11,svc-otautotenant-qe+02@svc.onetrust.com
evidence-task-implementation-link,f1eb1e7c-1d23-4e41-9be4-233985a78d8b,,,,,,,OneTrust Automation,OneTrust Automation,2026-03-26T16:22:32.357+00:00,2026-03-26,2026,March,03,Quarter 1,2026-03-26T16:22:41.517+00:00,2026-03-26,2026,March,03,Quarter 1,EST,b99df4a4-2bf5-4c08-9483-bd636470bc11,OTAuto02,b99df4a4-2bf5-4c08-9483-bd636470bc11,svc-otautotenant-qe+02@svc.onetrust.com
evidence-task-implementation-link,f1eb1e7c-1d23-4e41-9be4-233985a78d8b,,,,,,,OneTrust Automation,OneTrust Automation,2026-03-27T02:22:32.357+00:00,2026-03-27,2026,March,03,Quarter 1,2026-03-27T02:22:41.517+00:00,2026-03-27,2026,March,03,Quarter 1,Asia/Tashkent,b99df4a4-2bf5-4c08-9483-bd636470bc11,OTAuto02,b99df4a4-2bf5-4c08-9483-bd636470bc11,svc-otautotenant-qe+02@svc.onetrust.com
evidence-task-implementation-link,f1eb1e7c-1d23-4e41-9be4-233985a78d8b,,,,,,,OneTrust Automation,OneTrust Automation,2026-03-27T00:52:32.357+00:00,2026-03-27,2026,March,03,Quarter 1,2026-03-27T00:52:41.517+00:00,2026-03-27,2026,March,03,Quarter 1,Asia/Tehran,b99df4a4-2bf5-4c08-9483-bd636470bc11,OTAuto02,b99df4a4-2bf5-4c08-9483-bd636470bc11,svc-otautotenant-qe+02@svc.onetrust.com
evidence-task-implementation-link,f1eb1e7c-1d23-4e41-9be4-233985a78d8b,,,,,,,OneTrust Automation,OneTrust Automation,2026-03-26T17:22:32.357+00:00,2026-03-26,2026,March,03,Quarter 1,2026-03-26T17:22:41.517+00:00,2026-03-26,2026,March,03,Quarter 1,America/Nassau,b99df4a4-2bf5-4c08-9483-bd636470bc11,OTAuto02,b99df4a4-2bf5-4c08-9483-bd636470bc11,svc-otautotenant-qe+02@svc.onetrust.com
evidence-task-implementation-link,f1eb1e7c-1d23-4e41-9be4-233985a78d8b,,,,,,,OneTrust Automation,OneTrust Automation,2026-03-26T16:22:32.357+00:00,2026-03-26,2026,March,03,Quarter 1,2026-03-26T16:22:41.517+00:00,2026-03-26,2026,March,03,Quarter 1,Jamaica,b99df4a4-2bf5-4c08-9483-bd636470bc11,OTAuto02,b99df4a4-2bf5-4c08-9483-bd636470bc11,svc-otautotenant-qe+02@svc.onetrust.com
evidence-task-implementation-link,f1eb1e7c-1d23-4e41-9be4-233985a78d8b,,,,,,,OneTrust Automation,OneTrust Automation,2026-03-27T04:22:32.357+00:00,2026-03-27,2026,March,03,Quarter 1,2026-03-27T04:22:41.517+00:00,2026-03-27,2026,March,03,Quarter 1,Asia/Vientiane,b99df4a4-2bf5-4c08-9483-bd636470bc11,OTAuto02,b99df4a4-2bf5-4c08-9483-bd636470bc11,svc-otautotenant-qe+02@svc.onetrust.com
evidence-task-implementation-link,f1eb1e7c-1d23-4e41-9be4-233985a78d8b,,,,,,,OneTrust Automation,OneTrust Automation,2026-03-26T15:22:32.357+00:00,2026-03-26,2026,March,03,Quarter 1,2026-03-26T15:22:41.517+00:00,2026-03-26,2026,March,03,Quarter 1,MST7MDT,b99df4a4-2bf5-4c08-9483-bd636470bc11,OTAuto02,b99df4a4-2bf5-4c08-9483-bd636470bc11,svc-otautotenant-qe+02@svc.onetrust.com
evidence-task-implementation-link,f1eb1e7c-1d23-4e41-9be4-233985a78d8b,,,,,,,OneTrust Automation,OneTrust Automation,2026-03-26T17:22:32.357+00:00,2026-03-26,2026,March,03,Quarter 1,2026-03-26T17:22:41.517+00:00,2026-03-26,2026,March,03,Quarter 1,America/Indiana/Winamac,b99df4a4-2bf5-4c08-9483-bd636470bc11,OTAuto02,b99df4a4-2bf5-4c08-9483-bd636470bc11,svc-otautotenant-qe+02@svc.onetrust.com
evidence-task-implementation-link,f1eb1e7c-1d23-4e41-9be4-233985a78d8b,,,,,,,OneTrust Automation,OneTrust Automation,2026-03-27T03:22:32.357+00:00,2026-03-27,2026,March,03,Quarter 1,2026-03-27T03:22:41.517+00:00,2026-03-27,2026,March,03,Quarter 1,Asia/Thimbu,b99df4a4-2bf5-4c08-9483-bd636470bc11,OTAuto02,b99df4a4-2bf5-4c08-9483-bd636470bc11,svc-otautotenant-qe+02@svc.onetrust.com
evidence-task-implementation-link,f1eb1e7c-1d23-4e41-9be4-233985a78d8b,,,,,,,OneTrust Automation,OneTrust Automation,2026-03-26T22:22:32.357+00:00,2026-03-26,2026,March,03,Quarter 1,2026-03-26T22:22:41.517+00:00,2026-03-26,2026,March,03,Quarter 1,Europe/Vaduz,b99df4a4-2bf5-4c08-9483-bd636470bc11,OTAuto02,b99df4a4-2bf5-4c08-9483-bd636470bc11,svc-otautotenant-qe+02@svc.onetrust.com
evidence-task-implementation-link,f1eb1e7c-1d23-4e41-9be4-233985a78d8b,,,,,,,OneTrust Automation,OneTrust Automation,2026-03-27T09:22:32.357+00:00,2026-03-27,2026,March,03,Quarter 1,2026-03-27T09:22:41.517+00:00,2026-03-27,2026,March,03,Quarter 1,Etc/GMT-12,b99df4a4-2bf5-4c08-9483-bd636470bc11,OTAuto02,b99df4a4-2bf5-4c08-9483-bd636470bc11,svc-otautotenant-qe+02@svc.onetrust.com
evidence-task-implementation-link,f1eb1e7c-1d23-4e41-9be4-233985a78d8b,,,,,,,OneTrust Automation,OneTrust Automation,2026-03-26T17:22:32.357+00:00,2026-03-26,2026,March,03,Quarter 1,2026-03-26T17:22:41.517+00:00,2026-03-26,2026,March,03,Quarter 1,America/Puerto_Rico,b99df4a4-2bf5-4c08-9483-bd636470bc11,OTAuto02,b99df4a4-2bf5-4c08-9483-bd636470bc11,svc-otautotenant-qe+02@svc.onetrust.com
evidence-task-implementation-link,f1eb1e7c-1d23-4e41-9be4-233985a78d8b,,,,,,,OneTrust Automation,OneTrust Automation,2026-03-27T05:22:32.357+00:00,2026-03-27,2026,March,03,Quarter 1,2026-03-27T05:22:41.517+00:00,2026-03-27,2026,March,03,Quarter 1,Asia/Brunei,b99df4a4-2bf5-4c08-9483-bd636470bc11,OTAuto02,b99df4a4-2bf5-4c08-9483-bd636470bc11,svc-otautotenant-qe+02@svc.onetrust.com
evidence-task-implementation-link,f1eb1e7c-1d23-4e41-9be4-233985a78d8b,,,,,,,OneTrust Automation,OneTrust Automation,2026-03-26T22:22:32.357+00:00,2026-03-26,2026,March,03,Quarter 1,2026-03-26T22:22:41.517+00:00,2026-03-26,2026,March,03,Quarter 1,Africa/Tunis,b99df4a4-2bf5-4c08-9483-bd636470bc11,OTAuto02,b99df4a4-2bf5-4c08-9483-bd636470bc11,svc-otautotenant-qe+02@svc.onetrust.com
evidence-task-implementation-link,f1eb1e7c-1d23-4e41-9be4-233985a78d8b,,,,,,,OneTrust Automation,OneTrust Automation,2026-03-26T20:22:32.357+00:00,2026-03-26,2026,March,03,Quarter 1,2026-03-26T20:22:41.517+00:00,2026-03-26,2026,March,03,Quarter 1,Atlantic/Cape_Verde,b99df4a4-2bf5-4c08-9483-bd636470bc11,OTAuto02,b99df4a4-2bf5-4c08-9483-bd636470bc11,svc-otautotenant-qe+02@svc.onetrust.com
evidence-task-implementation-link,f1eb1e7c-1d23-4e41-9be4-233985a78d8b,,,,,,,OneTrust Automation,OneTrust Automation,2026-03-26T23:22:32.357+00:00,2026-03-26,2026,March,03,Quarter 1,2026-03-26T23:22:41.517+00:00,2026-03-26,2026,March,03,Quarter 1,Asia/Jerusalem,b99df4a4-2bf5-4c08-9483-bd636470bc11,OTAuto02,b99df4a4-2bf5-4c08-9483-bd636470bc11,svc-otautotenant-qe+02@svc.onetrust.com
evidence-task-implementation-link,f1eb1e7c-1d23-4e41-9be4-233985a78d8b,,,,,,,OneTrust Automation,OneTrust Automation,2026-03-26T22:22:32.357+00:00,2026-03-26,2026,March,03,Quarter 1,2026-03-26T22:22:41.517+00:00,2026-03-26,2026,March,03,Quarter 1,Africa/Bangui,b99df4a4-2bf5-4c08-9483-bd636470bc11,OTAuto02,b99df4a4-2bf5-4c08-9483-bd636470bc11,svc-otautotenant-qe+02@svc.onetrust.com
evidence-task-implementation-link,f1eb1e7c-1d23-4e41-9be4-233985a78d8b,,,,,,,OneTrust Automation,OneTrust Automation,2026-03-26T16:22:32.357+00:00,2026-03-26,2026,March,03,Quarter 1,2026-03-26T16:22:41.517+00:00,2026-03-26,2026,March,03,Quarter 1,America/Panama,b99df4a4-2bf5-4c08-9483-bd636470bc11,OTAuto02,b99df4a4-2bf5-4c08-9483-bd636470bc11,svc-otautotenant-qe+02@svc.onetrust.com
evidence-task-implementation-link,f1eb1e7c-1d23-4e41-9be4-233985a78d8b,,,,,,,OneTrust Automation,OneTrust Automation,2026-03-27T02:22:32.357+00:00,2026-03-27,2026,March,03,Quarter 1,2026-03-27T02:22:41.517+00:00,2026-03-27,2026,March,03,Quarter 1,Asia/Karachi,b99df4a4-2bf5-4c08-9483-bd636470bc11,OTAuto02,b99df4a4-2bf5-4c08-9483-bd636470bc11,svc-otautotenant-qe+02@svc.onetrust.com
evidence-task-implementation-link,f1eb1e7c-1d23-4e41-9be4-233985a78d8b,,,,,,,OneTrust Automation,OneTrust Automation,2026-03-27T11:22:32.357+00:00,2026-03-27,2026,March,03,Quarter 1,2026-03-27T11:22:41.517+00:00,2026-03-27,2026,March,03,Quarter 1,Pacific/Kiritimati,b99df4a4-2bf5-4c08-9483-bd636470bc11,OTAuto02,b99df4a4-2bf5-4c08-9483-bd636470bc11,svc-otautotenant-qe+02@svc.onetrust.com
evidence-task-implementation-link,f1eb1e7c-1d23-4e41-9be4-233985a78d8b,,,,,,,OneTrust Automation,OneTrust Automation,2026-03-26T16:22:32.357+00:00,2026-03-26,2026,March,03,Quarter 1,2026-03-26T16:22:41.517+00:00,2026-03-26,2026,March,03,Quarter 1,America/North_Dakota/Beulah,b99df4a4-2bf5-4c08-9483-bd636470bc11,OTAuto02,b99df4a4-2bf5-4c08-9483-bd636470bc11,svc-otautotenant-qe+02@svc.onetrust.com
evidence-task-implementation-link,f1eb1e7c-1d23-4e41-9be4-233985a78d8b,,,,,,,OneTrust Automation,OneTrust Automation,2026-03-26T18:22:32.357+00:00,2026-03-26,2026,March,03,Quarter 1,2026-03-26T18:22:41.517+00:00,2026-03-26,2026,March,03,Quarter 1,Atlantic/Bermuda,b99df4a4-2bf5-4c08-9483-bd636470bc11,OTAuto02,b99df4a4-2bf5-4c08-9483-bd636470bc11,svc-otautotenant-qe+02@svc.onetrust.com
evidence-task-implementation-link,f1eb1e7c-1d23-4e41-9be4-233985a78d8b,,,,,,,OneTrust Automation,OneTrust Automation,2026-03-27T05:22:32.357+00:00,2026-03-27,2026,March,03,Quarter 1,2026-03-27T05:22:41.517+00:00,2026-03-27,2026,March,03,Quarter 1,Australia/Perth,b99df4a4-2bf5-4c08-9483-bd636470bc11,OTAuto02,b99df4a4-2bf5-4c08-9483-bd636470bc11,svc-otautotenant-qe+02@svc.onetrust.com
evidence-task-implementation-link,f1eb1e7c-1d23-4e41-9be4-233985a78d8b,,,,,,,OneTrust Automation,OneTrust Automation,2026-03-26T23:22:32.357+00:00,2026-03-26,2026,March,03,Quarter 1,2026-03-26T23:22:41.517+00:00,2026-03-26,2026,March,03,Quarter 1,Africa/Tripoli,b99df4a4-2bf5-4c08-9483-bd636470bc11,OTAuto02,b99df4a4-2bf5-4c08-9483-bd636470bc11,svc-otautotenant-qe+02@svc.onetrust.com
evidence-task-implementation-link,f1eb1e7c-1d23-4e41-9be4-233985a78d8b,,,,,,,OneTrust Automation,OneTrust Automation,2026-03-26T15:22:32.357+00:00,2026-03-26,2026,March,03,Quarter 1,2026-03-26T15:22:41.517+00:00,2026-03-26,2026,March,03,Quarter 1,America/Managua,b99df4a4-2bf5-4c08-9483-bd636470bc11,OTAuto02,b99df4a4-2bf5-4c08-9483-bd636470bc11,svc-otautotenant-qe+02@svc.onetrust.com
evidence-task-implementation-link,f1eb1e7c-1d23-4e41-9be4-233985a78d8b,,,,,,,OneTrust Automation,OneTrust Automation,2026-03-27T04:22:32.357+00:00,2026-03-27,2026,March,03,Quarter 1,2026-03-27T04:22:41.517+00:00,2026-03-27,2026,March,03,Quarter 1,Antarctica/Davis,b99df4a4-2bf5-4c08-9483-bd636470bc11,OTAuto02,b99df4a4-2bf5-4c08-9483-bd636470bc11,svc-otautotenant-qe+02@svc.onetrust.com
evidence-task-implementation-link,f1eb1e7c-1d23-4e41-9be4-233985a78d8b,,,,,,,OneTrust Automation,OneTrust Automation,2026-03-26T21:22:32.357+00:00,2026-03-26,2026,March,03,Quarter 1,2026-03-26T21:22:41.517+00:00,2026-03-26,2026,March,03,Quarter 1,Africa/Nouakchott,b99df4a4-2bf5-4c08-9483-bd636470bc11,OTAuto02,b99df4a4-2bf5-4c08-9483-bd636470bc11,svc-otautotenant-qe+02@svc.onetrust.com
evidence-task-implementation-link,f1eb1e7c-1d23-4e41-9be4-233985a78d8b,,,,,,,OneTrust Automation,OneTrust Automation,2026-03-27T06:22:32.357+00:00,2026-03-27,2026,March,03,Quarter 1,2026-03-27T06:22:41.517+00:00,2026-03-27,2026,March,03,Quarter 1,Asia/Yakutsk,b99df4a4-2bf5-4c08-9483-bd636470bc11,OTAuto02,b99df4a4-2bf5-4c08-9483-bd636470bc11,svc-otautotenant-qe+02@svc.onetrust.com
evidence-task-implementation-link,f1eb1e7c-1d23-4e41-9be4-233985a78d8b,,,,,,,OneTrust Automation,OneTrust Automation,2026-03-27T03:22:32.357+00:00,2026-03-27,2026,March,03,Quarter 1,2026-03-27T03:22:41.517+00:00,2026-03-27,2026,March,03,Quarter 1,Etc/GMT-6,b99df4a4-2bf5-4c08-9483-bd636470bc11,OTAuto02,b99df4a4-2bf5-4c08-9483-bd636470bc11,svc-otautotenant-qe+02@svc.onetrust.com
evidence-task-implementation-link,f1eb1e7c-1d23-4e41-9be4-233985a78d8b,,,,,,,OneTrust Automation,OneTrust Automation,2026-03-26T17:22:32.357+00:00,2026-03-26,2026,March,03,Quarter 1,2026-03-26T17:22:41.517+00:00,2026-03-26,2026,March,03,Quarter 1,America/Manaus,b99df4a4-2bf5-4c08-9483-bd636470bc11,OTAuto02,b99df4a4-2bf5-4c08-9483-bd636470bc11,svc-otautotenant-qe+02@svc.onetrust.com
evidence-task-implementation-link,f1eb1e7c-1d23-4e41-9be4-233985a78d8b,,,,,,,OneTrust Automation,OneTrust Automation,2026-03-26T17:22:32.357+00:00,2026-03-26,2026,March,03,Quarter 1,2026-03-26T17:22:41.517+00:00,2026-03-26,2026,March,03,Quarter 1,America/Kralendijk,b99df4a4-2bf5-4c08-9483-bd636470bc11,OTAuto02,b99df4a4-2bf5-4c08-9483-bd636470bc11,svc-otautotenant-qe+02@svc.onetrust.com
evidence-task-implementation-link,f1eb1e7c-1d23-4e41-9be4-233985a78d8b,,,,,,,OneTrust Automation,OneTrust Automation,2026-03-26T16:22:32.357+00:00,2026-03-26,2026,March,03,Quarter 1,2026-03-26T16:22:41.517+00:00,2026-03-26,2026,March,03,Quarter 1,America/Bogota,b99df4a4-2bf5-4c08-9483-bd636470bc11,OTAuto02,b99df4a4-2bf5-4c08-9483-bd636470bc11,svc-otautotenant-qe+02@svc.onetrust.com
evidence-task-implementation-link,f1eb1e7c-1d23-4e41-9be4-233985a78d8b,,,,,,,OneTrust Automation,OneTrust Automation,2026-03-26T15:22:32.357+00:00,2026-03-26,2026,March,03,Quarter 1,2026-03-26T15:22:41.517+00:00,2026-03-26,2026,March,03,Quarter 1,America/Swift_Current,b99df4a4-2bf5-4c08-9483-bd636470bc11,OTAuto02,b99df4a4-2bf5-4c08-9483-bd636470bc11,svc-otautotenant-qe+02@svc.onetrust.com
evidence-task-implementation-link,f1eb1e7c-1d23-4e41-9be4-233985a78d8b,,,,,,,OneTrust Automation,OneTrust Automation,2026-03-26T23:22:32.357+00:00,2026-03-26,2026,March,03,Quarter 1,2026-03-26T23:22:41.517+00:00,2026-03-26,2026,March,03,Quarter 1,Africa/Lubumbashi,b99df4a4-2bf5-4c08-9483-bd636470bc11,OTAuto02,b99df4a4-2bf5-4c08-9483-bd636470bc11,svc-otautotenant-qe+02@svc.onetrust.com
evidence-task-implementation-link,f1eb1e7c-1d23-4e41-9be4-233985a78d8b,,,,,,,OneTrust Automation,OneTrust Automation,2026-03-26T23:22:32.357+00:00,2026-03-26,2026,March,03,Quarter 1,2026-03-26T23:22:41.517+00:00,2026-03-26,2026,March,03,Quarter 1,Europe/Kaliningrad,b99df4a4-2bf5-4c08-9483-bd636470bc11,OTAuto02,b99df4a4-2bf5-4c08-9483-bd636470bc11,svc-otautotenant-qe+02@svc.onetrust.com
evidence-task-implementation-link,f1eb1e7c-1d23-4e41-9be4-233985a78d8b,,,,,,,OneTrust Automation,OneTrust Automation,2026-03-26T23:22:32.357+00:00,2026-03-26,2026,March,03,Quarter 1,2026-03-26T23:22:41.517+00:00,2026-03-26,2026,March,03,Quarter 1,Africa/Mbabane,b99df4a4-2bf5-4c08-9483-bd636470bc11,OTAuto02,b99df4a4-2bf5-4c08-9483-bd636470bc11,svc-otautotenant-qe+02@svc.onetrust.com
evidence-task-implementation-link,f1eb1e7c-1d23-4e41-9be4-233985a78d8b,,,,,,,OneTrust Automation,OneTrust Automation,2026-03-26T21:22:32.357+00:00,2026-03-26,2026,March,03,Quarter 1,2026-03-26T21:22:41.517+00:00,2026-03-26,2026,March,03,Quarter 1,Atlantic/Madeira,b99df4a4-2bf5-4c08-9483-bd636470bc11,OTAuto02,b99df4a4-2bf5-4c08-9483-bd636470bc11,svc-otautotenant-qe+02@svc.onetrust.com
evidence-task-implementation-link,f1eb1e7c-1d23-4e41-9be4-233985a78d8b,,,,,,,OneTrust Automation,OneTrust Automation,2026-03-26T18:22:32.357+00:00,2026-03-26,2026,March,03,Quarter 1,2026-03-26T18:22:41.517+00:00,2026-03-26,2026,March,03,Quarter 1,America/Thule,b99df4a4-2bf5-4c08-9483-bd636470bc11,OTAuto02,b99df4a4-2bf5-4c08-9483-bd636470bc11,svc-otautotenant-qe+02@svc.onetrust.com
evidence-task-implementation-link,f1eb1e7c-1d23-4e41-9be4-233985a78d8b,,,,,,,OneTrust Automation,OneTrust Automation,2026-03-27T08:22:32.357+00:00,2026-03-27,2026,March,03,Quarter 1,2026-03-27T08:22:41.517+00:00,2026-03-27,2026,March,03,Quarter 1,Asia/Sakhalin,b99df4a4-2bf5-4c08-9483-bd636470bc11,OTAuto02,b99df4a4-2bf5-4c08-9483-bd636470bc11,svc-otautotenant-qe+02@svc.onetrust.com
evidence-task-implementation-link,f1eb1e7c-1d23-4e41-9be4-233985a78d8b,,,,,,,OneTrust Automation,OneTrust Automation,2026-03-27T00:22:32.357+00:00,2026-03-27,2026,March,03,Quarter 1,2026-03-27T00:22:41.517+00:00,2026-03-27,2026,March,03,Quarter 1,Africa/Nairobi,b99df4a4-2bf5-4c08-9483-bd636470bc11,OTAuto02,b99df4a4-2bf5-4c08-9483-bd636470bc11,svc-otautotenant-qe+02@svc.onetrust.com
evidence-task-implementation-link,f1eb1e7c-1d23-4e41-9be4-233985a78d8b,,,,,,,OneTrust Automation,OneTrust Automation,2026-03-26T22:22:32.357+00:00,2026-03-26,2026,March,03,Quarter 1,2026-03-26T22:22:41.517+00:00,2026-03-26,2026,March,03,Quarter 1,Europe/Vatican,b99df4a4-2bf5-4c08-9483-bd636470bc11,OTAuto02,b99df4a4-2bf5-4c08-9483-bd636470bc11,svc-otautotenant-qe+02@svc.onetrust.com
evidence-task-implementation-link,f1eb1e7c-1d23-4e41-9be4-233985a78d8b,,,,,,,OneTrust Automation,OneTrust Automation,2026-03-26T23:22:32.357+00:00,2026-03-26,2026,March,03,Quarter 1,2026-03-26T23:22:41.517+00:00,2026-03-26,2026,March,03,Quarter 1,EET,b99df4a4-2bf5-4c08-9483-bd636470bc11,OTAuto02,b99df4a4-2bf5-4c08-9483-bd636470bc11,svc-otautotenant-qe+02@svc.onetrust.com
evidence-task-implementation-link,f1eb1e7c-1d23-4e41-9be4-233985a78d8b,,,,,,,OneTrust Automation,OneTrust Automation,2026-03-26T18:22:32.357+00:00,2026-03-26,2026,March,03,Quarter 1,2026-03-26T18:22:41.517+00:00,2026-03-26,2026,March,03,Quarter 1,America/Moncton,b99df4a4-2bf5-4c08-9483-bd636470bc11,OTAuto02,b99df4a4-2bf5-4c08-9483-bd636470bc11,svc-otautotenant-qe+02@svc.onetrust.com
evidence-task-implementation-link,f1eb1e7c-1d23-4e41-9be4-233985a78d8b,,,,,,,OneTrust Automation,OneTrust Automation,2026-03-26T18:22:32.357+00:00,2026-03-26,2026,March,03,Quarter 1,2026-03-26T18:22:41.517+00:00,2026-03-26,2026,March,03,Quarter 1,America/Cordoba,b99df4a4-2bf5-4c08-9483-bd636470bc11,OTAuto02,b99df4a4-2bf5-4c08-9483-bd636470bc11,svc-otautotenant-qe+02@svc.onetrust.com
evidence-task-implementation-link,f1eb1e7c-1d23-4e41-9be4-233985a78d8b,,,,,,,OneTrust Automation,OneTrust Automation,2026-03-27T03:52:32.357+00:00,2026-03-27,2026,March,03,Quarter 1,2026-03-27T03:52:41.517+00:00,2026-03-27,2026,March,03,Quarter 1,Indian/Cocos,b99df4a4-2bf5-4c08-9483-bd636470bc11,OTAuto02,b99df4a4-2bf5-4c08-9483-bd636470bc11,svc-otautotenant-qe+02@svc.onetrust.com
evidence-task-implementation-link,f1eb1e7c-1d23-4e41-9be4-233985a78d8b,,,,,,,OneTrust Automation,OneTrust Automation,2026-03-26T18:22:32.357+00:00,2026-03-26,2026,March,03,Quarter 1,2026-03-26T18:22:41.517+00:00,2026-03-26,2026,March,03,Quarter 1,America/Argentina/Salta,b99df4a4-2bf5-4c08-9483-bd636470bc11,OTAuto02,b99df4a4-2bf5-4c08-9483-bd636470bc11,svc-otautotenant-qe+02@svc.onetrust.com
evidence-task-implementation-link,f1eb1e7c-1d23-4e41-9be4-233985a78d8b,,,,,,,OneTrust Automation,OneTrust Automation,2026-03-26T21:22:32.357+00:00,2026-03-26,2026,March,03,Quarter 1,2026-03-26T21:22:41.517+00:00,2026-03-26,2026,March,03,Quarter 1,GMT+0,b99df4a4-2bf5-4c08-9483-bd636470bc11,OTAuto02,b99df4a4-2bf5-4c08-9483-bd636470bc11,svc-otautotenant-qe+02@svc.onetrust.com
evidence-task-implementation-link,f1eb1e7c-1d23-4e41-9be4-233985a78d8b,,,,,,,OneTrust Automation,OneTrust Automation,2026-03-27T02:22:32.357+00:00,2026-03-27,2026,March,03,Quarter 1,2026-03-27T02:22:41.517+00:00,2026-03-27,2026,March,03,Quarter 1,Asia/Aqtobe,b99df4a4-2bf5-4c08-9483-bd636470bc11,OTAuto02,b99df4a4-2bf5-4c08-9483-bd636470bc11,svc-otautotenant-qe+02@svc.onetrust.com
evidence-task-implementation-link,f1eb1e7c-1d23-4e41-9be4-233985a78d8b,,,,,,,OneTrust Automation,OneTrust Automation,2026-03-26T17:22:32.357+00:00,2026-03-26,2026,March,03,Quarter 1,2026-03-26T17:22:41.517+00:00,2026-03-26,2026,March,03,Quarter 1,America/Kentucky/Louisville,b99df4a4-2bf5-4c08-9483-bd636470bc11,OTAuto02,b99df4a4-2bf5-4c08-9483-bd636470bc11,svc-otautotenant-qe+02@svc.onetrust.com
evidence-task-implementation-link,f1eb1e7c-1d23-4e41-9be4-233985a78d8b,,,,,,,OneTrust Automation,OneTrust Automation,2026-03-26T17:22:32.357+00:00,2026-03-26,2026,March,03,Quarter 1,2026-03-26T17:22:41.517+00:00,2026-03-26,2026,March,03,Quarter 1,America/Indiana/Indianapolis,b99df4a4-2bf5-4c08-9483-bd636470bc11,OTAuto02,b99df4a4-2bf5-4c08-9483-bd636470bc11,svc-otautotenant-qe+02@svc.onetrust.com
evidence-task-implementation-link,f1eb1e7c-1d23-4e41-9be4-233985a78d8b,,,,,,,OneTrust Automation,OneTrust Automation,2026-03-27T04:22:32.357+00:00,2026-03-27,2026,March,03,Quarter 1,2026-03-27T04:22:41.517+00:00,2026-03-27,2026,March,03,Quarter 1,Asia/Novokuznetsk,b99df4a4-2bf5-4c08-9483-bd636470bc11,OTAuto02,b99df4a4-2bf5-4c08-9483-bd636470bc11,svc-otautotenant-qe+02@svc.onetrust.com
evidence-task-implementation-link,f1eb1e7c-1d23-4e41-9be4-233985a78d8b,,,,,,,OneTrust Automation,OneTrust Automation,2026-03-26T21:22:32.357+00:00,2026-03-26,2026,March,03,Quarter 1,2026-03-26T21:22:41.517+00:00,2026-03-26,2026,March,03,Quarter 1,GMT-0,b99df4a4-2bf5-4c08-9483-bd636470bc11,OTAuto02,b99df4a4-2bf5-4c08-9483-bd636470bc11,svc-otautotenant-qe+02@svc.onetrust.com
evidence-task-implementation-link,f1eb1e7c-1d23-4e41-9be4-233985a78d8b,,,,,,,OneTrust Automation,OneTrust Automation,2026-03-26T22:22:32.357+00:00,2026-03-26,2026,March,03,Quarter 1,2026-03-26T22:22:41.517+00:00,2026-03-26,2026,March,03,Quarter 1,Africa/El_Aaiun,b99df4a4-2bf5-4c08-9483-bd636470bc11,OTAuto02,b99df4a4-2bf5-4c08-9483-bd636470bc11,svc-otautotenant-qe+02@svc.onetrust.com
evidence-task-implementation-link,f1eb1e7c-1d23-4e41-9be4-233985a78d8b,,,,,,,OneTrust Automation,OneTrust Automation,2026-03-27T09:22:32.357+00:00,2026-03-27,2026,March,03,Quarter 1,2026-03-27T09:22:41.517+00:00,2026-03-27,2026,March,03,Quarter 1,Pacific/Nauru,b99df4a4-2bf5-4c08-9483-bd636470bc11,OTAuto02,b99df4a4-2bf5-4c08-9483-bd636470bc11,svc-otautotenant-qe+02@svc.onetrust.com
evidence-task-implementation-link,f1eb1e7c-1d23-4e41-9be4-233985a78d8b,,,,,,,OneTrust Automation,OneTrust Automation,2026-03-26T23:22:32.357+00:00,2026-03-26,2026,March,03,Quarter 1,2026-03-26T23:22:41.517+00:00,2026-03-26,2026,March,03,Quarter 1,Europe/Kiev,b99df4a4-2bf5-4c08-9483-bd636470bc11,OTAuto02,b99df4a4-2bf5-4c08-9483-bd636470bc11,svc-otautotenant-qe+02@svc.onetrust.com
evidence-task-implementation-link,f1eb1e7c-1d23-4e41-9be4-233985a78d8b,,,,,,,OneTrust Automation,OneTrust Automation,2026-03-26T23:22:32.357+00:00,2026-03-26,2026,March,03,Quarter 1,2026-03-26T23:22:41.517+00:00,2026-03-26,2026,March,03,Quarter 1,Asia/Nicosia,b99df4a4-2bf5-4c08-9483-bd636470bc11,OTAuto02,b99df4a4-2bf5-4c08-9483-bd636470bc11,svc-otautotenant-qe+02@svc.onetrust.com
evidence-task-implementation-link,f1eb1e7c-1d23-4e41-9be4-233985a78d8b,,,,,,,OneTrust Automation,OneTrust Automation,2026-03-27T02:22:32.357+00:00,2026-03-27,2026,March,03,Quarter 1,2026-03-27T02:22:41.517+00:00,2026-03-27,2026,March,03,Quarter 1,Indian/Maldives,b99df4a4-2bf5-4c08-9483-bd636470bc11,OTAuto02,b99df4a4-2bf5-4c08-9483-bd636470bc11,svc-otautotenant-qe+02@svc.onetrust.com
evidence-task-implementation-link,f1eb1e7c-1d23-4e41-9be4-233985a78d8b,,,,,,,OneTrust Automation,OneTrust Automation,2026-03-26T18:22:32.357+00:00,2026-03-26,2026,March,03,Quarter 1,2026-03-26T18:22:41.517+00:00,2026-03-26,2026,March,03,Quarter 1,America/Argentina/La_Rioja,b99df4a4-2bf5-4c08-9483-bd636470bc11,OTAuto02,b99df4a4-2bf5-4c08-9483-bd636470bc11,svc-otautotenant-qe+02@svc.onetrust.com
evidence-task-implementation-link,f1eb1e7c-1d23-4e41-9be4-233985a78d8b,,,,,,,OneTrust Automation,OneTrust Automation,2026-03-26T13:22:32.357+00:00,2026-03-26,2026,March,03,Quarter 1,2026-03-26T13:22:41.517+00:00,2026-03-26,2026,March,03,Quarter 1,America/Juneau,b99df4a4-2bf5-4c08-9483-bd636470bc11,OTAuto02,b99df4a4-2bf5-4c08-9483-bd636470bc11,svc-otautotenant-qe+02@svc.onetrust.com
evidence-task-implementation-link,f1eb1e7c-1d23-4e41-9be4-233985a78d8b,,,,,,,OneTrust Automation,OneTrust Automation,2026-03-27T08:22:32.357+00:00,2026-03-27,2026,March,03,Quarter 1,2026-03-27T08:22:41.517+00:00,2026-03-27,2026,March,03,Quarter 1,Australia/Lord_Howe,b99df4a4-2bf5-4c08-9483-bd636470bc11,OTAuto02,b99df4a4-2bf5-4c08-9483-bd636470bc11,svc-otautotenant-qe+02@svc.onetrust.com
evidence-task-implementation-link,f1eb1e7c-1d23-4e41-9be4-233985a78d8b,,,,,,,OneTrust Automation,OneTrust Automation,2026-03-26T13:22:32.357+00:00,2026-03-26,2026,March,03,Quarter 1,2026-03-26T13:22:41.517+00:00,2026-03-26,2026,March,03,Quarter 1,America/Anchorage,b99df4a4-2bf5-4c08-9483-bd636470bc11,OTAuto02,b99df4a4-2bf5-4c08-9483-bd636470bc11,svc-otautotenant-qe+02@svc.onetrust.com
evidence-task-implementation-link,f1eb1e7c-1d23-4e41-9be4-233985a78d8b,,,,,,,OneTrust Automation,OneTrust Automation,2026-03-27T01:52:32.357+00:00,2026-03-27,2026,March,03,Quarter 1,2026-03-27T01:52:41.517+00:00,2026-03-27,2026,March,03,Quarter 1,Asia/Kabul,b99df4a4-2bf5-4c08-9483-bd636470bc11,OTAuto02,b99df4a4-2bf5-4c08-9483-bd636470bc11,svc-otautotenant-qe+02@svc.onetrust.com
evidence-task-implementation-link,f1eb1e7c-1d23-4e41-9be4-233985a78d8b,,,,,,,OneTrust Automation,OneTrust Automation,2026-03-26T15:22:32.357+00:00,2026-03-26,2026,March,03,Quarter 1,2026-03-26T15:22:41.517+00:00,2026-03-26,2026,March,03,Quarter 1,Canada/Mountain,b99df4a4-2bf5-4c08-9483-bd636470bc11,OTAuto02,b99df4a4-2bf5-4c08-9483-bd636470bc11,svc-otautotenant-qe+02@svc.onetrust.com
evidence-task-implementation-link,f1eb1e7c-1d23-4e41-9be4-233985a78d8b,,,,,,,OneTrust Automation,OneTrust Automation,2026-03-27T05:22:32.357+00:00,2026-03-27,2026,March,03,Quarter 1,2026-03-27T05:22:41.517+00:00,2026-03-27,2026,March,03,Quarter 1,Asia/Chongqing,b99df4a4-2bf5-4c08-9483-bd636470bc11,OTAuto02,b99df4a4-2bf5-4c08-9483-bd636470bc11,svc-otautotenant-qe+02@svc.onetrust.com
evidence-task-implementation-link,f1eb1e7c-1d23-4e41-9be4-233985a78d8b,,,,,,,OneTrust Automation,OneTrust Automation,2026-03-26T17:22:32.357+00:00,2026-03-26,2026,March,03,Quarter 1,2026-03-26T17:22:41.517+00:00,2026-03-26,2026,March,03,Quarter 1,America/Blanc-Sablon,b99df4a4-2bf5-4c08-9483-bd636470bc11,OTAuto02,b99df4a4-2bf5-4c08-9483-bd636470bc11,svc-otautotenant-qe+02@svc.onetrust.com
evidence-task-implementation-link,f1eb1e7c-1d23-4e41-9be4-233985a78d8b,,,,,,,OneTrust Automation,OneTrust Automation,2026-03-27T00:22:32.357+00:00,2026-03-27,2026,March,03,Quarter 1,2026-03-27T00:22:41.517+00:00,2026-03-27,2026,March,03,Quarter 1,Indian/Mayotte,b99df4a4-2bf5-4c08-9483-bd636470bc11,OTAuto02,b99df4a4-2bf5-4c08-9483-bd636470bc11,svc-otautotenant-qe+02@svc.onetrust.com
evidence-task-implementation-link,f1eb1e7c-1d23-4e41-9be4-233985a78d8b,,,,,,,OneTrust Automation,OneTrust Automation,2026-03-27T02:22:32.357+00:00,2026-03-27,2026,March,03,Quarter 1,2026-03-27T02:22:41.517+00:00,2026-03-27,2026,March,03,Quarter 1,Asia/Yekaterinburg,b99df4a4-2bf5-4c08-9483-bd636470bc11,OTAuto02,b99df4a4-2bf5-4c08-9483-bd636470bc11,svc-otautotenant-qe+02@svc.onetrust.com
evidence-task-implementation-link,f1eb1e7c-1d23-4e41-9be4-233985a78d8b,,,,,,,OneTrust Automation,OneTrust Automation,2026-03-26T17:22:32.357+00:00,2026-03-26,2026,March,03,Quarter 1,2026-03-26T17:22:41.517+00:00,2026-03-26,2026,March,03,Quarter 1,America/Nipigon,b99df4a4-2bf5-4c08-9483-bd636470bc11,OTAuto02,b99df4a4-2bf5-4c08-9483-bd636470bc11,svc-otautotenant-qe+02@svc.onetrust.com
evidence-task-implementation-link,f1eb1e7c-1d23-4e41-9be4-233985a78d8b,,,,,,,OneTrust Automation,OneTrust Automation,2026-03-26T18:22:32.357+00:00,2026-03-26,2026,March,03,Quarter 1,2026-03-26T18:22:41.517+00:00,2026-03-26,2026,March,03,Quarter 1,America/Sao_Paulo,b99df4a4-2bf5-4c08-9483-bd636470bc11,OTAuto02,b99df4a4-2bf5-4c08-9483-bd636470bc11,svc-otautotenant-qe+02@svc.onetrust.com
evidence-task-implementation-link,f1eb1e7c-1d23-4e41-9be4-233985a78d8b,,,,,,,OneTrust Automation,OneTrust Automation,2026-03-27T05:22:32.357+00:00,2026-03-27,2026,March,03,Quarter 1,2026-03-27T05:22:41.517+00:00,2026-03-27,2026,March,03,Quarter 1,Asia/Taipei,b99df4a4-2bf5-4c08-9483-bd636470bc11,OTAuto02,b99df4a4-2bf5-4c08-9483-bd636470bc11,svc-otautotenant-qe+02@svc.onetrust.com
evidence-task-implementation-link,f1eb1e7c-1d23-4e41-9be4-233985a78d8b,,,,,,,OneTrust Automation,OneTrust Automation,2026-03-26T17:22:32.357+00:00,2026-03-26,2026,March,03,Quarter 1,2026-03-26T17:22:41.517+00:00,2026-03-26,2026,March,03,Quarter 1,America/Montreal,b99df4a4-2bf5-4c08-9483-bd636470bc11,OTAuto02,b99df4a4-2bf5-4c08-9483-bd636470bc11,svc-otautotenant-qe+02@svc.onetrust.com
evidence-task-implementation-link,f1eb1e7c-1d23-4e41-9be4-233985a78d8b,,,,,,,OneTrust Automation,OneTrust Automation,2026-03-26T16:22:32.357+00:00,2026-03-26,2026,March,03,Quarter 1,2026-03-26T16:22:41.517+00:00,2026-03-26,2026,March,03,Quarter 1,America/Menominee,b99df4a4-2bf5-4c08-9483-bd636470bc11,OTAuto02,b99df4a4-2bf5-4c08-9483-bd636470bc11,svc-otautotenant-qe+02@svc.onetrust.com
evidence-task-implementation-link,f1eb1e7c-1d23-4e41-9be4-233985a78d8b,,,,,,,OneTrust Automation,OneTrust Automation,2026-03-26T17:22:32.357+00:00,2026-03-26,2026,March,03,Quarter 1,2026-03-26T17:22:41.517+00:00,2026-03-26,2026,March,03,Quarter 1,America/Martinique,b99df4a4-2bf5-4c08-9483-bd636470bc11,OTAuto02,b99df4a4-2bf5-4c08-9483-bd636470bc11,svc-otautotenant-qe+02@svc.onetrust.com
evidence-task-implementation-link,f1eb1e7c-1d23-4e41-9be4-233985a78d8b,,,,,,,OneTrust Automation,OneTrust Automation,2026-03-26T23:22:32.357+00:00,2026-03-26,2026,March,03,Quarter 1,2026-03-26T23:22:41.517+00:00,2026-03-26,2026,March,03,Quarter 1,Europe/Mariehamn,b99df4a4-2bf5-4c08-9483-bd636470bc11,OTAuto02,b99df4a4-2bf5-4c08-9483-bd636470bc11,svc-otautotenant-qe+02@svc.onetrust.com
evidence-task-implementation-link,f1eb1e7c-1d23-4e41-9be4-233985a78d8b,,,,,,,OneTrust Automation,OneTrust Automation,2026-03-26T22:22:32.357+00:00,2026-03-26,2026,March,03,Quarter 1,2026-03-26T22:22:41.517+00:00,2026-03-26,2026,March,03,Quarter 1,Europe/Sarajevo,b99df4a4-2bf5-4c08-9483-bd636470bc11,OTAuto02,b99df4a4-2bf5-4c08-9483-bd636470bc11,svc-otautotenant-qe+02@svc.onetrust.com
evidence-task-implementation-link,f1eb1e7c-1d23-4e41-9be4-233985a78d8b,,,,,,,OneTrust Automation,OneTrust Automation,2026-03-27T02:22:32.357+00:00,2026-03-27,2026,March,03,Quarter 1,2026-03-27T02:22:41.517+00:00,2026-03-27,2026,March,03,Quarter 1,Antarctica/Vostok,b99df4a4-2bf5-4c08-9483-bd636470bc11,OTAuto02,b99df4a4-2bf5-4c08-9483-bd636470bc11,svc-otautotenant-qe+02@svc.onetrust.com
evidence-task-implementation-link,f1eb1e7c-1d23-4e41-9be4-233985a78d8b,,,,,,,OneTrust Automation,OneTrust Automation,2026-03-26T22:22:32.357+00:00,2026-03-26,2026,March,03,Quarter 1,2026-03-26T22:22:41.517+00:00,2026-03-26,2026,March,03,Quarter 1,Europe/Zurich,b99df4a4-2bf5-4c08-9483-bd636470bc11,OTAuto02,b99df4a4-2bf5-4c08-9483-bd636470bc11,svc-otautotenant-qe+02@svc.onetrust.com
evidence-task-implementation-link,f1eb1e7c-1d23-4e41-9be4-233985a78d8b,,,,,,,OneTrust Automation,OneTrust Automation,2026-03-26T15:22:32.357+00:00,2026-03-26,2026,March,03,Quarter 1,2026-03-26T15:22:41.517+00:00,2026-03-26,2026,March,03,Quarter 1,Canada/Saskatchewan,b99df4a4-2bf5-4c08-9483-bd636470bc11,OTAuto02,b99df4a4-2bf5-4c08-9483-bd636470bc11,svc-otautotenant-qe+02@svc.onetrust.com
evidence-task-implementation-link,f1eb1e7c-1d23-4e41-9be4-233985a78d8b,,,,,,,OneTrust Automation,OneTrust Automation,2026-03-26T17:22:32.357+00:00,2026-03-26,2026,March,03,Quarter 1,2026-03-26T17:22:41.517+00:00,2026-03-26,2026,March,03,Quarter 1,America/Montserrat,b99df4a4-2bf5-4c08-9483-bd636470bc11,OTAuto02,b99df4a4-2bf5-4c08-9483-bd636470bc11,svc-otautotenant-qe+02@svc.onetrust.com
evidence-task-implementation-link,f1eb1e7c-1d23-4e41-9be4-233985a78d8b,,,,,,,OneTrust Automation,OneTrust Automation,2026-03-27T02:22:32.357+00:00,2026-03-27,2026,March,03,Quarter 1,2026-03-27T02:22:41.517+00:00,2026-03-27,2026,March,03,Quarter 1,Asia/Ashgabat,b99df4a4-2bf5-4c08-9483-bd636470bc11,OTAuto02,b99df4a4-2bf5-4c08-9483-bd636470bc11,svc-otautotenant-qe+02@svc.onetrust.com
evidence-task-implementation-link,f1eb1e7c-1d23-4e41-9be4-233985a78d8b,,,,,,,OneTrust Automation,OneTrust Automation,2026-03-27T00:22:32.357+00:00,2026-03-27,2026,March,03,Quarter 1,2026-03-27T00:22:41.517+00:00,2026-03-27,2026,March,03,Quarter 1,Asia/Damascus,b99df4a4-2bf5-4c08-9483-bd636470bc11,OTAuto02,b99df4a4-2bf5-4c08-9483-bd636470bc11,svc-otautotenant-qe+02@svc.onetrust.com
evidence-task-implementation-link,f1eb1e7c-1d23-4e41-9be4-233985a78d8b,,,,,,,OneTrust Automation,OneTrust Automation,2026-03-26T21:22:32.357+00:00,2026-03-26,2026,March,03,Quarter 1,2026-03-26T21:22:41.517+00:00,2026-03-26,2026,March,03,Quarter 1,Africa/Conakry,b99df4a4-2bf5-4c08-9483-bd636470bc11,OTAuto02,b99df4a4-2bf5-4c08-9483-bd636470bc11,svc-otautotenant-qe+02@svc.onetrust.com
evidence-task-implementation-link,f1eb1e7c-1d23-4e41-9be4-233985a78d8b,,,,,,,OneTrust Automation,OneTrust Automation,2026-03-27T04:22:32.357+00:00,2026-03-27,2026,March,03,Quarter 1,2026-03-27T04:22:41.517+00:00,2026-03-27,2026,March,03,Quarter 1,Asia/Pontianak,b99df4a4-2bf5-4c08-9483-bd636470bc11,OTAuto02,b99df4a4-2bf5-4c08-9483-bd636470bc11,svc-otautotenant-qe+02@svc.onetrust.com
evidence-task-implementation-link,f1eb1e7c-1d23-4e41-9be4-233985a78d8b,,,,,,,OneTrust Automation,OneTrust Automation,2026-03-26T23:22:32.357+00:00,2026-03-26,2026,March,03,Quarter 1,2026-03-26T23:22:41.517+00:00,2026-03-26,2026,March,03,Quarter 1,Africa/Lusaka,b99df4a4-2bf5-4c08-9483-bd636470bc11,OTAuto02,b99df4a4-2bf5-4c08-9483-bd636470bc11,svc-otautotenant-qe+02@svc.onetrust.com
evidence-task-implementation-link,f1eb1e7c-1d23-4e41-9be4-233985a78d8b,,,,,,,OneTrust Automation,OneTrust Automation,2026-03-26T17:22:32.357+00:00,2026-03-26,2026,March,03,Quarter 1,2026-03-26T17:22:41.517+00:00,2026-03-26,2026,March,03,Quarter 1,America/Antigua,b99df4a4-2bf5-4c08-9483-bd636470bc11,OTAuto02,b99df4a4-2bf5-4c08-9483-bd636470bc11,svc-otautotenant-qe+02@svc.onetrust.com
evidence-task-implementation-link,f1eb1e7c-1d23-4e41-9be4-233985a78d8b,,,,,,,OneTrust Automation,OneTrust Automation,2026-03-26T18:22:32.357+00:00,2026-03-26,2026,March,03,Quarter 1,2026-03-26T18:22:41.517+00:00,2026-03-26,2026,March,03,Quarter 1,America/Argentina/Ushuaia,b99df4a4-2bf5-4c08-9483-bd636470bc11,OTAuto02,b99df4a4-2bf5-4c08-9483-bd636470bc11,svc-otautotenant-qe+02@svc.onetrust.com
evidence-task-implementation-link,f1eb1e7c-1d23-4e41-9be4-233985a78d8b,,,,,,,OneTrust Automation,OneTrust Automation,2026-03-26T17:22:32.357+00:00,2026-03-26,2026,March,03,Quarter 1,2026-03-26T17:22:41.517+00:00,2026-03-26,2026,March,03,Quarter 1,America/Porto_Velho,b99df4a4-2bf5-4c08-9483-bd636470bc11,OTAuto02,b99df4a4-2bf5-4c08-9483-bd636470bc11,svc-otautotenant-qe+02@svc.onetrust.com
evidence-task-implementation-link,f1eb1e7c-1d23-4e41-9be4-233985a78d8b,,,,,,,OneTrust Automation,OneTrust Automation,2026-03-26T15:22:32.357+00:00,2026-03-26,2026,March,03,Quarter 1,2026-03-26T15:22:41.517+00:00,2026-03-26,2026,March,03,Quarter 1,America/El_Salvador,b99df4a4-2bf5-4c08-9483-bd636470bc11,OTAuto02,b99df4a4-2bf5-4c08-9483-bd636470bc11,svc-otautotenant-qe+02@svc.onetrust.com
evidence-task-implementation-link,f1eb1e7c-1d23-4e41-9be4-233985a78d8b,,,,,,,OneTrust Automation,OneTrust Automation,2026-03-27T08:22:32.357+00:00,2026-03-27,2026,March,03,Quarter 1,2026-03-27T08:22:41.517+00:00,2026-03-27,2026,March,03,Quarter 1,Australia/ACT,b99df4a4-2bf5-4c08-9483-bd636470bc11,OTAuto02,b99df4a4-2bf5-4c08-9483-bd636470bc11,svc-otautotenant-qe+02@svc.onetrust.com
evidence-task-implementation-link,f1eb1e7c-1d23-4e41-9be4-233985a78d8b,,,,,,,OneTrust Automation,OneTrust Automation,2026-03-26T17:22:32.357+00:00,2026-03-26,2026,March,03,Quarter 1,2026-03-26T17:22:41.517+00:00,2026-03-26,2026,March,03,Quarter 1,America/St_Kitts,b99df4a4-2bf5-4c08-9483-bd636470bc11,OTAuto02,b99df4a4-2bf5-4c08-9483-bd636470bc11,svc-otautotenant-qe+02@svc.onetrust.com
evidence-task-implementation-link,f1eb1e7c-1d23-4e41-9be4-233985a78d8b,,,,,,,OneTrust Automation,OneTrust Automation,2026-03-27T10:22:32.357+00:00,2026-03-27,2026,March,03,Quarter 1,2026-03-27T10:22:41.517+00:00,2026-03-27,2026,March,03,Quarter 1,Pacific/Fakaofo,b99df4a4-2bf5-4c08-9483-bd636470bc11,OTAuto02,b99df4a4-2bf5-4c08-9483-bd636470bc11,svc-otautotenant-qe+02@svc.onetrust.com
evidence-task-implementation-link,f1eb1e7c-1d23-4e41-9be4-233985a78d8b,,,,,,,OneTrust Automation,OneTrust Automation,2026-03-26T18:22:32.357+00:00,2026-03-26,2026,March,03,Quarter 1,2026-03-26T18:22:41.517+00:00,2026-03-26,2026,March,03,Quarter 1,America/Maceio,b99df4a4-2bf5-4c08-9483-bd636470bc11,OTAuto02,b99df4a4-2bf5-4c08-9483-bd636470bc11,svc-otautotenant-qe+02@svc.onetrust.com
evidence-task-implementation-link,f1eb1e7c-1d23-4e41-9be4-233985a78d8b,,,,,,,OneTrust Automation,OneTrust Automation,2026-03-27T06:22:32.357+00:00,2026-03-27,2026,March,03,Quarter 1,2026-03-27T06:22:41.517+00:00,2026-03-27,2026,March,03,Quarter 1,Pacific/Palau,b99df4a4-2bf5-4c08-9483-bd636470bc11,OTAuto02,b99df4a4-2bf5-4c08-9483-bd636470bc11,svc-otautotenant-qe+02@svc.onetrust.com
evidence-task-implementation-link,f1eb1e7c-1d23-4e41-9be4-233985a78d8b,,,,,,,OneTrust Automation,OneTrust Automation,2026-03-27T05:22:32.357+00:00,2026-03-27,2026,March,03,Quarter 1,2026-03-27T05:22:41.517+00:00,2026-03-27,2026,March,03,Quarter 1,Asia/Kuching,b99df4a4-2bf5-4c08-9483-bd636470bc11,OTAuto02,b99df4a4-2bf5-4c08-9483-bd636470bc11,svc-otautotenant-qe+02@svc.onetrust.com
evidence-task-implementation-link,f1eb1e7c-1d23-4e41-9be4-233985a78d8b,,,,,,,OneTrust Automation,OneTrust Automation,2026-03-26T18:22:32.357+00:00,2026-03-26,2026,March,03,Quarter 1,2026-03-26T18:22:41.517+00:00,2026-03-26,2026,March,03,Quarter 1,Canada/Atlantic,b99df4a4-2bf5-4c08-9483-bd636470bc11,OTAuto02,b99df4a4-2bf5-4c08-9483-bd636470bc11,svc-otautotenant-qe+02@svc.onetrust.com
evidence-task-implementation-link,f1eb1e7c-1d23-4e41-9be4-233985a78d8b,,,,,,,OneTrust Automation,OneTrust Automation,2026-03-26T15:22:32.357+00:00,2026-03-26,2026,March,03,Quarter 1,2026-03-26T15:22:41.517+00:00,2026-03-26,2026,March,03,Quarter 1,America/Monterrey,b99df4a4-2bf5-4c08-9483-bd636470bc11,OTAuto02,b99df4a4-2bf5-4c08-9483-bd636470bc11,svc-otautotenant-qe+02@svc.onetrust.com
evidence-task-implementation-link,f1eb1e7c-1d23-4e41-9be4-233985a78d8b,,,,,,,OneTrust Automation,OneTrust Automation,2026-03-27T06:22:32.357+00:00,2026-03-27,2026,March,03,Quarter 1,2026-03-27T06:22:41.517+00:00,2026-03-27,2026,March,03,Quarter 1,Etc/GMT-9,b99df4a4-2bf5-4c08-9483-bd636470bc11,OTAuto02,b99df4a4-2bf5-4c08-9483-bd636470bc11,svc-otautotenant-qe+02@svc.onetrust.com
evidence-task-implementation-link,f1eb1e7c-1d23-4e41-9be4-233985a78d8b,,,,,,,OneTrust Automation,OneTrust Automation,2026-03-26T21:22:32.357+00:00,2026-03-26,2026,March,03,Quarter 1,2026-03-26T21:22:41.517+00:00,2026-03-26,2026,March,03,Quarter 1,Portugal,b99df4a4-2bf5-4c08-9483-bd636470bc11,OTAuto02,b99df4a4-2bf5-4c08-9483-bd636470bc11,svc-otautotenant-qe+02@svc.onetrust.com
evidence-task-implementation-link,f1eb1e7c-1d23-4e41-9be4-233985a78d8b,,,,,,,OneTrust Automation,OneTrust Automation,2026-03-26T22:22:32.357+00:00,2026-03-26,2026,March,03,Quarter 1,2026-03-26T22:22:41.517+00:00,2026-03-26,2026,March,03,Quarter 1,Europe/Stockholm,b99df4a4-2bf5-4c08-9483-bd636470bc11,OTAuto02,b99df4a4-2bf5-4c08-9483-bd636470bc11,svc-otautotenant-qe+02@svc.onetrust.com
evidence-task-implementation-link,f1eb1e7c-1d23-4e41-9be4-233985a78d8b,,,,,,,OneTrust Automation,OneTrust Automation,2026-03-27T06:22:32.357+00:00,2026-03-27,2026,March,03,Quarter 1,2026-03-27T06:22:41.517+00:00,2026-03-27,2026,March,03,Quarter 1,Asia/Chita,b99df4a4-2bf5-4c08-9483-bd636470bc11,OTAuto02,b99df4a4-2bf5-4c08-9483-bd636470bc11,svc-otautotenant-qe+02@svc.onetrust.com
evidence-task-implementation-link,f1eb1e7c-1d23-4e41-9be4-233985a78d8b,,,,,,,OneTrust Automation,OneTrust Automation,2026-03-26T17:22:32.357+00:00,2026-03-26,2026,March,03,Quarter 1,2026-03-26T17:22:41.517+00:00,2026-03-26,2026,March,03,Quarter 1,America/Detroit,b99df4a4-2bf5-4c08-9483-bd636470bc11,OTAuto02,b99df4a4-2bf5-4c08-9483-bd636470bc11,svc-otautotenant-qe+02@svc.onetrust.com
evidence-task-implementation-link,f1eb1e7c-1d23-4e41-9be4-233985a78d8b,,,,,,,OneTrust Automation,OneTrust Automation,2026-03-26T17:22:32.357+00:00,2026-03-26,2026,March,03,Quarter 1,2026-03-26T17:22:41.517+00:00,2026-03-26,2026,March,03,Quarter 1,America/Aruba,b99df4a4-2bf5-4c08-9483-bd636470bc11,OTAuto02,b99df4a4-2bf5-4c08-9483-bd636470bc11,svc-otautotenant-qe+02@svc.onetrust.com
evidence-task-implementation-link,f1eb1e7c-1d23-4e41-9be4-233985a78d8b,,,,,,,OneTrust Automation,OneTrust Automation,2026-03-27T07:22:32.357+00:00,2026-03-27,2026,March,03,Quarter 1,2026-03-27T07:22:41.517+00:00,2026-03-27,2026,March,03,Quarter 1,Pacific/Chuuk,b99df4a4-2bf5-4c08-9483-bd636470bc11,OTAuto02,b99df4a4-2bf5-4c08-9483-bd636470bc11,svc-otautotenant-qe+02@svc.onetrust.com
evidence-task-implementation-link,f1eb1e7c-1d23-4e41-9be4-233985a78d8b,,,,,,,OneTrust Automation,OneTrust Automation,2026-03-26T17:22:32.357+00:00,2026-03-26,2026,March,03,Quarter 1,2026-03-26T17:22:41.517+00:00,2026-03-26,2026,March,03,Quarter 1,America/Barbados,b99df4a4-2bf5-4c08-9483-bd636470bc11,OTAuto02,b99df4a4-2bf5-4c08-9483-bd636470bc11,svc-otautotenant-qe+02@svc.onetrust.com
evidence-task-implementation-link,f1eb1e7c-1d23-4e41-9be4-233985a78d8b,,,,,,,OneTrust Automation,OneTrust Automation,2026-03-26T16:22:32.357+00:00,2026-03-26,2026,March,03,Quarter 1,2026-03-26T16:22:41.517+00:00,2026-03-26,2026,March,03,Quarter 1,America/Indiana/Tell_City,b99df4a4-2bf5-4c08-9483-bd636470bc11,OTAuto02,b99df4a4-2bf5-4c08-9483-bd636470bc11,svc-otautotenant-qe+02@svc.onetrust.com
evidence-task-implementation-link,f1eb1e7c-1d23-4e41-9be4-233985a78d8b,,,,,,,OneTrust Automation,OneTrust Automation,2026-03-27T07:52:32.357+00:00,2026-03-27,2026,March,03,Quarter 1,2026-03-27T07:52:41.517+00:00,2026-03-27,2026,March,03,Quarter 1,Australia/South,b99df4a4-2bf5-4c08-9483-bd636470bc11,OTAuto02,b99df4a4-2bf5-4c08-9483-bd636470bc11,svc-otautotenant-qe+02@svc.onetrust.com
evidence-task-implementation-link,f1eb1e7c-1d23-4e41-9be4-233985a78d8b,,,,,,,OneTrust Automation,OneTrust Automation,2026-03-27T10:22:32.357+00:00,2026-03-27,2026,March,03,Quarter 1,2026-03-27T10:22:41.517+00:00,2026-03-27,2026,March,03,Quarter 1,Pacific/Kanton,b99df4a4-2bf5-4c08-9483-bd636470bc11,OTAuto02,b99df4a4-2bf5-4c08-9483-bd636470bc11,svc-otautotenant-qe+02@svc.onetrust.com
evidence-task-implementation-link,f1eb1e7c-1d23-4e41-9be4-233985a78d8b,,,,,,,OneTrust Automation,OneTrust Automation,2026-03-27T07:52:32.357+00:00,2026-03-27,2026,March,03,Quarter 1,2026-03-27T07:52:41.517+00:00,2026-03-27,2026,March,03,Quarter 1,Australia/Yancowinna,b99df4a4-2bf5-4c08-9483-bd636470bc11,OTAuto02,b99df4a4-2bf5-4c08-9483-bd636470bc11,svc-otautotenant-qe+02@svc.onetrust.com
evidence-task-implementation-link,f1eb1e7c-1d23-4e41-9be4-233985a78d8b,,,,,,,OneTrust Automation,OneTrust Automation,2026-03-26T14:22:32.357+00:00,2026-03-26,2026,March,03,Quarter 1,2026-03-26T14:22:41.517+00:00,2026-03-26,2026,March,03,Quarter 1,America/Whitehorse,b99df4a4-2bf5-4c08-9483-bd636470bc11,OTAuto02,b99df4a4-2bf5-4c08-9483-bd636470bc11,svc-otautotenant-qe+02@svc.onetrust.com
evidence-task-implementation-link,f1eb1e7c-1d23-4e41-9be4-233985a78d8b,,,,,,,OneTrust Automation,OneTrust Automation,2026-03-26T14:22:32.357+00:00,2026-03-26,2026,March,03,Quarter 1,2026-03-26T14:22:41.517+00:00,2026-03-26,2026,March,03,Quarter 1,America/Vancouver,b99df4a4-2bf5-4c08-9483-bd636470bc11,OTAuto02,b99df4a4-2bf5-4c08-9483-bd636470bc11,svc-otautotenant-qe+02@svc.onetrust.com
evidence-task-implementation-link,f1eb1e7c-1d23-4e41-9be4-233985a78d8b,,,,,,,OneTrust Automation,OneTrust Automation,2026-03-27T00:22:32.357+00:00,2026-03-27,2026,March,03,Quarter 1,2026-03-27T00:22:41.517+00:00,2026-03-27,2026,March,03,Quarter 1,Europe/Istanbul,b99df4a4-2bf5-4c08-9483-bd636470bc11,OTAuto02,b99df4a4-2bf5-4c08-9483-bd636470bc11,svc-otautotenant-qe+02@svc.onetrust.com
evidence-task-implementation-link,f1eb1e7c-1d23-4e41-9be4-233985a78d8b,,,,,,,OneTrust Automation,OneTrust Automation,2026-03-26T23:22:32.357+00:00,2026-03-26,2026,March,03,Quarter 1,2026-03-26T23:22:41.517+00:00,2026-03-26,2026,March,03,Quarter 1,Europe/Tallinn,b99df4a4-2bf5-4c08-9483-bd636470bc11,OTAuto02,b99df4a4-2bf5-4c08-9483-bd636470bc11,svc-otautotenant-qe+02@svc.onetrust.com
evidence-task-implementation-link,f1eb1e7c-1d23-4e41-9be4-233985a78d8b,,,,,,,OneTrust Automation,OneTrust Automation,2026-03-26T14:22:32.357+00:00,2026-03-26,2026,March,03,Quarter 1,2026-03-26T14:22:41.517+00:00,2026-03-26,2026,March,03,Quarter 1,Etc/GMT+7,b99df4a4-2bf5-4c08-9483-bd636470bc11,OTAuto02,b99df4a4-2bf5-4c08-9483-bd636470bc11,svc-otautotenant-qe+02@svc.onetrust.com
evidence-task-implementation-link,f1eb1e7c-1d23-4e41-9be4-233985a78d8b,,,,,,,OneTrust Automation,OneTrust Automation,2026-03-26T21:22:32.357+00:00,2026-03-26,2026,March,03,Quarter 1,2026-03-26T21:22:41.517+00:00,2026-03-26,2026,March,03,Quarter 1,Africa/Timbuktu,b99df4a4-2bf5-4c08-9483-bd636470bc11,OTAuto02,b99df4a4-2bf5-4c08-9483-bd636470bc11,svc-otautotenant-qe+02@svc.onetrust.com
evidence-task-implementation-link,f1eb1e7c-1d23-4e41-9be4-233985a78d8b,,,,,,,OneTrust Automation,OneTrust Automation,2026-03-27T07:22:32.357+00:00,2026-03-27,2026,March,03,Quarter 1,2026-03-27T07:22:41.517+00:00,2026-03-27,2026,March,03,Quarter 1,Pacific/Yap,b99df4a4-2bf5-4c08-9483-bd636470bc11,OTAuto02,b99df4a4-2bf5-4c08-9483-bd636470bc11,svc-otautotenant-qe+02@svc.onetrust.com
evidence-task-implementation-link,f1eb1e7c-1d23-4e41-9be4-233985a78d8b,,,,,,,OneTrust Automation,OneTrust Automation,2026-03-26T18:22:32.357+00:00,2026-03-26,2026,March,03,Quarter 1,2026-03-26T18:22:41.517+00:00,2026-03-26,2026,March,03,Quarter 1,America/Rosario,b99df4a4-2bf5-4c08-9483-bd636470bc11,OTAuto02,b99df4a4-2bf5-4c08-9483-bd636470bc11,svc-otautotenant-qe+02@svc.onetrust.com
evidence-task-implementation-link,f1eb1e7c-1d23-4e41-9be4-233985a78d8b,,,,,,,OneTrust Automation,OneTrust Automation,2026-03-26T17:22:32.357+00:00,2026-03-26,2026,March,03,Quarter 1,2026-03-26T17:22:41.517+00:00,2026-03-26,2026,March,03,Quarter 1,America/Caracas,b99df4a4-2bf5-4c08-9483-bd636470bc11,OTAuto02,b99df4a4-2bf5-4c08-9483-bd636470bc11,svc-otautotenant-qe+02@svc.onetrust.com
evidence-task-implementation-link,f1eb1e7c-1d23-4e41-9be4-233985a78d8b,,,,,,,OneTrust Automation,OneTrust Automation,2026-03-27T03:22:32.357+00:00,2026-03-27,2026,March,03,Quarter 1,2026-03-27T03:22:41.517+00:00,2026-03-27,2026,March,03,Quarter 1,Indian/Chagos,b99df4a4-2bf5-4c08-9483-bd636470bc11,OTAuto02,b99df4a4-2bf5-4c08-9483-bd636470bc11,svc-otautotenant-qe+02@svc.onetrust.com
evidence-task-implementation-link,f1eb1e7c-1d23-4e41-9be4-233985a78d8b,,,,,,,OneTrust Automation,OneTrust Automation,2026-03-26T16:22:32.357+00:00,2026-03-26,2026,March,03,Quarter 1,2026-03-26T16:22:41.517+00:00,2026-03-26,2026,March,03,Quarter 1,Brazil/Acre,b99df4a4-2bf5-4c08-9483-bd636470bc11,OTAuto02,b99df4a4-2bf5-4c08-9483-bd636470bc11,svc-otautotenant-qe+02@svc.onetrust.com
evidence-task-implementation-link,f1eb1e7c-1d23-4e41-9be4-233985a78d8b,,,,,,,OneTrust Automation,OneTrust Automation,2026-03-26T21:22:32.357+00:00,2026-03-26,2026,March,03,Quarter 1,2026-03-26T21:22:41.517+00:00,2026-03-26,2026,March,03,Quarter 1,Africa/Bamako,b99df4a4-2bf5-4c08-9483-bd636470bc11,OTAuto02,b99df4a4-2bf5-4c08-9483-bd636470bc11,svc-otautotenant-qe+02@svc.onetrust.com
evidence-task-implementation-link,f1eb1e7c-1d23-4e41-9be4-233985a78d8b,,,,,,,OneTrust Automation,OneTrust Automation,2026-03-26T22:22:32.357+00:00,2026-03-26,2026,March,03,Quarter 1,2026-03-26T22:22:41.517+00:00,2026-03-26,2026,March,03,Quarter 1,Europe/Copenhagen,b99df4a4-2bf5-4c08-9483-bd636470bc11,OTAuto02,b99df4a4-2bf5-4c08-9483-bd636470bc11,svc-otautotenant-qe+02@svc.onetrust.com
evidence-task-implementation-link,f1eb1e7c-1d23-4e41-9be4-233985a78d8b,,,,,,,OneTrust Automation,OneTrust Automation,2026-03-26T17:22:32.357+00:00,2026-03-26,2026,March,03,Quarter 1,2026-03-26T17:22:41.517+00:00,2026-03-26,2026,March,03,Quarter 1,America/New_York,b99df4a4-2bf5-4c08-9483-bd636470bc11,OTAuto02,b99df4a4-2bf5-4c08-9483-bd636470bc11,svc-otautotenant-qe+02@svc.onetrust.com
evidence-task-implementation-link,f1eb1e7c-1d23-4e41-9be4-233985a78d8b,,,,,,,OneTrust Automation,OneTrust Automation,2026-03-26T22:22:32.357+00:00,2026-03-26,2026,March,03,Quarter 1,2026-03-26T22:22:41.517+00:00,2026-03-26,2026,March,03,Quarter 1,Europe/Zagreb,b99df4a4-2bf5-4c08-9483-bd636470bc11,OTAuto02,b99df4a4-2bf5-4c08-9483-bd636470bc11,svc-otautotenant-qe+02@svc.onetrust.com
evidence-task-implementation-link,f1eb1e7c-1d23-4e41-9be4-233985a78d8b,,,,,,,OneTrust Automation,OneTrust Automation,2026-03-27T10:22:32.357+00:00,2026-03-27,2026,March,03,Quarter 1,2026-03-27T10:22:41.517+00:00,2026-03-27,2026,March,03,Quarter 1,Pacific/Enderbury,b99df4a4-2bf5-4c08-9483-bd636470bc11,OTAuto02,b99df4a4-2bf5-4c08-9483-bd636470bc11,svc-otautotenant-qe+02@svc.onetrust.com
evidence-task-implementation-link,f1eb1e7c-1d23-4e41-9be4-233985a78d8b,,,,,,,OneTrust Automation,OneTrust Automation,2026-03-26T14:22:32.357+00:00,2026-03-26,2026,March,03,Quarter 1,2026-03-26T14:22:41.517+00:00,2026-03-26,2026,March,03,Quarter 1,Canada/Yukon,b99df4a4-2bf5-4c08-9483-bd636470bc11,OTAuto02,b99df4a4-2bf5-4c08-9483-bd636470bc11,svc-otautotenant-qe+02@svc.onetrust.com
evidence-task-implementation-link,f1eb1e7c-1d23-4e41-9be4-233985a78d8b,,,,,,,OneTrust Automation,OneTrust Automation,2026-03-26T23:22:32.357+00:00,2026-03-26,2026,March,03,Quarter 1,2026-03-26T23:22:41.517+00:00,2026-03-26,2026,March,03,Quarter 1,Europe/Bucharest,b99df4a4-2bf5-4c08-9483-bd636470bc11,OTAuto02,b99df4a4-2bf5-4c08-9483-bd636470bc11,svc-otautotenant-qe+02@svc.onetrust.com
evidence-task-implementation-link,f1eb1e7c-1d23-4e41-9be4-233985a78d8b,,,,,,,OneTrust Automation,OneTrust Automation,2026-03-26T21:22:32.357+00:00,2026-03-26,2026,March,03,Quarter 1,2026-03-26T21:22:41.517+00:00,2026-03-26,2026,March,03,Quarter 1,Etc/Zulu,b99df4a4-2bf5-4c08-9483-bd636470bc11,OTAuto02,b99df4a4-2bf5-4c08-9483-bd636470bc11,svc-otautotenant-qe+02@svc.onetrust.com
evidence-task-implementation-link,f1eb1e7c-1d23-4e41-9be4-233985a78d8b,,,,,,,OneTrust Automation,OneTrust Automation,2026-03-26T23:22:32.357+00:00,2026-03-26,2026,March,03,Quarter 1,2026-03-26T23:22:41.517+00:00,2026-03-26,2026,March,03,Quarter 1,Africa/Juba,b99df4a4-2bf5-4c08-9483-bd636470bc11,OTAuto02,b99df4a4-2bf5-4c08-9483-bd636470bc11,svc-otautotenant-qe+02@svc.onetrust.com
evidence-task-implementation-link,f1eb1e7c-1d23-4e41-9be4-233985a78d8b,,,,,,,OneTrust Automation,OneTrust Automation,2026-03-26T18:22:32.357+00:00,2026-03-26,2026,March,03,Quarter 1,2026-03-26T18:22:41.517+00:00,2026-03-26,2026,March,03,Quarter 1,Etc/GMT+3,b99df4a4-2bf5-4c08-9483-bd636470bc11,OTAuto02,b99df4a4-2bf5-4c08-9483-bd636470bc11,svc-otautotenant-qe+02@svc.onetrust.com
evidence-task-implementation-link,f1eb1e7c-1d23-4e41-9be4-233985a78d8b,,,,,,,OneTrust Automation,OneTrust Automation,2026-03-26T15:22:32.357+00:00,2026-03-26,2026,March,03,Quarter 1,2026-03-26T15:22:41.517+00:00,2026-03-26,2026,March,03,Quarter 1,US/Mountain,b99df4a4-2bf5-4c08-9483-bd636470bc11,OTAuto02,b99df4a4-2bf5-4c08-9483-bd636470bc11,svc-otautotenant-qe+02@svc.onetrust.com
evidence-task-implementation-link,f1eb1e7c-1d23-4e41-9be4-233985a78d8b,,,,,,,OneTrust Automation,OneTrust Automation,2026-03-26T23:22:32.357+00:00,2026-03-26,2026,March,03,Quarter 1,2026-03-26T23:22:41.517+00:00,2026-03-26,2026,March,03,Quarter 1,Europe/Uzhgorod,b99df4a4-2bf5-4c08-9483-bd636470bc11,OTAuto02,b99df4a4-2bf5-4c08-9483-bd636470bc11,svc-otautotenant-qe+02@svc.onetrust.com
evidence-task-implementation-link,f1eb1e7c-1d23-4e41-9be4-233985a78d8b,,,,,,,OneTrust Automation,OneTrust Automation,2026-03-26T21:22:32.357+00:00,2026-03-26,2026,March,03,Quarter 1,2026-03-26T21:22:41.517+00:00,2026-03-26,2026,March,03,Quarter 1,Zulu,b99df4a4-2bf5-4c08-9483-bd636470bc11,OTAuto02,b99df4a4-2bf5-4c08-9483-bd636470bc11,svc-otautotenant-qe+02@svc.onetrust.com
evidence-task-implementation-link,f1eb1e7c-1d23-4e41-9be4-233985a78d8b,,,,,,,OneTrust Automation,OneTrust Automation,2026-03-26T16:22:32.357+00:00,2026-03-26,2026,March,03,Quarter 1,2026-03-26T16:22:41.517+00:00,2026-03-26,2026,March,03,Quarter 1,America/Eirunepe,b99df4a4-2bf5-4c08-9483-bd636470bc11,OTAuto02,b99df4a4-2bf5-4c08-9483-bd636470bc11,svc-otautotenant-qe+02@svc.onetrust.com
evidence-task-implementation-link,f1eb1e7c-1d23-4e41-9be4-233985a78d8b,,,,,,,OneTrust Automation,OneTrust Automation,2026-03-26T17:22:32.357+00:00,2026-03-26,2026,March,03,Quarter 1,2026-03-26T17:22:41.517+00:00,2026-03-26,2026,March,03,Quarter 1,America/Marigot,b99df4a4-2bf5-4c08-9483-bd636470bc11,OTAuto02,b99df4a4-2bf5-4c08-9483-bd636470bc11,svc-otautotenant-qe+02@svc.onetrust.com
evidence-task-implementation-link,f1eb1e7c-1d23-4e41-9be4-233985a78d8b,,,,,,,OneTrust Automation,OneTrust Automation,2026-03-26T21:22:32.357+00:00,2026-03-26,2026,March,03,Quarter 1,2026-03-26T21:22:41.517+00:00,2026-03-26,2026,March,03,Quarter 1,Europe/Dublin,b99df4a4-2bf5-4c08-9483-bd636470bc11,OTAuto02,b99df4a4-2bf5-4c08-9483-bd636470bc11,svc-otautotenant-qe+02@svc.onetrust.com
evidence-task-implementation-link,f1eb1e7c-1d23-4e41-9be4-233985a78d8b,,,,,,,OneTrust Automation,OneTrust Automation,2026-03-26T21:22:32.357+00:00,2026-03-26,2026,March,03,Quarter 1,2026-03-26T21:22:41.517+00:00,2026-03-26,2026,March,03,Quarter 1,Europe/Guernsey,b99df4a4-2bf5-4c08-9483-bd636470bc11,OTAuto02,b99df4a4-2bf5-4c08-9483-bd636470bc11,svc-otautotenant-qe+02@svc.onetrust.com
evidence-task-implementation-link,f1eb1e7c-1d23-4e41-9be4-233985a78d8b,,,,,,,OneTrust Automation,OneTrust Automation,2026-03-27T00:22:32.357+00:00,2026-03-27,2026,March,03,Quarter 1,2026-03-27T00:22:41.517+00:00,2026-03-27,2026,March,03,Quarter 1,Africa/Dar_es_Salaam,b99df4a4-2bf5-4c08-9483-bd636470bc11,OTAuto02,b99df4a4-2bf5-4c08-9483-bd636470bc11,svc-otautotenant-qe+02@svc.onetrust.com
evidence-task-implementation-link,f1eb1e7c-1d23-4e41-9be4-233985a78d8b,,,,,,,OneTrust Automation,OneTrust Automation,2026-03-26T15:22:32.357+00:00,2026-03-26,2026,March,03,Quarter 1,2026-03-26T15:22:41.517+00:00,2026-03-26,2026,March,03,Quarter 1,Etc/GMT+6,b99df4a4-2bf5-4c08-9483-bd636470bc11,OTAuto02,b99df4a4-2bf5-4c08-9483-bd636470bc11,svc-otautotenant-qe+02@svc.onetrust.com
evidence-task-implementation-link,f1eb1e7c-1d23-4e41-9be4-233985a78d8b,,,,,,,OneTrust Automation,OneTrust Automation,2026-03-26T21:22:32.357+00:00,2026-03-26,2026,March,03,Quarter 1,2026-03-26T21:22:41.517+00:00,2026-03-26,2026,March,03,Quarter 1,America/Danmarkshavn,b99df4a4-2bf5-4c08-9483-bd636470bc11,OTAuto02,b99df4a4-2bf5-4c08-9483-bd636470bc11,svc-otautotenant-qe+02@svc.onetrust.com
evidence-task-implementation-link,f1eb1e7c-1d23-4e41-9be4-233985a78d8b,,,,,,,OneTrust Automation,OneTrust Automation,2026-03-26T18:22:32.357+00:00,2026-03-26,2026,March,03,Quarter 1,2026-03-26T18:22:41.517+00:00,2026-03-26,2026,March,03,Quarter 1,America/Buenos_Aires,b99df4a4-2bf5-4c08-9483-bd636470bc11,OTAuto02,b99df4a4-2bf5-4c08-9483-bd636470bc11,svc-otautotenant-qe+02@svc.onetrust.com
evidence-task-implementation-link,f1eb1e7c-1d23-4e41-9be4-233985a78d8b,,,,,,,OneTrust Automation,OneTrust Automation,2026-03-27T08:22:32.357+00:00,2026-03-27,2026,March,03,Quarter 1,2026-03-27T08:22:41.517+00:00,2026-03-27,2026,March,03,Quarter 1,Australia/Victoria,b99df4a4-2bf5-4c08-9483-bd636470bc11,OTAuto02,b99df4a4-2bf5-4c08-9483-bd636470bc11,svc-otautotenant-qe+02@svc.onetrust.com
evidence-task-implementation-link,f1eb1e7c-1d23-4e41-9be4-233985a78d8b,,,,,,,OneTrust Automation,OneTrust Automation,2026-03-26T19:22:32.357+00:00,2026-03-26,2026,March,03,Quarter 1,2026-03-26T19:22:41.517+00:00,2026-03-26,2026,March,03,Quarter 1,Etc/GMT+2,b99df4a4-2bf5-4c08-9483-bd636470bc11,OTAuto02,b99df4a4-2bf5-4c08-9483-bd636470bc11,svc-otautotenant-qe+02@svc.onetrust.com
evidence-task-implementation-link,f1eb1e7c-1d23-4e41-9be4-233985a78d8b,,,,,,,OneTrust Automation,OneTrust Automation,2026-03-26T15:22:32.357+00:00,2026-03-26,2026,March,03,Quarter 1,2026-03-26T15:22:41.517+00:00,2026-03-26,2026,March,03,Quarter 1,America/Belize,b99df4a4-2bf5-4c08-9483-bd636470bc11,OTAuto02,b99df4a4-2bf5-4c08-9483-bd636470bc11,svc-otautotenant-qe+02@svc.onetrust.com
evidence-task-implementation-link,f1eb1e7c-1d23-4e41-9be4-233985a78d8b,,,,,,,OneTrust Automation,OneTrust Automation,2026-03-26T18:22:32.357+00:00,2026-03-26,2026,March,03,Quarter 1,2026-03-26T18:22:41.517+00:00,2026-03-26,2026,March,03,Quarter 1,America/Fortaleza,b99df4a4-2bf5-4c08-9483-bd636470bc11,OTAuto02,b99df4a4-2bf5-4c08-9483-bd636470bc11,svc-otautotenant-qe+02@svc.onetrust.com
evidence-task-implementation-link,f1eb1e7c-1d23-4e41-9be4-233985a78d8b,,,,,,,OneTrust Automation,OneTrust Automation,2026-03-26T19:22:32.357+00:00,2026-03-26,2026,March,03,Quarter 1,2026-03-26T19:22:41.517+00:00,2026-03-26,2026,March,03,Quarter 1,Brazil/DeNoronha,b99df4a4-2bf5-4c08-9483-bd636470bc11,OTAuto02,b99df4a4-2bf5-4c08-9483-bd636470bc11,svc-otautotenant-qe+02@svc.onetrust.com
evidence-task-implementation-link,f1eb1e7c-1d23-4e41-9be4-233985a78d8b,,,,,,,OneTrust Automation,OneTrust Automation,2026-03-27T00:22:32.357+00:00,2026-03-27,2026,March,03,Quarter 1,2026-03-27T00:22:41.517+00:00,2026-03-27,2026,March,03,Quarter 1,Asia/Kuwait,b99df4a4-2bf5-4c08-9483-bd636470bc11,OTAuto02,b99df4a4-2bf5-4c08-9483-bd636470bc11,svc-otautotenant-qe+02@svc.onetrust.com
evidence-task-implementation-link,f1eb1e7c-1d23-4e41-9be4-233985a78d8b,,,,,,,OneTrust Automation,OneTrust Automation,2026-03-27T08:22:32.357+00:00,2026-03-27,2026,March,03,Quarter 1,2026-03-27T08:22:41.517+00:00,2026-03-27,2026,March,03,Quarter 1,Asia/Magadan,b99df4a4-2bf5-4c08-9483-bd636470bc11,OTAuto02,b99df4a4-2bf5-4c08-9483-bd636470bc11,svc-otautotenant-qe+02@svc.onetrust.com
evidence-task-implementation-link,f1eb1e7c-1d23-4e41-9be4-233985a78d8b,,,,,,,OneTrust Automation,OneTrust Automation,2026-03-26T21:22:32.357+00:00,2026-03-26,2026,March,03,Quarter 1,2026-03-26T21:22:41.517+00:00,2026-03-26,2026,March,03,Quarter 1,Africa/Dakar,b99df4a4-2bf5-4c08-9483-bd636470bc11,OTAuto02,b99df4a4-2bf5-4c08-9483-bd636470bc11,svc-otautotenant-qe+02@svc.onetrust.com
evidence-task-implementation-link,f1eb1e7c-1d23-4e41-9be4-233985a78d8b,,,,,,,OneTrust Automation,OneTrust Automation,2026-03-26T16:22:32.357+00:00,2026-03-26,2026,March,03,Quarter 1,2026-03-26T16:22:41.517+00:00,2026-03-26,2026,March,03,Quarter 1,America/Cancun,b99df4a4-2bf5-4c08-9483-bd636470bc11,OTAuto02,b99df4a4-2bf5-4c08-9483-bd636470bc11,svc-otautotenant-qe+02@svc.onetrust.com
evidence-task-implementation-link,f1eb1e7c-1d23-4e41-9be4-233985a78d8b,,,,,,,OneTrust Automation,OneTrust Automation,2026-03-27T04:22:32.357+00:00,2026-03-27,2026,March,03,Quarter 1,2026-03-27T04:22:41.517+00:00,2026-03-27,2026,March,03,Quarter 1,Asia/Krasnoyarsk,b99df4a4-2bf5-4c08-9483-bd636470bc11,OTAuto02,b99df4a4-2bf5-4c08-9483-bd636470bc11,svc-otautotenant-qe+02@svc.onetrust.com
evidence-task-implementation-link,f1eb1e7c-1d23-4e41-9be4-233985a78d8b,,,,,,,OneTrust Automation,OneTrust Automation,2026-03-26T09:22:32.357+00:00,2026-03-26,2026,March,03,Quarter 1,2026-03-26T09:22:41.517+00:00,2026-03-26,2026,March,03,Quarter 1,Etc/GMT+12,b99df4a4-2bf5-4c08-9483-bd636470bc11,OTAuto02,b99df4a4-2bf5-4c08-9483-bd636470bc11,svc-otautotenant-qe+02@svc.onetrust.com
evidence-task-implementation-link,f1eb1e7c-1d23-4e41-9be4-233985a78d8b,,,,,,,OneTrust Automation,OneTrust Automation,2026-03-27T07:22:32.357+00:00,2026-03-27,2026,March,03,Quarter 1,2026-03-27T07:22:41.517+00:00,2026-03-27,2026,March,03,Quarter 1,Pacific/Guam,b99df4a4-2bf5-4c08-9483-bd636470bc11,OTAuto02,b99df4a4-2bf5-4c08-9483-bd636470bc11,svc-otautotenant-qe+02@svc.onetrust.com
evidence-task-implementation-link,f1eb1e7c-1d23-4e41-9be4-233985a78d8b,,,,,,,OneTrust Automation,OneTrust Automation,2026-03-27T00:22:32.357+00:00,2026-03-27,2026,March,03,Quarter 1,2026-03-27T00:22:41.517+00:00,2026-03-27,2026,March,03,Quarter 1,Etc/GMT-3,b99df4a4-2bf5-4c08-9483-bd636470bc11,OTAuto02,b99df4a4-2bf5-4c08-9483-bd636470bc11,svc-otautotenant-qe+02@svc.onetrust.com
evidence-task-implementation-link,f1eb1e7c-1d23-4e41-9be4-233985a78d8b,,,,,,,OneTrust Automation,OneTrust Automation,2026-03-26T23:22:32.357+00:00,2026-03-26,2026,March,03,Quarter 1,2026-03-26T23:22:41.517+00:00,2026-03-26,2026,March,03,Quarter 1,Libya,b99df4a4-2bf5-4c08-9483-bd636470bc11,OTAuto02,b99df4a4-2bf5-4c08-9483-bd636470bc11,svc-otautotenant-qe+02@svc.onetrust.com
evidence-task-implementation-link,f1eb1e7c-1d23-4e41-9be4-233985a78d8b,,,,,,,OneTrust Automation,OneTrust Automation,2026-03-27T00:22:32.357+00:00,2026-03-27,2026,March,03,Quarter 1,2026-03-27T00:22:41.517+00:00,2026-03-27,2026,March,03,Quarter 1,Asia/Qatar,b99df4a4-2bf5-4c08-9483-bd636470bc11,OTAuto02,b99df4a4-2bf5-4c08-9483-bd636470bc11,svc-otautotenant-qe+02@svc.onetrust.com
evidence-task-implementation-link,f1eb1e7c-1d23-4e41-9be4-233985a78d8b,,,,,,,OneTrust Automation,OneTrust Automation,2026-03-26T17:22:32.357+00:00,2026-03-26,2026,March,03,Quarter 1,2026-03-26T17:22:41.517+00:00,2026-03-26,2026,March,03,Quarter 1,US/East-Indiana,b99df4a4-2bf5-4c08-9483-bd636470bc11,OTAuto02,b99df4a4-2bf5-4c08-9483-bd636470bc11,svc-otautotenant-qe+02@svc.onetrust.com
evidence-task-implementation-link,f1eb1e7c-1d23-4e41-9be4-233985a78d8b,,,,,,,OneTrust Automation,OneTrust Automation,2026-03-27T02:22:32.357+00:00,2026-03-27,2026,March,03,Quarter 1,2026-03-27T02:22:41.517+00:00,2026-03-27,2026,March,03,Quarter 1,Asia/Ashkhabad,b99df4a4-2bf5-4c08-9483-bd636470bc11,OTAuto02,b99df4a4-2bf5-4c08-9483-bd636470bc11,svc-otautotenant-qe+02@svc.onetrust.com
evidence-task-implementation-link,f1eb1e7c-1d23-4e41-9be4-233985a78d8b,,,,,,,OneTrust Automation,OneTrust Automation,2026-03-26T15:22:32.357+00:00,2026-03-26,2026,March,03,Quarter 1,2026-03-26T15:22:41.517+00:00,2026-03-26,2026,March,03,Quarter 1,America/Denver,b99df4a4-2bf5-4c08-9483-bd636470bc11,OTAuto02,b99df4a4-2bf5-4c08-9483-bd636470bc11,svc-otautotenant-qe+02@svc.onetrust.com
evidence-task-implementation-link,f1eb1e7c-1d23-4e41-9be4-233985a78d8b,,,,,,,OneTrust Automation,OneTrust Automation,2026-03-26T21:22:32.357+00:00,2026-03-26,2026,March,03,Quarter 1,2026-03-26T21:22:41.517+00:00,2026-03-26,2026,March,03,Quarter 1,Etc/GMT0,b99df4a4-2bf5-4c08-9483-bd636470bc11,OTAuto02,b99df4a4-2bf5-4c08-9483-bd636470bc11,svc-otautotenant-qe+02@svc.onetrust.com
evidence-task-implementation-link,f1eb1e7c-1d23-4e41-9be4-233985a78d8b,,,,,,,OneTrust Automation,OneTrust Automation,2026-03-26T18:22:32.357+00:00,2026-03-26,2026,March,03,Quarter 1,2026-03-26T18:22:41.517+00:00,2026-03-26,2026,March,03,Quarter 1,Brazil/East,b99df4a4-2bf5-4c08-9483-bd636470bc11,OTAuto02,b99df4a4-2bf5-4c08-9483-bd636470bc11,svc-otautotenant-qe+02@svc.onetrust.com
evidence-task-implementation-link,f1eb1e7c-1d23-4e41-9be4-233985a78d8b,,,,,,,OneTrust Automation,OneTrust Automation,2026-03-27T00:22:32.357+00:00,2026-03-27,2026,March,03,Quarter 1,2026-03-27T00:22:41.517+00:00,2026-03-27,2026,March,03,Quarter 1,Africa/Mogadishu,b99df4a4-2bf5-4c08-9483-bd636470bc11,OTAuto02,b99df4a4-2bf5-4c08-9483-bd636470bc11,svc-otautotenant-qe+02@svc.onetrust.com
evidence-task-implementation-link,f1eb1e7c-1d23-4e41-9be4-233985a78d8b,,,,,,,OneTrust Automation,OneTrust Automation,2026-03-26T22:22:32.357+00:00,2026-03-26,2026,March,03,Quarter 1,2026-03-26T22:22:41.517+00:00,2026-03-26,2026,March,03,Quarter 1,Europe/Oslo,b99df4a4-2bf5-4c08-9483-bd636470bc11,OTAuto02,b99df4a4-2bf5-4c08-9483-bd636470bc11,svc-otautotenant-qe+02@svc.onetrust.com
evidence-task-implementation-link,f1eb1e7c-1d23-4e41-9be4-233985a78d8b,,,,,,,OneTrust Automation,OneTrust Automation,2026-03-27T02:22:32.357+00:00,2026-03-27,2026,March,03,Quarter 1,2026-03-27T02:22:41.517+00:00,2026-03-27,2026,March,03,Quarter 1,Antarctica/Mawson,b99df4a4-2bf5-4c08-9483-bd636470bc11,OTAuto02,b99df4a4-2bf5-4c08-9483-bd636470bc11,svc-otautotenant-qe+02@svc.onetrust.com
evidence-task-implementation-link,f1eb1e7c-1d23-4e41-9be4-233985a78d8b,,,,,,,OneTrust Automation,OneTrust Automation,2026-03-26T21:22:32.357+00:00,2026-03-26,2026,March,03,Quarter 1,2026-03-26T21:22:41.517+00:00,2026-03-26,2026,March,03,Quarter 1,Africa/Abidjan,b99df4a4-2bf5-4c08-9483-bd636470bc11,OTAuto02,b99df4a4-2bf5-4c08-9483-bd636470bc11,svc-otautotenant-qe+02@svc.onetrust.com
evidence-task-implementation-link,f1eb1e7c-1d23-4e41-9be4-233985a78d8b,,,,,,,OneTrust Automation,OneTrust Automation,2026-03-27T05:22:32.357+00:00,2026-03-27,2026,March,03,Quarter 1,2026-03-27T05:22:41.517+00:00,2026-03-27,2026,March,03,Quarter 1,Singapore,b99df4a4-2bf5-4c08-9483-bd636470bc11,OTAuto02,b99df4a4-2bf5-4c08-9483-bd636470bc11,svc-otautotenant-qe+02@svc.onetrust.com
evidence-task-implementation-link,f1eb1e7c-1d23-4e41-9be4-233985a78d8b,,,,,,,OneTrust Automation,OneTrust Automation,2026-03-26T21:22:32.357+00:00,2026-03-26,2026,March,03,Quarter 1,2026-03-26T21:22:41.517+00:00,2026-03-26,2026,March,03,Quarter 1,Europe/Lisbon,b99df4a4-2bf5-4c08-9483-bd636470bc11,OTAuto02,b99df4a4-2bf5-4c08-9483-bd636470bc11,svc-otautotenant-qe+02@svc.onetrust.com
evidence-task-implementation-link,f1eb1e7c-1d23-4e41-9be4-233985a78d8b,,,,,,,OneTrust Automation,OneTrust Automation,2026-03-26T21:22:32.357+00:00,2026-03-26,2026,March,03,Quarter 1,2026-03-26T21:22:41.517+00:00,2026-03-26,2026,March,03,Quarter 1,Etc/Greenwich,b99df4a4-2bf5-4c08-9483-bd636470bc11,OTAuto02,b99df4a4-2bf5-4c08-9483-bd636470bc11,svc-otautotenant-qe+02@svc.onetrust.com
evidence-task-implementation-link,f1eb1e7c-1d23-4e41-9be4-233985a78d8b,,,,,,,OneTrust Automation,OneTrust Automation,2026-03-26T23:22:32.357+00:00,2026-03-26,2026,March,03,Quarter 1,2026-03-26T23:22:41.517+00:00,2026-03-26,2026,March,03,Quarter 1,Africa/Gaborone,b99df4a4-2bf5-4c08-9483-bd636470bc11,OTAuto02,b99df4a4-2bf5-4c08-9483-bd636470bc11,svc-otautotenant-qe+02@svc.onetrust.com
evidence-task-implementation-link,f1eb1e7c-1d23-4e41-9be4-233985a78d8b,,,,,,,OneTrust Automation,OneTrust Automation,2026-03-26T21:22:32.357+00:00,2026-03-26,2026,March,03,Quarter 1,2026-03-26T21:22:41.517+00:00,2026-03-26,2026,March,03,Quarter 1,GB,b99df4a4-2bf5-4c08-9483-bd636470bc11,OTAuto02,b99df4a4-2bf5-4c08-9483-bd636470bc11,svc-otautotenant-qe+02@svc.onetrust.com
evidence-task-implementation-link,f1eb1e7c-1d23-4e41-9be4-233985a78d8b,,,,,,,OneTrust Automation,OneTrust Automation,2026-03-27T05:22:32.357+00:00,2026-03-27,2026,March,03,Quarter 1,2026-03-27T05:22:41.517+00:00,2026-03-27,2026,March,03,Quarter 1,Antarctica/Casey,b99df4a4-2bf5-4c08-9483-bd636470bc11,OTAuto02,b99df4a4-2bf5-4c08-9483-bd636470bc11,svc-otautotenant-qe+02@svc.onetrust.com
evidence-task-implementation-link,f1eb1e7c-1d23-4e41-9be4-233985a78d8b,,,,,,,OneTrust Automation,OneTrust Automation,2026-03-27T05:22:32.357+00:00,2026-03-27,2026,March,03,Quarter 1,2026-03-27T05:22:41.517+00:00,2026-03-27,2026,March,03,Quarter 1,Asia/Choibalsan,b99df4a4-2bf5-4c08-9483-bd636470bc11,OTAuto02,b99df4a4-2bf5-4c08-9483-bd636470bc11,svc-otautotenant-qe+02@svc.onetrust.com
evidence-task-implementation-link,f1eb1e7c-1d23-4e41-9be4-233985a78d8b,,,,,,,OneTrust Automation,OneTrust Automation,2026-03-26T16:22:32.357+00:00,2026-03-26,2026,March,03,Quarter 1,2026-03-26T16:22:41.517+00:00,2026-03-26,2026,March,03,Quarter 1,Pacific/Easter,b99df4a4-2bf5-4c08-9483-bd636470bc11,OTAuto02,b99df4a4-2bf5-4c08-9483-bd636470bc11,svc-otautotenant-qe+02@svc.onetrust.com
evidence-task-implementation-link,f1eb1e7c-1d23-4e41-9be4-233985a78d8b,,,,,,,OneTrust Automation,OneTrust Automation,2026-03-26T21:22:32.357+00:00,2026-03-26,2026,March,03,Quarter 1,2026-03-26T21:22:41.517+00:00,2026-03-26,2026,March,03,Quarter 1,Africa/Bissau,b99df4a4-2bf5-4c08-9483-bd636470bc11,OTAuto02,b99df4a4-2bf5-4c08-9483-bd636470bc11,svc-otautotenant-qe+02@svc.onetrust.com
evidence-task-implementation-link,f1eb1e7c-1d23-4e41-9be4-233985a78d8b,,,,,,,OneTrust Automation,OneTrust Automation,2026-03-26T18:22:32.357+00:00,2026-03-26,2026,March,03,Quarter 1,2026-03-26T18:22:41.517+00:00,2026-03-26,2026,March,03,Quarter 1,Antarctica/Palmer,b99df4a4-2bf5-4c08-9483-bd636470bc11,OTAuto02,b99df4a4-2bf5-4c08-9483-bd636470bc11,svc-otautotenant-qe+02@svc.onetrust.com
evidence-task-implementation-link,f1eb1e7c-1d23-4e41-9be4-233985a78d8b,,,,,,,OneTrust Automation,OneTrust Automation,2026-03-27T05:22:32.357+00:00,2026-03-27,2026,March,03,Quarter 1,2026-03-27T05:22:41.517+00:00,2026-03-27,2026,March,03,Quarter 1,Asia/Ujung_Pandang,b99df4a4-2bf5-4c08-9483-bd636470bc11,OTAuto02,b99df4a4-2bf5-4c08-9483-bd636470bc11,svc-otautotenant-qe+02@svc.onetrust.com
evidence-task-implementation-link,f1eb1e7c-1d23-4e41-9be4-233985a78d8b,,,,,,,OneTrust Automation,OneTrust Automation,2026-03-27T07:22:32.357+00:00,2026-03-27,2026,March,03,Quarter 1,2026-03-27T07:22:41.517+00:00,2026-03-27,2026,March,03,Quarter 1,Australia/Brisbane,b99df4a4-2bf5-4c08-9483-bd636470bc11,OTAuto02,b99df4a4-2bf5-4c08-9483-bd636470bc11,svc-otautotenant-qe+02@svc.onetrust.com
evidence-task-implementation-link,f1eb1e7c-1d23-4e41-9be4-233985a78d8b,,,,,,,OneTrust Automation,OneTrust Automation,2026-03-27T05:22:32.357+00:00,2026-03-27,2026,March,03,Quarter 1,2026-03-27T05:22:41.517+00:00,2026-03-27,2026,March,03,Quarter 1,Asia/Manila,b99df4a4-2bf5-4c08-9483-bd636470bc11,OTAuto02,b99df4a4-2bf5-4c08-9483-bd636470bc11,svc-otautotenant-qe+02@svc.onetrust.com
evidence-task-implementation-link,f1eb1e7c-1d23-4e41-9be4-233985a78d8b,,,,,,,OneTrust Automation,OneTrust Automation,2026-03-26T22:22:32.357+00:00,2026-03-26,2026,March,03,Quarter 1,2026-03-26T22:22:41.517+00:00,2026-03-26,2026,March,03,Quarter 1,Europe/Gibraltar,b99df4a4-2bf5-4c08-9483-bd636470bc11,OTAuto02,b99df4a4-2bf5-4c08-9483-bd636470bc11,svc-otautotenant-qe+02@svc.onetrust.com
evidence-task-implementation-link,f1eb1e7c-1d23-4e41-9be4-233985a78d8b,,,,,,,OneTrust Automation,OneTrust Automation,2026-03-26T17:22:32.357+00:00,2026-03-26,2026,March,03,Quarter 1,2026-03-26T17:22:41.517+00:00,2026-03-26,2026,March,03,Quarter 1,America/Guadeloupe,b99df4a4-2bf5-4c08-9483-bd636470bc11,OTAuto02,b99df4a4-2bf5-4c08-9483-bd636470bc11,svc-otautotenant-qe+02@svc.onetrust.com
evidence-task-implementation-link,f1eb1e7c-1d23-4e41-9be4-233985a78d8b,,,,,,,OneTrust Automation,OneTrust Automation,2026-03-26T21:22:32.357+00:00,2026-03-26,2026,March,03,Quarter 1,2026-03-26T21:22:41.517+00:00,2026-03-26,2026,March,03,Quarter 1,Etc/GMT+0,b99df4a4-2bf5-4c08-9483-bd636470bc11,OTAuto02,b99df4a4-2bf5-4c08-9483-bd636470bc11,svc-otautotenant-qe+02@svc.onetrust.com
evidence-task-implementation-link,f1eb1e7c-1d23-4e41-9be4-233985a78d8b,,,,,,,OneTrust Automation,OneTrust Automation,2026-03-26T17:22:32.357+00:00,2026-03-26,2026,March,03,Quarter 1,2026-03-26T17:22:41.517+00:00,2026-03-26,2026,March,03,Quarter 1,America/Indianapolis,b99df4a4-2bf5-4c08-9483-bd636470bc11,OTAuto02,b99df4a4-2bf5-4c08-9483-bd636470bc11,svc-otautotenant-qe+02@svc.onetrust.com
evidence-task-implementation-link,f1eb1e7c-1d23-4e41-9be4-233985a78d8b,,,,,,,OneTrust Automation,OneTrust Automation,2026-03-26T16:22:32.357+00:00,2026-03-26,2026,March,03,Quarter 1,2026-03-26T16:22:41.517+00:00,2026-03-26,2026,March,03,Quarter 1,US/Central,b99df4a4-2bf5-4c08-9483-bd636470bc11,OTAuto02,b99df4a4-2bf5-4c08-9483-bd636470bc11,svc-otautotenant-qe+02@svc.onetrust.com
evidence-task-implementation-link,f1eb1e7c-1d23-4e41-9be4-233985a78d8b,,,,,,,OneTrust Automation,OneTrust Automation,2026-03-27T01:22:32.357+00:00,2026-03-27,2026,March,03,Quarter 1,2026-03-27T01:22:41.517+00:00,2026-03-27,2026,March,03,Quarter 1,Asia/Dubai,b99df4a4-2bf5-4c08-9483-bd636470bc11,OTAuto02,b99df4a4-2bf5-4c08-9483-bd636470bc11,svc-otautotenant-qe+02@svc.onetrust.com
evidence-task-implementation-link,f1eb1e7c-1d23-4e41-9be4-233985a78d8b,,,,,,,OneTrust Automation,OneTrust Automation,2026-03-27T00:22:32.357+00:00,2026-03-27,2026,March,03,Quarter 1,2026-03-27T00:22:41.517+00:00,2026-03-27,2026,March,03,Quarter 1,Europe/Minsk,b99df4a4-2bf5-4c08-9483-bd636470bc11,OTAuto02,b99df4a4-2bf5-4c08-9483-bd636470bc11,svc-otautotenant-qe+02@svc.onetrust.com
evidence-task-implementation-link,f1eb1e7c-1d23-4e41-9be4-233985a78d8b,,,,,,,OneTrust Automation,OneTrust Automation,2026-03-27T06:22:32.357+00:00,2026-03-27,2026,March,03,Quarter 1,2026-03-27T06:22:41.517+00:00,2026-03-27,2026,March,03,Quarter 1,Asia/Dili,b99df4a4-2bf5-4c08-9483-bd636470bc11,OTAuto02,b99df4a4-2bf5-4c08-9483-bd636470bc11,svc-otautotenant-qe+02@svc.onetrust.com
evidence-task-implementation-link,f1eb1e7c-1d23-4e41-9be4-233985a78d8b,,,,,,,OneTrust Automation,OneTrust Automation,2026-03-27T05:22:32.357+00:00,2026-03-27,2026,March,03,Quarter 1,2026-03-27T05:22:41.517+00:00,2026-03-27,2026,March,03,Quarter 1,Asia/Ulan_Bator,b99df4a4-2bf5-4c08-9483-bd636470bc11,OTAuto02,b99df4a4-2bf5-4c08-9483-bd636470bc11,svc-otautotenant-qe+02@svc.onetrust.com
evidence-task-implementation-link,f1eb1e7c-1d23-4e41-9be4-233985a78d8b,,,,,,,OneTrust Automation,OneTrust Automation,2026-03-26T17:22:32.357+00:00,2026-03-26,2026,March,03,Quarter 1,2026-03-26T17:22:41.517+00:00,2026-03-26,2026,March,03,Quarter 1,EST5EDT,b99df4a4-2bf5-4c08-9483-bd636470bc11,OTAuto02,b99df4a4-2bf5-4c08-9483-bd636470bc11,svc-otautotenant-qe+02@svc.onetrust.com
evidence-task-implementation-link,f1eb1e7c-1d23-4e41-9be4-233985a78d8b,,,,,,,OneTrust Automation,OneTrust Automation,2026-03-27T03:22:32.357+00:00,2026-03-27,2026,March,03,Quarter 1,2026-03-27T03:22:41.517+00:00,2026-03-27,2026,March,03,Quarter 1,Asia/Dhaka,b99df4a4-2bf5-4c08-9483-bd636470bc11,OTAuto02,b99df4a4-2bf5-4c08-9483-bd636470bc11,svc-otautotenant-qe+02@svc.onetrust.com
evidence-task-implementation-link,f1eb1e7c-1d23-4e41-9be4-233985a78d8b,,,,,,,OneTrust Automation,OneTrust Automation,2026-03-27T03:22:32.357+00:00,2026-03-27,2026,March,03,Quarter 1,2026-03-27T03:22:41.517+00:00,2026-03-27,2026,March,03,Quarter 1,Asia/Thimphu,b99df4a4-2bf5-4c08-9483-bd636470bc11,OTAuto02,b99df4a4-2bf5-4c08-9483-bd636470bc11,svc-otautotenant-qe+02@svc.onetrust.com
evidence-task-implementation-link,f1eb1e7c-1d23-4e41-9be4-233985a78d8b,,,,,,,OneTrust Automation,OneTrust Automation,2026-03-26T22:22:32.357+00:00,2026-03-26,2026,March,03,Quarter 1,2026-03-26T22:22:41.517+00:00,2026-03-26,2026,March,03,Quarter 1,Africa/Brazzaville,b99df4a4-2bf5-4c08-9483-bd636470bc11,OTAuto02,b99df4a4-2bf5-4c08-9483-bd636470bc11,svc-otautotenant-qe+02@svc.onetrust.com
evidence-task-implementation-link,f1eb1e7c-1d23-4e41-9be4-233985a78d8b,,,,,,,OneTrust Automation,OneTrust Automation,2026-03-26T18:22:32.357+00:00,2026-03-26,2026,March,03,Quarter 1,2026-03-26T18:22:41.517+00:00,2026-03-26,2026,March,03,Quarter 1,America/Santarem,b99df4a4-2bf5-4c08-9483-bd636470bc11,OTAuto02,b99df4a4-2bf5-4c08-9483-bd636470bc11,svc-otautotenant-qe+02@svc.onetrust.com
evidence-task-implementation-link,f1eb1e7c-1d23-4e41-9be4-233985a78d8b,,,,,,,OneTrust Automation,OneTrust Automation,2026-03-26T23:22:32.357+00:00,2026-03-26,2026,March,03,Quarter 1,2026-03-26T23:22:41.517+00:00,2026-03-26,2026,March,03,Quarter 1,Africa/Harare,b99df4a4-2bf5-4c08-9483-bd636470bc11,OTAuto02,b99df4a4-2bf5-4c08-9483-bd636470bc11,svc-otautotenant-qe+02@svc.onetrust.com
evidence-task-implementation-link,f1eb1e7c-1d23-4e41-9be4-233985a78d8b,,,,,,,OneTrust Automation,OneTrust Automation,2026-03-26T21:22:32.357+00:00,2026-03-26,2026,March,03,Quarter 1,2026-03-26T21:22:41.517+00:00,2026-03-26,2026,March,03,Quarter 1,Africa/Lome,b99df4a4-2bf5-4c08-9483-bd636470bc11,OTAuto02,b99df4a4-2bf5-4c08-9483-bd636470bc11,svc-otautotenant-qe+02@svc.onetrust.com
evidence-task-implementation-link,f1eb1e7c-1d23-4e41-9be4-233985a78d8b,,,,,,,OneTrust Automation,OneTrust Automation,2026-03-26T18:22:32.357+00:00,2026-03-26,2026,March,03,Quarter 1,2026-03-26T18:22:41.517+00:00,2026-03-26,2026,March,03,Quarter 1,America/Asuncion,b99df4a4-2bf5-4c08-9483-bd636470bc11,OTAuto02,b99df4a4-2bf5-4c08-9483-bd636470bc11,svc-otautotenant-qe+02@svc.onetrust.com
evidence-task-implementation-link,f1eb1e7c-1d23-4e41-9be4-233985a78d8b,,,,,,,OneTrust Automation,OneTrust Automation,2026-03-27T01:22:32.357+00:00,2026-03-27,2026,March,03,Quarter 1,2026-03-27T01:22:41.517+00:00,2026-03-27,2026,March,03,Quarter 1,Asia/Tbilisi,b99df4a4-2bf5-4c08-9483-bd636470bc11,OTAuto02,b99df4a4-2bf5-4c08-9483-bd636470bc11,svc-otautotenant-qe+02@svc.onetrust.com
evidence-task-implementation-link,f1eb1e7c-1d23-4e41-9be4-233985a78d8b,,,,,,,OneTrust Automation,OneTrust Automation,2026-03-27T04:22:32.357+00:00,2026-03-27,2026,March,03,Quarter 1,2026-03-27T04:22:41.517+00:00,2026-03-27,2026,March,03,Quarter 1,Asia/Barnaul,b99df4a4-2bf5-4c08-9483-bd636470bc11,OTAuto02,b99df4a4-2bf5-4c08-9483-bd636470bc11,svc-otautotenant-qe+02@svc.onetrust.com
evidence-task-implementation-link,f1eb1e7c-1d23-4e41-9be4-233985a78d8b,,,,,,,OneTrust Automation,OneTrust Automation,2026-03-27T02:22:32.357+00:00,2026-03-27,2026,March,03,Quarter 1,2026-03-27T02:22:41.517+00:00,2026-03-27,2026,March,03,Quarter 1,Asia/Oral,b99df4a4-2bf5-4c08-9483-bd636470bc11,OTAuto02,b99df4a4-2bf5-4c08-9483-bd636470bc11,svc-otautotenant-qe+02@svc.onetrust.com
evidence-task-implementation-link,f1eb1e7c-1d23-4e41-9be4-233985a78d8b,,,,,,,OneTrust Automation,OneTrust Automation,2026-03-26T23:22:32.357+00:00,2026-03-26,2026,March,03,Quarter 1,2026-03-26T23:22:41.517+00:00,2026-03-26,2026,March,03,Quarter 1,Africa/Kigali,b99df4a4-2bf5-4c08-9483-bd636470bc11,OTAuto02,b99df4a4-2bf5-4c08-9483-bd636470bc11,svc-otautotenant-qe+02@svc.onetrust.com
evidence-task-implementation-link,f1eb1e7c-1d23-4e41-9be4-233985a78d8b,,,,,,,OneTrust Automation,OneTrust Automation,2026-03-27T02:22:32.357+00:00,2026-03-27,2026,March,03,Quarter 1,2026-03-27T02:22:41.517+00:00,2026-03-27,2026,March,03,Quarter 1,Indian/Kerguelen,b99df4a4-2bf5-4c08-9483-bd636470bc11,OTAuto02,b99df4a4-2bf5-4c08-9483-bd636470bc11,svc-otautotenant-qe+02@svc.onetrust.com
evidence-task-implementation-link,f1eb1e7c-1d23-4e41-9be4-233985a78d8b,,,,,,,OneTrust Automation,OneTrust Automation,2026-03-26T19:22:32.357+00:00,2026-03-26,2026,March,03,Quarter 1,2026-03-26T19:22:41.517+00:00,2026-03-26,2026,March,03,Quarter 1,America/Godthab,b99df4a4-2bf5-4c08-9483-bd636470bc11,OTAuto02,b99df4a4-2bf5-4c08-9483-bd636470bc11,svc-otautotenant-qe+02@svc.onetrust.com
evidence-task-implementation-link,f1eb1e7c-1d23-4e41-9be4-233985a78d8b,,,,,,,OneTrust Automation,OneTrust Automation,2026-03-27T03:22:32.357+00:00,2026-03-27,2026,March,03,Quarter 1,2026-03-27T03:22:41.517+00:00,2026-03-27,2026,March,03,Quarter 1,Asia/Urumqi,b99df4a4-2bf5-4c08-9483-bd636470bc11,OTAuto02,b99df4a4-2bf5-4c08-9483-bd636470bc11,svc-otautotenant-qe+02@svc.onetrust.com
evidence-task-implementation-link,f1eb1e7c-1d23-4e41-9be4-233985a78d8b,,,,,,,OneTrust Automation,OneTrust Automation,2026-03-26T17:22:32.357+00:00,2026-03-26,2026,March,03,Quarter 1,2026-03-26T17:22:41.517+00:00,2026-03-26,2026,March,03,Quarter 1,Canada/Eastern,b99df4a4-2bf5-4c08-9483-bd636470bc11,OTAuto02,b99df4a4-2bf5-4c08-9483-bd636470bc11,svc-otautotenant-qe+02@svc.onetrust.com
evidence-task-implementation-link,f1eb1e7c-1d23-4e41-9be4-233985a78d8b,,,,,,,OneTrust Automation,OneTrust Automation,2026-03-27T00:22:32.357+00:00,2026-03-27,2026,March,03,Quarter 1,2026-03-27T00:22:41.517+00:00,2026-03-27,2026,March,03,Quarter 1,Africa/Addis_Ababa,b99df4a4-2bf5-4c08-9483-bd636470bc11,OTAuto02,b99df4a4-2bf5-4c08-9483-bd636470bc11,svc-otautotenant-qe+02@svc.onetrust.com
evidence-task-implementation-link,f1eb1e7c-1d23-4e41-9be4-233985a78d8b,,,,,,,OneTrust Automation,OneTrust Automation,2026-03-26T22:22:32.357+00:00,2026-03-26,2026,March,03,Quarter 1,2026-03-26T22:22:41.517+00:00,2026-03-26,2026,March,03,Quarter 1,Europe/Skopje,b99df4a4-2bf5-4c08-9483-bd636470bc11,OTAuto02,b99df4a4-2bf5-4c08-9483-bd636470bc11,svc-otautotenant-qe+02@svc.onetrust.com
evidence-task-implementation-link,f1eb1e7c-1d23-4e41-9be4-233985a78d8b,,,,,,,OneTrust Automation,OneTrust Automation,2026-03-26T16:22:32.357+00:00,2026-03-26,2026,March,03,Quarter 1,2026-03-26T16:22:41.517+00:00,2026-03-26,2026,March,03,Quarter 1,America/Guayaquil,b99df4a4-2bf5-4c08-9483-bd636470bc11,OTAuto02,b99df4a4-2bf5-4c08-9483-bd636470bc11,svc-otautotenant-qe+02@svc.onetrust.com
evidence-task-implementation-link,f1eb1e7c-1d23-4e41-9be4-233985a78d8b,,,,,,,OneTrust Automation,OneTrust Automation,2026-03-27T09:22:32.357+00:00,2026-03-27,2026,March,03,Quarter 1,2026-03-27T09:22:41.517+00:00,2026-03-27,2026,March,03,Quarter 1,Pacific/Kwajalein,b99df4a4-2bf5-4c08-9483-bd636470bc11,OTAuto02,b99df4a4-2bf5-4c08-9483-bd636470bc11,svc-otautotenant-qe+02@svc.onetrust.com
evidence-task-implementation-link,f1eb1e7c-1d23-4e41-9be4-233985a78d8b,,,,,,,OneTrust Automation,OneTrust Automation,2026-03-26T14:22:32.357+00:00,2026-03-26,2026,March,03,Quarter 1,2026-03-26T14:22:41.517+00:00,2026-03-26,2026,March,03,Quarter 1,America/Tijuana,b99df4a4-2bf5-4c08-9483-bd636470bc11,OTAuto02,b99df4a4-2bf5-4c08-9483-bd636470bc11,svc-otautotenant-qe+02@svc.onetrust.com
evidence-task-implementation-link,f1eb1e7c-1d23-4e41-9be4-233985a78d8b,,,,,,,OneTrust Automation,OneTrust Automation,2026-03-26T22:22:32.357+00:00,2026-03-26,2026,March,03,Quarter 1,2026-03-26T22:22:41.517+00:00,2026-03-26,2026,March,03,Quarter 1,Europe/Ljubljana,b99df4a4-2bf5-4c08-9483-bd636470bc11,OTAuto02,b99df4a4-2bf5-4c08-9483-bd636470bc11,svc-otautotenant-qe+02@svc.onetrust.com
evidence-task-implementation-link,f1eb1e7c-1d23-4e41-9be4-233985a78d8b,,,,,,,OneTrust Automation,OneTrust Automation,2026-03-26T16:22:32.357+00:00,2026-03-26,2026,March,03,Quarter 1,2026-03-26T16:22:41.517+00:00,2026-03-26,2026,March,03,Quarter 1,Chile/EasterIsland,b99df4a4-2bf5-4c08-9483-bd636470bc11,OTAuto02,b99df4a4-2bf5-4c08-9483-bd636470bc11,svc-otautotenant-qe+02@svc.onetrust.com
evidence-task-implementation-link,f1eb1e7c-1d23-4e41-9be4-233985a78d8b,,,,,,,OneTrust Automation,OneTrust Automation,2026-03-27T11:22:32.357+00:00,2026-03-27,2026,March,03,Quarter 1,2026-03-27T11:22:41.517+00:00,2026-03-27,2026,March,03,Quarter 1,Etc/GMT-14,b99df4a4-2bf5-4c08-9483-bd636470bc11,OTAuto02,b99df4a4-2bf5-4c08-9483-bd636470bc11,svc-otautotenant-qe+02@svc.onetrust.com
evidence-task-implementation-link,f1eb1e7c-1d23-4e41-9be4-233985a78d8b,,,,,,,OneTrust Automation,OneTrust Automation,2026-03-27T05:22:32.357+00:00,2026-03-27,2026,March,03,Quarter 1,2026-03-27T05:22:41.517+00:00,2026-03-27,2026,March,03,Quarter 1,Asia/Macao,b99df4a4-2bf5-4c08-9483-bd636470bc11,OTAuto02,b99df4a4-2bf5-4c08-9483-bd636470bc11,svc-otautotenant-qe+02@svc.onetrust.com
evidence-task-implementation-link,f1eb1e7c-1d23-4e41-9be4-233985a78d8b,,,,,,,OneTrust Automation,OneTrust Automation,2026-03-26T20:22:32.357+00:00,2026-03-26,2026,March,03,Quarter 1,2026-03-26T20:22:41.517+00:00,2026-03-26,2026,March,03,Quarter 1,Atlantic/Azores,b99df4a4-2bf5-4c08-9483-bd636470bc11,OTAuto02,b99df4a4-2bf5-4c08-9483-bd636470bc11,svc-otautotenant-qe+02@svc.onetrust.com
evidence-task-implementation-link,f1eb1e7c-1d23-4e41-9be4-233985a78d8b,,,,,,,OneTrust Automation,OneTrust Automation,2026-03-26T17:22:32.357+00:00,2026-03-26,2026,March,03,Quarter 1,2026-03-26T17:22:41.517+00:00,2026-03-26,2026,March,03,Quarter 1,America/Lower_Princes,b99df4a4-2bf5-4c08-9483-bd636470bc11,OTAuto02,b99df4a4-2bf5-4c08-9483-bd636470bc11,svc-otautotenant-qe+02@svc.onetrust.com
evidence-task-implementation-link,f1eb1e7c-1d23-4e41-9be4-233985a78d8b,,,,,,,OneTrust Automation,OneTrust Automation,2026-03-26T16:22:32.357+00:00,2026-03-26,2026,March,03,Quarter 1,2026-03-26T16:22:41.517+00:00,2026-03-26,2026,March,03,Quarter 1,America/Ojinaga,b99df4a4-2bf5-4c08-9483-bd636470bc11,OTAuto02,b99df4a4-2bf5-4c08-9483-bd636470bc11,svc-otautotenant-qe+02@svc.onetrust.com
evidence-task-implementation-link,f1eb1e7c-1d23-4e41-9be4-233985a78d8b,,,,,,,OneTrust Automation,OneTrust Automation,2026-03-26T17:22:32.357+00:00,2026-03-26,2026,March,03,Quarter 1,2026-03-26T17:22:41.517+00:00,2026-03-26,2026,March,03,Quarter 1,America/Louisville,b99df4a4-2bf5-4c08-9483-bd636470bc11,OTAuto02,b99df4a4-2bf5-4c08-9483-bd636470bc11,svc-otautotenant-qe+02@svc.onetrust.com
evidence-task-implementation-link,f1eb1e7c-1d23-4e41-9be4-233985a78d8b,,,,,,,OneTrust Automation,OneTrust Automation,2026-03-26T17:22:32.357+00:00,2026-03-26,2026,March,03,Quarter 1,2026-03-26T17:22:41.517+00:00,2026-03-26,2026,March,03,Quarter 1,America/Fort_Wayne,b99df4a4-2bf5-4c08-9483-bd636470bc11,OTAuto02,b99df4a4-2bf5-4c08-9483-bd636470bc11,svc-otautotenant-qe+02@svc.onetrust.com
evidence-task-implementation-link,f1eb1e7c-1d23-4e41-9be4-233985a78d8b,,,,,,,OneTrust Automation,OneTrust Automation,2026-03-27T05:22:32.357+00:00,2026-03-27,2026,March,03,Quarter 1,2026-03-27T05:22:41.517+00:00,2026-03-27,2026,March,03,Quarter 1,Asia/Makassar,b99df4a4-2bf5-4c08-9483-bd636470bc11,OTAuto02,b99df4a4-2bf5-4c08-9483-bd636470bc11,svc-otautotenant-qe+02@svc.onetrust.com
evidence-task-implementation-link,f1eb1e7c-1d23-4e41-9be4-233985a78d8b,,,,,,,OneTrust Automation,OneTrust Automation,2026-03-27T02:22:32.357+00:00,2026-03-27,2026,March,03,Quarter 1,2026-03-27T02:22:41.517+00:00,2026-03-27,2026,March,03,Quarter 1,Asia/Dushanbe,b99df4a4-2bf5-4c08-9483-bd636470bc11,OTAuto02,b99df4a4-2bf5-4c08-9483-bd636470bc11,svc-otautotenant-qe+02@svc.onetrust.com
evidence-task-implementation-link,f1eb1e7c-1d23-4e41-9be4-233985a78d8b,,,,,,,OneTrust Automation,OneTrust Automation,2026-03-27T09:22:32.357+00:00,2026-03-27,2026,March,03,Quarter 1,2026-03-27T09:22:41.517+00:00,2026-03-27,2026,March,03,Quarter 1,Asia/Anadyr,b99df4a4-2bf5-4c08-9483-bd636470bc11,OTAuto02,b99df4a4-2bf5-4c08-9483-bd636470bc11,svc-otautotenant-qe+02@svc.onetrust.com
evidence-task-implementation-link,f1eb1e7c-1d23-4e41-9be4-233985a78d8b,,,,,,,OneTrust Automation,OneTrust Automation,2026-03-27T06:22:32.357+00:00,2026-03-27,2026,March,03,Quarter 1,2026-03-27T06:22:41.517+00:00,2026-03-27,2026,March,03,Quarter 1,ROK,b99df4a4-2bf5-4c08-9483-bd636470bc11,OTAuto02,b99df4a4-2bf5-4c08-9483-bd636470bc11,svc-otautotenant-qe+02@svc.onetrust.com
evidence-task-implementation-link,f1eb1e7c-1d23-4e41-9be4-233985a78d8b,,,,,,,OneTrust Automation,OneTrust Automation,2026-03-26T17:22:32.357+00:00,2026-03-26,2026,March,03,Quarter 1,2026-03-26T17:22:41.517+00:00,2026-03-26,2026,March,03,Quarter 1,America/Anguilla,b99df4a4-2bf5-4c08-9483-bd636470bc11,OTAuto02,b99df4a4-2bf5-4c08-9483-bd636470bc11,svc-otautotenant-qe+02@svc.onetrust.com
evidence-task-implementation-link,f1eb1e7c-1d23-4e41-9be4-233985a78d8b,,,,,,,OneTrust Automation,OneTrust Automation,2026-03-26T22:22:32.357+00:00,2026-03-26,2026,March,03,Quarter 1,2026-03-26T22:22:41.517+00:00,2026-03-26,2026,March,03,Quarter 1,Europe/Bratislava,b99df4a4-2bf5-4c08-9483-bd636470bc11,OTAuto02,b99df4a4-2bf5-4c08-9483-bd636470bc11,svc-otautotenant-qe+02@svc.onetrust.com
evidence-task-implementation-link,f1eb1e7c-1d23-4e41-9be4-233985a78d8b,,,,,,,OneTrust Automation,OneTrust Automation,2026-03-27T07:52:32.357+00:00,2026-03-27,2026,March,03,Quarter 1,2026-03-27T07:52:41.517+00:00,2026-03-27,2026,March,03,Quarter 1,Australia/Broken_Hill,b99df4a4-2bf5-4c08-9483-bd636470bc11,OTAuto02,b99df4a4-2bf5-4c08-9483-bd636470bc11,svc-otautotenant-qe+02@svc.onetrust.com
evidence-task-implementation-link,f1eb1e7c-1d23-4e41-9be4-233985a78d8b,,,,,,,OneTrust Automation,OneTrust Automation,2026-03-26T10:22:32.357+00:00,2026-03-26,2026,March,03,Quarter 1,2026-03-26T10:22:41.517+00:00,2026-03-26,2026,March,03,Quarter 1,Pacific/Niue,b99df4a4-2bf5-4c08-9483-bd636470bc11,OTAuto02,b99df4a4-2bf5-4c08-9483-bd636470bc11,svc-otautotenant-qe+02@svc.onetrust.com
evidence-task-implementation-link,f1eb1e7c-1d23-4e41-9be4-233985a78d8b,,,,,,,OneTrust Automation,OneTrust Automation,2026-03-26T17:22:32.357+00:00,2026-03-26,2026,March,03,Quarter 1,2026-03-26T17:22:41.517+00:00,2026-03-26,2026,March,03,Quarter 1,America/Pangnirtung,b99df4a4-2bf5-4c08-9483-bd636470bc11,OTAuto02,b99df4a4-2bf5-4c08-9483-bd636470bc11,svc-otautotenant-qe+02@svc.onetrust.com
evidence-task-implementation-link,f1eb1e7c-1d23-4e41-9be4-233985a78d8b,,,,,,,OneTrust Automation,OneTrust Automation,2026-03-27T06:22:32.357+00:00,2026-03-27,2026,March,03,Quarter 1,2026-03-27T06:22:41.517+00:00,2026-03-27,2026,March,03,Quarter 1,Asia/Seoul,b99df4a4-2bf5-4c08-9483-bd636470bc11,OTAuto02,b99df4a4-2bf5-4c08-9483-bd636470bc11,svc-otautotenant-qe+02@svc.onetrust.com
evidence-task-implementation-link,f1eb1e7c-1d23-4e41-9be4-233985a78d8b,,,,,,,OneTrust Automation,OneTrust Automation,2026-03-26T22:22:32.357+00:00,2026-03-26,2026,March,03,Quarter 1,2026-03-26T22:22:41.517+00:00,2026-03-26,2026,March,03,Quarter 1,Europe/Berlin,b99df4a4-2bf5-4c08-9483-bd636470bc11,OTAuto02,b99df4a4-2bf5-4c08-9483-bd636470bc11,svc-otautotenant-qe+02@svc.onetrust.com
evidence-task-implementation-link,f1eb1e7c-1d23-4e41-9be4-233985a78d8b,,,,,,,OneTrust Automation,OneTrust Automation,2026-03-26T21:22:32.357+00:00,2026-03-26,2026,March,03,Quarter 1,2026-03-26T21:22:41.517+00:00,2026-03-26,2026,March,03,Quarter 1,Atlantic/St_Helena,b99df4a4-2bf5-4c08-9483-bd636470bc11,OTAuto02,b99df4a4-2bf5-4c08-9483-bd636470bc11,svc-otautotenant-qe+02@svc.onetrust.com
evidence-task-implementation-link,f1eb1e7c-1d23-4e41-9be4-233985a78d8b,,,,,,,OneTrust Automation,OneTrust Automation,2026-03-26T22:22:32.357+00:00,2026-03-26,2026,March,03,Quarter 1,2026-03-26T22:22:41.517+00:00,2026-03-26,2026,March,03,Quarter 1,Europe/Brussels,b99df4a4-2bf5-4c08-9483-bd636470bc11,OTAuto02,b99df4a4-2bf5-4c08-9483-bd636470bc11,svc-otautotenant-qe+02@svc.onetrust.com
evidence-task-implementation-link,f1eb1e7c-1d23-4e41-9be4-233985a78d8b,,,,,,,OneTrust Automation,OneTrust Automation,2026-03-26T14:22:32.357+00:00,2026-03-26,2026,March,03,Quarter 1,2026-03-26T14:22:41.517+00:00,2026-03-26,2026,March,03,Quarter 1,America/Hermosillo,b99df4a4-2bf5-4c08-9483-bd636470bc11,OTAuto02,b99df4a4-2bf5-4c08-9483-bd636470bc11,svc-otautotenant-qe+02@svc.onetrust.com
evidence-task-implementation-link,f1eb1e7c-1d23-4e41-9be4-233985a78d8b,,,,,,,OneTrust Automation,OneTrust Automation,2026-03-26T11:22:32.357+00:00,2026-03-26,2026,March,03,Quarter 1,2026-03-26T11:22:41.517+00:00,2026-03-26,2026,March,03,Quarter 1,US/Hawaii,b99df4a4-2bf5-4c08-9483-bd636470bc11,OTAuto02,b99df4a4-2bf5-4c08-9483-bd636470bc11,svc-otautotenant-qe+02@svc.onetrust.com
evidence-task-implementation-link,f1eb1e7c-1d23-4e41-9be4-233985a78d8b,,,,,,,OneTrust Automation,OneTrust Automation,2026-03-26T23:22:32.357+00:00,2026-03-26,2026,March,03,Quarter 1,2026-03-26T23:22:41.517+00:00,2026-03-26,2026,March,03,Quarter 1,Europe/Chisinau,b99df4a4-2bf5-4c08-9483-bd636470bc11,OTAuto02,b99df4a4-2bf5-4c08-9483-bd636470bc11,svc-otautotenant-qe+02@svc.onetrust.com
evidence-task-implementation-link,f1eb1e7c-1d23-4e41-9be4-233985a78d8b,,,,,,,OneTrust Automation,OneTrust Automation,2026-03-27T08:22:32.357+00:00,2026-03-27,2026,March,03,Quarter 1,2026-03-27T08:22:41.517+00:00,2026-03-27,2026,March,03,Quarter 1,Australia/LHI,b99df4a4-2bf5-4c08-9483-bd636470bc11,OTAuto02,b99df4a4-2bf5-4c08-9483-bd636470bc11,svc-otautotenant-qe+02@svc.onetrust.com
evidence-task-implementation-link,f1eb1e7c-1d23-4e41-9be4-233985a78d8b,,,,,,,OneTrust Automation,OneTrust Automation,2026-03-26T15:22:32.357+00:00,2026-03-26,2026,March,03,Quarter 1,2026-03-26T15:22:41.517+00:00,2026-03-26,2026,March,03,Quarter 1,America/Merida,b99df4a4-2bf5-4c08-9483-bd636470bc11,OTAuto02,b99df4a4-2bf5-4c08-9483-bd636470bc11,svc-otautotenant-qe+02@svc.onetrust.com
evidence-task-implementation-link,f1eb1e7c-1d23-4e41-9be4-233985a78d8b,,,,,,,OneTrust Automation,OneTrust Automation,2026-03-27T02:22:32.357+00:00,2026-03-27,2026,March,03,Quarter 1,2026-03-27T02:22:41.517+00:00,2026-03-27,2026,March,03,Quarter 1,Asia/Qostanay,b99df4a4-2bf5-4c08-9483-bd636470bc11,OTAuto02,b99df4a4-2bf5-4c08-9483-bd636470bc11,svc-otautotenant-qe+02@svc.onetrust.com
evidence-task-implementation-link,f1eb1e7c-1d23-4e41-9be4-233985a78d8b,,,,,,,OneTrust Automation,OneTrust Automation,2026-03-26T22:22:32.357+00:00,2026-03-26,2026,March,03,Quarter 1,2026-03-26T22:22:41.517+00:00,2026-03-26,2026,March,03,Quarter 1,Africa/Casablanca,b99df4a4-2bf5-4c08-9483-bd636470bc11,OTAuto02,b99df4a4-2bf5-4c08-9483-bd636470bc11,svc-otautotenant-qe+02@svc.onetrust.com
evidence-task-implementation-link,f1eb1e7c-1d23-4e41-9be4-233985a78d8b,,,,,,,OneTrust Automation,OneTrust Automation,2026-03-27T00:52:32.357+00:00,2026-03-27,2026,March,03,Quarter 1,2026-03-27T00:52:41.517+00:00,2026-03-27,2026,March,03,Quarter 1,Iran,b99df4a4-2bf5-4c08-9483-bd636470bc11,OTAuto02,b99df4a4-2bf5-4c08-9483-bd636470bc11,svc-otautotenant-qe+02@svc.onetrust.com
evidence-task-implementation-link,f1eb1e7c-1d23-4e41-9be4-233985a78d8b,,,,,,,OneTrust Automation,OneTrust Automation,2026-03-26T21:22:32.357+00:00,2026-03-26,2026,March,03,Quarter 1,2026-03-26T21:22:41.517+00:00,2026-03-26,2026,March,03,Quarter 1,Atlantic/Faeroe,b99df4a4-2bf5-4c08-9483-bd636470bc11,OTAuto02,b99df4a4-2bf5-4c08-9483-bd636470bc11,svc-otautotenant-qe+02@svc.onetrust.com
evidence-task-implementation-link,f1eb1e7c-1d23-4e41-9be4-233985a78d8b,,,,,,,OneTrust Automation,OneTrust Automation,2026-03-26T21:22:32.357+00:00,2026-03-26,2026,March,03,Quarter 1,2026-03-26T21:22:41.517+00:00,2026-03-26,2026,March,03,Quarter 1,Antarctica/Troll,b99df4a4-2bf5-4c08-9483-bd636470bc11,OTAuto02,b99df4a4-2bf5-4c08-9483-bd636470bc11,svc-otautotenant-qe+02@svc.onetrust.com
evidence-task-implementation-link,f1eb1e7c-1d23-4e41-9be4-233985a78d8b,,,,,,,OneTrust Automation,OneTrust Automation,2026-03-26T23:22:32.357+00:00,2026-03-26,2026,March,03,Quarter 1,2026-03-26T23:22:41.517+00:00,2026-03-26,2026,March,03,Quarter 1,Africa/Maseru,b99df4a4-2bf5-4c08-9483-bd636470bc11,OTAuto02,b99df4a4-2bf5-4c08-9483-bd636470bc11,svc-otautotenant-qe+02@svc.onetrust.com
evidence-task-implementation-link,f1eb1e7c-1d23-4e41-9be4-233985a78d8b,,,,,,,OneTrust Automation,OneTrust Automation,2026-03-27T00:22:32.357+00:00,2026-03-27,2026,March,03,Quarter 1,2026-03-27T00:22:41.517+00:00,2026-03-27,2026,March,03,Quarter 1,Asia/Aden,b99df4a4-2bf5-4c08-9483-bd636470bc11,OTAuto02,b99df4a4-2bf5-4c08-9483-bd636470bc11,svc-otautotenant-qe+02@svc.onetrust.com
evidence-task-implementation-link,f1eb1e7c-1d23-4e41-9be4-233985a78d8b,,,,,,,OneTrust Automation,OneTrust Automation,2026-03-26T12:22:32.357+00:00,2026-03-26,2026,March,03,Quarter 1,2026-03-26T12:22:41.517+00:00,2026-03-26,2026,March,03,Quarter 1,America/Adak,b99df4a4-2bf5-4c08-9483-bd636470bc11,OTAuto02,b99df4a4-2bf5-4c08-9483-bd636470bc11,svc-otautotenant-qe+02@svc.onetrust.com
evidence-task-implementation-link,f1eb1e7c-1d23-4e41-9be4-233985a78d8b,,,,,,,OneTrust Automation,OneTrust Automation,2026-03-26T23:22:32.357+00:00,2026-03-26,2026,March,03,Quarter 1,2026-03-26T23:22:41.517+00:00,2026-03-26,2026,March,03,Quarter 1,Africa/Bujumbura,b99df4a4-2bf5-4c08-9483-bd636470bc11,OTAuto02,b99df4a4-2bf5-4c08-9483-bd636470bc11,svc-otautotenant-qe+02@svc.onetrust.com
evidence-task-implementation-link,f1eb1e7c-1d23-4e41-9be4-233985a78d8b,,,,,,,OneTrust Automation,OneTrust Automation,2026-03-26T23:22:32.357+00:00,2026-03-26,2026,March,03,Quarter 1,2026-03-26T23:22:41.517+00:00,2026-03-26,2026,March,03,Quarter 1,Africa/Blantyre,b99df4a4-2bf5-4c08-9483-bd636470bc11,OTAuto02,b99df4a4-2bf5-4c08-9483-bd636470bc11,svc-otautotenant-qe+02@svc.onetrust.com
evidence-task-implementation-link,f1eb1e7c-1d23-4e41-9be4-233985a78d8b,,,,,,,OneTrust Automation,OneTrust Automation,2026-03-26T10:22:32.357+00:00,2026-03-26,2026,March,03,Quarter 1,2026-03-26T10:22:41.517+00:00,2026-03-26,2026,March,03,Quarter 1,Etc/GMT+11,b99df4a4-2bf5-4c08-9483-bd636470bc11,OTAuto02,b99df4a4-2bf5-4c08-9483-bd636470bc11,svc-otautotenant-qe+02@svc.onetrust.com
evidence-task-implementation-link,f1eb1e7c-1d23-4e41-9be4-233985a78d8b,,,,,,,OneTrust Automation,OneTrust Automation,2026-03-26T19:22:32.357+00:00,2026-03-26,2026,March,03,Quarter 1,2026-03-26T19:22:41.517+00:00,2026-03-26,2026,March,03,Quarter 1,America/Miquelon,b99df4a4-2bf5-4c08-9483-bd636470bc11,OTAuto02,b99df4a4-2bf5-4c08-9483-bd636470bc11,svc-otautotenant-qe+02@svc.onetrust.com
evidence-task-implementation-link,f1eb1e7c-1d23-4e41-9be4-233985a78d8b,,,,,,,OneTrust Automation,OneTrust Automation,2026-03-27T03:22:32.357+00:00,2026-03-27,2026,March,03,Quarter 1,2026-03-27T03:22:41.517+00:00,2026-03-27,2026,March,03,Quarter 1,Asia/Omsk,b99df4a4-2bf5-4c08-9483-bd636470bc11,OTAuto02,b99df4a4-2bf5-4c08-9483-bd636470bc11,svc-otautotenant-qe+02@svc.onetrust.com
evidence-task-implementation-link,f1eb1e7c-1d23-4e41-9be4-233985a78d8b,,,,,,,OneTrust Automation,OneTrust Automation,2026-03-26T21:22:32.357+00:00,2026-03-26,2026,March,03,Quarter 1,2026-03-26T21:22:41.517+00:00,2026-03-26,2026,March,03,Quarter 1,WET,b99df4a4-2bf5-4c08-9483-bd636470bc11,OTAuto02,b99df4a4-2bf5-4c08-9483-bd636470bc11,svc-otautotenant-qe+02@svc.onetrust.com
evidence-task-implementation-link,f1eb1e7c-1d23-4e41-9be4-233985a78d8b,,,,,,,OneTrust Automation,OneTrust Automation,2026-03-26T23:22:32.357+00:00,2026-03-26,2026,March,03,Quarter 1,2026-03-26T23:22:41.517+00:00,2026-03-26,2026,March,03,Quarter 1,Etc/GMT-2,b99df4a4-2bf5-4c08-9483-bd636470bc11,OTAuto02,b99df4a4-2bf5-4c08-9483-bd636470bc11,svc-otautotenant-qe+02@svc.onetrust.com
evidence-task-implementation-link,f1eb1e7c-1d23-4e41-9be4-233985a78d8b,,,,,,,OneTrust Automation,OneTrust Automation,2026-03-27T00:22:32.357+00:00,2026-03-27,2026,March,03,Quarter 1,2026-03-27T00:22:41.517+00:00,2026-03-27,2026,March,03,Quarter 1,Turkey,b99df4a4-2bf5-4c08-9483-bd636470bc11,OTAuto02,b99df4a4-2bf5-4c08-9483-bd636470bc11,svc-otautotenant-qe+02@svc.onetrust.com
evidence-task-implementation-link,f1eb1e7c-1d23-4e41-9be4-233985a78d8b,,,,,,,OneTrust Automation,OneTrust Automation,2026-03-27T06:52:32.357+00:00,2026-03-27,2026,March,03,Quarter 1,2026-03-27T06:52:41.517+00:00,2026-03-27,2026,March,03,Quarter 1,Australia/Darwin,b99df4a4-2bf5-4c08-9483-bd636470bc11,OTAuto02,b99df4a4-2bf5-4c08-9483-bd636470bc11,svc-otautotenant-qe+02@svc.onetrust.com
evidence-task-implementation-link,f1eb1e7c-1d23-4e41-9be4-233985a78d8b,,,,,,,OneTrust Automation,OneTrust Automation,2026-03-26T23:22:32.357+00:00,2026-03-26,2026,March,03,Quarter 1,2026-03-26T23:22:41.517+00:00,2026-03-26,2026,March,03,Quarter 1,Africa/Khartoum,b99df4a4-2bf5-4c08-9483-bd636470bc11,OTAuto02,b99df4a4-2bf5-4c08-9483-bd636470bc11,svc-otautotenant-qe+02@svc.onetrust.com
evidence-task-implementation-link,f1eb1e7c-1d23-4e41-9be4-233985a78d8b,,,,,,,OneTrust Automation,OneTrust Automation,2026-03-27T03:22:32.357+00:00,2026-03-27,2026,March,03,Quarter 1,2026-03-27T03:22:41.517+00:00,2026-03-27,2026,March,03,Quarter 1,Asia/Kashgar,b99df4a4-2bf5-4c08-9483-bd636470bc11,OTAuto02,b99df4a4-2bf5-4c08-9483-bd636470bc11,svc-otautotenant-qe+02@svc.onetrust.com
evidence-task-implementation-link,f1eb1e7c-1d23-4e41-9be4-233985a78d8b,,,,,,,OneTrust Automation,OneTrust Automation,2026-03-27T09:22:32.357+00:00,2026-03-27,2026,March,03,Quarter 1,2026-03-27T09:22:41.517+00:00,2026-03-27,2026,March,03,Quarter 1,Pacific/Funafuti,b99df4a4-2bf5-4c08-9483-bd636470bc11,OTAuto02,b99df4a4-2bf5-4c08-9483-bd636470bc11,svc-otautotenant-qe+02@svc.onetrust.com
evidence-task-implementation-link,f1eb1e7c-1d23-4e41-9be4-233985a78d8b,,,,,,,OneTrust Automation,OneTrust Automation,2026-03-26T10:22:32.357+00:00,2026-03-26,2026,March,03,Quarter 1,2026-03-26T10:22:41.517+00:00,2026-03-26,2026,March,03,Quarter 1,Pacific/Samoa,b99df4a4-2bf5-4c08-9483-bd636470bc11,OTAuto02,b99df4a4-2bf5-4c08-9483-bd636470bc11,svc-otautotenant-qe+02@svc.onetrust.com
evidence-task-implementation-link,f1eb1e7c-1d23-4e41-9be4-233985a78d8b,,,,,,,OneTrust Automation,OneTrust Automation,2026-03-26T14:22:32.357+00:00,2026-03-26,2026,March,03,Quarter 1,2026-03-26T14:22:41.517+00:00,2026-03-26,2026,March,03,Quarter 1,America/Los_Angeles,b99df4a4-2bf5-4c08-9483-bd636470bc11,OTAuto02,b99df4a4-2bf5-4c08-9483-bd636470bc11,svc-otautotenant-qe+02@svc.onetrust.com
evidence-task-implementation-link,f1eb1e7c-1d23-4e41-9be4-233985a78d8b,,,,,,,OneTrust Automation,OneTrust Automation,2026-03-26T16:22:32.357+00:00,2026-03-26,2026,March,03,Quarter 1,2026-03-26T16:22:41.517+00:00,2026-03-26,2026,March,03,Quarter 1,America/Porto_Acre,b99df4a4-2bf5-4c08-9483-bd636470bc11,OTAuto02,b99df4a4-2bf5-4c08-9483-bd636470bc11,svc-otautotenant-qe+02@svc.onetrust.com
evidence-task-implementation-link,f1eb1e7c-1d23-4e41-9be4-233985a78d8b,,,,,,,OneTrust Automation,OneTrust Automation,2026-03-26T21:22:32.357+00:00,2026-03-26,2026,March,03,Quarter 1,2026-03-26T21:22:41.517+00:00,2026-03-26,2026,March,03,Quarter 1,Etc/UTC,b99df4a4-2bf5-4c08-9483-bd636470bc11,OTAuto02,b99df4a4-2bf5-4c08-9483-bd636470bc11,svc-otautotenant-qe+02@svc.onetrust.com
evidence-task-implementation-link,f1eb1e7c-1d23-4e41-9be4-233985a78d8b,,,,,,,OneTrust Automation,OneTrust Automation,2026-03-26T22:22:32.357+00:00,2026-03-26,2026,March,03,Quarter 1,2026-03-26T22:22:41.517+00:00,2026-03-26,2026,March,03,Quarter 1,Europe/Madrid,b99df4a4-2bf5-4c08-9483-bd636470bc11,OTAuto02,b99df4a4-2bf5-4c08-9483-bd636470bc11,svc-otautotenant-qe+02@svc.onetrust.com
evidence-task-implementation-link,f1eb1e7c-1d23-4e41-9be4-233985a78d8b,,,,,,,OneTrust Automation,OneTrust Automation,2026-03-26T21:22:32.357+00:00,2026-03-26,2026,March,03,Quarter 1,2026-03-26T21:22:41.517+00:00,2026-03-26,2026,March,03,Quarter 1,Africa/Sao_Tome,b99df4a4-2bf5-4c08-9483-bd636470bc11,OTAuto02,b99df4a4-2bf5-4c08-9483-bd636470bc11,svc-otautotenant-qe+02@svc.onetrust.com
evidence-task-implementation-link,f1eb1e7c-1d23-4e41-9be4-233985a78d8b,,,,,,,OneTrust Automation,OneTrust Automation,2026-03-26T18:22:32.357+00:00,2026-03-26,2026,March,03,Quarter 1,2026-03-26T18:22:41.517+00:00,2026-03-26,2026,March,03,Quarter 1,America/Argentina/Tucuman,b99df4a4-2bf5-4c08-9483-bd636470bc11,OTAuto02,b99df4a4-2bf5-4c08-9483-bd636470bc11,svc-otautotenant-qe+02@svc.onetrust.com
evidence-task-implementation-link,f1eb1e7c-1d23-4e41-9be4-233985a78d8b,,,,,,,OneTrust Automation,OneTrust Automation,2026-03-26T17:22:32.357+00:00,2026-03-26,2026,March,03,Quarter 1,2026-03-26T17:22:41.517+00:00,2026-03-26,2026,March,03,Quarter 1,America/Boa_Vista,b99df4a4-2bf5-4c08-9483-bd636470bc11,OTAuto02,b99df4a4-2bf5-4c08-9483-bd636470bc11,svc-otautotenant-qe+02@svc.onetrust.com
evidence-task-implementation-link,f1eb1e7c-1d23-4e41-9be4-233985a78d8b,,,,,,,OneTrust Automation,OneTrust Automation,2026-03-27T08:22:32.357+00:00,2026-03-27,2026,March,03,Quarter 1,2026-03-27T08:22:41.517+00:00,2026-03-27,2026,March,03,Quarter 1,Pacific/Noumea,b99df4a4-2bf5-4c08-9483-bd636470bc11,OTAuto02,b99df4a4-2bf5-4c08-9483-bd636470bc11,svc-otautotenant-qe+02@svc.onetrust.com
evidence-task-implementation-link,f1eb1e7c-1d23-4e41-9be4-233985a78d8b,,,,,,,OneTrust Automation,OneTrust Automation,2026-03-27T04:22:32.357+00:00,2026-03-27,2026,March,03,Quarter 1,2026-03-27T04:22:41.517+00:00,2026-03-27,2026,March,03,Quarter 1,Asia/Tomsk,b99df4a4-2bf5-4c08-9483-bd636470bc11,OTAuto02,b99df4a4-2bf5-4c08-9483-bd636470bc11,svc-otautotenant-qe+02@svc.onetrust.com
evidence-task-implementation-link,f1eb1e7c-1d23-4e41-9be4-233985a78d8b,,,,,,,OneTrust Automation,OneTrust Automation,2026-03-26T22:22:32.357+00:00,2026-03-26,2026,March,03,Quarter 1,2026-03-26T22:22:41.517+00:00,2026-03-26,2026,March,03,Quarter 1,Atlantic/Jan_Mayen,b99df4a4-2bf5-4c08-9483-bd636470bc11,OTAuto02,b99df4a4-2bf5-4c08-9483-bd636470bc11,svc-otautotenant-qe+02@svc.onetrust.com
evidence-task-implementation-link,f1eb1e7c-1d23-4e41-9be4-233985a78d8b,,,,,,,OneTrust Automation,OneTrust Automation,2026-03-27T07:22:32.357+00:00,2026-03-27,2026,March,03,Quarter 1,2026-03-27T07:22:41.517+00:00,2026-03-27,2026,March,03,Quarter 1,Asia/Vladivostok,b99df4a4-2bf5-4c08-9483-bd636470bc11,OTAuto02,b99df4a4-2bf5-4c08-9483-bd636470bc11,svc-otautotenant-qe+02@svc.onetrust.com
evidence-task-implementation-link,f1eb1e7c-1d23-4e41-9be4-233985a78d8b,,,,,,,OneTrust Automation,OneTrust Automation,2026-03-27T04:22:32.357+00:00,2026-03-27,2026,March,03,Quarter 1,2026-03-27T04:22:41.517+00:00,2026-03-27,2026,March,03,Quarter 1,Etc/GMT-7,b99df4a4-2bf5-4c08-9483-bd636470bc11,OTAuto02,b99df4a4-2bf5-4c08-9483-bd636470bc11,svc-otautotenant-qe+02@svc.onetrust.com
evidence-task-implementation-link,f1eb1e7c-1d23-4e41-9be4-233985a78d8b,,,,,,,OneTrust Automation,OneTrust Automation,2026-03-27T00:22:32.357+00:00,2026-03-27,2026,March,03,Quarter 1,2026-03-27T00:22:41.517+00:00,2026-03-27,2026,March,03,Quarter 1,Asia/Istanbul,b99df4a4-2bf5-4c08-9483-bd636470bc11,OTAuto02,b99df4a4-2bf5-4c08-9483-bd636470bc11,svc-otautotenant-qe+02@svc.onetrust.com
evidence-task-implementation-link,f1eb1e7c-1d23-4e41-9be4-233985a78d8b,,,,,,,OneTrust Automation,OneTrust Automation,2026-03-27T05:22:32.357+00:00,2026-03-27,2026,March,03,Quarter 1,2026-03-27T05:22:41.517+00:00,2026-03-27,2026,March,03,Quarter 1,Asia/Chungking,b99df4a4-2bf5-4c08-9483-bd636470bc11,OTAuto02,b99df4a4-2bf5-4c08-9483-bd636470bc11,svc-otautotenant-qe+02@svc.onetrust.com
evidence-task-implementation-link,f1eb1e7c-1d23-4e41-9be4-233985a78d8b,,,,,,,OneTrust Automation,OneTrust Automation,2026-03-26T17:22:32.357+00:00,2026-03-26,2026,March,03,Quarter 1,2026-03-26T17:22:41.517+00:00,2026-03-26,2026,March,03,Quarter 1,Cuba,b99df4a4-2bf5-4c08-9483-bd636470bc11,OTAuto02,b99df4a4-2bf5-4c08-9483-bd636470bc11,svc-otautotenant-qe+02@svc.onetrust.com
evidence-task-implementation-link,f1eb1e7c-1d23-4e41-9be4-233985a78d8b,,,,,,,OneTrust Automation,OneTrust Automation,2026-03-27T08:22:32.357+00:00,2026-03-27,2026,March,03,Quarter 1,2026-03-27T08:22:41.517+00:00,2026-03-27,2026,March,03,Quarter 1,Antarctica/Macquarie,b99df4a4-2bf5-4c08-9483-bd636470bc11,OTAuto02,b99df4a4-2bf5-4c08-9483-bd636470bc11,svc-otautotenant-qe+02@svc.onetrust.com
evidence-task-implementation-link,f1eb1e7c-1d23-4e41-9be4-233985a78d8b,,,,,,,OneTrust Automation,OneTrust Automation,2026-03-26T14:22:32.357+00:00,2026-03-26,2026,March,03,Quarter 1,2026-03-26T14:22:41.517+00:00,2026-03-26,2026,March,03,Quarter 1,Canada/Pacific,b99df4a4-2bf5-4c08-9483-bd636470bc11,OTAuto02,b99df4a4-2bf5-4c08-9483-bd636470bc11,svc-otautotenant-qe+02@svc.onetrust.com
evidence-task-implementation-link,f1eb1e7c-1d23-4e41-9be4-233985a78d8b,,,,,,,OneTrust Automation,OneTrust Automation,2026-03-26T16:22:32.357+00:00,2026-03-26,2026,March,03,Quarter 1,2026-03-26T16:22:41.517+00:00,2026-03-26,2026,March,03,Quarter 1,America/Matamoros,b99df4a4-2bf5-4c08-9483-bd636470bc11,OTAuto02,b99df4a4-2bf5-4c08-9483-bd636470bc11,svc-otautotenant-qe+02@svc.onetrust.com
evidence-task-implementation-link,f1eb1e7c-1d23-4e41-9be4-233985a78d8b,,,,,,,OneTrust Automation,OneTrust Automation,2026-03-27T00:22:32.357+00:00,2026-03-27,2026,March,03,Quarter 1,2026-03-27T00:22:41.517+00:00,2026-03-27,2026,March,03,Quarter 1,Europe/Kirov,b99df4a4-2bf5-4c08-9483-bd636470bc11,OTAuto02,b99df4a4-2bf5-4c08-9483-bd636470bc11,svc-otautotenant-qe+02@svc.onetrust.com
evidence-task-implementation-link,f1eb1e7c-1d23-4e41-9be4-233985a78d8b,,,,,,,OneTrust Automation,OneTrust Automation,2026-03-27T08:22:32.357+00:00,2026-03-27,2026,March,03,Quarter 1,2026-03-27T08:22:41.517+00:00,2026-03-27,2026,March,03,Quarter 1,Pacific/Bougainville,b99df4a4-2bf5-4c08-9483-bd636470bc11,OTAuto02,b99df4a4-2bf5-4c08-9483-bd636470bc11,svc-otautotenant-qe+02@svc.onetrust.com
evidence-task-implementation-link,f1eb1e7c-1d23-4e41-9be4-233985a78d8b,,,,,,,OneTrust Automation,OneTrust Automation,2026-03-27T00:22:32.357+00:00,2026-03-27,2026,March,03,Quarter 1,2026-03-27T00:22:41.517+00:00,2026-03-27,2026,March,03,Quarter 1,Africa/Asmara,b99df4a4-2bf5-4c08-9483-bd636470bc11,OTAuto02,b99df4a4-2bf5-4c08-9483-bd636470bc11,svc-otautotenant-qe+02@svc.onetrust.com
evidence-task-implementation-link,f1eb1e7c-1d23-4e41-9be4-233985a78d8b,,,,,,,OneTrust Automation,OneTrust Automation,2026-03-26T17:22:32.357+00:00,2026-03-26,2026,March,03,Quarter 1,2026-03-26T17:22:41.517+00:00,2026-03-26,2026,March,03,Quarter 1,America/Virgin,b99df4a4-2bf5-4c08-9483-bd636470bc11,OTAuto02,b99df4a4-2bf5-4c08-9483-bd636470bc11,svc-otautotenant-qe+02@svc.onetrust.com
evidence-task-implementation-link,f1eb1e7c-1d23-4e41-9be4-233985a78d8b,,,,,,,OneTrust Automation,OneTrust Automation,2026-03-26T22:22:32.357+00:00,2026-03-26,2026,March,03,Quarter 1,2026-03-26T22:22:41.517+00:00,2026-03-26,2026,March,03,Quarter 1,Arctic/Longyearbyen,b99df4a4-2bf5-4c08-9483-bd636470bc11,OTAuto02,b99df4a4-2bf5-4c08-9483-bd636470bc11,svc-otautotenant-qe+02@svc.onetrust.com
evidence-task-implementation-link,f1eb1e7c-1d23-4e41-9be4-233985a78d8b,,,,,,,OneTrust Automation,OneTrust Automation,2026-03-26T17:22:32.357+00:00,2026-03-26,2026,March,03,Quarter 1,2026-03-26T17:22:41.517+00:00,2026-03-26,2026,March,03,Quarter 1,Etc/GMT+4,b99df4a4-2bf5-4c08-9483-bd636470bc11,OTAuto02,b99df4a4-2bf5-4c08-9483-bd636470bc11,svc-otautotenant-qe+02@svc.onetrust.com
evidence-task-implementation-link,f1eb1e7c-1d23-4e41-9be4-233985a78d8b,,,,,,,OneTrust Automation,OneTrust Automation,2026-03-27T00:22:32.357+00:00,2026-03-27,2026,March,03,Quarter 1,2026-03-27T00:22:41.517+00:00,2026-03-27,2026,March,03,Quarter 1,Asia/Riyadh,b99df4a4-2bf5-4c08-9483-bd636470bc11,OTAuto02,b99df4a4-2bf5-4c08-9483-bd636470bc11,svc-otautotenant-qe+02@svc.onetrust.com
evidence-task-implementation-link,f1eb1e7c-1d23-4e41-9be4-233985a78d8b,,,,,,,OneTrust Automation,OneTrust Automation,2026-03-26T13:22:32.357+00:00,2026-03-26,2026,March,03,Quarter 1,2026-03-26T13:22:41.517+00:00,2026-03-26,2026,March,03,Quarter 1,America/Sitka,b99df4a4-2bf5-4c08-9483-bd636470bc11,OTAuto02,b99df4a4-2bf5-4c08-9483-bd636470bc11,svc-otautotenant-qe+02@svc.onetrust.com
evidence-task-implementation-link,f1eb1e7c-1d23-4e41-9be4-233985a78d8b,,,,,,,OneTrust Automation,OneTrust Automation,2026-03-26T23:22:32.357+00:00,2026-03-26,2026,March,03,Quarter 1,2026-03-26T23:22:41.517+00:00,2026-03-26,2026,March,03,Quarter 1,Europe/Riga,b99df4a4-2bf5-4c08-9483-bd636470bc11,OTAuto02,b99df4a4-2bf5-4c08-9483-bd636470bc11,svc-otautotenant-qe+02@svc.onetrust.com
evidence-task-implementation-link,f1eb1e7c-1d23-4e41-9be4-233985a78d8b,,,,,,,OneTrust Automation,OneTrust Automation,2026-03-26T14:22:32.357+00:00,2026-03-26,2026,March,03,Quarter 1,2026-03-26T14:22:41.517+00:00,2026-03-26,2026,March,03,Quarter 1,America/Creston,b99df4a4-2bf5-4c08-9483-bd636470bc11,OTAuto02,b99df4a4-2bf5-4c08-9483-bd636470bc11,svc-otautotenant-qe+02@svc.onetrust.com
evidence-task-implementation-link,f1eb1e7c-1d23-4e41-9be4-233985a78d8b,,,,,,,OneTrust Automation,OneTrust Automation,2026-03-26T16:22:32.357+00:00,2026-03-26,2026,March,03,Quarter 1,2026-03-26T16:22:41.517+00:00,2026-03-26,2026,March,03,Quarter 1,America/Rainy_River,b99df4a4-2bf5-4c08-9483-bd636470bc11,OTAuto02,b99df4a4-2bf5-4c08-9483-bd636470bc11,svc-otautotenant-qe+02@svc.onetrust.com
evidence-task-implementation-link,f1eb1e7c-1d23-4e41-9be4-233985a78d8b,,,,,,,OneTrust Automation,OneTrust Automation,2026-03-26T18:22:32.357+00:00,2026-03-26,2026,March,03,Quarter 1,2026-03-26T18:22:41.517+00:00,2026-03-26,2026,March,03,Quarter 1,America/Recife,b99df4a4-2bf5-4c08-9483-bd636470bc11,OTAuto02,b99df4a4-2bf5-4c08-9483-bd636470bc11,svc-otautotenant-qe+02@svc.onetrust.com
evidence-task-implementation-link,f1eb1e7c-1d23-4e41-9be4-233985a78d8b,,,,,,,OneTrust Automation,OneTrust Automation,2026-03-26T17:22:32.357+00:00,2026-03-26,2026,March,03,Quarter 1,2026-03-26T17:22:41.517+00:00,2026-03-26,2026,March,03,Quarter 1,America/Curacao,b99df4a4-2bf5-4c08-9483-bd636470bc11,OTAuto02,b99df4a4-2bf5-4c08-9483-bd636470bc11,svc-otautotenant-qe+02@svc.onetrust.com
evidence-task-implementation-link,f1eb1e7c-1d23-4e41-9be4-233985a78d8b,,,,,,,OneTrust Automation,OneTrust Automation,2026-03-26T22:22:32.357+00:00,2026-03-26,2026,March,03,Quarter 1,2026-03-26T22:22:41.517+00:00,2026-03-26,2026,March,03,Quarter 1,Europe/Monaco,b99df4a4-2bf5-4c08-9483-bd636470bc11,OTAuto02,b99df4a4-2bf5-4c08-9483-bd636470bc11,svc-otautotenant-qe+02@svc.onetrust.com
evidence-task-implementation-link,f1eb1e7c-1d23-4e41-9be4-233985a78d8b,,,,,,,OneTrust Automation,OneTrust Automation,2026-03-26T19:22:32.357+00:00,2026-03-26,2026,March,03,Quarter 1,2026-03-26T19:22:41.517+00:00,2026-03-26,2026,March,03,Quarter 1,America/Noronha,b99df4a4-2bf5-4c08-9483-bd636470bc11,OTAuto02,b99df4a4-2bf5-4c08-9483-bd636470bc11,svc-otautotenant-qe+02@svc.onetrust.com
evidence-task-implementation-link,f1eb1e7c-1d23-4e41-9be4-233985a78d8b,,,,,,,OneTrust Automation,OneTrust Automation,2026-03-27T07:52:32.357+00:00,2026-03-27,2026,March,03,Quarter 1,2026-03-27T07:52:41.517+00:00,2026-03-27,2026,March,03,Quarter 1,Australia/Adelaide,b99df4a4-2bf5-4c08-9483-bd636470bc11,OTAuto02,b99df4a4-2bf5-4c08-9483-bd636470bc11,svc-otautotenant-qe+02@svc.onetrust.com
evidence-task-implementation-link,f1eb1e7c-1d23-4e41-9be4-233985a78d8b,,,,,,,OneTrust Automation,OneTrust Automation,2026-03-27T00:22:32.357+00:00,2026-03-27,2026,March,03,Quarter 1,2026-03-27T00:22:41.517+00:00,2026-03-27,2026,March,03,Quarter 1,Europe/Volgograd,b99df4a4-2bf5-4c08-9483-bd636470bc11,OTAuto02,b99df4a4-2bf5-4c08-9483-bd636470bc11,svc-otautotenant-qe+02@svc.onetrust.com
evidence-task-implementation-link,f1eb1e7c-1d23-4e41-9be4-233985a78d8b,,,,,,,OneTrust Automation,OneTrust Automation,2026-03-26T18:22:32.357+00:00,2026-03-26,2026,March,03,Quarter 1,2026-03-26T18:22:41.517+00:00,2026-03-26,2026,March,03,Quarter 1,America/Catamarca,b99df4a4-2bf5-4c08-9483-bd636470bc11,OTAuto02,b99df4a4-2bf5-4c08-9483-bd636470bc11,svc-otautotenant-qe+02@svc.onetrust.com
evidence-task-implementation-link,f1eb1e7c-1d23-4e41-9be4-233985a78d8b,,,,,,,OneTrust Automation,OneTrust Automation,2026-03-26T17:22:32.357+00:00,2026-03-26,2026,March,03,Quarter 1,2026-03-26T17:22:41.517+00:00,2026-03-26,2026,March,03,Quarter 1,America/Port_of_Spain,b99df4a4-2bf5-4c08-9483-bd636470bc11,OTAuto02,b99df4a4-2bf5-4c08-9483-bd636470bc11,svc-otautotenant-qe+02@svc.onetrust.com
evidence-task-implementation-link,f1eb1e7c-1d23-4e41-9be4-233985a78d8b,,,,,,,OneTrust Automation,OneTrust Automation,2026-03-26T22:22:32.357+00:00,2026-03-26,2026,March,03,Quarter 1,2026-03-26T22:22:41.517+00:00,2026-03-26,2026,March,03,Quarter 1,Europe/Busingen,b99df4a4-2bf5-4c08-9483-bd636470bc11,OTAuto02,b99df4a4-2bf5-4c08-9483-bd636470bc11,svc-otautotenant-qe+02@svc.onetrust.com
evidence-task-implementation-link,f1eb1e7c-1d23-4e41-9be4-233985a78d8b,,,,,,,OneTrust Automation,OneTrust Automation,2026-03-26T21:22:32.357+00:00,2026-03-26,2026,March,03,Quarter 1,2026-03-26T21:22:41.517+00:00,2026-03-26,2026,March,03,Quarter 1,Europe/Isle_of_Man,b99df4a4-2bf5-4c08-9483-bd636470bc11,OTAuto02,b99df4a4-2bf5-4c08-9483-bd636470bc11,svc-otautotenant-qe+02@svc.onetrust.com
evidence-task-implementation-link,f1eb1e7c-1d23-4e41-9be4-233985a78d8b,,,,,,,OneTrust Automation,OneTrust Automation,2026-03-26T16:22:32.357+00:00,2026-03-26,2026,March,03,Quarter 1,2026-03-26T16:22:41.517+00:00,2026-03-26,2026,March,03,Quarter 1,America/Coral_Harbour,b99df4a4-2bf5-4c08-9483-bd636470bc11,OTAuto02,b99df4a4-2bf5-4c08-9483-bd636470bc11,svc-otautotenant-qe+02@svc.onetrust.com
evidence-task-implementation-link,f1eb1e7c-1d23-4e41-9be4-233985a78d8b,,,,,,,OneTrust Automation,OneTrust Automation,2026-03-27T01:22:32.357+00:00,2026-03-27,2026,March,03,Quarter 1,2026-03-27T01:22:41.517+00:00,2026-03-27,2026,March,03,Quarter 1,Etc/GMT-4,b99df4a4-2bf5-4c08-9483-bd636470bc11,OTAuto02,b99df4a4-2bf5-4c08-9483-bd636470bc11,svc-otautotenant-qe+02@svc.onetrust.com
evidence-task-implementation-link,f1eb1e7c-1d23-4e41-9be4-233985a78d8b,,,,,,,OneTrust Automation,OneTrust Automation,2026-03-26T10:22:32.357+00:00,2026-03-26,2026,March,03,Quarter 1,2026-03-26T10:22:41.517+00:00,2026-03-26,2026,March,03,Quarter 1,Pacific/Pago_Pago,b99df4a4-2bf5-4c08-9483-bd636470bc11,OTAuto02,b99df4a4-2bf5-4c08-9483-bd636470bc11,svc-otautotenant-qe+02@svc.onetrust.com
evidence-task-implementation-link,f1eb1e7c-1d23-4e41-9be4-233985a78d8b,,,,,,,OneTrust Automation,OneTrust Automation,2026-03-27T11:07:32.357+00:00,2026-03-27,2026,March,03,Quarter 1,2026-03-27T11:07:41.517+00:00,2026-03-27,2026,March,03,Quarter 1,Pacific/Chatham,b99df4a4-2bf5-4c08-9483-bd636470bc11,OTAuto02,b99df4a4-2bf5-4c08-9483-bd636470bc11,svc-otautotenant-qe+02@svc.onetrust.com
evidence-task-implementation-link,f1eb1e7c-1d23-4e41-9be4-233985a78d8b,,,,,,,OneTrust Automation,OneTrust Automation,2026-03-27T04:22:32.357+00:00,2026-03-27,2026,March,03,Quarter 1,2026-03-27T04:22:41.517+00:00,2026-03-27,2026,March,03,Quarter 1,Asia/Jakarta,b99df4a4-2bf5-4c08-9483-bd636470bc11,OTAuto02,b99df4a4-2bf5-4c08-9483-bd636470bc11,svc-otautotenant-qe+02@svc.onetrust.com
evidence-task-implementation-link,f1eb1e7c-1d23-4e41-9be4-233985a78d8b,,,,,,,OneTrust Automation,OneTrust Automation,2026-03-26T16:22:32.357+00:00,2026-03-26,2026,March,03,Quarter 1,2026-03-26T16:22:41.517+00:00,2026-03-26,2026,March,03,Quarter 1,America/Atikokan,b99df4a4-2bf5-4c08-9483-bd636470bc11,OTAuto02,b99df4a4-2bf5-4c08-9483-bd636470bc11,svc-otautotenant-qe+02@svc.onetrust.com
evidence-task-implementation-link,f1eb1e7c-1d23-4e41-9be4-233985a78d8b,,,,,,,OneTrust Automation,OneTrust Automation,2026-03-26T18:22:32.357+00:00,2026-03-26,2026,March,03,Quarter 1,2026-03-26T18:22:41.517+00:00,2026-03-26,2026,March,03,Quarter 1,America/Montevideo,b99df4a4-2bf5-4c08-9483-bd636470bc11,OTAuto02,b99df4a4-2bf5-4c08-9483-bd636470bc11,svc-otautotenant-qe+02@svc.onetrust.com
evidence-task-implementation-link,f1eb1e7c-1d23-4e41-9be4-233985a78d8b,,,,,,,OneTrust Automation,OneTrust Automation,2026-03-27T01:22:32.357+00:00,2026-03-27,2026,March,03,Quarter 1,2026-03-27T01:22:41.517+00:00,2026-03-27,2026,March,03,Quarter 1,Indian/Reunion,b99df4a4-2bf5-4c08-9483-bd636470bc11,OTAuto02,b99df4a4-2bf5-4c08-9483-bd636470bc11,svc-otautotenant-qe+02@svc.onetrust.com
evidence-task-implementation-link,f1eb1e7c-1d23-4e41-9be4-233985a78d8b,,,,,,,OneTrust Automation,OneTrust Automation,2026-03-26T17:22:32.357+00:00,2026-03-26,2026,March,03,Quarter 1,2026-03-26T17:22:41.517+00:00,2026-03-26,2026,March,03,Quarter 1,America/Cuiaba,b99df4a4-2bf5-4c08-9483-bd636470bc11,OTAuto02,b99df4a4-2bf5-4c08-9483-bd636470bc11,svc-otautotenant-qe+02@svc.onetrust.com
evidence-task-implementation-link,f1eb1e7c-1d23-4e41-9be4-233985a78d8b,,,,,,,OneTrust Automation,OneTrust Automation,2026-03-26T22:22:32.357+00:00,2026-03-26,2026,March,03,Quarter 1,2026-03-26T22:22:41.517+00:00,2026-03-26,2026,March,03,Quarter 1,Africa/Kinshasa,b99df4a4-2bf5-4c08-9483-bd636470bc11,OTAuto02,b99df4a4-2bf5-4c08-9483-bd636470bc11,svc-otautotenant-qe+02@svc.onetrust.com
evidence-task-implementation-link,f1eb1e7c-1d23-4e41-9be4-233985a78d8b,,,,,,,OneTrust Automation,OneTrust Automation,2026-03-26T15:22:32.357+00:00,2026-03-26,2026,March,03,Quarter 1,2026-03-26T15:22:41.517+00:00,2026-03-26,2026,March,03,Quarter 1,America/Ciudad_Juarez,b99df4a4-2bf5-4c08-9483-bd636470bc11,OTAuto02,b99df4a4-2bf5-4c08-9483-bd636470bc11,svc-otautotenant-qe+02@svc.onetrust.com
evidence-task-implementation-link,f1eb1e7c-1d23-4e41-9be4-233985a78d8b,,,,,,,OneTrust Automation,OneTrust Automation,2026-03-26T15:22:32.357+00:00,2026-03-26,2026,March,03,Quarter 1,2026-03-26T15:22:41.517+00:00,2026-03-26,2026,March,03,Quarter 1,Navajo,b99df4a4-2bf5-4c08-9483-bd636470bc11,OTAuto02,b99df4a4-2bf5-4c08-9483-bd636470bc11,svc-otautotenant-qe+02@svc.onetrust.com
evidence-task-implementation-link,f1eb1e7c-1d23-4e41-9be4-233985a78d8b,,,,,,,OneTrust Automation,OneTrust Automation,2026-03-26T22:22:32.357+00:00,2026-03-26,2026,March,03,Quarter 1,2026-03-26T22:22:41.517+00:00,2026-03-26,2026,March,03,Quarter 1,Europe/Prague,b99df4a4-2bf5-4c08-9483-bd636470bc11,OTAuto02,b99df4a4-2bf5-4c08-9483-bd636470bc11,svc-otautotenant-qe+02@svc.onetrust.com
evidence-task-implementation-link,f1eb1e7c-1d23-4e41-9be4-233985a78d8b,,,,,,,OneTrust Automation,OneTrust Automation,2026-03-27T00:22:32.357+00:00,2026-03-27,2026,March,03,Quarter 1,2026-03-27T00:22:41.517+00:00,2026-03-27,2026,March,03,Quarter 1,Antarctica/Syowa,b99df4a4-2bf5-4c08-9483-bd636470bc11,OTAuto02,b99df4a4-2bf5-4c08-9483-bd636470bc11,svc-otautotenant-qe+02@svc.onetrust.com
evidence-task-implementation-link,f1eb1e7c-1d23-4e41-9be4-233985a78d8b,,,,,,,OneTrust Automation,OneTrust Automation,2026-03-26T14:22:32.357+00:00,2026-03-26,2026,March,03,Quarter 1,2026-03-26T14:22:41.517+00:00,2026-03-26,2026,March,03,Quarter 1,Mexico/BajaSur,b99df4a4-2bf5-4c08-9483-bd636470bc11,OTAuto02,b99df4a4-2bf5-4c08-9483-bd636470bc11,svc-otautotenant-qe+02@svc.onetrust.com
evidence-task-implementation-link,f1eb1e7c-1d23-4e41-9be4-233985a78d8b,,,,,,,OneTrust Automation,OneTrust Automation,2026-03-26T21:22:32.357+00:00,2026-03-26,2026,March,03,Quarter 1,2026-03-26T21:22:41.517+00:00,2026-03-26,2026,March,03,Quarter 1,GMT,b99df4a4-2bf5-4c08-9483-bd636470bc11,OTAuto02,b99df4a4-2bf5-4c08-9483-bd636470bc11,svc-otautotenant-qe+02@svc.onetrust.com
evidence-task-implementation-link,f1eb1e7c-1d23-4e41-9be4-233985a78d8b,,,,,,,OneTrust Automation,OneTrust Automation,2026-03-27T04:22:32.357+00:00,2026-03-27,2026,March,03,Quarter 1,2026-03-27T04:22:41.517+00:00,2026-03-27,2026,March,03,Quarter 1,Asia/Ho_Chi_Minh,b99df4a4-2bf5-4c08-9483-bd636470bc11,OTAuto02,b99df4a4-2bf5-4c08-9483-bd636470bc11,svc-otautotenant-qe+02@svc.onetrust.com
evidence-task-implementation-link,f1eb1e7c-1d23-4e41-9be4-233985a78d8b,,,,,,,OneTrust Automation,OneTrust Automation,2026-03-26T17:22:32.357+00:00,2026-03-26,2026,March,03,Quarter 1,2026-03-26T17:22:41.517+00:00,2026-03-26,2026,March,03,Quarter 1,America/La_Paz,b99df4a4-2bf5-4c08-9483-bd636470bc11,OTAuto02,b99df4a4-2bf5-4c08-9483-bd636470bc11,svc-otautotenant-qe+02@svc.onetrust.com
evidence-task-implementation-link,f1eb1e7c-1d23-4e41-9be4-233985a78d8b,,,,,,,OneTrust Automation,OneTrust Automation,2026-03-27T07:22:32.357+00:00,2026-03-27,2026,March,03,Quarter 1,2026-03-27T07:22:41.517+00:00,2026-03-27,2026,March,03,Quarter 1,Etc/GMT-10,b99df4a4-2bf5-4c08-9483-bd636470bc11,OTAuto02,b99df4a4-2bf5-4c08-9483-bd636470bc11,svc-otautotenant-qe+02@svc.onetrust.com
evidence-task-implementation-link,f1eb1e7c-1d23-4e41-9be4-233985a78d8b,,,,,,,OneTrust Automation,OneTrust Automation,2026-03-26T16:22:32.357+00:00,2026-03-26,2026,March,03,Quarter 1,2026-03-26T16:22:41.517+00:00,2026-03-26,2026,March,03,Quarter 1,America/Rankin_Inlet,b99df4a4-2bf5-4c08-9483-bd636470bc11,OTAuto02,b99df4a4-2bf5-4c08-9483-bd636470bc11,svc-otautotenant-qe+02@svc.onetrust.com
evidence-task-implementation-link,f1eb1e7c-1d23-4e41-9be4-233985a78d8b,,,,,,,OneTrust Automation,OneTrust Automation,2026-03-27T08:22:32.357+00:00,2026-03-27,2026,March,03,Quarter 1,2026-03-27T08:22:41.517+00:00,2026-03-27,2026,March,03,Quarter 1,Pacific/Pohnpei,b99df4a4-2bf5-4c08-9483-bd636470bc11,OTAuto02,b99df4a4-2bf5-4c08-9483-bd636470bc11,svc-otautotenant-qe+02@svc.onetrust.com
evidence-task-implementation-link,f1eb1e7c-1d23-4e41-9be4-233985a78d8b,,,,,,,OneTrust Automation,OneTrust Automation,2026-03-27T09:22:32.357+00:00,2026-03-27,2026,March,03,Quarter 1,2026-03-27T09:22:41.517+00:00,2026-03-27,2026,March,03,Quarter 1,Pacific/Majuro,b99df4a4-2bf5-4c08-9483-bd636470bc11,OTAuto02,b99df4a4-2bf5-4c08-9483-bd636470bc11,svc-otautotenant-qe+02@svc.onetrust.com
evidence-task-implementation-link,f1eb1e7c-1d23-4e41-9be4-233985a78d8b,,,,,,,OneTrust Automation,OneTrust Automation,2026-03-26T17:22:32.357+00:00,2026-03-26,2026,March,03,Quarter 1,2026-03-26T17:22:41.517+00:00,2026-03-26,2026,March,03,Quarter 1,America/Guyana,b99df4a4-2bf5-4c08-9483-bd636470bc11,OTAuto02,b99df4a4-2bf5-4c08-9483-bd636470bc11,svc-otautotenant-qe+02@svc.onetrust.com
evidence-task-implementation-link,f1eb1e7c-1d23-4e41-9be4-233985a78d8b,,,,,,,OneTrust Automation,OneTrust Automation,2026-03-27T06:07:32.357+00:00,2026-03-27,2026,March,03,Quarter 1,2026-03-27T06:07:41.517+00:00,2026-03-27,2026,March,03,Quarter 1,Australia/Eucla,b99df4a4-2bf5-4c08-9483-bd636470bc11,OTAuto02,b99df4a4-2bf5-4c08-9483-bd636470bc11,svc-otautotenant-qe+02@svc.onetrust.com
evidence-task-implementation-link,f1eb1e7c-1d23-4e41-9be4-233985a78d8b,,,,,,,OneTrust Automation,OneTrust Automation,2026-03-26T18:22:32.357+00:00,2026-03-26,2026,March,03,Quarter 1,2026-03-26T18:22:41.517+00:00,2026-03-26,2026,March,03,Quarter 1,America/Argentina/San_Luis,b99df4a4-2bf5-4c08-9483-bd636470bc11,OTAuto02,b99df4a4-2bf5-4c08-9483-bd636470bc11,svc-otautotenant-qe+02@svc.onetrust.com
evidence-task-implementation-link,f1eb1e7c-1d23-4e41-9be4-233985a78d8b,,,,,,,OneTrust Automation,OneTrust Automation,2026-03-26T22:22:32.357+00:00,2026-03-26,2026,March,03,Quarter 1,2026-03-26T22:22:41.517+00:00,2026-03-26,2026,March,03,Quarter 1,Europe/Malta,b99df4a4-2bf5-4c08-9483-bd636470bc11,OTAuto02,b99df4a4-2bf5-4c08-9483-bd636470bc11,svc-otautotenant-qe+02@svc.onetrust.com
evidence-task-implementation-link,f1eb1e7c-1d23-4e41-9be4-233985a78d8b,,,,,,,OneTrust Automation,OneTrust Automation,2026-03-26T18:22:32.357+00:00,2026-03-26,2026,March,03,Quarter 1,2026-03-26T18:22:41.517+00:00,2026-03-26,2026,March,03,Quarter 1,America/Argentina/San_Juan,b99df4a4-2bf5-4c08-9483-bd636470bc11,OTAuto02,b99df4a4-2bf5-4c08-9483-bd636470bc11,svc-otautotenant-qe+02@svc.onetrust.com
evidence-task-implementation-link,f1eb1e7c-1d23-4e41-9be4-233985a78d8b,,,,,,,OneTrust Automation,OneTrust Automation,2026-03-26T23:22:32.357+00:00,2026-03-26,2026,March,03,Quarter 1,2026-03-26T23:22:41.517+00:00,2026-03-26,2026,March,03,Quarter 1,Africa/Maputo,b99df4a4-2bf5-4c08-9483-bd636470bc11,OTAuto02,b99df4a4-2bf5-4c08-9483-bd636470bc11,svc-otautotenant-qe+02@svc.onetrust.com
evidence-task-implementation-link,f1eb1e7c-1d23-4e41-9be4-233985a78d8b,,,,,,,OneTrust Automation,OneTrust Automation,2026-03-26T17:22:32.357+00:00,2026-03-26,2026,March,03,Quarter 1,2026-03-26T17:22:41.517+00:00,2026-03-26,2026,March,03,Quarter 1,America/Toronto,b99df4a4-2bf5-4c08-9483-bd636470bc11,OTAuto02,b99df4a4-2bf5-4c08-9483-bd636470bc11,svc-otautotenant-qe+02@svc.onetrust.com
evidence-task-implementation-link,f1eb1e7c-1d23-4e41-9be4-233985a78d8b,,,,,,,OneTrust Automation,OneTrust Automation,2026-03-26T11:22:32.357+00:00,2026-03-26,2026,March,03,Quarter 1,2026-03-26T11:22:41.517+00:00,2026-03-26,2026,March,03,Quarter 1,Pacific/Rarotonga,b99df4a4-2bf5-4c08-9483-bd636470bc11,OTAuto02,b99df4a4-2bf5-4c08-9483-bd636470bc11,svc-otautotenant-qe+02@svc.onetrust.com
evidence-task-implementation-link,f1eb1e7c-1d23-4e41-9be4-233985a78d8b,,,,,,,OneTrust Automation,OneTrust Automation,2026-03-26T21:22:32.357+00:00,2026-03-26,2026,March,03,Quarter 1,2026-03-26T21:22:41.517+00:00,2026-03-26,2026,March,03,Quarter 1,Eire,b99df4a4-2bf5-4c08-9483-bd636470bc11,OTAuto02,b99df4a4-2bf5-4c08-9483-bd636470bc11,svc-otautotenant-qe+02@svc.onetrust.com
evidence-task-implementation-link,f1eb1e7c-1d23-4e41-9be4-233985a78d8b,,,,,,,OneTrust Automation,OneTrust Automation,2026-03-26T22:22:32.357+00:00,2026-03-26,2026,March,03,Quarter 1,2026-03-26T22:22:41.517+00:00,2026-03-26,2026,March,03,Quarter 1,Etc/GMT-1,b99df4a4-2bf5-4c08-9483-bd636470bc11,OTAuto02,b99df4a4-2bf5-4c08-9483-bd636470bc11,svc-otautotenant-qe+02@svc.onetrust.com
evidence-task-implementation-link,f1eb1e7c-1d23-4e41-9be4-233985a78d8b,,,,,,,OneTrust Automation,OneTrust Automation,2026-03-26T23:22:32.357+00:00,2026-03-26,2026,March,03,Quarter 1,2026-03-26T23:22:41.517+00:00,2026-03-26,2026,March,03,Quarter 1,Africa/Johannesburg,b99df4a4-2bf5-4c08-9483-bd636470bc11,OTAuto02,b99df4a4-2bf5-4c08-9483-bd636470bc11,svc-otautotenant-qe+02@svc.onetrust.com
evidence-task-implementation-link,f1eb1e7c-1d23-4e41-9be4-233985a78d8b,,,,,,,OneTrust Automation,OneTrust Automation,2026-03-26T16:22:32.357+00:00,2026-03-26,2026,March,03,Quarter 1,2026-03-26T16:22:41.517+00:00,2026-03-26,2026,March,03,Quarter 1,America/Chicago,b99df4a4-2bf5-4c08-9483-bd636470bc11,OTAuto02,b99df4a4-2bf5-4c08-9483-bd636470bc11,svc-otautotenant-qe+02@svc.onetrust.com
evidence-task-implementation-link,f1eb1e7c-1d23-4e41-9be4-233985a78d8b,,,,,,,OneTrust Automation,OneTrust Automation,2026-03-27T02:22:32.357+00:00,2026-03-27,2026,March,03,Quarter 1,2026-03-27T02:22:41.517+00:00,2026-03-27,2026,March,03,Quarter 1,Asia/Aqtau,b99df4a4-2bf5-4c08-9483-bd636470bc11,OTAuto02,b99df4a4-2bf5-4c08-9483-bd636470bc11,svc-otautotenant-qe+02@svc.onetrust.com
evidence-task-implementation-link,f1eb1e7c-1d23-4e41-9be4-233985a78d8b,,,,,,,OneTrust Automation,OneTrust Automation,2026-03-27T07:22:32.357+00:00,2026-03-27,2026,March,03,Quarter 1,2026-03-27T07:22:41.517+00:00,2026-03-27,2026,March,03,Quarter 1,Australia/Queensland,b99df4a4-2bf5-4c08-9483-bd636470bc11,OTAuto02,b99df4a4-2bf5-4c08-9483-bd636470bc11,svc-otautotenant-qe+02@svc.onetrust.com
evidence-task-implementation-link,f1eb1e7c-1d23-4e41-9be4-233985a78d8b,,,,,,,OneTrust Automation,OneTrust Automation,2026-03-26T22:22:32.357+00:00,2026-03-26,2026,March,03,Quarter 1,2026-03-26T22:22:41.517+00:00,2026-03-26,2026,March,03,Quarter 1,Europe/Podgorica,b99df4a4-2bf5-4c08-9483-bd636470bc11,OTAuto02,b99df4a4-2bf5-4c08-9483-bd636470bc11,svc-otautotenant-qe+02@svc.onetrust.com
evidence-task-implementation-link,f1eb1e7c-1d23-4e41-9be4-233985a78d8b,,,,,,,OneTrust Automation,OneTrust Automation,2026-03-27T04:22:32.357+00:00,2026-03-27,2026,March,03,Quarter 1,2026-03-27T04:22:41.517+00:00,2026-03-27,2026,March,03,Quarter 1,Asia/Saigon,b99df4a4-2bf5-4c08-9483-bd636470bc11,OTAuto02,b99df4a4-2bf5-4c08-9483-bd636470bc11,svc-otautotenant-qe+02@svc.onetrust.com
evidence-task-implementation-link,f1eb1e7c-1d23-4e41-9be4-233985a78d8b,,,,,,,OneTrust Automation,OneTrust Automation,2026-03-26T18:22:32.357+00:00,2026-03-26,2026,March,03,Quarter 1,2026-03-26T18:22:41.517+00:00,2026-03-26,2026,March,03,Quarter 1,Chile/Continental,b99df4a4-2bf5-4c08-9483-bd636470bc11,OTAuto02,b99df4a4-2bf5-4c08-9483-bd636470bc11,svc-otautotenant-qe+02@svc.onetrust.com
evidence-task-implementation-link,f1eb1e7c-1d23-4e41-9be4-233985a78d8b,,,,,,,OneTrust Automation,OneTrust Automation,2026-03-26T17:22:32.357+00:00,2026-03-26,2026,March,03,Quarter 1,2026-03-26T17:22:41.517+00:00,2026-03-26,2026,March,03,Quarter 1,America/Campo_Grande,b99df4a4-2bf5-4c08-9483-bd636470bc11,OTAuto02,b99df4a4-2bf5-4c08-9483-bd636470bc11,svc-otautotenant-qe+02@svc.onetrust.com
evidence-task-implementation-link,f1eb1e7c-1d23-4e41-9be4-233985a78d8b,,,,,,,OneTrust Automation,OneTrust Automation,2026-03-26T17:22:32.357+00:00,2026-03-26,2026,March,03,Quarter 1,2026-03-26T17:22:41.517+00:00,2026-03-26,2026,March,03,Quarter 1,America/Indiana/Vevay,b99df4a4-2bf5-4c08-9483-bd636470bc11,OTAuto02,b99df4a4-2bf5-4c08-9483-bd636470bc11,svc-otautotenant-qe+02@svc.onetrust.com
evidence-task-implementation-link,f1eb1e7c-1d23-4e41-9be4-233985a78d8b,,,,,,,OneTrust Automation,OneTrust Automation,2026-03-26T11:22:32.357+00:00,2026-03-26,2026,March,03,Quarter 1,2026-03-26T11:22:41.517+00:00,2026-03-26,2026,March,03,Quarter 1,HST,b99df4a4-2bf5-4c08-9483-bd636470bc11,OTAuto02,b99df4a4-2bf5-4c08-9483-bd636470bc11,svc-otautotenant-qe+02@svc.onetrust.com
evidence-task-implementation-link,f1eb1e7c-1d23-4e41-9be4-233985a78d8b,,,,,,,OneTrust Automation,OneTrust Automation,2026-03-26T19:22:32.357+00:00,2026-03-26,2026,March,03,Quarter 1,2026-03-26T19:22:41.517+00:00,2026-03-26,2026,March,03,Quarter 1,America/Scoresbysund,b99df4a4-2bf5-4c08-9483-bd636470bc11,OTAuto02,b99df4a4-2bf5-4c08-9483-bd636470bc11,svc-otautotenant-qe+02@svc.onetrust.com
evidence-task-implementation-link,f1eb1e7c-1d23-4e41-9be4-233985a78d8b,,,,,,,OneTrust Automation,OneTrust Automation,2026-03-26T22:22:32.357+00:00,2026-03-26,2026,March,03,Quarter 1,2026-03-26T22:22:41.517+00:00,2026-03-26,2026,March,03,Quarter 1,MET,b99df4a4-2bf5-4c08-9483-bd636470bc11,OTAuto02,b99df4a4-2bf5-4c08-9483-bd636470bc11,svc-otautotenant-qe+02@svc.onetrust.com
evidence-task-implementation-link,f1eb1e7c-1d23-4e41-9be4-233985a78d8b,,,,,,,OneTrust Automation,OneTrust Automation,2026-03-26T15:22:32.357+00:00,2026-03-26,2026,March,03,Quarter 1,2026-03-26T15:22:41.517+00:00,2026-03-26,2026,March,03,Quarter 1,America/Tegucigalpa,b99df4a4-2bf5-4c08-9483-bd636470bc11,OTAuto02,b99df4a4-2bf5-4c08-9483-bd636470bc11,svc-otautotenant-qe+02@svc.onetrust.com
evidence-task-implementation-link,f1eb1e7c-1d23-4e41-9be4-233985a78d8b,,,,,,,OneTrust Automation,OneTrust Automation,2026-03-26T21:22:32.357+00:00,2026-03-26,2026,March,03,Quarter 1,2026-03-26T21:22:41.517+00:00,2026-03-26,2026,March,03,Quarter 1,Atlantic/Reykjavik,b99df4a4-2bf5-4c08-9483-bd636470bc11,OTAuto02,b99df4a4-2bf5-4c08-9483-bd636470bc11,svc-otautotenant-qe+02@svc.onetrust.com
evidence-task-implementation-link,f1eb1e7c-1d23-4e41-9be4-233985a78d8b,,,,,,,OneTrust Automation,OneTrust Automation,2026-03-26T20:22:32.357+00:00,2026-03-26,2026,March,03,Quarter 1,2026-03-26T20:22:41.517+00:00,2026-03-26,2026,March,03,Quarter 1,Etc/GMT+1,b99df4a4-2bf5-4c08-9483-bd636470bc11,OTAuto02,b99df4a4-2bf5-4c08-9483-bd636470bc11,svc-otautotenant-qe+02@svc.onetrust.com
evidence-task-implementation-link,f1eb1e7c-1d23-4e41-9be4-233985a78d8b,,,,,,,OneTrust Automation,OneTrust Automation,2026-03-26T23:22:32.357+00:00,2026-03-26,2026,March,03,Quarter 1,2026-03-26T23:22:41.517+00:00,2026-03-26,2026,March,03,Quarter 1,Europe/Zaporozhye,b99df4a4-2bf5-4c08-9483-bd636470bc11,OTAuto02,b99df4a4-2bf5-4c08-9483-bd636470bc11,svc-otautotenant-qe+02@svc.onetrust.com
evidence-task-implementation-link,f1eb1e7c-1d23-4e41-9be4-233985a78d8b,,,,,,,OneTrust Automation,OneTrust Automation,2026-03-26T15:22:32.357+00:00,2026-03-26,2026,March,03,Quarter 1,2026-03-26T15:22:41.517+00:00,2026-03-26,2026,March,03,Quarter 1,America/Shiprock,b99df4a4-2bf5-4c08-9483-bd636470bc11,OTAuto02,b99df4a4-2bf5-4c08-9483-bd636470bc11,svc-otautotenant-qe+02@svc.onetrust.com
evidence-task-implementation-link,f1eb1e7c-1d23-4e41-9be4-233985a78d8b,,,,,,,OneTrust Automation,OneTrust Automation,2026-03-26T13:22:32.357+00:00,2026-03-26,2026,March,03,Quarter 1,2026-03-26T13:22:41.517+00:00,2026-03-26,2026,March,03,Quarter 1,America/Metlakatla,b99df4a4-2bf5-4c08-9483-bd636470bc11,OTAuto02,b99df4a4-2bf5-4c08-9483-bd636470bc11,svc-otautotenant-qe+02@svc.onetrust.com
evidence-task-implementation-link,f1eb1e7c-1d23-4e41-9be4-233985a78d8b,,,,,,,OneTrust Automation,OneTrust Automation,2026-03-26T23:22:32.357+00:00,2026-03-26,2026,March,03,Quarter 1,2026-03-26T23:22:41.517+00:00,2026-03-26,2026,March,03,Quarter 1,Asia/Hebron,b99df4a4-2bf5-4c08-9483-bd636470bc11,OTAuto02,b99df4a4-2bf5-4c08-9483-bd636470bc11,svc-otautotenant-qe+02@svc.onetrust.com
evidence-task-implementation-link,f1eb1e7c-1d23-4e41-9be4-233985a78d8b,,,,,,,OneTrust Automation,OneTrust Automation,2026-03-26T23:22:32.357+00:00,2026-03-26,2026,March,03,Quarter 1,2026-03-26T23:22:41.517+00:00,2026-03-26,2026,March,03,Quarter 1,Europe/Helsinki,b99df4a4-2bf5-4c08-9483-bd636470bc11,OTAuto02,b99df4a4-2bf5-4c08-9483-bd636470bc11,svc-otautotenant-qe+02@svc.onetrust.com
evidence-task-implementation-link,f1eb1e7c-1d23-4e41-9be4-233985a78d8b,,,,,,,OneTrust Automation,OneTrust Automation,2026-03-26T18:22:32.357+00:00,2026-03-26,2026,March,03,Quarter 1,2026-03-26T18:22:41.517+00:00,2026-03-26,2026,March,03,Quarter 1,America/Halifax,b99df4a4-2bf5-4c08-9483-bd636470bc11,OTAuto02,b99df4a4-2bf5-4c08-9483-bd636470bc11,svc-otautotenant-qe+02@svc.onetrust.com
evidence-task-implementation-link,f1eb1e7c-1d23-4e41-9be4-233985a78d8b,,,,,,,OneTrust Automation,OneTrust Automation,2026-03-27T00:22:32.357+00:00,2026-03-27,2026,March,03,Quarter 1,2026-03-27T00:22:41.517+00:00,2026-03-27,2026,March,03,Quarter 1,Africa/Djibouti,b99df4a4-2bf5-4c08-9483-bd636470bc11,OTAuto02,b99df4a4-2bf5-4c08-9483-bd636470bc11,svc-otautotenant-qe+02@svc.onetrust.com
evidence-task-implementation-link,f1eb1e7c-1d23-4e41-9be4-233985a78d8b,,,,,,,OneTrust Automation,OneTrust Automation,2026-03-27T05:22:32.357+00:00,2026-03-27,2026,March,03,Quarter 1,2026-03-27T05:22:41.517+00:00,2026-03-27,2026,March,03,Quarter 1,Asia/Hong_Kong,b99df4a4-2bf5-4c08-9483-bd636470bc11,OTAuto02,b99df4a4-2bf5-4c08-9483-bd636470bc11,svc-otautotenant-qe+02@svc.onetrust.com
evidence-task-implementation-link,f1eb1e7c-1d23-4e41-9be4-233985a78d8b,,,,,,,OneTrust Automation,OneTrust Automation,2026-03-27T08:22:32.357+00:00,2026-03-27,2026,March,03,Quarter 1,2026-03-27T08:22:41.517+00:00,2026-03-27,2026,March,03,Quarter 1,Australia/Currie,b99df4a4-2bf5-4c08-9483-bd636470bc11,OTAuto02,b99df4a4-2bf5-4c08-9483-bd636470bc11,svc-otautotenant-qe+02@svc.onetrust.com
evidence-task-implementation-link,f1eb1e7c-1d23-4e41-9be4-233985a78d8b,,,,,,,OneTrust Automation,OneTrust Automation,2026-03-26T11:22:32.357+00:00,2026-03-26,2026,March,03,Quarter 1,2026-03-26T11:22:41.517+00:00,2026-03-26,2026,March,03,Quarter 1,Pacific/Tahiti,b99df4a4-2bf5-4c08-9483-bd636470bc11,OTAuto02,b99df4a4-2bf5-4c08-9483-bd636470bc11,svc-otautotenant-qe+02@svc.onetrust.com
evidence-task-implementation-link,f1eb1e7c-1d23-4e41-9be4-233985a78d8b,,,,,,,OneTrust Automation,OneTrust Automation,2026-03-26T16:22:32.357+00:00,2026-03-26,2026,March,03,Quarter 1,2026-03-26T16:22:41.517+00:00,2026-03-26,2026,March,03,Quarter 1,America/Lima,b99df4a4-2bf5-4c08-9483-bd636470bc11,OTAuto02,b99df4a4-2bf5-4c08-9483-bd636470bc11,svc-otautotenant-qe+02@svc.onetrust.com
evidence-task-implementation-link,f1eb1e7c-1d23-4e41-9be4-233985a78d8b,,,,,,,OneTrust Automation,OneTrust Automation,2026-03-26T15:22:32.357+00:00,2026-03-26,2026,March,03,Quarter 1,2026-03-26T15:22:41.517+00:00,2026-03-26,2026,March,03,Quarter 1,America/Chihuahua,b99df4a4-2bf5-4c08-9483-bd636470bc11,OTAuto02,b99df4a4-2bf5-4c08-9483-bd636470bc11,svc-otautotenant-qe+02@svc.onetrust.com
evidence-task-implementation-link,f1eb1e7c-1d23-4e41-9be4-233985a78d8b,,,,,,,OneTrust Automation,OneTrust Automation,2026-03-27T06:22:32.357+00:00,2026-03-27,2026,March,03,Quarter 1,2026-03-27T06:22:41.517+00:00,2026-03-27,2026,March,03,Quarter 1,Asia/Tokyo,b99df4a4-2bf5-4c08-9483-bd636470bc11,OTAuto02,b99df4a4-2bf5-4c08-9483-bd636470bc11,svc-otautotenant-qe+02@svc.onetrust.com
evidence-task-implementation-link,f1eb1e7c-1d23-4e41-9be4-233985a78d8b,,,,,,,OneTrust Automation,OneTrust Automation,2026-03-26T18:22:32.357+00:00,2026-03-26,2026,March,03,Quarter 1,2026-03-26T18:22:41.517+00:00,2026-03-26,2026,March,03,Quarter 1,America/Punta_Arenas,b99df4a4-2bf5-4c08-9483-bd636470bc11,OTAuto02,b99df4a4-2bf5-4c08-9483-bd636470bc11,svc-otautotenant-qe+02@svc.onetrust.com
evidence-task-implementation-link,f1eb1e7c-1d23-4e41-9be4-233985a78d8b,,,,,,,OneTrust Automation,OneTrust Automation,2026-03-26T21:22:32.357+00:00,2026-03-26,2026,March,03,Quarter 1,2026-03-26T21:22:41.517+00:00,2026-03-26,2026,March,03,Quarter 1,Etc/GMT,b99df4a4-2bf5-4c08-9483-bd636470bc11,OTAuto02,b99df4a4-2bf5-4c08-9483-bd636470bc11,svc-otautotenant-qe+02@svc.onetrust.com
evidence-task-implementation-link,f1eb1e7c-1d23-4e41-9be4-233985a78d8b,,,,,,,OneTrust Automation,OneTrust Automation,2026-03-27T09:22:32.357+00:00,2026-03-27,2026,March,03,Quarter 1,2026-03-27T09:22:41.517+00:00,2026-03-27,2026,March,03,Quarter 1,Pacific/Wake,b99df4a4-2bf5-4c08-9483-bd636470bc11,OTAuto02,b99df4a4-2bf5-4c08-9483-bd636470bc11,svc-otautotenant-qe+02@svc.onetrust.com
evidence-task-implementation-link,f1eb1e7c-1d23-4e41-9be4-233985a78d8b,,,,,,,OneTrust Automation,OneTrust Automation,2026-03-26T19:22:32.357+00:00,2026-03-26,2026,March,03,Quarter 1,2026-03-26T19:22:41.517+00:00,2026-03-26,2026,March,03,Quarter 1,America/Nuuk,b99df4a4-2bf5-4c08-9483-bd636470bc11,OTAuto02,b99df4a4-2bf5-4c08-9483-bd636470bc11,svc-otautotenant-qe+02@svc.onetrust.com
evidence-task-implementation-link,f1eb1e7c-1d23-4e41-9be4-233985a78d8b,,,,,,,OneTrust Automation,OneTrust Automation,2026-03-26T12:22:32.357+00:00,2026-03-26,2026,March,03,Quarter 1,2026-03-26T12:22:41.517+00:00,2026-03-26,2026,March,03,Quarter 1,Pacific/Gambier,b99df4a4-2bf5-4c08-9483-bd636470bc11,OTAuto02,b99df4a4-2bf5-4c08-9483-bd636470bc11,svc-otautotenant-qe+02@svc.onetrust.com
evidence-task-implementation-link,f1eb1e7c-1d23-4e41-9be4-233985a78d8b,,,,,,,OneTrust Automation,OneTrust Automation,2026-03-27T00:22:32.357+00:00,2026-03-27,2026,March,03,Quarter 1,2026-03-27T00:22:41.517+00:00,2026-03-27,2026,March,03,Quarter 1,Asia/Amman,b99df4a4-2bf5-4c08-9483-bd636470bc11,OTAuto02,b99df4a4-2bf5-4c08-9483-bd636470bc11,svc-otautotenant-qe+02@svc.onetrust.com
evidence-task-implementation-link,f1eb1e7c-1d23-4e41-9be4-233985a78d8b,,,,,,,OneTrust Automation,OneTrust Automation,2026-03-27T05:22:32.357+00:00,2026-03-27,2026,March,03,Quarter 1,2026-03-27T05:22:41.517+00:00,2026-03-27,2026,March,03,Quarter 1,Asia/Harbin,b99df4a4-2bf5-4c08-9483-bd636470bc11,OTAuto02,b99df4a4-2bf5-4c08-9483-bd636470bc11,svc-otautotenant-qe+02@svc.onetrust.com
evidence-task-implementation-link,f1eb1e7c-1d23-4e41-9be4-233985a78d8b,,,,,,,OneTrust Automation,OneTrust Automation,2026-03-26T18:22:32.357+00:00,2026-03-26,2026,March,03,Quarter 1,2026-03-26T18:22:41.517+00:00,2026-03-26,2026,March,03,Quarter 1,America/Belem,b99df4a4-2bf5-4c08-9483-bd636470bc11,OTAuto02,b99df4a4-2bf5-4c08-9483-bd636470bc11,svc-otautotenant-qe+02@svc.onetrust.com
evidence-task-implementation-link,f1eb1e7c-1d23-4e41-9be4-233985a78d8b,,,,,,,OneTrust Automation,OneTrust Automation,2026-03-27T05:22:32.357+00:00,2026-03-27,2026,March,03,Quarter 1,2026-03-27T05:22:41.517+00:00,2026-03-27,2026,March,03,Quarter 1,Etc/GMT-8,b99df4a4-2bf5-4c08-9483-bd636470bc11,OTAuto02,b99df4a4-2bf5-4c08-9483-bd636470bc11,svc-otautotenant-qe+02@svc.onetrust.com
evidence-task-implementation-link,f1eb1e7c-1d23-4e41-9be4-233985a78d8b,,,,,,,OneTrust Automation,OneTrust Automation,2026-03-27T01:22:32.357+00:00,2026-03-27,2026,March,03,Quarter 1,2026-03-27T01:22:41.517+00:00,2026-03-27,2026,March,03,Quarter 1,Indian/Mahe,b99df4a4-2bf5-4c08-9483-bd636470bc11,OTAuto02,b99df4a4-2bf5-4c08-9483-bd636470bc11,svc-otautotenant-qe+02@svc.onetrust.com
evidence-task-implementation-link,f1eb1e7c-1d23-4e41-9be4-233985a78d8b,,,,,,,OneTrust Automation,OneTrust Automation,2026-03-26T22:22:32.357+00:00,2026-03-26,2026,March,03,Quarter 1,2026-03-26T22:22:41.517+00:00,2026-03-26,2026,March,03,Quarter 1,Africa/Niamey,b99df4a4-2bf5-4c08-9483-bd636470bc11,OTAuto02,b99df4a4-2bf5-4c08-9483-bd636470bc11,svc-otautotenant-qe+02@svc.onetrust.com
evidence-task-implementation-link,f1eb1e7c-1d23-4e41-9be4-233985a78d8b,,,,,,,OneTrust Automation,OneTrust Automation,2026-03-26T14:22:32.357+00:00,2026-03-26,2026,March,03,Quarter 1,2026-03-26T14:22:41.517+00:00,2026-03-26,2026,March,03,Quarter 1,PST8PDT,b99df4a4-2bf5-4c08-9483-bd636470bc11,OTAuto02,b99df4a4-2bf5-4c08-9483-bd636470bc11,svc-otautotenant-qe+02@svc.onetrust.com
evidence-task-implementation-link,f1eb1e7c-1d23-4e41-9be4-233985a78d8b,,,,,,,OneTrust Automation,OneTrust Automation,2026-03-26T21:22:32.357+00:00,2026-03-26,2026,March,03,Quarter 1,2026-03-26T21:22:41.517+00:00,2026-03-26,2026,March,03,Quarter 1,Africa/Banjul,b99df4a4-2bf5-4c08-9483-bd636470bc11,OTAuto02,b99df4a4-2bf5-4c08-9483-bd636470bc11,svc-otautotenant-qe+02@svc.onetrust.com
evidence-task-implementation-link,f1eb1e7c-1d23-4e41-9be4-233985a78d8b,,,,,,,OneTrust Automation,OneTrust Automation,2026-03-27T07:22:32.357+00:00,2026-03-27,2026,March,03,Quarter 1,2026-03-27T07:22:41.517+00:00,2026-03-27,2026,March,03,Quarter 1,Pacific/Saipan,b99df4a4-2bf5-4c08-9483-bd636470bc11,OTAuto02,b99df4a4-2bf5-4c08-9483-bd636470bc11,svc-otautotenant-qe+02@svc.onetrust.com
evidence-task-implementation-link,f1eb1e7c-1d23-4e41-9be4-233985a78d8b,,,,,,,OneTrust Automation,OneTrust Automation,2026-03-27T08:22:32.357+00:00,2026-03-27,2026,March,03,Quarter 1,2026-03-27T08:22:41.517+00:00,2026-03-27,2026,March,03,Quarter 1,Australia/Canberra,b99df4a4-2bf5-4c08-9483-bd636470bc11,OTAuto02,b99df4a4-2bf5-4c08-9483-bd636470bc11,svc-otautotenant-qe+02@svc.onetrust.com
evidence-task-implementation-link,f1eb1e7c-1d23-4e41-9be4-233985a78d8b,,,,,,,OneTrust Automation,OneTrust Automation,2026-03-26T16:22:32.357+00:00,2026-03-26,2026,March,03,Quarter 1,2026-03-26T16:22:41.517+00:00,2026-03-26,2026,March,03,Quarter 1,America/North_Dakota/Center,b99df4a4-2bf5-4c08-9483-bd636470bc11,OTAuto02,b99df4a4-2bf5-4c08-9483-bd636470bc11,svc-otautotenant-qe+02@svc.onetrust.com
evidence-task-implementation-link,f1eb1e7c-1d23-4e41-9be4-233985a78d8b,,,,,,,OneTrust Automation,OneTrust Automation,2026-03-27T00:22:32.357+00:00,2026-03-27,2026,March,03,Quarter 1,2026-03-27T00:22:41.517+00:00,2026-03-27,2026,March,03,Quarter 1,Indian/Antananarivo,b99df4a4-2bf5-4c08-9483-bd636470bc11,OTAuto02,b99df4a4-2bf5-4c08-9483-bd636470bc11,svc-otautotenant-qe+02@svc.onetrust.com
evidence-task-implementation-link,f1eb1e7c-1d23-4e41-9be4-233985a78d8b,,,,,,,OneTrust Automation,OneTrust Automation,2026-03-27T09:22:32.357+00:00,2026-03-27,2026,March,03,Quarter 1,2026-03-27T09:22:41.517+00:00,2026-03-27,2026,March,03,Quarter 1,Pacific/Tarawa,b99df4a4-2bf5-4c08-9483-bd636470bc11,OTAuto02,b99df4a4-2bf5-4c08-9483-bd636470bc11,svc-otautotenant-qe+02@svc.onetrust.com
evidence-task-implementation-link,f1eb1e7c-1d23-4e41-9be4-233985a78d8b,,,,,,,OneTrust Automation,OneTrust Automation,2026-03-26T14:22:32.357+00:00,2026-03-26,2026,March,03,Quarter 1,2026-03-26T14:22:41.517+00:00,2026-03-26,2026,March,03,Quarter 1,America/Phoenix,b99df4a4-2bf5-4c08-9483-bd636470bc11,OTAuto02,b99df4a4-2bf5-4c08-9483-bd636470bc11,svc-otautotenant-qe+02@svc.onetrust.com
evidence-task-implementation-link,f1eb1e7c-1d23-4e41-9be4-233985a78d8b,,,,,,,OneTrust Automation,OneTrust Automation,2026-03-27T06:22:32.357+00:00,2026-03-27,2026,March,03,Quarter 1,2026-03-27T06:22:41.517+00:00,2026-03-27,2026,March,03,Quarter 1,Asia/Khandyga,b99df4a4-2bf5-4c08-9483-bd636470bc11,OTAuto02,b99df4a4-2bf5-4c08-9483-bd636470bc11,svc-otautotenant-qe+02@svc.onetrust.com
evidence-task-implementation-link,f1eb1e7c-1d23-4e41-9be4-233985a78d8b,,,,,,,OneTrust Automation,OneTrust Automation,2026-03-26T15:22:32.357+00:00,2026-03-26,2026,March,03,Quarter 1,2026-03-26T15:22:41.517+00:00,2026-03-26,2026,March,03,Quarter 1,Pacific/Galapagos,b99df4a4-2bf5-4c08-9483-bd636470bc11,OTAuto02,b99df4a4-2bf5-4c08-9483-bd636470bc11,svc-otautotenant-qe+02@svc.onetrust.com
evidence-task-implementation-link,f1eb1e7c-1d23-4e41-9be4-233985a78d8b,,,,,,,OneTrust Automation,OneTrust Automation,2026-03-26T16:22:32.357+00:00,2026-03-26,2026,March,03,Quarter 1,2026-03-26T16:22:41.517+00:00,2026-03-26,2026,March,03,Quarter 1,America/Knox_IN,b99df4a4-2bf5-4c08-9483-bd636470bc11,OTAuto02,b99df4a4-2bf5-4c08-9483-bd636470bc11,svc-otautotenant-qe+02@svc.onetrust.com
evidence-task-implementation-link,f1eb1e7c-1d23-4e41-9be4-233985a78d8b,,,,,,,OneTrust Automation,OneTrust Automation,2026-03-26T22:22:32.357+00:00,2026-03-26,2026,March,03,Quarter 1,2026-03-26T22:22:41.517+00:00,2026-03-26,2026,March,03,Quarter 1,Africa/Algiers,b99df4a4-2bf5-4c08-9483-bd636470bc11,OTAuto02,b99df4a4-2bf5-4c08-9483-bd636470bc11,svc-otautotenant-qe+02@svc.onetrust.com
evidence-task-implementation-link,f1eb1e7c-1d23-4e41-9be4-233985a78d8b,,,,,,,OneTrust Automation,OneTrust Automation,2026-03-27T06:22:32.357+00:00,2026-03-27,2026,March,03,Quarter 1,2026-03-27T06:22:41.517+00:00,2026-03-27,2026,March,03,Quarter 1,Asia/Pyongyang,b99df4a4-2bf5-4c08-9483-bd636470bc11,OTAuto02,b99df4a4-2bf5-4c08-9483-bd636470bc11,svc-otautotenant-qe+02@svc.onetrust.com
evidence-task-implementation-link,f1eb1e7c-1d23-4e41-9be4-233985a78d8b,,,,,,,OneTrust Automation,OneTrust Automation,2026-03-26T23:22:32.357+00:00,2026-03-26,2026,March,03,Quarter 1,2026-03-26T23:22:41.517+00:00,2026-03-26,2026,March,03,Quarter 1,Asia/Famagusta,b99df4a4-2bf5-4c08-9483-bd636470bc11,OTAuto02,b99df4a4-2bf5-4c08-9483-bd636470bc11,svc-otautotenant-qe+02@svc.onetrust.com
evidence-task-implementation-link,f1eb1e7c-1d23-4e41-9be4-233985a78d8b,,,,,,,OneTrust Automation,OneTrust Automation,2026-03-26T17:22:32.357+00:00,2026-03-26,2026,March,03,Quarter 1,2026-03-26T17:22:41.517+00:00,2026-03-26,2026,March,03,Quarter 1,America/Havana,b99df4a4-2bf5-4c08-9483-bd636470bc11,OTAuto02,b99df4a4-2bf5-4c08-9483-bd636470bc11,svc-otautotenant-qe+02@svc.onetrust.com
evidence-task-implementation-link,f1eb1e7c-1d23-4e41-9be4-233985a78d8b,,,,,,,OneTrust Automation,OneTrust Automation,2026-03-26T21:22:32.357+00:00,2026-03-26,2026,March,03,Quarter 1,2026-03-26T21:22:41.517+00:00,2026-03-26,2026,March,03,Quarter 1,Iceland,b99df4a4-2bf5-4c08-9483-bd636470bc11,OTAuto02,b99df4a4-2bf5-4c08-9483-bd636470bc11,svc-otautotenant-qe+02@svc.onetrust.com
evidence-task-implementation-link,f1eb1e7c-1d23-4e41-9be4-233985a78d8b,,,,,,,OneTrust Automation,OneTrust Automation,2026-03-26T14:22:32.357+00:00,2026-03-26,2026,March,03,Quarter 1,2026-03-26T14:22:41.517+00:00,2026-03-26,2026,March,03,Quarter 1,US/Pacific,b99df4a4-2bf5-4c08-9483-bd636470bc11,OTAuto02,b99df4a4-2bf5-4c08-9483-bd636470bc11,svc-otautotenant-qe+02@svc.onetrust.com
evidence-task-implementation-link,f1eb1e7c-1d23-4e41-9be4-233985a78d8b,,,,,,,OneTrust Automation,OneTrust Automation,2026-03-26T18:52:32.357+00:00,2026-03-26,2026,March,03,Quarter 1,2026-03-26T18:52:41.517+00:00,2026-03-26,2026,March,03,Quarter 1,Canada/Newfoundland,b99df4a4-2bf5-4c08-9483-bd636470bc11,OTAuto02,b99df4a4-2bf5-4c08-9483-bd636470bc11,svc-otautotenant-qe+02@svc.onetrust.com
evidence-task-implementation-link,f1eb1e7c-1d23-4e41-9be4-233985a78d8b,,,,,,,OneTrust Automation,OneTrust Automation,2026-03-26T16:22:32.357+00:00,2026-03-26,2026,March,03,Quarter 1,2026-03-26T16:22:41.517+00:00,2026-03-26,2026,March,03,Quarter 1,CST6CDT,b99df4a4-2bf5-4c08-9483-bd636470bc11,OTAuto02,b99df4a4-2bf5-4c08-9483-bd636470bc11,svc-otautotenant-qe+02@svc.onetrust.com
evidence-task-implementation-link,f1eb1e7c-1d23-4e41-9be4-233985a78d8b,,,,,,,OneTrust Automation,OneTrust Automation,2026-03-26T18:22:32.357+00:00,2026-03-26,2026,March,03,Quarter 1,2026-03-26T18:22:41.517+00:00,2026-03-26,2026,March,03,Quarter 1,America/Argentina/Catamarca,b99df4a4-2bf5-4c08-9483-bd636470bc11,OTAuto02,b99df4a4-2bf5-4c08-9483-bd636470bc11,svc-otautotenant-qe+02@svc.onetrust.com
evidence-task-implementation-link,f1eb1e7c-1d23-4e41-9be4-233985a78d8b,,,,,,,OneTrust Automation,OneTrust Automation,2026-03-26T21:22:32.357+00:00,2026-03-26,2026,March,03,Quarter 1,2026-03-26T21:22:41.517+00:00,2026-03-26,2026,March,03,Quarter 1,Europe/London,b99df4a4-2bf5-4c08-9483-bd636470bc11,OTAuto02,b99df4a4-2bf5-4c08-9483-bd636470bc11,svc-otautotenant-qe+02@svc.onetrust.com
evidence-task-implementation-link,f1eb1e7c-1d23-4e41-9be4-233985a78d8b,,,,,,,OneTrust Automation,OneTrust Automation,2026-03-26T21:22:32.357+00:00,2026-03-26,2026,March,03,Quarter 1,2026-03-26T21:22:41.517+00:00,2026-03-26,2026,March,03,Quarter 1,Europe/Belfast,b99df4a4-2bf5-4c08-9483-bd636470bc11,OTAuto02,b99df4a4-2bf5-4c08-9483-bd636470bc11,svc-otautotenant-qe+02@svc.onetrust.com
evidence-task-implementation-link,f1eb1e7c-1d23-4e41-9be4-233985a78d8b,,,,,,,OneTrust Automation,OneTrust Automation,2026-03-26T18:22:32.357+00:00,2026-03-26,2026,March,03,Quarter 1,2026-03-26T18:22:41.517+00:00,2026-03-26,2026,March,03,Quarter 1,America/Argentina/Buenos_Aires,b99df4a4-2bf5-4c08-9483-bd636470bc11,OTAuto02,b99df4a4-2bf5-4c08-9483-bd636470bc11,svc-otautotenant-qe+02@svc.onetrust.com
evidence-task-implementation-link,f1eb1e7c-1d23-4e41-9be4-233985a78d8b,,,,,,,OneTrust Automation,OneTrust Automation,2026-03-26T21:22:32.357+00:00,2026-03-26,2026,March,03,Quarter 1,2026-03-26T21:22:41.517+00:00,2026-03-26,2026,March,03,Quarter 1,Atlantic/Canary,b99df4a4-2bf5-4c08-9483-bd636470bc11,OTAuto02,b99df4a4-2bf5-4c08-9483-bd636470bc11,svc-otautotenant-qe+02@svc.onetrust.com
evidence-task-implementation-link,f1eb1e7c-1d23-4e41-9be4-233985a78d8b,,,,,,,OneTrust Automation,OneTrust Automation,2026-03-26T22:22:32.357+00:00,2026-03-26,2026,March,03,Quarter 1,2026-03-26T22:22:41.517+00:00,2026-03-26,2026,March,03,Quarter 1,Europe/San_Marino,b99df4a4-2bf5-4c08-9483-bd636470bc11,OTAuto02,b99df4a4-2bf5-4c08-9483-bd636470bc11,svc-otautotenant-qe+02@svc.onetrust.com
evidence-task-implementation-link,f1eb1e7c-1d23-4e41-9be4-233985a78d8b,,,,,,,OneTrust Automation,OneTrust Automation,2026-03-27T05:22:32.357+00:00,2026-03-27,2026,March,03,Quarter 1,2026-03-27T05:22:41.517+00:00,2026-03-27,2026,March,03,Quarter 1,Asia/Shanghai,b99df4a4-2bf5-4c08-9483-bd636470bc11,OTAuto02,b99df4a4-2bf5-4c08-9483-bd636470bc11,svc-otautotenant-qe+02@svc.onetrust.com
evidence-task-implementation-link,f1eb1e7c-1d23-4e41-9be4-233985a78d8b,,,,,,,OneTrust Automation,OneTrust Automation,2026-03-26T21:22:32.357+00:00,2026-03-26,2026,March,03,Quarter 1,2026-03-26T21:22:41.517+00:00,2026-03-26,2026,March,03,Quarter 1,Universal,b99df4a4-2bf5-4c08-9483-bd636470bc11,OTAuto02,b99df4a4-2bf5-4c08-9483-bd636470bc11,svc-otautotenant-qe+02@svc.onetrust.com
evidence-task-implementation-link,f1eb1e7c-1d23-4e41-9be4-233985a78d8b,,,,,,,OneTrust Automation,OneTrust Automation,2026-03-27T00:22:32.357+00:00,2026-03-27,2026,March,03,Quarter 1,2026-03-27T00:22:41.517+00:00,2026-03-27,2026,March,03,Quarter 1,Asia/Bahrain,b99df4a4-2bf5-4c08-9483-bd636470bc11,OTAuto02,b99df4a4-2bf5-4c08-9483-bd636470bc11,svc-otautotenant-qe+02@svc.onetrust.com
evidence-task-implementation-link,f1eb1e7c-1d23-4e41-9be4-233985a78d8b,,,,,,,OneTrust Automation,OneTrust Automation,2026-03-26T22:22:32.357+00:00,2026-03-26,2026,March,03,Quarter 1,2026-03-26T22:22:41.517+00:00,2026-03-26,2026,March,03,Quarter 1,Africa/Douala,b99df4a4-2bf5-4c08-9483-bd636470bc11,OTAuto02,b99df4a4-2bf5-4c08-9483-bd636470bc11,svc-otautotenant-qe+02@svc.onetrust.com
evidence-task-implementation-link,f1eb1e7c-1d23-4e41-9be4-233985a78d8b,,,,,,,OneTrust Automation,OneTrust Automation,2026-03-27T09:22:32.357+00:00,2026-03-27,2026,March,03,Quarter 1,2026-03-27T09:22:41.517+00:00,2026-03-27,2026,March,03,Quarter 1,Kwajalein,b99df4a4-2bf5-4c08-9483-bd636470bc11,OTAuto02,b99df4a4-2bf5-4c08-9483-bd636470bc11,svc-otautotenant-qe+02@svc.onetrust.com
evidence-task-implementation-link,f1eb1e7c-1d23-4e41-9be4-233985a78d8b,,,,,,,OneTrust Automation,OneTrust Automation,2026-03-27T00:22:32.357+00:00,2026-03-27,2026,March,03,Quarter 1,2026-03-27T00:22:41.517+00:00,2026-03-27,2026,March,03,Quarter 1,Europe/Moscow,b99df4a4-2bf5-4c08-9483-bd636470bc11,OTAuto02,b99df4a4-2bf5-4c08-9483-bd636470bc11,svc-otautotenant-qe+02@svc.onetrust.com
evidence-task-implementation-link,f1eb1e7c-1d23-4e41-9be4-233985a78d8b,,,,,,,OneTrust Automation,OneTrust Automation,2026-03-26T15:22:32.357+00:00,2026-03-26,2026,March,03,Quarter 1,2026-03-26T15:22:41.517+00:00,2026-03-26,2026,March,03,Quarter 1,America/Inuvik,b99df4a4-2bf5-4c08-9483-bd636470bc11,OTAuto02,b99df4a4-2bf5-4c08-9483-bd636470bc11,svc-otautotenant-qe+02@svc.onetrust.com
evidence-task-implementation-link,f1eb1e7c-1d23-4e41-9be4-233985a78d8b,,,,,,,OneTrust Automation,OneTrust Automation,2026-03-27T10:22:32.357+00:00,2026-03-27,2026,March,03,Quarter 1,2026-03-27T10:22:41.517+00:00,2026-03-27,2026,March,03,Quarter 1,NZ,b99df4a4-2bf5-4c08-9483-bd636470bc11,OTAuto02,b99df4a4-2bf5-4c08-9483-bd636470bc11,svc-otautotenant-qe+02@svc.onetrust.com
evidence-task-implementation-link,f1eb1e7c-1d23-4e41-9be4-233985a78d8b,,,,,,,OneTrust Automation,OneTrust Automation,2026-03-26T22:22:32.357+00:00,2026-03-26,2026,March,03,Quarter 1,2026-03-26T22:22:41.517+00:00,2026-03-26,2026,March,03,Quarter 1,Europe/Warsaw,b99df4a4-2bf5-4c08-9483-bd636470bc11,OTAuto02,b99df4a4-2bf5-4c08-9483-bd636470bc11,svc-otautotenant-qe+02@svc.onetrust.com
evidence-task-implementation-link,f1eb1e7c-1d23-4e41-9be4-233985a78d8b,,,,,,,OneTrust Automation,OneTrust Automation,2026-03-26T18:22:32.357+00:00,2026-03-26,2026,March,03,Quarter 1,2026-03-26T18:22:41.517+00:00,2026-03-26,2026,March,03,Quarter 1,America/Goose_Bay,b99df4a4-2bf5-4c08-9483-bd636470bc11,OTAuto02,b99df4a4-2bf5-4c08-9483-bd636470bc11,svc-otautotenant-qe+02@svc.onetrust.com
evidence-task-implementation-link,f1eb1e7c-1d23-4e41-9be4-233985a78d8b,,,,,,,OneTrust Automation,OneTrust Automation,2026-03-26T23:22:32.357+00:00,2026-03-26,2026,March,03,Quarter 1,2026-03-26T23:22:41.517+00:00,2026-03-26,2026,March,03,Quarter 1,Europe/Kyiv,b99df4a4-2bf5-4c08-9483-bd636470bc11,OTAuto02,b99df4a4-2bf5-4c08-9483-bd636470bc11,svc-otautotenant-qe+02@svc.onetrust.com
evidence-task-implementation-link,f1eb1e7c-1d23-4e41-9be4-233985a78d8b,,,,,,,OneTrust Automation,OneTrust Automation,2026-03-26T14:22:32.357+00:00,2026-03-26,2026,March,03,Quarter 1,2026-03-26T14:22:41.517+00:00,2026-03-26,2026,March,03,Quarter 1,America/Santa_Isabel,b99df4a4-2bf5-4c08-9483-bd636470bc11,OTAuto02,b99df4a4-2bf5-4c08-9483-bd636470bc11,svc-otautotenant-qe+02@svc.onetrust.com
evidence-task-implementation-link,f1eb1e7c-1d23-4e41-9be4-233985a78d8b,,,,,,,OneTrust Automation,OneTrust Automation,2026-03-26T21:22:32.357+00:00,2026-03-26,2026,March,03,Quarter 1,2026-03-26T21:22:41.517+00:00,2026-03-26,2026,March,03,Quarter 1,Etc/GMT-0,b99df4a4-2bf5-4c08-9483-bd636470bc11,OTAuto02,b99df4a4-2bf5-4c08-9483-bd636470bc11,svc-otautotenant-qe+02@svc.onetrust.com
evidence-task-implementation-link,f1eb1e7c-1d23-4e41-9be4-233985a78d8b,,,,,,,OneTrust Automation,OneTrust Automation,2026-03-26T11:22:32.357+00:00,2026-03-26,2026,March,03,Quarter 1,2026-03-26T11:22:41.517+00:00,2026-03-26,2026,March,03,Quarter 1,Pacific/Johnston,b99df4a4-2bf5-4c08-9483-bd636470bc11,OTAuto02,b99df4a4-2bf5-4c08-9483-bd636470bc11,svc-otautotenant-qe+02@svc.onetrust.com
evidence-task-implementation-link,f1eb1e7c-1d23-4e41-9be4-233985a78d8b,,,,,,,OneTrust Automation,OneTrust Automation,2026-03-27T08:22:32.357+00:00,2026-03-27,2026,March,03,Quarter 1,2026-03-27T08:22:41.517+00:00,2026-03-27,2026,March,03,Quarter 1,Australia/Tasmania,b99df4a4-2bf5-4c08-9483-bd636470bc11,OTAuto02,b99df4a4-2bf5-4c08-9483-bd636470bc11,svc-otautotenant-qe+02@svc.onetrust.com
evidence-task-implementation-link,f1eb1e7c-1d23-4e41-9be4-233985a78d8b,,,,,,,OneTrust Automation,OneTrust Automation,2026-03-26T12:22:32.357+00:00,2026-03-26,2026,March,03,Quarter 1,2026-03-26T12:22:41.517+00:00,2026-03-26,2026,March,03,Quarter 1,America/Atka,b99df4a4-2bf5-4c08-9483-bd636470bc11,OTAuto02,b99df4a4-2bf5-4c08-9483-bd636470bc11,svc-otautotenant-qe+02@svc.onetrust.com
evidence-task-implementation-link,f1eb1e7c-1d23-4e41-9be4-233985a78d8b,,,,,,,OneTrust Automation,OneTrust Automation,2026-03-26T21:22:32.357+00:00,2026-03-26,2026,March,03,Quarter 1,2026-03-26T21:22:41.517+00:00,2026-03-26,2026,March,03,Quarter 1,Etc/Universal,b99df4a4-2bf5-4c08-9483-bd636470bc11,OTAuto02,b99df4a4-2bf5-4c08-9483-bd636470bc11,svc-otautotenant-qe+02@svc.onetrust.com
evidence-task-implementation-link,f1eb1e7c-1d23-4e41-9be4-233985a78d8b,,,,,,,OneTrust Automation,OneTrust Automation,2026-03-27T00:22:32.357+00:00,2026-03-27,2026,March,03,Quarter 1,2026-03-27T00:22:41.517+00:00,2026-03-27,2026,March,03,Quarter 1,Asia/Baghdad,b99df4a4-2bf5-4c08-9483-bd636470bc11,OTAuto02,b99df4a4-2bf5-4c08-9483-bd636470bc11,svc-otautotenant-qe+02@svc.onetrust.com
evidence-task-implementation-link,f1eb1e7c-1d23-4e41-9be4-233985a78d8b,,,,,,,OneTrust Automation,OneTrust Automation,2026-03-26T23:22:32.357+00:00,2026-03-26,2026,March,03,Quarter 1,2026-03-26T23:22:41.517+00:00,2026-03-26,2026,March,03,Quarter 1,Asia/Tel_Aviv,b99df4a4-2bf5-4c08-9483-bd636470bc11,OTAuto02,b99df4a4-2bf5-4c08-9483-bd636470bc11,svc-otautotenant-qe+02@svc.onetrust.com
evidence-task-implementation-link,f1eb1e7c-1d23-4e41-9be4-233985a78d8b,,,,,,,OneTrust Automation,OneTrust Automation,2026-03-26T16:22:32.357+00:00,2026-03-26,2026,March,03,Quarter 1,2026-03-26T16:22:41.517+00:00,2026-03-26,2026,March,03,Quarter 1,US/Indiana-Starke,b99df4a4-2bf5-4c08-9483-bd636470bc11,OTAuto02,b99df4a4-2bf5-4c08-9483-bd636470bc11,svc-otautotenant-qe+02@svc.onetrust.com
evidence-task-implementation-link,f1eb1e7c-1d23-4e41-9be4-233985a78d8b,,,,,,,OneTrust Automation,OneTrust Automation,2026-03-27T05:22:32.357+00:00,2026-03-27,2026,March,03,Quarter 1,2026-03-27T05:22:41.517+00:00,2026-03-27,2026,March,03,Quarter 1,PRC,b99df4a4-2bf5-4c08-9483-bd636470bc11,OTAuto02,b99df4a4-2bf5-4c08-9483-bd636470bc11,svc-otautotenant-qe+02@svc.onetrust.com
evidence-task-implementation-link,f1eb1e7c-1d23-4e41-9be4-233985a78d8b,,,,,,,OneTrust Automation,OneTrust Automation,2026-03-27T08:22:32.357+00:00,2026-03-27,2026,March,03,Quarter 1,2026-03-27T08:22:41.517+00:00,2026-03-27,2026,March,03,Quarter 1,Australia/NSW,b99df4a4-2bf5-4c08-9483-bd636470bc11,OTAuto02,b99df4a4-2bf5-4c08-9483-bd636470bc11,svc-otautotenant-qe+02@svc.onetrust.com
evidence-task-implementation-link,f1eb1e7c-1d23-4e41-9be4-233985a78d8b,,,,,,,OneTrust Automation,OneTrust Automation,2026-03-26T22:22:32.357+00:00,2026-03-26,2026,March,03,Quarter 1,2026-03-26T22:22:41.517+00:00,2026-03-26,2026,March,03,Quarter 1,Europe/Belgrade,b99df4a4-2bf5-4c08-9483-bd636470bc11,OTAuto02,b99df4a4-2bf5-4c08-9483-bd636470bc11,svc-otautotenant-qe+02@svc.onetrust.com
evidence-task-implementation-link,f1eb1e7c-1d23-4e41-9be4-233985a78d8b,,,,,,,OneTrust Automation,OneTrust Automation,2026-03-27T05:22:32.357+00:00,2026-03-27,2026,March,03,Quarter 1,2026-03-27T05:22:41.517+00:00,2026-03-27,2026,March,03,Quarter 1,Hongkong,b99df4a4-2bf5-4c08-9483-bd636470bc11,OTAuto02,b99df4a4-2bf5-4c08-9483-bd636470bc11,svc-otautotenant-qe+02@svc.onetrust.com
