entityTypeReference,entityId,entityNumber,entityName,stageId,workflowId,workflow,stage,createdBy,updatedBy,createdDateTime,createdDate,createdYear,createdMonth,createdMonthNumber,createdQuarter,updatedDateTime,updatedDate,updatedYear,updatedMonth,updatedMonthNumber,updatedQuarter,timeZoneID,orgId,orgName,parentOrgID,createdByUserEmail
b32731c5-0052-4573-beed-b490765f1277,Automated_Assessment_61301_9056336,2684,0,3bda446838a5132f009a51461c494580,Not Started,NotStarted,2026-03-24T21:53:56.000+00:00,2026-03-24,2026,March,03,Quarter 1,,,,,,,,,OneTrust Automation,79f09a0f-fbd7-4439-9e1e-d48abe62c98e,False,,https://Assessment/Assessment/b32731c5-0052-4573-beed-b490765f1277,Africa/Conakry,OTAuto02,b99df4a4-2bf5-4c08-9483-bd636470bc11,b99df4a4-2bf5-4c08-9483-bd636470bc11
b32731c5-0052-4573-beed-b490765f1277,Automated_Assessment_61301_9056336,2684,1,3fb54cbd5360e902e25b216a0af29436,In Progress,InProgress,2026-03-24T21:53:56.000+00:00,2026-03-24,2026,March,03,Quarter 1,Not Started,NotStarted,2026-03-24T21:53:56.000+00:00,2026-03-24,2026,March,03,Quarter 1,OneTrust Automation,79f09a0f-fbd7-4439-9e1e-d48abe62c98e,False,0.0,https://Assessment/Assessment/b32731c5-0052-4573-beed-b490765f1277,Africa/Conakry,OTAuto02,b99df4a4-2bf5-4c08-9483-bd636470bc11,b99df4a4-2bf5-4c08-9483-bd636470bc11
b32731c5-0052-4573-beed-b490765f1277,Automated_Assessment_61301_9056336,2684,2,70b3ac4f5f5930d8be098cdf2af23c7e,Under Review,UnderReview,2026-03-24T21:53:56.000+00:00,2026-03-24,2026,March,03,Quarter 1,In Progress,InProgress,2026-03-24T21:53:56.000+00:00,2026-03-24,2026,March,03,Quarter 1,OneTrust Automation,79f09a0f-fbd7-4439-9e1e-d48abe62c98e,False,0.0,https://Assessment/Assessment/b32731c5-0052-4573-beed-b490765f1277,Africa/Conakry,OTAuto02,b99df4a4-2bf5-4c08-9483-bd636470bc11,b99df4a4-2bf5-4c08-9483-bd636470bc11
b32731c5-0052-4573-beed-b490765f1277,Automated_Assessment_61301_9056336,2684,3,150633cb109f1be873619f365b79759a,Completed,Completed,2026-03-24T21:53:57.000+00:00,2026-03-24,2026,March,03,Quarter 1,Under Review,UnderReview,2026-03-24T21:53:56.000+00:00,2026-03-24,2026,March,03,Quarter 1,OneTrust Automation,79f09a0f-fbd7-4439-9e1e-d48abe62c98e,True,1.1574074074074073e-05,https://Assessment/Assessment/b32731c5-0052-4573-beed-b490765f1277,Africa/Conakry,OTAuto02,b99df4a4-2bf5-4c08-9483-bd636470bc11,b99df4a4-2bf5-4c08-9483-bd636470bc11
b33cb346-0825-4f15-95db-9e6c6134be25,assessment_9738141,549,0,ee64613e9eac032060c6ab4f4621bc1c,Not Started,NotStarted,2026-03-19T18:10:21.000+00:00,2026-03-19,2026,March,03,Quarter 1,,,,,,,,,OneTrust Automation,79f09a0f-fbd7-4439-9e1e-d48abe62c98e,True,,https://Assessment/Assessment/b33cb346-0825-4f15-95db-9e6c6134be25,Africa/Conakry,OTAuto02,b99df4a4-2bf5-4c08-9483-bd636470bc11,b99df4a4-2bf5-4c08-9483-bd636470bc11
b33d8120-18d6-40e8-ba15-aad629c74549,automated_assessment_40683_1352200,930,0,7930422f4707fcb293e8158b403eecbc,Not Started,NotStarted,2026-03-19T19:55:27.000+00:00,2026-03-19,2026,March,03,Quarter 1,,,,,,,,,OneTrust Automation,79f09a0f-fbd7-4439-9e1e-d48abe62c98e,True,,https://Assessment/Assessment/b33d8120-18d6-40e8-ba15-aad629c74549,Africa/Conakry,OTAuto02,b99df4a4-2bf5-4c08-9483-bd636470bc11,b99df4a4-2bf5-4c08-9483-bd636470bc11
b34fd07f-8539-48c0-8f14-85246dd59eb2,a_9638255,2875,0,390ed004dd5e1db20883eac4be35a686,Not Started,NotStarted,2026-03-25T00:06:01.000+00:00,2026-03-25,2026,March,03,Quarter 1,,,,,,,,,OneTrust Automation,79f09a0f-fbd7-4439-9e1e-d48abe62c98e,True,,https://Assessment/Assessment/b34fd07f-8539-48c0-8f14-85246dd59eb2,Africa/Conakry,OTAuto02,b99df4a4-2bf5-4c08-9483-bd636470bc11,b99df4a4-2bf5-4c08-9483-bd636470bc11
b36b66c9-20cc-48c2-8336-f0c2dcdad660,Automated_Assessment_65056_597564,1882,0,8c466ad4381b056b8e384e938ef08906,Not Started,NotStarted,2026-03-24T18:07:29.000+00:00,2026-03-24,2026,March,03,Quarter 1,,,,,,,,,OneTrust Automation,79f09a0f-fbd7-4439-9e1e-d48abe62c98e,True,,https://Assessment/Assessment/b36b66c9-20cc-48c2-8336-f0c2dcdad660,Africa/Conakry,OTAuto02,b99df4a4-2bf5-4c08-9483-bd636470bc11,b99df4a4-2bf5-4c08-9483-bd636470bc11
b36ebe4f-338e-4a48-a731-3898bbf66b0e,Automated_Assessment_8373909,3272,0,df472d29866a17e3dd7d0743ccd2bb88,Not Started,NotStarted,2026-03-25T07:43:13.000+00:00,2026-03-25,2026,March,03,Quarter 1,,,,,,,,,OneTrust Automation,79f09a0f-fbd7-4439-9e1e-d48abe62c98e,False,,https://Assessment/Assessment/b36ebe4f-338e-4a48-a731-3898bbf66b0e,Africa/Conakry,OTAuto02,b99df4a4-2bf5-4c08-9483-bd636470bc11,b99df4a4-2bf5-4c08-9483-bd636470bc11
b36ebe4f-338e-4a48-a731-3898bbf66b0e,Automated_Assessment_8373909,3272,1,53046580f7b31f527f35c710ed7f815c,In Progress,InProgress,2026-03-25T07:43:23.000+00:00,2026-03-25,2026,March,03,Quarter 1,Not Started,NotStarted,2026-03-25T07:43:13.000+00:00,2026-03-25,2026,March,03,Quarter 1,OneTrust Automation,79f09a0f-fbd7-4439-9e1e-d48abe62c98e,False,0.00011574074074074075,https://Assessment/Assessment/b36ebe4f-338e-4a48-a731-3898bbf66b0e,Africa/Conakry,OTAuto02,b99df4a4-2bf5-4c08-9483-bd636470bc11,b99df4a4-2bf5-4c08-9483-bd636470bc11
b36ebe4f-338e-4a48-a731-3898bbf66b0e,Automated_Assessment_8373909,3272,2,82c12d1e86feed5356c226d36aaf67fd,Under Review,UnderReview,2026-03-25T07:43:24.000+00:00,2026-03-25,2026,March,03,Quarter 1,In Progress,InProgress,2026-03-25T07:43:23.000+00:00,2026-03-25,2026,March,03,Quarter 1,OneTrust Automation,79f09a0f-fbd7-4439-9e1e-d48abe62c98e,True,1.1574074074074073e-05,https://Assessment/Assessment/b36ebe4f-338e-4a48-a731-3898bbf66b0e,Africa/Conakry,OTAuto02,b99df4a4-2bf5-4c08-9483-bd636470bc11,b99df4a4-2bf5-4c08-9483-bd636470bc11
b3772af0-c1a9-41eb-8afa-7784b02f4b22,Automated_Assessment_68753_6524325,3252,0,c8be96618abe178db0f88a1fd6ed5c3c,Not Started,NotStarted,2026-03-25T07:26:37.000+00:00,2026-03-25,2026,March,03,Quarter 1,,,,,,,,,OneTrust Automation,79f09a0f-fbd7-4439-9e1e-d48abe62c98e,False,,https://Assessment/Assessment/b3772af0-c1a9-41eb-8afa-7784b02f4b22,Africa/Conakry,OTAuto02,b99df4a4-2bf5-4c08-9483-bd636470bc11,b99df4a4-2bf5-4c08-9483-bd636470bc11
b3772af0-c1a9-41eb-8afa-7784b02f4b22,Automated_Assessment_68753_6524325,3252,1,7fab14ea85972fc85ae4d36c38fd1dbf,In Progress,InProgress,2026-03-25T07:26:38.000+00:00,2026-03-25,2026,March,03,Quarter 1,Not Started,NotStarted,2026-03-25T07:26:37.000+00:00,2026-03-25,2026,March,03,Quarter 1,OneTrust Automation,79f09a0f-fbd7-4439-9e1e-d48abe62c98e,False,1.1574074074074073e-05,https://Assessment/Assessment/b3772af0-c1a9-41eb-8afa-7784b02f4b22,Africa/Conakry,OTAuto02,b99df4a4-2bf5-4c08-9483-bd636470bc11,b99df4a4-2bf5-4c08-9483-bd636470bc11
b3772af0-c1a9-41eb-8afa-7784b02f4b22,Automated_Assessment_68753_6524325,3252,2,2a971dfb570f2173a8cbd77bf3b893d6,Under Review,UnderReview,2026-03-25T07:26:38.000+00:00,2026-03-25,2026,March,03,Quarter 1,In Progress,InProgress,2026-03-25T07:26:38.000+00:00,2026-03-25,2026,March,03,Quarter 1,OneTrust Automation,79f09a0f-fbd7-4439-9e1e-d48abe62c98e,True,0.0,https://Assessment/Assessment/b3772af0-c1a9-41eb-8afa-7784b02f4b22,Africa/Conakry,OTAuto02,b99df4a4-2bf5-4c08-9483-bd636470bc11,b99df4a4-2bf5-4c08-9483-bd636470bc11
b38f65e1-7363-4d25-8fa9-c3fca2dec854,Assessment_9001168_1,3552,0,db485a684495f2189f50ab0bd00e1238,Not Started,NotStarted,2026-03-26T17:40:09.000+00:00,2026-03-26,2026,March,03,Quarter 1,,,,,,,,,OneTrust Automation,79f09a0f-fbd7-4439-9e1e-d48abe62c98e,False,,https://Assessment/Assessment/b38f65e1-7363-4d25-8fa9-c3fca2dec854,Africa/Conakry,OTAuto02,b99df4a4-2bf5-4c08-9483-bd636470bc11,b99df4a4-2bf5-4c08-9483-bd636470bc11
b38f65e1-7363-4d25-8fa9-c3fca2dec854,Assessment_9001168_1,3552,1,92f3d53d2beaa2a9cd2ec986c037c727,In Progress,InProgress,2026-03-26T17:40:10.000+00:00,2026-03-26,2026,March,03,Quarter 1,Not Started,NotStarted,2026-03-26T17:40:09.000+00:00,2026-03-26,2026,March,03,Quarter 1,OneTrust Automation,79f09a0f-fbd7-4439-9e1e-d48abe62c98e,False,1.1574074074074073e-05,https://Assessment/Assessment/b38f65e1-7363-4d25-8fa9-c3fca2dec854,Africa/Conakry,OTAuto02,b99df4a4-2bf5-4c08-9483-bd636470bc11,b99df4a4-2bf5-4c08-9483-bd636470bc11
b38f65e1-7363-4d25-8fa9-c3fca2dec854,Assessment_9001168_1,3552,2,589286f150f22e9372619ae4e97d3c51,Under Review,UnderReview,2026-03-26T17:40:11.000+00:00,2026-03-26,2026,March,03,Quarter 1,In Progress,InProgress,2026-03-26T17:40:10.000+00:00,2026-03-26,2026,March,03,Quarter 1,OneTrust Automation,79f09a0f-fbd7-4439-9e1e-d48abe62c98e,True,1.1574074074074073e-05,https://Assessment/Assessment/b38f65e1-7363-4d25-8fa9-c3fca2dec854,Africa/Conakry,OTAuto02,b99df4a4-2bf5-4c08-9483-bd636470bc11,b99df4a4-2bf5-4c08-9483-bd636470bc11
b39593f7-f3e2-4f74-8240-546b28abc0c0,assessment_92183,2905,0,ffe8d0f2d4ef5792e4fd70524e13115d,Not Started,NotStarted,2026-03-25T00:29:27.000+00:00,2026-03-25,2026,March,03,Quarter 1,,,,,,,,,OneTrust Automation,79f09a0f-fbd7-4439-9e1e-d48abe62c98e,True,,https://Assessment/Assessment/b39593f7-f3e2-4f74-8240-546b28abc0c0,Africa/Conakry,OTAuto02,b99df4a4-2bf5-4c08-9483-bd636470bc11,b99df4a4-2bf5-4c08-9483-bd636470bc11
b3a91f2c-7d6d-46e2-ad17-daca5fe51a7c,Automated_Assessment_4751946,3421,0,36ee39110419fbde4537cea27317fb03,Not Started,NotStarted,2026-03-26T05:37:24.000+00:00,2026-03-26,2026,March,03,Quarter 1,,,,,,,,,OneTrust Automation,79f09a0f-fbd7-4439-9e1e-d48abe62c98e,False,,https://Assessment/Assessment/b3a91f2c-7d6d-46e2-ad17-daca5fe51a7c,Africa/Conakry,OTAuto02,b99df4a4-2bf5-4c08-9483-bd636470bc11,b99df4a4-2bf5-4c08-9483-bd636470bc11
b3a91f2c-7d6d-46e2-ad17-daca5fe51a7c,Automated_Assessment_4751946,3421,1,64676e1da025c9e1ae024459ccaf5169,In Progress,InProgress,2026-03-26T05:37:24.000+00:00,2026-03-26,2026,March,03,Quarter 1,Not Started,NotStarted,2026-03-26T05:37:24.000+00:00,2026-03-26,2026,March,03,Quarter 1,OneTrust Automation,79f09a0f-fbd7-4439-9e1e-d48abe62c98e,True,0.0,https://Assessment/Assessment/b3a91f2c-7d6d-46e2-ad17-daca5fe51a7c,Africa/Conakry,OTAuto02,b99df4a4-2bf5-4c08-9483-bd636470bc11,b99df4a4-2bf5-4c08-9483-bd636470bc11
b3abe53d-b5d3-4057-a879-438ad9950bcc,Second_Assessment_98494_238211,2776,0,29027c590faa68698a74ed1ec4a47fe4,Not Started,NotStarted,2026-03-24T22:15:37.000+00:00,2026-03-24,2026,March,03,Quarter 1,,,,,,,,,OneTrust Automation,79f09a0f-fbd7-4439-9e1e-d48abe62c98e,True,,https://Assessment/Assessment/b3abe53d-b5d3-4057-a879-438ad9950bcc,Africa/Conakry,OTAuto02,b99df4a4-2bf5-4c08-9483-bd636470bc11,b99df4a4-2bf5-4c08-9483-bd636470bc11
b3ace477-a149-46a7-a7ae-c1b0af993c7b,AI_model_object_instance_7861774 - template_7861774,3115,0,3695286287ef45db19613ca16bb659ff,Not Started,NotStarted,2026-03-25T04:58:10.000+00:00,2026-03-25,2026,March,03,Quarter 1,,,,,,,,,OneTrust Automation,79f09a0f-fbd7-4439-9e1e-d48abe62c98e,True,,https://Assessment/Assessment/b3ace477-a149-46a7-a7ae-c1b0af993c7b,Africa/Conakry,OTAuto02,b99df4a4-2bf5-4c08-9483-bd636470bc11,b99df4a4-2bf5-4c08-9483-bd636470bc11
b3c8a6b0-a971-4efb-85af-283541224ce8,Automated_Assessment_68694_1462131,3203,0,e398cf4f954d787cc45a4fbc105ceeee,Not Started,NotStarted,2026-03-25T06:45:00.000+00:00,2026-03-25,2026,March,03,Quarter 1,,,,,,,,,OneTrust Automation,79f09a0f-fbd7-4439-9e1e-d48abe62c98e,False,,https://Assessment/Assessment/b3c8a6b0-a971-4efb-85af-283541224ce8,Africa/Conakry,OTAuto02,b99df4a4-2bf5-4c08-9483-bd636470bc11,b99df4a4-2bf5-4c08-9483-bd636470bc11
b3c8a6b0-a971-4efb-85af-283541224ce8,Automated_Assessment_68694_1462131,3203,1,f6a2cb73a67cdf43d24b87a25c22e304,In Progress,InProgress,2026-03-25T06:45:01.000+00:00,2026-03-25,2026,March,03,Quarter 1,Not Started,NotStarted,2026-03-25T06:45:00.000+00:00,2026-03-25,2026,March,03,Quarter 1,OneTrust Automation,79f09a0f-fbd7-4439-9e1e-d48abe62c98e,False,1.1574074074074073e-05,https://Assessment/Assessment/b3c8a6b0-a971-4efb-85af-283541224ce8,Africa/Conakry,OTAuto02,b99df4a4-2bf5-4c08-9483-bd636470bc11,b99df4a4-2bf5-4c08-9483-bd636470bc11
b3c8a6b0-a971-4efb-85af-283541224ce8,Automated_Assessment_68694_1462131,3203,2,b29464381f15fa2619638b43242ebc9f,Under Review,UnderReview,2026-03-25T06:45:12.000+00:00,2026-03-25,2026,March,03,Quarter 1,In Progress,InProgress,2026-03-25T06:45:01.000+00:00,2026-03-25,2026,March,03,Quarter 1,OneTrust Automation,79f09a0f-fbd7-4439-9e1e-d48abe62c98e,True,0.0001273148148148148,https://Assessment/Assessment/b3c8a6b0-a971-4efb-85af-283541224ce8,Africa/Conakry,OTAuto02,b99df4a4-2bf5-4c08-9483-bd636470bc11,b99df4a4-2bf5-4c08-9483-bd636470bc11
b3d2a158-4ad5-4106-bcee-88a371b571fe,automated_assessment_61811_1125611,4909,0,7424be8bf02e3313b85872c0506941e7,Not Started,NotStarted,2026-03-27T02:31:21.000+00:00,2026-03-27,2026,March,03,Quarter 1,,,,,,,,,OneTrust Automation,79f09a0f-fbd7-4439-9e1e-d48abe62c98e,False,,https://Assessment/Assessment/b3d2a158-4ad5-4106-bcee-88a371b571fe,Africa/Conakry,OTAuto02,b99df4a4-2bf5-4c08-9483-bd636470bc11,b99df4a4-2bf5-4c08-9483-bd636470bc11
b3d2a158-4ad5-4106-bcee-88a371b571fe,automated_assessment_61811_1125611,4909,1,ef48ff333be2252ee455b0a0353dc9ba,Under Review,UnderReview,2026-03-27T02:31:48.000+00:00,2026-03-27,2026,March,03,Quarter 1,Not Started,NotStarted,2026-03-27T02:31:21.000+00:00,2026-03-27,2026,March,03,Quarter 1,OneTrust Automation,79f09a0f-fbd7-4439-9e1e-d48abe62c98e,True,0.0003125,https://Assessment/Assessment/b3d2a158-4ad5-4106-bcee-88a371b571fe,Africa/Conakry,OTAuto02,b99df4a4-2bf5-4c08-9483-bd636470bc11,b99df4a4-2bf5-4c08-9483-bd636470bc11
b3ec6979-51ee-43b9-8df1-e7932477c0f8,LaunchAssmnt_3576924,3030,0,0bb2220e1a23fb06a155f4add9e43051,Not Started,NotStarted,2026-03-25T01:57:59.000+00:00,2026-03-25,2026,March,03,Quarter 1,,,,,,,,,OneTrust Automation,79f09a0f-fbd7-4439-9e1e-d48abe62c98e,False,,https://Assessment/Assessment/b3ec6979-51ee-43b9-8df1-e7932477c0f8,Africa/Conakry,OTAuto02,b99df4a4-2bf5-4c08-9483-bd636470bc11,b99df4a4-2bf5-4c08-9483-bd636470bc11
b3ec6979-51ee-43b9-8df1-e7932477c0f8,LaunchAssmnt_3576924,3030,1,a394b7a39b73b035d1a394bbe6a4adfc,In Progress,InProgress,2026-03-25T01:58:01.000+00:00,2026-03-25,2026,March,03,Quarter 1,Not Started,NotStarted,2026-03-25T01:57:59.000+00:00,2026-03-25,2026,March,03,Quarter 1,OneTrust Automation,79f09a0f-fbd7-4439-9e1e-d48abe62c98e,False,2.3148148148148147e-05,https://Assessment/Assessment/b3ec6979-51ee-43b9-8df1-e7932477c0f8,Africa/Conakry,OTAuto02,b99df4a4-2bf5-4c08-9483-bd636470bc11,b99df4a4-2bf5-4c08-9483-bd636470bc11
b3ec6979-51ee-43b9-8df1-e7932477c0f8,LaunchAssmnt_3576924,3030,2,8880aaea4f32a7d2fafa6fb200f13430,Under Review,UnderReview,2026-03-25T01:58:16.000+00:00,2026-03-25,2026,March,03,Quarter 1,In Progress,InProgress,2026-03-25T01:58:01.000+00:00,2026-03-25,2026,March,03,Quarter 1,OneTrust Automation,79f09a0f-fbd7-4439-9e1e-d48abe62c98e,False,0.00017361111111111112,https://Assessment/Assessment/b3ec6979-51ee-43b9-8df1-e7932477c0f8,Africa/Conakry,OTAuto02,b99df4a4-2bf5-4c08-9483-bd636470bc11,b99df4a4-2bf5-4c08-9483-bd636470bc11
b3ec6979-51ee-43b9-8df1-e7932477c0f8,LaunchAssmnt_3576924,3030,3,5a014240c5a0509811dd76e68abdb71d,Completed,Completed,2026-03-25T01:59:29.000+00:00,2026-03-25,2026,March,03,Quarter 1,Under Review,UnderReview,2026-03-25T01:58:16.000+00:00,2026-03-25,2026,March,03,Quarter 1,OneTrust Automation,79f09a0f-fbd7-4439-9e1e-d48abe62c98e,True,0.0008449074074074074,https://Assessment/Assessment/b3ec6979-51ee-43b9-8df1-e7932477c0f8,Africa/Conakry,OTAuto02,b99df4a4-2bf5-4c08-9483-bd636470bc11,b99df4a4-2bf5-4c08-9483-bd636470bc11
b3f12387-436d-457b-8174-0e8a403d9e94,Automated_Assessment_8000837,3157,0,7138964aee7dc3f75c9ef42a62c00631,Not Started,NotStarted,2026-03-25T06:02:26.000+00:00,2026-03-25,2026,March,03,Quarter 1,,,,,,,,,OneTrust Automation,79f09a0f-fbd7-4439-9e1e-d48abe62c98e,False,,https://Assessment/Assessment/b3f12387-436d-457b-8174-0e8a403d9e94,Africa/Conakry,OTAuto02,b99df4a4-2bf5-4c08-9483-bd636470bc11,b99df4a4-2bf5-4c08-9483-bd636470bc11
b3f12387-436d-457b-8174-0e8a403d9e94,Automated_Assessment_8000837,3157,1,d4db823dd0c3b142e7df1ac9fa9ecff8,In Progress,InProgress,2026-03-25T06:05:17.000+00:00,2026-03-25,2026,March,03,Quarter 1,Not Started,NotStarted,2026-03-25T06:02:26.000+00:00,2026-03-25,2026,March,03,Quarter 1,OneTrust Automation,79f09a0f-fbd7-4439-9e1e-d48abe62c98e,True,0.001979166666666667,https://Assessment/Assessment/b3f12387-436d-457b-8174-0e8a403d9e94,Africa/Conakry,OTAuto02,b99df4a4-2bf5-4c08-9483-bd636470bc11,b99df4a4-2bf5-4c08-9483-bd636470bc11
b3f4731e-db7f-4792-8e88-6ff79a3e859f,assessmentChangeParentVendorCompleted_20260406060600-2e7gue,5069,0,9a4da2d1d0e009d72029b96d3cf5d430,Not Started,NotStarted,2026-04-06T06:06:04.000+00:00,2026-04-06,2026,April,04,Quarter 2,,,,,,,,,OneTrust Automation,79f09a0f-fbd7-4439-9e1e-d48abe62c98e,False,,https://Assessment/Assessment/b3f4731e-db7f-4792-8e88-6ff79a3e859f,Africa/Conakry,OTAuto02,b99df4a4-2bf5-4c08-9483-bd636470bc11,b99df4a4-2bf5-4c08-9483-bd636470bc11
b3f4731e-db7f-4792-8e88-6ff79a3e859f,assessmentChangeParentVendorCompleted_20260406060600-2e7gue,5069,1,5618a3cf49e98e8bc2d5259b88cb6773,Under Review,UnderReview,2026-04-06T06:06:05.000+00:00,2026-04-06,2026,April,04,Quarter 2,Not Started,NotStarted,2026-04-06T06:06:04.000+00:00,2026-04-06,2026,April,04,Quarter 2,OneTrust Automation,79f09a0f-fbd7-4439-9e1e-d48abe62c98e,False,1.1574074074074073e-05,https://Assessment/Assessment/b3f4731e-db7f-4792-8e88-6ff79a3e859f,Africa/Conakry,OTAuto02,b99df4a4-2bf5-4c08-9483-bd636470bc11,b99df4a4-2bf5-4c08-9483-bd636470bc11
b3f4731e-db7f-4792-8e88-6ff79a3e859f,assessmentChangeParentVendorCompleted_20260406060600-2e7gue,5069,2,3b5960d9522dd43bbf8fdb725e209570,Completed,Completed,2026-04-06T06:06:07.000+00:00,2026-04-06,2026,April,04,Quarter 2,Under Review,UnderReview,2026-04-06T06:06:05.000+00:00,2026-04-06,2026,April,04,Quarter 2,OneTrust Automation,79f09a0f-fbd7-4439-9e1e-d48abe62c98e,True,2.3148148148148147e-05,https://Assessment/Assessment/b3f4731e-db7f-4792-8e88-6ff79a3e859f,Africa/Conakry,OTAuto02,b99df4a4-2bf5-4c08-9483-bd636470bc11,b99df4a4-2bf5-4c08-9483-bd636470bc11
b4129fb2-27ef-481a-9f8c-9c7a89db0394,Assessment_477_5239712,4680,0,863601d8f30b74595dabb3e788a85536,Not Started,NotStarted,2026-03-26T23:01:52.000+00:00,2026-03-26,2026,March,03,Quarter 1,,,,,,,,,OneTrust Automation,79f09a0f-fbd7-4439-9e1e-d48abe62c98e,True,,https://Assessment/Assessment/b4129fb2-27ef-481a-9f8c-9c7a89db0394,Africa/Conakry,OTAuto02,b99df4a4-2bf5-4c08-9483-bd636470bc11,b99df4a4-2bf5-4c08-9483-bd636470bc11
b41b5ee9-e883-401f-9481-e2cb9a171ac3,a_2666165,1251,0,c418a04b1de9a7b41b4a5072e0e69611,Not Started,NotStarted,2026-03-19T22:31:36.000+00:00,2026-03-19,2026,March,03,Quarter 1,,,,,,,,,OneTrust Automation,79f09a0f-fbd7-4439-9e1e-d48abe62c98e,False,,https://Assessment/Assessment/b41b5ee9-e883-401f-9481-e2cb9a171ac3,Africa/Conakry,OTAuto02,b99df4a4-2bf5-4c08-9483-bd636470bc11,b99df4a4-2bf5-4c08-9483-bd636470bc11
b41b5ee9-e883-401f-9481-e2cb9a171ac3,a_2666165,1251,1,3ba570977c6462e8a88f2724e589a36f,In Progress,InProgress,2026-03-19T22:33:09.000+00:00,2026-03-19,2026,March,03,Quarter 1,Not Started,NotStarted,2026-03-19T22:31:36.000+00:00,2026-03-19,2026,March,03,Quarter 1,OneTrust Automation,79f09a0f-fbd7-4439-9e1e-d48abe62c98e,False,0.0010763888888888889,https://Assessment/Assessment/b41b5ee9-e883-401f-9481-e2cb9a171ac3,Africa/Conakry,OTAuto02,b99df4a4-2bf5-4c08-9483-bd636470bc11,b99df4a4-2bf5-4c08-9483-bd636470bc11
b41b5ee9-e883-401f-9481-e2cb9a171ac3,a_2666165,1251,2,985fbefe657984ef051cf2e5b865ae9c,Under Review,UnderReview,2026-03-19T22:33:28.000+00:00,2026-03-19,2026,March,03,Quarter 1,In Progress,InProgress,2026-03-19T22:33:09.000+00:00,2026-03-19,2026,March,03,Quarter 1,OneTrust Automation,79f09a0f-fbd7-4439-9e1e-d48abe62c98e,False,0.0002199074074074074,https://Assessment/Assessment/b41b5ee9-e883-401f-9481-e2cb9a171ac3,Africa/Conakry,OTAuto02,b99df4a4-2bf5-4c08-9483-bd636470bc11,b99df4a4-2bf5-4c08-9483-bd636470bc11
b41b5ee9-e883-401f-9481-e2cb9a171ac3,a_2666165,1251,3,3fd9de477bf3f9ed56012931f19672a6,Completed,Completed,2026-03-19T22:34:02.000+00:00,2026-03-19,2026,March,03,Quarter 1,Under Review,UnderReview,2026-03-19T22:33:28.000+00:00,2026-03-19,2026,March,03,Quarter 1,OneTrust Automation,79f09a0f-fbd7-4439-9e1e-d48abe62c98e,True,0.0003935185185185185,https://Assessment/Assessment/b41b5ee9-e883-401f-9481-e2cb9a171ac3,Africa/Conakry,OTAuto02,b99df4a4-2bf5-4c08-9483-bd636470bc11,b99df4a4-2bf5-4c08-9483-bd636470bc11
b4309ef8-e261-4eb2-8f8e-1fa76f38cf80,automation_project_7532_24032026,1616,0,ba7227758b36757734b280dae9cb659c,Not Started,NotStarted,2026-03-24T17:14:02.000+00:00,2026-03-24,2026,March,03,Quarter 1,,,,,,,,,OneTrust Automation,79f09a0f-fbd7-4439-9e1e-d48abe62c98e,False,,https://Assessment/Assessment/b4309ef8-e261-4eb2-8f8e-1fa76f38cf80,Africa/Conakry,OTAuto02,b99df4a4-2bf5-4c08-9483-bd636470bc11,b99df4a4-2bf5-4c08-9483-bd636470bc11
b4309ef8-e261-4eb2-8f8e-1fa76f38cf80,automation_project_7532_24032026,1616,1,63c2a53c45956bb4e86e4ac8fde7069e,In Progress,InProgress,2026-03-24T17:14:02.000+00:00,2026-03-24,2026,March,03,Quarter 1,Not Started,NotStarted,2026-03-24T17:14:02.000+00:00,2026-03-24,2026,March,03,Quarter 1,OneTrust Automation,79f09a0f-fbd7-4439-9e1e-d48abe62c98e,True,0.0,https://Assessment/Assessment/b4309ef8-e261-4eb2-8f8e-1fa76f38cf80,Africa/Conakry,OTAuto02,b99df4a4-2bf5-4c08-9483-bd636470bc11,b99df4a4-2bf5-4c08-9483-bd636470bc11
b450c9be-5554-4821-a50d-ce42c264d1ed,Automated_Assessment_68694_839174,3537,0,5f881d8a96deb54af487ccfbfdba0591,Not Started,NotStarted,2026-03-26T17:36:59.000+00:00,2026-03-26,2026,March,03,Quarter 1,,,,,,,,,OneTrust Automation,79f09a0f-fbd7-4439-9e1e-d48abe62c98e,False,,https://Assessment/Assessment/b450c9be-5554-4821-a50d-ce42c264d1ed,Africa/Conakry,OTAuto02,b99df4a4-2bf5-4c08-9483-bd636470bc11,b99df4a4-2bf5-4c08-9483-bd636470bc11
b450c9be-5554-4821-a50d-ce42c264d1ed,Automated_Assessment_68694_839174,3537,1,ae1bdd43bde437c67e0897b773afb13c,In Progress,InProgress,2026-03-26T17:37:00.000+00:00,2026-03-26,2026,March,03,Quarter 1,Not Started,NotStarted,2026-03-26T17:36:59.000+00:00,2026-03-26,2026,March,03,Quarter 1,OneTrust Automation,79f09a0f-fbd7-4439-9e1e-d48abe62c98e,False,1.1574074074074073e-05,https://Assessment/Assessment/b450c9be-5554-4821-a50d-ce42c264d1ed,Africa/Conakry,OTAuto02,b99df4a4-2bf5-4c08-9483-bd636470bc11,b99df4a4-2bf5-4c08-9483-bd636470bc11
b450c9be-5554-4821-a50d-ce42c264d1ed,Automated_Assessment_68694_839174,3537,2,1a24adbb3fc3ceb23479f29662770757,Under Review,UnderReview,2026-03-26T17:37:11.000+00:00,2026-03-26,2026,March,03,Quarter 1,In Progress,InProgress,2026-03-26T17:37:00.000+00:00,2026-03-26,2026,March,03,Quarter 1,OneTrust Automation,79f09a0f-fbd7-4439-9e1e-d48abe62c98e,True,0.0001273148148148148,https://Assessment/Assessment/b450c9be-5554-4821-a50d-ce42c264d1ed,Africa/Conakry,OTAuto02,b99df4a4-2bf5-4c08-9483-bd636470bc11,b99df4a4-2bf5-4c08-9483-bd636470bc11
b467937e-cebc-4b96-b9a1-536ababb3ae5,Automated_Assessment_1_9213653,2723,0,0939baf0777521be2a6da2f72e1a85e2,Not Started,NotStarted,2026-03-24T22:06:36.000+00:00,2026-03-24,2026,March,03,Quarter 1,,,,,,,,,OneTrust Automation,79f09a0f-fbd7-4439-9e1e-d48abe62c98e,False,,https://Assessment/Assessment/b467937e-cebc-4b96-b9a1-536ababb3ae5,Africa/Conakry,OTAuto02,b99df4a4-2bf5-4c08-9483-bd636470bc11,b99df4a4-2bf5-4c08-9483-bd636470bc11
b467937e-cebc-4b96-b9a1-536ababb3ae5,Automated_Assessment_1_9213653,2723,1,e003db9b93af817beff37f61c9bfe002,Under Review,UnderReview,2026-03-24T22:06:37.000+00:00,2026-03-24,2026,March,03,Quarter 1,Not Started,NotStarted,2026-03-24T22:06:36.000+00:00,2026-03-24,2026,March,03,Quarter 1,OneTrust Automation,79f09a0f-fbd7-4439-9e1e-d48abe62c98e,True,1.1574074074074073e-05,https://Assessment/Assessment/b467937e-cebc-4b96-b9a1-536ababb3ae5,Africa/Conakry,OTAuto02,b99df4a4-2bf5-4c08-9483-bd636470bc11,b99df4a4-2bf5-4c08-9483-bd636470bc11
b4735f96-b13d-4cb1-89d1-b24c27a0301a,assessment_92279_1_9484930,1439,0,ff8446e78d41a22a9d8807b6daed6b04,Not Started,NotStarted,2026-03-20T00:51:59.000+00:00,2026-03-20,2026,March,03,Quarter 1,,,,,,,,,OneTrust Automation,79f09a0f-fbd7-4439-9e1e-d48abe62c98e,False,,https://Assessment/Assessment/b4735f96-b13d-4cb1-89d1-b24c27a0301a,Africa/Conakry,OTAuto02,b99df4a4-2bf5-4c08-9483-bd636470bc11,b99df4a4-2bf5-4c08-9483-bd636470bc11
b4735f96-b13d-4cb1-89d1-b24c27a0301a,assessment_92279_1_9484930,1439,1,9a8caebfae95e6243aa7a53cf35cbba4,In Progress,InProgress,2026-03-20T00:52:01.000+00:00,2026-03-20,2026,March,03,Quarter 1,Not Started,NotStarted,2026-03-20T00:51:59.000+00:00,2026-03-20,2026,March,03,Quarter 1,OneTrust Automation,79f09a0f-fbd7-4439-9e1e-d48abe62c98e,True,2.3148148148148147e-05,https://Assessment/Assessment/b4735f96-b13d-4cb1-89d1-b24c27a0301a,Africa/Conakry,OTAuto02,b99df4a4-2bf5-4c08-9483-bd636470bc11,b99df4a4-2bf5-4c08-9483-bd636470bc11
b47a9dc3-f5e3-4c1f-a4f2-1cbdc96b5c44,automation_assessment_1954504,3015,0,83b5437d13e3871db90c1174ec453ac7,Not Started,NotStarted,2026-03-25T01:43:14.000+00:00,2026-03-25,2026,March,03,Quarter 1,,,,,,,,,OneTrust Automation,79f09a0f-fbd7-4439-9e1e-d48abe62c98e,False,,https://Assessment/Assessment/b47a9dc3-f5e3-4c1f-a4f2-1cbdc96b5c44,Africa/Conakry,OTAuto02,b99df4a4-2bf5-4c08-9483-bd636470bc11,b99df4a4-2bf5-4c08-9483-bd636470bc11
b47a9dc3-f5e3-4c1f-a4f2-1cbdc96b5c44,automation_assessment_1954504,3015,1,1ce215b6b77b48e0a1bb87ec45826573,In Progress,InProgress,2026-03-25T01:43:44.000+00:00,2026-03-25,2026,March,03,Quarter 1,Not Started,NotStarted,2026-03-25T01:43:14.000+00:00,2026-03-25,2026,March,03,Quarter 1,OneTrust Automation,79f09a0f-fbd7-4439-9e1e-d48abe62c98e,False,0.00034722222222222224,https://Assessment/Assessment/b47a9dc3-f5e3-4c1f-a4f2-1cbdc96b5c44,Africa/Conakry,OTAuto02,b99df4a4-2bf5-4c08-9483-bd636470bc11,b99df4a4-2bf5-4c08-9483-bd636470bc11
b47a9dc3-f5e3-4c1f-a4f2-1cbdc96b5c44,automation_assessment_1954504,3015,2,83d38a185ff82bd330b89eb6bb2e23e6,Under Review,UnderReview,2026-03-25T01:43:49.000+00:00,2026-03-25,2026,March,03,Quarter 1,In Progress,InProgress,2026-03-25T01:43:44.000+00:00,2026-03-25,2026,March,03,Quarter 1,OneTrust Automation,79f09a0f-fbd7-4439-9e1e-d48abe62c98e,False,5.787037037037037e-05,https://Assessment/Assessment/b47a9dc3-f5e3-4c1f-a4f2-1cbdc96b5c44,Africa/Conakry,OTAuto02,b99df4a4-2bf5-4c08-9483-bd636470bc11,b99df4a4-2bf5-4c08-9483-bd636470bc11
b47a9dc3-f5e3-4c1f-a4f2-1cbdc96b5c44,automation_assessment_1954504,3015,3,640219656a9a6f73c40d2df9ae7043bd,Completed,Completed,2026-03-25T01:45:09.000+00:00,2026-03-25,2026,March,03,Quarter 1,Under Review,UnderReview,2026-03-25T01:43:49.000+00:00,2026-03-25,2026,March,03,Quarter 1,privacyofficer user,aa5e22c6-dc4f-473f-8aa5-46753f07d37d,True,0.000925925925925926,https://Assessment/Assessment/b47a9dc3-f5e3-4c1f-a4f2-1cbdc96b5c44,Africa/Conakry,OTAuto02,b99df4a4-2bf5-4c08-9483-bd636470bc11,b99df4a4-2bf5-4c08-9483-bd636470bc11
b4a0e4d8-f71a-4bb0-908e-30ee0cf2da01,automated_assessment_72139_4514507,4520,0,a823133ef2db0b7a7884b637a32b285f,Not Started,NotStarted,2026-03-26T22:01:00.000+00:00,2026-03-26,2026,March,03,Quarter 1,,,,,,,,,OneTrust Automation,79f09a0f-fbd7-4439-9e1e-d48abe62c98e,True,,https://Assessment/Assessment/b4a0e4d8-f71a-4bb0-908e-30ee0cf2da01,Africa/Conakry,OTAuto02,b99df4a4-2bf5-4c08-9483-bd636470bc11,b99df4a4-2bf5-4c08-9483-bd636470bc11
b4c561cd-9d6a-4724-99b6-f1f246012e1b,Automated_Assessment_6626902,3677,0,a79770c6fac784b99bb62d82b03b805f,Not Started,NotStarted,2026-03-26T18:08:47.000+00:00,2026-03-26,2026,March,03,Quarter 1,,,,,,,,,projectowner user,da43fe2d-46b8-4d39-8174-b857cd048aa4,True,,https://Assessment/Assessment/b4c561cd-9d6a-4724-99b6-f1f246012e1b,Africa/Conakry,OTAuto02,b99df4a4-2bf5-4c08-9483-bd636470bc11,b99df4a4-2bf5-4c08-9483-bd636470bc11
b4dd1431-523e-47b2-a17f-08b44f2e398d,assessmentChangeParentVendorCompleted_20260406060620-tsf49h,5079,0,dd5d85a81a025463a34ec0a70fb1f4b3,Not Started,NotStarted,2026-04-06T06:06:24.000+00:00,2026-04-06,2026,April,04,Quarter 2,,,,,,,,,OneTrust Automation,79f09a0f-fbd7-4439-9e1e-d48abe62c98e,False,,https://Assessment/Assessment/b4dd1431-523e-47b2-a17f-08b44f2e398d,Africa/Conakry,OTAuto02,b99df4a4-2bf5-4c08-9483-bd636470bc11,b99df4a4-2bf5-4c08-9483-bd636470bc11
b4dd1431-523e-47b2-a17f-08b44f2e398d,assessmentChangeParentVendorCompleted_20260406060620-tsf49h,5079,1,7d2ff10855bf5ea22b6467e561fb1dc3,Under Review,UnderReview,2026-04-06T06:06:25.000+00:00,2026-04-06,2026,April,04,Quarter 2,Not Started,NotStarted,2026-04-06T06:06:24.000+00:00,2026-04-06,2026,April,04,Quarter 2,OneTrust Automation,79f09a0f-fbd7-4439-9e1e-d48abe62c98e,False,1.1574074074074073e-05,https://Assessment/Assessment/b4dd1431-523e-47b2-a17f-08b44f2e398d,Africa/Conakry,OTAuto02,b99df4a4-2bf5-4c08-9483-bd636470bc11,b99df4a4-2bf5-4c08-9483-bd636470bc11
b4dd1431-523e-47b2-a17f-08b44f2e398d,assessmentChangeParentVendorCompleted_20260406060620-tsf49h,5079,2,7338934b28ac7714053fdeecf3711d06,Completed,Completed,2026-04-06T06:06:27.000+00:00,2026-04-06,2026,April,04,Quarter 2,Under Review,UnderReview,2026-04-06T06:06:25.000+00:00,2026-04-06,2026,April,04,Quarter 2,OneTrust Automation,79f09a0f-fbd7-4439-9e1e-d48abe62c98e,True,2.3148148148148147e-05,https://Assessment/Assessment/b4dd1431-523e-47b2-a17f-08b44f2e398d,Africa/Conakry,OTAuto02,b99df4a4-2bf5-4c08-9483-bd636470bc11,b99df4a4-2bf5-4c08-9483-bd636470bc11
b4ed60f0-15f3-4090-8603-82a1c49d147b,Automated_Assessment_9306267,1802,0,b4e1868a598f7d27c5bf45831d2e4f52,Not Started,NotStarted,2026-03-24T17:49:56.000+00:00,2026-03-24,2026,March,03,Quarter 1,,,,,,,,,projectowner user,da43fe2d-46b8-4d39-8174-b857cd048aa4,False,,https://Assessment/Assessment/b4ed60f0-15f3-4090-8603-82a1c49d147b,Africa/Conakry,OTAuto02,b99df4a4-2bf5-4c08-9483-bd636470bc11,b99df4a4-2bf5-4c08-9483-bd636470bc11
b4ed60f0-15f3-4090-8603-82a1c49d147b,Automated_Assessment_9306267,1802,1,83c0536673bfab2fc5e66fc934b1d551,In Progress,InProgress,2026-03-24T17:50:47.000+00:00,2026-03-24,2026,March,03,Quarter 1,Not Started,NotStarted,2026-03-24T17:49:56.000+00:00,2026-03-24,2026,March,03,Quarter 1,projectowner user,da43fe2d-46b8-4d39-8174-b857cd048aa4,False,0.0005902777777777778,https://Assessment/Assessment/b4ed60f0-15f3-4090-8603-82a1c49d147b,Africa/Conakry,OTAuto02,b99df4a4-2bf5-4c08-9483-bd636470bc11,b99df4a4-2bf5-4c08-9483-bd636470bc11
b4ed60f0-15f3-4090-8603-82a1c49d147b,Automated_Assessment_9306267,1802,2,61b42ef3572001546b3aa6614255c916,Under Review,UnderReview,2026-03-24T17:50:55.000+00:00,2026-03-24,2026,March,03,Quarter 1,In Progress,InProgress,2026-03-24T17:50:47.000+00:00,2026-03-24,2026,March,03,Quarter 1,projectowner user,da43fe2d-46b8-4d39-8174-b857cd048aa4,True,9.259259259259259e-05,https://Assessment/Assessment/b4ed60f0-15f3-4090-8603-82a1c49d147b,Africa/Conakry,OTAuto02,b99df4a4-2bf5-4c08-9483-bd636470bc11,b99df4a4-2bf5-4c08-9483-bd636470bc11
b504ba93-90d0-4cc8-96f7-fb4dacd913f0,Assessment_2294_9734337,1434,0,cee3b87cdbd2d8d50f4591ebd883a167,Not Started,NotStarted,2026-03-20T00:47:11.000+00:00,2026-03-20,2026,March,03,Quarter 1,,,,,,,,,OneTrust Automation,79f09a0f-fbd7-4439-9e1e-d48abe62c98e,False,,https://Assessment/Assessment/b504ba93-90d0-4cc8-96f7-fb4dacd913f0,Africa/Conakry,OTAuto02,b99df4a4-2bf5-4c08-9483-bd636470bc11,b99df4a4-2bf5-4c08-9483-bd636470bc11
b504ba93-90d0-4cc8-96f7-fb4dacd913f0,Assessment_2294_9734337,1434,1,7f64da28857f8439d0087ac90d404529,In Progress,InProgress,2026-03-20T00:47:12.000+00:00,2026-03-20,2026,March,03,Quarter 1,Not Started,NotStarted,2026-03-20T00:47:11.000+00:00,2026-03-20,2026,March,03,Quarter 1,OneTrust Automation,79f09a0f-fbd7-4439-9e1e-d48abe62c98e,True,1.1574074074074073e-05,https://Assessment/Assessment/b504ba93-90d0-4cc8-96f7-fb4dacd913f0,Africa/Conakry,OTAuto02,b99df4a4-2bf5-4c08-9483-bd636470bc11,b99df4a4-2bf5-4c08-9483-bd636470bc11
b5349590-2ba2-4951-88d0-4a41e0fa4fbc,Assessment_Auto_1_97766_24032026,1633,0,66a4b5e4b12ce60ab75ee4470b3b51bc,Not Started,NotStarted,2026-03-24T17:17:54.000+00:00,2026-03-24,2026,March,03,Quarter 1,,,,,,,,,OneTrust Automation,79f09a0f-fbd7-4439-9e1e-d48abe62c98e,True,,https://Assessment/Assessment/b5349590-2ba2-4951-88d0-4a41e0fa4fbc,Africa/Conakry,OTAuto02,b99df4a4-2bf5-4c08-9483-bd636470bc11,b99df4a4-2bf5-4c08-9483-bd636470bc11
b54f3824-3605-4a20-970e-62cf8d2d887b,automation_assessment_40878_6835121,2258,0,0e536ec31f1b16d85b245d2c11d220c2,Not Started,NotStarted,2026-03-24T19:45:55.000+00:00,2026-03-24,2026,March,03,Quarter 1,,,,,,,,,OneTrust Automation,79f09a0f-fbd7-4439-9e1e-d48abe62c98e,False,,https://Assessment/Assessment/b54f3824-3605-4a20-970e-62cf8d2d887b,Africa/Conakry,OTAuto02,b99df4a4-2bf5-4c08-9483-bd636470bc11,b99df4a4-2bf5-4c08-9483-bd636470bc11
b54f3824-3605-4a20-970e-62cf8d2d887b,automation_assessment_40878_6835121,2258,1,9217a07a64c6c859dc0b187a679e6e69,In Progress,InProgress,2026-03-24T19:46:46.000+00:00,2026-03-24,2026,March,03,Quarter 1,Not Started,NotStarted,2026-03-24T19:45:55.000+00:00,2026-03-24,2026,March,03,Quarter 1,OneTrust Automation,79f09a0f-fbd7-4439-9e1e-d48abe62c98e,True,0.0005902777777777778,https://Assessment/Assessment/b54f3824-3605-4a20-970e-62cf8d2d887b,Africa/Conakry,OTAuto02,b99df4a4-2bf5-4c08-9483-bd636470bc11,b99df4a4-2bf5-4c08-9483-bd636470bc11
b56163c8-970e-4db8-a0cd-6ec444dd828b,pa_1_4129237,3008,0,13f581726c270eb96a4dcd15f0bbdd58,Not Started,NotStarted,2026-03-25T01:38:43.000+00:00,2026-03-25,2026,March,03,Quarter 1,,,,,,,,,OneTrust Automation,79f09a0f-fbd7-4439-9e1e-d48abe62c98e,True,,https://Assessment/Assessment/b56163c8-970e-4db8-a0cd-6ec444dd828b,Africa/Conakry,OTAuto02,b99df4a4-2bf5-4c08-9483-bd636470bc11,b99df4a4-2bf5-4c08-9483-bd636470bc11
b5620a51-a364-4788-987f-4ed8589e8630,Incident2_1713517,4924,0,bca34ff225dd4044fdf96e1e24497549,Not Started,NotStarted,2026-03-27T02:42:47.000+00:00,2026-03-27,2026,March,03,Quarter 1,,,,,,,,,OneTrust Automation,79f09a0f-fbd7-4439-9e1e-d48abe62c98e,False,,https://Assessment/Assessment/b5620a51-a364-4788-987f-4ed8589e8630,Africa/Conakry,OTAuto02,b99df4a4-2bf5-4c08-9483-bd636470bc11,b99df4a4-2bf5-4c08-9483-bd636470bc11
b5620a51-a364-4788-987f-4ed8589e8630,Incident2_1713517,4924,1,76b4c7103162c6bc7cc34ce43b4e4dea,Under Review,UnderReview,2026-03-27T02:42:48.000+00:00,2026-03-27,2026,March,03,Quarter 1,Not Started,NotStarted,2026-03-27T02:42:47.000+00:00,2026-03-27,2026,March,03,Quarter 1,OneTrust Automation,79f09a0f-fbd7-4439-9e1e-d48abe62c98e,True,1.1574074074074073e-05,https://Assessment/Assessment/b5620a51-a364-4788-987f-4ed8589e8630,Africa/Conakry,OTAuto02,b99df4a4-2bf5-4c08-9483-bd636470bc11,b99df4a4-2bf5-4c08-9483-bd636470bc11
b56c2f29-fb43-4dab-a6a2-143790ed2d3b,assessment_2_3766628,2377,0,8c555e363a4857873ef1b28fb64414c2,Not Started,NotStarted,2026-03-24T20:24:29.000+00:00,2026-03-24,2026,March,03,Quarter 1,,,,,,,,,OneTrust Automation,79f09a0f-fbd7-4439-9e1e-d48abe62c98e,True,,https://Assessment/Assessment/b56c2f29-fb43-4dab-a6a2-143790ed2d3b,Africa/Conakry,OTAuto02,b99df4a4-2bf5-4c08-9483-bd636470bc11,b99df4a4-2bf5-4c08-9483-bd636470bc11
b59b6f94-2a6b-4871-8616-8fd08b10023d,automated_controlName_2_7638249,2183,0,d0a1c8460ce91e9620098994a3e26f11,Not Started,NotStarted,2026-03-24T19:34:16.000+00:00,2026-03-24,2026,March,03,Quarter 1,,,,,,,,,OneTrust Automation,79f09a0f-fbd7-4439-9e1e-d48abe62c98e,True,,https://Assessment/Assessment/b59b6f94-2a6b-4871-8616-8fd08b10023d,Africa/Conakry,OTAuto02,b99df4a4-2bf5-4c08-9483-bd636470bc11,b99df4a4-2bf5-4c08-9483-bd636470bc11
b59c5671-5979-4f52-b457-ff0b64e96695,Automated_Assessment_540455,1996,0,3dc4b3a05259315ad5147e402e1f410a,Not Started,NotStarted,2026-03-24T18:41:01.000+00:00,2026-03-24,2026,March,03,Quarter 1,,,,,,,,,OneTrust Automation,79f09a0f-fbd7-4439-9e1e-d48abe62c98e,True,,https://Assessment/Assessment/b59c5671-5979-4f52-b457-ff0b64e96695,Africa/Conakry,OTAuto02,b99df4a4-2bf5-4c08-9483-bd636470bc11,b99df4a4-2bf5-4c08-9483-bd636470bc11
b59f7721-fe1c-498f-b641-ff3b74133d96,assessment_42255_2226083,2187,0,dccedd2857fa7be65715b93356d48e0c,Not Started,NotStarted,2026-03-24T19:35:13.000+00:00,2026-03-24,2026,March,03,Quarter 1,,,,,,,,,OneTrust Automation,79f09a0f-fbd7-4439-9e1e-d48abe62c98e,False,,https://Assessment/Assessment/b59f7721-fe1c-498f-b641-ff3b74133d96,Africa/Conakry,OTAuto02,b99df4a4-2bf5-4c08-9483-bd636470bc11,b99df4a4-2bf5-4c08-9483-bd636470bc11
b59f7721-fe1c-498f-b641-ff3b74133d96,assessment_42255_2226083,2187,1,d2096cfc2385c4202d0c343bc0088c7f,Under Review,UnderReview,2026-03-24T19:35:14.000+00:00,2026-03-24,2026,March,03,Quarter 1,Not Started,NotStarted,2026-03-24T19:35:13.000+00:00,2026-03-24,2026,March,03,Quarter 1,OneTrust Automation,79f09a0f-fbd7-4439-9e1e-d48abe62c98e,True,1.1574074074074073e-05,https://Assessment/Assessment/b59f7721-fe1c-498f-b641-ff3b74133d96,Africa/Conakry,OTAuto02,b99df4a4-2bf5-4c08-9483-bd636470bc11,b99df4a4-2bf5-4c08-9483-bd636470bc11
b5b901f0-0c89-478a-95de-da69ca7c1b4d,Automated_01_662761,3141,0,a1d6051adebad11ca367ca0364cba8e3,Not Started,NotStarted,2026-03-25T05:55:50.000+00:00,2026-03-25,2026,March,03,Quarter 1,,,,,,,,,OneTrust Automation,79f09a0f-fbd7-4439-9e1e-d48abe62c98e,False,,https://Assessment/Assessment/b5b901f0-0c89-478a-95de-da69ca7c1b4d,Africa/Conakry,OTAuto02,b99df4a4-2bf5-4c08-9483-bd636470bc11,b99df4a4-2bf5-4c08-9483-bd636470bc11
b5b901f0-0c89-478a-95de-da69ca7c1b4d,Automated_01_662761,3141,1,f929203c46b848f247400b49a6334dc1,In Progress,InProgress,2026-03-25T05:55:50.000+00:00,2026-03-25,2026,March,03,Quarter 1,Not Started,NotStarted,2026-03-25T05:55:50.000+00:00,2026-03-25,2026,March,03,Quarter 1,OneTrust Automation,79f09a0f-fbd7-4439-9e1e-d48abe62c98e,False,0.0,https://Assessment/Assessment/b5b901f0-0c89-478a-95de-da69ca7c1b4d,Africa/Conakry,OTAuto02,b99df4a4-2bf5-4c08-9483-bd636470bc11,b99df4a4-2bf5-4c08-9483-bd636470bc11
b5b901f0-0c89-478a-95de-da69ca7c1b4d,Automated_01_662761,3141,2,546ba8030eb1eede95381fb4b07f391c,Under Review,UnderReview,2026-03-25T05:55:51.000+00:00,2026-03-25,2026,March,03,Quarter 1,In Progress,InProgress,2026-03-25T05:55:50.000+00:00,2026-03-25,2026,March,03,Quarter 1,OneTrust Automation,79f09a0f-fbd7-4439-9e1e-d48abe62c98e,True,1.1574074074074073e-05,https://Assessment/Assessment/b5b901f0-0c89-478a-95de-da69ca7c1b4d,Africa/Conakry,OTAuto02,b99df4a4-2bf5-4c08-9483-bd636470bc11,b99df4a4-2bf5-4c08-9483-bd636470bc11
b5d2e59a-96a7-47f1-9bea-8166bf02e64e,Assessment_5468106,2393,0,fa995a9f7656b21469f747d9f292a125,Not Started,NotStarted,2026-03-24T20:27:42.000+00:00,2026-03-24,2026,March,03,Quarter 1,,,,,,,,,OneTrust Automation,79f09a0f-fbd7-4439-9e1e-d48abe62c98e,True,,https://Assessment/Assessment/b5d2e59a-96a7-47f1-9bea-8166bf02e64e,Africa/Conakry,OTAuto02,b99df4a4-2bf5-4c08-9483-bd636470bc11,b99df4a4-2bf5-4c08-9483-bd636470bc11
b621d930-feb7-407a-b735-305b2dc0871b,Automated_Assessment_92800,3158,0,4589cfb5a0eea3083bb1638fb9d054b7,Not Started,NotStarted,2026-03-25T06:03:12.000+00:00,2026-03-25,2026,March,03,Quarter 1,,,,,,,,,OneTrust Automation,79f09a0f-fbd7-4439-9e1e-d48abe62c98e,False,,https://Assessment/Assessment/b621d930-feb7-407a-b735-305b2dc0871b,Africa/Conakry,OTAuto02,b99df4a4-2bf5-4c08-9483-bd636470bc11,b99df4a4-2bf5-4c08-9483-bd636470bc11
b621d930-feb7-407a-b735-305b2dc0871b,Automated_Assessment_92800,3158,1,b1f68b0a04216d99d738469d637f1512,In Progress,InProgress,2026-03-25T06:05:54.000+00:00,2026-03-25,2026,March,03,Quarter 1,Not Started,NotStarted,2026-03-25T06:03:12.000+00:00,2026-03-25,2026,March,03,Quarter 1,OneTrust Automation,79f09a0f-fbd7-4439-9e1e-d48abe62c98e,True,0.001875,https://Assessment/Assessment/b621d930-feb7-407a-b735-305b2dc0871b,Africa/Conakry,OTAuto02,b99df4a4-2bf5-4c08-9483-bd636470bc11,b99df4a4-2bf5-4c08-9483-bd636470bc11
b6532e61-6393-481e-95af-3aa08d6c6f0a,automation_assessment_6457173,1312,0,b5fadd68d10780536a9750223fd35c18,Not Started,NotStarted,2026-03-19T23:15:28.000+00:00,2026-03-19,2026,March,03,Quarter 1,,,,,,,,,OneTrust Automation,79f09a0f-fbd7-4439-9e1e-d48abe62c98e,False,,https://Assessment/Assessment/b6532e61-6393-481e-95af-3aa08d6c6f0a,Africa/Conakry,OTAuto02,b99df4a4-2bf5-4c08-9483-bd636470bc11,b99df4a4-2bf5-4c08-9483-bd636470bc11
b6532e61-6393-481e-95af-3aa08d6c6f0a,automation_assessment_6457173,1312,1,0b1a8e0b88281565431e079536db946a,In Progress,InProgress,2026-03-19T23:15:58.000+00:00,2026-03-19,2026,March,03,Quarter 1,Not Started,NotStarted,2026-03-19T23:15:28.000+00:00,2026-03-19,2026,March,03,Quarter 1,OneTrust Automation,79f09a0f-fbd7-4439-9e1e-d48abe62c98e,False,0.00034722222222222224,https://Assessment/Assessment/b6532e61-6393-481e-95af-3aa08d6c6f0a,Africa/Conakry,OTAuto02,b99df4a4-2bf5-4c08-9483-bd636470bc11,b99df4a4-2bf5-4c08-9483-bd636470bc11
b6532e61-6393-481e-95af-3aa08d6c6f0a,automation_assessment_6457173,1312,2,189163a490a05e5954132268627d7a54,Under Review,UnderReview,2026-03-19T23:16:04.000+00:00,2026-03-19,2026,March,03,Quarter 1,In Progress,InProgress,2026-03-19T23:15:58.000+00:00,2026-03-19,2026,March,03,Quarter 1,OneTrust Automation,79f09a0f-fbd7-4439-9e1e-d48abe62c98e,False,6.944444444444444e-05,https://Assessment/Assessment/b6532e61-6393-481e-95af-3aa08d6c6f0a,Africa/Conakry,OTAuto02,b99df4a4-2bf5-4c08-9483-bd636470bc11,b99df4a4-2bf5-4c08-9483-bd636470bc11
b6532e61-6393-481e-95af-3aa08d6c6f0a,automation_assessment_6457173,1312,3,21d0804973bea12ff38db2eb1a428ad6,Completed,Completed,2026-03-19T23:17:23.000+00:00,2026-03-19,2026,March,03,Quarter 1,Under Review,UnderReview,2026-03-19T23:16:04.000+00:00,2026-03-19,2026,March,03,Quarter 1,privacyofficer user,aa5e22c6-dc4f-473f-8aa5-46753f07d37d,True,0.0009143518518518518,https://Assessment/Assessment/b6532e61-6393-481e-95af-3aa08d6c6f0a,Africa/Conakry,OTAuto02,b99df4a4-2bf5-4c08-9483-bd636470bc11,b99df4a4-2bf5-4c08-9483-bd636470bc11
b658e1c4-00ab-4b1e-bdcb-ef20c945df82,Automated_Assessment_4463662 - Template_7212_4463662,3476,0,93b8f4d15766e7c7e51ab9f113db0b28,Not Started,NotStarted,2026-03-26T06:13:40.000+00:00,2026-03-26,2026,March,03,Quarter 1,,,,,,,,,OneTrust Automation,79f09a0f-fbd7-4439-9e1e-d48abe62c98e,True,,https://Assessment/Assessment/b658e1c4-00ab-4b1e-bdcb-ef20c945df82,Africa/Conakry,OTAuto02,b99df4a4-2bf5-4c08-9483-bd636470bc11,b99df4a4-2bf5-4c08-9483-bd636470bc11
b659a2e3-6d96-47e4-bf61-e36ab1b2a3c5,AI_project_instance_91_3536055 - A_template_instance_105_7941352,5017,0,d0a8b41d08ab93e160047360dbc7a7a3,Not Started,NotStarted,2026-03-30T09:24:28.000+00:00,2026-03-30,2026,March,03,Quarter 1,,,,,,,,,OneTrust Automation,79f09a0f-fbd7-4439-9e1e-d48abe62c98e,True,,https://Assessment/Assessment/b659a2e3-6d96-47e4-bf61-e36ab1b2a3c5,Africa/Conakry,OTAuto02,b99df4a4-2bf5-4c08-9483-bd636470bc11,b99df4a4-2bf5-4c08-9483-bd636470bc11
b65cd708-0405-4cfd-9714-00a3e647014d,Automated_Assessment_65056_658820,371,0,d43056e94ef391ce9b6ac2706ef483c2,Not Started,NotStarted,2026-03-19T17:17:57.000+00:00,2026-03-19,2026,March,03,Quarter 1,,,,,,,,,OneTrust Automation,79f09a0f-fbd7-4439-9e1e-d48abe62c98e,True,,https://Assessment/Assessment/b65cd708-0405-4cfd-9714-00a3e647014d,Africa/Conakry,OTAuto02,b99df4a4-2bf5-4c08-9483-bd636470bc11,b99df4a4-2bf5-4c08-9483-bd636470bc11
b671bc23-530f-4dea-bd8f-28688f3db57f,Assessment_9889721,863,0,35509f2add04a7f692fba58f55c8e3d6,Not Started,NotStarted,2026-03-19T19:39:29.000+00:00,2026-03-19,2026,March,03,Quarter 1,,,,,,,,,OneTrust Automation,79f09a0f-fbd7-4439-9e1e-d48abe62c98e,True,,https://Assessment/Assessment/b671bc23-530f-4dea-bd8f-28688f3db57f,Africa/Conakry,OTAuto02,b99df4a4-2bf5-4c08-9483-bd636470bc11,b99df4a4-2bf5-4c08-9483-bd636470bc11
b67450f7-f847-4a5d-8da9-a4a8a1b35673,Assessment2_1122_2247763,4686,0,7636a75685939f18fdcc4e2c45219827,Not Started,NotStarted,2026-03-26T23:06:50.000+00:00,2026-03-26,2026,March,03,Quarter 1,,,,,,,,,OneTrust Automation,79f09a0f-fbd7-4439-9e1e-d48abe62c98e,True,,https://Assessment/Assessment/b67450f7-f847-4a5d-8da9-a4a8a1b35673,Africa/Conakry,OTAuto02,b99df4a4-2bf5-4c08-9483-bd636470bc11,b99df4a4-2bf5-4c08-9483-bd636470bc11
b678c30b-9d3e-41f6-999f-821e1d8c0e97,assessment_1_8672562,4695,0,44862cf1482d88fbad5a9668b086e5da,Not Started,NotStarted,2026-03-26T23:29:55.000+00:00,2026-03-26,2026,March,03,Quarter 1,,,,,,,,,OneTrust Automation,79f09a0f-fbd7-4439-9e1e-d48abe62c98e,False,,https://Assessment/Assessment/b678c30b-9d3e-41f6-999f-821e1d8c0e97,Africa/Conakry,OTAuto02,b99df4a4-2bf5-4c08-9483-bd636470bc11,b99df4a4-2bf5-4c08-9483-bd636470bc11
b678c30b-9d3e-41f6-999f-821e1d8c0e97,assessment_1_8672562,4695,1,5035dab77f9ddc7ea1940d00c59031f6,In Progress,InProgress,2026-03-26T23:29:55.000+00:00,2026-03-26,2026,March,03,Quarter 1,Not Started,NotStarted,2026-03-26T23:29:55.000+00:00,2026-03-26,2026,March,03,Quarter 1,OneTrust Automation,79f09a0f-fbd7-4439-9e1e-d48abe62c98e,True,0.0,https://Assessment/Assessment/b678c30b-9d3e-41f6-999f-821e1d8c0e97,Africa/Conakry,OTAuto02,b99df4a4-2bf5-4c08-9483-bd636470bc11,b99df4a4-2bf5-4c08-9483-bd636470bc11
b68c9508-6a6a-4d7f-bb19-0cdfb6d0dd36,Automated_Assessment_4740_01_19032026,157,0,0bb402d9481aade271d101416140a353,Not Started,NotStarted,2026-03-19T16:40:29.000+00:00,2026-03-19,2026,March,03,Quarter 1,,,,,,,,,OneTrust Automation,79f09a0f-fbd7-4439-9e1e-d48abe62c98e,False,,https://Assessment/Assessment/b68c9508-6a6a-4d7f-bb19-0cdfb6d0dd36,Africa/Conakry,OTAuto02,b99df4a4-2bf5-4c08-9483-bd636470bc11,b99df4a4-2bf5-4c08-9483-bd636470bc11
b68c9508-6a6a-4d7f-bb19-0cdfb6d0dd36,Automated_Assessment_4740_01_19032026,157,1,8500699fd19da01d379ceaa813f75817,In Progress,InProgress,2026-03-19T16:40:30.000+00:00,2026-03-19,2026,March,03,Quarter 1,Not Started,NotStarted,2026-03-19T16:40:29.000+00:00,2026-03-19,2026,March,03,Quarter 1,OneTrust Automation,79f09a0f-fbd7-4439-9e1e-d48abe62c98e,False,1.1574074074074073e-05,https://Assessment/Assessment/b68c9508-6a6a-4d7f-bb19-0cdfb6d0dd36,Africa/Conakry,OTAuto02,b99df4a4-2bf5-4c08-9483-bd636470bc11,b99df4a4-2bf5-4c08-9483-bd636470bc11
b68c9508-6a6a-4d7f-bb19-0cdfb6d0dd36,Automated_Assessment_4740_01_19032026,157,2,cb1c13bbde99a71338e990455cefb444,Under Review,UnderReview,2026-03-19T16:40:30.000+00:00,2026-03-19,2026,March,03,Quarter 1,In Progress,InProgress,2026-03-19T16:40:30.000+00:00,2026-03-19,2026,March,03,Quarter 1,OneTrust Automation,79f09a0f-fbd7-4439-9e1e-d48abe62c98e,False,0.0,https://Assessment/Assessment/b68c9508-6a6a-4d7f-bb19-0cdfb6d0dd36,Africa/Conakry,OTAuto02,b99df4a4-2bf5-4c08-9483-bd636470bc11,b99df4a4-2bf5-4c08-9483-bd636470bc11
b68c9508-6a6a-4d7f-bb19-0cdfb6d0dd36,Automated_Assessment_4740_01_19032026,157,3,9c0beeb1b985fab823a405485c99cbae,Completed,Completed,2026-03-19T16:40:31.000+00:00,2026-03-19,2026,March,03,Quarter 1,Under Review,UnderReview,2026-03-19T16:40:30.000+00:00,2026-03-19,2026,March,03,Quarter 1,OneTrust Automation,79f09a0f-fbd7-4439-9e1e-d48abe62c98e,True,1.1574074074074073e-05,https://Assessment/Assessment/b68c9508-6a6a-4d7f-bb19-0cdfb6d0dd36,Africa/Conakry,OTAuto02,b99df4a4-2bf5-4c08-9483-bd636470bc11,b99df4a4-2bf5-4c08-9483-bd636470bc11
b6f0d521-7b9f-4e27-a226-fd41efb5a633,Assessment_9977046,4102,0,0714bc59ff4b017675b34363311ebdee,Not Started,NotStarted,2026-03-26T19:57:29.000+00:00,2026-03-26,2026,March,03,Quarter 1,,,,,,,,,OneTrust Automation,79f09a0f-fbd7-4439-9e1e-d48abe62c98e,False,,https://Assessment/Assessment/b6f0d521-7b9f-4e27-a226-fd41efb5a633,Africa/Conakry,OTAuto02,b99df4a4-2bf5-4c08-9483-bd636470bc11,b99df4a4-2bf5-4c08-9483-bd636470bc11
b6f0d521-7b9f-4e27-a226-fd41efb5a633,Assessment_9977046,4102,1,2bdb8bfc43696f046087e4d9e160437b,In Progress,InProgress,2026-03-26T19:58:00.000+00:00,2026-03-26,2026,March,03,Quarter 1,Not Started,NotStarted,2026-03-26T19:57:29.000+00:00,2026-03-26,2026,March,03,Quarter 1,OneTrust Automation,79f09a0f-fbd7-4439-9e1e-d48abe62c98e,False,0.0003587962962962963,https://Assessment/Assessment/b6f0d521-7b9f-4e27-a226-fd41efb5a633,Africa/Conakry,OTAuto02,b99df4a4-2bf5-4c08-9483-bd636470bc11,b99df4a4-2bf5-4c08-9483-bd636470bc11
b6f0d521-7b9f-4e27-a226-fd41efb5a633,Assessment_9977046,4102,2,9d36cb43078e296ed702e2447420cdf2,Under Review,UnderReview,2026-03-26T19:58:40.000+00:00,2026-03-26,2026,March,03,Quarter 1,In Progress,InProgress,2026-03-26T19:58:00.000+00:00,2026-03-26,2026,March,03,Quarter 1,OneTrust Automation,79f09a0f-fbd7-4439-9e1e-d48abe62c98e,True,0.000462962962962963,https://Assessment/Assessment/b6f0d521-7b9f-4e27-a226-fd41efb5a633,Africa/Conakry,OTAuto02,b99df4a4-2bf5-4c08-9483-bd636470bc11,b99df4a4-2bf5-4c08-9483-bd636470bc11
b6f16416-9939-4380-bb1a-1e53c80f1a6a,a_7365709,4822,0,94513e3e5b01e9f527e6fd37659406d8,Not Started,NotStarted,2026-03-27T01:20:13.000+00:00,2026-03-27,2026,March,03,Quarter 1,,,,,,,,,OneTrust Automation,79f09a0f-fbd7-4439-9e1e-d48abe62c98e,True,,https://Assessment/Assessment/b6f16416-9939-4380-bb1a-1e53c80f1a6a,Africa/Conakry,OTAuto02,b99df4a4-2bf5-4c08-9483-bd636470bc11,b99df4a4-2bf5-4c08-9483-bd636470bc11
b70d39e6-34a9-4857-a0e2-3422de16a774,Copied__Assessment_74241_7400045,2087,0,269d4c604d169870d9c2238102c4226b,Not Started,NotStarted,2026-03-24T19:09:29.000+00:00,2026-03-24,2026,March,03,Quarter 1,,,,,,,,,OneTrust Automation,79f09a0f-fbd7-4439-9e1e-d48abe62c98e,True,,https://Assessment/Assessment/b70d39e6-34a9-4857-a0e2-3422de16a774,Africa/Conakry,OTAuto02,b99df4a4-2bf5-4c08-9483-bd636470bc11,b99df4a4-2bf5-4c08-9483-bd636470bc11
b72b0299-8809-4839-a59f-3f5e1caf5bce,automation_project_42835_4730863,516,0,c14df33ed3235d6db18c0817ec00b46a,Not Started,NotStarted,2026-03-19T17:57:05.000+00:00,2026-03-19,2026,March,03,Quarter 1,,,,,,,,,OneTrust Automation,79f09a0f-fbd7-4439-9e1e-d48abe62c98e,False,,https://Assessment/Assessment/b72b0299-8809-4839-a59f-3f5e1caf5bce,Africa/Conakry,OTAuto02,b99df4a4-2bf5-4c08-9483-bd636470bc11,b99df4a4-2bf5-4c08-9483-bd636470bc11
b72b0299-8809-4839-a59f-3f5e1caf5bce,automation_project_42835_4730863,516,1,83bebb9d34618bda4d7e5c6f0d2cf8d6,In Progress,InProgress,2026-03-19T17:57:59.000+00:00,2026-03-19,2026,March,03,Quarter 1,Not Started,NotStarted,2026-03-19T17:57:05.000+00:00,2026-03-19,2026,March,03,Quarter 1,OneTrust Automation,79f09a0f-fbd7-4439-9e1e-d48abe62c98e,False,0.000625,https://Assessment/Assessment/b72b0299-8809-4839-a59f-3f5e1caf5bce,Africa/Conakry,OTAuto02,b99df4a4-2bf5-4c08-9483-bd636470bc11,b99df4a4-2bf5-4c08-9483-bd636470bc11
b72b0299-8809-4839-a59f-3f5e1caf5bce,automation_project_42835_4730863,516,2,df4b98954df8ffbe91de77245016b022,Under Review,UnderReview,2026-03-19T17:58:06.000+00:00,2026-03-19,2026,March,03,Quarter 1,In Progress,InProgress,2026-03-19T17:57:59.000+00:00,2026-03-19,2026,March,03,Quarter 1,OneTrust Automation,79f09a0f-fbd7-4439-9e1e-d48abe62c98e,False,8.101851851851852e-05,https://Assessment/Assessment/b72b0299-8809-4839-a59f-3f5e1caf5bce,Africa/Conakry,OTAuto02,b99df4a4-2bf5-4c08-9483-bd636470bc11,b99df4a4-2bf5-4c08-9483-bd636470bc11
b72b0299-8809-4839-a59f-3f5e1caf5bce,automation_project_42835_4730863,516,3,320772a99c005270678bcaea9f0e14f3,Completed,Completed,2026-03-19T18:00:40.000+00:00,2026-03-19,2026,March,03,Quarter 1,Under Review,UnderReview,2026-03-19T17:58:06.000+00:00,2026-03-19,2026,March,03,Quarter 1,OneTrust Automation,79f09a0f-fbd7-4439-9e1e-d48abe62c98e,True,0.0017824074074074075,https://Assessment/Assessment/b72b0299-8809-4839-a59f-3f5e1caf5bce,Africa/Conakry,OTAuto02,b99df4a4-2bf5-4c08-9483-bd636470bc11,b99df4a4-2bf5-4c08-9483-bd636470bc11
b74e9715-16d7-4d13-a1c9-bef9c350d34b,Copy_Automated_Assessment_53866_9815951,3403,0,36ae0f821183d3f7736c06b588a67272,Not Started,NotStarted,2026-03-26T05:21:34.000+00:00,2026-03-26,2026,March,03,Quarter 1,,,,,,,,,OneTrust Automation,79f09a0f-fbd7-4439-9e1e-d48abe62c98e,False,,https://Assessment/Assessment/b74e9715-16d7-4d13-a1c9-bef9c350d34b,Africa/Conakry,OTAuto02,b99df4a4-2bf5-4c08-9483-bd636470bc11,b99df4a4-2bf5-4c08-9483-bd636470bc11
b74e9715-16d7-4d13-a1c9-bef9c350d34b,Copy_Automated_Assessment_53866_9815951,3403,1,81ef80f6904791faf5485b9dcd84a851,Under Review,UnderReview,2026-03-26T05:22:53.000+00:00,2026-03-26,2026,March,03,Quarter 1,Not Started,NotStarted,2026-03-26T05:21:34.000+00:00,2026-03-26,2026,March,03,Quarter 1,OneTrust Automation,79f09a0f-fbd7-4439-9e1e-d48abe62c98e,False,0.0009143518518518518,https://Assessment/Assessment/b74e9715-16d7-4d13-a1c9-bef9c350d34b,Africa/Conakry,OTAuto02,b99df4a4-2bf5-4c08-9483-bd636470bc11,b99df4a4-2bf5-4c08-9483-bd636470bc11
b74e9715-16d7-4d13-a1c9-bef9c350d34b,Copy_Automated_Assessment_53866_9815951,3403,2,87f6cf86dc53c65058317692769c3518,Completed,Completed,2026-03-26T05:22:53.000+00:00,2026-03-26,2026,March,03,Quarter 1,Under Review,UnderReview,2026-03-26T05:22:53.000+00:00,2026-03-26,2026,March,03,Quarter 1,OneTrust Automation,79f09a0f-fbd7-4439-9e1e-d48abe62c98e,True,0.0,https://Assessment/Assessment/b74e9715-16d7-4d13-a1c9-bef9c350d34b,Africa/Conakry,OTAuto02,b99df4a4-2bf5-4c08-9483-bd636470bc11,b99df4a4-2bf5-4c08-9483-bd636470bc11
b77d4c36-2c17-4d8d-a5ff-c9cf2d639237,automated_assessment_59909_9985182,144,0,432b350b2200b215dcb327cda43b183b,Not Started,NotStarted,2026-03-19T16:36:56.000+00:00,2026-03-19,2026,March,03,Quarter 1,,,,,,,,,OneTrust Automation,79f09a0f-fbd7-4439-9e1e-d48abe62c98e,True,,https://Assessment/Assessment/b77d4c36-2c17-4d8d-a5ff-c9cf2d639237,Africa/Conakry,OTAuto02,b99df4a4-2bf5-4c08-9483-bd636470bc11,b99df4a4-2bf5-4c08-9483-bd636470bc11
b7bb3e24-59fd-4465-ae57-7b6399bf6b68,automation_assessment_6827396,377,0,29a8ad9f529740c694da9d4c5f8a642c,Not Started,NotStarted,2026-03-19T17:21:05.000+00:00,2026-03-19,2026,March,03,Quarter 1,,,,,,,,,OneTrust Automation,79f09a0f-fbd7-4439-9e1e-d48abe62c98e,False,,https://Assessment/Assessment/b7bb3e24-59fd-4465-ae57-7b6399bf6b68,Africa/Conakry,OTAuto02,b99df4a4-2bf5-4c08-9483-bd636470bc11,b99df4a4-2bf5-4c08-9483-bd636470bc11
b7bb3e24-59fd-4465-ae57-7b6399bf6b68,automation_assessment_6827396,377,1,e8d42f512073920bd4b952b0c30a2406,In Progress,InProgress,2026-03-19T17:21:06.000+00:00,2026-03-19,2026,March,03,Quarter 1,Not Started,NotStarted,2026-03-19T17:21:05.000+00:00,2026-03-19,2026,March,03,Quarter 1,OneTrust Automation,79f09a0f-fbd7-4439-9e1e-d48abe62c98e,False,1.1574074074074073e-05,https://Assessment/Assessment/b7bb3e24-59fd-4465-ae57-7b6399bf6b68,Africa/Conakry,OTAuto02,b99df4a4-2bf5-4c08-9483-bd636470bc11,b99df4a4-2bf5-4c08-9483-bd636470bc11
b7bb3e24-59fd-4465-ae57-7b6399bf6b68,automation_assessment_6827396,377,2,351d3cf3c0f8678d74d424a82c8b55ee,Under Review,UnderReview,2026-03-19T17:21:06.000+00:00,2026-03-19,2026,March,03,Quarter 1,In Progress,InProgress,2026-03-19T17:21:06.000+00:00,2026-03-19,2026,March,03,Quarter 1,OneTrust Automation,79f09a0f-fbd7-4439-9e1e-d48abe62c98e,True,0.0,https://Assessment/Assessment/b7bb3e24-59fd-4465-ae57-7b6399bf6b68,Africa/Conakry,OTAuto02,b99df4a4-2bf5-4c08-9483-bd636470bc11,b99df4a4-2bf5-4c08-9483-bd636470bc11
b80c1670-bce5-4906-a6a9-ea6456da837a,Assessment_Risk_7528_19032026,231,0,896a190d03b496ef8d6e7ce726c107ee,Not Started,NotStarted,2026-03-19T16:52:10.000+00:00,2026-03-19,2026,March,03,Quarter 1,,,,,,,,,OneTrust Automation,79f09a0f-fbd7-4439-9e1e-d48abe62c98e,False,,https://Assessment/Assessment/b80c1670-bce5-4906-a6a9-ea6456da837a,Africa/Conakry,OTAuto02,b99df4a4-2bf5-4c08-9483-bd636470bc11,b99df4a4-2bf5-4c08-9483-bd636470bc11
b80c1670-bce5-4906-a6a9-ea6456da837a,Assessment_Risk_7528_19032026,231,1,9f884024224dcfdeec7e58139858d435,In Progress,InProgress,2026-03-19T16:52:11.000+00:00,2026-03-19,2026,March,03,Quarter 1,Not Started,NotStarted,2026-03-19T16:52:10.000+00:00,2026-03-19,2026,March,03,Quarter 1,OneTrust Automation,79f09a0f-fbd7-4439-9e1e-d48abe62c98e,False,1.1574074074074073e-05,https://Assessment/Assessment/b80c1670-bce5-4906-a6a9-ea6456da837a,Africa/Conakry,OTAuto02,b99df4a4-2bf5-4c08-9483-bd636470bc11,b99df4a4-2bf5-4c08-9483-bd636470bc11
b80c1670-bce5-4906-a6a9-ea6456da837a,Assessment_Risk_7528_19032026,231,2,eb7860d0babe3f5c028d93fd27313576,Under Review,UnderReview,2026-03-19T16:52:12.000+00:00,2026-03-19,2026,March,03,Quarter 1,In Progress,InProgress,2026-03-19T16:52:11.000+00:00,2026-03-19,2026,March,03,Quarter 1,OneTrust Automation,79f09a0f-fbd7-4439-9e1e-d48abe62c98e,True,1.1574074074074073e-05,https://Assessment/Assessment/b80c1670-bce5-4906-a6a9-ea6456da837a,Africa/Conakry,OTAuto02,b99df4a4-2bf5-4c08-9483-bd636470bc11,b99df4a4-2bf5-4c08-9483-bd636470bc11
b81ad9a2-fe5b-4e5e-a822-4146615ecdb6,a_7983927,1269,0,35d469bea421390a7356cd1b78504e6e,Not Started,NotStarted,2026-03-19T22:47:08.000+00:00,2026-03-19,2026,March,03,Quarter 1,,,,,,,,,OneTrust Automation,79f09a0f-fbd7-4439-9e1e-d48abe62c98e,False,,https://Assessment/Assessment/b81ad9a2-fe5b-4e5e-a822-4146615ecdb6,Africa/Conakry,OTAuto02,b99df4a4-2bf5-4c08-9483-bd636470bc11,b99df4a4-2bf5-4c08-9483-bd636470bc11
b81ad9a2-fe5b-4e5e-a822-4146615ecdb6,a_7983927,1269,1,0e7ba705c8cc384b27463e4ad1c38736,Under Review,UnderReview,2026-03-19T22:47:08.000+00:00,2026-03-19,2026,March,03,Quarter 1,Not Started,NotStarted,2026-03-19T22:47:08.000+00:00,2026-03-19,2026,March,03,Quarter 1,OneTrust Automation,79f09a0f-fbd7-4439-9e1e-d48abe62c98e,True,0.0,https://Assessment/Assessment/b81ad9a2-fe5b-4e5e-a822-4146615ecdb6,Africa/Conakry,OTAuto02,b99df4a4-2bf5-4c08-9483-bd636470bc11,b99df4a4-2bf5-4c08-9483-bd636470bc11
b81ead91-e43b-498c-9d05-f8376f08498f,Assessment_For_On_submission_24032026_parent_1 - Template_24032026_child,1702,0,b38449af2addeb47efdf51ea61fcef57,Not Started,NotStarted,2026-03-24T17:31:19.000+00:00,2026-03-24,2026,March,03,Quarter 1,,,,,,,,,OneTrust Automation,79f09a0f-fbd7-4439-9e1e-d48abe62c98e,True,,https://Assessment/Assessment/b81ead91-e43b-498c-9d05-f8376f08498f,Africa/Conakry,OTAuto02,b99df4a4-2bf5-4c08-9483-bd636470bc11,b99df4a4-2bf5-4c08-9483-bd636470bc11
b824010f-7a55-4557-81c3-32cc8d29e495,Automated_Assessment_4428_6343000,3202,0,77dc5b4d55160bc43daa4ba46cdf31be,Not Started,NotStarted,2026-03-25T06:44:57.000+00:00,2026-03-25,2026,March,03,Quarter 1,,,,,,,,,OneTrust Automation,79f09a0f-fbd7-4439-9e1e-d48abe62c98e,False,,https://Assessment/Assessment/b824010f-7a55-4557-81c3-32cc8d29e495,Africa/Conakry,OTAuto02,b99df4a4-2bf5-4c08-9483-bd636470bc11,b99df4a4-2bf5-4c08-9483-bd636470bc11
b824010f-7a55-4557-81c3-32cc8d29e495,Automated_Assessment_4428_6343000,3202,1,e59a241779bdc466a93af5be4fe43206,In Progress,InProgress,2026-03-25T06:44:57.000+00:00,2026-03-25,2026,March,03,Quarter 1,Not Started,NotStarted,2026-03-25T06:44:57.000+00:00,2026-03-25,2026,March,03,Quarter 1,OneTrust Automation,79f09a0f-fbd7-4439-9e1e-d48abe62c98e,False,0.0,https://Assessment/Assessment/b824010f-7a55-4557-81c3-32cc8d29e495,Africa/Conakry,OTAuto02,b99df4a4-2bf5-4c08-9483-bd636470bc11,b99df4a4-2bf5-4c08-9483-bd636470bc11
b824010f-7a55-4557-81c3-32cc8d29e495,Automated_Assessment_4428_6343000,3202,2,172b73dbf2d554571a7118e448de9c95,Under Review,UnderReview,2026-03-25T06:44:58.000+00:00,2026-03-25,2026,March,03,Quarter 1,In Progress,InProgress,2026-03-25T06:44:57.000+00:00,2026-03-25,2026,March,03,Quarter 1,OneTrust Automation,79f09a0f-fbd7-4439-9e1e-d48abe62c98e,True,1.1574074074074073e-05,https://Assessment/Assessment/b824010f-7a55-4557-81c3-32cc8d29e495,Africa/Conakry,OTAuto02,b99df4a4-2bf5-4c08-9483-bd636470bc11,b99df4a4-2bf5-4c08-9483-bd636470bc11
b82dbee3-6785-4b2c-b623-8cbd780668d2,automation_project_42926_2_5636521,3898,0,810880000f6c044cf0d34f5d5f10caeb,Not Started,NotStarted,2026-03-26T19:08:22.000+00:00,2026-03-26,2026,March,03,Quarter 1,,,,,,,,,OneTrust Automation,79f09a0f-fbd7-4439-9e1e-d48abe62c98e,False,,https://Assessment/Assessment/b82dbee3-6785-4b2c-b623-8cbd780668d2,Africa/Conakry,OTAuto02,b99df4a4-2bf5-4c08-9483-bd636470bc11,b99df4a4-2bf5-4c08-9483-bd636470bc11
b82dbee3-6785-4b2c-b623-8cbd780668d2,automation_project_42926_2_5636521,3898,1,e43c8f2bb4215ac3993a319d86bbc570,In Progress,InProgress,2026-03-26T19:08:23.000+00:00,2026-03-26,2026,March,03,Quarter 1,Not Started,NotStarted,2026-03-26T19:08:22.000+00:00,2026-03-26,2026,March,03,Quarter 1,OneTrust Automation,79f09a0f-fbd7-4439-9e1e-d48abe62c98e,False,1.1574074074074073e-05,https://Assessment/Assessment/b82dbee3-6785-4b2c-b623-8cbd780668d2,Africa/Conakry,OTAuto02,b99df4a4-2bf5-4c08-9483-bd636470bc11,b99df4a4-2bf5-4c08-9483-bd636470bc11
b82dbee3-6785-4b2c-b623-8cbd780668d2,automation_project_42926_2_5636521,3898,2,917b3853b7e7cc17b259ced5b5beb19d,Under Review,UnderReview,2026-03-26T19:08:23.000+00:00,2026-03-26,2026,March,03,Quarter 1,In Progress,InProgress,2026-03-26T19:08:23.000+00:00,2026-03-26,2026,March,03,Quarter 1,OneTrust Automation,79f09a0f-fbd7-4439-9e1e-d48abe62c98e,True,0.0,https://Assessment/Assessment/b82dbee3-6785-4b2c-b623-8cbd780668d2,Africa/Conakry,OTAuto02,b99df4a4-2bf5-4c08-9483-bd636470bc11,b99df4a4-2bf5-4c08-9483-bd636470bc11
b8873144-6941-4fee-8838-fde13679bd57,v_3677381 - t2_3677381,1341,0,95fc7cc47db28b54c144755c9d3817ff,Not Started,NotStarted,2026-03-19T23:32:50.000+00:00,2026-03-19,2026,March,03,Quarter 1,,,,,,,,,OneTrust User,918195e3-fcf1-4950-a0df-5a0c0b998b81,True,,https://Assessment/Assessment/b8873144-6941-4fee-8838-fde13679bd57,Africa/Conakry,OTAuto02,b99df4a4-2bf5-4c08-9483-bd636470bc11,b99df4a4-2bf5-4c08-9483-bd636470bc11
b88ed128-9819-4be6-8329-7ab3cb5b1822,Automated_Assessment_20462_593536,3108,0,8c953a8b486ba9589b7e9b4586c20fba,Not Started,NotStarted,2026-03-25T04:02:51.000+00:00,2026-03-25,2026,March,03,Quarter 1,,,,,,,,,OneTrust Automation,79f09a0f-fbd7-4439-9e1e-d48abe62c98e,False,,https://Assessment/Assessment/b88ed128-9819-4be6-8329-7ab3cb5b1822,Africa/Conakry,OTAuto02,b99df4a4-2bf5-4c08-9483-bd636470bc11,b99df4a4-2bf5-4c08-9483-bd636470bc11
b88ed128-9819-4be6-8329-7ab3cb5b1822,Automated_Assessment_20462_593536,3108,1,aa997243288ce4bcf024a13fa8f9ed20,Under Review,UnderReview,2026-03-25T04:02:52.000+00:00,2026-03-25,2026,March,03,Quarter 1,Not Started,NotStarted,2026-03-25T04:02:51.000+00:00,2026-03-25,2026,March,03,Quarter 1,OneTrust Automation,79f09a0f-fbd7-4439-9e1e-d48abe62c98e,False,1.1574074074074073e-05,https://Assessment/Assessment/b88ed128-9819-4be6-8329-7ab3cb5b1822,Africa/Conakry,OTAuto02,b99df4a4-2bf5-4c08-9483-bd636470bc11,b99df4a4-2bf5-4c08-9483-bd636470bc11
b88ed128-9819-4be6-8329-7ab3cb5b1822,Automated_Assessment_20462_593536,3108,2,11958fbb9eb0783a31db99e099fadb0e,Completed,Completed,2026-03-25T04:04:01.000+00:00,2026-03-25,2026,March,03,Quarter 1,Under Review,UnderReview,2026-03-25T04:02:52.000+00:00,2026-03-25,2026,March,03,Quarter 1,OneTrust Automation,79f09a0f-fbd7-4439-9e1e-d48abe62c98e,True,0.0007986111111111112,https://Assessment/Assessment/b88ed128-9819-4be6-8329-7ab3cb5b1822,Africa/Conakry,OTAuto02,b99df4a4-2bf5-4c08-9483-bd636470bc11,b99df4a4-2bf5-4c08-9483-bd636470bc11
b896c9fe-52fc-42c4-b0f4-680ce55a76b7,automation_project_34059_4627321 - automation_template_1_34059_4627321,2558,0,df067c64065ac9f9422b4a5cc8fe1e9b,Not Started,NotStarted,2026-03-24T21:20:55.000+00:00,2026-03-24,2026,March,03,Quarter 1,,,,,,,,,OneTrust Automation,79f09a0f-fbd7-4439-9e1e-d48abe62c98e,True,,https://Assessment/Assessment/b896c9fe-52fc-42c4-b0f4-680ce55a76b7,Africa/Conakry,OTAuto02,b99df4a4-2bf5-4c08-9483-bd636470bc11,b99df4a4-2bf5-4c08-9483-bd636470bc11
b89f62e8-1b90-4a26-a56f-9676fe7f63fd,Inventory_assessment_6157228,3790,0,baf4748a3068973a8a62e9170e45f94f,Not Started,NotStarted,2026-03-26T18:34:24.000+00:00,2026-03-26,2026,March,03,Quarter 1,,,,,,,,,OneTrust Automation,79f09a0f-fbd7-4439-9e1e-d48abe62c98e,False,,https://Assessment/Assessment/b89f62e8-1b90-4a26-a56f-9676fe7f63fd,Africa/Conakry,OTAuto02,b99df4a4-2bf5-4c08-9483-bd636470bc11,b99df4a4-2bf5-4c08-9483-bd636470bc11
b89f62e8-1b90-4a26-a56f-9676fe7f63fd,Inventory_assessment_6157228,3790,1,c824ad0a924327dce87c5badad9ac91f,In Progress,InProgress,2026-03-26T18:34:24.000+00:00,2026-03-26,2026,March,03,Quarter 1,Not Started,NotStarted,2026-03-26T18:34:24.000+00:00,2026-03-26,2026,March,03,Quarter 1,OneTrust Automation,79f09a0f-fbd7-4439-9e1e-d48abe62c98e,False,0.0,https://Assessment/Assessment/b89f62e8-1b90-4a26-a56f-9676fe7f63fd,Africa/Conakry,OTAuto02,b99df4a4-2bf5-4c08-9483-bd636470bc11,b99df4a4-2bf5-4c08-9483-bd636470bc11
b89f62e8-1b90-4a26-a56f-9676fe7f63fd,Inventory_assessment_6157228,3790,2,e4340d93919c798e198a76f17ffe90cb,Under Review,UnderReview,2026-03-26T18:34:25.000+00:00,2026-03-26,2026,March,03,Quarter 1,In Progress,InProgress,2026-03-26T18:34:24.000+00:00,2026-03-26,2026,March,03,Quarter 1,OneTrust Automation,79f09a0f-fbd7-4439-9e1e-d48abe62c98e,True,1.1574074074074073e-05,https://Assessment/Assessment/b89f62e8-1b90-4a26-a56f-9676fe7f63fd,Africa/Conakry,OTAuto02,b99df4a4-2bf5-4c08-9483-bd636470bc11,b99df4a4-2bf5-4c08-9483-bd636470bc11
b8a5217a-b947-4c73-b68e-667fecd0e715,Automated_Assessment_5820_4728325,967,0,413a373cda80a2b56a54f7f585588810,Not Started,NotStarted,2026-03-19T20:04:53.000+00:00,2026-03-19,2026,March,03,Quarter 1,,,,,,,,,OneTrust Automation,79f09a0f-fbd7-4439-9e1e-d48abe62c98e,False,,https://Assessment/Assessment/b8a5217a-b947-4c73-b68e-667fecd0e715,Africa/Conakry,OTAuto02,b99df4a4-2bf5-4c08-9483-bd636470bc11,b99df4a4-2bf5-4c08-9483-bd636470bc11
b8a5217a-b947-4c73-b68e-667fecd0e715,Automated_Assessment_5820_4728325,967,1,df15a95436f68c732abf1ac52cd45207,In Progress,InProgress,2026-03-19T20:04:54.000+00:00,2026-03-19,2026,March,03,Quarter 1,Not Started,NotStarted,2026-03-19T20:04:53.000+00:00,2026-03-19,2026,March,03,Quarter 1,OneTrust Automation,79f09a0f-fbd7-4439-9e1e-d48abe62c98e,True,1.1574074074074073e-05,https://Assessment/Assessment/b8a5217a-b947-4c73-b68e-667fecd0e715,Africa/Conakry,OTAuto02,b99df4a4-2bf5-4c08-9483-bd636470bc11,b99df4a4-2bf5-4c08-9483-bd636470bc11
b8b290e5-2d92-4ac3-8176-4a33b30c2423,assessment_42281_3183207,760,0,e00a3c9baee8bc12ba2c378bca8bdbbf,Not Started,NotStarted,2026-03-19T19:10:01.000+00:00,2026-03-19,2026,March,03,Quarter 1,,,,,,,,,OneTrust Automation,79f09a0f-fbd7-4439-9e1e-d48abe62c98e,False,,https://Assessment/Assessment/b8b290e5-2d92-4ac3-8176-4a33b30c2423,Africa/Conakry,OTAuto02,b99df4a4-2bf5-4c08-9483-bd636470bc11,b99df4a4-2bf5-4c08-9483-bd636470bc11
b8b290e5-2d92-4ac3-8176-4a33b30c2423,assessment_42281_3183207,760,1,b060f13dfb94a396029dad76b53a7708,Under Review,UnderReview,2026-03-19T19:10:02.000+00:00,2026-03-19,2026,March,03,Quarter 1,Not Started,NotStarted,2026-03-19T19:10:01.000+00:00,2026-03-19,2026,March,03,Quarter 1,OneTrust Automation,79f09a0f-fbd7-4439-9e1e-d48abe62c98e,True,1.1574074074074073e-05,https://Assessment/Assessment/b8b290e5-2d92-4ac3-8176-4a33b30c2423,Africa/Conakry,OTAuto02,b99df4a4-2bf5-4c08-9483-bd636470bc11,b99df4a4-2bf5-4c08-9483-bd636470bc11
b8b3e7d6-7b75-44b4-8e31-697a838aba54,!assessment_40886_1704951,2731,0,321668cb12dbd063e2a2df701c89e3a1,Not Started,NotStarted,2026-03-24T22:07:50.000+00:00,2026-03-24,2026,March,03,Quarter 1,,,,,,,,,OneTrust Automation,79f09a0f-fbd7-4439-9e1e-d48abe62c98e,False,,https://Assessment/Assessment/b8b3e7d6-7b75-44b4-8e31-697a838aba54,Africa/Conakry,OTAuto02,b99df4a4-2bf5-4c08-9483-bd636470bc11,b99df4a4-2bf5-4c08-9483-bd636470bc11
b8b3e7d6-7b75-44b4-8e31-697a838aba54,!assessment_40886_1704951,2731,1,13d594d71c452301bb9968f5c6896f15,In Progress,InProgress,2026-03-24T22:07:53.000+00:00,2026-03-24,2026,March,03,Quarter 1,Not Started,NotStarted,2026-03-24T22:07:50.000+00:00,2026-03-24,2026,March,03,Quarter 1,projectowner user,da43fe2d-46b8-4d39-8174-b857cd048aa4,False,3.472222222222222e-05,https://Assessment/Assessment/b8b3e7d6-7b75-44b4-8e31-697a838aba54,Africa/Conakry,OTAuto02,b99df4a4-2bf5-4c08-9483-bd636470bc11,b99df4a4-2bf5-4c08-9483-bd636470bc11
b8b3e7d6-7b75-44b4-8e31-697a838aba54,!assessment_40886_1704951,2731,2,7334d4764a8a6e34aceb1f1a65c7140d,Under Review,UnderReview,2026-03-24T22:07:53.000+00:00,2026-03-24,2026,March,03,Quarter 1,In Progress,InProgress,2026-03-24T22:07:53.000+00:00,2026-03-24,2026,March,03,Quarter 1,projectowner user,da43fe2d-46b8-4d39-8174-b857cd048aa4,False,0.0,https://Assessment/Assessment/b8b3e7d6-7b75-44b4-8e31-697a838aba54,Africa/Conakry,OTAuto02,b99df4a4-2bf5-4c08-9483-bd636470bc11,b99df4a4-2bf5-4c08-9483-bd636470bc11
b8b3e7d6-7b75-44b4-8e31-697a838aba54,!assessment_40886_1704951,2731,3,c1d761c557dde0f3199a9a59baf86b09,Completed,Completed,2026-03-24T22:07:58.000+00:00,2026-03-24,2026,March,03,Quarter 1,Under Review,UnderReview,2026-03-24T22:07:53.000+00:00,2026-03-24,2026,March,03,Quarter 1,OneTrust Automation,79f09a0f-fbd7-4439-9e1e-d48abe62c98e,True,5.787037037037037e-05,https://Assessment/Assessment/b8b3e7d6-7b75-44b4-8e31-697a838aba54,Africa/Conakry,OTAuto02,b99df4a4-2bf5-4c08-9483-bd636470bc11,b99df4a4-2bf5-4c08-9483-bd636470bc11
b8c11858-fdb0-4d03-a417-08e4004072f1,assessment_71516_5721993,2975,0,f087028e127f9021d6b8d25752acc3b9,Not Started,NotStarted,2026-03-25T01:14:36.000+00:00,2026-03-25,2026,March,03,Quarter 1,,,,,,,,,OneTrust Automation,79f09a0f-fbd7-4439-9e1e-d48abe62c98e,True,,https://Assessment/Assessment/b8c11858-fdb0-4d03-a417-08e4004072f1,Africa/Conakry,OTAuto02,b99df4a4-2bf5-4c08-9483-bd636470bc11,b99df4a4-2bf5-4c08-9483-bd636470bc11
b8d3d808-fc26-43f9-a876-fea7686a51c2,automation_assessment_1659_7232785,4123,0,481b74959d8ebc1c60e0ad96e1940e87,Not Started,NotStarted,2026-03-26T20:01:22.000+00:00,2026-03-26,2026,March,03,Quarter 1,,,,,,,,,user1fn_1659_7232785 user1ln_1659_7232785,8f995260-3317-40b0-bb57-8ec2c59cf22d,True,,https://Assessment/Assessment/b8d3d808-fc26-43f9-a876-fea7686a51c2,Africa/Conakry,OTAuto02,b99df4a4-2bf5-4c08-9483-bd636470bc11,b99df4a4-2bf5-4c08-9483-bd636470bc11
b8da2488-f33d-40e4-92af-d3978df71b30,Assessment_3380143,4334,0,cc31b80c51ccfaf970f26b34d326c023,Not Started,NotStarted,2026-03-26T21:01:57.000+00:00,2026-03-26,2026,March,03,Quarter 1,,,,,,,,,OneTrust Automation,79f09a0f-fbd7-4439-9e1e-d48abe62c98e,False,,https://Assessment/Assessment/b8da2488-f33d-40e4-92af-d3978df71b30,Africa/Conakry,OTAuto02,b99df4a4-2bf5-4c08-9483-bd636470bc11,b99df4a4-2bf5-4c08-9483-bd636470bc11
b8da2488-f33d-40e4-92af-d3978df71b30,Assessment_3380143,4334,1,62b01aa066cc583c1d26ed73a0813248,In Progress,InProgress,2026-03-26T21:02:08.000+00:00,2026-03-26,2026,March,03,Quarter 1,Not Started,NotStarted,2026-03-26T21:01:57.000+00:00,2026-03-26,2026,March,03,Quarter 1,OneTrust Automation,79f09a0f-fbd7-4439-9e1e-d48abe62c98e,False,0.0001273148148148148,https://Assessment/Assessment/b8da2488-f33d-40e4-92af-d3978df71b30,Africa/Conakry,OTAuto02,b99df4a4-2bf5-4c08-9483-bd636470bc11,b99df4a4-2bf5-4c08-9483-bd636470bc11
b8da2488-f33d-40e4-92af-d3978df71b30,Assessment_3380143,4334,2,ed571f4d95644241db7d8fa1ba115090,Under Review,UnderReview,2026-03-26T21:03:10.000+00:00,2026-03-26,2026,March,03,Quarter 1,In Progress,InProgress,2026-03-26T21:02:08.000+00:00,2026-03-26,2026,March,03,Quarter 1,OneTrust Automation,79f09a0f-fbd7-4439-9e1e-d48abe62c98e,True,0.0007175925925925926,https://Assessment/Assessment/b8da2488-f33d-40e4-92af-d3978df71b30,Africa/Conakry,OTAuto02,b99df4a4-2bf5-4c08-9483-bd636470bc11,b99df4a4-2bf5-4c08-9483-bd636470bc11
b8e45c3e-f9d1-4df0-b34d-776bc275d2cc,Automated_Assessment_1_4045956,396,0,b40ad2eee78f81ba6aa56b0abefde757,Not Started,NotStarted,2026-03-19T17:25:44.000+00:00,2026-03-19,2026,March,03,Quarter 1,,,,,,,,,OneTrust Automation,79f09a0f-fbd7-4439-9e1e-d48abe62c98e,True,,https://Assessment/Assessment/b8e45c3e-f9d1-4df0-b34d-776bc275d2cc,Africa/Conakry,OTAuto02,b99df4a4-2bf5-4c08-9483-bd636470bc11,b99df4a4-2bf5-4c08-9483-bd636470bc11
b8ee2692-2347-48cf-b0d3-67fde2ec6202,Assessment_4861683,4624,0,97c3ce2c0e42fddd7e964b453ba5d85b,Not Started,NotStarted,2026-03-26T22:28:03.000+00:00,2026-03-26,2026,March,03,Quarter 1,,,,,,,,,OneTrust Automation,79f09a0f-fbd7-4439-9e1e-d48abe62c98e,False,,https://Assessment/Assessment/b8ee2692-2347-48cf-b0d3-67fde2ec6202,Africa/Conakry,OTAuto02,b99df4a4-2bf5-4c08-9483-bd636470bc11,b99df4a4-2bf5-4c08-9483-bd636470bc11
b8ee2692-2347-48cf-b0d3-67fde2ec6202,Assessment_4861683,4624,1,a6513be479daef76a1341b041f1e49c5,In Progress,InProgress,2026-03-26T22:28:14.000+00:00,2026-03-26,2026,March,03,Quarter 1,Not Started,NotStarted,2026-03-26T22:28:03.000+00:00,2026-03-26,2026,March,03,Quarter 1,OneTrust Automation,79f09a0f-fbd7-4439-9e1e-d48abe62c98e,False,0.0001273148148148148,https://Assessment/Assessment/b8ee2692-2347-48cf-b0d3-67fde2ec6202,Africa/Conakry,OTAuto02,b99df4a4-2bf5-4c08-9483-bd636470bc11,b99df4a4-2bf5-4c08-9483-bd636470bc11
b8ee2692-2347-48cf-b0d3-67fde2ec6202,Assessment_4861683,4624,2,ff400f8c41f953d18b1c169409cd74a4,Under Review,UnderReview,2026-03-26T22:29:48.000+00:00,2026-03-26,2026,March,03,Quarter 1,In Progress,InProgress,2026-03-26T22:28:14.000+00:00,2026-03-26,2026,March,03,Quarter 1,OneTrust Automation,79f09a0f-fbd7-4439-9e1e-d48abe62c98e,True,0.0010879629629629629,https://Assessment/Assessment/b8ee2692-2347-48cf-b0d3-67fde2ec6202,Africa/Conakry,OTAuto02,b99df4a4-2bf5-4c08-9483-bd636470bc11,b99df4a4-2bf5-4c08-9483-bd636470bc11
b8f7e991-3350-4c4c-a1ed-2697f9eaace0,Automated_9409292,679,0,63d8c5dfec563008ffdf6bcff7356217,Not Started,NotStarted,2026-03-19T18:41:02.000+00:00,2026-03-19,2026,March,03,Quarter 1,,,,,,,,,OneTrust Automation,79f09a0f-fbd7-4439-9e1e-d48abe62c98e,False,,https://Assessment/Assessment/b8f7e991-3350-4c4c-a1ed-2697f9eaace0,Africa/Conakry,OTAuto02,b99df4a4-2bf5-4c08-9483-bd636470bc11,b99df4a4-2bf5-4c08-9483-bd636470bc11
b8f7e991-3350-4c4c-a1ed-2697f9eaace0,Automated_9409292,679,1,02b6927f4d71fa11fac71b56a24a98ee,In Progress,InProgress,2026-03-19T18:41:02.000+00:00,2026-03-19,2026,March,03,Quarter 1,Not Started,NotStarted,2026-03-19T18:41:02.000+00:00,2026-03-19,2026,March,03,Quarter 1,OneTrust Automation,79f09a0f-fbd7-4439-9e1e-d48abe62c98e,False,0.0,https://Assessment/Assessment/b8f7e991-3350-4c4c-a1ed-2697f9eaace0,Africa/Conakry,OTAuto02,b99df4a4-2bf5-4c08-9483-bd636470bc11,b99df4a4-2bf5-4c08-9483-bd636470bc11
b8f7e991-3350-4c4c-a1ed-2697f9eaace0,Automated_9409292,679,2,8beb65399e31fe3ac6dce5e376e7db78,Under Review,UnderReview,2026-03-19T18:41:03.000+00:00,2026-03-19,2026,March,03,Quarter 1,In Progress,InProgress,2026-03-19T18:41:02.000+00:00,2026-03-19,2026,March,03,Quarter 1,OneTrust Automation,79f09a0f-fbd7-4439-9e1e-d48abe62c98e,True,1.1574074074074073e-05,https://Assessment/Assessment/b8f7e991-3350-4c4c-a1ed-2697f9eaace0,Africa/Conakry,OTAuto02,b99df4a4-2bf5-4c08-9483-bd636470bc11,b99df4a4-2bf5-4c08-9483-bd636470bc11
b90085d2-4bb8-4c89-a709-c010fd8c62a9,a_7863242,2933,0,b0e98e0d998946d7e862e22991e4796a,Not Started,NotStarted,2026-03-25T00:44:59.000+00:00,2026-03-25,2026,March,03,Quarter 1,,,,,,,,,OneTrust Automation,79f09a0f-fbd7-4439-9e1e-d48abe62c98e,False,,https://Assessment/Assessment/b90085d2-4bb8-4c89-a709-c010fd8c62a9,Africa/Conakry,OTAuto02,b99df4a4-2bf5-4c08-9483-bd636470bc11,b99df4a4-2bf5-4c08-9483-bd636470bc11
b90085d2-4bb8-4c89-a709-c010fd8c62a9,a_7863242,2933,1,6614b5a26782905992da4932c06608a2,In Progress,InProgress,2026-03-25T00:45:00.000+00:00,2026-03-25,2026,March,03,Quarter 1,Not Started,NotStarted,2026-03-25T00:44:59.000+00:00,2026-03-25,2026,March,03,Quarter 1,OneTrust Automation,79f09a0f-fbd7-4439-9e1e-d48abe62c98e,True,1.1574074074074073e-05,https://Assessment/Assessment/b90085d2-4bb8-4c89-a709-c010fd8c62a9,Africa/Conakry,OTAuto02,b99df4a4-2bf5-4c08-9483-bd636470bc11,b99df4a4-2bf5-4c08-9483-bd636470bc11
b931fa8e-b084-4a22-b2da-cb0d88d1b45c,assessment_8730015,3473,0,3b2c2f8a35e53dc9cd2f576fd7c1a7d6,Not Started,NotStarted,2026-03-26T06:11:54.000+00:00,2026-03-26,2026,March,03,Quarter 1,,,,,,,,,OneTrust Automation,79f09a0f-fbd7-4439-9e1e-d48abe62c98e,True,,https://Assessment/Assessment/b931fa8e-b084-4a22-b2da-cb0d88d1b45c,Africa/Conakry,OTAuto02,b99df4a4-2bf5-4c08-9483-bd636470bc11,b99df4a4-2bf5-4c08-9483-bd636470bc11
b9371593-2fd9-44ad-ac5a-a00931203346,automation_assessment_1060036,1366,0,255a072983879797b6dc8b12fb983722,Not Started,NotStarted,2026-03-19T23:53:44.000+00:00,2026-03-19,2026,March,03,Quarter 1,,,,,,,,,OneTrust Automation,79f09a0f-fbd7-4439-9e1e-d48abe62c98e,False,,https://Assessment/Assessment/b9371593-2fd9-44ad-ac5a-a00931203346,Africa/Conakry,OTAuto02,b99df4a4-2bf5-4c08-9483-bd636470bc11,b99df4a4-2bf5-4c08-9483-bd636470bc11
b9371593-2fd9-44ad-ac5a-a00931203346,automation_assessment_1060036,1366,1,8c4f06182c58f40246fd583dbc4dc2d2,Under Review,UnderReview,2026-03-19T23:53:49.000+00:00,2026-03-19,2026,March,03,Quarter 1,Not Started,NotStarted,2026-03-19T23:53:44.000+00:00,2026-03-19,2026,March,03,Quarter 1,OneTrust Automation,79f09a0f-fbd7-4439-9e1e-d48abe62c98e,False,5.787037037037037e-05,https://Assessment/Assessment/b9371593-2fd9-44ad-ac5a-a00931203346,Africa/Conakry,OTAuto02,b99df4a4-2bf5-4c08-9483-bd636470bc11,b99df4a4-2bf5-4c08-9483-bd636470bc11
b9371593-2fd9-44ad-ac5a-a00931203346,automation_assessment_1060036,1366,2,f5ba8437b96aa6ba98daf5fff7dbbb92,Completed,Completed,2026-03-19T23:54:00.000+00:00,2026-03-19,2026,March,03,Quarter 1,Under Review,UnderReview,2026-03-19T23:53:49.000+00:00,2026-03-19,2026,March,03,Quarter 1,OneTrust Automation,79f09a0f-fbd7-4439-9e1e-d48abe62c98e,True,0.0001273148148148148,https://Assessment/Assessment/b9371593-2fd9-44ad-ac5a-a00931203346,Africa/Conakry,OTAuto02,b99df4a4-2bf5-4c08-9483-bd636470bc11,b99df4a4-2bf5-4c08-9483-bd636470bc11
b97884df-5f19-41c8-8f2a-4c6b505d0671,asset_41165_01_982754,2253,0,ca2896474ac7774118b156e2805946fa,Not Started,NotStarted,2026-03-24T19:45:39.000+00:00,2026-03-24,2026,March,03,Quarter 1,,,,,,,,,privacyofficer user,aa5e22c6-dc4f-473f-8aa5-46753f07d37d,False,,https://Assessment/Assessment/b97884df-5f19-41c8-8f2a-4c6b505d0671,Africa/Conakry,OTAuto02,b99df4a4-2bf5-4c08-9483-bd636470bc11,b99df4a4-2bf5-4c08-9483-bd636470bc11
b97884df-5f19-41c8-8f2a-4c6b505d0671,asset_41165_01_982754,2253,1,1526ac9ffeeda8faa859c86f3910e718,In Progress,InProgress,2026-03-24T19:45:40.000+00:00,2026-03-24,2026,March,03,Quarter 1,Not Started,NotStarted,2026-03-24T19:45:39.000+00:00,2026-03-24,2026,March,03,Quarter 1,privacyofficer user,aa5e22c6-dc4f-473f-8aa5-46753f07d37d,False,1.1574074074074073e-05,https://Assessment/Assessment/b97884df-5f19-41c8-8f2a-4c6b505d0671,Africa/Conakry,OTAuto02,b99df4a4-2bf5-4c08-9483-bd636470bc11,b99df4a4-2bf5-4c08-9483-bd636470bc11
b97884df-5f19-41c8-8f2a-4c6b505d0671,asset_41165_01_982754,2253,2,dfa9f42ea459ab4ccf60324c04dcba00,Under Review,UnderReview,2026-03-24T19:45:40.000+00:00,2026-03-24,2026,March,03,Quarter 1,In Progress,InProgress,2026-03-24T19:45:40.000+00:00,2026-03-24,2026,March,03,Quarter 1,privacyofficer user,aa5e22c6-dc4f-473f-8aa5-46753f07d37d,False,0.0,https://Assessment/Assessment/b97884df-5f19-41c8-8f2a-4c6b505d0671,Africa/Conakry,OTAuto02,b99df4a4-2bf5-4c08-9483-bd636470bc11,b99df4a4-2bf5-4c08-9483-bd636470bc11
b97884df-5f19-41c8-8f2a-4c6b505d0671,asset_41165_01_982754,2253,3,af0fca6afaa799d669b1853bcc0ea072,Completed,Completed,2026-03-24T19:45:42.000+00:00,2026-03-24,2026,March,03,Quarter 1,Under Review,UnderReview,2026-03-24T19:45:40.000+00:00,2026-03-24,2026,March,03,Quarter 1,privacyofficer user,aa5e22c6-dc4f-473f-8aa5-46753f07d37d,True,2.3148148148148147e-05,https://Assessment/Assessment/b97884df-5f19-41c8-8f2a-4c6b505d0671,Africa/Conakry,OTAuto02,b99df4a4-2bf5-4c08-9483-bd636470bc11,b99df4a4-2bf5-4c08-9483-bd636470bc11
b97ab55c-aea9-412b-949d-0b81b57b4239,vendor_75_24032026 - automation_template_2694199,2036,0,8c2163fce5f2f9c190bc892c675f63c5,Not Started,NotStarted,2026-03-24T18:54:26.000+00:00,2026-03-24,2026,March,03,Quarter 1,,,,,,,,,OneTrust User,918195e3-fcf1-4950-a0df-5a0c0b998b81,True,,https://Assessment/Assessment/b97ab55c-aea9-412b-949d-0b81b57b4239,Africa/Conakry,OTAuto02,b99df4a4-2bf5-4c08-9483-bd636470bc11,b99df4a4-2bf5-4c08-9483-bd636470bc11
b980846b-2598-487a-9de8-e4f432f7fd20,Automated_Assessment_6730559,978,0,ecaec8a2eeffa132d0dc0f43175dfdc7,Not Started,NotStarted,2026-03-19T20:09:14.000+00:00,2026-03-19,2026,March,03,Quarter 1,,,,,,,,,privacyofficer user,aa5e22c6-dc4f-473f-8aa5-46753f07d37d,False,,https://Assessment/Assessment/b980846b-2598-487a-9de8-e4f432f7fd20,Africa/Conakry,OTAuto02,b99df4a4-2bf5-4c08-9483-bd636470bc11,b99df4a4-2bf5-4c08-9483-bd636470bc11
b980846b-2598-487a-9de8-e4f432f7fd20,Automated_Assessment_6730559,978,1,f28e58c14ac38458cdda5902bbd20177,In Progress,InProgress,2026-03-19T20:09:16.000+00:00,2026-03-19,2026,March,03,Quarter 1,Not Started,NotStarted,2026-03-19T20:09:14.000+00:00,2026-03-19,2026,March,03,Quarter 1,privacyofficer user,aa5e22c6-dc4f-473f-8aa5-46753f07d37d,True,2.3148148148148147e-05,https://Assessment/Assessment/b980846b-2598-487a-9de8-e4f432f7fd20,Africa/Conakry,OTAuto02,b99df4a4-2bf5-4c08-9483-bd636470bc11,b99df4a4-2bf5-4c08-9483-bd636470bc11
b9e14168-a934-442f-a227-d9b8c98b4ad9,AA-1_2707389,3475,0,683fa9cb019d895e14b9e1b485ad6e6a,Not Started,NotStarted,2026-03-26T06:13:30.000+00:00,2026-03-26,2026,March,03,Quarter 1,,,,,,,,,OneTrust Automation,79f09a0f-fbd7-4439-9e1e-d48abe62c98e,True,,https://Assessment/Assessment/b9e14168-a934-442f-a227-d9b8c98b4ad9,Africa/Conakry,OTAuto02,b99df4a4-2bf5-4c08-9483-bd636470bc11,b99df4a4-2bf5-4c08-9483-bd636470bc11
ba08cd4f-e7cd-49af-926e-6524c9a3703c,Assessment_40077_2793529,398,0,01701ebc855cf40ad3d9ec575ce2360c,Not Started,NotStarted,2026-03-19T17:27:27.000+00:00,2026-03-19,2026,March,03,Quarter 1,,,,,,,,,OneTrust Automation,79f09a0f-fbd7-4439-9e1e-d48abe62c98e,False,,https://Assessment/Assessment/ba08cd4f-e7cd-49af-926e-6524c9a3703c,Africa/Conakry,OTAuto02,b99df4a4-2bf5-4c08-9483-bd636470bc11,b99df4a4-2bf5-4c08-9483-bd636470bc11
ba08cd4f-e7cd-49af-926e-6524c9a3703c,Assessment_40077_2793529,398,1,793b63a59bac990405bc5684099f331e,In Progress,InProgress,2026-03-19T17:27:38.000+00:00,2026-03-19,2026,March,03,Quarter 1,Not Started,NotStarted,2026-03-19T17:27:27.000+00:00,2026-03-19,2026,March,03,Quarter 1,OneTrust Automation,79f09a0f-fbd7-4439-9e1e-d48abe62c98e,True,0.0001273148148148148,https://Assessment/Assessment/ba08cd4f-e7cd-49af-926e-6524c9a3703c,Africa/Conakry,OTAuto02,b99df4a4-2bf5-4c08-9483-bd636470bc11,b99df4a4-2bf5-4c08-9483-bd636470bc11
ba33023c-1165-425a-aee5-96d012673ea9,APIBulk_Assessment_7142410,1280,0,5f5f7494233801e40ab8462924088c87,Not Started,NotStarted,2026-03-19T22:54:12.000+00:00,2026-03-19,2026,March,03,Quarter 1,,,,,,,,,OneTrust Automation,79f09a0f-fbd7-4439-9e1e-d48abe62c98e,True,,https://Assessment/Assessment/ba33023c-1165-425a-aee5-96d012673ea9,Africa/Conakry,OTAuto02,b99df4a4-2bf5-4c08-9483-bd636470bc11,b99df4a4-2bf5-4c08-9483-bd636470bc11
ba432f14-c62c-4b4e-a0fb-0f92c2ecb2bc,Automated_Assessment_4592228,4070,0,765629c0857254fced8b64276537b2ba,Not Started,NotStarted,2026-03-26T19:48:01.000+00:00,2026-03-26,2026,March,03,Quarter 1,,,,,,,,,OneTrust Automation,79f09a0f-fbd7-4439-9e1e-d48abe62c98e,False,,https://Assessment/Assessment/ba432f14-c62c-4b4e-a0fb-0f92c2ecb2bc,Africa/Conakry,OTAuto02,b99df4a4-2bf5-4c08-9483-bd636470bc11,b99df4a4-2bf5-4c08-9483-bd636470bc11
ba432f14-c62c-4b4e-a0fb-0f92c2ecb2bc,Automated_Assessment_4592228,4070,1,0642c1f5bac834a85368e46cd131268b,In Progress,InProgress,2026-03-26T19:48:35.000+00:00,2026-03-26,2026,March,03,Quarter 1,Not Started,NotStarted,2026-03-26T19:48:01.000+00:00,2026-03-26,2026,March,03,Quarter 1,onettenant+73828_4592228@svc.onetrust.com (External),fc101d95-5934-4a97-94cd-bc33fe1ea592,False,0.0003935185185185185,https://Assessment/Assessment/ba432f14-c62c-4b4e-a0fb-0f92c2ecb2bc,Africa/Conakry,OTAuto02,b99df4a4-2bf5-4c08-9483-bd636470bc11,b99df4a4-2bf5-4c08-9483-bd636470bc11
ba432f14-c62c-4b4e-a0fb-0f92c2ecb2bc,Automated_Assessment_4592228,4070,2,7027207c9aff9c30b90a48f9263194fb,Under Review,UnderReview,2026-03-26T19:50:16.000+00:00,2026-03-26,2026,March,03,Quarter 1,In Progress,InProgress,2026-03-26T19:48:35.000+00:00,2026-03-26,2026,March,03,Quarter 1,onettenant+73828_4592228@svc.onetrust.com (External),fc101d95-5934-4a97-94cd-bc33fe1ea592,True,0.0011689814814814816,https://Assessment/Assessment/ba432f14-c62c-4b4e-a0fb-0f92c2ecb2bc,Africa/Conakry,OTAuto02,b99df4a4-2bf5-4c08-9483-bd636470bc11,b99df4a4-2bf5-4c08-9483-bd636470bc11
ba508105-e563-4bbb-9830-1204df7d0808,Automated_Assessment_7812992,4048,0,3ecd1318a25afa22acf551e5e4d98422,Not Started,NotStarted,2026-03-26T19:44:23.000+00:00,2026-03-26,2026,March,03,Quarter 1,,,,,,,,,OneTrust Automation,79f09a0f-fbd7-4439-9e1e-d48abe62c98e,False,,https://Assessment/Assessment/ba508105-e563-4bbb-9830-1204df7d0808,Africa/Conakry,OTAuto02,b99df4a4-2bf5-4c08-9483-bd636470bc11,b99df4a4-2bf5-4c08-9483-bd636470bc11
ba508105-e563-4bbb-9830-1204df7d0808,Automated_Assessment_7812992,4048,1,3ba26907e27af6d57340945c54cb1aa3,In Progress,InProgress,2026-03-26T19:44:33.000+00:00,2026-03-26,2026,March,03,Quarter 1,Not Started,NotStarted,2026-03-26T19:44:23.000+00:00,2026-03-26,2026,March,03,Quarter 1,OneTrust Automation,79f09a0f-fbd7-4439-9e1e-d48abe62c98e,False,0.00011574074074074075,https://Assessment/Assessment/ba508105-e563-4bbb-9830-1204df7d0808,Africa/Conakry,OTAuto02,b99df4a4-2bf5-4c08-9483-bd636470bc11,b99df4a4-2bf5-4c08-9483-bd636470bc11
ba508105-e563-4bbb-9830-1204df7d0808,Automated_Assessment_7812992,4048,2,967489b8b71e3e8bf427232d5cb09084,Under Review,UnderReview,2026-03-26T19:44:34.000+00:00,2026-03-26,2026,March,03,Quarter 1,In Progress,InProgress,2026-03-26T19:44:33.000+00:00,2026-03-26,2026,March,03,Quarter 1,OneTrust Automation,79f09a0f-fbd7-4439-9e1e-d48abe62c98e,True,1.1574074074074073e-05,https://Assessment/Assessment/ba508105-e563-4bbb-9830-1204df7d0808,Africa/Conakry,OTAuto02,b99df4a4-2bf5-4c08-9483-bd636470bc11,b99df4a4-2bf5-4c08-9483-bd636470bc11
ba5709e2-bd9c-4e4f-9ba2-064bb7b07531,LaunchAssmnt_2510371,2963,0,0d182588419567414b6db15da40bd31c,Not Started,NotStarted,2026-03-25T01:04:12.000+00:00,2026-03-25,2026,March,03,Quarter 1,,,,,,,,,OneTrust Automation,79f09a0f-fbd7-4439-9e1e-d48abe62c98e,False,,https://Assessment/Assessment/ba5709e2-bd9c-4e4f-9ba2-064bb7b07531,Africa/Conakry,OTAuto02,b99df4a4-2bf5-4c08-9483-bd636470bc11,b99df4a4-2bf5-4c08-9483-bd636470bc11
ba5709e2-bd9c-4e4f-9ba2-064bb7b07531,LaunchAssmnt_2510371,2963,1,2cc09409064aab92d33d16516f12e0b1,Under Review,UnderReview,2026-03-25T01:05:47.000+00:00,2026-03-25,2026,March,03,Quarter 1,Not Started,NotStarted,2026-03-25T01:04:12.000+00:00,2026-03-25,2026,March,03,Quarter 1,OneTrust Automation,79f09a0f-fbd7-4439-9e1e-d48abe62c98e,False,0.001099537037037037,https://Assessment/Assessment/ba5709e2-bd9c-4e4f-9ba2-064bb7b07531,Africa/Conakry,OTAuto02,b99df4a4-2bf5-4c08-9483-bd636470bc11,b99df4a4-2bf5-4c08-9483-bd636470bc11
ba5709e2-bd9c-4e4f-9ba2-064bb7b07531,LaunchAssmnt_2510371,2963,2,9c83708e5866f24048af28459458dfb3,Completed,Completed,2026-03-25T01:06:47.000+00:00,2026-03-25,2026,March,03,Quarter 1,Under Review,UnderReview,2026-03-25T01:05:47.000+00:00,2026-03-25,2026,March,03,Quarter 1,OneTrust Automation,79f09a0f-fbd7-4439-9e1e-d48abe62c98e,True,0.0006944444444444445,https://Assessment/Assessment/ba5709e2-bd9c-4e4f-9ba2-064bb7b07531,Africa/Conakry,OTAuto02,b99df4a4-2bf5-4c08-9483-bd636470bc11,b99df4a4-2bf5-4c08-9483-bd636470bc11
ba61bb5a-95af-4a3b-9bd2-8fc15e8a059d,Reassess_Automated_Vendor_Assessment_983369,4080,0,5643220e15370a6147febda3668e1dc8,Not Started,NotStarted,2026-03-26T19:50:57.000+00:00,2026-03-26,2026,March,03,Quarter 1,,,,,,,,,OneTrust Automation,79f09a0f-fbd7-4439-9e1e-d48abe62c98e,True,,https://Assessment/Assessment/ba61bb5a-95af-4a3b-9bd2-8fc15e8a059d,Africa/Conakry,OTAuto02,b99df4a4-2bf5-4c08-9483-bd636470bc11,b99df4a4-2bf5-4c08-9483-bd636470bc11
ba79ca61-188c-4a75-8c62-49274d897dbe,asset_3696_9541679,4736,0,388528055749aaf6a792124d1f1b70ed,Not Started,NotStarted,2026-03-27T00:07:02.000+00:00,2026-03-27,2026,March,03,Quarter 1,,,,,,,,,OneTrust Automation,79f09a0f-fbd7-4439-9e1e-d48abe62c98e,False,,https://Assessment/Assessment/ba79ca61-188c-4a75-8c62-49274d897dbe,Africa/Conakry,OTAuto02,b99df4a4-2bf5-4c08-9483-bd636470bc11,b99df4a4-2bf5-4c08-9483-bd636470bc11
ba79ca61-188c-4a75-8c62-49274d897dbe,asset_3696_9541679,4736,1,a50841d81d865fbbcf56109b33a3a5d9,Stage_1_9541679,Stage_1_9541679,2026-03-27T00:07:02.000+00:00,2026-03-27,2026,March,03,Quarter 1,Not Started,NotStarted,2026-03-27T00:07:02.000+00:00,2026-03-27,2026,March,03,Quarter 1,OneTrust Automation,79f09a0f-fbd7-4439-9e1e-d48abe62c98e,True,0.0,https://Assessment/Assessment/ba79ca61-188c-4a75-8c62-49274d897dbe,Africa/Conakry,OTAuto02,b99df4a4-2bf5-4c08-9483-bd636470bc11,b99df4a4-2bf5-4c08-9483-bd636470bc11
ba9b3354-0ff1-4064-83db-cd749213331a,automation_1_assessment_3875345,1403,0,f9175ae2ae9043da01fd02640277125a,Not Started,NotStarted,2026-03-20T00:18:40.000+00:00,2026-03-20,2026,March,03,Quarter 1,,,,,,,,,OneTrust Automation,79f09a0f-fbd7-4439-9e1e-d48abe62c98e,True,,https://Assessment/Assessment/ba9b3354-0ff1-4064-83db-cd749213331a,Africa/Conakry,OTAuto02,b99df4a4-2bf5-4c08-9483-bd636470bc11,b99df4a4-2bf5-4c08-9483-bd636470bc11
bad5025a-be82-4992-b495-a221208a1789,Automated_Assessment_7540_24032026,1690,0,e687a512404dadb5edcf998b753e34f2,Not Started,NotStarted,2026-03-24T17:29:54.000+00:00,2026-03-24,2026,March,03,Quarter 1,,,,,,,,,OneTrust Automation,79f09a0f-fbd7-4439-9e1e-d48abe62c98e,False,,https://Assessment/Assessment/bad5025a-be82-4992-b495-a221208a1789,Africa/Conakry,OTAuto02,b99df4a4-2bf5-4c08-9483-bd636470bc11,b99df4a4-2bf5-4c08-9483-bd636470bc11
bad5025a-be82-4992-b495-a221208a1789,Automated_Assessment_7540_24032026,1690,1,fc82436518befc61179ce4a30bdd44f9,In Progress,InProgress,2026-03-24T17:31:15.000+00:00,2026-03-24,2026,March,03,Quarter 1,Not Started,NotStarted,2026-03-24T17:29:54.000+00:00,2026-03-24,2026,March,03,Quarter 1,OneTrust Automation,79f09a0f-fbd7-4439-9e1e-d48abe62c98e,False,0.0009375,https://Assessment/Assessment/bad5025a-be82-4992-b495-a221208a1789,Africa/Conakry,OTAuto02,b99df4a4-2bf5-4c08-9483-bd636470bc11,b99df4a4-2bf5-4c08-9483-bd636470bc11
bad5025a-be82-4992-b495-a221208a1789,Automated_Assessment_7540_24032026,1690,2,3d7df1002d281416f46c63d009e9633d,Under Review,UnderReview,2026-03-24T17:32:02.000+00:00,2026-03-24,2026,March,03,Quarter 1,In Progress,InProgress,2026-03-24T17:31:15.000+00:00,2026-03-24,2026,March,03,Quarter 1,OneTrust Automation,79f09a0f-fbd7-4439-9e1e-d48abe62c98e,True,0.0005439814814814814,https://Assessment/Assessment/bad5025a-be82-4992-b495-a221208a1789,Africa/Conakry,OTAuto02,b99df4a4-2bf5-4c08-9483-bd636470bc11,b99df4a4-2bf5-4c08-9483-bd636470bc11
bae545d0-2501-4822-b55a-37be9ef55ea4,assessment_1_1296965 - Parent_Template_34091_1296965,1746,0,cb2fe1bd53d43b1854a73d358a9a6532,Not Started,NotStarted,2026-03-24T17:39:20.000+00:00,2026-03-24,2026,March,03,Quarter 1,,,,,,,,,projectowner user,da43fe2d-46b8-4d39-8174-b857cd048aa4,True,,https://Assessment/Assessment/bae545d0-2501-4822-b55a-37be9ef55ea4,Africa/Conakry,OTAuto02,b99df4a4-2bf5-4c08-9483-bd636470bc11,b99df4a4-2bf5-4c08-9483-bd636470bc11
bae6c6e3-18f5-4b1f-8246-1b5562b2a1b7,automation_project_7532_19032026,256,0,f12852de24ae89dbfe70796c9252f50c,Not Started,NotStarted,2026-03-19T16:56:18.000+00:00,2026-03-19,2026,March,03,Quarter 1,,,,,,,,,OneTrust Automation,79f09a0f-fbd7-4439-9e1e-d48abe62c98e,False,,https://Assessment/Assessment/bae6c6e3-18f5-4b1f-8246-1b5562b2a1b7,Africa/Conakry,OTAuto02,b99df4a4-2bf5-4c08-9483-bd636470bc11,b99df4a4-2bf5-4c08-9483-bd636470bc11
bae6c6e3-18f5-4b1f-8246-1b5562b2a1b7,automation_project_7532_19032026,256,1,837323454a2f1c52744cc38cd8c48355,In Progress,InProgress,2026-03-19T16:56:18.000+00:00,2026-03-19,2026,March,03,Quarter 1,Not Started,NotStarted,2026-03-19T16:56:18.000+00:00,2026-03-19,2026,March,03,Quarter 1,OneTrust Automation,79f09a0f-fbd7-4439-9e1e-d48abe62c98e,True,0.0,https://Assessment/Assessment/bae6c6e3-18f5-4b1f-8246-1b5562b2a1b7,Africa/Conakry,OTAuto02,b99df4a4-2bf5-4c08-9483-bd636470bc11,b99df4a4-2bf5-4c08-9483-bd636470bc11
baeaf219-900c-40a1-a42d-c2d73971a51d,assessment_43465_6453683,1902,0,0c8109b5274fe030073f8fe2ca003233,Not Started,NotStarted,2026-03-24T18:12:13.000+00:00,2026-03-24,2026,March,03,Quarter 1,,,,,,,,,OneTrust Automation,79f09a0f-fbd7-4439-9e1e-d48abe62c98e,False,,https://Assessment/Assessment/baeaf219-900c-40a1-a42d-c2d73971a51d,Africa/Conakry,OTAuto02,b99df4a4-2bf5-4c08-9483-bd636470bc11,b99df4a4-2bf5-4c08-9483-bd636470bc11
baeaf219-900c-40a1-a42d-c2d73971a51d,assessment_43465_6453683,1902,1,81b54ce6f49fd348d485b8dfb1ffd8a9,In Progress,InProgress,2026-03-24T18:12:23.000+00:00,2026-03-24,2026,March,03,Quarter 1,Not Started,NotStarted,2026-03-24T18:12:13.000+00:00,2026-03-24,2026,March,03,Quarter 1,OneTrust Automation,79f09a0f-fbd7-4439-9e1e-d48abe62c98e,False,0.00011574074074074075,https://Assessment/Assessment/baeaf219-900c-40a1-a42d-c2d73971a51d,Africa/Conakry,OTAuto02,b99df4a4-2bf5-4c08-9483-bd636470bc11,b99df4a4-2bf5-4c08-9483-bd636470bc11
baeaf219-900c-40a1-a42d-c2d73971a51d,assessment_43465_6453683,1902,2,9ed1b290c69979889798c66507e5c7ef,Under Review,UnderReview,2026-03-24T18:12:24.000+00:00,2026-03-24,2026,March,03,Quarter 1,In Progress,InProgress,2026-03-24T18:12:23.000+00:00,2026-03-24,2026,March,03,Quarter 1,OneTrust Automation,79f09a0f-fbd7-4439-9e1e-d48abe62c98e,False,1.1574074074074073e-05,https://Assessment/Assessment/baeaf219-900c-40a1-a42d-c2d73971a51d,Africa/Conakry,OTAuto02,b99df4a4-2bf5-4c08-9483-bd636470bc11,b99df4a4-2bf5-4c08-9483-bd636470bc11
baeaf219-900c-40a1-a42d-c2d73971a51d,assessment_43465_6453683,1902,3,2ad5a463a32690ca44a100e392dd1a2a,Completed,Completed,2026-03-24T18:12:25.000+00:00,2026-03-24,2026,March,03,Quarter 1,Under Review,UnderReview,2026-03-24T18:12:24.000+00:00,2026-03-24,2026,March,03,Quarter 1,OneTrust Automation,79f09a0f-fbd7-4439-9e1e-d48abe62c98e,True,1.1574074074074073e-05,https://Assessment/Assessment/baeaf219-900c-40a1-a42d-c2d73971a51d,Africa/Conakry,OTAuto02,b99df4a4-2bf5-4c08-9483-bd636470bc11,b99df4a4-2bf5-4c08-9483-bd636470bc11
bb175ece-4d5a-4413-a812-629f3bd7b410,OneTrust Automation_Template_44459 Template_44459_4995705_03/19/2026,1067,0,a64dffe654ab79364c5776d9a7035b3b,Not Started,NotStarted,2026-03-19T20:37:19.000+00:00,2026-03-19,2026,March,03,Quarter 1,,,,,,,,,OneTrust Automation,79f09a0f-fbd7-4439-9e1e-d48abe62c98e,True,,https://Assessment/Assessment/bb175ece-4d5a-4413-a812-629f3bd7b410,Africa/Conakry,OTAuto02,b99df4a4-2bf5-4c08-9483-bd636470bc11,b99df4a4-2bf5-4c08-9483-bd636470bc11
bb2fbc19-33ae-4ba7-bba2-455cc937ec67,assessment_2411_2_8998665,4751,0,ba3b5199a322b3af597ac9fe47e4b494,Not Started,NotStarted,2026-03-27T00:25:02.000+00:00,2026-03-27,2026,March,03,Quarter 1,,,,,,,,,OneTrust Automation,79f09a0f-fbd7-4439-9e1e-d48abe62c98e,True,,https://Assessment/Assessment/bb2fbc19-33ae-4ba7-bba2-455cc937ec67,Africa/Conakry,OTAuto02,b99df4a4-2bf5-4c08-9483-bd636470bc11,b99df4a4-2bf5-4c08-9483-bd636470bc11
bb4c33db-82ab-4944-b740-a0932a7b8fbe,Assessment_4787_3_8457655,2826,0,1bb324af720600c957a2ba54493b6d81,Not Started,NotStarted,2026-03-24T22:44:19.000+00:00,2026-03-24,2026,March,03,Quarter 1,,,,,,,,,OneTrust Automation,79f09a0f-fbd7-4439-9e1e-d48abe62c98e,False,,https://Assessment/Assessment/bb4c33db-82ab-4944-b740-a0932a7b8fbe,Africa/Conakry,OTAuto02,b99df4a4-2bf5-4c08-9483-bd636470bc11,b99df4a4-2bf5-4c08-9483-bd636470bc11
bb4c33db-82ab-4944-b740-a0932a7b8fbe,Assessment_4787_3_8457655,2826,1,af5c4ef2d88442cecee666758d9c35f5,Under Review,UnderReview,2026-03-24T22:44:20.000+00:00,2026-03-24,2026,March,03,Quarter 1,Not Started,NotStarted,2026-03-24T22:44:19.000+00:00,2026-03-24,2026,March,03,Quarter 1,OneTrust Automation,79f09a0f-fbd7-4439-9e1e-d48abe62c98e,True,1.1574074074074073e-05,https://Assessment/Assessment/bb4c33db-82ab-4944-b740-a0932a7b8fbe,Africa/Conakry,OTAuto02,b99df4a4-2bf5-4c08-9483-bd636470bc11,b99df4a4-2bf5-4c08-9483-bd636470bc11
bb7972dc-7fce-43a2-beed-d7f0dc373ca4,automation_project_65635_4764067 - automation_template_1_65635_4764067,4359,0,2dab49e0ff2f4eafc26c36498343c5ae,Not Started,NotStarted,2026-03-26T21:12:15.000+00:00,2026-03-26,2026,March,03,Quarter 1,,,,,,,,,OneTrust Automation,79f09a0f-fbd7-4439-9e1e-d48abe62c98e,True,,https://Assessment/Assessment/bb7972dc-7fce-43a2-beed-d7f0dc373ca4,Africa/Conakry,OTAuto02,b99df4a4-2bf5-4c08-9483-bd636470bc11,b99df4a4-2bf5-4c08-9483-bd636470bc11
bbe94344-9be5-4294-bdc4-4d873eab6fef,automated_assessment_95820_1_8956780,4311,0,802f6de793cab46c57221401b0082978,Not Started,NotStarted,2026-03-26T20:53:28.000+00:00,2026-03-26,2026,March,03,Quarter 1,,,,,,,,,OneTrust Automation,79f09a0f-fbd7-4439-9e1e-d48abe62c98e,True,,https://Assessment/Assessment/bbe94344-9be5-4294-bdc4-4d873eab6fef,Africa/Conakry,OTAuto02,b99df4a4-2bf5-4c08-9483-bd636470bc11,b99df4a4-2bf5-4c08-9483-bd636470bc11
bc1af789-7962-458f-b1fe-679973b1dc89,automation_project_33958_4958673,2432,0,354074b84b75588245d9f58c4244331c,Not Started,NotStarted,2026-03-24T20:37:27.000+00:00,2026-03-24,2026,March,03,Quarter 1,,,,,,,,,OneTrust Automation,79f09a0f-fbd7-4439-9e1e-d48abe62c98e,False,,https://Assessment/Assessment/bc1af789-7962-458f-b1fe-679973b1dc89,Africa/Conakry,OTAuto02,b99df4a4-2bf5-4c08-9483-bd636470bc11,b99df4a4-2bf5-4c08-9483-bd636470bc11
bc1af789-7962-458f-b1fe-679973b1dc89,automation_project_33958_4958673,2432,1,40f78687a34135502cf0889cc20972bc,Under Review,UnderReview,2026-03-24T20:37:27.000+00:00,2026-03-24,2026,March,03,Quarter 1,Not Started,NotStarted,2026-03-24T20:37:27.000+00:00,2026-03-24,2026,March,03,Quarter 1,OneTrust Automation,79f09a0f-fbd7-4439-9e1e-d48abe62c98e,True,0.0,https://Assessment/Assessment/bc1af789-7962-458f-b1fe-679973b1dc89,Africa/Conakry,OTAuto02,b99df4a4-2bf5-4c08-9483-bd636470bc11,b99df4a4-2bf5-4c08-9483-bd636470bc11
bc353ebf-8c10-483f-a1a8-dbb5b92a6ced,automation_1_assessment_9286378,4723,0,b606b0456dc9a09e2d106bf427227bac,Not Started,NotStarted,2026-03-26T23:55:47.000+00:00,2026-03-26,2026,March,03,Quarter 1,,,,,,,,,OneTrust Automation,79f09a0f-fbd7-4439-9e1e-d48abe62c98e,True,,https://Assessment/Assessment/bc353ebf-8c10-483f-a1a8-dbb5b92a6ced,Africa/Conakry,OTAuto02,b99df4a4-2bf5-4c08-9483-bd636470bc11,b99df4a4-2bf5-4c08-9483-bd636470bc11
bc4c5863-45b0-4758-bab4-53bf0017eeba,LaunchAssmnt_3821678,3014,0,d8ff0813d947ee36ea56a31bd06ae5dc,Not Started,NotStarted,2026-03-25T01:42:25.000+00:00,2026-03-25,2026,March,03,Quarter 1,,,,,,,,,OneTrust Automation,79f09a0f-fbd7-4439-9e1e-d48abe62c98e,False,,https://Assessment/Assessment/bc4c5863-45b0-4758-bab4-53bf0017eeba,Africa/Conakry,OTAuto02,b99df4a4-2bf5-4c08-9483-bd636470bc11,b99df4a4-2bf5-4c08-9483-bd636470bc11
bc4c5863-45b0-4758-bab4-53bf0017eeba,LaunchAssmnt_3821678,3014,1,a9fdf45c9f938fa593c54b2a2a7c11b9,In Progress,InProgress,2026-03-25T01:43:13.000+00:00,2026-03-25,2026,March,03,Quarter 1,Not Started,NotStarted,2026-03-25T01:42:25.000+00:00,2026-03-25,2026,March,03,Quarter 1,OneTrust Automation,79f09a0f-fbd7-4439-9e1e-d48abe62c98e,False,0.0005555555555555556,https://Assessment/Assessment/bc4c5863-45b0-4758-bab4-53bf0017eeba,Africa/Conakry,OTAuto02,b99df4a4-2bf5-4c08-9483-bd636470bc11,b99df4a4-2bf5-4c08-9483-bd636470bc11
bc4c5863-45b0-4758-bab4-53bf0017eeba,LaunchAssmnt_3821678,3014,2,9135d7b62fc2b5c42822cc64154b36bd,Under Review,UnderReview,2026-03-25T01:43:29.000+00:00,2026-03-25,2026,March,03,Quarter 1,In Progress,InProgress,2026-03-25T01:43:13.000+00:00,2026-03-25,2026,March,03,Quarter 1,OneTrust Automation,79f09a0f-fbd7-4439-9e1e-d48abe62c98e,True,0.00018518518518518518,https://Assessment/Assessment/bc4c5863-45b0-4758-bab4-53bf0017eeba,Africa/Conakry,OTAuto02,b99df4a4-2bf5-4c08-9483-bd636470bc11,b99df4a4-2bf5-4c08-9483-bd636470bc11
bc4f96ce-e437-4a58-b409-54c1f985b645,assessment_43465_6291137,345,0,df5c4c32d78818f9b8e13faf3bc35619,Not Started,NotStarted,2026-03-19T17:10:33.000+00:00,2026-03-19,2026,March,03,Quarter 1,,,,,,,,,OneTrust Automation,79f09a0f-fbd7-4439-9e1e-d48abe62c98e,False,,https://Assessment/Assessment/bc4f96ce-e437-4a58-b409-54c1f985b645,Africa/Conakry,OTAuto02,b99df4a4-2bf5-4c08-9483-bd636470bc11,b99df4a4-2bf5-4c08-9483-bd636470bc11
bc4f96ce-e437-4a58-b409-54c1f985b645,assessment_43465_6291137,345,1,99a9a16c857da023a43ee12aabb71ee2,In Progress,InProgress,2026-03-19T17:10:43.000+00:00,2026-03-19,2026,March,03,Quarter 1,Not Started,NotStarted,2026-03-19T17:10:33.000+00:00,2026-03-19,2026,March,03,Quarter 1,OneTrust Automation,79f09a0f-fbd7-4439-9e1e-d48abe62c98e,False,0.00011574074074074075,https://Assessment/Assessment/bc4f96ce-e437-4a58-b409-54c1f985b645,Africa/Conakry,OTAuto02,b99df4a4-2bf5-4c08-9483-bd636470bc11,b99df4a4-2bf5-4c08-9483-bd636470bc11
bc4f96ce-e437-4a58-b409-54c1f985b645,assessment_43465_6291137,345,2,14aca81a9f605d192c40a243300d128c,Under Review,UnderReview,2026-03-19T17:10:44.000+00:00,2026-03-19,2026,March,03,Quarter 1,In Progress,InProgress,2026-03-19T17:10:43.000+00:00,2026-03-19,2026,March,03,Quarter 1,OneTrust Automation,79f09a0f-fbd7-4439-9e1e-d48abe62c98e,False,1.1574074074074073e-05,https://Assessment/Assessment/bc4f96ce-e437-4a58-b409-54c1f985b645,Africa/Conakry,OTAuto02,b99df4a4-2bf5-4c08-9483-bd636470bc11,b99df4a4-2bf5-4c08-9483-bd636470bc11
bc4f96ce-e437-4a58-b409-54c1f985b645,assessment_43465_6291137,345,3,a405438777fd812520755dc3f7dfc255,Completed,Completed,2026-03-19T17:10:45.000+00:00,2026-03-19,2026,March,03,Quarter 1,Under Review,UnderReview,2026-03-19T17:10:44.000+00:00,2026-03-19,2026,March,03,Quarter 1,OneTrust Automation,79f09a0f-fbd7-4439-9e1e-d48abe62c98e,True,1.1574074074074073e-05,https://Assessment/Assessment/bc4f96ce-e437-4a58-b409-54c1f985b645,Africa/Conakry,OTAuto02,b99df4a4-2bf5-4c08-9483-bd636470bc11,b99df4a4-2bf5-4c08-9483-bd636470bc11
bc60071c-40e4-43aa-b45e-6be42befb202,Vendor8_2953109 - automation_template_2953109,1323,0,4ec6c0efcc92bde4db6d1ae9c264f193,Not Started,NotStarted,2026-03-19T23:20:41.000+00:00,2026-03-19,2026,March,03,Quarter 1,,,,,,,,,OneTrust User,918195e3-fcf1-4950-a0df-5a0c0b998b81,True,,https://Assessment/Assessment/bc60071c-40e4-43aa-b45e-6be42befb202,Africa/Conakry,OTAuto02,b99df4a4-2bf5-4c08-9483-bd636470bc11,b99df4a4-2bf5-4c08-9483-bd636470bc11
bc64888f-c4a9-44e1-aef8-cd82c6637d05,Engagement_Assessment_8176439,3013,0,bb2d786996935f5650d0d8b29df9b3ad,Not Started,NotStarted,2026-03-25T01:41:00.000+00:00,2026-03-25,2026,March,03,Quarter 1,,,,,,,,,OneTrust Automation,79f09a0f-fbd7-4439-9e1e-d48abe62c98e,True,,https://Assessment/Assessment/bc64888f-c4a9-44e1-aef8-cd82c6637d05,Africa/Conakry,OTAuto02,b99df4a4-2bf5-4c08-9483-bd636470bc11,b99df4a4-2bf5-4c08-9483-bd636470bc11
bc7ae608-110e-4b3b-8233-419749bf519b,Automated_Assessment_1_399849,2696,0,a803d12288db80cf5bd4840765a04afe,Not Started,NotStarted,2026-03-24T21:58:47.000+00:00,2026-03-24,2026,March,03,Quarter 1,,,,,,,,,OneTrust Automation,79f09a0f-fbd7-4439-9e1e-d48abe62c98e,True,,https://Assessment/Assessment/bc7ae608-110e-4b3b-8233-419749bf519b,Africa/Conakry,OTAuto02,b99df4a4-2bf5-4c08-9483-bd636470bc11,b99df4a4-2bf5-4c08-9483-bd636470bc11
bc7ed7fe-e8be-4729-be34-2df12bc6dcfe,automation_assessment_56916_3128262,3656,0,762df6f6e5bb6d83f61b1495a5978bf3,Not Started,NotStarted,2026-03-26T18:03:43.000+00:00,2026-03-26,2026,March,03,Quarter 1,,,,,,,,,OneTrust Automation,79f09a0f-fbd7-4439-9e1e-d48abe62c98e,False,,https://Assessment/Assessment/bc7ed7fe-e8be-4729-be34-2df12bc6dcfe,Africa/Conakry,OTAuto02,b99df4a4-2bf5-4c08-9483-bd636470bc11,b99df4a4-2bf5-4c08-9483-bd636470bc11
bc7ed7fe-e8be-4729-be34-2df12bc6dcfe,automation_assessment_56916_3128262,3656,1,eb2241a968328ec0131bdab18ed343c3,Under Review,UnderReview,2026-03-26T18:09:04.000+00:00,2026-03-26,2026,March,03,Quarter 1,Not Started,NotStarted,2026-03-26T18:03:43.000+00:00,2026-03-26,2026,March,03,Quarter 1,OneTrust Automation,79f09a0f-fbd7-4439-9e1e-d48abe62c98e,True,0.003715277777777778,https://Assessment/Assessment/bc7ed7fe-e8be-4729-be34-2df12bc6dcfe,Africa/Conakry,OTAuto02,b99df4a4-2bf5-4c08-9483-bd636470bc11,b99df4a4-2bf5-4c08-9483-bd636470bc11
bc7ee4ab-240d-4eb4-939a-0170d8c19697,Automated_DM_Assessment_983369,4049,0,5f5a7f69ae14a58c7fd5023044250e39,Not Started,NotStarted,2026-03-26T19:45:14.000+00:00,2026-03-26,2026,March,03,Quarter 1,,,,,,,,,OneTrust Automation,79f09a0f-fbd7-4439-9e1e-d48abe62c98e,True,,https://Assessment/Assessment/bc7ee4ab-240d-4eb4-939a-0170d8c19697,Africa/Conakry,OTAuto02,b99df4a4-2bf5-4c08-9483-bd636470bc11,b99df4a4-2bf5-4c08-9483-bd636470bc11
bc8029b3-6e5f-4310-bff8-30e945bc4d69,Automated_Assessment_68753_6533608,2623,0,dfd4e26cde6099b77b493aecb4156057,Not Started,NotStarted,2026-03-24T21:41:33.000+00:00,2026-03-24,2026,March,03,Quarter 1,,,,,,,,,OneTrust Automation,79f09a0f-fbd7-4439-9e1e-d48abe62c98e,False,,https://Assessment/Assessment/bc8029b3-6e5f-4310-bff8-30e945bc4d69,Africa/Conakry,OTAuto02,b99df4a4-2bf5-4c08-9483-bd636470bc11,b99df4a4-2bf5-4c08-9483-bd636470bc11
bc8029b3-6e5f-4310-bff8-30e945bc4d69,Automated_Assessment_68753_6533608,2623,1,bef4608b9a1c4fd39f537fde7df6ab98,In Progress,InProgress,2026-03-24T21:41:34.000+00:00,2026-03-24,2026,March,03,Quarter 1,Not Started,NotStarted,2026-03-24T21:41:33.000+00:00,2026-03-24,2026,March,03,Quarter 1,OneTrust Automation,79f09a0f-fbd7-4439-9e1e-d48abe62c98e,False,1.1574074074074073e-05,https://Assessment/Assessment/bc8029b3-6e5f-4310-bff8-30e945bc4d69,Africa/Conakry,OTAuto02,b99df4a4-2bf5-4c08-9483-bd636470bc11,b99df4a4-2bf5-4c08-9483-bd636470bc11
bc8029b3-6e5f-4310-bff8-30e945bc4d69,Automated_Assessment_68753_6533608,2623,2,cda60d56ae027a5b61f700b86f3f78f1,Under Review,UnderReview,2026-03-24T21:41:34.000+00:00,2026-03-24,2026,March,03,Quarter 1,In Progress,InProgress,2026-03-24T21:41:34.000+00:00,2026-03-24,2026,March,03,Quarter 1,OneTrust Automation,79f09a0f-fbd7-4439-9e1e-d48abe62c98e,True,0.0,https://Assessment/Assessment/bc8029b3-6e5f-4310-bff8-30e945bc4d69,Africa/Conakry,OTAuto02,b99df4a4-2bf5-4c08-9483-bd636470bc11,b99df4a4-2bf5-4c08-9483-bd636470bc11
bc88625a-251c-45c4-be04-27a7943e2219,Automated_Assessment_458577,3218,0,18bcc60feaddb42e5f0f9f921037bbe7,Not Started,NotStarted,2026-03-25T06:56:20.000+00:00,2026-03-25,2026,March,03,Quarter 1,,,,,,,,,OneTrust Automation,79f09a0f-fbd7-4439-9e1e-d48abe62c98e,False,,https://Assessment/Assessment/bc88625a-251c-45c4-be04-27a7943e2219,Africa/Conakry,OTAuto02,b99df4a4-2bf5-4c08-9483-bd636470bc11,b99df4a4-2bf5-4c08-9483-bd636470bc11
bc88625a-251c-45c4-be04-27a7943e2219,Automated_Assessment_458577,3218,1,5a3e8f9f3a21fa7c327f0b23c152755c,In Progress,InProgress,2026-03-25T06:56:20.000+00:00,2026-03-25,2026,March,03,Quarter 1,Not Started,NotStarted,2026-03-25T06:56:20.000+00:00,2026-03-25,2026,March,03,Quarter 1,OneTrust Automation,79f09a0f-fbd7-4439-9e1e-d48abe62c98e,True,0.0,https://Assessment/Assessment/bc88625a-251c-45c4-be04-27a7943e2219,Africa/Conakry,OTAuto02,b99df4a4-2bf5-4c08-9483-bd636470bc11,b99df4a4-2bf5-4c08-9483-bd636470bc11
bcaca070-c381-48c2-b007-ffc7581a35e4,v_9944361 - t_9944361,3037,0,f6ecbb8fd4c54c13b78a8a97805de49f,Not Started,NotStarted,2026-03-25T02:06:32.000+00:00,2026-03-25,2026,March,03,Quarter 1,,,,,,,,,OneTrust User,918195e3-fcf1-4950-a0df-5a0c0b998b81,False,,https://Assessment/Assessment/bcaca070-c381-48c2-b007-ffc7581a35e4,Africa/Conakry,OTAuto02,b99df4a4-2bf5-4c08-9483-bd636470bc11,b99df4a4-2bf5-4c08-9483-bd636470bc11
bcaca070-c381-48c2-b007-ffc7581a35e4,v_9944361 - t_9944361,3037,1,eb8f4c8e3efe74ef7e0f37d7b03272be,Under Review,UnderReview,2026-03-25T02:07:12.000+00:00,2026-03-25,2026,March,03,Quarter 1,Not Started,NotStarted,2026-03-25T02:06:32.000+00:00,2026-03-25,2026,March,03,Quarter 1,OneTrust Automation,79f09a0f-fbd7-4439-9e1e-d48abe62c98e,True,0.000462962962962963,https://Assessment/Assessment/bcaca070-c381-48c2-b007-ffc7581a35e4,Africa/Conakry,OTAuto02,b99df4a4-2bf5-4c08-9483-bd636470bc11,b99df4a4-2bf5-4c08-9483-bd636470bc11
bcb154a0-32a9-4595-ac27-0a7d5efa1180,Automated_Assessment_68753_3687077,268,0,2c61d8103feaa3ab1567c20603857c6f,Not Started,NotStarted,2026-03-19T16:58:29.000+00:00,2026-03-19,2026,March,03,Quarter 1,,,,,,,,,OneTrust Automation,79f09a0f-fbd7-4439-9e1e-d48abe62c98e,False,,https://Assessment/Assessment/bcb154a0-32a9-4595-ac27-0a7d5efa1180,Africa/Conakry,OTAuto02,b99df4a4-2bf5-4c08-9483-bd636470bc11,b99df4a4-2bf5-4c08-9483-bd636470bc11
bcb154a0-32a9-4595-ac27-0a7d5efa1180,Automated_Assessment_68753_3687077,268,1,d3004528e06d449a1136ee4394978c32,In Progress,InProgress,2026-03-19T16:58:30.000+00:00,2026-03-19,2026,March,03,Quarter 1,Not Started,NotStarted,2026-03-19T16:58:29.000+00:00,2026-03-19,2026,March,03,Quarter 1,OneTrust Automation,79f09a0f-fbd7-4439-9e1e-d48abe62c98e,False,1.1574074074074073e-05,https://Assessment/Assessment/bcb154a0-32a9-4595-ac27-0a7d5efa1180,Africa/Conakry,OTAuto02,b99df4a4-2bf5-4c08-9483-bd636470bc11,b99df4a4-2bf5-4c08-9483-bd636470bc11
bcb154a0-32a9-4595-ac27-0a7d5efa1180,Automated_Assessment_68753_3687077,268,2,a463fefa9f727e528c3b57728bd4bebc,Under Review,UnderReview,2026-03-19T16:58:30.000+00:00,2026-03-19,2026,March,03,Quarter 1,In Progress,InProgress,2026-03-19T16:58:30.000+00:00,2026-03-19,2026,March,03,Quarter 1,OneTrust Automation,79f09a0f-fbd7-4439-9e1e-d48abe62c98e,True,0.0,https://Assessment/Assessment/bcb154a0-32a9-4595-ac27-0a7d5efa1180,Africa/Conakry,OTAuto02,b99df4a4-2bf5-4c08-9483-bd636470bc11,b99df4a4-2bf5-4c08-9483-bd636470bc11
bcb7b417-746f-4aaa-bb47-ad661eaa3e75,assessment_rejected_2242092,595,0,260340599af68bc21f34c7453f8c7d3a,Not Started,NotStarted,2026-03-19T18:19:35.000+00:00,2026-03-19,2026,March,03,Quarter 1,,,,,,,,,fname_2242092 Site Admin,4dfeb27b-2596-4629-8ce2-dfbfe150008f,False,,https://Assessment/Assessment/bcb7b417-746f-4aaa-bb47-ad661eaa3e75,Africa/Conakry,OTAuto02,b99df4a4-2bf5-4c08-9483-bd636470bc11,b99df4a4-2bf5-4c08-9483-bd636470bc11
bcb7b417-746f-4aaa-bb47-ad661eaa3e75,assessment_rejected_2242092,595,1,b1a2a529f0b5bbf9829bbd7feab5c488,In Progress,InProgress,2026-03-19T18:19:36.000+00:00,2026-03-19,2026,March,03,Quarter 1,Not Started,NotStarted,2026-03-19T18:19:35.000+00:00,2026-03-19,2026,March,03,Quarter 1,fname_2242092 Site Admin,4dfeb27b-2596-4629-8ce2-dfbfe150008f,False,1.1574074074074073e-05,https://Assessment/Assessment/bcb7b417-746f-4aaa-bb47-ad661eaa3e75,Africa/Conakry,OTAuto02,b99df4a4-2bf5-4c08-9483-bd636470bc11,b99df4a4-2bf5-4c08-9483-bd636470bc11
bcb7b417-746f-4aaa-bb47-ad661eaa3e75,assessment_rejected_2242092,595,2,bcb073222b0ae3e8e62a41535f0c72e5,Under Review,UnderReview,2026-03-19T18:19:36.000+00:00,2026-03-19,2026,March,03,Quarter 1,In Progress,InProgress,2026-03-19T18:19:36.000+00:00,2026-03-19,2026,March,03,Quarter 1,fname_2242092 Site Admin,4dfeb27b-2596-4629-8ce2-dfbfe150008f,False,0.0,https://Assessment/Assessment/bcb7b417-746f-4aaa-bb47-ad661eaa3e75,Africa/Conakry,OTAuto02,b99df4a4-2bf5-4c08-9483-bd636470bc11,b99df4a4-2bf5-4c08-9483-bd636470bc11
bcb7b417-746f-4aaa-bb47-ad661eaa3e75,assessment_rejected_2242092,595,3,99f9345a52675f488fd2b708ce757e32,Completed,Completed,2026-03-19T18:19:38.000+00:00,2026-03-19,2026,March,03,Quarter 1,Under Review,UnderReview,2026-03-19T18:19:36.000+00:00,2026-03-19,2026,March,03,Quarter 1,fname_2242092 Site Admin,4dfeb27b-2596-4629-8ce2-dfbfe150008f,True,2.3148148148148147e-05,https://Assessment/Assessment/bcb7b417-746f-4aaa-bb47-ad661eaa3e75,Africa/Conakry,OTAuto02,b99df4a4-2bf5-4c08-9483-bd636470bc11,b99df4a4-2bf5-4c08-9483-bd636470bc11
bcc34ee5-6f3c-4c9c-900c-9825149b5fba,assessment_4274531,640,0,d7b21d46a03e03190bde7013d6a6236b,Not Started,NotStarted,2026-03-19T18:31:13.000+00:00,2026-03-19,2026,March,03,Quarter 1,,,,,,,,,OneTrust Automation,79f09a0f-fbd7-4439-9e1e-d48abe62c98e,False,,https://Assessment/Assessment/bcc34ee5-6f3c-4c9c-900c-9825149b5fba,Africa/Conakry,OTAuto02,b99df4a4-2bf5-4c08-9483-bd636470bc11,b99df4a4-2bf5-4c08-9483-bd636470bc11
bcc34ee5-6f3c-4c9c-900c-9825149b5fba,assessment_4274531,640,1,e54bfaddfa1305a36ca4ce566dc08ca5,In Progress,InProgress,2026-03-19T18:31:13.000+00:00,2026-03-19,2026,March,03,Quarter 1,Not Started,NotStarted,2026-03-19T18:31:13.000+00:00,2026-03-19,2026,March,03,Quarter 1,OneTrust Automation,79f09a0f-fbd7-4439-9e1e-d48abe62c98e,False,0.0,https://Assessment/Assessment/bcc34ee5-6f3c-4c9c-900c-9825149b5fba,Africa/Conakry,OTAuto02,b99df4a4-2bf5-4c08-9483-bd636470bc11,b99df4a4-2bf5-4c08-9483-bd636470bc11
bcc34ee5-6f3c-4c9c-900c-9825149b5fba,assessment_4274531,640,2,d0a07a8de28f5f44a502935442d2ec42,Under Review,UnderReview,2026-03-19T18:31:15.000+00:00,2026-03-19,2026,March,03,Quarter 1,In Progress,InProgress,2026-03-19T18:31:13.000+00:00,2026-03-19,2026,March,03,Quarter 1,OneTrust Automation,79f09a0f-fbd7-4439-9e1e-d48abe62c98e,False,2.3148148148148147e-05,https://Assessment/Assessment/bcc34ee5-6f3c-4c9c-900c-9825149b5fba,Africa/Conakry,OTAuto02,b99df4a4-2bf5-4c08-9483-bd636470bc11,b99df4a4-2bf5-4c08-9483-bd636470bc11
bcc34ee5-6f3c-4c9c-900c-9825149b5fba,assessment_4274531,640,3,b38812a2f6dfac47824b0c7fa6f8539b,Completed,Completed,2026-03-19T18:31:15.000+00:00,2026-03-19,2026,March,03,Quarter 1,Under Review,UnderReview,2026-03-19T18:31:15.000+00:00,2026-03-19,2026,March,03,Quarter 1,OneTrust Automation,79f09a0f-fbd7-4439-9e1e-d48abe62c98e,True,0.0,https://Assessment/Assessment/bcc34ee5-6f3c-4c9c-900c-9825149b5fba,Africa/Conakry,OTAuto02,b99df4a4-2bf5-4c08-9483-bd636470bc11,b99df4a4-2bf5-4c08-9483-bd636470bc11
bcdde726-874a-4a77-8859-75506a91f243,automation_project_42831_1484371,379,0,eb232a14737bd09857ef0725e1b6ddd1,Not Started,NotStarted,2026-03-19T17:22:08.000+00:00,2026-03-19,2026,March,03,Quarter 1,,,,,,,,,OneTrust Automation,79f09a0f-fbd7-4439-9e1e-d48abe62c98e,False,,https://Assessment/Assessment/bcdde726-874a-4a77-8859-75506a91f243,Africa/Conakry,OTAuto02,b99df4a4-2bf5-4c08-9483-bd636470bc11,b99df4a4-2bf5-4c08-9483-bd636470bc11
bcdde726-874a-4a77-8859-75506a91f243,automation_project_42831_1484371,379,1,a2d45cbb0172d9fef7f9df9d9457157c,In Progress,InProgress,2026-03-19T17:23:09.000+00:00,2026-03-19,2026,March,03,Quarter 1,Not Started,NotStarted,2026-03-19T17:22:08.000+00:00,2026-03-19,2026,March,03,Quarter 1,OneTrust Automation,79f09a0f-fbd7-4439-9e1e-d48abe62c98e,False,0.0007060185185185185,https://Assessment/Assessment/bcdde726-874a-4a77-8859-75506a91f243,Africa/Conakry,OTAuto02,b99df4a4-2bf5-4c08-9483-bd636470bc11,b99df4a4-2bf5-4c08-9483-bd636470bc11
bcdde726-874a-4a77-8859-75506a91f243,automation_project_42831_1484371,379,2,eb9231108854d82f157baf980161d495,Under Review,UnderReview,2026-03-19T17:23:16.000+00:00,2026-03-19,2026,March,03,Quarter 1,In Progress,InProgress,2026-03-19T17:23:09.000+00:00,2026-03-19,2026,March,03,Quarter 1,OneTrust Automation,79f09a0f-fbd7-4439-9e1e-d48abe62c98e,False,8.101851851851852e-05,https://Assessment/Assessment/bcdde726-874a-4a77-8859-75506a91f243,Africa/Conakry,OTAuto02,b99df4a4-2bf5-4c08-9483-bd636470bc11,b99df4a4-2bf5-4c08-9483-bd636470bc11
bcdde726-874a-4a77-8859-75506a91f243,automation_project_42831_1484371,379,3,8eda4d887621b08184dec1c81d8707b1,Completed,Completed,2026-03-19T17:24:42.000+00:00,2026-03-19,2026,March,03,Quarter 1,Under Review,UnderReview,2026-03-19T17:23:16.000+00:00,2026-03-19,2026,March,03,Quarter 1,OneTrust Automation,79f09a0f-fbd7-4439-9e1e-d48abe62c98e,True,0.0009953703703703704,https://Assessment/Assessment/bcdde726-874a-4a77-8859-75506a91f243,Africa/Conakry,OTAuto02,b99df4a4-2bf5-4c08-9483-bd636470bc11,b99df4a4-2bf5-4c08-9483-bd636470bc11
bce96144-48cc-4f2e-86e0-0fbd9f416691,Automated_Assessment_5525_3702257,4326,0,ccf8d63ea39cca0186c994c14c8d57b6,Not Started,NotStarted,2026-03-26T20:57:48.000+00:00,2026-03-26,2026,March,03,Quarter 1,,,,,,,,,OneTrust Automation,79f09a0f-fbd7-4439-9e1e-d48abe62c98e,True,,https://Assessment/Assessment/bce96144-48cc-4f2e-86e0-0fbd9f416691,Africa/Conakry,OTAuto02,b99df4a4-2bf5-4c08-9483-bd636470bc11,b99df4a4-2bf5-4c08-9483-bd636470bc11
bd035f27-3756-4e99-a621-88c0dd2a8d6f,Assessment_511_6361999,1399,0,1873e7eed49f5778d84dbf2d6f0b61f4,Not Started,NotStarted,2026-03-20T00:17:36.000+00:00,2026-03-20,2026,March,03,Quarter 1,,,,,,,,,OneTrust Automation,79f09a0f-fbd7-4439-9e1e-d48abe62c98e,False,,https://Assessment/Assessment/bd035f27-3756-4e99-a621-88c0dd2a8d6f,Africa/Conakry,OTAuto02,b99df4a4-2bf5-4c08-9483-bd636470bc11,b99df4a4-2bf5-4c08-9483-bd636470bc11
bd035f27-3756-4e99-a621-88c0dd2a8d6f,Assessment_511_6361999,1399,1,0255f515c48f6c904325ac975298f95d,Under Review,UnderReview,2026-03-20T00:17:36.000+00:00,2026-03-20,2026,March,03,Quarter 1,Not Started,NotStarted,2026-03-20T00:17:36.000+00:00,2026-03-20,2026,March,03,Quarter 1,OneTrust Automation,79f09a0f-fbd7-4439-9e1e-d48abe62c98e,True,0.0,https://Assessment/Assessment/bd035f27-3756-4e99-a621-88c0dd2a8d6f,Africa/Conakry,OTAuto02,b99df4a4-2bf5-4c08-9483-bd636470bc11,b99df4a4-2bf5-4c08-9483-bd636470bc11
bd12587a-fcd7-4382-9159-0b2222c9d3fa,v_1177930 - t_1177930,1215,0,372d570c62b3144d0b584a5a6fde1f63,Not Started,NotStarted,2026-03-19T22:07:50.000+00:00,2026-03-19,2026,March,03,Quarter 1,,,,,,,,,OneTrust User,918195e3-fcf1-4950-a0df-5a0c0b998b81,True,,https://Assessment/Assessment/bd12587a-fcd7-4382-9159-0b2222c9d3fa,Africa/Conakry,OTAuto02,b99df4a4-2bf5-4c08-9483-bd636470bc11,b99df4a4-2bf5-4c08-9483-bd636470bc11
bd15f296-3500-43b1-9186-c2906f84b0f3,automation_assessment_02_4136490,4241,0,d2576f5ae3447fdb8d943828a81dabd7,Not Started,NotStarted,2026-03-26T20:36:39.000+00:00,2026-03-26,2026,March,03,Quarter 1,,,,,,,,,OneTrust Automation,79f09a0f-fbd7-4439-9e1e-d48abe62c98e,False,,https://Assessment/Assessment/bd15f296-3500-43b1-9186-c2906f84b0f3,Africa/Conakry,OTAuto02,b99df4a4-2bf5-4c08-9483-bd636470bc11,b99df4a4-2bf5-4c08-9483-bd636470bc11
bd15f296-3500-43b1-9186-c2906f84b0f3,automation_assessment_02_4136490,4241,1,9ab9cfee1a6acdc72b3544ebb51aec68,In Progress,InProgress,2026-03-26T20:36:39.000+00:00,2026-03-26,2026,March,03,Quarter 1,Not Started,NotStarted,2026-03-26T20:36:39.000+00:00,2026-03-26,2026,March,03,Quarter 1,OneTrust Automation,79f09a0f-fbd7-4439-9e1e-d48abe62c98e,False,0.0,https://Assessment/Assessment/bd15f296-3500-43b1-9186-c2906f84b0f3,Africa/Conakry,OTAuto02,b99df4a4-2bf5-4c08-9483-bd636470bc11,b99df4a4-2bf5-4c08-9483-bd636470bc11
bd15f296-3500-43b1-9186-c2906f84b0f3,automation_assessment_02_4136490,4241,2,77f48a745e9eee70d628989b4cb2a7db,Under Review,UnderReview,2026-03-26T20:36:40.000+00:00,2026-03-26,2026,March,03,Quarter 1,In Progress,InProgress,2026-03-26T20:36:39.000+00:00,2026-03-26,2026,March,03,Quarter 1,OneTrust Automation,79f09a0f-fbd7-4439-9e1e-d48abe62c98e,True,1.1574074074074073e-05,https://Assessment/Assessment/bd15f296-3500-43b1-9186-c2906f84b0f3,Africa/Conakry,OTAuto02,b99df4a4-2bf5-4c08-9483-bd636470bc11,b99df4a4-2bf5-4c08-9483-bd636470bc11
bd1e6d22-40e5-43eb-9b4f-7385eb25687a,AI_model_object_instance_5975179 - template_5975179,4947,0,012891f9d082cab668322198175119eb,Not Started,NotStarted,2026-03-27T05:04:39.000+00:00,2026-03-27,2026,March,03,Quarter 1,,,,,,,,,OneTrust Automation,79f09a0f-fbd7-4439-9e1e-d48abe62c98e,True,,https://Assessment/Assessment/bd1e6d22-40e5-43eb-9b4f-7385eb25687a,Africa/Conakry,OTAuto02,b99df4a4-2bf5-4c08-9483-bd636470bc11,b99df4a4-2bf5-4c08-9483-bd636470bc11
bd287b88-bab4-4f38-a0d5-16f408a928af,assessment_2411_1_8998665,4750,0,05c33876c455e7a1c237a9f10a44fb97,Not Started,NotStarted,2026-03-27T00:24:58.000+00:00,2026-03-27,2026,March,03,Quarter 1,,,,,,,,,OneTrust Automation,79f09a0f-fbd7-4439-9e1e-d48abe62c98e,True,,https://Assessment/Assessment/bd287b88-bab4-4f38-a0d5-16f408a928af,Africa/Conakry,OTAuto02,b99df4a4-2bf5-4c08-9483-bd636470bc11,b99df4a4-2bf5-4c08-9483-bd636470bc11
bd32028b-23a1-4437-ab3d-b25dbfe6e956,assessment_2_8663286 - Parent_Template_2_8663286,4384,0,5f70166bc04be4482dfad50820c193ac,Not Started,NotStarted,2026-03-26T21:16:36.000+00:00,2026-03-26,2026,March,03,Quarter 1,,,,,,,,,onetesttenant+invite_1234@svc.onetrust.com (External),c0b73cf4-4f70-4457-929c-9504a05d2dd2,True,,https://Assessment/Assessment/bd32028b-23a1-4437-ab3d-b25dbfe6e956,Africa/Conakry,OTAuto02,b99df4a4-2bf5-4c08-9483-bd636470bc11,b99df4a4-2bf5-4c08-9483-bd636470bc11
bd632a07-f1d7-4af6-a7bb-1a6f33c99539,Automated_Assessment_8600993,1375,0,b65500a90b7ba9a2115b8d6d9a0b7d56,Not Started,NotStarted,2026-03-20T00:01:15.000+00:00,2026-03-20,2026,March,03,Quarter 1,,,,,,,,,OneTrust Automation,79f09a0f-fbd7-4439-9e1e-d48abe62c98e,True,,https://Assessment/Assessment/bd632a07-f1d7-4af6-a7bb-1a6f33c99539,Africa/Conakry,OTAuto02,b99df4a4-2bf5-4c08-9483-bd636470bc11,b99df4a4-2bf5-4c08-9483-bd636470bc11
bd7ad569-2f69-4c22-bc1f-7a0db602e167,APIasmnt_3457866,3035,0,6c56465066478cd77026a2867c21060f,Not Started,NotStarted,2026-03-25T02:04:36.000+00:00,2026-03-25,2026,March,03,Quarter 1,,,,,,,,,OneTrust Automation,79f09a0f-fbd7-4439-9e1e-d48abe62c98e,False,,https://Assessment/Assessment/bd7ad569-2f69-4c22-bc1f-7a0db602e167,Africa/Conakry,OTAuto02,b99df4a4-2bf5-4c08-9483-bd636470bc11,b99df4a4-2bf5-4c08-9483-bd636470bc11
bd7ad569-2f69-4c22-bc1f-7a0db602e167,APIasmnt_3457866,3035,1,2126efc43080b746dee1f65d56844f35,In Progress,InProgress,2026-03-25T02:04:37.000+00:00,2026-03-25,2026,March,03,Quarter 1,Not Started,NotStarted,2026-03-25T02:04:36.000+00:00,2026-03-25,2026,March,03,Quarter 1,OneTrust Automation,79f09a0f-fbd7-4439-9e1e-d48abe62c98e,False,1.1574074074074073e-05,https://Assessment/Assessment/bd7ad569-2f69-4c22-bc1f-7a0db602e167,Africa/Conakry,OTAuto02,b99df4a4-2bf5-4c08-9483-bd636470bc11,b99df4a4-2bf5-4c08-9483-bd636470bc11
bd7ad569-2f69-4c22-bc1f-7a0db602e167,APIasmnt_3457866,3035,2,acc1eeec79a1250d19fa72a5315bcb8a,Under Review,UnderReview,2026-03-25T02:04:38.000+00:00,2026-03-25,2026,March,03,Quarter 1,In Progress,InProgress,2026-03-25T02:04:37.000+00:00,2026-03-25,2026,March,03,Quarter 1,OneTrust Automation,79f09a0f-fbd7-4439-9e1e-d48abe62c98e,True,1.1574074074074073e-05,https://Assessment/Assessment/bd7ad569-2f69-4c22-bc1f-7a0db602e167,Africa/Conakry,OTAuto02,b99df4a4-2bf5-4c08-9483-bd636470bc11,b99df4a4-2bf5-4c08-9483-bd636470bc11
bd8cbfbe-f449-4645-88c4-b060a861baaf,asset_94483_8832916,1560,0,6385485547a3490c39dfdc86febf6565,Not Started,NotStarted,2026-03-20T07:21:38.000+00:00,2026-03-20,2026,March,03,Quarter 1,,,,,,,,,OneTrust Automation,79f09a0f-fbd7-4439-9e1e-d48abe62c98e,True,,https://Assessment/Assessment/bd8cbfbe-f449-4645-88c4-b060a861baaf,Africa/Conakry,OTAuto02,b99df4a4-2bf5-4c08-9483-bd636470bc11,b99df4a4-2bf5-4c08-9483-bd636470bc11
bd901c1a-2137-4d6f-874e-8d3d11c3dcac,Assessment_Auto_1_97766_26032026,3557,0,2c816fc761bf1b8cade3723d8330dbbe,Not Started,NotStarted,2026-03-26T17:40:30.000+00:00,2026-03-26,2026,March,03,Quarter 1,,,,,,,,,OneTrust Automation,79f09a0f-fbd7-4439-9e1e-d48abe62c98e,True,,https://Assessment/Assessment/bd901c1a-2137-4d6f-874e-8d3d11c3dcac,Africa/Conakry,OTAuto02,b99df4a4-2bf5-4c08-9483-bd636470bc11,b99df4a4-2bf5-4c08-9483-bd636470bc11
bd90dddc-7f6f-4e58-8ddc-78f984187f14,Automated_Assessment_1_2378428,3223,0,f8ca73b728794b60fe95e4756207fca7,Not Started,NotStarted,2026-03-25T06:58:28.000+00:00,2026-03-25,2026,March,03,Quarter 1,,,,,,,,,privacyofficer user,aa5e22c6-dc4f-473f-8aa5-46753f07d37d,True,,https://Assessment/Assessment/bd90dddc-7f6f-4e58-8ddc-78f984187f14,Africa/Conakry,OTAuto02,b99df4a4-2bf5-4c08-9483-bd636470bc11,b99df4a4-2bf5-4c08-9483-bd636470bc11
bd9cd5b0-01ef-4117-8d96-95d4d9fab750,automation_assessment_7381841,4453,0,ec68944bc3d70b7462750f42b4cd52c2,Not Started,NotStarted,2026-03-26T21:39:06.000+00:00,2026-03-26,2026,March,03,Quarter 1,,,,,,,,,OneTrust Automation,79f09a0f-fbd7-4439-9e1e-d48abe62c98e,False,,https://Assessment/Assessment/bd9cd5b0-01ef-4117-8d96-95d4d9fab750,Africa/Conakry,OTAuto02,b99df4a4-2bf5-4c08-9483-bd636470bc11,b99df4a4-2bf5-4c08-9483-bd636470bc11
bd9cd5b0-01ef-4117-8d96-95d4d9fab750,automation_assessment_7381841,4453,1,ac7388f66d36d56402ecd515cb81b916,In Progress,InProgress,2026-03-26T21:39:15.000+00:00,2026-03-26,2026,March,03,Quarter 1,Not Started,NotStarted,2026-03-26T21:39:06.000+00:00,2026-03-26,2026,March,03,Quarter 1,OneTrust Automation,79f09a0f-fbd7-4439-9e1e-d48abe62c98e,False,0.00010416666666666667,https://Assessment/Assessment/bd9cd5b0-01ef-4117-8d96-95d4d9fab750,Africa/Conakry,OTAuto02,b99df4a4-2bf5-4c08-9483-bd636470bc11,b99df4a4-2bf5-4c08-9483-bd636470bc11
bd9cd5b0-01ef-4117-8d96-95d4d9fab750,automation_assessment_7381841,4453,2,745190aa0d23f226c978917290a381de,Under Review,UnderReview,2026-03-26T21:39:15.000+00:00,2026-03-26,2026,March,03,Quarter 1,In Progress,InProgress,2026-03-26T21:39:15.000+00:00,2026-03-26,2026,March,03,Quarter 1,OneTrust Automation,79f09a0f-fbd7-4439-9e1e-d48abe62c98e,True,0.0,https://Assessment/Assessment/bd9cd5b0-01ef-4117-8d96-95d4d9fab750,Africa/Conakry,OTAuto02,b99df4a4-2bf5-4c08-9483-bd636470bc11,b99df4a4-2bf5-4c08-9483-bd636470bc11
bdb703de-a6cf-4efe-be13-3a9564f61fb3,automated_assessment_72139_5_9971844,3153,0,2bd4f3aa132d542b00a3ab13ce015d37,Not Started,NotStarted,2026-03-25T06:02:07.000+00:00,2026-03-25,2026,March,03,Quarter 1,,,,,,,,,OneTrust Automation,79f09a0f-fbd7-4439-9e1e-d48abe62c98e,True,,https://Assessment/Assessment/bdb703de-a6cf-4efe-be13-3a9564f61fb3,Africa/Conakry,OTAuto02,b99df4a4-2bf5-4c08-9483-bd636470bc11,b99df4a4-2bf5-4c08-9483-bd636470bc11
bdd0f8a6-ead1-4057-b170-1a3d383daa75,Automated_Assessment_2798365,3545,0,b79c49672d36c6e94a1c194cfd01908b,Not Started,NotStarted,2026-03-26T17:38:57.000+00:00,2026-03-26,2026,March,03,Quarter 1,,,,,,,,,OneTrust Automation,79f09a0f-fbd7-4439-9e1e-d48abe62c98e,False,,https://Assessment/Assessment/bdd0f8a6-ead1-4057-b170-1a3d383daa75,Africa/Conakry,OTAuto02,b99df4a4-2bf5-4c08-9483-bd636470bc11,b99df4a4-2bf5-4c08-9483-bd636470bc11
bdd0f8a6-ead1-4057-b170-1a3d383daa75,Automated_Assessment_2798365,3545,1,6af572df740eaa8aea1e5a3d6e805cc4,In Progress,InProgress,2026-03-26T17:39:58.000+00:00,2026-03-26,2026,March,03,Quarter 1,Not Started,NotStarted,2026-03-26T17:38:57.000+00:00,2026-03-26,2026,March,03,Quarter 1,OneTrust Automation,79f09a0f-fbd7-4439-9e1e-d48abe62c98e,False,0.0007060185185185185,https://Assessment/Assessment/bdd0f8a6-ead1-4057-b170-1a3d383daa75,Africa/Conakry,OTAuto02,b99df4a4-2bf5-4c08-9483-bd636470bc11,b99df4a4-2bf5-4c08-9483-bd636470bc11
bdd0f8a6-ead1-4057-b170-1a3d383daa75,Automated_Assessment_2798365,3545,2,77666f1de8519e70fca127c5fcaee547,Under Review,UnderReview,2026-03-26T17:41:28.000+00:00,2026-03-26,2026,March,03,Quarter 1,In Progress,InProgress,2026-03-26T17:39:58.000+00:00,2026-03-26,2026,March,03,Quarter 1,OneTrust Automation,79f09a0f-fbd7-4439-9e1e-d48abe62c98e,True,0.0010416666666666667,https://Assessment/Assessment/bdd0f8a6-ead1-4057-b170-1a3d383daa75,Africa/Conakry,OTAuto02,b99df4a4-2bf5-4c08-9483-bd636470bc11,b99df4a4-2bf5-4c08-9483-bd636470bc11
bdf727dd-2ce0-49c7-8b4a-e285b3d1a311,Automated_Assessment_9723777,3419,0,30024d7f171acd469e3e6325392a7cc0,Not Started,NotStarted,2026-03-26T05:34:58.000+00:00,2026-03-26,2026,March,03,Quarter 1,,,,,,,,,OneTrust Automation,79f09a0f-fbd7-4439-9e1e-d48abe62c98e,False,,https://Assessment/Assessment/bdf727dd-2ce0-49c7-8b4a-e285b3d1a311,Africa/Conakry,OTAuto02,b99df4a4-2bf5-4c08-9483-bd636470bc11,b99df4a4-2bf5-4c08-9483-bd636470bc11
bdf727dd-2ce0-49c7-8b4a-e285b3d1a311,Automated_Assessment_9723777,3419,1,efa70fadb743cdbe03cba696a04a5f18,In Progress,InProgress,2026-03-26T05:34:58.000+00:00,2026-03-26,2026,March,03,Quarter 1,Not Started,NotStarted,2026-03-26T05:34:58.000+00:00,2026-03-26,2026,March,03,Quarter 1,OneTrust Automation,79f09a0f-fbd7-4439-9e1e-d48abe62c98e,False,0.0,https://Assessment/Assessment/bdf727dd-2ce0-49c7-8b4a-e285b3d1a311,Africa/Conakry,OTAuto02,b99df4a4-2bf5-4c08-9483-bd636470bc11,b99df4a4-2bf5-4c08-9483-bd636470bc11
bdf727dd-2ce0-49c7-8b4a-e285b3d1a311,Automated_Assessment_9723777,3419,2,4acc2a01418c72ffc8d3321bc66bfce5,Under Review,UnderReview,2026-03-26T05:34:58.000+00:00,2026-03-26,2026,March,03,Quarter 1,In Progress,InProgress,2026-03-26T05:34:58.000+00:00,2026-03-26,2026,March,03,Quarter 1,OneTrust Automation,79f09a0f-fbd7-4439-9e1e-d48abe62c98e,False,0.0,https://Assessment/Assessment/bdf727dd-2ce0-49c7-8b4a-e285b3d1a311,Africa/Conakry,OTAuto02,b99df4a4-2bf5-4c08-9483-bd636470bc11,b99df4a4-2bf5-4c08-9483-bd636470bc11
bdf727dd-2ce0-49c7-8b4a-e285b3d1a311,Automated_Assessment_9723777,3419,3,bd7b869b556db2d1cd83b92e1310f2ad,Completed,Completed,2026-03-26T05:35:04.000+00:00,2026-03-26,2026,March,03,Quarter 1,Under Review,UnderReview,2026-03-26T05:34:58.000+00:00,2026-03-26,2026,March,03,Quarter 1,OneTrust Automation,79f09a0f-fbd7-4439-9e1e-d48abe62c98e,True,6.944444444444444e-05,https://Assessment/Assessment/bdf727dd-2ce0-49c7-8b4a-e285b3d1a311,Africa/Conakry,OTAuto02,b99df4a4-2bf5-4c08-9483-bd636470bc11,b99df4a4-2bf5-4c08-9483-bd636470bc11
be2bb680-392b-4eff-981e-ca14d5491762,AI_dataset_instance_1628_1_3327034 - template_instance_20462_2423239,4986,0,db05b172b710821085ce42927db5f07b,Not Started,NotStarted,2026-03-27T08:08:42.000+00:00,2026-03-27,2026,March,03,Quarter 1,,,,,,,,,OneTrust User,918195e3-fcf1-4950-a0df-5a0c0b998b81,True,,https://Assessment/Assessment/be2bb680-392b-4eff-981e-ca14d5491762,Africa/Conakry,OTAuto02,b99df4a4-2bf5-4c08-9483-bd636470bc11,b99df4a4-2bf5-4c08-9483-bd636470bc11
be71e3d5-4db6-4040-8413-1e1bab8d4a51,automation_project_33958_9156063,2650,0,d644e5d9bb09ad5450785b224e979055,Not Started,NotStarted,2026-03-24T21:45:31.000+00:00,2026-03-24,2026,March,03,Quarter 1,,,,,,,,,OneTrust Automation,79f09a0f-fbd7-4439-9e1e-d48abe62c98e,False,,https://Assessment/Assessment/be71e3d5-4db6-4040-8413-1e1bab8d4a51,Africa/Conakry,OTAuto02,b99df4a4-2bf5-4c08-9483-bd636470bc11,b99df4a4-2bf5-4c08-9483-bd636470bc11
be71e3d5-4db6-4040-8413-1e1bab8d4a51,automation_project_33958_9156063,2650,1,9cfb309ca9afb571d9150d2324e23984,Under Review,UnderReview,2026-03-24T21:45:32.000+00:00,2026-03-24,2026,March,03,Quarter 1,Not Started,NotStarted,2026-03-24T21:45:31.000+00:00,2026-03-24,2026,March,03,Quarter 1,OneTrust Automation,79f09a0f-fbd7-4439-9e1e-d48abe62c98e,True,1.1574074074074073e-05,https://Assessment/Assessment/be71e3d5-4db6-4040-8413-1e1bab8d4a51,Africa/Conakry,OTAuto02,b99df4a4-2bf5-4c08-9483-bd636470bc11,b99df4a4-2bf5-4c08-9483-bd636470bc11
bec1807c-d254-4ca8-873a-0ff953cf5d42,SSPAssessment_60_3568371,4962,0,3b739a4c3eedf483b93f52742620e7f7,Not Started,NotStarted,2026-03-27T05:32:30.000+00:00,2026-03-27,2026,March,03,Quarter 1,,,,,,,,,OneTrust Automation,79f09a0f-fbd7-4439-9e1e-d48abe62c98e,False,,https://Assessment/Assessment/bec1807c-d254-4ca8-873a-0ff953cf5d42,Africa/Conakry,OTAuto02,b99df4a4-2bf5-4c08-9483-bd636470bc11,b99df4a4-2bf5-4c08-9483-bd636470bc11
bec1807c-d254-4ca8-873a-0ff953cf5d42,SSPAssessment_60_3568371,4962,1,8ab4bfc90c98f867ee8c866dce1b5a29,Under Review,UnderReview,2026-03-27T05:32:39.000+00:00,2026-03-27,2026,March,03,Quarter 1,Not Started,NotStarted,2026-03-27T05:32:30.000+00:00,2026-03-27,2026,March,03,Quarter 1,OneTrust Automation,79f09a0f-fbd7-4439-9e1e-d48abe62c98e,True,0.00010416666666666667,https://Assessment/Assessment/bec1807c-d254-4ca8-873a-0ff953cf5d42,Africa/Conakry,OTAuto02,b99df4a4-2bf5-4c08-9483-bd636470bc11,b99df4a4-2bf5-4c08-9483-bd636470bc11
bed03489-c10f-49b1-9a3a-b1dec0e760b0,Automated_Assessment_5525_7189374,2144,0,aaf81941af19252105a04fbaef7aaa75,Not Started,NotStarted,2026-03-24T19:24:52.000+00:00,2026-03-24,2026,March,03,Quarter 1,,,,,,,,,OneTrust Automation,79f09a0f-fbd7-4439-9e1e-d48abe62c98e,True,,https://Assessment/Assessment/bed03489-c10f-49b1-9a3a-b1dec0e760b0,Africa/Conakry,OTAuto02,b99df4a4-2bf5-4c08-9483-bd636470bc11,b99df4a4-2bf5-4c08-9483-bd636470bc11
bf06d926-9cca-4435-a5a9-0dc28334e069,automated_controlName_Single_Primary_1_3459115,3992,0,df8f156b133ea40af0c66954a4e21ddc,Not Started,NotStarted,2026-03-26T19:30:56.000+00:00,2026-03-26,2026,March,03,Quarter 1,,,,,,,,,OneTrust Automation,79f09a0f-fbd7-4439-9e1e-d48abe62c98e,True,,https://Assessment/Assessment/bf06d926-9cca-4435-a5a9-0dc28334e069,Africa/Conakry,OTAuto02,b99df4a4-2bf5-4c08-9483-bd636470bc11,b99df4a4-2bf5-4c08-9483-bd636470bc11
bf0bbd69-bfa1-44fc-884b-3abee307c79d,Automated_Assessment_118114 - Template_1_118114,3609,0,aa05356fe05292ea77f14959be164b02,Not Started,NotStarted,2026-03-26T17:53:33.000+00:00,2026-03-26,2026,March,03,Quarter 1,,,,,,,,,onettenant+62987_118114@svc.onetrust.com (External),42ad578c-e4ab-4df5-a821-dc2c3c84024d,True,,https://Assessment/Assessment/bf0bbd69-bfa1-44fc-884b-3abee307c79d,Africa/Conakry,OTAuto02,b99df4a4-2bf5-4c08-9483-bd636470bc11,b99df4a4-2bf5-4c08-9483-bd636470bc11
bf22c394-eadc-4466-b6f4-e65849278355,Automated_Assessment_53871_5227689 - Template_5227689,2170,0,cf699d930bc2f4b9b6c9d46cc75333d6,Not Started,NotStarted,2026-03-24T19:31:34.000+00:00,2026-03-24,2026,March,03,Quarter 1,,,,,,,,,OneTrust Automation,79f09a0f-fbd7-4439-9e1e-d48abe62c98e,True,,https://Assessment/Assessment/bf22c394-eadc-4466-b6f4-e65849278355,Africa/Conakry,OTAuto02,b99df4a4-2bf5-4c08-9483-bd636470bc11,b99df4a4-2bf5-4c08-9483-bd636470bc11
bf28e62a-6ef4-482a-9e3e-2430129c383f,automated_assessment_40201_322878,464,0,79857f1938869c8c48e409458780e935,Not Started,NotStarted,2026-03-19T17:43:03.000+00:00,2026-03-19,2026,March,03,Quarter 1,,,,,,,,,OneTrust Automation,79f09a0f-fbd7-4439-9e1e-d48abe62c98e,False,,https://Assessment/Assessment/bf28e62a-6ef4-482a-9e3e-2430129c383f,Africa/Conakry,OTAuto02,b99df4a4-2bf5-4c08-9483-bd636470bc11,b99df4a4-2bf5-4c08-9483-bd636470bc11
bf28e62a-6ef4-482a-9e3e-2430129c383f,automated_assessment_40201_322878,464,1,0c8f29bc9e6c605b8107acf15e3612b7,In Progress,InProgress,2026-03-19T17:43:04.000+00:00,2026-03-19,2026,March,03,Quarter 1,Not Started,NotStarted,2026-03-19T17:43:03.000+00:00,2026-03-19,2026,March,03,Quarter 1,OneTrust Automation,79f09a0f-fbd7-4439-9e1e-d48abe62c98e,False,1.1574074074074073e-05,https://Assessment/Assessment/bf28e62a-6ef4-482a-9e3e-2430129c383f,Africa/Conakry,OTAuto02,b99df4a4-2bf5-4c08-9483-bd636470bc11,b99df4a4-2bf5-4c08-9483-bd636470bc11
bf28e62a-6ef4-482a-9e3e-2430129c383f,automated_assessment_40201_322878,464,2,f8b1f0c0231a9a734d151760fed51ea2,Under Review,UnderReview,2026-03-19T17:43:04.000+00:00,2026-03-19,2026,March,03,Quarter 1,In Progress,InProgress,2026-03-19T17:43:04.000+00:00,2026-03-19,2026,March,03,Quarter 1,OneTrust Automation,79f09a0f-fbd7-4439-9e1e-d48abe62c98e,False,0.0,https://Assessment/Assessment/bf28e62a-6ef4-482a-9e3e-2430129c383f,Africa/Conakry,OTAuto02,b99df4a4-2bf5-4c08-9483-bd636470bc11,b99df4a4-2bf5-4c08-9483-bd636470bc11
bf28e62a-6ef4-482a-9e3e-2430129c383f,automated_assessment_40201_322878,464,3,e009f64d343ba546b5e3ee87b8d019ae,Completed,Completed,2026-03-19T17:46:07.000+00:00,2026-03-19,2026,March,03,Quarter 1,Under Review,UnderReview,2026-03-19T17:43:04.000+00:00,2026-03-19,2026,March,03,Quarter 1,OneTrust Automation,79f09a0f-fbd7-4439-9e1e-d48abe62c98e,True,0.0021180555555555558,https://Assessment/Assessment/bf28e62a-6ef4-482a-9e3e-2430129c383f,Africa/Conakry,OTAuto02,b99df4a4-2bf5-4c08-9483-bd636470bc11,b99df4a4-2bf5-4c08-9483-bd636470bc11
bf43e9d2-da00-43dc-92c4-32edbb676f19,v_8924918 - wf_template_8924918,3048,0,d5424c3ba78ede4c3d319a4a0ef50dce,Not Started,NotStarted,2026-03-25T02:13:41.000+00:00,2026-03-25,2026,March,03,Quarter 1,,,,,,,,,OneTrust User,918195e3-fcf1-4950-a0df-5a0c0b998b81,True,,https://Assessment/Assessment/bf43e9d2-da00-43dc-92c4-32edbb676f19,Africa/Conakry,OTAuto02,b99df4a4-2bf5-4c08-9483-bd636470bc11,b99df4a4-2bf5-4c08-9483-bd636470bc11
bf53276a-bfa3-4847-aebb-bf413da9027b,processing-activities_41163_3150192,4186,0,b6b04ede9c1ffbae4dc40c1f7d309b91,Not Started,NotStarted,2026-03-26T20:16:45.000+00:00,2026-03-26,2026,March,03,Quarter 1,,,,,,,,,privacyofficer user,aa5e22c6-dc4f-473f-8aa5-46753f07d37d,False,,https://Assessment/Assessment/bf53276a-bfa3-4847-aebb-bf413da9027b,Africa/Conakry,OTAuto02,b99df4a4-2bf5-4c08-9483-bd636470bc11,b99df4a4-2bf5-4c08-9483-bd636470bc11
bf53276a-bfa3-4847-aebb-bf413da9027b,processing-activities_41163_3150192,4186,1,142bb4380b68eb33a8a398ca8141c82c,In Progress,InProgress,2026-03-26T20:16:46.000+00:00,2026-03-26,2026,March,03,Quarter 1,Not Started,NotStarted,2026-03-26T20:16:45.000+00:00,2026-03-26,2026,March,03,Quarter 1,privacyofficer user,aa5e22c6-dc4f-473f-8aa5-46753f07d37d,False,1.1574074074074073e-05,https://Assessment/Assessment/bf53276a-bfa3-4847-aebb-bf413da9027b,Africa/Conakry,OTAuto02,b99df4a4-2bf5-4c08-9483-bd636470bc11,b99df4a4-2bf5-4c08-9483-bd636470bc11
bf53276a-bfa3-4847-aebb-bf413da9027b,processing-activities_41163_3150192,4186,2,a501e84003852654e63c2153790848f8,Under Review,UnderReview,2026-03-26T20:16:47.000+00:00,2026-03-26,2026,March,03,Quarter 1,In Progress,InProgress,2026-03-26T20:16:46.000+00:00,2026-03-26,2026,March,03,Quarter 1,privacyofficer user,aa5e22c6-dc4f-473f-8aa5-46753f07d37d,True,1.1574074074074073e-05,https://Assessment/Assessment/bf53276a-bfa3-4847-aebb-bf413da9027b,Africa/Conakry,OTAuto02,b99df4a4-2bf5-4c08-9483-bd636470bc11,b99df4a4-2bf5-4c08-9483-bd636470bc11
bf6b3f96-eef3-4465-ac70-f03beffd38b9,Assessment_1597_6852740,1221,0,acba6641c2d3d47bfceb3599255cc04f,Not Started,NotStarted,2026-03-19T22:13:47.000+00:00,2026-03-19,2026,March,03,Quarter 1,,,,,,,,,OneTrust Automation,79f09a0f-fbd7-4439-9e1e-d48abe62c98e,False,,https://Assessment/Assessment/bf6b3f96-eef3-4465-ac70-f03beffd38b9,Africa/Conakry,OTAuto02,b99df4a4-2bf5-4c08-9483-bd636470bc11,b99df4a4-2bf5-4c08-9483-bd636470bc11
bf6b3f96-eef3-4465-ac70-f03beffd38b9,Assessment_1597_6852740,1221,1,0ce3409c26219d240edcd23665f2ca77,In Progress,InProgress,2026-03-19T22:13:49.000+00:00,2026-03-19,2026,March,03,Quarter 1,Not Started,NotStarted,2026-03-19T22:13:47.000+00:00,2026-03-19,2026,March,03,Quarter 1,OneTrust Automation,79f09a0f-fbd7-4439-9e1e-d48abe62c98e,False,2.3148148148148147e-05,https://Assessment/Assessment/bf6b3f96-eef3-4465-ac70-f03beffd38b9,Africa/Conakry,OTAuto02,b99df4a4-2bf5-4c08-9483-bd636470bc11,b99df4a4-2bf5-4c08-9483-bd636470bc11
bf6b3f96-eef3-4465-ac70-f03beffd38b9,Assessment_1597_6852740,1221,2,83e957cf1db398245a7b54321f3a6a18,Under Review,UnderReview,2026-03-19T22:13:50.000+00:00,2026-03-19,2026,March,03,Quarter 1,In Progress,InProgress,2026-03-19T22:13:49.000+00:00,2026-03-19,2026,March,03,Quarter 1,OneTrust Automation,79f09a0f-fbd7-4439-9e1e-d48abe62c98e,False,1.1574074074074073e-05,https://Assessment/Assessment/bf6b3f96-eef3-4465-ac70-f03beffd38b9,Africa/Conakry,OTAuto02,b99df4a4-2bf5-4c08-9483-bd636470bc11,b99df4a4-2bf5-4c08-9483-bd636470bc11
bf6b3f96-eef3-4465-ac70-f03beffd38b9,Assessment_1597_6852740,1221,3,2700c3dee4541a37a226b231904f759e,Completed,Completed,2026-03-19T22:13:51.000+00:00,2026-03-19,2026,March,03,Quarter 1,Under Review,UnderReview,2026-03-19T22:13:50.000+00:00,2026-03-19,2026,March,03,Quarter 1,OneTrust Automation,79f09a0f-fbd7-4439-9e1e-d48abe62c98e,True,1.1574074074074073e-05,https://Assessment/Assessment/bf6b3f96-eef3-4465-ac70-f03beffd38b9,Africa/Conakry,OTAuto02,b99df4a4-2bf5-4c08-9483-bd636470bc11,b99df4a4-2bf5-4c08-9483-bd636470bc11
bf71e3b0-8ac1-4bba-85d9-2a253ad575f4,assessment_9641541,1258,0,e0c719e0a5b1636b5093c53ccdaecf59,Not Started,NotStarted,2026-03-19T22:40:57.000+00:00,2026-03-19,2026,March,03,Quarter 1,,,,,,,,,OneTrust Automation,79f09a0f-fbd7-4439-9e1e-d48abe62c98e,False,,https://Assessment/Assessment/bf71e3b0-8ac1-4bba-85d9-2a253ad575f4,Africa/Conakry,OTAuto02,b99df4a4-2bf5-4c08-9483-bd636470bc11,b99df4a4-2bf5-4c08-9483-bd636470bc11
bf71e3b0-8ac1-4bba-85d9-2a253ad575f4,assessment_9641541,1258,1,58a00ef05d5a07bdd8427c510fe0559b,Under Review,UnderReview,2026-03-19T22:46:00.000+00:00,2026-03-19,2026,March,03,Quarter 1,Not Started,NotStarted,2026-03-19T22:40:57.000+00:00,2026-03-19,2026,March,03,Quarter 1,OneTrust Automation,79f09a0f-fbd7-4439-9e1e-d48abe62c98e,False,0.0035069444444444445,https://Assessment/Assessment/bf71e3b0-8ac1-4bba-85d9-2a253ad575f4,Africa/Conakry,OTAuto02,b99df4a4-2bf5-4c08-9483-bd636470bc11,b99df4a4-2bf5-4c08-9483-bd636470bc11
bf71e3b0-8ac1-4bba-85d9-2a253ad575f4,assessment_9641541,1258,2,e6b9128c8108271f713488d2b17ef059,Completed,Completed,2026-03-19T22:46:42.000+00:00,2026-03-19,2026,March,03,Quarter 1,Under Review,UnderReview,2026-03-19T22:46:00.000+00:00,2026-03-19,2026,March,03,Quarter 1,OneTrust Automation,79f09a0f-fbd7-4439-9e1e-d48abe62c98e,True,0.0004861111111111111,https://Assessment/Assessment/bf71e3b0-8ac1-4bba-85d9-2a253ad575f4,Africa/Conakry,OTAuto02,b99df4a4-2bf5-4c08-9483-bd636470bc11,b99df4a4-2bf5-4c08-9483-bd636470bc11
bf97b6b3-f332-4437-84de-877c63543c91,Automated_Assessment_528244,1982,0,e9d7c2175c0eb7f39017297663f5fe2a,Not Started,NotStarted,2026-03-24T18:38:24.000+00:00,2026-03-24,2026,March,03,Quarter 1,,,,,,,,,OneTrust Automation,79f09a0f-fbd7-4439-9e1e-d48abe62c98e,True,,https://Assessment/Assessment/bf97b6b3-f332-4437-84de-877c63543c91,Africa/Conakry,OTAuto02,b99df4a4-2bf5-4c08-9483-bd636470bc11,b99df4a4-2bf5-4c08-9483-bd636470bc11
bf9e13d0-fe64-41d2-81e5-47c79ead7fd0,APIasmnt_8458874,3033,0,1e982655d7231a5ba3e624d3955713b7,Not Started,NotStarted,2026-03-25T02:02:15.000+00:00,2026-03-25,2026,March,03,Quarter 1,,,,,,,,,OneTrust Automation,79f09a0f-fbd7-4439-9e1e-d48abe62c98e,True,,https://Assessment/Assessment/bf9e13d0-fe64-41d2-81e5-47c79ead7fd0,Africa/Conakry,OTAuto02,b99df4a4-2bf5-4c08-9483-bd636470bc11,b99df4a4-2bf5-4c08-9483-bd636470bc11
bfa4e834-01a3-4e19-9af6-c4bb7fa8889f,project_instance_1639671 - template_1639671,1544,0,40203ee5308100f4a1ca669c9872909f,Not Started,NotStarted,2026-03-20T06:21:21.000+00:00,2026-03-20,2026,March,03,Quarter 1,,,,,,,,,OneTrust Automation,79f09a0f-fbd7-4439-9e1e-d48abe62c98e,True,,https://Assessment/Assessment/bfa4e834-01a3-4e19-9af6-c4bb7fa8889f,Africa/Conakry,OTAuto02,b99df4a4-2bf5-4c08-9483-bd636470bc11,b99df4a4-2bf5-4c08-9483-bd636470bc11
bfadef63-b559-4eb8-8ea5-35696039b3be,Automated_Assessment_5420202,3902,0,6d38520ec62983364e1f593167aeeebc,Not Started,NotStarted,2026-03-26T19:09:12.000+00:00,2026-03-26,2026,March,03,Quarter 1,,,,,,,,,OneTrust Automation,79f09a0f-fbd7-4439-9e1e-d48abe62c98e,False,,https://Assessment/Assessment/bfadef63-b559-4eb8-8ea5-35696039b3be,Africa/Conakry,OTAuto02,b99df4a4-2bf5-4c08-9483-bd636470bc11,b99df4a4-2bf5-4c08-9483-bd636470bc11
bfadef63-b559-4eb8-8ea5-35696039b3be,Automated_Assessment_5420202,3902,1,5e75d67a38964d074db87a52434ae842,In Progress,InProgress,2026-03-26T19:09:14.000+00:00,2026-03-26,2026,March,03,Quarter 1,Not Started,NotStarted,2026-03-26T19:09:12.000+00:00,2026-03-26,2026,March,03,Quarter 1,OneTrust Automation,79f09a0f-fbd7-4439-9e1e-d48abe62c98e,True,2.3148148148148147e-05,https://Assessment/Assessment/bfadef63-b559-4eb8-8ea5-35696039b3be,Africa/Conakry,OTAuto02,b99df4a4-2bf5-4c08-9483-bd636470bc11,b99df4a4-2bf5-4c08-9483-bd636470bc11
bfc8085f-d803-489c-957f-3851eaee18d8,automation_assessment_TCT_7623_19032026,155,0,ae17e14ec7f82094335c02923d686c12,Not Started,NotStarted,2026-03-19T16:39:49.000+00:00,2026-03-19,2026,March,03,Quarter 1,,,,,,,,,OneTrust Automation,79f09a0f-fbd7-4439-9e1e-d48abe62c98e,False,,https://Assessment/Assessment/bfc8085f-d803-489c-957f-3851eaee18d8,Africa/Conakry,OTAuto02,b99df4a4-2bf5-4c08-9483-bd636470bc11,b99df4a4-2bf5-4c08-9483-bd636470bc11
bfc8085f-d803-489c-957f-3851eaee18d8,automation_assessment_TCT_7623_19032026,155,1,f7f7f7831aadee0f3fb3c00ba094d49a,In Progress,InProgress,2026-03-19T16:41:57.000+00:00,2026-03-19,2026,March,03,Quarter 1,Not Started,NotStarted,2026-03-19T16:39:49.000+00:00,2026-03-19,2026,March,03,Quarter 1,OneTrust Automation,79f09a0f-fbd7-4439-9e1e-d48abe62c98e,False,0.0014814814814814814,https://Assessment/Assessment/bfc8085f-d803-489c-957f-3851eaee18d8,Africa/Conakry,OTAuto02,b99df4a4-2bf5-4c08-9483-bd636470bc11,b99df4a4-2bf5-4c08-9483-bd636470bc11
bfc8085f-d803-489c-957f-3851eaee18d8,automation_assessment_TCT_7623_19032026,155,2,a7838329dc2d45dfead9547cb01acb1c,Under Review,UnderReview,2026-03-19T16:42:41.000+00:00,2026-03-19,2026,March,03,Quarter 1,In Progress,InProgress,2026-03-19T16:41:57.000+00:00,2026-03-19,2026,March,03,Quarter 1,OneTrust Automation,79f09a0f-fbd7-4439-9e1e-d48abe62c98e,True,0.0005092592592592592,https://Assessment/Assessment/bfc8085f-d803-489c-957f-3851eaee18d8,Africa/Conakry,OTAuto02,b99df4a4-2bf5-4c08-9483-bd636470bc11,b99df4a4-2bf5-4c08-9483-bd636470bc11
bffa48d4-b9f4-4986-b9ea-89b8b09089df,automated_assessment_40683_469415,4597,0,baa9bfa177559a4239150d594905b1b8,Not Started,NotStarted,2026-03-26T22:20:11.000+00:00,2026-03-26,2026,March,03,Quarter 1,,,,,,,,,OneTrust Automation,79f09a0f-fbd7-4439-9e1e-d48abe62c98e,True,,https://Assessment/Assessment/bffa48d4-b9f4-4986-b9ea-89b8b09089df,Africa/Conakry,OTAuto02,b99df4a4-2bf5-4c08-9483-bd636470bc11,b99df4a4-2bf5-4c08-9483-bd636470bc11
c02d4940-9c8b-4f94-8300-92e8293d5001,Assessment_4290797,3230,0,f91937f1e889becf68b26eee13ffbfbd,Not Started,NotStarted,2026-03-25T07:02:09.000+00:00,2026-03-25,2026,March,03,Quarter 1,,,,,,,,,OneTrust Automation,79f09a0f-fbd7-4439-9e1e-d48abe62c98e,False,,https://Assessment/Assessment/c02d4940-9c8b-4f94-8300-92e8293d5001,Africa/Conakry,OTAuto02,b99df4a4-2bf5-4c08-9483-bd636470bc11,b99df4a4-2bf5-4c08-9483-bd636470bc11
c02d4940-9c8b-4f94-8300-92e8293d5001,Assessment_4290797,3230,1,2c9fd50f95041e629368fc718ada394d,In Progress,InProgress,2026-03-25T07:04:24.000+00:00,2026-03-25,2026,March,03,Quarter 1,Not Started,NotStarted,2026-03-25T07:02:09.000+00:00,2026-03-25,2026,March,03,Quarter 1,OneTrust Automation,79f09a0f-fbd7-4439-9e1e-d48abe62c98e,True,0.0015625,https://Assessment/Assessment/c02d4940-9c8b-4f94-8300-92e8293d5001,Africa/Conakry,OTAuto02,b99df4a4-2bf5-4c08-9483-bd636470bc11,b99df4a4-2bf5-4c08-9483-bd636470bc11
c0485b64-f4a4-4546-87d8-0eb68bf816a9,automated_assessment_72139_2_9971844,3150,0,9830fd1b19a5715040f302d57e8246ca,Not Started,NotStarted,2026-03-25T06:02:02.000+00:00,2026-03-25,2026,March,03,Quarter 1,,,,,,,,,OneTrust Automation,79f09a0f-fbd7-4439-9e1e-d48abe62c98e,True,,https://Assessment/Assessment/c0485b64-f4a4-4546-87d8-0eb68bf816a9,Africa/Conakry,OTAuto02,b99df4a4-2bf5-4c08-9483-bd636470bc11,b99df4a4-2bf5-4c08-9483-bd636470bc11
c04afef1-8681-451c-98cb-f0a47a9a9e7d,Assessment_For_On_submission_8238362,4523,0,857f06826fe4bfa18de69f0115447cf8,Not Started,NotStarted,2026-03-26T22:01:38.000+00:00,2026-03-26,2026,March,03,Quarter 1,,,,,,,,,OneTrust Automation,79f09a0f-fbd7-4439-9e1e-d48abe62c98e,True,,https://Assessment/Assessment/c04afef1-8681-451c-98cb-f0a47a9a9e7d,Africa/Conakry,OTAuto02,b99df4a4-2bf5-4c08-9483-bd636470bc11,b99df4a4-2bf5-4c08-9483-bd636470bc11
c0521834-7a5f-4660-8893-f6da9c55e1de,automation2_assessment_60537_19032026,273,0,2901a2f32e7298a5b86e146d5c622c54,Not Started,NotStarted,2026-03-19T16:59:38.000+00:00,2026-03-19,2026,March,03,Quarter 1,,,,,,,,,OneTrust Automation,79f09a0f-fbd7-4439-9e1e-d48abe62c98e,False,,https://Assessment/Assessment/c0521834-7a5f-4660-8893-f6da9c55e1de,Africa/Conakry,OTAuto02,b99df4a4-2bf5-4c08-9483-bd636470bc11,b99df4a4-2bf5-4c08-9483-bd636470bc11
c0521834-7a5f-4660-8893-f6da9c55e1de,automation2_assessment_60537_19032026,273,1,f5290a3024c9275be0aff8276f1ff682,In Progress,InProgress,2026-03-19T17:00:32.000+00:00,2026-03-19,2026,March,03,Quarter 1,Not Started,NotStarted,2026-03-19T16:59:38.000+00:00,2026-03-19,2026,March,03,Quarter 1,OneTrust Automation,79f09a0f-fbd7-4439-9e1e-d48abe62c98e,False,0.000625,https://Assessment/Assessment/c0521834-7a5f-4660-8893-f6da9c55e1de,Africa/Conakry,OTAuto02,b99df4a4-2bf5-4c08-9483-bd636470bc11,b99df4a4-2bf5-4c08-9483-bd636470bc11
c0521834-7a5f-4660-8893-f6da9c55e1de,automation2_assessment_60537_19032026,273,2,10793498ca442d71c43de205e7dcda69,Under Review,UnderReview,2026-03-19T17:00:48.000+00:00,2026-03-19,2026,March,03,Quarter 1,In Progress,InProgress,2026-03-19T17:00:32.000+00:00,2026-03-19,2026,March,03,Quarter 1,OneTrust Automation,79f09a0f-fbd7-4439-9e1e-d48abe62c98e,False,0.00018518518518518518,https://Assessment/Assessment/c0521834-7a5f-4660-8893-f6da9c55e1de,Africa/Conakry,OTAuto02,b99df4a4-2bf5-4c08-9483-bd636470bc11,b99df4a4-2bf5-4c08-9483-bd636470bc11
c0521834-7a5f-4660-8893-f6da9c55e1de,automation2_assessment_60537_19032026,273,3,64fdd56419eb013135e9055cb7d988bc,Completed,Completed,2026-03-19T17:01:37.000+00:00,2026-03-19,2026,March,03,Quarter 1,Under Review,UnderReview,2026-03-19T17:00:48.000+00:00,2026-03-19,2026,March,03,Quarter 1,OneTrust Automation,79f09a0f-fbd7-4439-9e1e-d48abe62c98e,True,0.0005671296296296297,https://Assessment/Assessment/c0521834-7a5f-4660-8893-f6da9c55e1de,Africa/Conakry,OTAuto02,b99df4a4-2bf5-4c08-9483-bd636470bc11,b99df4a4-2bf5-4c08-9483-bd636470bc11
c0b5c758-ed6f-4aed-97a2-480ce83bbfd3,Vendor1_2953109 - automation_template_2953109,1304,0,0372612d1009bb2e4e9203848f565562,Not Started,NotStarted,2026-03-19T23:12:09.000+00:00,2026-03-19,2026,March,03,Quarter 1,,,,,,,,,OneTrust User,918195e3-fcf1-4950-a0df-5a0c0b998b81,True,,https://Assessment/Assessment/c0b5c758-ed6f-4aed-97a2-480ce83bbfd3,Africa/Conakry,OTAuto02,b99df4a4-2bf5-4c08-9483-bd636470bc11,b99df4a4-2bf5-4c08-9483-bd636470bc11
c0bb66e5-f90d-4dd1-bcfb-80cf096bc882,Assessment_name_1935079,3067,0,f94f9782e7a39e26b1f47f6d74cca0c1,Not Started,NotStarted,2026-03-25T02:38:33.000+00:00,2026-03-25,2026,March,03,Quarter 1,,,,,,,,,OneTrust Automation,79f09a0f-fbd7-4439-9e1e-d48abe62c98e,False,,https://Assessment/Assessment/c0bb66e5-f90d-4dd1-bcfb-80cf096bc882,Africa/Conakry,OTAuto02,b99df4a4-2bf5-4c08-9483-bd636470bc11,b99df4a4-2bf5-4c08-9483-bd636470bc11
c0bb66e5-f90d-4dd1-bcfb-80cf096bc882,Assessment_name_1935079,3067,1,158fbb12e380121801d4606ec23d47a2,In Progress,InProgress,2026-03-25T02:40:19.000+00:00,2026-03-25,2026,March,03,Quarter 1,Not Started,NotStarted,2026-03-25T02:38:33.000+00:00,2026-03-25,2026,March,03,Quarter 1,OneTrust Automation,79f09a0f-fbd7-4439-9e1e-d48abe62c98e,False,0.0012268518518518518,https://Assessment/Assessment/c0bb66e5-f90d-4dd1-bcfb-80cf096bc882,Africa/Conakry,OTAuto02,b99df4a4-2bf5-4c08-9483-bd636470bc11,b99df4a4-2bf5-4c08-9483-bd636470bc11
c0bb66e5-f90d-4dd1-bcfb-80cf096bc882,Assessment_name_1935079,3067,2,5610f8b02b704806c4838e6f7d47cf12,Under Review,UnderReview,2026-03-25T02:41:51.000+00:00,2026-03-25,2026,March,03,Quarter 1,In Progress,InProgress,2026-03-25T02:40:19.000+00:00,2026-03-25,2026,March,03,Quarter 1,OneTrust Automation,79f09a0f-fbd7-4439-9e1e-d48abe62c98e,True,0.0010648148148148149,https://Assessment/Assessment/c0bb66e5-f90d-4dd1-bcfb-80cf096bc882,Africa/Conakry,OTAuto02,b99df4a4-2bf5-4c08-9483-bd636470bc11,b99df4a4-2bf5-4c08-9483-bd636470bc11
c0f80f62-6cf2-43ec-bdcb-f1610d335497,automation_project_TCT_1307885,3096,0,3c514377330025d38a8e9fc1e1a7a0f3,Not Started,NotStarted,2026-03-25T03:32:42.000+00:00,2026-03-25,2026,March,03,Quarter 1,,,,,,,,,OneTrust Automation,79f09a0f-fbd7-4439-9e1e-d48abe62c98e,False,,https://Assessment/Assessment/c0f80f62-6cf2-43ec-bdcb-f1610d335497,Africa/Conakry,OTAuto02,b99df4a4-2bf5-4c08-9483-bd636470bc11,b99df4a4-2bf5-4c08-9483-bd636470bc11
c0f80f62-6cf2-43ec-bdcb-f1610d335497,automation_project_TCT_1307885,3096,1,87b6348a16fa95eb58cd9558660d4b00,In Progress,InProgress,2026-03-25T03:32:43.000+00:00,2026-03-25,2026,March,03,Quarter 1,Not Started,NotStarted,2026-03-25T03:32:42.000+00:00,2026-03-25,2026,March,03,Quarter 1,OneTrust Automation,79f09a0f-fbd7-4439-9e1e-d48abe62c98e,False,1.1574074074074073e-05,https://Assessment/Assessment/c0f80f62-6cf2-43ec-bdcb-f1610d335497,Africa/Conakry,OTAuto02,b99df4a4-2bf5-4c08-9483-bd636470bc11,b99df4a4-2bf5-4c08-9483-bd636470bc11
c0f80f62-6cf2-43ec-bdcb-f1610d335497,automation_project_TCT_1307885,3096,2,3b7085805b1b718ad395227856d2f5a3,Under Review,UnderReview,2026-03-25T03:32:43.000+00:00,2026-03-25,2026,March,03,Quarter 1,In Progress,InProgress,2026-03-25T03:32:43.000+00:00,2026-03-25,2026,March,03,Quarter 1,OneTrust Automation,79f09a0f-fbd7-4439-9e1e-d48abe62c98e,True,0.0,https://Assessment/Assessment/c0f80f62-6cf2-43ec-bdcb-f1610d335497,Africa/Conakry,OTAuto02,b99df4a4-2bf5-4c08-9483-bd636470bc11,b99df4a4-2bf5-4c08-9483-bd636470bc11
c147aefc-5dc9-43f0-8887-313bde022a8e,assessment_1_547974,2627,0,23c4a3409019fdce95d4e5c3d3e54a99,Not Started,NotStarted,2026-03-24T21:41:53.000+00:00,2026-03-24,2026,March,03,Quarter 1,,,,,,,,,fname_547974 Site Admin,7041021a-9045-4d68-8adf-3be7abdff1ef,False,,https://Assessment/Assessment/c147aefc-5dc9-43f0-8887-313bde022a8e,Africa/Conakry,OTAuto02,b99df4a4-2bf5-4c08-9483-bd636470bc11,b99df4a4-2bf5-4c08-9483-bd636470bc11
c147aefc-5dc9-43f0-8887-313bde022a8e,assessment_1_547974,2627,1,acc0fd5f18c41f1bbb186185e0f9a05a,In Progress,InProgress,2026-03-24T21:41:54.000+00:00,2026-03-24,2026,March,03,Quarter 1,Not Started,NotStarted,2026-03-24T21:41:53.000+00:00,2026-03-24,2026,March,03,Quarter 1,fname_547974 Site Admin,7041021a-9045-4d68-8adf-3be7abdff1ef,False,1.1574074074074073e-05,https://Assessment/Assessment/c147aefc-5dc9-43f0-8887-313bde022a8e,Africa/Conakry,OTAuto02,b99df4a4-2bf5-4c08-9483-bd636470bc11,b99df4a4-2bf5-4c08-9483-bd636470bc11
c147aefc-5dc9-43f0-8887-313bde022a8e,assessment_1_547974,2627,2,94b549289e127ac61eb87692f5d1d7a3,Under Review,UnderReview,2026-03-24T21:41:55.000+00:00,2026-03-24,2026,March,03,Quarter 1,In Progress,InProgress,2026-03-24T21:41:54.000+00:00,2026-03-24,2026,March,03,Quarter 1,fname_547974 Site Admin,7041021a-9045-4d68-8adf-3be7abdff1ef,True,1.1574074074074073e-05,https://Assessment/Assessment/c147aefc-5dc9-43f0-8887-313bde022a8e,Africa/Conakry,OTAuto02,b99df4a4-2bf5-4c08-9483-bd636470bc11,b99df4a4-2bf5-4c08-9483-bd636470bc11
c152923c-3030-4112-a555-d8a72e5eb0c1,AI_dataset_instance_1628_1_3327034 - template_instance_20462_2008068,3283,0,6e676e8c3c6d7351d3520a0aee899038,Not Started,NotStarted,2026-03-25T09:32:37.000+00:00,2026-03-25,2026,March,03,Quarter 1,,,,,,,,,OneTrust User,918195e3-fcf1-4950-a0df-5a0c0b998b81,True,,https://Assessment/Assessment/c152923c-3030-4112-a555-d8a72e5eb0c1,Africa/Conakry,OTAuto02,b99df4a4-2bf5-4c08-9483-bd636470bc11,b99df4a4-2bf5-4c08-9483-bd636470bc11
c15e0ab5-c7ff-429e-912a-f0e159f8086c,Automated_Assessment_71920_7414257,1795,0,85ba796883fa4df3cfb106dd8604bf07,Not Started,NotStarted,2026-03-24T17:47:59.000+00:00,2026-03-24,2026,March,03,Quarter 1,,,,,,,,,OneTrust Automation,79f09a0f-fbd7-4439-9e1e-d48abe62c98e,False,,https://Assessment/Assessment/c15e0ab5-c7ff-429e-912a-f0e159f8086c,Africa/Conakry,OTAuto02,b99df4a4-2bf5-4c08-9483-bd636470bc11,b99df4a4-2bf5-4c08-9483-bd636470bc11
c15e0ab5-c7ff-429e-912a-f0e159f8086c,Automated_Assessment_71920_7414257,1795,1,abdf2c001d0b8e6ebcc5b6438a87424f,In Progress,InProgress,2026-03-24T17:47:59.000+00:00,2026-03-24,2026,March,03,Quarter 1,Not Started,NotStarted,2026-03-24T17:47:59.000+00:00,2026-03-24,2026,March,03,Quarter 1,OneTrust Automation,79f09a0f-fbd7-4439-9e1e-d48abe62c98e,False,0.0,https://Assessment/Assessment/c15e0ab5-c7ff-429e-912a-f0e159f8086c,Africa/Conakry,OTAuto02,b99df4a4-2bf5-4c08-9483-bd636470bc11,b99df4a4-2bf5-4c08-9483-bd636470bc11
c15e0ab5-c7ff-429e-912a-f0e159f8086c,Automated_Assessment_71920_7414257,1795,2,b259775e31c14536cf3d66b9136edd5e,Under Review,UnderReview,2026-03-24T17:48:00.000+00:00,2026-03-24,2026,March,03,Quarter 1,In Progress,InProgress,2026-03-24T17:47:59.000+00:00,2026-03-24,2026,March,03,Quarter 1,OneTrust Automation,79f09a0f-fbd7-4439-9e1e-d48abe62c98e,True,1.1574074074074073e-05,https://Assessment/Assessment/c15e0ab5-c7ff-429e-912a-f0e159f8086c,Africa/Conakry,OTAuto02,b99df4a4-2bf5-4c08-9483-bd636470bc11,b99df4a4-2bf5-4c08-9483-bd636470bc11
c1976654-2d7b-4054-aa79-ac82089e9025,automated_assessment_40201_354373,1940,0,e99f0b274be808113ba0feb5f3b9c3d4,Not Started,NotStarted,2026-03-24T18:23:38.000+00:00,2026-03-24,2026,March,03,Quarter 1,,,,,,,,,OneTrust Automation,79f09a0f-fbd7-4439-9e1e-d48abe62c98e,False,,https://Assessment/Assessment/c1976654-2d7b-4054-aa79-ac82089e9025,Africa/Conakry,OTAuto02,b99df4a4-2bf5-4c08-9483-bd636470bc11,b99df4a4-2bf5-4c08-9483-bd636470bc11
c1976654-2d7b-4054-aa79-ac82089e9025,automated_assessment_40201_354373,1940,1,175113b7e9e966c4acb94d72da5e000e,In Progress,InProgress,2026-03-24T18:23:38.000+00:00,2026-03-24,2026,March,03,Quarter 1,Not Started,NotStarted,2026-03-24T18:23:38.000+00:00,2026-03-24,2026,March,03,Quarter 1,OneTrust Automation,79f09a0f-fbd7-4439-9e1e-d48abe62c98e,False,0.0,https://Assessment/Assessment/c1976654-2d7b-4054-aa79-ac82089e9025,Africa/Conakry,OTAuto02,b99df4a4-2bf5-4c08-9483-bd636470bc11,b99df4a4-2bf5-4c08-9483-bd636470bc11
c1976654-2d7b-4054-aa79-ac82089e9025,automated_assessment_40201_354373,1940,2,c6b92780df193936d72340064104db73,Under Review,UnderReview,2026-03-24T18:23:38.000+00:00,2026-03-24,2026,March,03,Quarter 1,In Progress,InProgress,2026-03-24T18:23:38.000+00:00,2026-03-24,2026,March,03,Quarter 1,OneTrust Automation,79f09a0f-fbd7-4439-9e1e-d48abe62c98e,False,0.0,https://Assessment/Assessment/c1976654-2d7b-4054-aa79-ac82089e9025,Africa/Conakry,OTAuto02,b99df4a4-2bf5-4c08-9483-bd636470bc11,b99df4a4-2bf5-4c08-9483-bd636470bc11
c1976654-2d7b-4054-aa79-ac82089e9025,automated_assessment_40201_354373,1940,3,d8fa8951419e59a2cfd0e48b36e06d1e,Completed,Completed,2026-03-24T18:26:50.000+00:00,2026-03-24,2026,March,03,Quarter 1,Under Review,UnderReview,2026-03-24T18:23:38.000+00:00,2026-03-24,2026,March,03,Quarter 1,OneTrust Automation,79f09a0f-fbd7-4439-9e1e-d48abe62c98e,True,0.0022222222222222222,https://Assessment/Assessment/c1976654-2d7b-4054-aa79-ac82089e9025,Africa/Conakry,OTAuto02,b99df4a4-2bf5-4c08-9483-bd636470bc11,b99df4a4-2bf5-4c08-9483-bd636470bc11
c19a0332-dbea-4447-99ac-ecc57af054cc,vendor1_19032026 - automation_template_2865658,565,0,2eb7a5489df3c2c4a41342962ab96215,Not Started,NotStarted,2026-03-19T18:15:02.000+00:00,2026-03-19,2026,March,03,Quarter 1,,,,,,,,,OneTrust User,918195e3-fcf1-4950-a0df-5a0c0b998b81,True,,https://Assessment/Assessment/c19a0332-dbea-4447-99ac-ecc57af054cc,Africa/Conakry,OTAuto02,b99df4a4-2bf5-4c08-9483-bd636470bc11,b99df4a4-2bf5-4c08-9483-bd636470bc11
c1a462bf-6a0c-48f9-af54-8e5db96a46ba,automated_assessment_72139_org1_2_6415779,2748,0,1519f74be919aed9834c4f8929f6a9e3,Not Started,NotStarted,2026-03-24T22:11:30.000+00:00,2026-03-24,2026,March,03,Quarter 1,,,,,,,,,OneTrust Automation,79f09a0f-fbd7-4439-9e1e-d48abe62c98e,True,,https://Assessment/Assessment/c1a462bf-6a0c-48f9-af54-8e5db96a46ba,Africa/Conakry,OTAuto02,b99df4a4-2bf5-4c08-9483-bd636470bc11,b99df4a4-2bf5-4c08-9483-bd636470bc11
c1c0046c-7f2b-4a15-89e4-f1b9acc858ae,Automated_Assessment_53871_8406553 - Template_8406553,3254,0,6962cb07babe3d978b37d73f3131e098,Not Started,NotStarted,2026-03-25T07:29:06.000+00:00,2026-03-25,2026,March,03,Quarter 1,,,,,,,,,OneTrust Automation,79f09a0f-fbd7-4439-9e1e-d48abe62c98e,True,,https://Assessment/Assessment/c1c0046c-7f2b-4a15-89e4-f1b9acc858ae,Africa/Conakry,OTAuto02,b99df4a4-2bf5-4c08-9483-bd636470bc11,b99df4a4-2bf5-4c08-9483-bd636470bc11
c1c7b948-f10e-49ed-8f7b-4373578e998d,automation_project_42835_9226244,1887,0,ea348da64d477ac47d06174c13259e7e,Not Started,NotStarted,2026-03-24T18:08:27.000+00:00,2026-03-24,2026,March,03,Quarter 1,,,,,,,,,OneTrust Automation,79f09a0f-fbd7-4439-9e1e-d48abe62c98e,False,,https://Assessment/Assessment/c1c7b948-f10e-49ed-8f7b-4373578e998d,Africa/Conakry,OTAuto02,b99df4a4-2bf5-4c08-9483-bd636470bc11,b99df4a4-2bf5-4c08-9483-bd636470bc11
c1c7b948-f10e-49ed-8f7b-4373578e998d,automation_project_42835_9226244,1887,1,7acb13531a1be1925126d294927175d9,In Progress,InProgress,2026-03-24T18:09:37.000+00:00,2026-03-24,2026,March,03,Quarter 1,Not Started,NotStarted,2026-03-24T18:08:27.000+00:00,2026-03-24,2026,March,03,Quarter 1,OneTrust Automation,79f09a0f-fbd7-4439-9e1e-d48abe62c98e,False,0.0008101851851851852,https://Assessment/Assessment/c1c7b948-f10e-49ed-8f7b-4373578e998d,Africa/Conakry,OTAuto02,b99df4a4-2bf5-4c08-9483-bd636470bc11,b99df4a4-2bf5-4c08-9483-bd636470bc11
c1c7b948-f10e-49ed-8f7b-4373578e998d,automation_project_42835_9226244,1887,2,ed2fbe5c766543cf85fd9d02519dd325,Under Review,UnderReview,2026-03-24T18:09:43.000+00:00,2026-03-24,2026,March,03,Quarter 1,In Progress,InProgress,2026-03-24T18:09:37.000+00:00,2026-03-24,2026,March,03,Quarter 1,OneTrust Automation,79f09a0f-fbd7-4439-9e1e-d48abe62c98e,False,6.944444444444444e-05,https://Assessment/Assessment/c1c7b948-f10e-49ed-8f7b-4373578e998d,Africa/Conakry,OTAuto02,b99df4a4-2bf5-4c08-9483-bd636470bc11,b99df4a4-2bf5-4c08-9483-bd636470bc11
c1c7b948-f10e-49ed-8f7b-4373578e998d,automation_project_42835_9226244,1887,3,5a38932f79fa25be28c8cfb0a6e93b9c,Completed,Completed,2026-03-24T18:12:53.000+00:00,2026-03-24,2026,March,03,Quarter 1,Under Review,UnderReview,2026-03-24T18:09:43.000+00:00,2026-03-24,2026,March,03,Quarter 1,OneTrust Automation,79f09a0f-fbd7-4439-9e1e-d48abe62c98e,True,0.002199074074074074,https://Assessment/Assessment/c1c7b948-f10e-49ed-8f7b-4373578e998d,Africa/Conakry,OTAuto02,b99df4a4-2bf5-4c08-9483-bd636470bc11,b99df4a4-2bf5-4c08-9483-bd636470bc11
c1c81043-7b0b-40b7-b9c8-270778a65d3c,Automated_Assessment_8582131 - Template_7212_8582131,2457,0,dd89cf87007e5e3c67c404784f5e0b78,Not Started,NotStarted,2026-03-24T20:44:58.000+00:00,2026-03-24,2026,March,03,Quarter 1,,,,,,,,,OneTrust Automation,79f09a0f-fbd7-4439-9e1e-d48abe62c98e,True,,https://Assessment/Assessment/c1c81043-7b0b-40b7-b9c8-270778a65d3c,Africa/Conakry,OTAuto02,b99df4a4-2bf5-4c08-9483-bd636470bc11,b99df4a4-2bf5-4c08-9483-bd636470bc11
c1d68e81-da3b-402a-b396-67e9e7ff7c26,automation_project_42830_681270,2061,0,223596ea3cf5735d666d5d293f17e5e4,Not Started,NotStarted,2026-03-24T19:02:03.000+00:00,2026-03-24,2026,March,03,Quarter 1,,,,,,,,,OneTrust Automation,79f09a0f-fbd7-4439-9e1e-d48abe62c98e,False,,https://Assessment/Assessment/c1d68e81-da3b-402a-b396-67e9e7ff7c26,Africa/Conakry,OTAuto02,b99df4a4-2bf5-4c08-9483-bd636470bc11,b99df4a4-2bf5-4c08-9483-bd636470bc11
c1d68e81-da3b-402a-b396-67e9e7ff7c26,automation_project_42830_681270,2061,1,83d6f425b80c845591ae0f2cbfdc0895,In Progress,InProgress,2026-03-24T19:03:21.000+00:00,2026-03-24,2026,March,03,Quarter 1,Not Started,NotStarted,2026-03-24T19:02:03.000+00:00,2026-03-24,2026,March,03,Quarter 1,OneTrust Automation,79f09a0f-fbd7-4439-9e1e-d48abe62c98e,False,0.0009027777777777777,https://Assessment/Assessment/c1d68e81-da3b-402a-b396-67e9e7ff7c26,Africa/Conakry,OTAuto02,b99df4a4-2bf5-4c08-9483-bd636470bc11,b99df4a4-2bf5-4c08-9483-bd636470bc11
c1d68e81-da3b-402a-b396-67e9e7ff7c26,automation_project_42830_681270,2061,2,5d98b17a900c31f1bc1a15bc695e7b0d,Under Review,UnderReview,2026-03-24T19:03:28.000+00:00,2026-03-24,2026,March,03,Quarter 1,In Progress,InProgress,2026-03-24T19:03:21.000+00:00,2026-03-24,2026,March,03,Quarter 1,OneTrust Automation,79f09a0f-fbd7-4439-9e1e-d48abe62c98e,False,8.101851851851852e-05,https://Assessment/Assessment/c1d68e81-da3b-402a-b396-67e9e7ff7c26,Africa/Conakry,OTAuto02,b99df4a4-2bf5-4c08-9483-bd636470bc11,b99df4a4-2bf5-4c08-9483-bd636470bc11
c1d68e81-da3b-402a-b396-67e9e7ff7c26,automation_project_42830_681270,2061,3,09f82092304a1c4ee1dfd149fd61ba43,Completed,Completed,2026-03-24T19:05:10.000+00:00,2026-03-24,2026,March,03,Quarter 1,Under Review,UnderReview,2026-03-24T19:03:28.000+00:00,2026-03-24,2026,March,03,Quarter 1,OneTrust Automation,79f09a0f-fbd7-4439-9e1e-d48abe62c98e,True,0.0011805555555555556,https://Assessment/Assessment/c1d68e81-da3b-402a-b396-67e9e7ff7c26,Africa/Conakry,OTAuto02,b99df4a4-2bf5-4c08-9483-bd636470bc11,b99df4a4-2bf5-4c08-9483-bd636470bc11
c1df1c6b-4eba-4575-81a6-8a46b6d0bf52,Automated_Assessment_2424324,3457,0,1710a3c397da2eafaae1ccc766781ac2,Not Started,NotStarted,2026-03-26T06:04:20.000+00:00,2026-03-26,2026,March,03,Quarter 1,,,,,,,,,OneTrust Automation,79f09a0f-fbd7-4439-9e1e-d48abe62c98e,False,,https://Assessment/Assessment/c1df1c6b-4eba-4575-81a6-8a46b6d0bf52,Africa/Conakry,OTAuto02,b99df4a4-2bf5-4c08-9483-bd636470bc11,b99df4a4-2bf5-4c08-9483-bd636470bc11
c1df1c6b-4eba-4575-81a6-8a46b6d0bf52,Automated_Assessment_2424324,3457,1,d11f67af653626e4222970f9add51c2e,In Progress,InProgress,2026-03-26T06:04:31.000+00:00,2026-03-26,2026,March,03,Quarter 1,Not Started,NotStarted,2026-03-26T06:04:20.000+00:00,2026-03-26,2026,March,03,Quarter 1,OneTrust Automation,79f09a0f-fbd7-4439-9e1e-d48abe62c98e,True,0.0001273148148148148,https://Assessment/Assessment/c1df1c6b-4eba-4575-81a6-8a46b6d0bf52,Africa/Conakry,OTAuto02,b99df4a4-2bf5-4c08-9483-bd636470bc11,b99df4a4-2bf5-4c08-9483-bd636470bc11
c1ee1c6d-85b8-45a7-8cc7-097db35da8db,Automated_Assessment_68587_1609594,3489,0,eeb00b6a35828b56c20d2979b8d39d86,Not Started,NotStarted,2026-03-26T06:27:49.000+00:00,2026-03-26,2026,March,03,Quarter 1,,,,,,,,,OneTrust Automation,79f09a0f-fbd7-4439-9e1e-d48abe62c98e,False,,https://Assessment/Assessment/c1ee1c6d-85b8-45a7-8cc7-097db35da8db,Africa/Conakry,OTAuto02,b99df4a4-2bf5-4c08-9483-bd636470bc11,b99df4a4-2bf5-4c08-9483-bd636470bc11
c1ee1c6d-85b8-45a7-8cc7-097db35da8db,Automated_Assessment_68587_1609594,3489,1,6643c669f31f65b1ca36439da4ccc5e1,In Progress,InProgress,2026-03-26T06:27:49.000+00:00,2026-03-26,2026,March,03,Quarter 1,Not Started,NotStarted,2026-03-26T06:27:49.000+00:00,2026-03-26,2026,March,03,Quarter 1,OneTrust Automation,79f09a0f-fbd7-4439-9e1e-d48abe62c98e,True,0.0,https://Assessment/Assessment/c1ee1c6d-85b8-45a7-8cc7-097db35da8db,Africa/Conakry,OTAuto02,b99df4a4-2bf5-4c08-9483-bd636470bc11,b99df4a4-2bf5-4c08-9483-bd636470bc11
c1f66068-8978-48b2-8bba-36c4bd0fa78b,automated_assessment_95820_2_304729,3136,0,85209e5dd1221fb94edae5d49fae74b1,Not Started,NotStarted,2026-03-25T05:53:36.000+00:00,2026-03-25,2026,March,03,Quarter 1,,,,,,,,,OneTrust Automation,79f09a0f-fbd7-4439-9e1e-d48abe62c98e,False,,https://Assessment/Assessment/c1f66068-8978-48b2-8bba-36c4bd0fa78b,Africa/Conakry,OTAuto02,b99df4a4-2bf5-4c08-9483-bd636470bc11,b99df4a4-2bf5-4c08-9483-bd636470bc11
c1f66068-8978-48b2-8bba-36c4bd0fa78b,automated_assessment_95820_2_304729,3136,1,b27158c51039e1b3f543c0c97584e132,In Progress,InProgress,2026-03-25T05:53:38.000+00:00,2026-03-25,2026,March,03,Quarter 1,Not Started,NotStarted,2026-03-25T05:53:36.000+00:00,2026-03-25,2026,March,03,Quarter 1,projectowner user,da43fe2d-46b8-4d39-8174-b857cd048aa4,True,2.3148148148148147e-05,https://Assessment/Assessment/c1f66068-8978-48b2-8bba-36c4bd0fa78b,Africa/Conakry,OTAuto02,b99df4a4-2bf5-4c08-9483-bd636470bc11,b99df4a4-2bf5-4c08-9483-bd636470bc11
c2324f29-a83c-4b9a-b3b5-3f31311c1b14,Automated_Assessment_98494_778692,3423,0,60d10d3e367343d5a3bc7c80e8c8225d,Not Started,NotStarted,2026-03-26T05:40:31.000+00:00,2026-03-26,2026,March,03,Quarter 1,,,,,,,,,OneTrust Automation,79f09a0f-fbd7-4439-9e1e-d48abe62c98e,False,,https://Assessment/Assessment/c2324f29-a83c-4b9a-b3b5-3f31311c1b14,Africa/Conakry,OTAuto02,b99df4a4-2bf5-4c08-9483-bd636470bc11,b99df4a4-2bf5-4c08-9483-bd636470bc11
c2324f29-a83c-4b9a-b3b5-3f31311c1b14,Automated_Assessment_98494_778692,3423,1,a7145609b8d6267539ff3497bfd00270,In Progress,InProgress,2026-03-26T05:40:31.000+00:00,2026-03-26,2026,March,03,Quarter 1,Not Started,NotStarted,2026-03-26T05:40:31.000+00:00,2026-03-26,2026,March,03,Quarter 1,OneTrust Automation,79f09a0f-fbd7-4439-9e1e-d48abe62c98e,False,0.0,https://Assessment/Assessment/c2324f29-a83c-4b9a-b3b5-3f31311c1b14,Africa/Conakry,OTAuto02,b99df4a4-2bf5-4c08-9483-bd636470bc11,b99df4a4-2bf5-4c08-9483-bd636470bc11
c2324f29-a83c-4b9a-b3b5-3f31311c1b14,Automated_Assessment_98494_778692,3423,2,5ea58a5fb4d2defef3026325bad648fb,Under Review,UnderReview,2026-03-26T05:40:31.000+00:00,2026-03-26,2026,March,03,Quarter 1,In Progress,InProgress,2026-03-26T05:40:31.000+00:00,2026-03-26,2026,March,03,Quarter 1,OneTrust Automation,79f09a0f-fbd7-4439-9e1e-d48abe62c98e,False,0.0,https://Assessment/Assessment/c2324f29-a83c-4b9a-b3b5-3f31311c1b14,Africa/Conakry,OTAuto02,b99df4a4-2bf5-4c08-9483-bd636470bc11,b99df4a4-2bf5-4c08-9483-bd636470bc11
c2324f29-a83c-4b9a-b3b5-3f31311c1b14,Automated_Assessment_98494_778692,3423,3,4ccd33cca7ba71a313254a69a780b8c8,Completed,Completed,2026-03-26T05:40:31.000+00:00,2026-03-26,2026,March,03,Quarter 1,Under Review,UnderReview,2026-03-26T05:40:31.000+00:00,2026-03-26,2026,March,03,Quarter 1,OneTrust Automation,79f09a0f-fbd7-4439-9e1e-d48abe62c98e,True,0.0,https://Assessment/Assessment/c2324f29-a83c-4b9a-b3b5-3f31311c1b14,Africa/Conakry,OTAuto02,b99df4a4-2bf5-4c08-9483-bd636470bc11,b99df4a4-2bf5-4c08-9483-bd636470bc11
c233dbd6-2bb3-4011-8af6-ea8066aa028c,AI_dataset_instance_1628_1_3327034 - template_instance_20462_7528201,4939,0,b9cd7282930dab37d511b21bb3e12ca5,Not Started,NotStarted,2026-03-27T05:02:53.000+00:00,2026-03-27,2026,March,03,Quarter 1,,,,,,,,,OneTrust User,918195e3-fcf1-4950-a0df-5a0c0b998b81,True,,https://Assessment/Assessment/c233dbd6-2bb3-4011-8af6-ea8066aa028c,Africa/Conakry,OTAuto02,b99df4a4-2bf5-4c08-9483-bd636470bc11,b99df4a4-2bf5-4c08-9483-bd636470bc11
c2398e4c-1d08-4678-ade3-854a55ea07d3,assesment_23_6252010,4901,0,8028176426da5e05685ba6c12bd73d62,Not Started,NotStarted,2026-03-27T02:25:05.000+00:00,2026-03-27,2026,March,03,Quarter 1,,,,,,,,,OneTrust Automation,79f09a0f-fbd7-4439-9e1e-d48abe62c98e,False,,https://Assessment/Assessment/c2398e4c-1d08-4678-ade3-854a55ea07d3,Africa/Conakry,OTAuto02,b99df4a4-2bf5-4c08-9483-bd636470bc11,b99df4a4-2bf5-4c08-9483-bd636470bc11
c2398e4c-1d08-4678-ade3-854a55ea07d3,assesment_23_6252010,4901,1,74d32f4d9445f9591431acc0b0b1343d,In Progress,InProgress,2026-03-27T02:25:15.000+00:00,2026-03-27,2026,March,03,Quarter 1,Not Started,NotStarted,2026-03-27T02:25:05.000+00:00,2026-03-27,2026,March,03,Quarter 1,OneTrust Automation,79f09a0f-fbd7-4439-9e1e-d48abe62c98e,False,0.00011574074074074075,https://Assessment/Assessment/c2398e4c-1d08-4678-ade3-854a55ea07d3,Africa/Conakry,OTAuto02,b99df4a4-2bf5-4c08-9483-bd636470bc11,b99df4a4-2bf5-4c08-9483-bd636470bc11
c2398e4c-1d08-4678-ade3-854a55ea07d3,assesment_23_6252010,4901,2,efb923c1fbd22fbcfc90969339857a72,Under Review,UnderReview,2026-03-27T02:25:16.000+00:00,2026-03-27,2026,March,03,Quarter 1,In Progress,InProgress,2026-03-27T02:25:15.000+00:00,2026-03-27,2026,March,03,Quarter 1,OneTrust Automation,79f09a0f-fbd7-4439-9e1e-d48abe62c98e,True,1.1574074074074073e-05,https://Assessment/Assessment/c2398e4c-1d08-4678-ade3-854a55ea07d3,Africa/Conakry,OTAuto02,b99df4a4-2bf5-4c08-9483-bd636470bc11,b99df4a4-2bf5-4c08-9483-bd636470bc11
c2853bc4-c990-4d04-8259-866043ad8beb,pa_77876_local_666215,2986,0,d13bc1b65f496e7756d0598cbdf592f3,Not Started,NotStarted,2026-03-25T01:21:23.000+00:00,2026-03-25,2026,March,03,Quarter 1,,,,,,,,,OneTrust Automation,79f09a0f-fbd7-4439-9e1e-d48abe62c98e,False,,https://Assessment/Assessment/c2853bc4-c990-4d04-8259-866043ad8beb,Africa/Conakry,OTAuto02,b99df4a4-2bf5-4c08-9483-bd636470bc11,b99df4a4-2bf5-4c08-9483-bd636470bc11
c2853bc4-c990-4d04-8259-866043ad8beb,pa_77876_local_666215,2986,1,74ad8c343f0da5de13f06df18d19abdd,In Progress,InProgress,2026-03-25T01:21:24.000+00:00,2026-03-25,2026,March,03,Quarter 1,Not Started,NotStarted,2026-03-25T01:21:23.000+00:00,2026-03-25,2026,March,03,Quarter 1,OneTrust Automation,79f09a0f-fbd7-4439-9e1e-d48abe62c98e,False,1.1574074074074073e-05,https://Assessment/Assessment/c2853bc4-c990-4d04-8259-866043ad8beb,Africa/Conakry,OTAuto02,b99df4a4-2bf5-4c08-9483-bd636470bc11,b99df4a4-2bf5-4c08-9483-bd636470bc11
c2853bc4-c990-4d04-8259-866043ad8beb,pa_77876_local_666215,2986,2,1cf74fab3550377921f44ef1496f192e,Under Review,UnderReview,2026-03-25T01:21:25.000+00:00,2026-03-25,2026,March,03,Quarter 1,In Progress,InProgress,2026-03-25T01:21:24.000+00:00,2026-03-25,2026,March,03,Quarter 1,OneTrust Automation,79f09a0f-fbd7-4439-9e1e-d48abe62c98e,False,1.1574074074074073e-05,https://Assessment/Assessment/c2853bc4-c990-4d04-8259-866043ad8beb,Africa/Conakry,OTAuto02,b99df4a4-2bf5-4c08-9483-bd636470bc11,b99df4a4-2bf5-4c08-9483-bd636470bc11
c2853bc4-c990-4d04-8259-866043ad8beb,pa_77876_local_666215,2986,3,a66afd14764db86fa40e44baf9442659,Completed,Completed,2026-03-25T01:21:27.000+00:00,2026-03-25,2026,March,03,Quarter 1,Under Review,UnderReview,2026-03-25T01:21:25.000+00:00,2026-03-25,2026,March,03,Quarter 1,OneTrust Automation,79f09a0f-fbd7-4439-9e1e-d48abe62c98e,True,2.3148148148148147e-05,https://Assessment/Assessment/c2853bc4-c990-4d04-8259-866043ad8beb,Africa/Conakry,OTAuto02,b99df4a4-2bf5-4c08-9483-bd636470bc11,b99df4a4-2bf5-4c08-9483-bd636470bc11
c2d67349-506f-4fd2-91ff-f092da471a0c,Assessment_92459_6835137,757,0,9f553a2e27c8e7387f0a538db0cfff7c,Not Started,NotStarted,2026-03-19T19:08:16.000+00:00,2026-03-19,2026,March,03,Quarter 1,,,,,,,,,OneTrust Automation,79f09a0f-fbd7-4439-9e1e-d48abe62c98e,True,,https://Assessment/Assessment/c2d67349-506f-4fd2-91ff-f092da471a0c,Africa/Conakry,OTAuto02,b99df4a4-2bf5-4c08-9483-bd636470bc11,b99df4a4-2bf5-4c08-9483-bd636470bc11
c2fdf31b-e3de-4008-b330-328f35c57381,a_5434624 - t1_5434624,4975,0,34254dfd55ce02330b01d1d37bb5ff43,Not Started,NotStarted,2026-03-27T06:02:32.000+00:00,2026-03-27,2026,March,03,Quarter 1,,,,,,,,,OneTrust Automation,79f09a0f-fbd7-4439-9e1e-d48abe62c98e,True,,https://Assessment/Assessment/c2fdf31b-e3de-4008-b330-328f35c57381,Africa/Conakry,OTAuto02,b99df4a4-2bf5-4c08-9483-bd636470bc11,b99df4a4-2bf5-4c08-9483-bd636470bc11
c332c453-f091-427a-923c-01373f1bc099,Automated_Assessment_7030236,4471,0,8d1894e63b1dcb6ec312041a41278725,Not Started,NotStarted,2026-03-26T21:45:48.000+00:00,2026-03-26,2026,March,03,Quarter 1,,,,,,,,,OneTrust Automation,79f09a0f-fbd7-4439-9e1e-d48abe62c98e,False,,https://Assessment/Assessment/c332c453-f091-427a-923c-01373f1bc099,Africa/Conakry,OTAuto02,b99df4a4-2bf5-4c08-9483-bd636470bc11,b99df4a4-2bf5-4c08-9483-bd636470bc11
c332c453-f091-427a-923c-01373f1bc099,Automated_Assessment_7030236,4471,1,fb9eccf11785d8662e4876cae97a099b,In Progress,InProgress,2026-03-26T21:45:58.000+00:00,2026-03-26,2026,March,03,Quarter 1,Not Started,NotStarted,2026-03-26T21:45:48.000+00:00,2026-03-26,2026,March,03,Quarter 1,OneTrust Automation,79f09a0f-fbd7-4439-9e1e-d48abe62c98e,False,0.00011574074074074075,https://Assessment/Assessment/c332c453-f091-427a-923c-01373f1bc099,Africa/Conakry,OTAuto02,b99df4a4-2bf5-4c08-9483-bd636470bc11,b99df4a4-2bf5-4c08-9483-bd636470bc11
c332c453-f091-427a-923c-01373f1bc099,Automated_Assessment_7030236,4471,2,b514c4c2bfeacd5dd4e7b23700252dcb,Under Review,UnderReview,2026-03-26T21:45:59.000+00:00,2026-03-26,2026,March,03,Quarter 1,In Progress,InProgress,2026-03-26T21:45:58.000+00:00,2026-03-26,2026,March,03,Quarter 1,OneTrust Automation,79f09a0f-fbd7-4439-9e1e-d48abe62c98e,True,1.1574074074074073e-05,https://Assessment/Assessment/c332c453-f091-427a-923c-01373f1bc099,Africa/Conakry,OTAuto02,b99df4a4-2bf5-4c08-9483-bd636470bc11,b99df4a4-2bf5-4c08-9483-bd636470bc11
c369e5db-4e1c-484d-9363-950472b9e7d1,automation_project_42926_1_7115172,1111,0,6f1d6361a1fc33d9f860123c3e3ca153,Not Started,NotStarted,2026-03-19T20:48:17.000+00:00,2026-03-19,2026,March,03,Quarter 1,,,,,,,,,OneTrust Automation,79f09a0f-fbd7-4439-9e1e-d48abe62c98e,False,,https://Assessment/Assessment/c369e5db-4e1c-484d-9363-950472b9e7d1,Africa/Conakry,OTAuto02,b99df4a4-2bf5-4c08-9483-bd636470bc11,b99df4a4-2bf5-4c08-9483-bd636470bc11
c369e5db-4e1c-484d-9363-950472b9e7d1,automation_project_42926_1_7115172,1111,1,eb863e41bbdb6d9af51e27dea6c572ea,In Progress,InProgress,2026-03-19T20:48:18.000+00:00,2026-03-19,2026,March,03,Quarter 1,Not Started,NotStarted,2026-03-19T20:48:17.000+00:00,2026-03-19,2026,March,03,Quarter 1,OneTrust Automation,79f09a0f-fbd7-4439-9e1e-d48abe62c98e,False,1.1574074074074073e-05,https://Assessment/Assessment/c369e5db-4e1c-484d-9363-950472b9e7d1,Africa/Conakry,OTAuto02,b99df4a4-2bf5-4c08-9483-bd636470bc11,b99df4a4-2bf5-4c08-9483-bd636470bc11
c369e5db-4e1c-484d-9363-950472b9e7d1,automation_project_42926_1_7115172,1111,2,da7fc0aaa3ce723db6487e2570f97bb3,Under Review,UnderReview,2026-03-19T20:48:18.000+00:00,2026-03-19,2026,March,03,Quarter 1,In Progress,InProgress,2026-03-19T20:48:18.000+00:00,2026-03-19,2026,March,03,Quarter 1,OneTrust Automation,79f09a0f-fbd7-4439-9e1e-d48abe62c98e,True,0.0,https://Assessment/Assessment/c369e5db-4e1c-484d-9363-950472b9e7d1,Africa/Conakry,OTAuto02,b99df4a4-2bf5-4c08-9483-bd636470bc11,b99df4a4-2bf5-4c08-9483-bd636470bc11
c37f3a2f-4d31-4073-a472-ab5bdda56750,Automated_Assessment_9875062,3177,0,654f4f7557fef8886d7258f2e3658d56,Not Started,NotStarted,2026-03-25T06:21:04.000+00:00,2026-03-25,2026,March,03,Quarter 1,,,,,,,,,fname_9875062 Site Admin,bafccff0-7c5b-4972-aff3-2c451740aad8,False,,https://Assessment/Assessment/c37f3a2f-4d31-4073-a472-ab5bdda56750,Africa/Conakry,OTAuto02,b99df4a4-2bf5-4c08-9483-bd636470bc11,b99df4a4-2bf5-4c08-9483-bd636470bc11
c37f3a2f-4d31-4073-a472-ab5bdda56750,Automated_Assessment_9875062,3177,1,f2070573a14b1482a55f464495b7a193,In Progress,InProgress,2026-03-25T06:21:05.000+00:00,2026-03-25,2026,March,03,Quarter 1,Not Started,NotStarted,2026-03-25T06:21:04.000+00:00,2026-03-25,2026,March,03,Quarter 1,fname_9875062 Site Admin,bafccff0-7c5b-4972-aff3-2c451740aad8,False,1.1574074074074073e-05,https://Assessment/Assessment/c37f3a2f-4d31-4073-a472-ab5bdda56750,Africa/Conakry,OTAuto02,b99df4a4-2bf5-4c08-9483-bd636470bc11,b99df4a4-2bf5-4c08-9483-bd636470bc11
c37f3a2f-4d31-4073-a472-ab5bdda56750,Automated_Assessment_9875062,3177,2,28560e5f93348a66794826f959c753ed,Under Review,UnderReview,2026-03-25T06:21:05.000+00:00,2026-03-25,2026,March,03,Quarter 1,In Progress,InProgress,2026-03-25T06:21:05.000+00:00,2026-03-25,2026,March,03,Quarter 1,fname_9875062 Site Admin,bafccff0-7c5b-4972-aff3-2c451740aad8,True,0.0,https://Assessment/Assessment/c37f3a2f-4d31-4073-a472-ab5bdda56750,Africa/Conakry,OTAuto02,b99df4a4-2bf5-4c08-9483-bd636470bc11,b99df4a4-2bf5-4c08-9483-bd636470bc11
c3a6f7a3-5bd9-4f9a-be41-5971a8a00027,Inventory_Assessment_7208907,4639,0,9198ab054b1d3a9a21f6fafe81ac9419,Not Started,NotStarted,2026-03-26T22:33:00.000+00:00,2026-03-26,2026,March,03,Quarter 1,,,,,,,,,OneTrust Automation,79f09a0f-fbd7-4439-9e1e-d48abe62c98e,False,,https://Assessment/Assessment/c3a6f7a3-5bd9-4f9a-be41-5971a8a00027,Africa/Conakry,OTAuto02,b99df4a4-2bf5-4c08-9483-bd636470bc11,b99df4a4-2bf5-4c08-9483-bd636470bc11
c3a6f7a3-5bd9-4f9a-be41-5971a8a00027,Inventory_Assessment_7208907,4639,1,243b4ab6f9cc7de6a022434ef94b502d,In Progress,InProgress,2026-03-26T22:33:10.000+00:00,2026-03-26,2026,March,03,Quarter 1,Not Started,NotStarted,2026-03-26T22:33:00.000+00:00,2026-03-26,2026,March,03,Quarter 1,OneTrust Automation,79f09a0f-fbd7-4439-9e1e-d48abe62c98e,False,0.00011574074074074075,https://Assessment/Assessment/c3a6f7a3-5bd9-4f9a-be41-5971a8a00027,Africa/Conakry,OTAuto02,b99df4a4-2bf5-4c08-9483-bd636470bc11,b99df4a4-2bf5-4c08-9483-bd636470bc11
c3a6f7a3-5bd9-4f9a-be41-5971a8a00027,Inventory_Assessment_7208907,4639,2,d25cfbe2348d4981a12e3a60a81a05c7,Under Review,UnderReview,2026-03-26T22:33:11.000+00:00,2026-03-26,2026,March,03,Quarter 1,In Progress,InProgress,2026-03-26T22:33:10.000+00:00,2026-03-26,2026,March,03,Quarter 1,OneTrust Automation,79f09a0f-fbd7-4439-9e1e-d48abe62c98e,True,1.1574074074074073e-05,https://Assessment/Assessment/c3a6f7a3-5bd9-4f9a-be41-5971a8a00027,Africa/Conakry,OTAuto02,b99df4a4-2bf5-4c08-9483-bd636470bc11,b99df4a4-2bf5-4c08-9483-bd636470bc11
c3b596ec-3754-4684-bd39-9b44497c0a5e,Automated_Assessment_6041838,4009,0,5d2d4dd9493f909b45b86ce7840cbf9d,Not Started,NotStarted,2026-03-26T19:36:01.000+00:00,2026-03-26,2026,March,03,Quarter 1,,,,,,,,,OneTrust Automation,79f09a0f-fbd7-4439-9e1e-d48abe62c98e,False,,https://Assessment/Assessment/c3b596ec-3754-4684-bd39-9b44497c0a5e,Africa/Conakry,OTAuto02,b99df4a4-2bf5-4c08-9483-bd636470bc11,b99df4a4-2bf5-4c08-9483-bd636470bc11
c3b596ec-3754-4684-bd39-9b44497c0a5e,Automated_Assessment_6041838,4009,1,523110cf1f30430da58bf0fa1fe595ae,In Progress,InProgress,2026-03-26T19:38:55.000+00:00,2026-03-26,2026,March,03,Quarter 1,Not Started,NotStarted,2026-03-26T19:36:01.000+00:00,2026-03-26,2026,March,03,Quarter 1,projectowner user,da43fe2d-46b8-4d39-8174-b857cd048aa4,False,0.002013888888888889,https://Assessment/Assessment/c3b596ec-3754-4684-bd39-9b44497c0a5e,Africa/Conakry,OTAuto02,b99df4a4-2bf5-4c08-9483-bd636470bc11,b99df4a4-2bf5-4c08-9483-bd636470bc11
c3b596ec-3754-4684-bd39-9b44497c0a5e,Automated_Assessment_6041838,4009,2,a93742ab56bbeb803454ff2198d97628,Under Review,UnderReview,2026-03-26T19:44:13.000+00:00,2026-03-26,2026,March,03,Quarter 1,In Progress,InProgress,2026-03-26T19:38:55.000+00:00,2026-03-26,2026,March,03,Quarter 1,OneTrust Automation,79f09a0f-fbd7-4439-9e1e-d48abe62c98e,True,0.0036805555555555554,https://Assessment/Assessment/c3b596ec-3754-4684-bd39-9b44497c0a5e,Africa/Conakry,OTAuto02,b99df4a4-2bf5-4c08-9483-bd636470bc11,b99df4a4-2bf5-4c08-9483-bd636470bc11
c3c64b7c-b1ab-4735-8af3-f4b44043fd92,Inventory_Assessment_997387,3726,0,3a3f3fb55bf71cc43eb3f422b375d704,Not Started,NotStarted,2026-03-26T18:18:08.000+00:00,2026-03-26,2026,March,03,Quarter 1,,,,,,,,,OneTrust Automation,79f09a0f-fbd7-4439-9e1e-d48abe62c98e,False,,https://Assessment/Assessment/c3c64b7c-b1ab-4735-8af3-f4b44043fd92,Africa/Conakry,OTAuto02,b99df4a4-2bf5-4c08-9483-bd636470bc11,b99df4a4-2bf5-4c08-9483-bd636470bc11
c3c64b7c-b1ab-4735-8af3-f4b44043fd92,Inventory_Assessment_997387,3726,1,677df9a315e2b23dbc8515e2e91066a1,In Progress,InProgress,2026-03-26T18:18:09.000+00:00,2026-03-26,2026,March,03,Quarter 1,Not Started,NotStarted,2026-03-26T18:18:08.000+00:00,2026-03-26,2026,March,03,Quarter 1,OneTrust Automation,79f09a0f-fbd7-4439-9e1e-d48abe62c98e,False,1.1574074074074073e-05,https://Assessment/Assessment/c3c64b7c-b1ab-4735-8af3-f4b44043fd92,Africa/Conakry,OTAuto02,b99df4a4-2bf5-4c08-9483-bd636470bc11,b99df4a4-2bf5-4c08-9483-bd636470bc11
c3c64b7c-b1ab-4735-8af3-f4b44043fd92,Inventory_Assessment_997387,3726,2,6833f2daffdaa8b972335c9992a3b85d,Under Review,UnderReview,2026-03-26T18:18:10.000+00:00,2026-03-26,2026,March,03,Quarter 1,In Progress,InProgress,2026-03-26T18:18:09.000+00:00,2026-03-26,2026,March,03,Quarter 1,OneTrust Automation,79f09a0f-fbd7-4439-9e1e-d48abe62c98e,True,1.1574074074074073e-05,https://Assessment/Assessment/c3c64b7c-b1ab-4735-8af3-f4b44043fd92,Africa/Conakry,OTAuto02,b99df4a4-2bf5-4c08-9483-bd636470bc11,b99df4a4-2bf5-4c08-9483-bd636470bc11
c41ccb63-02c7-4486-b8ee-2dd7ff1b5bc5,assessment_43465_2539967,2280,0,48ac1995e2b7af6f79efb160c3d31f22,Not Started,NotStarted,2026-03-24T19:52:29.000+00:00,2026-03-24,2026,March,03,Quarter 1,,,,,,,,,OneTrust Automation,79f09a0f-fbd7-4439-9e1e-d48abe62c98e,False,,https://Assessment/Assessment/c41ccb63-02c7-4486-b8ee-2dd7ff1b5bc5,Africa/Conakry,OTAuto02,b99df4a4-2bf5-4c08-9483-bd636470bc11,b99df4a4-2bf5-4c08-9483-bd636470bc11
c41ccb63-02c7-4486-b8ee-2dd7ff1b5bc5,assessment_43465_2539967,2280,1,1b7320e5fcdbb7ba54dc1d59fb974345,In Progress,InProgress,2026-03-24T19:52:40.000+00:00,2026-03-24,2026,March,03,Quarter 1,Not Started,NotStarted,2026-03-24T19:52:29.000+00:00,2026-03-24,2026,March,03,Quarter 1,OneTrust Automation,79f09a0f-fbd7-4439-9e1e-d48abe62c98e,False,0.0001273148148148148,https://Assessment/Assessment/c41ccb63-02c7-4486-b8ee-2dd7ff1b5bc5,Africa/Conakry,OTAuto02,b99df4a4-2bf5-4c08-9483-bd636470bc11,b99df4a4-2bf5-4c08-9483-bd636470bc11
c41ccb63-02c7-4486-b8ee-2dd7ff1b5bc5,assessment_43465_2539967,2280,2,e1c737b353856c3890fce31e8ce50b65,Under Review,UnderReview,2026-03-24T19:52:40.000+00:00,2026-03-24,2026,March,03,Quarter 1,In Progress,InProgress,2026-03-24T19:52:40.000+00:00,2026-03-24,2026,March,03,Quarter 1,OneTrust Automation,79f09a0f-fbd7-4439-9e1e-d48abe62c98e,False,0.0,https://Assessment/Assessment/c41ccb63-02c7-4486-b8ee-2dd7ff1b5bc5,Africa/Conakry,OTAuto02,b99df4a4-2bf5-4c08-9483-bd636470bc11,b99df4a4-2bf5-4c08-9483-bd636470bc11
c41ccb63-02c7-4486-b8ee-2dd7ff1b5bc5,assessment_43465_2539967,2280,3,aa3e686b0c761af83bc860491eff55c4,Completed,Completed,2026-03-24T19:52:41.000+00:00,2026-03-24,2026,March,03,Quarter 1,Under Review,UnderReview,2026-03-24T19:52:40.000+00:00,2026-03-24,2026,March,03,Quarter 1,OneTrust Automation,79f09a0f-fbd7-4439-9e1e-d48abe62c98e,True,1.1574074074074073e-05,https://Assessment/Assessment/c41ccb63-02c7-4486-b8ee-2dd7ff1b5bc5,Africa/Conakry,OTAuto02,b99df4a4-2bf5-4c08-9483-bd636470bc11,b99df4a4-2bf5-4c08-9483-bd636470bc11
c42b1b45-711a-4c50-8c6b-e5f518e8e251,Automated_Assessment_02_4741_26032026,3608,0,3051da6c5ca08a0152bf763fa864da1d,Not Started,NotStarted,2026-03-26T17:53:08.000+00:00,2026-03-26,2026,March,03,Quarter 1,,,,,,,,,OneTrust Automation,79f09a0f-fbd7-4439-9e1e-d48abe62c98e,False,,https://Assessment/Assessment/c42b1b45-711a-4c50-8c6b-e5f518e8e251,Africa/Conakry,OTAuto02,b99df4a4-2bf5-4c08-9483-bd636470bc11,b99df4a4-2bf5-4c08-9483-bd636470bc11
c42b1b45-711a-4c50-8c6b-e5f518e8e251,Automated_Assessment_02_4741_26032026,3608,1,29b264dbe7868f1d831efaaab2148e45,In Progress,InProgress,2026-03-26T17:53:09.000+00:00,2026-03-26,2026,March,03,Quarter 1,Not Started,NotStarted,2026-03-26T17:53:08.000+00:00,2026-03-26,2026,March,03,Quarter 1,OneTrust Automation,79f09a0f-fbd7-4439-9e1e-d48abe62c98e,False,1.1574074074074073e-05,https://Assessment/Assessment/c42b1b45-711a-4c50-8c6b-e5f518e8e251,Africa/Conakry,OTAuto02,b99df4a4-2bf5-4c08-9483-bd636470bc11,b99df4a4-2bf5-4c08-9483-bd636470bc11
c42b1b45-711a-4c50-8c6b-e5f518e8e251,Automated_Assessment_02_4741_26032026,3608,2,4428f3fa8c02f3221c1856931ae267a3,Under Review,UnderReview,2026-03-26T17:53:09.000+00:00,2026-03-26,2026,March,03,Quarter 1,In Progress,InProgress,2026-03-26T17:53:09.000+00:00,2026-03-26,2026,March,03,Quarter 1,OneTrust Automation,79f09a0f-fbd7-4439-9e1e-d48abe62c98e,True,0.0,https://Assessment/Assessment/c42b1b45-711a-4c50-8c6b-e5f518e8e251,Africa/Conakry,OTAuto02,b99df4a4-2bf5-4c08-9483-bd636470bc11,b99df4a4-2bf5-4c08-9483-bd636470bc11
c45aee77-1ad0-437b-ba1b-c297bcd4c639,Automated_Assessment_5409009,4841,0,1f2937da4e730ef3a4cb2f9dd0942dc2,Not Started,NotStarted,2026-03-27T01:33:29.000+00:00,2026-03-27,2026,March,03,Quarter 1,,,,,,,,,OneTrust Automation,79f09a0f-fbd7-4439-9e1e-d48abe62c98e,False,,https://Assessment/Assessment/c45aee77-1ad0-437b-ba1b-c297bcd4c639,Africa/Conakry,OTAuto02,b99df4a4-2bf5-4c08-9483-bd636470bc11,b99df4a4-2bf5-4c08-9483-bd636470bc11
c45aee77-1ad0-437b-ba1b-c297bcd4c639,Automated_Assessment_5409009,4841,1,a991b473b2b481d98016ec24d8c38874,In Progress,InProgress,2026-03-27T01:33:40.000+00:00,2026-03-27,2026,March,03,Quarter 1,Not Started,NotStarted,2026-03-27T01:33:29.000+00:00,2026-03-27,2026,March,03,Quarter 1,OneTrust Automation,79f09a0f-fbd7-4439-9e1e-d48abe62c98e,False,0.0001273148148148148,https://Assessment/Assessment/c45aee77-1ad0-437b-ba1b-c297bcd4c639,Africa/Conakry,OTAuto02,b99df4a4-2bf5-4c08-9483-bd636470bc11,b99df4a4-2bf5-4c08-9483-bd636470bc11
c45aee77-1ad0-437b-ba1b-c297bcd4c639,Automated_Assessment_5409009,4841,2,d747d4f2aa109bf7e9a7773ac2cc13c3,Under Review,UnderReview,2026-03-27T01:33:51.000+00:00,2026-03-27,2026,March,03,Quarter 1,In Progress,InProgress,2026-03-27T01:33:40.000+00:00,2026-03-27,2026,March,03,Quarter 1,OneTrust Automation,79f09a0f-fbd7-4439-9e1e-d48abe62c98e,True,0.0001273148148148148,https://Assessment/Assessment/c45aee77-1ad0-437b-ba1b-c297bcd4c639,Africa/Conakry,OTAuto02,b99df4a4-2bf5-4c08-9483-bd636470bc11,b99df4a4-2bf5-4c08-9483-bd636470bc11
c46fb924-b5b1-4a4e-b11b-553db58acec0,Assessment_7081_6689069,2705,0,d85eb4591011fe55a49589541d92d473,Not Started,NotStarted,2026-03-24T22:00:58.000+00:00,2026-03-24,2026,March,03,Quarter 1,,,,,,,,,OneTrust Automation,79f09a0f-fbd7-4439-9e1e-d48abe62c98e,False,,https://Assessment/Assessment/c46fb924-b5b1-4a4e-b11b-553db58acec0,Africa/Conakry,OTAuto02,b99df4a4-2bf5-4c08-9483-bd636470bc11,b99df4a4-2bf5-4c08-9483-bd636470bc11
c46fb924-b5b1-4a4e-b11b-553db58acec0,Assessment_7081_6689069,2705,1,5c96a16c8e019ea3b5395d1c767e9f95,In Progress,InProgress,2026-03-24T22:01:21.000+00:00,2026-03-24,2026,March,03,Quarter 1,Not Started,NotStarted,2026-03-24T22:00:58.000+00:00,2026-03-24,2026,March,03,Quarter 1,OneTrust Automation,79f09a0f-fbd7-4439-9e1e-d48abe62c98e,False,0.0002662037037037037,https://Assessment/Assessment/c46fb924-b5b1-4a4e-b11b-553db58acec0,Africa/Conakry,OTAuto02,b99df4a4-2bf5-4c08-9483-bd636470bc11,b99df4a4-2bf5-4c08-9483-bd636470bc11
c46fb924-b5b1-4a4e-b11b-553db58acec0,Assessment_7081_6689069,2705,2,6caa32b485b212a0529bcbdfb5cb06be,Under Review,UnderReview,2026-03-24T22:01:30.000+00:00,2026-03-24,2026,March,03,Quarter 1,In Progress,InProgress,2026-03-24T22:01:21.000+00:00,2026-03-24,2026,March,03,Quarter 1,OneTrust Automation,79f09a0f-fbd7-4439-9e1e-d48abe62c98e,True,0.00010416666666666667,https://Assessment/Assessment/c46fb924-b5b1-4a4e-b11b-553db58acec0,Africa/Conakry,OTAuto02,b99df4a4-2bf5-4c08-9483-bd636470bc11,b99df4a4-2bf5-4c08-9483-bd636470bc11
c4aa753c-8738-479c-9e0c-ceadc86c05b8,APIBulk_Assessment_2847091,1485,0,d5fd597c9e21cd4fda8183e357ac2ce7,Not Started,NotStarted,2026-03-20T01:42:15.000+00:00,2026-03-20,2026,March,03,Quarter 1,,,,,,,,,OneTrust Automation,79f09a0f-fbd7-4439-9e1e-d48abe62c98e,False,,https://Assessment/Assessment/c4aa753c-8738-479c-9e0c-ceadc86c05b8,Africa/Conakry,OTAuto02,b99df4a4-2bf5-4c08-9483-bd636470bc11,b99df4a4-2bf5-4c08-9483-bd636470bc11
c4aa753c-8738-479c-9e0c-ceadc86c05b8,APIBulk_Assessment_2847091,1485,1,47ece702a065b759cca8a2f88dde8717,In Progress,InProgress,2026-03-20T01:42:16.000+00:00,2026-03-20,2026,March,03,Quarter 1,Not Started,NotStarted,2026-03-20T01:42:15.000+00:00,2026-03-20,2026,March,03,Quarter 1,OneTrust Automation,79f09a0f-fbd7-4439-9e1e-d48abe62c98e,False,1.1574074074074073e-05,https://Assessment/Assessment/c4aa753c-8738-479c-9e0c-ceadc86c05b8,Africa/Conakry,OTAuto02,b99df4a4-2bf5-4c08-9483-bd636470bc11,b99df4a4-2bf5-4c08-9483-bd636470bc11
c4aa753c-8738-479c-9e0c-ceadc86c05b8,APIBulk_Assessment_2847091,1485,2,d1339b9b448a148fc7d64e999da96555,Under Review,UnderReview,2026-03-20T01:42:16.000+00:00,2026-03-20,2026,March,03,Quarter 1,In Progress,InProgress,2026-03-20T01:42:16.000+00:00,2026-03-20,2026,March,03,Quarter 1,OneTrust Automation,79f09a0f-fbd7-4439-9e1e-d48abe62c98e,False,0.0,https://Assessment/Assessment/c4aa753c-8738-479c-9e0c-ceadc86c05b8,Africa/Conakry,OTAuto02,b99df4a4-2bf5-4c08-9483-bd636470bc11,b99df4a4-2bf5-4c08-9483-bd636470bc11
c4aa753c-8738-479c-9e0c-ceadc86c05b8,APIBulk_Assessment_2847091,1485,3,b624c855a547141c05e84fb52c71965f,Completed,Completed,2026-03-20T01:42:17.000+00:00,2026-03-20,2026,March,03,Quarter 1,Under Review,UnderReview,2026-03-20T01:42:16.000+00:00,2026-03-20,2026,March,03,Quarter 1,OneTrust Automation,79f09a0f-fbd7-4439-9e1e-d48abe62c98e,True,1.1574074074074073e-05,https://Assessment/Assessment/c4aa753c-8738-479c-9e0c-ceadc86c05b8,Africa/Conakry,OTAuto02,b99df4a4-2bf5-4c08-9483-bd636470bc11,b99df4a4-2bf5-4c08-9483-bd636470bc11
c4b58355-f09c-459c-9b71-b8e4c999652e,AI_dataset_instance_1628_1_2522325 - template_instance_20462_7528201,4943,0,ca95767a99de66275dc6b199389f702c,Not Started,NotStarted,2026-03-27T05:02:55.000+00:00,2026-03-27,2026,March,03,Quarter 1,,,,,,,,,OneTrust User,918195e3-fcf1-4950-a0df-5a0c0b998b81,True,,https://Assessment/Assessment/c4b58355-f09c-459c-9b71-b8e4c999652e,Africa/Conakry,OTAuto02,b99df4a4-2bf5-4c08-9483-bd636470bc11,b99df4a4-2bf5-4c08-9483-bd636470bc11
c4c4d52e-9f7d-4379-951a-a61eb4b58ab0,a_8092271,1384,0,1a63fdefd410dd96331b393d640a7c33,Not Started,NotStarted,2026-03-20T00:05:56.000+00:00,2026-03-20,2026,March,03,Quarter 1,,,,,,,,,OneTrust Automation,79f09a0f-fbd7-4439-9e1e-d48abe62c98e,False,,https://Assessment/Assessment/c4c4d52e-9f7d-4379-951a-a61eb4b58ab0,Africa/Conakry,OTAuto02,b99df4a4-2bf5-4c08-9483-bd636470bc11,b99df4a4-2bf5-4c08-9483-bd636470bc11
c4c4d52e-9f7d-4379-951a-a61eb4b58ab0,a_8092271,1384,1,fcc4861881cb00ed78b817241fb1d733,In Progress,InProgress,2026-03-20T00:05:57.000+00:00,2026-03-20,2026,March,03,Quarter 1,Not Started,NotStarted,2026-03-20T00:05:56.000+00:00,2026-03-20,2026,March,03,Quarter 1,OneTrust Automation,79f09a0f-fbd7-4439-9e1e-d48abe62c98e,False,1.1574074074074073e-05,https://Assessment/Assessment/c4c4d52e-9f7d-4379-951a-a61eb4b58ab0,Africa/Conakry,OTAuto02,b99df4a4-2bf5-4c08-9483-bd636470bc11,b99df4a4-2bf5-4c08-9483-bd636470bc11
c4c4d52e-9f7d-4379-951a-a61eb4b58ab0,a_8092271,1384,2,4d30076bc0ab17b2dd5d09979c5c8326,Under Review,UnderReview,2026-03-20T00:05:57.000+00:00,2026-03-20,2026,March,03,Quarter 1,In Progress,InProgress,2026-03-20T00:05:57.000+00:00,2026-03-20,2026,March,03,Quarter 1,OneTrust Automation,79f09a0f-fbd7-4439-9e1e-d48abe62c98e,True,0.0,https://Assessment/Assessment/c4c4d52e-9f7d-4379-951a-a61eb4b58ab0,Africa/Conakry,OTAuto02,b99df4a4-2bf5-4c08-9483-bd636470bc11,b99df4a4-2bf5-4c08-9483-bd636470bc11
c4d19f71-a43c-4f93-85c6-953f05ba3364,Assessment_1812_6866786,4696,0,813aafd1ff784f06e937ecb4a2a2869d,Not Started,NotStarted,2026-03-26T23:30:10.000+00:00,2026-03-26,2026,March,03,Quarter 1,,,,,,,,,OneTrust Automation,79f09a0f-fbd7-4439-9e1e-d48abe62c98e,False,,https://Assessment/Assessment/c4d19f71-a43c-4f93-85c6-953f05ba3364,Africa/Conakry,OTAuto02,b99df4a4-2bf5-4c08-9483-bd636470bc11,b99df4a4-2bf5-4c08-9483-bd636470bc11
c4d19f71-a43c-4f93-85c6-953f05ba3364,Assessment_1812_6866786,4696,1,f2483e4f32121395427081a46c5d04d1,In Progress,InProgress,2026-03-26T23:30:12.000+00:00,2026-03-26,2026,March,03,Quarter 1,Not Started,NotStarted,2026-03-26T23:30:10.000+00:00,2026-03-26,2026,March,03,Quarter 1,OneTrust Automation,79f09a0f-fbd7-4439-9e1e-d48abe62c98e,False,2.3148148148148147e-05,https://Assessment/Assessment/c4d19f71-a43c-4f93-85c6-953f05ba3364,Africa/Conakry,OTAuto02,b99df4a4-2bf5-4c08-9483-bd636470bc11,b99df4a4-2bf5-4c08-9483-bd636470bc11
c4d19f71-a43c-4f93-85c6-953f05ba3364,Assessment_1812_6866786,4696,2,bc4aa9d75e74f8eb0adce3b00a4333c9,Under Review,UnderReview,2026-03-26T23:30:12.000+00:00,2026-03-26,2026,March,03,Quarter 1,In Progress,InProgress,2026-03-26T23:30:12.000+00:00,2026-03-26,2026,March,03,Quarter 1,OneTrust Automation,79f09a0f-fbd7-4439-9e1e-d48abe62c98e,True,0.0,https://Assessment/Assessment/c4d19f71-a43c-4f93-85c6-953f05ba3364,Africa/Conakry,OTAuto02,b99df4a4-2bf5-4c08-9483-bd636470bc11,b99df4a4-2bf5-4c08-9483-bd636470bc11
c4d7fd4b-8e70-4e37-880f-078f6cf22449,a_7333986,4775,0,8cc613c395e54db5a2058f6ea782af73,Not Started,NotStarted,2026-03-27T00:39:08.000+00:00,2026-03-27,2026,March,03,Quarter 1,,,,,,,,,OneTrust Automation,79f09a0f-fbd7-4439-9e1e-d48abe62c98e,False,,https://Assessment/Assessment/c4d7fd4b-8e70-4e37-880f-078f6cf22449,Africa/Conakry,OTAuto02,b99df4a4-2bf5-4c08-9483-bd636470bc11,b99df4a4-2bf5-4c08-9483-bd636470bc11
c4d7fd4b-8e70-4e37-880f-078f6cf22449,a_7333986,4775,1,0adaeb2f6f36982b34b6d120840788b2,In Progress,InProgress,2026-03-27T00:39:09.000+00:00,2026-03-27,2026,March,03,Quarter 1,Not Started,NotStarted,2026-03-27T00:39:08.000+00:00,2026-03-27,2026,March,03,Quarter 1,OneTrust Automation,79f09a0f-fbd7-4439-9e1e-d48abe62c98e,False,1.1574074074074073e-05,https://Assessment/Assessment/c4d7fd4b-8e70-4e37-880f-078f6cf22449,Africa/Conakry,OTAuto02,b99df4a4-2bf5-4c08-9483-bd636470bc11,b99df4a4-2bf5-4c08-9483-bd636470bc11
c4d7fd4b-8e70-4e37-880f-078f6cf22449,a_7333986,4775,2,1d6924c470be0af5057e20fff82c4870,Under Review,UnderReview,2026-03-27T00:39:09.000+00:00,2026-03-27,2026,March,03,Quarter 1,In Progress,InProgress,2026-03-27T00:39:09.000+00:00,2026-03-27,2026,March,03,Quarter 1,OneTrust Automation,79f09a0f-fbd7-4439-9e1e-d48abe62c98e,True,0.0,https://Assessment/Assessment/c4d7fd4b-8e70-4e37-880f-078f6cf22449,Africa/Conakry,OTAuto02,b99df4a4-2bf5-4c08-9483-bd636470bc11,b99df4a4-2bf5-4c08-9483-bd636470bc11
c4f4c749-1e9c-46d3-b4c3-f2f0450c58dc,Automated_Assessment_1_5865283,2869,0,6cf777087d3756cf22a68f6e958afbdf,Not Started,NotStarted,2026-03-25T00:02:05.000+00:00,2026-03-25,2026,March,03,Quarter 1,,,,,,,,,OneTrust Automation,79f09a0f-fbd7-4439-9e1e-d48abe62c98e,False,,https://Assessment/Assessment/c4f4c749-1e9c-46d3-b4c3-f2f0450c58dc,Africa/Conakry,OTAuto02,b99df4a4-2bf5-4c08-9483-bd636470bc11,b99df4a4-2bf5-4c08-9483-bd636470bc11
c4f4c749-1e9c-46d3-b4c3-f2f0450c58dc,Automated_Assessment_1_5865283,2869,1,6751d221f2d788b2a90cae20ffff1129,In Progress,InProgress,2026-03-25T00:02:49.000+00:00,2026-03-25,2026,March,03,Quarter 1,Not Started,NotStarted,2026-03-25T00:02:05.000+00:00,2026-03-25,2026,March,03,Quarter 1,OneTrust Automation,79f09a0f-fbd7-4439-9e1e-d48abe62c98e,True,0.0005092592592592592,https://Assessment/Assessment/c4f4c749-1e9c-46d3-b4c3-f2f0450c58dc,Africa/Conakry,OTAuto02,b99df4a4-2bf5-4c08-9483-bd636470bc11,b99df4a4-2bf5-4c08-9483-bd636470bc11
c4fd95bf-a793-413b-ac2b-45e3c7886621,Assessment_1210_2_24032026,1675,0,96fda6b95e162bbcb3cf997a7a63580d,Not Started,NotStarted,2026-03-24T17:27:01.000+00:00,2026-03-24,2026,March,03,Quarter 1,,,,,,,,,OneTrust Automation,79f09a0f-fbd7-4439-9e1e-d48abe62c98e,True,,https://Assessment/Assessment/c4fd95bf-a793-413b-ac2b-45e3c7886621,Africa/Conakry,OTAuto02,b99df4a4-2bf5-4c08-9483-bd636470bc11,b99df4a4-2bf5-4c08-9483-bd636470bc11
c504fda6-dc8a-4a3d-b196-476a1431bdb0,Automated_Assessment_9434238,3410,0,668f99c10a9965b333b0d1b5b5780906,Not Started,NotStarted,2026-03-26T05:29:20.000+00:00,2026-03-26,2026,March,03,Quarter 1,,,,,,,,,OneTrust Automation,79f09a0f-fbd7-4439-9e1e-d48abe62c98e,False,,https://Assessment/Assessment/c504fda6-dc8a-4a3d-b196-476a1431bdb0,Africa/Conakry,OTAuto02,b99df4a4-2bf5-4c08-9483-bd636470bc11,b99df4a4-2bf5-4c08-9483-bd636470bc11
c504fda6-dc8a-4a3d-b196-476a1431bdb0,Automated_Assessment_9434238,3410,1,9463263cc704a6c31ec9b43f0eeffc12,In Progress,InProgress,2026-03-26T05:30:51.000+00:00,2026-03-26,2026,March,03,Quarter 1,Not Started,NotStarted,2026-03-26T05:29:20.000+00:00,2026-03-26,2026,March,03,Quarter 1,OneTrust Automation,79f09a0f-fbd7-4439-9e1e-d48abe62c98e,True,0.0010532407407407407,https://Assessment/Assessment/c504fda6-dc8a-4a3d-b196-476a1431bdb0,Africa/Conakry,OTAuto02,b99df4a4-2bf5-4c08-9483-bd636470bc11,b99df4a4-2bf5-4c08-9483-bd636470bc11
c5428151-61b7-4b7a-ba0a-b03bf5a248b2,Default workflow test 123 - A_template_instance_105_7941352,5000,0,cb5621d02b19d2c94ee3decf01a1cdd7,Not Started,NotStarted,2026-03-30T08:48:50.000+00:00,2026-03-30,2026,March,03,Quarter 1,,,,,,,,,OneTrust Automation,79f09a0f-fbd7-4439-9e1e-d48abe62c98e,True,,https://Assessment/Assessment/c5428151-61b7-4b7a-ba0a-b03bf5a248b2,Africa/Conakry,OTAuto02,b99df4a4-2bf5-4c08-9483-bd636470bc11,b99df4a4-2bf5-4c08-9483-bd636470bc11
c56ebf87-27c2-4378-a43a-af97c8e7e3b6,assessment_42286_6601129,4345,0,3fcdd0cb4df3253acb2329f3b5c8a623,Not Started,NotStarted,2026-03-26T21:06:21.000+00:00,2026-03-26,2026,March,03,Quarter 1,,,,,,,,,OneTrust Automation,79f09a0f-fbd7-4439-9e1e-d48abe62c98e,False,,https://Assessment/Assessment/c56ebf87-27c2-4378-a43a-af97c8e7e3b6,Africa/Conakry,OTAuto02,b99df4a4-2bf5-4c08-9483-bd636470bc11,b99df4a4-2bf5-4c08-9483-bd636470bc11
c56ebf87-27c2-4378-a43a-af97c8e7e3b6,assessment_42286_6601129,4345,1,8c0d0a80c2dc25f37cafa573efcbecf2,Under Review,UnderReview,2026-03-26T21:06:22.000+00:00,2026-03-26,2026,March,03,Quarter 1,Not Started,NotStarted,2026-03-26T21:06:21.000+00:00,2026-03-26,2026,March,03,Quarter 1,OneTrust Automation,79f09a0f-fbd7-4439-9e1e-d48abe62c98e,True,1.1574074074074073e-05,https://Assessment/Assessment/c56ebf87-27c2-4378-a43a-af97c8e7e3b6,Africa/Conakry,OTAuto02,b99df4a4-2bf5-4c08-9483-bd636470bc11,b99df4a4-2bf5-4c08-9483-bd636470bc11
c59ead11-9189-400e-bbcf-5c59003a11d2,assessment_2638495,2124,0,ff28709c967bcf6395fba1cbb55f534c,Not Started,NotStarted,2026-03-24T19:19:23.000+00:00,2026-03-24,2026,March,03,Quarter 1,,,,,,,,,OneTrust Automation,79f09a0f-fbd7-4439-9e1e-d48abe62c98e,True,,https://Assessment/Assessment/c59ead11-9189-400e-bbcf-5c59003a11d2,Africa/Conakry,OTAuto02,b99df4a4-2bf5-4c08-9483-bd636470bc11,b99df4a4-2bf5-4c08-9483-bd636470bc11
c5a9caf6-bb5c-44b6-9441-53cb0c529af3,assessment_39526_2_24032026,1899,0,b65853878aa96a455e7f5ecd4181e250,Not Started,NotStarted,2026-03-24T18:10:57.000+00:00,2026-03-24,2026,March,03,Quarter 1,,,,,,,,,OneTrust Automation,79f09a0f-fbd7-4439-9e1e-d48abe62c98e,False,,https://Assessment/Assessment/c5a9caf6-bb5c-44b6-9441-53cb0c529af3,Africa/Conakry,OTAuto02,b99df4a4-2bf5-4c08-9483-bd636470bc11,b99df4a4-2bf5-4c08-9483-bd636470bc11
c5a9caf6-bb5c-44b6-9441-53cb0c529af3,assessment_39526_2_24032026,1899,1,647f30005b3959f6c07ae2a2aef8639a,In Progress,InProgress,2026-03-24T18:11:18.000+00:00,2026-03-24,2026,March,03,Quarter 1,Not Started,NotStarted,2026-03-24T18:10:57.000+00:00,2026-03-24,2026,March,03,Quarter 1,OneTrust Automation,79f09a0f-fbd7-4439-9e1e-d48abe62c98e,False,0.00024305555555555555,https://Assessment/Assessment/c5a9caf6-bb5c-44b6-9441-53cb0c529af3,Africa/Conakry,OTAuto02,b99df4a4-2bf5-4c08-9483-bd636470bc11,b99df4a4-2bf5-4c08-9483-bd636470bc11
c5a9caf6-bb5c-44b6-9441-53cb0c529af3,assessment_39526_2_24032026,1899,2,5d60c2f64df40d75fd297d4645fe8157,Under Review,UnderReview,2026-03-24T18:11:46.000+00:00,2026-03-24,2026,March,03,Quarter 1,In Progress,InProgress,2026-03-24T18:11:18.000+00:00,2026-03-24,2026,March,03,Quarter 1,OneTrust Automation,79f09a0f-fbd7-4439-9e1e-d48abe62c98e,False,0.00032407407407407406,https://Assessment/Assessment/c5a9caf6-bb5c-44b6-9441-53cb0c529af3,Africa/Conakry,OTAuto02,b99df4a4-2bf5-4c08-9483-bd636470bc11,b99df4a4-2bf5-4c08-9483-bd636470bc11
c5a9caf6-bb5c-44b6-9441-53cb0c529af3,assessment_39526_2_24032026,1899,3,4986637218549632676efa05c2ff78e7,Completed,Completed,2026-03-24T18:12:37.000+00:00,2026-03-24,2026,March,03,Quarter 1,Under Review,UnderReview,2026-03-24T18:11:46.000+00:00,2026-03-24,2026,March,03,Quarter 1,OneTrust Automation,79f09a0f-fbd7-4439-9e1e-d48abe62c98e,True,0.0005902777777777778,https://Assessment/Assessment/c5a9caf6-bb5c-44b6-9441-53cb0c529af3,Africa/Conakry,OTAuto02,b99df4a4-2bf5-4c08-9483-bd636470bc11,b99df4a4-2bf5-4c08-9483-bd636470bc11
c5b09f2c-345d-49b3-a380-974aae05fe08,Automated_Assessment_5858123,4347,0,bbee17197c477be409fd3367907219ef,Not Started,NotStarted,2026-03-26T21:07:27.000+00:00,2026-03-26,2026,March,03,Quarter 1,,,,,,,,,OneTrust Automation,79f09a0f-fbd7-4439-9e1e-d48abe62c98e,False,,https://Assessment/Assessment/c5b09f2c-345d-49b3-a380-974aae05fe08,Africa/Conakry,OTAuto02,b99df4a4-2bf5-4c08-9483-bd636470bc11,b99df4a4-2bf5-4c08-9483-bd636470bc11
c5b09f2c-345d-49b3-a380-974aae05fe08,Automated_Assessment_5858123,4347,1,899b7bf2bf5ddba9e28d42b717c2c7db,In Progress,InProgress,2026-03-26T21:09:41.000+00:00,2026-03-26,2026,March,03,Quarter 1,Not Started,NotStarted,2026-03-26T21:07:27.000+00:00,2026-03-26,2026,March,03,Quarter 1,OneTrust Automation,79f09a0f-fbd7-4439-9e1e-d48abe62c98e,False,0.0015509259259259259,https://Assessment/Assessment/c5b09f2c-345d-49b3-a380-974aae05fe08,Africa/Conakry,OTAuto02,b99df4a4-2bf5-4c08-9483-bd636470bc11,b99df4a4-2bf5-4c08-9483-bd636470bc11
c5b09f2c-345d-49b3-a380-974aae05fe08,Automated_Assessment_5858123,4347,2,49e92353e1a1cec2e25accdd78214e9a,Under Review,UnderReview,2026-03-26T21:10:14.000+00:00,2026-03-26,2026,March,03,Quarter 1,In Progress,InProgress,2026-03-26T21:09:41.000+00:00,2026-03-26,2026,March,03,Quarter 1,OneTrust Automation,79f09a0f-fbd7-4439-9e1e-d48abe62c98e,True,0.00038194444444444446,https://Assessment/Assessment/c5b09f2c-345d-49b3-a380-974aae05fe08,Africa/Conakry,OTAuto02,b99df4a4-2bf5-4c08-9483-bd636470bc11,b99df4a4-2bf5-4c08-9483-bd636470bc11
c5dd85ce-d159-4f4a-bb6e-34b781775670,LaunchAssessment_4226470,1490,0,c9fec38fc4c463eb995e50882c6a3f22,Not Started,NotStarted,2026-03-20T01:53:17.000+00:00,2026-03-20,2026,March,03,Quarter 1,,,,,,,,,OneTrust Automation,79f09a0f-fbd7-4439-9e1e-d48abe62c98e,False,,https://Assessment/Assessment/c5dd85ce-d159-4f4a-bb6e-34b781775670,Africa/Conakry,OTAuto02,b99df4a4-2bf5-4c08-9483-bd636470bc11,b99df4a4-2bf5-4c08-9483-bd636470bc11
c5dd85ce-d159-4f4a-bb6e-34b781775670,LaunchAssessment_4226470,1490,1,d0d239250a5ea266938f7195ae2029ad,In Progress,InProgress,2026-03-20T01:54:08.000+00:00,2026-03-20,2026,March,03,Quarter 1,Not Started,NotStarted,2026-03-20T01:53:17.000+00:00,2026-03-20,2026,March,03,Quarter 1,OneTrust Automation,79f09a0f-fbd7-4439-9e1e-d48abe62c98e,False,0.0005902777777777778,https://Assessment/Assessment/c5dd85ce-d159-4f4a-bb6e-34b781775670,Africa/Conakry,OTAuto02,b99df4a4-2bf5-4c08-9483-bd636470bc11,b99df4a4-2bf5-4c08-9483-bd636470bc11
c5dd85ce-d159-4f4a-bb6e-34b781775670,LaunchAssessment_4226470,1490,2,eaac9859397ef460a59c22a0d19adcb3,Under Review,UnderReview,2026-03-20T01:54:41.000+00:00,2026-03-20,2026,March,03,Quarter 1,In Progress,InProgress,2026-03-20T01:54:08.000+00:00,2026-03-20,2026,March,03,Quarter 1,OneTrust Automation,79f09a0f-fbd7-4439-9e1e-d48abe62c98e,False,0.00038194444444444446,https://Assessment/Assessment/c5dd85ce-d159-4f4a-bb6e-34b781775670,Africa/Conakry,OTAuto02,b99df4a4-2bf5-4c08-9483-bd636470bc11,b99df4a4-2bf5-4c08-9483-bd636470bc11
c5dd85ce-d159-4f4a-bb6e-34b781775670,LaunchAssessment_4226470,1490,3,9a54f5d08242cad11c2670f75a0931f4,Completed,Completed,2026-03-20T01:57:54.000+00:00,2026-03-20,2026,March,03,Quarter 1,Under Review,UnderReview,2026-03-20T01:54:41.000+00:00,2026-03-20,2026,March,03,Quarter 1,OneTrust Automation,79f09a0f-fbd7-4439-9e1e-d48abe62c98e,True,0.0022337962962962962,https://Assessment/Assessment/c5dd85ce-d159-4f4a-bb6e-34b781775670,Africa/Conakry,OTAuto02,b99df4a4-2bf5-4c08-9483-bd636470bc11,b99df4a4-2bf5-4c08-9483-bd636470bc11
c5e1263f-7684-40af-b7a5-b556f4181f10,automated_assessment_95820_3_8956780,4313,0,9c7b4d0871ca54b843c55098b531692a,Not Started,NotStarted,2026-03-26T20:53:34.000+00:00,2026-03-26,2026,March,03,Quarter 1,,,,,,,,,OneTrust Automation,79f09a0f-fbd7-4439-9e1e-d48abe62c98e,False,,https://Assessment/Assessment/c5e1263f-7684-40af-b7a5-b556f4181f10,Africa/Conakry,OTAuto02,b99df4a4-2bf5-4c08-9483-bd636470bc11,b99df4a4-2bf5-4c08-9483-bd636470bc11
c5e1263f-7684-40af-b7a5-b556f4181f10,automated_assessment_95820_3_8956780,4313,1,f11f0905fd28e2f205496adff61f08d0,In Progress,InProgress,2026-03-26T20:53:35.000+00:00,2026-03-26,2026,March,03,Quarter 1,Not Started,NotStarted,2026-03-26T20:53:34.000+00:00,2026-03-26,2026,March,03,Quarter 1,projectowner user,da43fe2d-46b8-4d39-8174-b857cd048aa4,False,1.1574074074074073e-05,https://Assessment/Assessment/c5e1263f-7684-40af-b7a5-b556f4181f10,Africa/Conakry,OTAuto02,b99df4a4-2bf5-4c08-9483-bd636470bc11,b99df4a4-2bf5-4c08-9483-bd636470bc11
c5e1263f-7684-40af-b7a5-b556f4181f10,automated_assessment_95820_3_8956780,4313,2,1a814e09d1c1fb6eafa16dc830255df2,Under Review,UnderReview,2026-03-26T20:53:36.000+00:00,2026-03-26,2026,March,03,Quarter 1,In Progress,InProgress,2026-03-26T20:53:35.000+00:00,2026-03-26,2026,March,03,Quarter 1,projectowner user,da43fe2d-46b8-4d39-8174-b857cd048aa4,True,1.1574074074074073e-05,https://Assessment/Assessment/c5e1263f-7684-40af-b7a5-b556f4181f10,Africa/Conakry,OTAuto02,b99df4a4-2bf5-4c08-9483-bd636470bc11,b99df4a4-2bf5-4c08-9483-bd636470bc11
c5f817d3-6e5a-44a7-91bd-65a923b8016e,Automated_Assessment_1901713,3603,0,afe8d4941bf92d5ea1152067c031253a,Not Started,NotStarted,2026-03-26T17:51:09.000+00:00,2026-03-26,2026,March,03,Quarter 1,,,,,,,,,OneTrust Automation,79f09a0f-fbd7-4439-9e1e-d48abe62c98e,False,,https://Assessment/Assessment/c5f817d3-6e5a-44a7-91bd-65a923b8016e,Africa/Conakry,OTAuto02,b99df4a4-2bf5-4c08-9483-bd636470bc11,b99df4a4-2bf5-4c08-9483-bd636470bc11
c5f817d3-6e5a-44a7-91bd-65a923b8016e,Automated_Assessment_1901713,3603,1,f1bc6fbf4ba2a82b9db15d69b34b5db5,In Progress,InProgress,2026-03-26T17:53:06.000+00:00,2026-03-26,2026,March,03,Quarter 1,Not Started,NotStarted,2026-03-26T17:51:09.000+00:00,2026-03-26,2026,March,03,Quarter 1,privacyofficer user,aa5e22c6-dc4f-473f-8aa5-46753f07d37d,False,0.0013541666666666667,https://Assessment/Assessment/c5f817d3-6e5a-44a7-91bd-65a923b8016e,Africa/Conakry,OTAuto02,b99df4a4-2bf5-4c08-9483-bd636470bc11,b99df4a4-2bf5-4c08-9483-bd636470bc11
c5f817d3-6e5a-44a7-91bd-65a923b8016e,Automated_Assessment_1901713,3603,2,6158acfe5cb87a4df9b999a49479e81e,Under Review,UnderReview,2026-03-26T17:53:12.000+00:00,2026-03-26,2026,March,03,Quarter 1,In Progress,InProgress,2026-03-26T17:53:06.000+00:00,2026-03-26,2026,March,03,Quarter 1,privacyofficer user,aa5e22c6-dc4f-473f-8aa5-46753f07d37d,True,6.944444444444444e-05,https://Assessment/Assessment/c5f817d3-6e5a-44a7-91bd-65a923b8016e,Africa/Conakry,OTAuto02,b99df4a4-2bf5-4c08-9483-bd636470bc11,b99df4a4-2bf5-4c08-9483-bd636470bc11
c61fde81-0c45-467b-9b7b-3795afa38b2b,automated_assessment_58880_9469965,634,0,31a3a4cb8a4ef3cbbd58a1b863cc9d89,Not Started,NotStarted,2026-03-19T18:29:30.000+00:00,2026-03-19,2026,March,03,Quarter 1,,,,,,,,,OneTrust Automation,79f09a0f-fbd7-4439-9e1e-d48abe62c98e,False,,https://Assessment/Assessment/c61fde81-0c45-467b-9b7b-3795afa38b2b,Africa/Conakry,OTAuto02,b99df4a4-2bf5-4c08-9483-bd636470bc11,b99df4a4-2bf5-4c08-9483-bd636470bc11
c61fde81-0c45-467b-9b7b-3795afa38b2b,automated_assessment_58880_9469965,634,1,c60ebc49ba867ba9937d8b443f8514dd,In Progress,InProgress,2026-03-19T18:33:01.000+00:00,2026-03-19,2026,March,03,Quarter 1,Not Started,NotStarted,2026-03-19T18:29:30.000+00:00,2026-03-19,2026,March,03,Quarter 1,OneTrust Automation,79f09a0f-fbd7-4439-9e1e-d48abe62c98e,False,0.0024421296296296296,https://Assessment/Assessment/c61fde81-0c45-467b-9b7b-3795afa38b2b,Africa/Conakry,OTAuto02,b99df4a4-2bf5-4c08-9483-bd636470bc11,b99df4a4-2bf5-4c08-9483-bd636470bc11
c61fde81-0c45-467b-9b7b-3795afa38b2b,automated_assessment_58880_9469965,634,2,c204ae6273db2cab74ccf67ee5251bfb,Under Review,UnderReview,2026-03-19T18:33:02.000+00:00,2026-03-19,2026,March,03,Quarter 1,In Progress,InProgress,2026-03-19T18:33:01.000+00:00,2026-03-19,2026,March,03,Quarter 1,OneTrust Automation,79f09a0f-fbd7-4439-9e1e-d48abe62c98e,False,1.1574074074074073e-05,https://Assessment/Assessment/c61fde81-0c45-467b-9b7b-3795afa38b2b,Africa/Conakry,OTAuto02,b99df4a4-2bf5-4c08-9483-bd636470bc11,b99df4a4-2bf5-4c08-9483-bd636470bc11
c61fde81-0c45-467b-9b7b-3795afa38b2b,automated_assessment_58880_9469965,634,3,73f15fdfadb674026c9d4cccf2630129,Completed,Completed,2026-03-19T18:33:03.000+00:00,2026-03-19,2026,March,03,Quarter 1,Under Review,UnderReview,2026-03-19T18:33:02.000+00:00,2026-03-19,2026,March,03,Quarter 1,OneTrust Automation,79f09a0f-fbd7-4439-9e1e-d48abe62c98e,True,1.1574074074074073e-05,https://Assessment/Assessment/c61fde81-0c45-467b-9b7b-3795afa38b2b,Africa/Conakry,OTAuto02,b99df4a4-2bf5-4c08-9483-bd636470bc11,b99df4a4-2bf5-4c08-9483-bd636470bc11
c6444195-c118-4615-a4a4-216c4677e688,Automated_Assessment_1126790,3412,0,d3c6ce387cc4d1f5250fba7736a45bb7,Not Started,NotStarted,2026-03-26T05:31:03.000+00:00,2026-03-26,2026,March,03,Quarter 1,,,,,,,,,OneTrust Automation,79f09a0f-fbd7-4439-9e1e-d48abe62c98e,False,,https://Assessment/Assessment/c6444195-c118-4615-a4a4-216c4677e688,Africa/Conakry,OTAuto02,b99df4a4-2bf5-4c08-9483-bd636470bc11,b99df4a4-2bf5-4c08-9483-bd636470bc11
c6444195-c118-4615-a4a4-216c4677e688,Automated_Assessment_1126790,3412,1,716b7927733afde6ff50219151a9b1c9,In Progress,InProgress,2026-03-26T05:33:40.000+00:00,2026-03-26,2026,March,03,Quarter 1,Not Started,NotStarted,2026-03-26T05:31:03.000+00:00,2026-03-26,2026,March,03,Quarter 1,OneTrust Automation,79f09a0f-fbd7-4439-9e1e-d48abe62c98e,True,0.0018171296296296297,https://Assessment/Assessment/c6444195-c118-4615-a4a4-216c4677e688,Africa/Conakry,OTAuto02,b99df4a4-2bf5-4c08-9483-bd636470bc11,b99df4a4-2bf5-4c08-9483-bd636470bc11
c649414f-244e-4209-ad3f-7af1658bb21b,vendor_2089232 - automation_template_2865658,564,0,8da97ef68c3853aa16ef87fed0cf498a,Not Started,NotStarted,2026-03-19T18:15:02.000+00:00,2026-03-19,2026,March,03,Quarter 1,,,,,,,,,OneTrust User,918195e3-fcf1-4950-a0df-5a0c0b998b81,True,,https://Assessment/Assessment/c649414f-244e-4209-ad3f-7af1658bb21b,Africa/Conakry,OTAuto02,b99df4a4-2bf5-4c08-9483-bd636470bc11,b99df4a4-2bf5-4c08-9483-bd636470bc11
c678f44c-51ee-4172-b8fe-4a9fa2d94521,automated_assessment_72139_org1_6607705,3308,0,b714942eb82cffa21c2ef3eb9c0a7a36,Not Started,NotStarted,2026-03-25T11:34:53.000+00:00,2026-03-25,2026,March,03,Quarter 1,,,,,,,,,OneTrust Automation,79f09a0f-fbd7-4439-9e1e-d48abe62c98e,True,,https://Assessment/Assessment/c678f44c-51ee-4172-b8fe-4a9fa2d94521,Africa/Conakry,OTAuto02,b99df4a4-2bf5-4c08-9483-bd636470bc11,b99df4a4-2bf5-4c08-9483-bd636470bc11
c6930bec-ea86-4f5a-9734-46c07eb2eab2,assessment_1_7490252,2319,0,46229a4ce52831fc88604befbe511b36,Not Started,NotStarted,2026-03-24T20:05:23.000+00:00,2026-03-24,2026,March,03,Quarter 1,,,,,,,,,OneTrust Automation,79f09a0f-fbd7-4439-9e1e-d48abe62c98e,True,,https://Assessment/Assessment/c6930bec-ea86-4f5a-9734-46c07eb2eab2,Africa/Conakry,asset_org_2_child,2cf501da-b928-4345-ae5a-f27ca9bdc56e,2cf501da-b928-4345-ae5a-f27ca9bdc56e
c6930bec-ea86-4f5a-9734-46c07eb2eab2,assessment_1_7490252,2319,0,46229a4ce52831fc88604befbe511b36,Not Started,NotStarted,2026-03-24T20:05:23.000+00:00,2026-03-24,2026,March,03,Quarter 1,,,,,,,,,OneTrust Automation,79f09a0f-fbd7-4439-9e1e-d48abe62c98e,True,,https://Assessment/Assessment/c6930bec-ea86-4f5a-9734-46c07eb2eab2,Africa/Conakry,asset_org_2_child,2cf501da-b928-4345-ae5a-f27ca9bdc56e,b99df4a4-2bf5-4c08-9483-bd636470bc11
c6930bec-ea86-4f5a-9734-46c07eb2eab2,assessment_1_7490252,2319,0,46229a4ce52831fc88604befbe511b36,Not Started,NotStarted,2026-03-24T20:05:23.000+00:00,2026-03-24,2026,March,03,Quarter 1,,,,,,,,,OneTrust Automation,79f09a0f-fbd7-4439-9e1e-d48abe62c98e,True,,https://Assessment/Assessment/c6930bec-ea86-4f5a-9734-46c07eb2eab2,Africa/Conakry,asset_org_2_child,2cf501da-b928-4345-ae5a-f27ca9bdc56e,ca7d34db-b12a-4ae2-ab00-d474099bc28a
c6991e13-5357-47aa-bc59-4f54b4ddc007,Automated_Assessment_7608_19032026,213,0,9349a924aacd3766e5621ef8e2fc5f70,Not Started,NotStarted,2026-03-19T16:48:17.000+00:00,2026-03-19,2026,March,03,Quarter 1,,,,,,,,,OneTrust Automation,79f09a0f-fbd7-4439-9e1e-d48abe62c98e,False,,https://Assessment/Assessment/c6991e13-5357-47aa-bc59-4f54b4ddc007,Africa/Conakry,OTAuto02,b99df4a4-2bf5-4c08-9483-bd636470bc11,b99df4a4-2bf5-4c08-9483-bd636470bc11
c6991e13-5357-47aa-bc59-4f54b4ddc007,Automated_Assessment_7608_19032026,213,1,09e73f87ca7713c7ec9743959a9ff492,In Progress,InProgress,2026-03-19T16:48:28.000+00:00,2026-03-19,2026,March,03,Quarter 1,Not Started,NotStarted,2026-03-19T16:48:17.000+00:00,2026-03-19,2026,March,03,Quarter 1,OneTrust Automation,79f09a0f-fbd7-4439-9e1e-d48abe62c98e,False,0.0001273148148148148,https://Assessment/Assessment/c6991e13-5357-47aa-bc59-4f54b4ddc007,Africa/Conakry,OTAuto02,b99df4a4-2bf5-4c08-9483-bd636470bc11,b99df4a4-2bf5-4c08-9483-bd636470bc11
c6991e13-5357-47aa-bc59-4f54b4ddc007,Automated_Assessment_7608_19032026,213,2,d900cc5c3b0d3e0e9f8ac80a2afea1ed,Under Review,UnderReview,2026-03-19T16:48:37.000+00:00,2026-03-19,2026,March,03,Quarter 1,In Progress,InProgress,2026-03-19T16:48:28.000+00:00,2026-03-19,2026,March,03,Quarter 1,OneTrust Automation,79f09a0f-fbd7-4439-9e1e-d48abe62c98e,True,0.00010416666666666667,https://Assessment/Assessment/c6991e13-5357-47aa-bc59-4f54b4ddc007,Africa/Conakry,OTAuto02,b99df4a4-2bf5-4c08-9483-bd636470bc11,b99df4a4-2bf5-4c08-9483-bd636470bc11
c69fbe8b-f337-4d12-8872-e4d61fb9bb91,Inventory_Assessment_8681274,3686,0,1c5bb49418fbcdf85fd135a82d1e50dd,Not Started,NotStarted,2026-03-26T18:10:03.000+00:00,2026-03-26,2026,March,03,Quarter 1,,,,,,,,,OneTrust Automation,79f09a0f-fbd7-4439-9e1e-d48abe62c98e,False,,https://Assessment/Assessment/c69fbe8b-f337-4d12-8872-e4d61fb9bb91,Africa/Conakry,OTAuto02,b99df4a4-2bf5-4c08-9483-bd636470bc11,b99df4a4-2bf5-4c08-9483-bd636470bc11
c69fbe8b-f337-4d12-8872-e4d61fb9bb91,Inventory_Assessment_8681274,3686,1,ae55ac58d2b23efc71fb92aad7ddff68,In Progress,InProgress,2026-03-26T18:10:14.000+00:00,2026-03-26,2026,March,03,Quarter 1,Not Started,NotStarted,2026-03-26T18:10:03.000+00:00,2026-03-26,2026,March,03,Quarter 1,OneTrust Automation,79f09a0f-fbd7-4439-9e1e-d48abe62c98e,False,0.0001273148148148148,https://Assessment/Assessment/c69fbe8b-f337-4d12-8872-e4d61fb9bb91,Africa/Conakry,OTAuto02,b99df4a4-2bf5-4c08-9483-bd636470bc11,b99df4a4-2bf5-4c08-9483-bd636470bc11
c69fbe8b-f337-4d12-8872-e4d61fb9bb91,Inventory_Assessment_8681274,3686,2,a51fb064761ec69e7207d325e16721a8,Under Review,UnderReview,2026-03-26T18:10:15.000+00:00,2026-03-26,2026,March,03,Quarter 1,In Progress,InProgress,2026-03-26T18:10:14.000+00:00,2026-03-26,2026,March,03,Quarter 1,OneTrust Automation,79f09a0f-fbd7-4439-9e1e-d48abe62c98e,True,1.1574074074074073e-05,https://Assessment/Assessment/c69fbe8b-f337-4d12-8872-e4d61fb9bb91,Africa/Conakry,OTAuto02,b99df4a4-2bf5-4c08-9483-bd636470bc11,b99df4a4-2bf5-4c08-9483-bd636470bc11
c6d1108f-0d6e-496e-b198-401c471ef5bd,automation_project_42833_6300990,351,0,87e3e5ce14174841abee146881663535,Not Started,NotStarted,2026-03-19T17:12:26.000+00:00,2026-03-19,2026,March,03,Quarter 1,,,,,,,,,OneTrust Automation,79f09a0f-fbd7-4439-9e1e-d48abe62c98e,False,,https://Assessment/Assessment/c6d1108f-0d6e-496e-b198-401c471ef5bd,Africa/Conakry,OTAuto02,b99df4a4-2bf5-4c08-9483-bd636470bc11,b99df4a4-2bf5-4c08-9483-bd636470bc11
c6d1108f-0d6e-496e-b198-401c471ef5bd,automation_project_42833_6300990,351,1,f42dc3d7af72afb58eaeccc7f10da53e,In Progress,InProgress,2026-03-19T17:13:27.000+00:00,2026-03-19,2026,March,03,Quarter 1,Not Started,NotStarted,2026-03-19T17:12:26.000+00:00,2026-03-19,2026,March,03,Quarter 1,OneTrust Automation,79f09a0f-fbd7-4439-9e1e-d48abe62c98e,False,0.0007060185185185185,https://Assessment/Assessment/c6d1108f-0d6e-496e-b198-401c471ef5bd,Africa/Conakry,OTAuto02,b99df4a4-2bf5-4c08-9483-bd636470bc11,b99df4a4-2bf5-4c08-9483-bd636470bc11
c6d1108f-0d6e-496e-b198-401c471ef5bd,automation_project_42833_6300990,351,2,ef9ebacc34136f20e10b946e13dd3976,Under Review,UnderReview,2026-03-19T17:13:33.000+00:00,2026-03-19,2026,March,03,Quarter 1,In Progress,InProgress,2026-03-19T17:13:27.000+00:00,2026-03-19,2026,March,03,Quarter 1,OneTrust Automation,79f09a0f-fbd7-4439-9e1e-d48abe62c98e,False,6.944444444444444e-05,https://Assessment/Assessment/c6d1108f-0d6e-496e-b198-401c471ef5bd,Africa/Conakry,OTAuto02,b99df4a4-2bf5-4c08-9483-bd636470bc11,b99df4a4-2bf5-4c08-9483-bd636470bc11
c6d1108f-0d6e-496e-b198-401c471ef5bd,automation_project_42833_6300990,351,3,25e0e9dbb08e572cbde5221c2ecb55c7,Completed,Completed,2026-03-19T17:16:17.000+00:00,2026-03-19,2026,March,03,Quarter 1,Under Review,UnderReview,2026-03-19T17:13:33.000+00:00,2026-03-19,2026,March,03,Quarter 1,OneTrust Automation,79f09a0f-fbd7-4439-9e1e-d48abe62c98e,True,0.0018981481481481482,https://Assessment/Assessment/c6d1108f-0d6e-496e-b198-401c471ef5bd,Africa/Conakry,OTAuto02,b99df4a4-2bf5-4c08-9483-bd636470bc11,b99df4a4-2bf5-4c08-9483-bd636470bc11
c6ddec54-ace1-4d8f-8d50-c098803df9a6,Reassess_Assessment_8873513,531,0,f339ed771f1899735429679b3a663b7c,Not Started,NotStarted,2026-03-19T18:02:23.000+00:00,2026-03-19,2026,March,03,Quarter 1,,,,,,,,,OneTrust Automation,79f09a0f-fbd7-4439-9e1e-d48abe62c98e,True,,https://Assessment/Assessment/c6ddec54-ace1-4d8f-8d50-c098803df9a6,Africa/Conakry,OTAuto02,b99df4a4-2bf5-4c08-9483-bd636470bc11,b99df4a4-2bf5-4c08-9483-bd636470bc11
c6e5292d-2704-4aaf-ae59-233fa252b31d,a_9247227,4784,0,29b46a38811f69022c05bfa5973b6458,Not Started,NotStarted,2026-03-27T00:48:06.000+00:00,2026-03-27,2026,March,03,Quarter 1,,,,,,,,,OneTrust Automation,79f09a0f-fbd7-4439-9e1e-d48abe62c98e,False,,https://Assessment/Assessment/c6e5292d-2704-4aaf-ae59-233fa252b31d,Africa/Conakry,OTAuto02,b99df4a4-2bf5-4c08-9483-bd636470bc11,b99df4a4-2bf5-4c08-9483-bd636470bc11
c6e5292d-2704-4aaf-ae59-233fa252b31d,a_9247227,4784,1,cc47eb77c902c7e90fc86c94aa6fe235,In Progress,InProgress,2026-03-27T00:48:07.000+00:00,2026-03-27,2026,March,03,Quarter 1,Not Started,NotStarted,2026-03-27T00:48:06.000+00:00,2026-03-27,2026,March,03,Quarter 1,OneTrust Automation,79f09a0f-fbd7-4439-9e1e-d48abe62c98e,True,1.1574074074074073e-05,https://Assessment/Assessment/c6e5292d-2704-4aaf-ae59-233fa252b31d,Africa/Conakry,OTAuto02,b99df4a4-2bf5-4c08-9483-bd636470bc11,b99df4a4-2bf5-4c08-9483-bd636470bc11
c6e8c98d-4817-46a3-9f4c-32f6103f0be5,Automated_Assessment_9365944,4862,0,a8d8c479a6912282280bb093cd10bf22,Not Started,NotStarted,2026-03-27T01:46:51.000+00:00,2026-03-27,2026,March,03,Quarter 1,,,,,,,,,OneTrust Automation,79f09a0f-fbd7-4439-9e1e-d48abe62c98e,False,,https://Assessment/Assessment/c6e8c98d-4817-46a3-9f4c-32f6103f0be5,Africa/Conakry,OTAuto02,b99df4a4-2bf5-4c08-9483-bd636470bc11,b99df4a4-2bf5-4c08-9483-bd636470bc11
c6e8c98d-4817-46a3-9f4c-32f6103f0be5,Automated_Assessment_9365944,4862,1,d8d743f69e22cbe00c9f6390220ddbe5,In Progress,InProgress,2026-03-27T01:48:40.000+00:00,2026-03-27,2026,March,03,Quarter 1,Not Started,NotStarted,2026-03-27T01:46:51.000+00:00,2026-03-27,2026,March,03,Quarter 1,OneTrust Automation,79f09a0f-fbd7-4439-9e1e-d48abe62c98e,False,0.001261574074074074,https://Assessment/Assessment/c6e8c98d-4817-46a3-9f4c-32f6103f0be5,Africa/Conakry,OTAuto02,b99df4a4-2bf5-4c08-9483-bd636470bc11,b99df4a4-2bf5-4c08-9483-bd636470bc11
c6e8c98d-4817-46a3-9f4c-32f6103f0be5,Automated_Assessment_9365944,4862,2,a934f7d7bba98e6308196dec6d82aab4,Under Review,UnderReview,2026-03-27T01:48:40.000+00:00,2026-03-27,2026,March,03,Quarter 1,In Progress,InProgress,2026-03-27T01:48:40.000+00:00,2026-03-27,2026,March,03,Quarter 1,OneTrust Automation,79f09a0f-fbd7-4439-9e1e-d48abe62c98e,True,0.0,https://Assessment/Assessment/c6e8c98d-4817-46a3-9f4c-32f6103f0be5,Africa/Conakry,OTAuto02,b99df4a4-2bf5-4c08-9483-bd636470bc11,b99df4a4-2bf5-4c08-9483-bd636470bc11
c6ea0ef7-39d2-42ee-8e9e-f94ffc6273dd,Automated_662761,3140,0,930bc37c35f9da4c14bfd5d7cde16a5d,Not Started,NotStarted,2026-03-25T05:55:48.000+00:00,2026-03-25,2026,March,03,Quarter 1,,,,,,,,,OneTrust Automation,79f09a0f-fbd7-4439-9e1e-d48abe62c98e,False,,https://Assessment/Assessment/c6ea0ef7-39d2-42ee-8e9e-f94ffc6273dd,Africa/Conakry,OTAuto02,b99df4a4-2bf5-4c08-9483-bd636470bc11,b99df4a4-2bf5-4c08-9483-bd636470bc11
c6ea0ef7-39d2-42ee-8e9e-f94ffc6273dd,Automated_662761,3140,1,54d228daafa1826c130ef0c7b2bb7d61,In Progress,InProgress,2026-03-25T05:55:48.000+00:00,2026-03-25,2026,March,03,Quarter 1,Not Started,NotStarted,2026-03-25T05:55:48.000+00:00,2026-03-25,2026,March,03,Quarter 1,OneTrust Automation,79f09a0f-fbd7-4439-9e1e-d48abe62c98e,False,0.0,https://Assessment/Assessment/c6ea0ef7-39d2-42ee-8e9e-f94ffc6273dd,Africa/Conakry,OTAuto02,b99df4a4-2bf5-4c08-9483-bd636470bc11,b99df4a4-2bf5-4c08-9483-bd636470bc11
c6ea0ef7-39d2-42ee-8e9e-f94ffc6273dd,Automated_662761,3140,2,464a14a57cebaaa88e4c121d6cccba69,Under Review,UnderReview,2026-03-25T05:55:48.000+00:00,2026-03-25,2026,March,03,Quarter 1,In Progress,InProgress,2026-03-25T05:55:48.000+00:00,2026-03-25,2026,March,03,Quarter 1,OneTrust Automation,79f09a0f-fbd7-4439-9e1e-d48abe62c98e,True,0.0,https://Assessment/Assessment/c6ea0ef7-39d2-42ee-8e9e-f94ffc6273dd,Africa/Conakry,OTAuto02,b99df4a4-2bf5-4c08-9483-bd636470bc11,b99df4a4-2bf5-4c08-9483-bd636470bc11
c6ea447b-4ecb-439f-a177-6b124a79a990,automation_assessment_49311_6582465,2673,0,0367e83efbe91b449932f0c3384bba9f,Not Started,NotStarted,2026-03-24T21:50:29.000+00:00,2026-03-24,2026,March,03,Quarter 1,,,,,,,,,OneTrust Automation,79f09a0f-fbd7-4439-9e1e-d48abe62c98e,False,,https://Assessment/Assessment/c6ea447b-4ecb-439f-a177-6b124a79a990,Africa/Conakry,OTAuto02,b99df4a4-2bf5-4c08-9483-bd636470bc11,b99df4a4-2bf5-4c08-9483-bd636470bc11
c6ea447b-4ecb-439f-a177-6b124a79a990,automation_assessment_49311_6582465,2673,1,97d51a4c9adcb997826636cad18fb879,In Progress,InProgress,2026-03-24T21:50:47.000+00:00,2026-03-24,2026,March,03,Quarter 1,Not Started,NotStarted,2026-03-24T21:50:29.000+00:00,2026-03-24,2026,March,03,Quarter 1,OneTrust Automation,79f09a0f-fbd7-4439-9e1e-d48abe62c98e,False,0.00020833333333333335,https://Assessment/Assessment/c6ea447b-4ecb-439f-a177-6b124a79a990,Africa/Conakry,OTAuto02,b99df4a4-2bf5-4c08-9483-bd636470bc11,b99df4a4-2bf5-4c08-9483-bd636470bc11
c6ea447b-4ecb-439f-a177-6b124a79a990,automation_assessment_49311_6582465,2673,2,2bd0c135133dee7f904d3158aa957d60,Under Review,UnderReview,2026-03-24T21:50:48.000+00:00,2026-03-24,2026,March,03,Quarter 1,In Progress,InProgress,2026-03-24T21:50:47.000+00:00,2026-03-24,2026,March,03,Quarter 1,OneTrust Automation,79f09a0f-fbd7-4439-9e1e-d48abe62c98e,False,1.1574074074074073e-05,https://Assessment/Assessment/c6ea447b-4ecb-439f-a177-6b124a79a990,Africa/Conakry,OTAuto02,b99df4a4-2bf5-4c08-9483-bd636470bc11,b99df4a4-2bf5-4c08-9483-bd636470bc11
c6ea447b-4ecb-439f-a177-6b124a79a990,automation_assessment_49311_6582465,2673,3,6274cb16b185428a6ba4eed86a473079,Completed,Completed,2026-03-24T21:51:43.000+00:00,2026-03-24,2026,March,03,Quarter 1,Under Review,UnderReview,2026-03-24T21:50:48.000+00:00,2026-03-24,2026,March,03,Quarter 1,OneTrust Automation,79f09a0f-fbd7-4439-9e1e-d48abe62c98e,False,0.0006365740740740741,https://Assessment/Assessment/c6ea447b-4ecb-439f-a177-6b124a79a990,Africa/Conakry,OTAuto02,b99df4a4-2bf5-4c08-9483-bd636470bc11,b99df4a4-2bf5-4c08-9483-bd636470bc11
c6ea447b-4ecb-439f-a177-6b124a79a990,automation_assessment_49311_6582465,2673,4,fda5a3c0f3c7a87559b113280736ae22,Under Review,UnderReview,2026-03-24T21:51:51.000+00:00,2026-03-24,2026,March,03,Quarter 1,Completed,Completed,2026-03-24T21:51:43.000+00:00,2026-03-24,2026,March,03,Quarter 1,OneTrust Automation,79f09a0f-fbd7-4439-9e1e-d48abe62c98e,True,9.259259259259259e-05,https://Assessment/Assessment/c6ea447b-4ecb-439f-a177-6b124a79a990,Africa/Conakry,OTAuto02,b99df4a4-2bf5-4c08-9483-bd636470bc11,b99df4a4-2bf5-4c08-9483-bd636470bc11
c70495f5-73a0-4c56-9cb0-afe10bf27816,Assessment_Vendor_4253_1051443,4694,0,b9af74a4e9061d29eab0811a9175941e,Not Started,NotStarted,2026-03-26T23:29:53.000+00:00,2026-03-26,2026,March,03,Quarter 1,,,,,,,,,OneTrust Automation,79f09a0f-fbd7-4439-9e1e-d48abe62c98e,True,,https://Assessment/Assessment/c70495f5-73a0-4c56-9cb0-afe10bf27816,Africa/Conakry,OTAuto02,b99df4a4-2bf5-4c08-9483-bd636470bc11,b99df4a4-2bf5-4c08-9483-bd636470bc11
c7564611-add8-45c4-bbe4-11fea0274818,Section_Assigned_Assessment_01_7140534,667,0,d8cd907e13017e3de9e4064ac7f42b1d,Not Started,NotStarted,2026-03-19T18:37:17.000+00:00,2026-03-19,2026,March,03,Quarter 1,,,,,,,,,OneTrust Automation,79f09a0f-fbd7-4439-9e1e-d48abe62c98e,True,,https://Assessment/Assessment/c7564611-add8-45c4-bbe4-11fea0274818,Africa/Conakry,OTAuto02,b99df4a4-2bf5-4c08-9483-bd636470bc11,b99df4a4-2bf5-4c08-9483-bd636470bc11
c75e2ee7-224a-4eb9-b851-fdfefa74e7cb,OneTrust Automation_Template_44459 Template_44459_7066846_03/26/2026,4170,0,936eac41719f69c1f8e05bdb988e6371,Not Started,NotStarted,2026-03-26T20:11:50.000+00:00,2026-03-26,2026,March,03,Quarter 1,,,,,,,,,OneTrust Automation,79f09a0f-fbd7-4439-9e1e-d48abe62c98e,True,,https://Assessment/Assessment/c75e2ee7-224a-4eb9-b851-fdfefa74e7cb,Africa/Conakry,OTAuto02,b99df4a4-2bf5-4c08-9483-bd636470bc11,b99df4a4-2bf5-4c08-9483-bd636470bc11
c76288b8-99a7-4a98-bb3a-58ead19542aa,control_3388847_assessment_3388847,4029,0,a1c1c7cd0499bb245a1a173ff21d17e7,Not Started,NotStarted,2026-03-26T19:40:57.000+00:00,2026-03-26,2026,March,03,Quarter 1,,,,,,,,,OneTrust Automation,79f09a0f-fbd7-4439-9e1e-d48abe62c98e,False,,https://Assessment/Assessment/c76288b8-99a7-4a98-bb3a-58ead19542aa,Africa/Conakry,OTAuto02,b99df4a4-2bf5-4c08-9483-bd636470bc11,b99df4a4-2bf5-4c08-9483-bd636470bc11
c76288b8-99a7-4a98-bb3a-58ead19542aa,control_3388847_assessment_3388847,4029,1,8567054590d0672cd06af16f4fef5ff8,In Progress,InProgress,2026-03-26T19:41:25.000+00:00,2026-03-26,2026,March,03,Quarter 1,Not Started,NotStarted,2026-03-26T19:40:57.000+00:00,2026-03-26,2026,March,03,Quarter 1,OneTrust Automation,79f09a0f-fbd7-4439-9e1e-d48abe62c98e,True,0.00032407407407407406,https://Assessment/Assessment/c76288b8-99a7-4a98-bb3a-58ead19542aa,Africa/Conakry,OTAuto02,b99df4a4-2bf5-4c08-9483-bd636470bc11,b99df4a4-2bf5-4c08-9483-bd636470bc11
c768e974-c920-40a9-a63d-8a92627e73c5,Assessment_1_8352329,3663,0,81a9c2bdda0621e174f35e88e2331b6b,Not Started,NotStarted,2026-03-26T18:04:50.000+00:00,2026-03-26,2026,March,03,Quarter 1,,,,,,,,,OneTrust Automation,79f09a0f-fbd7-4439-9e1e-d48abe62c98e,False,,https://Assessment/Assessment/c768e974-c920-40a9-a63d-8a92627e73c5,Africa/Conakry,OTAuto02,b99df4a4-2bf5-4c08-9483-bd636470bc11,b99df4a4-2bf5-4c08-9483-bd636470bc11
c768e974-c920-40a9-a63d-8a92627e73c5,Assessment_1_8352329,3663,1,8eab711673d23dde2a48641537ecdd06,In Progress,InProgress,2026-03-26T18:05:30.000+00:00,2026-03-26,2026,March,03,Quarter 1,Not Started,NotStarted,2026-03-26T18:04:50.000+00:00,2026-03-26,2026,March,03,Quarter 1,onettenant+8352329@svc.onetrust.com (External),055c3c9e-0fe3-428b-9368-3d1bebb598ee,False,0.000462962962962963,https://Assessment/Assessment/c768e974-c920-40a9-a63d-8a92627e73c5,Africa/Conakry,OTAuto02,b99df4a4-2bf5-4c08-9483-bd636470bc11,b99df4a4-2bf5-4c08-9483-bd636470bc11
c768e974-c920-40a9-a63d-8a92627e73c5,Assessment_1_8352329,3663,2,b64d2bd0e5503b7779f854ede941a7a7,Under Review,UnderReview,2026-03-26T18:07:51.000+00:00,2026-03-26,2026,March,03,Quarter 1,In Progress,InProgress,2026-03-26T18:05:30.000+00:00,2026-03-26,2026,March,03,Quarter 1,OneTrust Automation,79f09a0f-fbd7-4439-9e1e-d48abe62c98e,True,0.0016319444444444445,https://Assessment/Assessment/c768e974-c920-40a9-a63d-8a92627e73c5,Africa/Conakry,OTAuto02,b99df4a4-2bf5-4c08-9483-bd636470bc11,b99df4a4-2bf5-4c08-9483-bd636470bc11
c774ab3d-1c83-428c-b9a5-1cbd2a91d52b,SSPAssessment_627873,4704,0,3ff991119133b734723bbe5028b0fae2,Not Started,NotStarted,2026-03-26T23:37:16.000+00:00,2026-03-26,2026,March,03,Quarter 1,,,,,,,,,OneTrust Automation,79f09a0f-fbd7-4439-9e1e-d48abe62c98e,False,,https://Assessment/Assessment/c774ab3d-1c83-428c-b9a5-1cbd2a91d52b,Africa/Conakry,OTAuto02,b99df4a4-2bf5-4c08-9483-bd636470bc11,b99df4a4-2bf5-4c08-9483-bd636470bc11
c774ab3d-1c83-428c-b9a5-1cbd2a91d52b,SSPAssessment_627873,4704,1,6125be0819d3a8d00db30f63919d586c,Under Review,UnderReview,2026-03-26T23:37:17.000+00:00,2026-03-26,2026,March,03,Quarter 1,Not Started,NotStarted,2026-03-26T23:37:16.000+00:00,2026-03-26,2026,March,03,Quarter 1,OneTrust Automation,79f09a0f-fbd7-4439-9e1e-d48abe62c98e,True,1.1574074074074073e-05,https://Assessment/Assessment/c774ab3d-1c83-428c-b9a5-1cbd2a91d52b,Africa/Conakry,OTAuto02,b99df4a4-2bf5-4c08-9483-bd636470bc11,b99df4a4-2bf5-4c08-9483-bd636470bc11
c77eb80c-aec2-4f3b-abde-a2b176e41b02,APIBulk_Assessment_7853416,2856,0,b58574840b63f876b561e8b26d95bf77,Not Started,NotStarted,2026-03-24T23:47:11.000+00:00,2026-03-24,2026,March,03,Quarter 1,,,,,,,,,OneTrust Automation,79f09a0f-fbd7-4439-9e1e-d48abe62c98e,True,,https://Assessment/Assessment/c77eb80c-aec2-4f3b-abde-a2b176e41b02,Africa/Conakry,OTAuto02,b99df4a4-2bf5-4c08-9483-bd636470bc11,b99df4a4-2bf5-4c08-9483-bd636470bc11
c796242e-87a8-4a3a-85af-ee7c0a0d8031,automation_assessment_7116992,1453,0,e3d3025db34de446ad17df2f1fd928bd,Not Started,NotStarted,2026-03-20T01:01:00.000+00:00,2026-03-20,2026,March,03,Quarter 1,,,,,,,,,OneTrust Automation,79f09a0f-fbd7-4439-9e1e-d48abe62c98e,True,,https://Assessment/Assessment/c796242e-87a8-4a3a-85af-ee7c0a0d8031,Africa/Conakry,OTAuto02,b99df4a4-2bf5-4c08-9483-bd636470bc11,b99df4a4-2bf5-4c08-9483-bd636470bc11
c7972699-3121-4fa9-b489-f42d7bc8a575,Copy_Automated_Assessment_53871_6261004,3372,0,2b4a8aa6b4bf29da016a18f20039b7dc,Not Started,NotStarted,2026-03-26T05:03:10.000+00:00,2026-03-26,2026,March,03,Quarter 1,,,,,,,,,OneTrust Automation,79f09a0f-fbd7-4439-9e1e-d48abe62c98e,True,,https://Assessment/Assessment/c7972699-3121-4fa9-b489-f42d7bc8a575,Africa/Conakry,OTAuto02,b99df4a4-2bf5-4c08-9483-bd636470bc11,b99df4a4-2bf5-4c08-9483-bd636470bc11
c79f264e-6ed6-45fe-9306-619bddaeee96,Automated_Assessment_68691_5089279,3468,0,a3c675ef7a5f9f07daf975f64b7b9a63,Not Started,NotStarted,2026-03-26T06:08:31.000+00:00,2026-03-26,2026,March,03,Quarter 1,,,,,,,,,OneTrust Automation,79f09a0f-fbd7-4439-9e1e-d48abe62c98e,False,,https://Assessment/Assessment/c79f264e-6ed6-45fe-9306-619bddaeee96,Africa/Conakry,OTAuto02,b99df4a4-2bf5-4c08-9483-bd636470bc11,b99df4a4-2bf5-4c08-9483-bd636470bc11
c79f264e-6ed6-45fe-9306-619bddaeee96,Automated_Assessment_68691_5089279,3468,1,f902c0612651b7171017fc69a607a20a,In Progress,InProgress,2026-03-26T06:08:31.000+00:00,2026-03-26,2026,March,03,Quarter 1,Not Started,NotStarted,2026-03-26T06:08:31.000+00:00,2026-03-26,2026,March,03,Quarter 1,OneTrust Automation,79f09a0f-fbd7-4439-9e1e-d48abe62c98e,False,0.0,https://Assessment/Assessment/c79f264e-6ed6-45fe-9306-619bddaeee96,Africa/Conakry,OTAuto02,b99df4a4-2bf5-4c08-9483-bd636470bc11,b99df4a4-2bf5-4c08-9483-bd636470bc11
c79f264e-6ed6-45fe-9306-619bddaeee96,Automated_Assessment_68691_5089279,3468,2,622d49e5100a314a0b2039bc8c4e6b22,Under Review,UnderReview,2026-03-26T06:08:32.000+00:00,2026-03-26,2026,March,03,Quarter 1,In Progress,InProgress,2026-03-26T06:08:31.000+00:00,2026-03-26,2026,March,03,Quarter 1,OneTrust Automation,79f09a0f-fbd7-4439-9e1e-d48abe62c98e,False,1.1574074074074073e-05,https://Assessment/Assessment/c79f264e-6ed6-45fe-9306-619bddaeee96,Africa/Conakry,OTAuto02,b99df4a4-2bf5-4c08-9483-bd636470bc11,b99df4a4-2bf5-4c08-9483-bd636470bc11
c79f264e-6ed6-45fe-9306-619bddaeee96,Automated_Assessment_68691_5089279,3468,3,62b20627919340254d11982d0fcde0bb,Completed,Completed,2026-03-26T06:08:33.000+00:00,2026-03-26,2026,March,03,Quarter 1,Under Review,UnderReview,2026-03-26T06:08:32.000+00:00,2026-03-26,2026,March,03,Quarter 1,OneTrust Automation,79f09a0f-fbd7-4439-9e1e-d48abe62c98e,True,1.1574074074074073e-05,https://Assessment/Assessment/c79f264e-6ed6-45fe-9306-619bddaeee96,Africa/Conakry,OTAuto02,b99df4a4-2bf5-4c08-9483-bd636470bc11,b99df4a4-2bf5-4c08-9483-bd636470bc11
c7beef46-5270-49ea-9382-254aa088619b,Assessment_6043693,4284,0,611ba76492bb939d835ba901cfdbc0ab,Not Started,NotStarted,2026-03-26T20:49:03.000+00:00,2026-03-26,2026,March,03,Quarter 1,,,,,,,,,OneTrust Automation,79f09a0f-fbd7-4439-9e1e-d48abe62c98e,False,,https://Assessment/Assessment/c7beef46-5270-49ea-9382-254aa088619b,Africa/Conakry,OTAuto02,b99df4a4-2bf5-4c08-9483-bd636470bc11,b99df4a4-2bf5-4c08-9483-bd636470bc11
c7beef46-5270-49ea-9382-254aa088619b,Assessment_6043693,4284,1,112eeb904e4b2af98cc22e65350d7c18,In Progress,InProgress,2026-03-26T20:49:14.000+00:00,2026-03-26,2026,March,03,Quarter 1,Not Started,NotStarted,2026-03-26T20:49:03.000+00:00,2026-03-26,2026,March,03,Quarter 1,OneTrust Automation,79f09a0f-fbd7-4439-9e1e-d48abe62c98e,False,0.0001273148148148148,https://Assessment/Assessment/c7beef46-5270-49ea-9382-254aa088619b,Africa/Conakry,OTAuto02,b99df4a4-2bf5-4c08-9483-bd636470bc11,b99df4a4-2bf5-4c08-9483-bd636470bc11
c7beef46-5270-49ea-9382-254aa088619b,Assessment_6043693,4284,2,c33a9f0941fd8e1ab931f6b68f6f56c8,Under Review,UnderReview,2026-03-26T20:51:18.000+00:00,2026-03-26,2026,March,03,Quarter 1,In Progress,InProgress,2026-03-26T20:49:14.000+00:00,2026-03-26,2026,March,03,Quarter 1,OneTrust Automation,79f09a0f-fbd7-4439-9e1e-d48abe62c98e,True,0.0014351851851851852,https://Assessment/Assessment/c7beef46-5270-49ea-9382-254aa088619b,Africa/Conakry,OTAuto02,b99df4a4-2bf5-4c08-9483-bd636470bc11,b99df4a4-2bf5-4c08-9483-bd636470bc11
c7e3d66c-6003-43b9-a848-259343403249,Automated_Assessment_9558815,3599,0,d67876b7afd7085c4f0b18a5c3ef7d10,Not Started,NotStarted,2026-03-26T17:50:14.000+00:00,2026-03-26,2026,March,03,Quarter 1,,,,,,,,,OneTrust Automation,79f09a0f-fbd7-4439-9e1e-d48abe62c98e,False,,https://Assessment/Assessment/c7e3d66c-6003-43b9-a848-259343403249,Africa/Conakry,OTAuto02,b99df4a4-2bf5-4c08-9483-bd636470bc11,b99df4a4-2bf5-4c08-9483-bd636470bc11
c7e3d66c-6003-43b9-a848-259343403249,Automated_Assessment_9558815,3599,1,e03a90576e9b02fd3e15161d0b65f394,In Progress,InProgress,2026-03-26T17:50:25.000+00:00,2026-03-26,2026,March,03,Quarter 1,Not Started,NotStarted,2026-03-26T17:50:14.000+00:00,2026-03-26,2026,March,03,Quarter 1,OneTrust Automation,79f09a0f-fbd7-4439-9e1e-d48abe62c98e,False,0.0001273148148148148,https://Assessment/Assessment/c7e3d66c-6003-43b9-a848-259343403249,Africa/Conakry,OTAuto02,b99df4a4-2bf5-4c08-9483-bd636470bc11,b99df4a4-2bf5-4c08-9483-bd636470bc11
c7e3d66c-6003-43b9-a848-259343403249,Automated_Assessment_9558815,3599,2,ce7f96d38f805fbbfd55d0f212069382,Under Review,UnderReview,2026-03-26T17:52:42.000+00:00,2026-03-26,2026,March,03,Quarter 1,In Progress,InProgress,2026-03-26T17:50:25.000+00:00,2026-03-26,2026,March,03,Quarter 1,OneTrust Automation,79f09a0f-fbd7-4439-9e1e-d48abe62c98e,True,0.001585648148148148,https://Assessment/Assessment/c7e3d66c-6003-43b9-a848-259343403249,Africa/Conakry,OTAuto02,b99df4a4-2bf5-4c08-9483-bd636470bc11,b99df4a4-2bf5-4c08-9483-bd636470bc11
c7ec72a1-9225-4c70-8f71-93472110ecb7,AI_dataset_instance_1628_1_346983 - template_instance_20462_3805899,5022,0,081a109169aed4c15f289d8dc96aa556,Not Started,NotStarted,2026-03-30T09:25:09.000+00:00,2026-03-30,2026,March,03,Quarter 1,,,,,,,,,OneTrust User,918195e3-fcf1-4950-a0df-5a0c0b998b81,True,,https://Assessment/Assessment/c7ec72a1-9225-4c70-8f71-93472110ecb7,Africa/Conakry,OTAuto02,b99df4a4-2bf5-4c08-9483-bd636470bc11,b99df4a4-2bf5-4c08-9483-bd636470bc11
c7fbeb1d-5536-4393-a88b-b14a2ed7c56c,a-3085108,2941,0,3dae572313c818521b0fff3cf0502d04,Not Started,NotStarted,2026-03-25T00:51:12.000+00:00,2026-03-25,2026,March,03,Quarter 1,,,,,,,,,OneTrust Automation,79f09a0f-fbd7-4439-9e1e-d48abe62c98e,False,,https://Assessment/Assessment/c7fbeb1d-5536-4393-a88b-b14a2ed7c56c,Africa/Conakry,OTAuto02,b99df4a4-2bf5-4c08-9483-bd636470bc11,b99df4a4-2bf5-4c08-9483-bd636470bc11
c7fbeb1d-5536-4393-a88b-b14a2ed7c56c,a-3085108,2941,1,1358149f89865a83e9f66f588d138008,In Progress,InProgress,2026-03-25T00:52:15.000+00:00,2026-03-25,2026,March,03,Quarter 1,Not Started,NotStarted,2026-03-25T00:51:12.000+00:00,2026-03-25,2026,March,03,Quarter 1,OneTrust Automation,79f09a0f-fbd7-4439-9e1e-d48abe62c98e,False,0.0007291666666666667,https://Assessment/Assessment/c7fbeb1d-5536-4393-a88b-b14a2ed7c56c,Africa/Conakry,OTAuto02,b99df4a4-2bf5-4c08-9483-bd636470bc11,b99df4a4-2bf5-4c08-9483-bd636470bc11
c7fbeb1d-5536-4393-a88b-b14a2ed7c56c,a-3085108,2941,2,a082ff55ee84e0c4804761ab4fb028b7,Under Review,UnderReview,2026-03-25T00:53:38.000+00:00,2026-03-25,2026,March,03,Quarter 1,In Progress,InProgress,2026-03-25T00:52:15.000+00:00,2026-03-25,2026,March,03,Quarter 1,OneTrust Automation,79f09a0f-fbd7-4439-9e1e-d48abe62c98e,True,0.0009606481481481482,https://Assessment/Assessment/c7fbeb1d-5536-4393-a88b-b14a2ed7c56c,Africa/Conakry,OTAuto02,b99df4a4-2bf5-4c08-9483-bd636470bc11,b99df4a4-2bf5-4c08-9483-bd636470bc11
c80fefec-61ad-4320-931e-e87af5e67516,Parent_Assessment_3375148,4385,0,2ce303b1d2946d3d0060bbc50d494eef,Not Started,NotStarted,2026-03-26T21:16:38.000+00:00,2026-03-26,2026,March,03,Quarter 1,,,,,,,,,OneTrust Automation,79f09a0f-fbd7-4439-9e1e-d48abe62c98e,False,,https://Assessment/Assessment/c80fefec-61ad-4320-931e-e87af5e67516,Africa/Conakry,OTAuto02,b99df4a4-2bf5-4c08-9483-bd636470bc11,b99df4a4-2bf5-4c08-9483-bd636470bc11
c80fefec-61ad-4320-931e-e87af5e67516,Parent_Assessment_3375148,4385,1,40af7091e17410e313b16951df315103,In Progress,InProgress,2026-03-26T21:16:39.000+00:00,2026-03-26,2026,March,03,Quarter 1,Not Started,NotStarted,2026-03-26T21:16:38.000+00:00,2026-03-26,2026,March,03,Quarter 1,OneTrust Automation,79f09a0f-fbd7-4439-9e1e-d48abe62c98e,False,1.1574074074074073e-05,https://Assessment/Assessment/c80fefec-61ad-4320-931e-e87af5e67516,Africa/Conakry,OTAuto02,b99df4a4-2bf5-4c08-9483-bd636470bc11,b99df4a4-2bf5-4c08-9483-bd636470bc11
c80fefec-61ad-4320-931e-e87af5e67516,Parent_Assessment_3375148,4385,2,7c3d035e66c1cc67ef51581ea69edb5d,Under Review,UnderReview,2026-03-26T21:16:39.000+00:00,2026-03-26,2026,March,03,Quarter 1,In Progress,InProgress,2026-03-26T21:16:39.000+00:00,2026-03-26,2026,March,03,Quarter 1,OneTrust Automation,79f09a0f-fbd7-4439-9e1e-d48abe62c98e,True,0.0,https://Assessment/Assessment/c80fefec-61ad-4320-931e-e87af5e67516,Africa/Conakry,OTAuto02,b99df4a4-2bf5-4c08-9483-bd636470bc11,b99df4a4-2bf5-4c08-9483-bd636470bc11
c81893cd-2b06-46b3-8a05-58ae607d7fd2,automation_project_33958_9695060,2434,0,603ba3e5a1383d96703430a6a4ffdee9,Not Started,NotStarted,2026-03-24T20:38:19.000+00:00,2026-03-24,2026,March,03,Quarter 1,,,,,,,,,OneTrust Automation,79f09a0f-fbd7-4439-9e1e-d48abe62c98e,False,,https://Assessment/Assessment/c81893cd-2b06-46b3-8a05-58ae607d7fd2,Africa/Conakry,OTAuto02,b99df4a4-2bf5-4c08-9483-bd636470bc11,b99df4a4-2bf5-4c08-9483-bd636470bc11
c81893cd-2b06-46b3-8a05-58ae607d7fd2,automation_project_33958_9695060,2434,1,a0f82ebe98489e3493b4dfff0e5472ca,Under Review,UnderReview,2026-03-24T20:38:20.000+00:00,2026-03-24,2026,March,03,Quarter 1,Not Started,NotStarted,2026-03-24T20:38:19.000+00:00,2026-03-24,2026,March,03,Quarter 1,OneTrust Automation,79f09a0f-fbd7-4439-9e1e-d48abe62c98e,True,1.1574074074074073e-05,https://Assessment/Assessment/c81893cd-2b06-46b3-8a05-58ae607d7fd2,Africa/Conakry,OTAuto02,b99df4a4-2bf5-4c08-9483-bd636470bc11,b99df4a4-2bf5-4c08-9483-bd636470bc11
c82e2aa2-b33c-4e5e-a1cc-9a4881936070,AI_dataset_instance_1628_1_2522325 - template_instance_20462_2466846,5034,0,336c90784c663acd4b5f1f1d49588d42,Not Started,NotStarted,2026-03-30T17:30:08.000+00:00,2026-03-30,2026,March,03,Quarter 1,,,,,,,,,OneTrust User,918195e3-fcf1-4950-a0df-5a0c0b998b81,True,,https://Assessment/Assessment/c82e2aa2-b33c-4e5e-a1cc-9a4881936070,Africa/Conakry,OTAuto02,b99df4a4-2bf5-4c08-9483-bd636470bc11,b99df4a4-2bf5-4c08-9483-bd636470bc11
c8378bc5-23a6-4b24-9b4b-56beb54b98a3,automation_project_TCT_5887039,3107,0,5911de87270fae0e94b2563d1e4bc5b1,Not Started,NotStarted,2026-03-25T04:00:25.000+00:00,2026-03-25,2026,March,03,Quarter 1,,,,,,,,,OneTrust Automation,79f09a0f-fbd7-4439-9e1e-d48abe62c98e,False,,https://Assessment/Assessment/c8378bc5-23a6-4b24-9b4b-56beb54b98a3,Africa/Conakry,OTAuto02,b99df4a4-2bf5-4c08-9483-bd636470bc11,b99df4a4-2bf5-4c08-9483-bd636470bc11
c8378bc5-23a6-4b24-9b4b-56beb54b98a3,automation_project_TCT_5887039,3107,1,89f33826d451d49959408561b2b0769d,In Progress,InProgress,2026-03-25T04:00:26.000+00:00,2026-03-25,2026,March,03,Quarter 1,Not Started,NotStarted,2026-03-25T04:00:25.000+00:00,2026-03-25,2026,March,03,Quarter 1,OneTrust Automation,79f09a0f-fbd7-4439-9e1e-d48abe62c98e,False,1.1574074074074073e-05,https://Assessment/Assessment/c8378bc5-23a6-4b24-9b4b-56beb54b98a3,Africa/Conakry,OTAuto02,b99df4a4-2bf5-4c08-9483-bd636470bc11,b99df4a4-2bf5-4c08-9483-bd636470bc11
c8378bc5-23a6-4b24-9b4b-56beb54b98a3,automation_project_TCT_5887039,3107,2,2ced27c7e122f820462879e4336595b7,Under Review,UnderReview,2026-03-25T04:00:26.000+00:00,2026-03-25,2026,March,03,Quarter 1,In Progress,InProgress,2026-03-25T04:00:26.000+00:00,2026-03-25,2026,March,03,Quarter 1,OneTrust Automation,79f09a0f-fbd7-4439-9e1e-d48abe62c98e,True,0.0,https://Assessment/Assessment/c8378bc5-23a6-4b24-9b4b-56beb54b98a3,Africa/Conakry,OTAuto02,b99df4a4-2bf5-4c08-9483-bd636470bc11,b99df4a4-2bf5-4c08-9483-bd636470bc11
c8407b98-de4b-4e5d-ad3b-67c745dc69ca,Automated_Assessment_319384,4004,0,8e256f7144c71ff4e00faafaeeebfb6c,Not Started,NotStarted,2026-03-26T19:33:13.000+00:00,2026-03-26,2026,March,03,Quarter 1,,,,,,,,,OneTrust Automation,79f09a0f-fbd7-4439-9e1e-d48abe62c98e,False,,https://Assessment/Assessment/c8407b98-de4b-4e5d-ad3b-67c745dc69ca,Africa/Conakry,OTAuto02,b99df4a4-2bf5-4c08-9483-bd636470bc11,b99df4a4-2bf5-4c08-9483-bd636470bc11
c8407b98-de4b-4e5d-ad3b-67c745dc69ca,Automated_Assessment_319384,4004,1,3c26ee733ddfef2597a6b49daaa300ae,In Progress,InProgress,2026-03-26T19:35:25.000+00:00,2026-03-26,2026,March,03,Quarter 1,Not Started,NotStarted,2026-03-26T19:33:13.000+00:00,2026-03-26,2026,March,03,Quarter 1,OneTrust Automation,79f09a0f-fbd7-4439-9e1e-d48abe62c98e,True,0.0015277777777777779,https://Assessment/Assessment/c8407b98-de4b-4e5d-ad3b-67c745dc69ca,Africa/Conakry,OTAuto02,b99df4a4-2bf5-4c08-9483-bd636470bc11,b99df4a4-2bf5-4c08-9483-bd636470bc11
c87eba1e-c43b-4dba-bb18-53895f2af60a,Automated_Assessment_525_6281298,2992,0,0c711fb16ab93408e6e48676f8ffdd95,Not Started,NotStarted,2026-03-25T01:25:24.000+00:00,2026-03-25,2026,March,03,Quarter 1,,,,,,,,,OneTrust Automation,79f09a0f-fbd7-4439-9e1e-d48abe62c98e,False,,https://Assessment/Assessment/c87eba1e-c43b-4dba-bb18-53895f2af60a,Africa/Conakry,OTAuto02,b99df4a4-2bf5-4c08-9483-bd636470bc11,b99df4a4-2bf5-4c08-9483-bd636470bc11
