entityTypeReference,entityId,entityNumber,entityName,stageId,workflowId,workflow,stage,createdBy,updatedBy,createdDateTime,createdDate,createdYear,createdMonth,createdMonthNumber,createdQuarter,updatedDateTime,updatedDate,updatedYear,updatedMonth,updatedMonthNumber,updatedQuarter,timeZoneID,orgId,orgName,parentOrgID,createdByUserEmail
Access Control,9d844594-0f5a-41ba-96cd-7284e342e66c,Access Control,automated_controlName_3029572,4b3c85d9-f93a-42eb-98c5-0590eb368dea,automated_controlName_3029572,Active,Active,Active,,,,,,,,,,,FedRAMP,8e029b33-7408-4620-a7c3-5053edfbf15b,FedRAMP,85b81f43-7b0a-425f-9fab-8890983bdbc4,automated_controlID_3029572,automated_controlid_30295,2026-04-06T14:27:35.000+00:00,2026-04-06,2026,April,04,Quarter 2,4b3c85d9-f93a-42eb-98c5-0590eb368dea,,,,,2564,,,,RiskName_3029572,d9abd16e-5df1-48ee-b7b9-04e8ffbec31f,RiskName_3029572,Risks,Risks,Risk.RiskControl,,,,Pending,Pending,Pending,075069de-c608-4765-9775-c7fe426932f7,Default Control Workflow,PENDING,PENDING,https://Control/Control/85b81f43-7b0a-425f-9fab-8890983bdbc4,Antarctica/South_Pole,b99df4a4-2bf5-4c08-9483-bd636470bc11,OTAuto02,b99df4a4-2bf5-4c08-9483-bd636470bc11
Access Control,9d844594-0f5a-41ba-96cd-7284e342e66c,Access Control,automated_controlName_3029572,4b3c85d9-f93a-42eb-98c5-0590eb368dea,automated_controlName_3029572,Active,Active,Active,,,,,,,,,,,FedRAMP,8e029b33-7408-4620-a7c3-5053edfbf15b,FedRAMP,85b81f43-7b0a-425f-9fab-8890983bdbc4,automated_controlID_3029572,automated_controlid_30295,2026-04-06T02:27:35.000+00:00,2026-04-06,2026,April,04,Quarter 2,4b3c85d9-f93a-42eb-98c5-0590eb368dea,,,,,2564,,,,RiskName_3029572,d9abd16e-5df1-48ee-b7b9-04e8ffbec31f,RiskName_3029572,Risks,Risks,Risk.RiskControl,,,,Pending,Pending,Pending,075069de-c608-4765-9775-c7fe426932f7,Default Control Workflow,PENDING,PENDING,https://Control/Control/85b81f43-7b0a-425f-9fab-8890983bdbc4,Africa/Freetown,b99df4a4-2bf5-4c08-9483-bd636470bc11,OTAuto02,b99df4a4-2bf5-4c08-9483-bd636470bc11
Access Control,9d844594-0f5a-41ba-96cd-7284e342e66c,Access Control,automated_controlName_3029572,4b3c85d9-f93a-42eb-98c5-0590eb368dea,automated_controlName_3029572,Active,Active,Active,,,,,,,,,,,FedRAMP,8e029b33-7408-4620-a7c3-5053edfbf15b,FedRAMP,85b81f43-7b0a-425f-9fab-8890983bdbc4,automated_controlID_3029572,automated_controlid_30295,2026-04-06T07:27:35.000+00:00,2026-04-06,2026,April,04,Quarter 2,4b3c85d9-f93a-42eb-98c5-0590eb368dea,,,,,2564,,,,RiskName_3029572,d9abd16e-5df1-48ee-b7b9-04e8ffbec31f,RiskName_3029572,Risks,Risks,Risk.RiskControl,,,,Pending,Pending,Pending,075069de-c608-4765-9775-c7fe426932f7,Default Control Workflow,PENDING,PENDING,https://Control/Control/85b81f43-7b0a-425f-9fab-8890983bdbc4,Asia/Atyrau,b99df4a4-2bf5-4c08-9483-bd636470bc11,OTAuto02,b99df4a4-2bf5-4c08-9483-bd636470bc11
Access Control,9d844594-0f5a-41ba-96cd-7284e342e66c,Access Control,automated_controlName_3029572,4b3c85d9-f93a-42eb-98c5-0590eb368dea,automated_controlName_3029572,Active,Active,Active,,,,,,,,,,,FedRAMP,8e029b33-7408-4620-a7c3-5053edfbf15b,FedRAMP,85b81f43-7b0a-425f-9fab-8890983bdbc4,automated_controlID_3029572,automated_controlid_30295,2026-04-05T22:27:35.000+00:00,2026-04-05,2026,April,04,Quarter 2,4b3c85d9-f93a-42eb-98c5-0590eb368dea,,,,,2564,,,,RiskName_3029572,d9abd16e-5df1-48ee-b7b9-04e8ffbec31f,RiskName_3029572,Risks,Risks,Risk.RiskControl,,,,Pending,Pending,Pending,075069de-c608-4765-9775-c7fe426932f7,Default Control Workflow,PENDING,PENDING,https://Control/Control/85b81f43-7b0a-425f-9fab-8890983bdbc4,America/Santo_Domingo,b99df4a4-2bf5-4c08-9483-bd636470bc11,OTAuto02,b99df4a4-2bf5-4c08-9483-bd636470bc11
Access Control,9d844594-0f5a-41ba-96cd-7284e342e66c,Access Control,automated_controlName_3029572,4b3c85d9-f93a-42eb-98c5-0590eb368dea,automated_controlName_3029572,Active,Active,Active,,,,,,,,,,,FedRAMP,8e029b33-7408-4620-a7c3-5053edfbf15b,FedRAMP,85b81f43-7b0a-425f-9fab-8890983bdbc4,automated_controlID_3029572,automated_controlid_30295,2026-04-06T10:27:35.000+00:00,2026-04-06,2026,April,04,Quarter 2,4b3c85d9-f93a-42eb-98c5-0590eb368dea,,,,,2564,,,,RiskName_3029572,d9abd16e-5df1-48ee-b7b9-04e8ffbec31f,RiskName_3029572,Risks,Risks,Risk.RiskControl,,,,Pending,Pending,Pending,075069de-c608-4765-9775-c7fe426932f7,Default Control Workflow,PENDING,PENDING,https://Control/Control/85b81f43-7b0a-425f-9fab-8890983bdbc4,Asia/Macau,b99df4a4-2bf5-4c08-9483-bd636470bc11,OTAuto02,b99df4a4-2bf5-4c08-9483-bd636470bc11
Access Control,9d844594-0f5a-41ba-96cd-7284e342e66c,Access Control,automated_controlName_3029572,4b3c85d9-f93a-42eb-98c5-0590eb368dea,automated_controlName_3029572,Active,Active,Active,,,,,,,,,,,FedRAMP,8e029b33-7408-4620-a7c3-5053edfbf15b,FedRAMP,85b81f43-7b0a-425f-9fab-8890983bdbc4,automated_controlID_3029572,automated_controlid_30295,2026-04-05T20:27:35.000+00:00,2026-04-05,2026,April,04,Quarter 2,4b3c85d9-f93a-42eb-98c5-0590eb368dea,,,,,2564,,,,RiskName_3029572,d9abd16e-5df1-48ee-b7b9-04e8ffbec31f,RiskName_3029572,Risks,Risks,Risk.RiskControl,,,,Pending,Pending,Pending,075069de-c608-4765-9775-c7fe426932f7,Default Control Workflow,PENDING,PENDING,https://Control/Control/85b81f43-7b0a-425f-9fab-8890983bdbc4,America/Bahia_Banderas,b99df4a4-2bf5-4c08-9483-bd636470bc11,OTAuto02,b99df4a4-2bf5-4c08-9483-bd636470bc11
Access Control,9d844594-0f5a-41ba-96cd-7284e342e66c,Access Control,automated_controlName_3029572,4b3c85d9-f93a-42eb-98c5-0590eb368dea,automated_controlName_3029572,Active,Active,Active,,,,,,,,,,,FedRAMP,8e029b33-7408-4620-a7c3-5053edfbf15b,FedRAMP,85b81f43-7b0a-425f-9fab-8890983bdbc4,automated_controlID_3029572,automated_controlid_30295,2026-04-05T23:27:35.000+00:00,2026-04-05,2026,April,04,Quarter 2,4b3c85d9-f93a-42eb-98c5-0590eb368dea,,,,,2564,,,,RiskName_3029572,d9abd16e-5df1-48ee-b7b9-04e8ffbec31f,RiskName_3029572,Risks,Risks,Risk.RiskControl,,,,Pending,Pending,Pending,075069de-c608-4765-9775-c7fe426932f7,Default Control Workflow,PENDING,PENDING,https://Control/Control/85b81f43-7b0a-425f-9fab-8890983bdbc4,Antarctica/Rothera,b99df4a4-2bf5-4c08-9483-bd636470bc11,OTAuto02,b99df4a4-2bf5-4c08-9483-bd636470bc11
Access Control,9d844594-0f5a-41ba-96cd-7284e342e66c,Access Control,automated_controlName_3029572,4b3c85d9-f93a-42eb-98c5-0590eb368dea,automated_controlName_3029572,Active,Active,Active,,,,,,,,,,,FedRAMP,8e029b33-7408-4620-a7c3-5053edfbf15b,FedRAMP,85b81f43-7b0a-425f-9fab-8890983bdbc4,automated_controlID_3029572,automated_controlid_30295,2026-04-05T23:27:35.000+00:00,2026-04-05,2026,April,04,Quarter 2,4b3c85d9-f93a-42eb-98c5-0590eb368dea,,,,,2564,,,,RiskName_3029572,d9abd16e-5df1-48ee-b7b9-04e8ffbec31f,RiskName_3029572,Risks,Risks,Risk.RiskControl,,,,Pending,Pending,Pending,075069de-c608-4765-9775-c7fe426932f7,Default Control Workflow,PENDING,PENDING,https://Control/Control/85b81f43-7b0a-425f-9fab-8890983bdbc4,America/Jujuy,b99df4a4-2bf5-4c08-9483-bd636470bc11,OTAuto02,b99df4a4-2bf5-4c08-9483-bd636470bc11
Access Control,9d844594-0f5a-41ba-96cd-7284e342e66c,Access Control,automated_controlName_3029572,4b3c85d9-f93a-42eb-98c5-0590eb368dea,automated_controlName_3029572,Active,Active,Active,,,,,,,,,,,FedRAMP,8e029b33-7408-4620-a7c3-5053edfbf15b,FedRAMP,85b81f43-7b0a-425f-9fab-8890983bdbc4,automated_controlID_3029572,automated_controlid_30295,2026-04-06T09:27:35.000+00:00,2026-04-06,2026,April,04,Quarter 2,4b3c85d9-f93a-42eb-98c5-0590eb368dea,,,,,2564,,,,RiskName_3029572,d9abd16e-5df1-48ee-b7b9-04e8ffbec31f,RiskName_3029572,Risks,Risks,Risk.RiskControl,,,,Pending,Pending,Pending,075069de-c608-4765-9775-c7fe426932f7,Default Control Workflow,PENDING,PENDING,https://Control/Control/85b81f43-7b0a-425f-9fab-8890983bdbc4,Asia/Bangkok,b99df4a4-2bf5-4c08-9483-bd636470bc11,OTAuto02,b99df4a4-2bf5-4c08-9483-bd636470bc11
Access Control,9d844594-0f5a-41ba-96cd-7284e342e66c,Access Control,automated_controlName_3029572,4b3c85d9-f93a-42eb-98c5-0590eb368dea,automated_controlName_3029572,Active,Active,Active,,,,,,,,,,,FedRAMP,8e029b33-7408-4620-a7c3-5053edfbf15b,FedRAMP,85b81f43-7b0a-425f-9fab-8890983bdbc4,automated_controlID_3029572,automated_controlid_30295,2026-04-06T05:27:35.000+00:00,2026-04-06,2026,April,04,Quarter 2,4b3c85d9-f93a-42eb-98c5-0590eb368dea,,,,,2564,,,,RiskName_3029572,d9abd16e-5df1-48ee-b7b9-04e8ffbec31f,RiskName_3029572,Risks,Risks,Risk.RiskControl,,,,Pending,Pending,Pending,075069de-c608-4765-9775-c7fe426932f7,Default Control Workflow,PENDING,PENDING,https://Control/Control/85b81f43-7b0a-425f-9fab-8890983bdbc4,Europe/Vilnius,b99df4a4-2bf5-4c08-9483-bd636470bc11,OTAuto02,b99df4a4-2bf5-4c08-9483-bd636470bc11
Access Control,9d844594-0f5a-41ba-96cd-7284e342e66c,Access Control,automated_controlName_3029572,4b3c85d9-f93a-42eb-98c5-0590eb368dea,automated_controlName_3029572,Active,Active,Active,,,,,,,,,,,FedRAMP,8e029b33-7408-4620-a7c3-5053edfbf15b,FedRAMP,85b81f43-7b0a-425f-9fab-8890983bdbc4,automated_controlID_3029572,automated_controlid_30295,2026-04-05T16:57:35.000+00:00,2026-04-05,2026,April,04,Quarter 2,4b3c85d9-f93a-42eb-98c5-0590eb368dea,,,,,2564,,,,RiskName_3029572,d9abd16e-5df1-48ee-b7b9-04e8ffbec31f,RiskName_3029572,Risks,Risks,Risk.RiskControl,,,,Pending,Pending,Pending,075069de-c608-4765-9775-c7fe426932f7,Default Control Workflow,PENDING,PENDING,https://Control/Control/85b81f43-7b0a-425f-9fab-8890983bdbc4,Pacific/Marquesas,b99df4a4-2bf5-4c08-9483-bd636470bc11,OTAuto02,b99df4a4-2bf5-4c08-9483-bd636470bc11
Access Control,9d844594-0f5a-41ba-96cd-7284e342e66c,Access Control,automated_controlName_3029572,4b3c85d9-f93a-42eb-98c5-0590eb368dea,automated_controlName_3029572,Active,Active,Active,,,,,,,,,,,FedRAMP,8e029b33-7408-4620-a7c3-5053edfbf15b,FedRAMP,85b81f43-7b0a-425f-9fab-8890983bdbc4,automated_controlID_3029572,automated_controlid_30295,2026-04-05T23:27:35.000+00:00,2026-04-05,2026,April,04,Quarter 2,4b3c85d9-f93a-42eb-98c5-0590eb368dea,,,,,2564,,,,RiskName_3029572,d9abd16e-5df1-48ee-b7b9-04e8ffbec31f,RiskName_3029572,Risks,Risks,Risk.RiskControl,,,,Pending,Pending,Pending,075069de-c608-4765-9775-c7fe426932f7,Default Control Workflow,PENDING,PENDING,https://Control/Control/85b81f43-7b0a-425f-9fab-8890983bdbc4,America/Glace_Bay,b99df4a4-2bf5-4c08-9483-bd636470bc11,OTAuto02,b99df4a4-2bf5-4c08-9483-bd636470bc11
Access Control,9d844594-0f5a-41ba-96cd-7284e342e66c,Access Control,automated_controlName_3029572,4b3c85d9-f93a-42eb-98c5-0590eb368dea,automated_controlName_3029572,Active,Active,Active,,,,,,,,,,,FedRAMP,8e029b33-7408-4620-a7c3-5053edfbf15b,FedRAMP,85b81f43-7b0a-425f-9fab-8890983bdbc4,automated_controlID_3029572,automated_controlid_30295,2026-04-06T12:27:35.000+00:00,2026-04-06,2026,April,04,Quarter 2,4b3c85d9-f93a-42eb-98c5-0590eb368dea,,,,,2564,,,,RiskName_3029572,d9abd16e-5df1-48ee-b7b9-04e8ffbec31f,RiskName_3029572,Risks,Risks,Risk.RiskControl,,,,Pending,Pending,Pending,075069de-c608-4765-9775-c7fe426932f7,Default Control Workflow,PENDING,PENDING,https://Control/Control/85b81f43-7b0a-425f-9fab-8890983bdbc4,Asia/Ust-Nera,b99df4a4-2bf5-4c08-9483-bd636470bc11,OTAuto02,b99df4a4-2bf5-4c08-9483-bd636470bc11
Access Control,9d844594-0f5a-41ba-96cd-7284e342e66c,Access Control,automated_controlName_3029572,4b3c85d9-f93a-42eb-98c5-0590eb368dea,automated_controlName_3029572,Active,Active,Active,,,,,,,,,,,FedRAMP,8e029b33-7408-4620-a7c3-5053edfbf15b,FedRAMP,85b81f43-7b0a-425f-9fab-8890983bdbc4,automated_controlID_3029572,automated_controlid_30295,2026-04-06T13:27:35.000+00:00,2026-04-06,2026,April,04,Quarter 2,4b3c85d9-f93a-42eb-98c5-0590eb368dea,,,,,2564,,,,RiskName_3029572,d9abd16e-5df1-48ee-b7b9-04e8ffbec31f,RiskName_3029572,Risks,Risks,Risk.RiskControl,,,,Pending,Pending,Pending,075069de-c608-4765-9775-c7fe426932f7,Default Control Workflow,PENDING,PENDING,https://Control/Control/85b81f43-7b0a-425f-9fab-8890983bdbc4,Etc/GMT-11,b99df4a4-2bf5-4c08-9483-bd636470bc11,OTAuto02,b99df4a4-2bf5-4c08-9483-bd636470bc11
Access Control,9d844594-0f5a-41ba-96cd-7284e342e66c,Access Control,automated_controlName_3029572,4b3c85d9-f93a-42eb-98c5-0590eb368dea,automated_controlName_3029572,Active,Active,Active,,,,,,,,,,,FedRAMP,8e029b33-7408-4620-a7c3-5053edfbf15b,FedRAMP,85b81f43-7b0a-425f-9fab-8890983bdbc4,automated_controlID_3029572,automated_controlid_30295,2026-04-06T11:27:35.000+00:00,2026-04-06,2026,April,04,Quarter 2,4b3c85d9-f93a-42eb-98c5-0590eb368dea,,,,,2564,,,,RiskName_3029572,d9abd16e-5df1-48ee-b7b9-04e8ffbec31f,RiskName_3029572,Risks,Risks,Risk.RiskControl,,,,Pending,Pending,Pending,075069de-c608-4765-9775-c7fe426932f7,Default Control Workflow,PENDING,PENDING,https://Control/Control/85b81f43-7b0a-425f-9fab-8890983bdbc4,Asia/Jayapura,b99df4a4-2bf5-4c08-9483-bd636470bc11,OTAuto02,b99df4a4-2bf5-4c08-9483-bd636470bc11
Access Control,9d844594-0f5a-41ba-96cd-7284e342e66c,Access Control,automated_controlName_3029572,4b3c85d9-f93a-42eb-98c5-0590eb368dea,automated_controlName_3029572,Active,Active,Active,,,,,,,,,,,FedRAMP,8e029b33-7408-4620-a7c3-5053edfbf15b,FedRAMP,85b81f43-7b0a-425f-9fab-8890983bdbc4,automated_controlID_3029572,automated_controlid_30295,2026-04-05T23:57:35.000+00:00,2026-04-05,2026,April,04,Quarter 2,4b3c85d9-f93a-42eb-98c5-0590eb368dea,,,,,2564,,,,RiskName_3029572,d9abd16e-5df1-48ee-b7b9-04e8ffbec31f,RiskName_3029572,Risks,Risks,Risk.RiskControl,,,,Pending,Pending,Pending,075069de-c608-4765-9775-c7fe426932f7,Default Control Workflow,PENDING,PENDING,https://Control/Control/85b81f43-7b0a-425f-9fab-8890983bdbc4,America/St_Johns,b99df4a4-2bf5-4c08-9483-bd636470bc11,OTAuto02,b99df4a4-2bf5-4c08-9483-bd636470bc11
Access Control,9d844594-0f5a-41ba-96cd-7284e342e66c,Access Control,automated_controlName_3029572,4b3c85d9-f93a-42eb-98c5-0590eb368dea,automated_controlName_3029572,Active,Active,Active,,,,,,,,,,,FedRAMP,8e029b33-7408-4620-a7c3-5053edfbf15b,FedRAMP,85b81f43-7b0a-425f-9fab-8890983bdbc4,automated_controlID_3029572,automated_controlid_30295,2026-04-06T04:27:35.000+00:00,2026-04-06,2026,April,04,Quarter 2,4b3c85d9-f93a-42eb-98c5-0590eb368dea,,,,,2564,,,,RiskName_3029572,d9abd16e-5df1-48ee-b7b9-04e8ffbec31f,RiskName_3029572,Risks,Risks,Risk.RiskControl,,,,Pending,Pending,Pending,075069de-c608-4765-9775-c7fe426932f7,Default Control Workflow,PENDING,PENDING,https://Control/Control/85b81f43-7b0a-425f-9fab-8890983bdbc4,Europe/Andorra,b99df4a4-2bf5-4c08-9483-bd636470bc11,OTAuto02,b99df4a4-2bf5-4c08-9483-bd636470bc11
Access Control,9d844594-0f5a-41ba-96cd-7284e342e66c,Access Control,automated_controlName_3029572,4b3c85d9-f93a-42eb-98c5-0590eb368dea,automated_controlName_3029572,Active,Active,Active,,,,,,,,,,,FedRAMP,8e029b33-7408-4620-a7c3-5053edfbf15b,FedRAMP,85b81f43-7b0a-425f-9fab-8890983bdbc4,automated_controlID_3029572,automated_controlid_30295,2026-04-06T07:27:35.000+00:00,2026-04-06,2026,April,04,Quarter 2,4b3c85d9-f93a-42eb-98c5-0590eb368dea,,,,,2564,,,,RiskName_3029572,d9abd16e-5df1-48ee-b7b9-04e8ffbec31f,RiskName_3029572,Risks,Risks,Risk.RiskControl,,,,Pending,Pending,Pending,075069de-c608-4765-9775-c7fe426932f7,Default Control Workflow,PENDING,PENDING,https://Control/Control/85b81f43-7b0a-425f-9fab-8890983bdbc4,Etc/GMT-5,b99df4a4-2bf5-4c08-9483-bd636470bc11,OTAuto02,b99df4a4-2bf5-4c08-9483-bd636470bc11
Access Control,9d844594-0f5a-41ba-96cd-7284e342e66c,Access Control,automated_controlName_3029572,4b3c85d9-f93a-42eb-98c5-0590eb368dea,automated_controlName_3029572,Active,Active,Active,,,,,,,,,,,FedRAMP,8e029b33-7408-4620-a7c3-5053edfbf15b,FedRAMP,85b81f43-7b0a-425f-9fab-8890983bdbc4,automated_controlID_3029572,automated_controlid_30295,2026-04-05T23:27:35.000+00:00,2026-04-05,2026,April,04,Quarter 2,4b3c85d9-f93a-42eb-98c5-0590eb368dea,,,,,2564,,,,RiskName_3029572,d9abd16e-5df1-48ee-b7b9-04e8ffbec31f,RiskName_3029572,Risks,Risks,Risk.RiskControl,,,,Pending,Pending,Pending,075069de-c608-4765-9775-c7fe426932f7,Default Control Workflow,PENDING,PENDING,https://Control/Control/85b81f43-7b0a-425f-9fab-8890983bdbc4,America/Argentina/ComodRivadavia,b99df4a4-2bf5-4c08-9483-bd636470bc11,OTAuto02,b99df4a4-2bf5-4c08-9483-bd636470bc11
Access Control,9d844594-0f5a-41ba-96cd-7284e342e66c,Access Control,automated_controlName_3029572,4b3c85d9-f93a-42eb-98c5-0590eb368dea,automated_controlName_3029572,Active,Active,Active,,,,,,,,,,,FedRAMP,8e029b33-7408-4620-a7c3-5053edfbf15b,FedRAMP,85b81f43-7b0a-425f-9fab-8890983bdbc4,automated_controlID_3029572,automated_controlid_30295,2026-04-06T02:27:35.000+00:00,2026-04-06,2026,April,04,Quarter 2,4b3c85d9-f93a-42eb-98c5-0590eb368dea,,,,,2564,,,,RiskName_3029572,d9abd16e-5df1-48ee-b7b9-04e8ffbec31f,RiskName_3029572,Risks,Risks,Risk.RiskControl,,,,Pending,Pending,Pending,075069de-c608-4765-9775-c7fe426932f7,Default Control Workflow,PENDING,PENDING,https://Control/Control/85b81f43-7b0a-425f-9fab-8890983bdbc4,Africa/Monrovia,b99df4a4-2bf5-4c08-9483-bd636470bc11,OTAuto02,b99df4a4-2bf5-4c08-9483-bd636470bc11
Access Control,9d844594-0f5a-41ba-96cd-7284e342e66c,Access Control,automated_controlName_3029572,4b3c85d9-f93a-42eb-98c5-0590eb368dea,automated_controlName_3029572,Active,Active,Active,,,,,,,,,,,FedRAMP,8e029b33-7408-4620-a7c3-5053edfbf15b,FedRAMP,85b81f43-7b0a-425f-9fab-8890983bdbc4,automated_controlID_3029572,automated_controlid_30295,2026-04-06T15:27:35.000+00:00,2026-04-06,2026,April,04,Quarter 2,4b3c85d9-f93a-42eb-98c5-0590eb368dea,,,,,2564,,,,RiskName_3029572,d9abd16e-5df1-48ee-b7b9-04e8ffbec31f,RiskName_3029572,Risks,Risks,Risk.RiskControl,,,,Pending,Pending,Pending,075069de-c608-4765-9775-c7fe426932f7,Default Control Workflow,PENDING,PENDING,https://Control/Control/85b81f43-7b0a-425f-9fab-8890983bdbc4,Pacific/Apia,b99df4a4-2bf5-4c08-9483-bd636470bc11,OTAuto02,b99df4a4-2bf5-4c08-9483-bd636470bc11
Access Control,9d844594-0f5a-41ba-96cd-7284e342e66c,Access Control,automated_controlName_3029572,4b3c85d9-f93a-42eb-98c5-0590eb368dea,automated_controlName_3029572,Active,Active,Active,,,,,,,,,,,FedRAMP,8e029b33-7408-4620-a7c3-5053edfbf15b,FedRAMP,85b81f43-7b0a-425f-9fab-8890983bdbc4,automated_controlID_3029572,automated_controlid_30295,2026-04-05T22:27:35.000+00:00,2026-04-05,2026,April,04,Quarter 2,4b3c85d9-f93a-42eb-98c5-0590eb368dea,,,,,2564,,,,RiskName_3029572,d9abd16e-5df1-48ee-b7b9-04e8ffbec31f,RiskName_3029572,Risks,Risks,Risk.RiskControl,,,,Pending,Pending,Pending,075069de-c608-4765-9775-c7fe426932f7,Default Control Workflow,PENDING,PENDING,https://Control/Control/85b81f43-7b0a-425f-9fab-8890983bdbc4,America/Thunder_Bay,b99df4a4-2bf5-4c08-9483-bd636470bc11,OTAuto02,b99df4a4-2bf5-4c08-9483-bd636470bc11
Access Control,9d844594-0f5a-41ba-96cd-7284e342e66c,Access Control,automated_controlName_3029572,4b3c85d9-f93a-42eb-98c5-0590eb368dea,automated_controlName_3029572,Active,Active,Active,,,,,,,,,,,FedRAMP,8e029b33-7408-4620-a7c3-5053edfbf15b,FedRAMP,85b81f43-7b0a-425f-9fab-8890983bdbc4,automated_controlID_3029572,automated_controlid_30295,2026-04-05T21:27:35.000+00:00,2026-04-05,2026,April,04,Quarter 2,4b3c85d9-f93a-42eb-98c5-0590eb368dea,,,,,2564,,,,RiskName_3029572,d9abd16e-5df1-48ee-b7b9-04e8ffbec31f,RiskName_3029572,Risks,Risks,Risk.RiskControl,,,,Pending,Pending,Pending,075069de-c608-4765-9775-c7fe426932f7,Default Control Workflow,PENDING,PENDING,https://Control/Control/85b81f43-7b0a-425f-9fab-8890983bdbc4,America/Resolute,b99df4a4-2bf5-4c08-9483-bd636470bc11,OTAuto02,b99df4a4-2bf5-4c08-9483-bd636470bc11
Access Control,9d844594-0f5a-41ba-96cd-7284e342e66c,Access Control,automated_controlName_3029572,4b3c85d9-f93a-42eb-98c5-0590eb368dea,automated_controlName_3029572,Active,Active,Active,,,,,,,,,,,FedRAMP,8e029b33-7408-4620-a7c3-5053edfbf15b,FedRAMP,85b81f43-7b0a-425f-9fab-8890983bdbc4,automated_controlID_3029572,automated_controlid_30295,2026-04-06T04:27:35.000+00:00,2026-04-06,2026,April,04,Quarter 2,4b3c85d9-f93a-42eb-98c5-0590eb368dea,,,,,2564,,,,RiskName_3029572,d9abd16e-5df1-48ee-b7b9-04e8ffbec31f,RiskName_3029572,Risks,Risks,Risk.RiskControl,,,,Pending,Pending,Pending,075069de-c608-4765-9775-c7fe426932f7,Default Control Workflow,PENDING,PENDING,https://Control/Control/85b81f43-7b0a-425f-9fab-8890983bdbc4,Poland,b99df4a4-2bf5-4c08-9483-bd636470bc11,OTAuto02,b99df4a4-2bf5-4c08-9483-bd636470bc11
Access Control,9d844594-0f5a-41ba-96cd-7284e342e66c,Access Control,automated_controlName_3029572,4b3c85d9-f93a-42eb-98c5-0590eb368dea,automated_controlName_3029572,Active,Active,Active,,,,,,,,,,,FedRAMP,8e029b33-7408-4620-a7c3-5053edfbf15b,FedRAMP,85b81f43-7b0a-425f-9fab-8890983bdbc4,automated_controlID_3029572,automated_controlid_30295,2026-04-06T04:27:35.000+00:00,2026-04-06,2026,April,04,Quarter 2,4b3c85d9-f93a-42eb-98c5-0590eb368dea,,,,,2564,,,,RiskName_3029572,d9abd16e-5df1-48ee-b7b9-04e8ffbec31f,RiskName_3029572,Risks,Risks,Risk.RiskControl,,,,Pending,Pending,Pending,075069de-c608-4765-9775-c7fe426932f7,Default Control Workflow,PENDING,PENDING,https://Control/Control/85b81f43-7b0a-425f-9fab-8890983bdbc4,CET,b99df4a4-2bf5-4c08-9483-bd636470bc11,OTAuto02,b99df4a4-2bf5-4c08-9483-bd636470bc11
Access Control,9d844594-0f5a-41ba-96cd-7284e342e66c,Access Control,automated_controlName_3029572,4b3c85d9-f93a-42eb-98c5-0590eb368dea,automated_controlName_3029572,Active,Active,Active,,,,,,,,,,,FedRAMP,8e029b33-7408-4620-a7c3-5053edfbf15b,FedRAMP,85b81f43-7b0a-425f-9fab-8890983bdbc4,automated_controlID_3029572,automated_controlid_30295,2026-04-06T05:27:35.000+00:00,2026-04-06,2026,April,04,Quarter 2,4b3c85d9-f93a-42eb-98c5-0590eb368dea,,,,,2564,,,,RiskName_3029572,d9abd16e-5df1-48ee-b7b9-04e8ffbec31f,RiskName_3029572,Risks,Risks,Risk.RiskControl,,,,Pending,Pending,Pending,075069de-c608-4765-9775-c7fe426932f7,Default Control Workflow,PENDING,PENDING,https://Control/Control/85b81f43-7b0a-425f-9fab-8890983bdbc4,Asia/Gaza,b99df4a4-2bf5-4c08-9483-bd636470bc11,OTAuto02,b99df4a4-2bf5-4c08-9483-bd636470bc11
Access Control,9d844594-0f5a-41ba-96cd-7284e342e66c,Access Control,automated_controlName_3029572,4b3c85d9-f93a-42eb-98c5-0590eb368dea,automated_controlName_3029572,Active,Active,Active,,,,,,,,,,,FedRAMP,8e029b33-7408-4620-a7c3-5053edfbf15b,FedRAMP,85b81f43-7b0a-425f-9fab-8890983bdbc4,automated_controlID_3029572,automated_controlid_30295,2026-04-05T21:27:35.000+00:00,2026-04-05,2026,April,04,Quarter 2,4b3c85d9-f93a-42eb-98c5-0590eb368dea,,,,,2564,,,,RiskName_3029572,d9abd16e-5df1-48ee-b7b9-04e8ffbec31f,RiskName_3029572,Risks,Risks,Risk.RiskControl,,,,Pending,Pending,Pending,075069de-c608-4765-9775-c7fe426932f7,Default Control Workflow,PENDING,PENDING,https://Control/Control/85b81f43-7b0a-425f-9fab-8890983bdbc4,America/Indiana/Knox,b99df4a4-2bf5-4c08-9483-bd636470bc11,OTAuto02,b99df4a4-2bf5-4c08-9483-bd636470bc11
Access Control,9d844594-0f5a-41ba-96cd-7284e342e66c,Access Control,automated_controlName_3029572,4b3c85d9-f93a-42eb-98c5-0590eb368dea,automated_controlName_3029572,Active,Active,Active,,,,,,,,,,,FedRAMP,8e029b33-7408-4620-a7c3-5053edfbf15b,FedRAMP,85b81f43-7b0a-425f-9fab-8890983bdbc4,automated_controlID_3029572,automated_controlid_30295,2026-04-06T03:27:35.000+00:00,2026-04-06,2026,April,04,Quarter 2,4b3c85d9-f93a-42eb-98c5-0590eb368dea,,,,,2564,,,,RiskName_3029572,d9abd16e-5df1-48ee-b7b9-04e8ffbec31f,RiskName_3029572,Risks,Risks,Risk.RiskControl,,,,Pending,Pending,Pending,075069de-c608-4765-9775-c7fe426932f7,Default Control Workflow,PENDING,PENDING,https://Control/Control/85b81f43-7b0a-425f-9fab-8890983bdbc4,Africa/Malabo,b99df4a4-2bf5-4c08-9483-bd636470bc11,OTAuto02,b99df4a4-2bf5-4c08-9483-bd636470bc11
Access Control,9d844594-0f5a-41ba-96cd-7284e342e66c,Access Control,automated_controlName_3029572,4b3c85d9-f93a-42eb-98c5-0590eb368dea,automated_controlName_3029572,Active,Active,Active,,,,,,,,,,,FedRAMP,8e029b33-7408-4620-a7c3-5053edfbf15b,FedRAMP,85b81f43-7b0a-425f-9fab-8890983bdbc4,automated_controlID_3029572,automated_controlid_30295,2026-04-05T22:27:35.000+00:00,2026-04-05,2026,April,04,Quarter 2,4b3c85d9-f93a-42eb-98c5-0590eb368dea,,,,,2564,,,,RiskName_3029572,d9abd16e-5df1-48ee-b7b9-04e8ffbec31f,RiskName_3029572,Risks,Risks,Risk.RiskControl,,,,Pending,Pending,Pending,075069de-c608-4765-9775-c7fe426932f7,Default Control Workflow,PENDING,PENDING,https://Control/Control/85b81f43-7b0a-425f-9fab-8890983bdbc4,America/Indiana/Vincennes,b99df4a4-2bf5-4c08-9483-bd636470bc11,OTAuto02,b99df4a4-2bf5-4c08-9483-bd636470bc11
Access Control,9d844594-0f5a-41ba-96cd-7284e342e66c,Access Control,automated_controlName_3029572,4b3c85d9-f93a-42eb-98c5-0590eb368dea,automated_controlName_3029572,Active,Active,Active,,,,,,,,,,,FedRAMP,8e029b33-7408-4620-a7c3-5053edfbf15b,FedRAMP,85b81f43-7b0a-425f-9fab-8890983bdbc4,automated_controlID_3029572,automated_controlid_30295,2026-04-06T06:27:35.000+00:00,2026-04-06,2026,April,04,Quarter 2,4b3c85d9-f93a-42eb-98c5-0590eb368dea,,,,,2564,,,,RiskName_3029572,d9abd16e-5df1-48ee-b7b9-04e8ffbec31f,RiskName_3029572,Risks,Risks,Risk.RiskControl,,,,Pending,Pending,Pending,075069de-c608-4765-9775-c7fe426932f7,Default Control Workflow,PENDING,PENDING,https://Control/Control/85b81f43-7b0a-425f-9fab-8890983bdbc4,Europe/Astrakhan,b99df4a4-2bf5-4c08-9483-bd636470bc11,OTAuto02,b99df4a4-2bf5-4c08-9483-bd636470bc11
Access Control,9d844594-0f5a-41ba-96cd-7284e342e66c,Access Control,automated_controlName_3029572,4b3c85d9-f93a-42eb-98c5-0590eb368dea,automated_controlName_3029572,Active,Active,Active,,,,,,,,,,,FedRAMP,8e029b33-7408-4620-a7c3-5053edfbf15b,FedRAMP,85b81f43-7b0a-425f-9fab-8890983bdbc4,automated_controlID_3029572,automated_controlid_30295,2026-04-05T22:27:35.000+00:00,2026-04-05,2026,April,04,Quarter 2,4b3c85d9-f93a-42eb-98c5-0590eb368dea,,,,,2564,,,,RiskName_3029572,d9abd16e-5df1-48ee-b7b9-04e8ffbec31f,RiskName_3029572,Risks,Risks,Risk.RiskControl,,,,Pending,Pending,Pending,075069de-c608-4765-9775-c7fe426932f7,Default Control Workflow,PENDING,PENDING,https://Control/Control/85b81f43-7b0a-425f-9fab-8890983bdbc4,America/Grenada,b99df4a4-2bf5-4c08-9483-bd636470bc11,OTAuto02,b99df4a4-2bf5-4c08-9483-bd636470bc11
Access Control,9d844594-0f5a-41ba-96cd-7284e342e66c,Access Control,automated_controlName_3029572,4b3c85d9-f93a-42eb-98c5-0590eb368dea,automated_controlName_3029572,Active,Active,Active,,,,,,,,,,,FedRAMP,8e029b33-7408-4620-a7c3-5053edfbf15b,FedRAMP,85b81f43-7b0a-425f-9fab-8890983bdbc4,automated_controlID_3029572,automated_controlid_30295,2026-04-05T21:27:35.000+00:00,2026-04-05,2026,April,04,Quarter 2,4b3c85d9-f93a-42eb-98c5-0590eb368dea,,,,,2564,,,,RiskName_3029572,d9abd16e-5df1-48ee-b7b9-04e8ffbec31f,RiskName_3029572,Risks,Risks,Risk.RiskControl,,,,Pending,Pending,Pending,075069de-c608-4765-9775-c7fe426932f7,Default Control Workflow,PENDING,PENDING,https://Control/Control/85b81f43-7b0a-425f-9fab-8890983bdbc4,Canada/Central,b99df4a4-2bf5-4c08-9483-bd636470bc11,OTAuto02,b99df4a4-2bf5-4c08-9483-bd636470bc11
Access Control,9d844594-0f5a-41ba-96cd-7284e342e66c,Access Control,automated_controlName_3029572,4b3c85d9-f93a-42eb-98c5-0590eb368dea,automated_controlName_3029572,Active,Active,Active,,,,,,,,,,,FedRAMP,8e029b33-7408-4620-a7c3-5053edfbf15b,FedRAMP,85b81f43-7b0a-425f-9fab-8890983bdbc4,automated_controlID_3029572,automated_controlid_30295,2026-04-05T19:27:35.000+00:00,2026-04-05,2026,April,04,Quarter 2,4b3c85d9-f93a-42eb-98c5-0590eb368dea,,,,,2564,,,,RiskName_3029572,d9abd16e-5df1-48ee-b7b9-04e8ffbec31f,RiskName_3029572,Risks,Risks,Risk.RiskControl,,,,Pending,Pending,Pending,075069de-c608-4765-9775-c7fe426932f7,Default Control Workflow,PENDING,PENDING,https://Control/Control/85b81f43-7b0a-425f-9fab-8890983bdbc4,America/Dawson,b99df4a4-2bf5-4c08-9483-bd636470bc11,OTAuto02,b99df4a4-2bf5-4c08-9483-bd636470bc11
Access Control,9d844594-0f5a-41ba-96cd-7284e342e66c,Access Control,automated_controlName_3029572,4b3c85d9-f93a-42eb-98c5-0590eb368dea,automated_controlName_3029572,Active,Active,Active,,,,,,,,,,,FedRAMP,8e029b33-7408-4620-a7c3-5053edfbf15b,FedRAMP,85b81f43-7b0a-425f-9fab-8890983bdbc4,automated_controlID_3029572,automated_controlid_30295,2026-04-05T23:27:35.000+00:00,2026-04-05,2026,April,04,Quarter 2,4b3c85d9-f93a-42eb-98c5-0590eb368dea,,,,,2564,,,,RiskName_3029572,d9abd16e-5df1-48ee-b7b9-04e8ffbec31f,RiskName_3029572,Risks,Risks,Risk.RiskControl,,,,Pending,Pending,Pending,075069de-c608-4765-9775-c7fe426932f7,Default Control Workflow,PENDING,PENDING,https://Control/Control/85b81f43-7b0a-425f-9fab-8890983bdbc4,America/Paramaribo,b99df4a4-2bf5-4c08-9483-bd636470bc11,OTAuto02,b99df4a4-2bf5-4c08-9483-bd636470bc11
Access Control,9d844594-0f5a-41ba-96cd-7284e342e66c,Access Control,automated_controlName_3029572,4b3c85d9-f93a-42eb-98c5-0590eb368dea,automated_controlName_3029572,Active,Active,Active,,,,,,,,,,,FedRAMP,8e029b33-7408-4620-a7c3-5053edfbf15b,FedRAMP,85b81f43-7b0a-425f-9fab-8890983bdbc4,automated_controlID_3029572,automated_controlid_30295,2026-04-06T05:27:35.000+00:00,2026-04-06,2026,April,04,Quarter 2,4b3c85d9-f93a-42eb-98c5-0590eb368dea,,,,,2564,,,,RiskName_3029572,d9abd16e-5df1-48ee-b7b9-04e8ffbec31f,RiskName_3029572,Risks,Risks,Risk.RiskControl,,,,Pending,Pending,Pending,075069de-c608-4765-9775-c7fe426932f7,Default Control Workflow,PENDING,PENDING,https://Control/Control/85b81f43-7b0a-425f-9fab-8890983bdbc4,Europe/Sofia,b99df4a4-2bf5-4c08-9483-bd636470bc11,OTAuto02,b99df4a4-2bf5-4c08-9483-bd636470bc11
Access Control,9d844594-0f5a-41ba-96cd-7284e342e66c,Access Control,automated_controlName_3029572,4b3c85d9-f93a-42eb-98c5-0590eb368dea,automated_controlName_3029572,Active,Active,Active,,,,,,,,,,,FedRAMP,8e029b33-7408-4620-a7c3-5053edfbf15b,FedRAMP,85b81f43-7b0a-425f-9fab-8890983bdbc4,automated_controlID_3029572,automated_controlid_30295,2026-04-06T03:27:35.000+00:00,2026-04-06,2026,April,04,Quarter 2,4b3c85d9-f93a-42eb-98c5-0590eb368dea,,,,,2564,,,,RiskName_3029572,d9abd16e-5df1-48ee-b7b9-04e8ffbec31f,RiskName_3029572,Risks,Risks,Risk.RiskControl,,,,Pending,Pending,Pending,075069de-c608-4765-9775-c7fe426932f7,Default Control Workflow,PENDING,PENDING,https://Control/Control/85b81f43-7b0a-425f-9fab-8890983bdbc4,GB-Eire,b99df4a4-2bf5-4c08-9483-bd636470bc11,OTAuto02,b99df4a4-2bf5-4c08-9483-bd636470bc11
Access Control,9d844594-0f5a-41ba-96cd-7284e342e66c,Access Control,automated_controlName_3029572,4b3c85d9-f93a-42eb-98c5-0590eb368dea,automated_controlName_3029572,Active,Active,Active,,,,,,,,,,,FedRAMP,8e029b33-7408-4620-a7c3-5053edfbf15b,FedRAMP,85b81f43-7b0a-425f-9fab-8890983bdbc4,automated_controlID_3029572,automated_controlid_30295,2026-04-06T10:27:35.000+00:00,2026-04-06,2026,April,04,Quarter 2,4b3c85d9-f93a-42eb-98c5-0590eb368dea,,,,,2564,,,,RiskName_3029572,d9abd16e-5df1-48ee-b7b9-04e8ffbec31f,RiskName_3029572,Risks,Risks,Risk.RiskControl,,,,Pending,Pending,Pending,075069de-c608-4765-9775-c7fe426932f7,Default Control Workflow,PENDING,PENDING,https://Control/Control/85b81f43-7b0a-425f-9fab-8890983bdbc4,Asia/Ulaanbaatar,b99df4a4-2bf5-4c08-9483-bd636470bc11,OTAuto02,b99df4a4-2bf5-4c08-9483-bd636470bc11
Access Control,9d844594-0f5a-41ba-96cd-7284e342e66c,Access Control,automated_controlName_3029572,4b3c85d9-f93a-42eb-98c5-0590eb368dea,automated_controlName_3029572,Active,Active,Active,,,,,,,,,,,FedRAMP,8e029b33-7408-4620-a7c3-5053edfbf15b,FedRAMP,85b81f43-7b0a-425f-9fab-8890983bdbc4,automated_controlID_3029572,automated_controlid_30295,2026-04-06T06:27:35.000+00:00,2026-04-06,2026,April,04,Quarter 2,4b3c85d9-f93a-42eb-98c5-0590eb368dea,,,,,2564,,,,RiskName_3029572,d9abd16e-5df1-48ee-b7b9-04e8ffbec31f,RiskName_3029572,Risks,Risks,Risk.RiskControl,,,,Pending,Pending,Pending,075069de-c608-4765-9775-c7fe426932f7,Default Control Workflow,PENDING,PENDING,https://Control/Control/85b81f43-7b0a-425f-9fab-8890983bdbc4,Europe/Samara,b99df4a4-2bf5-4c08-9483-bd636470bc11,OTAuto02,b99df4a4-2bf5-4c08-9483-bd636470bc11
Access Control,9d844594-0f5a-41ba-96cd-7284e342e66c,Access Control,automated_controlName_3029572,4b3c85d9-f93a-42eb-98c5-0590eb368dea,automated_controlName_3029572,Active,Active,Active,,,,,,,,,,,FedRAMP,8e029b33-7408-4620-a7c3-5053edfbf15b,FedRAMP,85b81f43-7b0a-425f-9fab-8890983bdbc4,automated_controlID_3029572,automated_controlid_30295,2026-04-06T08:12:35.000+00:00,2026-04-06,2026,April,04,Quarter 2,4b3c85d9-f93a-42eb-98c5-0590eb368dea,,,,,2564,,,,RiskName_3029572,d9abd16e-5df1-48ee-b7b9-04e8ffbec31f,RiskName_3029572,Risks,Risks,Risk.RiskControl,,,,Pending,Pending,Pending,075069de-c608-4765-9775-c7fe426932f7,Default Control Workflow,PENDING,PENDING,https://Control/Control/85b81f43-7b0a-425f-9fab-8890983bdbc4,Asia/Kathmandu,b99df4a4-2bf5-4c08-9483-bd636470bc11,OTAuto02,b99df4a4-2bf5-4c08-9483-bd636470bc11
Access Control,9d844594-0f5a-41ba-96cd-7284e342e66c,Access Control,automated_controlName_3029572,4b3c85d9-f93a-42eb-98c5-0590eb368dea,automated_controlName_3029572,Active,Active,Active,,,,,,,,,,,FedRAMP,8e029b33-7408-4620-a7c3-5053edfbf15b,FedRAMP,85b81f43-7b0a-425f-9fab-8890983bdbc4,automated_controlID_3029572,automated_controlid_30295,2026-04-05T20:27:35.000+00:00,2026-04-05,2026,April,04,Quarter 2,4b3c85d9-f93a-42eb-98c5-0590eb368dea,,,,,2564,,,,RiskName_3029572,d9abd16e-5df1-48ee-b7b9-04e8ffbec31f,RiskName_3029572,Risks,Risks,Risk.RiskControl,,,,Pending,Pending,Pending,075069de-c608-4765-9775-c7fe426932f7,Default Control Workflow,PENDING,PENDING,https://Control/Control/85b81f43-7b0a-425f-9fab-8890983bdbc4,America/Boise,b99df4a4-2bf5-4c08-9483-bd636470bc11,OTAuto02,b99df4a4-2bf5-4c08-9483-bd636470bc11
Access Control,9d844594-0f5a-41ba-96cd-7284e342e66c,Access Control,automated_controlName_3029572,4b3c85d9-f93a-42eb-98c5-0590eb368dea,automated_controlName_3029572,Active,Active,Active,,,,,,,,,,,FedRAMP,8e029b33-7408-4620-a7c3-5053edfbf15b,FedRAMP,85b81f43-7b0a-425f-9fab-8890983bdbc4,automated_controlID_3029572,automated_controlid_30295,2026-04-05T17:27:35.000+00:00,2026-04-05,2026,April,04,Quarter 2,4b3c85d9-f93a-42eb-98c5-0590eb368dea,,,,,2564,,,,RiskName_3029572,d9abd16e-5df1-48ee-b7b9-04e8ffbec31f,RiskName_3029572,Risks,Risks,Risk.RiskControl,,,,Pending,Pending,Pending,075069de-c608-4765-9775-c7fe426932f7,Default Control Workflow,PENDING,PENDING,https://Control/Control/85b81f43-7b0a-425f-9fab-8890983bdbc4,Etc/GMT+9,b99df4a4-2bf5-4c08-9483-bd636470bc11,OTAuto02,b99df4a4-2bf5-4c08-9483-bd636470bc11
Access Control,9d844594-0f5a-41ba-96cd-7284e342e66c,Access Control,automated_controlName_3029572,4b3c85d9-f93a-42eb-98c5-0590eb368dea,automated_controlName_3029572,Active,Active,Active,,,,,,,,,,,FedRAMP,8e029b33-7408-4620-a7c3-5053edfbf15b,FedRAMP,85b81f43-7b0a-425f-9fab-8890983bdbc4,automated_controlID_3029572,automated_controlid_30295,2026-04-05T22:27:35.000+00:00,2026-04-05,2026,April,04,Quarter 2,4b3c85d9-f93a-42eb-98c5-0590eb368dea,,,,,2564,,,,RiskName_3029572,d9abd16e-5df1-48ee-b7b9-04e8ffbec31f,RiskName_3029572,Risks,Risks,Risk.RiskControl,,,,Pending,Pending,Pending,075069de-c608-4765-9775-c7fe426932f7,Default Control Workflow,PENDING,PENDING,https://Control/Control/85b81f43-7b0a-425f-9fab-8890983bdbc4,America/Dominica,b99df4a4-2bf5-4c08-9483-bd636470bc11,OTAuto02,b99df4a4-2bf5-4c08-9483-bd636470bc11
Access Control,9d844594-0f5a-41ba-96cd-7284e342e66c,Access Control,automated_controlName_3029572,4b3c85d9-f93a-42eb-98c5-0590eb368dea,automated_controlName_3029572,Active,Active,Active,,,,,,,,,,,FedRAMP,8e029b33-7408-4620-a7c3-5053edfbf15b,FedRAMP,85b81f43-7b0a-425f-9fab-8890983bdbc4,automated_controlID_3029572,automated_controlid_30295,2026-04-05T22:27:35.000+00:00,2026-04-05,2026,April,04,Quarter 2,4b3c85d9-f93a-42eb-98c5-0590eb368dea,,,,,2564,,,,RiskName_3029572,d9abd16e-5df1-48ee-b7b9-04e8ffbec31f,RiskName_3029572,Risks,Risks,Risk.RiskControl,,,,Pending,Pending,Pending,075069de-c608-4765-9775-c7fe426932f7,Default Control Workflow,PENDING,PENDING,https://Control/Control/85b81f43-7b0a-425f-9fab-8890983bdbc4,America/Indiana/Petersburg,b99df4a4-2bf5-4c08-9483-bd636470bc11,OTAuto02,b99df4a4-2bf5-4c08-9483-bd636470bc11
Access Control,9d844594-0f5a-41ba-96cd-7284e342e66c,Access Control,automated_controlName_3029572,4b3c85d9-f93a-42eb-98c5-0590eb368dea,automated_controlName_3029572,Active,Active,Active,,,,,,,,,,,FedRAMP,8e029b33-7408-4620-a7c3-5053edfbf15b,FedRAMP,85b81f43-7b0a-425f-9fab-8890983bdbc4,automated_controlID_3029572,automated_controlid_30295,2026-04-06T07:57:35.000+00:00,2026-04-06,2026,April,04,Quarter 2,4b3c85d9-f93a-42eb-98c5-0590eb368dea,,,,,2564,,,,RiskName_3029572,d9abd16e-5df1-48ee-b7b9-04e8ffbec31f,RiskName_3029572,Risks,Risks,Risk.RiskControl,,,,Pending,Pending,Pending,075069de-c608-4765-9775-c7fe426932f7,Default Control Workflow,PENDING,PENDING,https://Control/Control/85b81f43-7b0a-425f-9fab-8890983bdbc4,Asia/Calcutta,b99df4a4-2bf5-4c08-9483-bd636470bc11,OTAuto02,b99df4a4-2bf5-4c08-9483-bd636470bc11
Access Control,9d844594-0f5a-41ba-96cd-7284e342e66c,Access Control,automated_controlName_3029572,4b3c85d9-f93a-42eb-98c5-0590eb368dea,automated_controlName_3029572,Active,Active,Active,,,,,,,,,,,FedRAMP,8e029b33-7408-4620-a7c3-5053edfbf15b,FedRAMP,85b81f43-7b0a-425f-9fab-8890983bdbc4,automated_controlID_3029572,automated_controlid_30295,2026-04-06T12:27:35.000+00:00,2026-04-06,2026,April,04,Quarter 2,4b3c85d9-f93a-42eb-98c5-0590eb368dea,,,,,2564,,,,RiskName_3029572,d9abd16e-5df1-48ee-b7b9-04e8ffbec31f,RiskName_3029572,Risks,Risks,Risk.RiskControl,,,,Pending,Pending,Pending,075069de-c608-4765-9775-c7fe426932f7,Default Control Workflow,PENDING,PENDING,https://Control/Control/85b81f43-7b0a-425f-9fab-8890983bdbc4,Australia/Melbourne,b99df4a4-2bf5-4c08-9483-bd636470bc11,OTAuto02,b99df4a4-2bf5-4c08-9483-bd636470bc11
Access Control,9d844594-0f5a-41ba-96cd-7284e342e66c,Access Control,automated_controlName_3029572,4b3c85d9-f93a-42eb-98c5-0590eb368dea,automated_controlName_3029572,Active,Active,Active,,,,,,,,,,,FedRAMP,8e029b33-7408-4620-a7c3-5053edfbf15b,FedRAMP,85b81f43-7b0a-425f-9fab-8890983bdbc4,automated_controlID_3029572,automated_controlid_30295,2026-04-06T15:27:35.000+00:00,2026-04-06,2026,April,04,Quarter 2,4b3c85d9-f93a-42eb-98c5-0590eb368dea,,,,,2564,,,,RiskName_3029572,d9abd16e-5df1-48ee-b7b9-04e8ffbec31f,RiskName_3029572,Risks,Risks,Risk.RiskControl,,,,Pending,Pending,Pending,075069de-c608-4765-9775-c7fe426932f7,Default Control Workflow,PENDING,PENDING,https://Control/Control/85b81f43-7b0a-425f-9fab-8890983bdbc4,Etc/GMT-13,b99df4a4-2bf5-4c08-9483-bd636470bc11,OTAuto02,b99df4a4-2bf5-4c08-9483-bd636470bc11
Access Control,9d844594-0f5a-41ba-96cd-7284e342e66c,Access Control,automated_controlName_3029572,4b3c85d9-f93a-42eb-98c5-0590eb368dea,automated_controlName_3029572,Active,Active,Active,,,,,,,,,,,FedRAMP,8e029b33-7408-4620-a7c3-5053edfbf15b,FedRAMP,85b81f43-7b0a-425f-9fab-8890983bdbc4,automated_controlID_3029572,automated_controlid_30295,2026-04-06T02:27:35.000+00:00,2026-04-06,2026,April,04,Quarter 2,4b3c85d9-f93a-42eb-98c5-0590eb368dea,,,,,2564,,,,RiskName_3029572,d9abd16e-5df1-48ee-b7b9-04e8ffbec31f,RiskName_3029572,Risks,Risks,Risk.RiskControl,,,,Pending,Pending,Pending,075069de-c608-4765-9775-c7fe426932f7,Default Control Workflow,PENDING,PENDING,https://Control/Control/85b81f43-7b0a-425f-9fab-8890983bdbc4,Etc/UCT,b99df4a4-2bf5-4c08-9483-bd636470bc11,OTAuto02,b99df4a4-2bf5-4c08-9483-bd636470bc11
Access Control,9d844594-0f5a-41ba-96cd-7284e342e66c,Access Control,automated_controlName_3029572,4b3c85d9-f93a-42eb-98c5-0590eb368dea,automated_controlName_3029572,Active,Active,Active,,,,,,,,,,,FedRAMP,8e029b33-7408-4620-a7c3-5053edfbf15b,FedRAMP,85b81f43-7b0a-425f-9fab-8890983bdbc4,automated_controlID_3029572,automated_controlid_30295,2026-04-06T12:27:35.000+00:00,2026-04-06,2026,April,04,Quarter 2,4b3c85d9-f93a-42eb-98c5-0590eb368dea,,,,,2564,,,,RiskName_3029572,d9abd16e-5df1-48ee-b7b9-04e8ffbec31f,RiskName_3029572,Risks,Risks,Risk.RiskControl,,,,Pending,Pending,Pending,075069de-c608-4765-9775-c7fe426932f7,Default Control Workflow,PENDING,PENDING,https://Control/Control/85b81f43-7b0a-425f-9fab-8890983bdbc4,Pacific/Truk,b99df4a4-2bf5-4c08-9483-bd636470bc11,OTAuto02,b99df4a4-2bf5-4c08-9483-bd636470bc11
Access Control,9d844594-0f5a-41ba-96cd-7284e342e66c,Access Control,automated_controlName_3029572,4b3c85d9-f93a-42eb-98c5-0590eb368dea,automated_controlName_3029572,Active,Active,Active,,,,,,,,,,,FedRAMP,8e029b33-7408-4620-a7c3-5053edfbf15b,FedRAMP,85b81f43-7b0a-425f-9fab-8890983bdbc4,automated_controlID_3029572,automated_controlid_30295,2026-04-06T10:27:35.000+00:00,2026-04-06,2026,April,04,Quarter 2,4b3c85d9-f93a-42eb-98c5-0590eb368dea,,,,,2564,,,,RiskName_3029572,d9abd16e-5df1-48ee-b7b9-04e8ffbec31f,RiskName_3029572,Risks,Risks,Risk.RiskControl,,,,Pending,Pending,Pending,075069de-c608-4765-9775-c7fe426932f7,Default Control Workflow,PENDING,PENDING,https://Control/Control/85b81f43-7b0a-425f-9fab-8890983bdbc4,Asia/Irkutsk,b99df4a4-2bf5-4c08-9483-bd636470bc11,OTAuto02,b99df4a4-2bf5-4c08-9483-bd636470bc11
Access Control,9d844594-0f5a-41ba-96cd-7284e342e66c,Access Control,automated_controlName_3029572,4b3c85d9-f93a-42eb-98c5-0590eb368dea,automated_controlName_3029572,Active,Active,Active,,,,,,,,,,,FedRAMP,8e029b33-7408-4620-a7c3-5053edfbf15b,FedRAMP,85b81f43-7b0a-425f-9fab-8890983bdbc4,automated_controlID_3029572,automated_controlid_30295,2026-04-06T06:27:35.000+00:00,2026-04-06,2026,April,04,Quarter 2,4b3c85d9-f93a-42eb-98c5-0590eb368dea,,,,,2564,,,,RiskName_3029572,d9abd16e-5df1-48ee-b7b9-04e8ffbec31f,RiskName_3029572,Risks,Risks,Risk.RiskControl,,,,Pending,Pending,Pending,075069de-c608-4765-9775-c7fe426932f7,Default Control Workflow,PENDING,PENDING,https://Control/Control/85b81f43-7b0a-425f-9fab-8890983bdbc4,Asia/Baku,b99df4a4-2bf5-4c08-9483-bd636470bc11,OTAuto02,b99df4a4-2bf5-4c08-9483-bd636470bc11
Access Control,9d844594-0f5a-41ba-96cd-7284e342e66c,Access Control,automated_controlName_3029572,4b3c85d9-f93a-42eb-98c5-0590eb368dea,automated_controlName_3029572,Active,Active,Active,,,,,,,,,,,FedRAMP,8e029b33-7408-4620-a7c3-5053edfbf15b,FedRAMP,85b81f43-7b0a-425f-9fab-8890983bdbc4,automated_controlID_3029572,automated_controlid_30295,2026-04-05T22:27:35.000+00:00,2026-04-05,2026,April,04,Quarter 2,4b3c85d9-f93a-42eb-98c5-0590eb368dea,,,,,2564,,,,RiskName_3029572,d9abd16e-5df1-48ee-b7b9-04e8ffbec31f,RiskName_3029572,Risks,Risks,Risk.RiskControl,,,,Pending,Pending,Pending,075069de-c608-4765-9775-c7fe426932f7,Default Control Workflow,PENDING,PENDING,https://Control/Control/85b81f43-7b0a-425f-9fab-8890983bdbc4,America/Kentucky/Monticello,b99df4a4-2bf5-4c08-9483-bd636470bc11,OTAuto02,b99df4a4-2bf5-4c08-9483-bd636470bc11
Access Control,9d844594-0f5a-41ba-96cd-7284e342e66c,Access Control,automated_controlName_3029572,4b3c85d9-f93a-42eb-98c5-0590eb368dea,automated_controlName_3029572,Active,Active,Active,,,,,,,,,,,FedRAMP,8e029b33-7408-4620-a7c3-5053edfbf15b,FedRAMP,85b81f43-7b0a-425f-9fab-8890983bdbc4,automated_controlID_3029572,automated_controlid_30295,2026-04-06T13:27:35.000+00:00,2026-04-06,2026,April,04,Quarter 2,4b3c85d9-f93a-42eb-98c5-0590eb368dea,,,,,2564,,,,RiskName_3029572,d9abd16e-5df1-48ee-b7b9-04e8ffbec31f,RiskName_3029572,Risks,Risks,Risk.RiskControl,,,,Pending,Pending,Pending,075069de-c608-4765-9775-c7fe426932f7,Default Control Workflow,PENDING,PENDING,https://Control/Control/85b81f43-7b0a-425f-9fab-8890983bdbc4,Pacific/Ponape,b99df4a4-2bf5-4c08-9483-bd636470bc11,OTAuto02,b99df4a4-2bf5-4c08-9483-bd636470bc11
Access Control,9d844594-0f5a-41ba-96cd-7284e342e66c,Access Control,automated_controlName_3029572,4b3c85d9-f93a-42eb-98c5-0590eb368dea,automated_controlName_3029572,Active,Active,Active,,,,,,,,,,,FedRAMP,8e029b33-7408-4620-a7c3-5053edfbf15b,FedRAMP,85b81f43-7b0a-425f-9fab-8890983bdbc4,automated_controlID_3029572,automated_controlid_30295,2026-04-06T13:27:35.000+00:00,2026-04-06,2026,April,04,Quarter 2,4b3c85d9-f93a-42eb-98c5-0590eb368dea,,,,,2564,,,,RiskName_3029572,d9abd16e-5df1-48ee-b7b9-04e8ffbec31f,RiskName_3029572,Risks,Risks,Risk.RiskControl,,,,Pending,Pending,Pending,075069de-c608-4765-9775-c7fe426932f7,Default Control Workflow,PENDING,PENDING,https://Control/Control/85b81f43-7b0a-425f-9fab-8890983bdbc4,Pacific/Norfolk,b99df4a4-2bf5-4c08-9483-bd636470bc11,OTAuto02,b99df4a4-2bf5-4c08-9483-bd636470bc11
Access Control,9d844594-0f5a-41ba-96cd-7284e342e66c,Access Control,automated_controlName_3029572,4b3c85d9-f93a-42eb-98c5-0590eb368dea,automated_controlName_3029572,Active,Active,Active,,,,,,,,,,,FedRAMP,8e029b33-7408-4620-a7c3-5053edfbf15b,FedRAMP,85b81f43-7b0a-425f-9fab-8890983bdbc4,automated_controlID_3029572,automated_controlid_30295,2026-04-06T02:27:35.000+00:00,2026-04-06,2026,April,04,Quarter 2,4b3c85d9-f93a-42eb-98c5-0590eb368dea,,,,,2564,,,,RiskName_3029572,d9abd16e-5df1-48ee-b7b9-04e8ffbec31f,RiskName_3029572,Risks,Risks,Risk.RiskControl,,,,Pending,Pending,Pending,075069de-c608-4765-9775-c7fe426932f7,Default Control Workflow,PENDING,PENDING,https://Control/Control/85b81f43-7b0a-425f-9fab-8890983bdbc4,Africa/Accra,b99df4a4-2bf5-4c08-9483-bd636470bc11,OTAuto02,b99df4a4-2bf5-4c08-9483-bd636470bc11
Access Control,9d844594-0f5a-41ba-96cd-7284e342e66c,Access Control,automated_controlName_3029572,4b3c85d9-f93a-42eb-98c5-0590eb368dea,automated_controlName_3029572,Active,Active,Active,,,,,,,,,,,FedRAMP,8e029b33-7408-4620-a7c3-5053edfbf15b,FedRAMP,85b81f43-7b0a-425f-9fab-8890983bdbc4,automated_controlID_3029572,automated_controlid_30295,2026-04-05T22:27:35.000+00:00,2026-04-05,2026,April,04,Quarter 2,4b3c85d9-f93a-42eb-98c5-0590eb368dea,,,,,2564,,,,RiskName_3029572,d9abd16e-5df1-48ee-b7b9-04e8ffbec31f,RiskName_3029572,Risks,Risks,Risk.RiskControl,,,,Pending,Pending,Pending,075069de-c608-4765-9775-c7fe426932f7,Default Control Workflow,PENDING,PENDING,https://Control/Control/85b81f43-7b0a-425f-9fab-8890983bdbc4,America/Grand_Turk,b99df4a4-2bf5-4c08-9483-bd636470bc11,OTAuto02,b99df4a4-2bf5-4c08-9483-bd636470bc11
Access Control,9d844594-0f5a-41ba-96cd-7284e342e66c,Access Control,automated_controlName_3029572,4b3c85d9-f93a-42eb-98c5-0590eb368dea,automated_controlName_3029572,Active,Active,Active,,,,,,,,,,,FedRAMP,8e029b33-7408-4620-a7c3-5053edfbf15b,FedRAMP,85b81f43-7b0a-425f-9fab-8890983bdbc4,automated_controlID_3029572,automated_controlid_30295,2026-04-06T04:27:35.000+00:00,2026-04-06,2026,April,04,Quarter 2,4b3c85d9-f93a-42eb-98c5-0590eb368dea,,,,,2564,,,,RiskName_3029572,d9abd16e-5df1-48ee-b7b9-04e8ffbec31f,RiskName_3029572,Risks,Risks,Risk.RiskControl,,,,Pending,Pending,Pending,075069de-c608-4765-9775-c7fe426932f7,Default Control Workflow,PENDING,PENDING,https://Control/Control/85b81f43-7b0a-425f-9fab-8890983bdbc4,Europe/Amsterdam,b99df4a4-2bf5-4c08-9483-bd636470bc11,OTAuto02,b99df4a4-2bf5-4c08-9483-bd636470bc11
Access Control,9d844594-0f5a-41ba-96cd-7284e342e66c,Access Control,automated_controlName_3029572,4b3c85d9-f93a-42eb-98c5-0590eb368dea,automated_controlName_3029572,Active,Active,Active,,,,,,,,,,,FedRAMP,8e029b33-7408-4620-a7c3-5053edfbf15b,FedRAMP,85b81f43-7b0a-425f-9fab-8890983bdbc4,automated_controlID_3029572,automated_controlid_30295,2026-04-06T13:27:35.000+00:00,2026-04-06,2026,April,04,Quarter 2,4b3c85d9-f93a-42eb-98c5-0590eb368dea,,,,,2564,,,,RiskName_3029572,d9abd16e-5df1-48ee-b7b9-04e8ffbec31f,RiskName_3029572,Risks,Risks,Risk.RiskControl,,,,Pending,Pending,Pending,075069de-c608-4765-9775-c7fe426932f7,Default Control Workflow,PENDING,PENDING,https://Control/Control/85b81f43-7b0a-425f-9fab-8890983bdbc4,Pacific/Kosrae,b99df4a4-2bf5-4c08-9483-bd636470bc11,OTAuto02,b99df4a4-2bf5-4c08-9483-bd636470bc11
Access Control,9d844594-0f5a-41ba-96cd-7284e342e66c,Access Control,automated_controlName_3029572,4b3c85d9-f93a-42eb-98c5-0590eb368dea,automated_controlName_3029572,Active,Active,Active,,,,,,,,,,,FedRAMP,8e029b33-7408-4620-a7c3-5053edfbf15b,FedRAMP,85b81f43-7b0a-425f-9fab-8890983bdbc4,automated_controlID_3029572,automated_controlid_30295,2026-04-06T05:27:35.000+00:00,2026-04-06,2026,April,04,Quarter 2,4b3c85d9-f93a-42eb-98c5-0590eb368dea,,,,,2564,,,,RiskName_3029572,d9abd16e-5df1-48ee-b7b9-04e8ffbec31f,RiskName_3029572,Risks,Risks,Risk.RiskControl,,,,Pending,Pending,Pending,075069de-c608-4765-9775-c7fe426932f7,Default Control Workflow,PENDING,PENDING,https://Control/Control/85b81f43-7b0a-425f-9fab-8890983bdbc4,Israel,b99df4a4-2bf5-4c08-9483-bd636470bc11,OTAuto02,b99df4a4-2bf5-4c08-9483-bd636470bc11
Access Control,9d844594-0f5a-41ba-96cd-7284e342e66c,Access Control,automated_controlName_3029572,4b3c85d9-f93a-42eb-98c5-0590eb368dea,automated_controlName_3029572,Active,Active,Active,,,,,,,,,,,FedRAMP,8e029b33-7408-4620-a7c3-5053edfbf15b,FedRAMP,85b81f43-7b0a-425f-9fab-8890983bdbc4,automated_controlID_3029572,automated_controlid_30295,2026-04-06T06:27:35.000+00:00,2026-04-06,2026,April,04,Quarter 2,4b3c85d9-f93a-42eb-98c5-0590eb368dea,,,,,2564,,,,RiskName_3029572,d9abd16e-5df1-48ee-b7b9-04e8ffbec31f,RiskName_3029572,Risks,Risks,Risk.RiskControl,,,,Pending,Pending,Pending,075069de-c608-4765-9775-c7fe426932f7,Default Control Workflow,PENDING,PENDING,https://Control/Control/85b81f43-7b0a-425f-9fab-8890983bdbc4,Europe/Saratov,b99df4a4-2bf5-4c08-9483-bd636470bc11,OTAuto02,b99df4a4-2bf5-4c08-9483-bd636470bc11
Access Control,9d844594-0f5a-41ba-96cd-7284e342e66c,Access Control,automated_controlName_3029572,4b3c85d9-f93a-42eb-98c5-0590eb368dea,automated_controlName_3029572,Active,Active,Active,,,,,,,,,,,FedRAMP,8e029b33-7408-4620-a7c3-5053edfbf15b,FedRAMP,85b81f43-7b0a-425f-9fab-8890983bdbc4,automated_controlID_3029572,automated_controlid_30295,2026-04-06T12:27:35.000+00:00,2026-04-06,2026,April,04,Quarter 2,4b3c85d9-f93a-42eb-98c5-0590eb368dea,,,,,2564,,,,RiskName_3029572,d9abd16e-5df1-48ee-b7b9-04e8ffbec31f,RiskName_3029572,Risks,Risks,Risk.RiskControl,,,,Pending,Pending,Pending,075069de-c608-4765-9775-c7fe426932f7,Default Control Workflow,PENDING,PENDING,https://Control/Control/85b81f43-7b0a-425f-9fab-8890983bdbc4,Pacific/Port_Moresby,b99df4a4-2bf5-4c08-9483-bd636470bc11,OTAuto02,b99df4a4-2bf5-4c08-9483-bd636470bc11
Access Control,9d844594-0f5a-41ba-96cd-7284e342e66c,Access Control,automated_controlName_3029572,4b3c85d9-f93a-42eb-98c5-0590eb368dea,automated_controlName_3029572,Active,Active,Active,,,,,,,,,,,FedRAMP,8e029b33-7408-4620-a7c3-5053edfbf15b,FedRAMP,85b81f43-7b0a-425f-9fab-8890983bdbc4,automated_controlID_3029572,automated_controlid_30295,2026-04-06T12:27:35.000+00:00,2026-04-06,2026,April,04,Quarter 2,4b3c85d9-f93a-42eb-98c5-0590eb368dea,,,,,2564,,,,RiskName_3029572,d9abd16e-5df1-48ee-b7b9-04e8ffbec31f,RiskName_3029572,Risks,Risks,Risk.RiskControl,,,,Pending,Pending,Pending,075069de-c608-4765-9775-c7fe426932f7,Default Control Workflow,PENDING,PENDING,https://Control/Control/85b81f43-7b0a-425f-9fab-8890983bdbc4,Australia/Sydney,b99df4a4-2bf5-4c08-9483-bd636470bc11,OTAuto02,b99df4a4-2bf5-4c08-9483-bd636470bc11
Access Control,9d844594-0f5a-41ba-96cd-7284e342e66c,Access Control,automated_controlName_3029572,4b3c85d9-f93a-42eb-98c5-0590eb368dea,automated_controlName_3029572,Active,Active,Active,,,,,,,,,,,FedRAMP,8e029b33-7408-4620-a7c3-5053edfbf15b,FedRAMP,85b81f43-7b0a-425f-9fab-8890983bdbc4,automated_controlID_3029572,automated_controlid_30295,2026-04-05T20:27:35.000+00:00,2026-04-05,2026,April,04,Quarter 2,4b3c85d9-f93a-42eb-98c5-0590eb368dea,,,,,2564,,,,RiskName_3029572,d9abd16e-5df1-48ee-b7b9-04e8ffbec31f,RiskName_3029572,Risks,Risks,Risk.RiskControl,,,,Pending,Pending,Pending,075069de-c608-4765-9775-c7fe426932f7,Default Control Workflow,PENDING,PENDING,https://Control/Control/85b81f43-7b0a-425f-9fab-8890983bdbc4,America/Cambridge_Bay,b99df4a4-2bf5-4c08-9483-bd636470bc11,OTAuto02,b99df4a4-2bf5-4c08-9483-bd636470bc11
Access Control,9d844594-0f5a-41ba-96cd-7284e342e66c,Access Control,automated_controlName_3029572,4b3c85d9-f93a-42eb-98c5-0590eb368dea,automated_controlName_3029572,Active,Active,Active,,,,,,,,,,,FedRAMP,8e029b33-7408-4620-a7c3-5053edfbf15b,FedRAMP,85b81f43-7b0a-425f-9fab-8890983bdbc4,automated_controlID_3029572,automated_controlid_30295,2026-04-06T05:27:35.000+00:00,2026-04-06,2026,April,04,Quarter 2,4b3c85d9-f93a-42eb-98c5-0590eb368dea,,,,,2564,,,,RiskName_3029572,d9abd16e-5df1-48ee-b7b9-04e8ffbec31f,RiskName_3029572,Risks,Risks,Risk.RiskControl,,,,Pending,Pending,Pending,075069de-c608-4765-9775-c7fe426932f7,Default Control Workflow,PENDING,PENDING,https://Control/Control/85b81f43-7b0a-425f-9fab-8890983bdbc4,Europe/Tiraspol,b99df4a4-2bf5-4c08-9483-bd636470bc11,OTAuto02,b99df4a4-2bf5-4c08-9483-bd636470bc11
Access Control,9d844594-0f5a-41ba-96cd-7284e342e66c,Access Control,automated_controlName_3029572,4b3c85d9-f93a-42eb-98c5-0590eb368dea,automated_controlName_3029572,Active,Active,Active,,,,,,,,,,,FedRAMP,8e029b33-7408-4620-a7c3-5053edfbf15b,FedRAMP,85b81f43-7b0a-425f-9fab-8890983bdbc4,automated_controlID_3029572,automated_controlid_30295,2026-04-06T11:27:35.000+00:00,2026-04-06,2026,April,04,Quarter 2,4b3c85d9-f93a-42eb-98c5-0590eb368dea,,,,,2564,,,,RiskName_3029572,d9abd16e-5df1-48ee-b7b9-04e8ffbec31f,RiskName_3029572,Risks,Risks,Risk.RiskControl,,,,Pending,Pending,Pending,075069de-c608-4765-9775-c7fe426932f7,Default Control Workflow,PENDING,PENDING,https://Control/Control/85b81f43-7b0a-425f-9fab-8890983bdbc4,Japan,b99df4a4-2bf5-4c08-9483-bd636470bc11,OTAuto02,b99df4a4-2bf5-4c08-9483-bd636470bc11
Access Control,9d844594-0f5a-41ba-96cd-7284e342e66c,Access Control,automated_controlName_3029572,4b3c85d9-f93a-42eb-98c5-0590eb368dea,automated_controlName_3029572,Active,Active,Active,,,,,,,,,,,FedRAMP,8e029b33-7408-4620-a7c3-5053edfbf15b,FedRAMP,85b81f43-7b0a-425f-9fab-8890983bdbc4,automated_controlID_3029572,automated_controlid_30295,2026-04-05T18:27:35.000+00:00,2026-04-05,2026,April,04,Quarter 2,4b3c85d9-f93a-42eb-98c5-0590eb368dea,,,,,2564,,,,RiskName_3029572,d9abd16e-5df1-48ee-b7b9-04e8ffbec31f,RiskName_3029572,Risks,Risks,Risk.RiskControl,,,,Pending,Pending,Pending,075069de-c608-4765-9775-c7fe426932f7,Default Control Workflow,PENDING,PENDING,https://Control/Control/85b81f43-7b0a-425f-9fab-8890983bdbc4,America/Nome,b99df4a4-2bf5-4c08-9483-bd636470bc11,OTAuto02,b99df4a4-2bf5-4c08-9483-bd636470bc11
Access Control,9d844594-0f5a-41ba-96cd-7284e342e66c,Access Control,automated_controlName_3029572,4b3c85d9-f93a-42eb-98c5-0590eb368dea,automated_controlName_3029572,Active,Active,Active,,,,,,,,,,,FedRAMP,8e029b33-7408-4620-a7c3-5053edfbf15b,FedRAMP,85b81f43-7b0a-425f-9fab-8890983bdbc4,automated_controlID_3029572,automated_controlid_30295,2026-04-06T07:27:35.000+00:00,2026-04-06,2026,April,04,Quarter 2,4b3c85d9-f93a-42eb-98c5-0590eb368dea,,,,,2564,,,,RiskName_3029572,d9abd16e-5df1-48ee-b7b9-04e8ffbec31f,RiskName_3029572,Risks,Risks,Risk.RiskControl,,,,Pending,Pending,Pending,075069de-c608-4765-9775-c7fe426932f7,Default Control Workflow,PENDING,PENDING,https://Control/Control/85b81f43-7b0a-425f-9fab-8890983bdbc4,Asia/Qyzylorda,b99df4a4-2bf5-4c08-9483-bd636470bc11,OTAuto02,b99df4a4-2bf5-4c08-9483-bd636470bc11
Access Control,9d844594-0f5a-41ba-96cd-7284e342e66c,Access Control,automated_controlName_3029572,4b3c85d9-f93a-42eb-98c5-0590eb368dea,automated_controlName_3029572,Active,Active,Active,,,,,,,,,,,FedRAMP,8e029b33-7408-4620-a7c3-5053edfbf15b,FedRAMP,85b81f43-7b0a-425f-9fab-8890983bdbc4,automated_controlID_3029572,automated_controlid_30295,2026-04-06T09:27:35.000+00:00,2026-04-06,2026,April,04,Quarter 2,4b3c85d9-f93a-42eb-98c5-0590eb368dea,,,,,2564,,,,RiskName_3029572,d9abd16e-5df1-48ee-b7b9-04e8ffbec31f,RiskName_3029572,Risks,Risks,Risk.RiskControl,,,,Pending,Pending,Pending,075069de-c608-4765-9775-c7fe426932f7,Default Control Workflow,PENDING,PENDING,https://Control/Control/85b81f43-7b0a-425f-9fab-8890983bdbc4,Asia/Phnom_Penh,b99df4a4-2bf5-4c08-9483-bd636470bc11,OTAuto02,b99df4a4-2bf5-4c08-9483-bd636470bc11
Access Control,9d844594-0f5a-41ba-96cd-7284e342e66c,Access Control,automated_controlName_3029572,4b3c85d9-f93a-42eb-98c5-0590eb368dea,automated_controlName_3029572,Active,Active,Active,,,,,,,,,,,FedRAMP,8e029b33-7408-4620-a7c3-5053edfbf15b,FedRAMP,85b81f43-7b0a-425f-9fab-8890983bdbc4,automated_controlID_3029572,automated_controlid_30295,2026-04-06T13:27:35.000+00:00,2026-04-06,2026,April,04,Quarter 2,4b3c85d9-f93a-42eb-98c5-0590eb368dea,,,,,2564,,,,RiskName_3029572,d9abd16e-5df1-48ee-b7b9-04e8ffbec31f,RiskName_3029572,Risks,Risks,Risk.RiskControl,,,,Pending,Pending,Pending,075069de-c608-4765-9775-c7fe426932f7,Default Control Workflow,PENDING,PENDING,https://Control/Control/85b81f43-7b0a-425f-9fab-8890983bdbc4,Asia/Srednekolymsk,b99df4a4-2bf5-4c08-9483-bd636470bc11,OTAuto02,b99df4a4-2bf5-4c08-9483-bd636470bc11
Access Control,9d844594-0f5a-41ba-96cd-7284e342e66c,Access Control,automated_controlName_3029572,4b3c85d9-f93a-42eb-98c5-0590eb368dea,automated_controlName_3029572,Active,Active,Active,,,,,,,,,,,FedRAMP,8e029b33-7408-4620-a7c3-5053edfbf15b,FedRAMP,85b81f43-7b0a-425f-9fab-8890983bdbc4,automated_controlID_3029572,automated_controlid_30295,2026-04-05T21:27:35.000+00:00,2026-04-05,2026,April,04,Quarter 2,4b3c85d9-f93a-42eb-98c5-0590eb368dea,,,,,2564,,,,RiskName_3029572,d9abd16e-5df1-48ee-b7b9-04e8ffbec31f,RiskName_3029572,Risks,Risks,Risk.RiskControl,,,,Pending,Pending,Pending,075069de-c608-4765-9775-c7fe426932f7,Default Control Workflow,PENDING,PENDING,https://Control/Control/85b81f43-7b0a-425f-9fab-8890983bdbc4,America/Winnipeg,b99df4a4-2bf5-4c08-9483-bd636470bc11,OTAuto02,b99df4a4-2bf5-4c08-9483-bd636470bc11
Access Control,9d844594-0f5a-41ba-96cd-7284e342e66c,Access Control,automated_controlName_3029572,4b3c85d9-f93a-42eb-98c5-0590eb368dea,automated_controlName_3029572,Active,Active,Active,,,,,,,,,,,FedRAMP,8e029b33-7408-4620-a7c3-5053edfbf15b,FedRAMP,85b81f43-7b0a-425f-9fab-8890983bdbc4,automated_controlID_3029572,automated_controlid_30295,2026-04-05T18:27:35.000+00:00,2026-04-05,2026,April,04,Quarter 2,4b3c85d9-f93a-42eb-98c5-0590eb368dea,,,,,2564,,,,RiskName_3029572,d9abd16e-5df1-48ee-b7b9-04e8ffbec31f,RiskName_3029572,Risks,Risks,Risk.RiskControl,,,,Pending,Pending,Pending,075069de-c608-4765-9775-c7fe426932f7,Default Control Workflow,PENDING,PENDING,https://Control/Control/85b81f43-7b0a-425f-9fab-8890983bdbc4,Pacific/Pitcairn,b99df4a4-2bf5-4c08-9483-bd636470bc11,OTAuto02,b99df4a4-2bf5-4c08-9483-bd636470bc11
Access Control,9d844594-0f5a-41ba-96cd-7284e342e66c,Access Control,automated_controlName_3029572,4b3c85d9-f93a-42eb-98c5-0590eb368dea,automated_controlName_3029572,Active,Active,Active,,,,,,,,,,,FedRAMP,8e029b33-7408-4620-a7c3-5053edfbf15b,FedRAMP,85b81f43-7b0a-425f-9fab-8890983bdbc4,automated_controlID_3029572,automated_controlid_30295,2026-04-06T04:27:35.000+00:00,2026-04-06,2026,April,04,Quarter 2,4b3c85d9-f93a-42eb-98c5-0590eb368dea,,,,,2564,,,,RiskName_3029572,d9abd16e-5df1-48ee-b7b9-04e8ffbec31f,RiskName_3029572,Risks,Risks,Risk.RiskControl,,,,Pending,Pending,Pending,075069de-c608-4765-9775-c7fe426932f7,Default Control Workflow,PENDING,PENDING,https://Control/Control/85b81f43-7b0a-425f-9fab-8890983bdbc4,Europe/Vienna,b99df4a4-2bf5-4c08-9483-bd636470bc11,OTAuto02,b99df4a4-2bf5-4c08-9483-bd636470bc11
Access Control,9d844594-0f5a-41ba-96cd-7284e342e66c,Access Control,automated_controlName_3029572,4b3c85d9-f93a-42eb-98c5-0590eb368dea,automated_controlName_3029572,Active,Active,Active,,,,,,,,,,,FedRAMP,8e029b33-7408-4620-a7c3-5053edfbf15b,FedRAMP,85b81f43-7b0a-425f-9fab-8890983bdbc4,automated_controlID_3029572,automated_controlid_30295,2026-04-05T21:27:35.000+00:00,2026-04-05,2026,April,04,Quarter 2,4b3c85d9-f93a-42eb-98c5-0590eb368dea,,,,,2564,,,,RiskName_3029572,d9abd16e-5df1-48ee-b7b9-04e8ffbec31f,RiskName_3029572,Risks,Risks,Risk.RiskControl,,,,Pending,Pending,Pending,075069de-c608-4765-9775-c7fe426932f7,Default Control Workflow,PENDING,PENDING,https://Control/Control/85b81f43-7b0a-425f-9fab-8890983bdbc4,America/Rio_Branco,b99df4a4-2bf5-4c08-9483-bd636470bc11,OTAuto02,b99df4a4-2bf5-4c08-9483-bd636470bc11
Access Control,9d844594-0f5a-41ba-96cd-7284e342e66c,Access Control,automated_controlName_3029572,4b3c85d9-f93a-42eb-98c5-0590eb368dea,automated_controlName_3029572,Active,Active,Active,,,,,,,,,,,FedRAMP,8e029b33-7408-4620-a7c3-5053edfbf15b,FedRAMP,85b81f43-7b0a-425f-9fab-8890983bdbc4,automated_controlID_3029572,automated_controlid_30295,2026-04-05T21:27:35.000+00:00,2026-04-05,2026,April,04,Quarter 2,4b3c85d9-f93a-42eb-98c5-0590eb368dea,,,,,2564,,,,RiskName_3029572,d9abd16e-5df1-48ee-b7b9-04e8ffbec31f,RiskName_3029572,Risks,Risks,Risk.RiskControl,,,,Pending,Pending,Pending,075069de-c608-4765-9775-c7fe426932f7,Default Control Workflow,PENDING,PENDING,https://Control/Control/85b81f43-7b0a-425f-9fab-8890983bdbc4,America/Jamaica,b99df4a4-2bf5-4c08-9483-bd636470bc11,OTAuto02,b99df4a4-2bf5-4c08-9483-bd636470bc11
Access Control,9d844594-0f5a-41ba-96cd-7284e342e66c,Access Control,automated_controlName_3029572,4b3c85d9-f93a-42eb-98c5-0590eb368dea,automated_controlName_3029572,Active,Active,Active,,,,,,,,,,,FedRAMP,8e029b33-7408-4620-a7c3-5053edfbf15b,FedRAMP,85b81f43-7b0a-425f-9fab-8890983bdbc4,automated_controlID_3029572,automated_controlid_30295,2026-04-05T21:27:35.000+00:00,2026-04-05,2026,April,04,Quarter 2,4b3c85d9-f93a-42eb-98c5-0590eb368dea,,,,,2564,,,,RiskName_3029572,d9abd16e-5df1-48ee-b7b9-04e8ffbec31f,RiskName_3029572,Risks,Risks,Risk.RiskControl,,,,Pending,Pending,Pending,075069de-c608-4765-9775-c7fe426932f7,Default Control Workflow,PENDING,PENDING,https://Control/Control/85b81f43-7b0a-425f-9fab-8890983bdbc4,Etc/GMT+5,b99df4a4-2bf5-4c08-9483-bd636470bc11,OTAuto02,b99df4a4-2bf5-4c08-9483-bd636470bc11
Access Control,9d844594-0f5a-41ba-96cd-7284e342e66c,Access Control,automated_controlName_3029572,4b3c85d9-f93a-42eb-98c5-0590eb368dea,automated_controlName_3029572,Active,Active,Active,,,,,,,,,,,FedRAMP,8e029b33-7408-4620-a7c3-5053edfbf15b,FedRAMP,85b81f43-7b0a-425f-9fab-8890983bdbc4,automated_controlID_3029572,automated_controlid_30295,2026-04-05T23:27:35.000+00:00,2026-04-05,2026,April,04,Quarter 2,4b3c85d9-f93a-42eb-98c5-0590eb368dea,,,,,2564,,,,RiskName_3029572,d9abd16e-5df1-48ee-b7b9-04e8ffbec31f,RiskName_3029572,Risks,Risks,Risk.RiskControl,,,,Pending,Pending,Pending,075069de-c608-4765-9775-c7fe426932f7,Default Control Workflow,PENDING,PENDING,https://Control/Control/85b81f43-7b0a-425f-9fab-8890983bdbc4,Atlantic/Stanley,b99df4a4-2bf5-4c08-9483-bd636470bc11,OTAuto02,b99df4a4-2bf5-4c08-9483-bd636470bc11
Access Control,9d844594-0f5a-41ba-96cd-7284e342e66c,Access Control,automated_controlName_3029572,4b3c85d9-f93a-42eb-98c5-0590eb368dea,automated_controlName_3029572,Active,Active,Active,,,,,,,,,,,FedRAMP,8e029b33-7408-4620-a7c3-5053edfbf15b,FedRAMP,85b81f43-7b0a-425f-9fab-8890983bdbc4,automated_controlID_3029572,automated_controlid_30295,2026-04-05T19:27:35.000+00:00,2026-04-05,2026,April,04,Quarter 2,4b3c85d9-f93a-42eb-98c5-0590eb368dea,,,,,2564,,,,RiskName_3029572,d9abd16e-5df1-48ee-b7b9-04e8ffbec31f,RiskName_3029572,Risks,Risks,Risk.RiskControl,,,,Pending,Pending,Pending,075069de-c608-4765-9775-c7fe426932f7,Default Control Workflow,PENDING,PENDING,https://Control/Control/85b81f43-7b0a-425f-9fab-8890983bdbc4,America/Mazatlan,b99df4a4-2bf5-4c08-9483-bd636470bc11,OTAuto02,b99df4a4-2bf5-4c08-9483-bd636470bc11
Access Control,9d844594-0f5a-41ba-96cd-7284e342e66c,Access Control,automated_controlName_3029572,4b3c85d9-f93a-42eb-98c5-0590eb368dea,automated_controlName_3029572,Active,Active,Active,,,,,,,,,,,FedRAMP,8e029b33-7408-4620-a7c3-5053edfbf15b,FedRAMP,85b81f43-7b0a-425f-9fab-8890983bdbc4,automated_controlID_3029572,automated_controlid_30295,2026-04-06T14:27:35.000+00:00,2026-04-06,2026,April,04,Quarter 2,4b3c85d9-f93a-42eb-98c5-0590eb368dea,,,,,2564,,,,RiskName_3029572,d9abd16e-5df1-48ee-b7b9-04e8ffbec31f,RiskName_3029572,Risks,Risks,Risk.RiskControl,,,,Pending,Pending,Pending,075069de-c608-4765-9775-c7fe426932f7,Default Control Workflow,PENDING,PENDING,https://Control/Control/85b81f43-7b0a-425f-9fab-8890983bdbc4,Pacific/Fiji,b99df4a4-2bf5-4c08-9483-bd636470bc11,OTAuto02,b99df4a4-2bf5-4c08-9483-bd636470bc11
Access Control,9d844594-0f5a-41ba-96cd-7284e342e66c,Access Control,automated_controlName_3029572,4b3c85d9-f93a-42eb-98c5-0590eb368dea,automated_controlName_3029572,Active,Active,Active,,,,,,,,,,,FedRAMP,8e029b33-7408-4620-a7c3-5053edfbf15b,FedRAMP,85b81f43-7b0a-425f-9fab-8890983bdbc4,automated_controlID_3029572,automated_controlid_30295,2026-04-05T23:27:35.000+00:00,2026-04-05,2026,April,04,Quarter 2,4b3c85d9-f93a-42eb-98c5-0590eb368dea,,,,,2564,,,,RiskName_3029572,d9abd16e-5df1-48ee-b7b9-04e8ffbec31f,RiskName_3029572,Risks,Risks,Risk.RiskControl,,,,Pending,Pending,Pending,075069de-c608-4765-9775-c7fe426932f7,Default Control Workflow,PENDING,PENDING,https://Control/Control/85b81f43-7b0a-425f-9fab-8890983bdbc4,America/Araguaina,b99df4a4-2bf5-4c08-9483-bd636470bc11,OTAuto02,b99df4a4-2bf5-4c08-9483-bd636470bc11
Access Control,9d844594-0f5a-41ba-96cd-7284e342e66c,Access Control,automated_controlName_3029572,4b3c85d9-f93a-42eb-98c5-0590eb368dea,automated_controlName_3029572,Active,Active,Active,,,,,,,,,,,FedRAMP,8e029b33-7408-4620-a7c3-5053edfbf15b,FedRAMP,85b81f43-7b0a-425f-9fab-8890983bdbc4,automated_controlID_3029572,automated_controlid_30295,2026-04-06T08:12:35.000+00:00,2026-04-06,2026,April,04,Quarter 2,4b3c85d9-f93a-42eb-98c5-0590eb368dea,,,,,2564,,,,RiskName_3029572,d9abd16e-5df1-48ee-b7b9-04e8ffbec31f,RiskName_3029572,Risks,Risks,Risk.RiskControl,,,,Pending,Pending,Pending,075069de-c608-4765-9775-c7fe426932f7,Default Control Workflow,PENDING,PENDING,https://Control/Control/85b81f43-7b0a-425f-9fab-8890983bdbc4,Asia/Katmandu,b99df4a4-2bf5-4c08-9483-bd636470bc11,OTAuto02,b99df4a4-2bf5-4c08-9483-bd636470bc11
Access Control,9d844594-0f5a-41ba-96cd-7284e342e66c,Access Control,automated_controlName_3029572,4b3c85d9-f93a-42eb-98c5-0590eb368dea,automated_controlName_3029572,Active,Active,Active,,,,,,,,,,,FedRAMP,8e029b33-7408-4620-a7c3-5053edfbf15b,FedRAMP,85b81f43-7b0a-425f-9fab-8890983bdbc4,automated_controlID_3029572,automated_controlid_30295,2026-04-05T22:27:35.000+00:00,2026-04-05,2026,April,04,Quarter 2,4b3c85d9-f93a-42eb-98c5-0590eb368dea,,,,,2564,,,,RiskName_3029572,d9abd16e-5df1-48ee-b7b9-04e8ffbec31f,RiskName_3029572,Risks,Risks,Risk.RiskControl,,,,Pending,Pending,Pending,075069de-c608-4765-9775-c7fe426932f7,Default Control Workflow,PENDING,PENDING,https://Control/Control/85b81f43-7b0a-425f-9fab-8890983bdbc4,US/Eastern,b99df4a4-2bf5-4c08-9483-bd636470bc11,OTAuto02,b99df4a4-2bf5-4c08-9483-bd636470bc11
Access Control,9d844594-0f5a-41ba-96cd-7284e342e66c,Access Control,automated_controlName_3029572,4b3c85d9-f93a-42eb-98c5-0590eb368dea,automated_controlName_3029572,Active,Active,Active,,,,,,,,,,,FedRAMP,8e029b33-7408-4620-a7c3-5053edfbf15b,FedRAMP,85b81f43-7b0a-425f-9fab-8890983bdbc4,automated_controlID_3029572,automated_controlid_30295,2026-04-06T05:27:35.000+00:00,2026-04-06,2026,April,04,Quarter 2,4b3c85d9-f93a-42eb-98c5-0590eb368dea,,,,,2564,,,,RiskName_3029572,d9abd16e-5df1-48ee-b7b9-04e8ffbec31f,RiskName_3029572,Risks,Risks,Risk.RiskControl,,,,Pending,Pending,Pending,075069de-c608-4765-9775-c7fe426932f7,Default Control Workflow,PENDING,PENDING,https://Control/Control/85b81f43-7b0a-425f-9fab-8890983bdbc4,Africa/Asmera,b99df4a4-2bf5-4c08-9483-bd636470bc11,OTAuto02,b99df4a4-2bf5-4c08-9483-bd636470bc11
Access Control,9d844594-0f5a-41ba-96cd-7284e342e66c,Access Control,automated_controlName_3029572,4b3c85d9-f93a-42eb-98c5-0590eb368dea,automated_controlName_3029572,Active,Active,Active,,,,,,,,,,,FedRAMP,8e029b33-7408-4620-a7c3-5053edfbf15b,FedRAMP,85b81f43-7b0a-425f-9fab-8890983bdbc4,automated_controlID_3029572,automated_controlid_30295,2026-04-05T16:27:35.000+00:00,2026-04-05,2026,April,04,Quarter 2,4b3c85d9-f93a-42eb-98c5-0590eb368dea,,,,,2564,,,,RiskName_3029572,d9abd16e-5df1-48ee-b7b9-04e8ffbec31f,RiskName_3029572,Risks,Risks,Risk.RiskControl,,,,Pending,Pending,Pending,075069de-c608-4765-9775-c7fe426932f7,Default Control Workflow,PENDING,PENDING,https://Control/Control/85b81f43-7b0a-425f-9fab-8890983bdbc4,Etc/GMT+10,b99df4a4-2bf5-4c08-9483-bd636470bc11,OTAuto02,b99df4a4-2bf5-4c08-9483-bd636470bc11
Access Control,9d844594-0f5a-41ba-96cd-7284e342e66c,Access Control,automated_controlName_3029572,4b3c85d9-f93a-42eb-98c5-0590eb368dea,automated_controlName_3029572,Active,Active,Active,,,,,,,,,,,FedRAMP,8e029b33-7408-4620-a7c3-5053edfbf15b,FedRAMP,85b81f43-7b0a-425f-9fab-8890983bdbc4,automated_controlID_3029572,automated_controlid_30295,2026-04-06T04:27:35.000+00:00,2026-04-06,2026,April,04,Quarter 2,4b3c85d9-f93a-42eb-98c5-0590eb368dea,,,,,2564,,,,RiskName_3029572,d9abd16e-5df1-48ee-b7b9-04e8ffbec31f,RiskName_3029572,Risks,Risks,Risk.RiskControl,,,,Pending,Pending,Pending,075069de-c608-4765-9775-c7fe426932f7,Default Control Workflow,PENDING,PENDING,https://Control/Control/85b81f43-7b0a-425f-9fab-8890983bdbc4,Europe/Luxembourg,b99df4a4-2bf5-4c08-9483-bd636470bc11,OTAuto02,b99df4a4-2bf5-4c08-9483-bd636470bc11
Access Control,9d844594-0f5a-41ba-96cd-7284e342e66c,Access Control,automated_controlName_3029572,4b3c85d9-f93a-42eb-98c5-0590eb368dea,automated_controlName_3029572,Active,Active,Active,,,,,,,,,,,FedRAMP,8e029b33-7408-4620-a7c3-5053edfbf15b,FedRAMP,85b81f43-7b0a-425f-9fab-8890983bdbc4,automated_controlID_3029572,automated_controlid_30295,2026-04-05T21:27:35.000+00:00,2026-04-05,2026,April,04,Quarter 2,4b3c85d9-f93a-42eb-98c5-0590eb368dea,,,,,2564,,,,RiskName_3029572,d9abd16e-5df1-48ee-b7b9-04e8ffbec31f,RiskName_3029572,Risks,Risks,Risk.RiskControl,,,,Pending,Pending,Pending,075069de-c608-4765-9775-c7fe426932f7,Default Control Workflow,PENDING,PENDING,https://Control/Control/85b81f43-7b0a-425f-9fab-8890983bdbc4,America/North_Dakota/New_Salem,b99df4a4-2bf5-4c08-9483-bd636470bc11,OTAuto02,b99df4a4-2bf5-4c08-9483-bd636470bc11
Access Control,9d844594-0f5a-41ba-96cd-7284e342e66c,Access Control,automated_controlName_3029572,4b3c85d9-f93a-42eb-98c5-0590eb368dea,automated_controlName_3029572,Active,Active,Active,,,,,,,,,,,FedRAMP,8e029b33-7408-4620-a7c3-5053edfbf15b,FedRAMP,85b81f43-7b0a-425f-9fab-8890983bdbc4,automated_controlID_3029572,automated_controlid_30295,2026-04-05T23:27:35.000+00:00,2026-04-05,2026,April,04,Quarter 2,4b3c85d9-f93a-42eb-98c5-0590eb368dea,,,,,2564,,,,RiskName_3029572,d9abd16e-5df1-48ee-b7b9-04e8ffbec31f,RiskName_3029572,Risks,Risks,Risk.RiskControl,,,,Pending,Pending,Pending,075069de-c608-4765-9775-c7fe426932f7,Default Control Workflow,PENDING,PENDING,https://Control/Control/85b81f43-7b0a-425f-9fab-8890983bdbc4,America/Cayenne,b99df4a4-2bf5-4c08-9483-bd636470bc11,OTAuto02,b99df4a4-2bf5-4c08-9483-bd636470bc11
Access Control,9d844594-0f5a-41ba-96cd-7284e342e66c,Access Control,automated_controlName_3029572,4b3c85d9-f93a-42eb-98c5-0590eb368dea,automated_controlName_3029572,Active,Active,Active,,,,,,,,,,,FedRAMP,8e029b33-7408-4620-a7c3-5053edfbf15b,FedRAMP,85b81f43-7b0a-425f-9fab-8890983bdbc4,automated_controlID_3029572,automated_controlid_30295,2026-04-06T00:27:35.000+00:00,2026-04-06,2026,April,04,Quarter 2,4b3c85d9-f93a-42eb-98c5-0590eb368dea,,,,,2564,,,,RiskName_3029572,d9abd16e-5df1-48ee-b7b9-04e8ffbec31f,RiskName_3029572,Risks,Risks,Risk.RiskControl,,,,Pending,Pending,Pending,075069de-c608-4765-9775-c7fe426932f7,Default Control Workflow,PENDING,PENDING,https://Control/Control/85b81f43-7b0a-425f-9fab-8890983bdbc4,Atlantic/South_Georgia,b99df4a4-2bf5-4c08-9483-bd636470bc11,OTAuto02,b99df4a4-2bf5-4c08-9483-bd636470bc11
Access Control,9d844594-0f5a-41ba-96cd-7284e342e66c,Access Control,automated_controlName_3029572,4b3c85d9-f93a-42eb-98c5-0590eb368dea,automated_controlName_3029572,Active,Active,Active,,,,,,,,,,,FedRAMP,8e029b33-7408-4620-a7c3-5053edfbf15b,FedRAMP,85b81f43-7b0a-425f-9fab-8890983bdbc4,automated_controlID_3029572,automated_controlid_30295,2026-04-05T21:27:35.000+00:00,2026-04-05,2026,April,04,Quarter 2,4b3c85d9-f93a-42eb-98c5-0590eb368dea,,,,,2564,,,,RiskName_3029572,d9abd16e-5df1-48ee-b7b9-04e8ffbec31f,RiskName_3029572,Risks,Risks,Risk.RiskControl,,,,Pending,Pending,Pending,075069de-c608-4765-9775-c7fe426932f7,Default Control Workflow,PENDING,PENDING,https://Control/Control/85b81f43-7b0a-425f-9fab-8890983bdbc4,EST,b99df4a4-2bf5-4c08-9483-bd636470bc11,OTAuto02,b99df4a4-2bf5-4c08-9483-bd636470bc11
Access Control,9d844594-0f5a-41ba-96cd-7284e342e66c,Access Control,automated_controlName_3029572,4b3c85d9-f93a-42eb-98c5-0590eb368dea,automated_controlName_3029572,Active,Active,Active,,,,,,,,,,,FedRAMP,8e029b33-7408-4620-a7c3-5053edfbf15b,FedRAMP,85b81f43-7b0a-425f-9fab-8890983bdbc4,automated_controlID_3029572,automated_controlid_30295,2026-04-06T07:27:35.000+00:00,2026-04-06,2026,April,04,Quarter 2,4b3c85d9-f93a-42eb-98c5-0590eb368dea,,,,,2564,,,,RiskName_3029572,d9abd16e-5df1-48ee-b7b9-04e8ffbec31f,RiskName_3029572,Risks,Risks,Risk.RiskControl,,,,Pending,Pending,Pending,075069de-c608-4765-9775-c7fe426932f7,Default Control Workflow,PENDING,PENDING,https://Control/Control/85b81f43-7b0a-425f-9fab-8890983bdbc4,Asia/Tashkent,b99df4a4-2bf5-4c08-9483-bd636470bc11,OTAuto02,b99df4a4-2bf5-4c08-9483-bd636470bc11
Access Control,9d844594-0f5a-41ba-96cd-7284e342e66c,Access Control,automated_controlName_3029572,4b3c85d9-f93a-42eb-98c5-0590eb368dea,automated_controlName_3029572,Active,Active,Active,,,,,,,,,,,FedRAMP,8e029b33-7408-4620-a7c3-5053edfbf15b,FedRAMP,85b81f43-7b0a-425f-9fab-8890983bdbc4,automated_controlID_3029572,automated_controlid_30295,2026-04-06T05:57:35.000+00:00,2026-04-06,2026,April,04,Quarter 2,4b3c85d9-f93a-42eb-98c5-0590eb368dea,,,,,2564,,,,RiskName_3029572,d9abd16e-5df1-48ee-b7b9-04e8ffbec31f,RiskName_3029572,Risks,Risks,Risk.RiskControl,,,,Pending,Pending,Pending,075069de-c608-4765-9775-c7fe426932f7,Default Control Workflow,PENDING,PENDING,https://Control/Control/85b81f43-7b0a-425f-9fab-8890983bdbc4,Asia/Tehran,b99df4a4-2bf5-4c08-9483-bd636470bc11,OTAuto02,b99df4a4-2bf5-4c08-9483-bd636470bc11
Access Control,9d844594-0f5a-41ba-96cd-7284e342e66c,Access Control,automated_controlName_3029572,4b3c85d9-f93a-42eb-98c5-0590eb368dea,automated_controlName_3029572,Active,Active,Active,,,,,,,,,,,FedRAMP,8e029b33-7408-4620-a7c3-5053edfbf15b,FedRAMP,85b81f43-7b0a-425f-9fab-8890983bdbc4,automated_controlID_3029572,automated_controlid_30295,2026-04-05T22:27:35.000+00:00,2026-04-05,2026,April,04,Quarter 2,4b3c85d9-f93a-42eb-98c5-0590eb368dea,,,,,2564,,,,RiskName_3029572,d9abd16e-5df1-48ee-b7b9-04e8ffbec31f,RiskName_3029572,Risks,Risks,Risk.RiskControl,,,,Pending,Pending,Pending,075069de-c608-4765-9775-c7fe426932f7,Default Control Workflow,PENDING,PENDING,https://Control/Control/85b81f43-7b0a-425f-9fab-8890983bdbc4,America/Nassau,b99df4a4-2bf5-4c08-9483-bd636470bc11,OTAuto02,b99df4a4-2bf5-4c08-9483-bd636470bc11
Access Control,9d844594-0f5a-41ba-96cd-7284e342e66c,Access Control,automated_controlName_3029572,4b3c85d9-f93a-42eb-98c5-0590eb368dea,automated_controlName_3029572,Active,Active,Active,,,,,,,,,,,FedRAMP,8e029b33-7408-4620-a7c3-5053edfbf15b,FedRAMP,85b81f43-7b0a-425f-9fab-8890983bdbc4,automated_controlID_3029572,automated_controlid_30295,2026-04-05T21:27:35.000+00:00,2026-04-05,2026,April,04,Quarter 2,4b3c85d9-f93a-42eb-98c5-0590eb368dea,,,,,2564,,,,RiskName_3029572,d9abd16e-5df1-48ee-b7b9-04e8ffbec31f,RiskName_3029572,Risks,Risks,Risk.RiskControl,,,,Pending,Pending,Pending,075069de-c608-4765-9775-c7fe426932f7,Default Control Workflow,PENDING,PENDING,https://Control/Control/85b81f43-7b0a-425f-9fab-8890983bdbc4,Jamaica,b99df4a4-2bf5-4c08-9483-bd636470bc11,OTAuto02,b99df4a4-2bf5-4c08-9483-bd636470bc11
Access Control,9d844594-0f5a-41ba-96cd-7284e342e66c,Access Control,automated_controlName_3029572,4b3c85d9-f93a-42eb-98c5-0590eb368dea,automated_controlName_3029572,Active,Active,Active,,,,,,,,,,,FedRAMP,8e029b33-7408-4620-a7c3-5053edfbf15b,FedRAMP,85b81f43-7b0a-425f-9fab-8890983bdbc4,automated_controlID_3029572,automated_controlid_30295,2026-04-06T09:27:35.000+00:00,2026-04-06,2026,April,04,Quarter 2,4b3c85d9-f93a-42eb-98c5-0590eb368dea,,,,,2564,,,,RiskName_3029572,d9abd16e-5df1-48ee-b7b9-04e8ffbec31f,RiskName_3029572,Risks,Risks,Risk.RiskControl,,,,Pending,Pending,Pending,075069de-c608-4765-9775-c7fe426932f7,Default Control Workflow,PENDING,PENDING,https://Control/Control/85b81f43-7b0a-425f-9fab-8890983bdbc4,Asia/Vientiane,b99df4a4-2bf5-4c08-9483-bd636470bc11,OTAuto02,b99df4a4-2bf5-4c08-9483-bd636470bc11
Access Control,9d844594-0f5a-41ba-96cd-7284e342e66c,Access Control,automated_controlName_3029572,4b3c85d9-f93a-42eb-98c5-0590eb368dea,automated_controlName_3029572,Active,Active,Active,,,,,,,,,,,FedRAMP,8e029b33-7408-4620-a7c3-5053edfbf15b,FedRAMP,85b81f43-7b0a-425f-9fab-8890983bdbc4,automated_controlID_3029572,automated_controlid_30295,2026-04-05T20:27:35.000+00:00,2026-04-05,2026,April,04,Quarter 2,4b3c85d9-f93a-42eb-98c5-0590eb368dea,,,,,2564,,,,RiskName_3029572,d9abd16e-5df1-48ee-b7b9-04e8ffbec31f,RiskName_3029572,Risks,Risks,Risk.RiskControl,,,,Pending,Pending,Pending,075069de-c608-4765-9775-c7fe426932f7,Default Control Workflow,PENDING,PENDING,https://Control/Control/85b81f43-7b0a-425f-9fab-8890983bdbc4,MST7MDT,b99df4a4-2bf5-4c08-9483-bd636470bc11,OTAuto02,b99df4a4-2bf5-4c08-9483-bd636470bc11
Access Control,9d844594-0f5a-41ba-96cd-7284e342e66c,Access Control,automated_controlName_3029572,4b3c85d9-f93a-42eb-98c5-0590eb368dea,automated_controlName_3029572,Active,Active,Active,,,,,,,,,,,FedRAMP,8e029b33-7408-4620-a7c3-5053edfbf15b,FedRAMP,85b81f43-7b0a-425f-9fab-8890983bdbc4,automated_controlID_3029572,automated_controlid_30295,2026-04-05T22:27:35.000+00:00,2026-04-05,2026,April,04,Quarter 2,4b3c85d9-f93a-42eb-98c5-0590eb368dea,,,,,2564,,,,RiskName_3029572,d9abd16e-5df1-48ee-b7b9-04e8ffbec31f,RiskName_3029572,Risks,Risks,Risk.RiskControl,,,,Pending,Pending,Pending,075069de-c608-4765-9775-c7fe426932f7,Default Control Workflow,PENDING,PENDING,https://Control/Control/85b81f43-7b0a-425f-9fab-8890983bdbc4,America/Indiana/Winamac,b99df4a4-2bf5-4c08-9483-bd636470bc11,OTAuto02,b99df4a4-2bf5-4c08-9483-bd636470bc11
Access Control,9d844594-0f5a-41ba-96cd-7284e342e66c,Access Control,automated_controlName_3029572,4b3c85d9-f93a-42eb-98c5-0590eb368dea,automated_controlName_3029572,Active,Active,Active,,,,,,,,,,,FedRAMP,8e029b33-7408-4620-a7c3-5053edfbf15b,FedRAMP,85b81f43-7b0a-425f-9fab-8890983bdbc4,automated_controlID_3029572,automated_controlid_30295,2026-04-06T08:27:35.000+00:00,2026-04-06,2026,April,04,Quarter 2,4b3c85d9-f93a-42eb-98c5-0590eb368dea,,,,,2564,,,,RiskName_3029572,d9abd16e-5df1-48ee-b7b9-04e8ffbec31f,RiskName_3029572,Risks,Risks,Risk.RiskControl,,,,Pending,Pending,Pending,075069de-c608-4765-9775-c7fe426932f7,Default Control Workflow,PENDING,PENDING,https://Control/Control/85b81f43-7b0a-425f-9fab-8890983bdbc4,Asia/Thimbu,b99df4a4-2bf5-4c08-9483-bd636470bc11,OTAuto02,b99df4a4-2bf5-4c08-9483-bd636470bc11
Access Control,9d844594-0f5a-41ba-96cd-7284e342e66c,Access Control,automated_controlName_3029572,4b3c85d9-f93a-42eb-98c5-0590eb368dea,automated_controlName_3029572,Active,Active,Active,,,,,,,,,,,FedRAMP,8e029b33-7408-4620-a7c3-5053edfbf15b,FedRAMP,85b81f43-7b0a-425f-9fab-8890983bdbc4,automated_controlID_3029572,automated_controlid_30295,2026-04-06T04:27:35.000+00:00,2026-04-06,2026,April,04,Quarter 2,4b3c85d9-f93a-42eb-98c5-0590eb368dea,,,,,2564,,,,RiskName_3029572,d9abd16e-5df1-48ee-b7b9-04e8ffbec31f,RiskName_3029572,Risks,Risks,Risk.RiskControl,,,,Pending,Pending,Pending,075069de-c608-4765-9775-c7fe426932f7,Default Control Workflow,PENDING,PENDING,https://Control/Control/85b81f43-7b0a-425f-9fab-8890983bdbc4,Europe/Vaduz,b99df4a4-2bf5-4c08-9483-bd636470bc11,OTAuto02,b99df4a4-2bf5-4c08-9483-bd636470bc11
Access Control,9d844594-0f5a-41ba-96cd-7284e342e66c,Access Control,automated_controlName_3029572,4b3c85d9-f93a-42eb-98c5-0590eb368dea,automated_controlName_3029572,Active,Active,Active,,,,,,,,,,,FedRAMP,8e029b33-7408-4620-a7c3-5053edfbf15b,FedRAMP,85b81f43-7b0a-425f-9fab-8890983bdbc4,automated_controlID_3029572,automated_controlid_30295,2026-04-06T14:27:35.000+00:00,2026-04-06,2026,April,04,Quarter 2,4b3c85d9-f93a-42eb-98c5-0590eb368dea,,,,,2564,,,,RiskName_3029572,d9abd16e-5df1-48ee-b7b9-04e8ffbec31f,RiskName_3029572,Risks,Risks,Risk.RiskControl,,,,Pending,Pending,Pending,075069de-c608-4765-9775-c7fe426932f7,Default Control Workflow,PENDING,PENDING,https://Control/Control/85b81f43-7b0a-425f-9fab-8890983bdbc4,Etc/GMT-12,b99df4a4-2bf5-4c08-9483-bd636470bc11,OTAuto02,b99df4a4-2bf5-4c08-9483-bd636470bc11
Access Control,9d844594-0f5a-41ba-96cd-7284e342e66c,Access Control,automated_controlName_3029572,4b3c85d9-f93a-42eb-98c5-0590eb368dea,automated_controlName_3029572,Active,Active,Active,,,,,,,,,,,FedRAMP,8e029b33-7408-4620-a7c3-5053edfbf15b,FedRAMP,85b81f43-7b0a-425f-9fab-8890983bdbc4,automated_controlID_3029572,automated_controlid_30295,2026-04-05T22:27:35.000+00:00,2026-04-05,2026,April,04,Quarter 2,4b3c85d9-f93a-42eb-98c5-0590eb368dea,,,,,2564,,,,RiskName_3029572,d9abd16e-5df1-48ee-b7b9-04e8ffbec31f,RiskName_3029572,Risks,Risks,Risk.RiskControl,,,,Pending,Pending,Pending,075069de-c608-4765-9775-c7fe426932f7,Default Control Workflow,PENDING,PENDING,https://Control/Control/85b81f43-7b0a-425f-9fab-8890983bdbc4,America/Puerto_Rico,b99df4a4-2bf5-4c08-9483-bd636470bc11,OTAuto02,b99df4a4-2bf5-4c08-9483-bd636470bc11
Access Control,9d844594-0f5a-41ba-96cd-7284e342e66c,Access Control,automated_controlName_3029572,4b3c85d9-f93a-42eb-98c5-0590eb368dea,automated_controlName_3029572,Active,Active,Active,,,,,,,,,,,FedRAMP,8e029b33-7408-4620-a7c3-5053edfbf15b,FedRAMP,85b81f43-7b0a-425f-9fab-8890983bdbc4,automated_controlID_3029572,automated_controlid_30295,2026-04-06T10:27:35.000+00:00,2026-04-06,2026,April,04,Quarter 2,4b3c85d9-f93a-42eb-98c5-0590eb368dea,,,,,2564,,,,RiskName_3029572,d9abd16e-5df1-48ee-b7b9-04e8ffbec31f,RiskName_3029572,Risks,Risks,Risk.RiskControl,,,,Pending,Pending,Pending,075069de-c608-4765-9775-c7fe426932f7,Default Control Workflow,PENDING,PENDING,https://Control/Control/85b81f43-7b0a-425f-9fab-8890983bdbc4,Asia/Brunei,b99df4a4-2bf5-4c08-9483-bd636470bc11,OTAuto02,b99df4a4-2bf5-4c08-9483-bd636470bc11
Access Control,9d844594-0f5a-41ba-96cd-7284e342e66c,Access Control,automated_controlName_3029572,4b3c85d9-f93a-42eb-98c5-0590eb368dea,automated_controlName_3029572,Active,Active,Active,,,,,,,,,,,FedRAMP,8e029b33-7408-4620-a7c3-5053edfbf15b,FedRAMP,85b81f43-7b0a-425f-9fab-8890983bdbc4,automated_controlID_3029572,automated_controlid_30295,2026-04-06T03:27:35.000+00:00,2026-04-06,2026,April,04,Quarter 2,4b3c85d9-f93a-42eb-98c5-0590eb368dea,,,,,2564,,,,RiskName_3029572,d9abd16e-5df1-48ee-b7b9-04e8ffbec31f,RiskName_3029572,Risks,Risks,Risk.RiskControl,,,,Pending,Pending,Pending,075069de-c608-4765-9775-c7fe426932f7,Default Control Workflow,PENDING,PENDING,https://Control/Control/85b81f43-7b0a-425f-9fab-8890983bdbc4,Africa/Tunis,b99df4a4-2bf5-4c08-9483-bd636470bc11,OTAuto02,b99df4a4-2bf5-4c08-9483-bd636470bc11
Access Control,9d844594-0f5a-41ba-96cd-7284e342e66c,Access Control,automated_controlName_3029572,4b3c85d9-f93a-42eb-98c5-0590eb368dea,automated_controlName_3029572,Active,Active,Active,,,,,,,,,,,FedRAMP,8e029b33-7408-4620-a7c3-5053edfbf15b,FedRAMP,85b81f43-7b0a-425f-9fab-8890983bdbc4,automated_controlID_3029572,automated_controlid_30295,2026-04-06T01:27:35.000+00:00,2026-04-06,2026,April,04,Quarter 2,4b3c85d9-f93a-42eb-98c5-0590eb368dea,,,,,2564,,,,RiskName_3029572,d9abd16e-5df1-48ee-b7b9-04e8ffbec31f,RiskName_3029572,Risks,Risks,Risk.RiskControl,,,,Pending,Pending,Pending,075069de-c608-4765-9775-c7fe426932f7,Default Control Workflow,PENDING,PENDING,https://Control/Control/85b81f43-7b0a-425f-9fab-8890983bdbc4,Atlantic/Cape_Verde,b99df4a4-2bf5-4c08-9483-bd636470bc11,OTAuto02,b99df4a4-2bf5-4c08-9483-bd636470bc11
Access Control,9d844594-0f5a-41ba-96cd-7284e342e66c,Access Control,automated_controlName_3029572,4b3c85d9-f93a-42eb-98c5-0590eb368dea,automated_controlName_3029572,Active,Active,Active,,,,,,,,,,,FedRAMP,8e029b33-7408-4620-a7c3-5053edfbf15b,FedRAMP,85b81f43-7b0a-425f-9fab-8890983bdbc4,automated_controlID_3029572,automated_controlid_30295,2026-04-06T05:27:35.000+00:00,2026-04-06,2026,April,04,Quarter 2,4b3c85d9-f93a-42eb-98c5-0590eb368dea,,,,,2564,,,,RiskName_3029572,d9abd16e-5df1-48ee-b7b9-04e8ffbec31f,RiskName_3029572,Risks,Risks,Risk.RiskControl,,,,Pending,Pending,Pending,075069de-c608-4765-9775-c7fe426932f7,Default Control Workflow,PENDING,PENDING,https://Control/Control/85b81f43-7b0a-425f-9fab-8890983bdbc4,Asia/Jerusalem,b99df4a4-2bf5-4c08-9483-bd636470bc11,OTAuto02,b99df4a4-2bf5-4c08-9483-bd636470bc11
Access Control,9d844594-0f5a-41ba-96cd-7284e342e66c,Access Control,automated_controlName_3029572,4b3c85d9-f93a-42eb-98c5-0590eb368dea,automated_controlName_3029572,Active,Active,Active,,,,,,,,,,,FedRAMP,8e029b33-7408-4620-a7c3-5053edfbf15b,FedRAMP,85b81f43-7b0a-425f-9fab-8890983bdbc4,automated_controlID_3029572,automated_controlid_30295,2026-04-06T03:27:35.000+00:00,2026-04-06,2026,April,04,Quarter 2,4b3c85d9-f93a-42eb-98c5-0590eb368dea,,,,,2564,,,,RiskName_3029572,d9abd16e-5df1-48ee-b7b9-04e8ffbec31f,RiskName_3029572,Risks,Risks,Risk.RiskControl,,,,Pending,Pending,Pending,075069de-c608-4765-9775-c7fe426932f7,Default Control Workflow,PENDING,PENDING,https://Control/Control/85b81f43-7b0a-425f-9fab-8890983bdbc4,Africa/Bangui,b99df4a4-2bf5-4c08-9483-bd636470bc11,OTAuto02,b99df4a4-2bf5-4c08-9483-bd636470bc11
Access Control,9d844594-0f5a-41ba-96cd-7284e342e66c,Access Control,automated_controlName_3029572,4b3c85d9-f93a-42eb-98c5-0590eb368dea,automated_controlName_3029572,Active,Active,Active,,,,,,,,,,,FedRAMP,8e029b33-7408-4620-a7c3-5053edfbf15b,FedRAMP,85b81f43-7b0a-425f-9fab-8890983bdbc4,automated_controlID_3029572,automated_controlid_30295,2026-04-05T21:27:35.000+00:00,2026-04-05,2026,April,04,Quarter 2,4b3c85d9-f93a-42eb-98c5-0590eb368dea,,,,,2564,,,,RiskName_3029572,d9abd16e-5df1-48ee-b7b9-04e8ffbec31f,RiskName_3029572,Risks,Risks,Risk.RiskControl,,,,Pending,Pending,Pending,075069de-c608-4765-9775-c7fe426932f7,Default Control Workflow,PENDING,PENDING,https://Control/Control/85b81f43-7b0a-425f-9fab-8890983bdbc4,America/Panama,b99df4a4-2bf5-4c08-9483-bd636470bc11,OTAuto02,b99df4a4-2bf5-4c08-9483-bd636470bc11
Access Control,9d844594-0f5a-41ba-96cd-7284e342e66c,Access Control,automated_controlName_3029572,4b3c85d9-f93a-42eb-98c5-0590eb368dea,automated_controlName_3029572,Active,Active,Active,,,,,,,,,,,FedRAMP,8e029b33-7408-4620-a7c3-5053edfbf15b,FedRAMP,85b81f43-7b0a-425f-9fab-8890983bdbc4,automated_controlID_3029572,automated_controlid_30295,2026-04-06T07:27:35.000+00:00,2026-04-06,2026,April,04,Quarter 2,4b3c85d9-f93a-42eb-98c5-0590eb368dea,,,,,2564,,,,RiskName_3029572,d9abd16e-5df1-48ee-b7b9-04e8ffbec31f,RiskName_3029572,Risks,Risks,Risk.RiskControl,,,,Pending,Pending,Pending,075069de-c608-4765-9775-c7fe426932f7,Default Control Workflow,PENDING,PENDING,https://Control/Control/85b81f43-7b0a-425f-9fab-8890983bdbc4,Asia/Karachi,b99df4a4-2bf5-4c08-9483-bd636470bc11,OTAuto02,b99df4a4-2bf5-4c08-9483-bd636470bc11
Access Control,9d844594-0f5a-41ba-96cd-7284e342e66c,Access Control,automated_controlName_3029572,4b3c85d9-f93a-42eb-98c5-0590eb368dea,automated_controlName_3029572,Active,Active,Active,,,,,,,,,,,FedRAMP,8e029b33-7408-4620-a7c3-5053edfbf15b,FedRAMP,85b81f43-7b0a-425f-9fab-8890983bdbc4,automated_controlID_3029572,automated_controlid_30295,2026-04-06T16:27:35.000+00:00,2026-04-06,2026,April,04,Quarter 2,4b3c85d9-f93a-42eb-98c5-0590eb368dea,,,,,2564,,,,RiskName_3029572,d9abd16e-5df1-48ee-b7b9-04e8ffbec31f,RiskName_3029572,Risks,Risks,Risk.RiskControl,,,,Pending,Pending,Pending,075069de-c608-4765-9775-c7fe426932f7,Default Control Workflow,PENDING,PENDING,https://Control/Control/85b81f43-7b0a-425f-9fab-8890983bdbc4,Pacific/Kiritimati,b99df4a4-2bf5-4c08-9483-bd636470bc11,OTAuto02,b99df4a4-2bf5-4c08-9483-bd636470bc11
Access Control,9d844594-0f5a-41ba-96cd-7284e342e66c,Access Control,automated_controlName_3029572,4b3c85d9-f93a-42eb-98c5-0590eb368dea,automated_controlName_3029572,Active,Active,Active,,,,,,,,,,,FedRAMP,8e029b33-7408-4620-a7c3-5053edfbf15b,FedRAMP,85b81f43-7b0a-425f-9fab-8890983bdbc4,automated_controlID_3029572,automated_controlid_30295,2026-04-05T21:27:35.000+00:00,2026-04-05,2026,April,04,Quarter 2,4b3c85d9-f93a-42eb-98c5-0590eb368dea,,,,,2564,,,,RiskName_3029572,d9abd16e-5df1-48ee-b7b9-04e8ffbec31f,RiskName_3029572,Risks,Risks,Risk.RiskControl,,,,Pending,Pending,Pending,075069de-c608-4765-9775-c7fe426932f7,Default Control Workflow,PENDING,PENDING,https://Control/Control/85b81f43-7b0a-425f-9fab-8890983bdbc4,America/North_Dakota/Beulah,b99df4a4-2bf5-4c08-9483-bd636470bc11,OTAuto02,b99df4a4-2bf5-4c08-9483-bd636470bc11
Access Control,9d844594-0f5a-41ba-96cd-7284e342e66c,Access Control,automated_controlName_3029572,4b3c85d9-f93a-42eb-98c5-0590eb368dea,automated_controlName_3029572,Active,Active,Active,,,,,,,,,,,FedRAMP,8e029b33-7408-4620-a7c3-5053edfbf15b,FedRAMP,85b81f43-7b0a-425f-9fab-8890983bdbc4,automated_controlID_3029572,automated_controlid_30295,2026-04-05T23:27:35.000+00:00,2026-04-05,2026,April,04,Quarter 2,4b3c85d9-f93a-42eb-98c5-0590eb368dea,,,,,2564,,,,RiskName_3029572,d9abd16e-5df1-48ee-b7b9-04e8ffbec31f,RiskName_3029572,Risks,Risks,Risk.RiskControl,,,,Pending,Pending,Pending,075069de-c608-4765-9775-c7fe426932f7,Default Control Workflow,PENDING,PENDING,https://Control/Control/85b81f43-7b0a-425f-9fab-8890983bdbc4,Atlantic/Bermuda,b99df4a4-2bf5-4c08-9483-bd636470bc11,OTAuto02,b99df4a4-2bf5-4c08-9483-bd636470bc11
Access Control,9d844594-0f5a-41ba-96cd-7284e342e66c,Access Control,automated_controlName_3029572,4b3c85d9-f93a-42eb-98c5-0590eb368dea,automated_controlName_3029572,Active,Active,Active,,,,,,,,,,,FedRAMP,8e029b33-7408-4620-a7c3-5053edfbf15b,FedRAMP,85b81f43-7b0a-425f-9fab-8890983bdbc4,automated_controlID_3029572,automated_controlid_30295,2026-04-06T10:27:35.000+00:00,2026-04-06,2026,April,04,Quarter 2,4b3c85d9-f93a-42eb-98c5-0590eb368dea,,,,,2564,,,,RiskName_3029572,d9abd16e-5df1-48ee-b7b9-04e8ffbec31f,RiskName_3029572,Risks,Risks,Risk.RiskControl,,,,Pending,Pending,Pending,075069de-c608-4765-9775-c7fe426932f7,Default Control Workflow,PENDING,PENDING,https://Control/Control/85b81f43-7b0a-425f-9fab-8890983bdbc4,Australia/Perth,b99df4a4-2bf5-4c08-9483-bd636470bc11,OTAuto02,b99df4a4-2bf5-4c08-9483-bd636470bc11
Access Control,9d844594-0f5a-41ba-96cd-7284e342e66c,Access Control,automated_controlName_3029572,4b3c85d9-f93a-42eb-98c5-0590eb368dea,automated_controlName_3029572,Active,Active,Active,,,,,,,,,,,FedRAMP,8e029b33-7408-4620-a7c3-5053edfbf15b,FedRAMP,85b81f43-7b0a-425f-9fab-8890983bdbc4,automated_controlID_3029572,automated_controlid_30295,2026-04-06T04:27:35.000+00:00,2026-04-06,2026,April,04,Quarter 2,4b3c85d9-f93a-42eb-98c5-0590eb368dea,,,,,2564,,,,RiskName_3029572,d9abd16e-5df1-48ee-b7b9-04e8ffbec31f,RiskName_3029572,Risks,Risks,Risk.RiskControl,,,,Pending,Pending,Pending,075069de-c608-4765-9775-c7fe426932f7,Default Control Workflow,PENDING,PENDING,https://Control/Control/85b81f43-7b0a-425f-9fab-8890983bdbc4,Africa/Tripoli,b99df4a4-2bf5-4c08-9483-bd636470bc11,OTAuto02,b99df4a4-2bf5-4c08-9483-bd636470bc11
Access Control,9d844594-0f5a-41ba-96cd-7284e342e66c,Access Control,automated_controlName_3029572,4b3c85d9-f93a-42eb-98c5-0590eb368dea,automated_controlName_3029572,Active,Active,Active,,,,,,,,,,,FedRAMP,8e029b33-7408-4620-a7c3-5053edfbf15b,FedRAMP,85b81f43-7b0a-425f-9fab-8890983bdbc4,automated_controlID_3029572,automated_controlid_30295,2026-04-05T20:27:35.000+00:00,2026-04-05,2026,April,04,Quarter 2,4b3c85d9-f93a-42eb-98c5-0590eb368dea,,,,,2564,,,,RiskName_3029572,d9abd16e-5df1-48ee-b7b9-04e8ffbec31f,RiskName_3029572,Risks,Risks,Risk.RiskControl,,,,Pending,Pending,Pending,075069de-c608-4765-9775-c7fe426932f7,Default Control Workflow,PENDING,PENDING,https://Control/Control/85b81f43-7b0a-425f-9fab-8890983bdbc4,America/Managua,b99df4a4-2bf5-4c08-9483-bd636470bc11,OTAuto02,b99df4a4-2bf5-4c08-9483-bd636470bc11
Access Control,9d844594-0f5a-41ba-96cd-7284e342e66c,Access Control,automated_controlName_3029572,4b3c85d9-f93a-42eb-98c5-0590eb368dea,automated_controlName_3029572,Active,Active,Active,,,,,,,,,,,FedRAMP,8e029b33-7408-4620-a7c3-5053edfbf15b,FedRAMP,85b81f43-7b0a-425f-9fab-8890983bdbc4,automated_controlID_3029572,automated_controlid_30295,2026-04-06T09:27:35.000+00:00,2026-04-06,2026,April,04,Quarter 2,4b3c85d9-f93a-42eb-98c5-0590eb368dea,,,,,2564,,,,RiskName_3029572,d9abd16e-5df1-48ee-b7b9-04e8ffbec31f,RiskName_3029572,Risks,Risks,Risk.RiskControl,,,,Pending,Pending,Pending,075069de-c608-4765-9775-c7fe426932f7,Default Control Workflow,PENDING,PENDING,https://Control/Control/85b81f43-7b0a-425f-9fab-8890983bdbc4,Antarctica/Davis,b99df4a4-2bf5-4c08-9483-bd636470bc11,OTAuto02,b99df4a4-2bf5-4c08-9483-bd636470bc11
Access Control,9d844594-0f5a-41ba-96cd-7284e342e66c,Access Control,automated_controlName_3029572,4b3c85d9-f93a-42eb-98c5-0590eb368dea,automated_controlName_3029572,Active,Active,Active,,,,,,,,,,,FedRAMP,8e029b33-7408-4620-a7c3-5053edfbf15b,FedRAMP,85b81f43-7b0a-425f-9fab-8890983bdbc4,automated_controlID_3029572,automated_controlid_30295,2026-04-06T02:27:35.000+00:00,2026-04-06,2026,April,04,Quarter 2,4b3c85d9-f93a-42eb-98c5-0590eb368dea,,,,,2564,,,,RiskName_3029572,d9abd16e-5df1-48ee-b7b9-04e8ffbec31f,RiskName_3029572,Risks,Risks,Risk.RiskControl,,,,Pending,Pending,Pending,075069de-c608-4765-9775-c7fe426932f7,Default Control Workflow,PENDING,PENDING,https://Control/Control/85b81f43-7b0a-425f-9fab-8890983bdbc4,Africa/Nouakchott,b99df4a4-2bf5-4c08-9483-bd636470bc11,OTAuto02,b99df4a4-2bf5-4c08-9483-bd636470bc11
Access Control,9d844594-0f5a-41ba-96cd-7284e342e66c,Access Control,automated_controlName_3029572,4b3c85d9-f93a-42eb-98c5-0590eb368dea,automated_controlName_3029572,Active,Active,Active,,,,,,,,,,,FedRAMP,8e029b33-7408-4620-a7c3-5053edfbf15b,FedRAMP,85b81f43-7b0a-425f-9fab-8890983bdbc4,automated_controlID_3029572,automated_controlid_30295,2026-04-06T11:27:35.000+00:00,2026-04-06,2026,April,04,Quarter 2,4b3c85d9-f93a-42eb-98c5-0590eb368dea,,,,,2564,,,,RiskName_3029572,d9abd16e-5df1-48ee-b7b9-04e8ffbec31f,RiskName_3029572,Risks,Risks,Risk.RiskControl,,,,Pending,Pending,Pending,075069de-c608-4765-9775-c7fe426932f7,Default Control Workflow,PENDING,PENDING,https://Control/Control/85b81f43-7b0a-425f-9fab-8890983bdbc4,Asia/Yakutsk,b99df4a4-2bf5-4c08-9483-bd636470bc11,OTAuto02,b99df4a4-2bf5-4c08-9483-bd636470bc11
Access Control,9d844594-0f5a-41ba-96cd-7284e342e66c,Access Control,automated_controlName_3029572,4b3c85d9-f93a-42eb-98c5-0590eb368dea,automated_controlName_3029572,Active,Active,Active,,,,,,,,,,,FedRAMP,8e029b33-7408-4620-a7c3-5053edfbf15b,FedRAMP,85b81f43-7b0a-425f-9fab-8890983bdbc4,automated_controlID_3029572,automated_controlid_30295,2026-04-06T08:27:35.000+00:00,2026-04-06,2026,April,04,Quarter 2,4b3c85d9-f93a-42eb-98c5-0590eb368dea,,,,,2564,,,,RiskName_3029572,d9abd16e-5df1-48ee-b7b9-04e8ffbec31f,RiskName_3029572,Risks,Risks,Risk.RiskControl,,,,Pending,Pending,Pending,075069de-c608-4765-9775-c7fe426932f7,Default Control Workflow,PENDING,PENDING,https://Control/Control/85b81f43-7b0a-425f-9fab-8890983bdbc4,Etc/GMT-6,b99df4a4-2bf5-4c08-9483-bd636470bc11,OTAuto02,b99df4a4-2bf5-4c08-9483-bd636470bc11
Access Control,9d844594-0f5a-41ba-96cd-7284e342e66c,Access Control,automated_controlName_3029572,4b3c85d9-f93a-42eb-98c5-0590eb368dea,automated_controlName_3029572,Active,Active,Active,,,,,,,,,,,FedRAMP,8e029b33-7408-4620-a7c3-5053edfbf15b,FedRAMP,85b81f43-7b0a-425f-9fab-8890983bdbc4,automated_controlID_3029572,automated_controlid_30295,2026-04-05T22:27:35.000+00:00,2026-04-05,2026,April,04,Quarter 2,4b3c85d9-f93a-42eb-98c5-0590eb368dea,,,,,2564,,,,RiskName_3029572,d9abd16e-5df1-48ee-b7b9-04e8ffbec31f,RiskName_3029572,Risks,Risks,Risk.RiskControl,,,,Pending,Pending,Pending,075069de-c608-4765-9775-c7fe426932f7,Default Control Workflow,PENDING,PENDING,https://Control/Control/85b81f43-7b0a-425f-9fab-8890983bdbc4,America/Manaus,b99df4a4-2bf5-4c08-9483-bd636470bc11,OTAuto02,b99df4a4-2bf5-4c08-9483-bd636470bc11
Access Control,9d844594-0f5a-41ba-96cd-7284e342e66c,Access Control,automated_controlName_3029572,4b3c85d9-f93a-42eb-98c5-0590eb368dea,automated_controlName_3029572,Active,Active,Active,,,,,,,,,,,FedRAMP,8e029b33-7408-4620-a7c3-5053edfbf15b,FedRAMP,85b81f43-7b0a-425f-9fab-8890983bdbc4,automated_controlID_3029572,automated_controlid_30295,2026-04-05T22:27:35.000+00:00,2026-04-05,2026,April,04,Quarter 2,4b3c85d9-f93a-42eb-98c5-0590eb368dea,,,,,2564,,,,RiskName_3029572,d9abd16e-5df1-48ee-b7b9-04e8ffbec31f,RiskName_3029572,Risks,Risks,Risk.RiskControl,,,,Pending,Pending,Pending,075069de-c608-4765-9775-c7fe426932f7,Default Control Workflow,PENDING,PENDING,https://Control/Control/85b81f43-7b0a-425f-9fab-8890983bdbc4,America/Kralendijk,b99df4a4-2bf5-4c08-9483-bd636470bc11,OTAuto02,b99df4a4-2bf5-4c08-9483-bd636470bc11
Access Control,9d844594-0f5a-41ba-96cd-7284e342e66c,Access Control,automated_controlName_3029572,4b3c85d9-f93a-42eb-98c5-0590eb368dea,automated_controlName_3029572,Active,Active,Active,,,,,,,,,,,FedRAMP,8e029b33-7408-4620-a7c3-5053edfbf15b,FedRAMP,85b81f43-7b0a-425f-9fab-8890983bdbc4,automated_controlID_3029572,automated_controlid_30295,2026-04-05T21:27:35.000+00:00,2026-04-05,2026,April,04,Quarter 2,4b3c85d9-f93a-42eb-98c5-0590eb368dea,,,,,2564,,,,RiskName_3029572,d9abd16e-5df1-48ee-b7b9-04e8ffbec31f,RiskName_3029572,Risks,Risks,Risk.RiskControl,,,,Pending,Pending,Pending,075069de-c608-4765-9775-c7fe426932f7,Default Control Workflow,PENDING,PENDING,https://Control/Control/85b81f43-7b0a-425f-9fab-8890983bdbc4,America/Bogota,b99df4a4-2bf5-4c08-9483-bd636470bc11,OTAuto02,b99df4a4-2bf5-4c08-9483-bd636470bc11
Access Control,9d844594-0f5a-41ba-96cd-7284e342e66c,Access Control,automated_controlName_3029572,4b3c85d9-f93a-42eb-98c5-0590eb368dea,automated_controlName_3029572,Active,Active,Active,,,,,,,,,,,FedRAMP,8e029b33-7408-4620-a7c3-5053edfbf15b,FedRAMP,85b81f43-7b0a-425f-9fab-8890983bdbc4,automated_controlID_3029572,automated_controlid_30295,2026-04-05T20:27:35.000+00:00,2026-04-05,2026,April,04,Quarter 2,4b3c85d9-f93a-42eb-98c5-0590eb368dea,,,,,2564,,,,RiskName_3029572,d9abd16e-5df1-48ee-b7b9-04e8ffbec31f,RiskName_3029572,Risks,Risks,Risk.RiskControl,,,,Pending,Pending,Pending,075069de-c608-4765-9775-c7fe426932f7,Default Control Workflow,PENDING,PENDING,https://Control/Control/85b81f43-7b0a-425f-9fab-8890983bdbc4,America/Swift_Current,b99df4a4-2bf5-4c08-9483-bd636470bc11,OTAuto02,b99df4a4-2bf5-4c08-9483-bd636470bc11
Access Control,9d844594-0f5a-41ba-96cd-7284e342e66c,Access Control,automated_controlName_3029572,4b3c85d9-f93a-42eb-98c5-0590eb368dea,automated_controlName_3029572,Active,Active,Active,,,,,,,,,,,FedRAMP,8e029b33-7408-4620-a7c3-5053edfbf15b,FedRAMP,85b81f43-7b0a-425f-9fab-8890983bdbc4,automated_controlID_3029572,automated_controlid_30295,2026-04-06T04:27:35.000+00:00,2026-04-06,2026,April,04,Quarter 2,4b3c85d9-f93a-42eb-98c5-0590eb368dea,,,,,2564,,,,RiskName_3029572,d9abd16e-5df1-48ee-b7b9-04e8ffbec31f,RiskName_3029572,Risks,Risks,Risk.RiskControl,,,,Pending,Pending,Pending,075069de-c608-4765-9775-c7fe426932f7,Default Control Workflow,PENDING,PENDING,https://Control/Control/85b81f43-7b0a-425f-9fab-8890983bdbc4,Africa/Lubumbashi,b99df4a4-2bf5-4c08-9483-bd636470bc11,OTAuto02,b99df4a4-2bf5-4c08-9483-bd636470bc11
Access Control,9d844594-0f5a-41ba-96cd-7284e342e66c,Access Control,automated_controlName_3029572,4b3c85d9-f93a-42eb-98c5-0590eb368dea,automated_controlName_3029572,Active,Active,Active,,,,,,,,,,,FedRAMP,8e029b33-7408-4620-a7c3-5053edfbf15b,FedRAMP,85b81f43-7b0a-425f-9fab-8890983bdbc4,automated_controlID_3029572,automated_controlid_30295,2026-04-06T04:27:35.000+00:00,2026-04-06,2026,April,04,Quarter 2,4b3c85d9-f93a-42eb-98c5-0590eb368dea,,,,,2564,,,,RiskName_3029572,d9abd16e-5df1-48ee-b7b9-04e8ffbec31f,RiskName_3029572,Risks,Risks,Risk.RiskControl,,,,Pending,Pending,Pending,075069de-c608-4765-9775-c7fe426932f7,Default Control Workflow,PENDING,PENDING,https://Control/Control/85b81f43-7b0a-425f-9fab-8890983bdbc4,Europe/Kaliningrad,b99df4a4-2bf5-4c08-9483-bd636470bc11,OTAuto02,b99df4a4-2bf5-4c08-9483-bd636470bc11
Access Control,9d844594-0f5a-41ba-96cd-7284e342e66c,Access Control,automated_controlName_3029572,4b3c85d9-f93a-42eb-98c5-0590eb368dea,automated_controlName_3029572,Active,Active,Active,,,,,,,,,,,FedRAMP,8e029b33-7408-4620-a7c3-5053edfbf15b,FedRAMP,85b81f43-7b0a-425f-9fab-8890983bdbc4,automated_controlID_3029572,automated_controlid_30295,2026-04-06T04:27:35.000+00:00,2026-04-06,2026,April,04,Quarter 2,4b3c85d9-f93a-42eb-98c5-0590eb368dea,,,,,2564,,,,RiskName_3029572,d9abd16e-5df1-48ee-b7b9-04e8ffbec31f,RiskName_3029572,Risks,Risks,Risk.RiskControl,,,,Pending,Pending,Pending,075069de-c608-4765-9775-c7fe426932f7,Default Control Workflow,PENDING,PENDING,https://Control/Control/85b81f43-7b0a-425f-9fab-8890983bdbc4,Africa/Mbabane,b99df4a4-2bf5-4c08-9483-bd636470bc11,OTAuto02,b99df4a4-2bf5-4c08-9483-bd636470bc11
Access Control,9d844594-0f5a-41ba-96cd-7284e342e66c,Access Control,automated_controlName_3029572,4b3c85d9-f93a-42eb-98c5-0590eb368dea,automated_controlName_3029572,Active,Active,Active,,,,,,,,,,,FedRAMP,8e029b33-7408-4620-a7c3-5053edfbf15b,FedRAMP,85b81f43-7b0a-425f-9fab-8890983bdbc4,automated_controlID_3029572,automated_controlid_30295,2026-04-06T03:27:35.000+00:00,2026-04-06,2026,April,04,Quarter 2,4b3c85d9-f93a-42eb-98c5-0590eb368dea,,,,,2564,,,,RiskName_3029572,d9abd16e-5df1-48ee-b7b9-04e8ffbec31f,RiskName_3029572,Risks,Risks,Risk.RiskControl,,,,Pending,Pending,Pending,075069de-c608-4765-9775-c7fe426932f7,Default Control Workflow,PENDING,PENDING,https://Control/Control/85b81f43-7b0a-425f-9fab-8890983bdbc4,Atlantic/Madeira,b99df4a4-2bf5-4c08-9483-bd636470bc11,OTAuto02,b99df4a4-2bf5-4c08-9483-bd636470bc11
Access Control,9d844594-0f5a-41ba-96cd-7284e342e66c,Access Control,automated_controlName_3029572,4b3c85d9-f93a-42eb-98c5-0590eb368dea,automated_controlName_3029572,Active,Active,Active,,,,,,,,,,,FedRAMP,8e029b33-7408-4620-a7c3-5053edfbf15b,FedRAMP,85b81f43-7b0a-425f-9fab-8890983bdbc4,automated_controlID_3029572,automated_controlid_30295,2026-04-05T23:27:35.000+00:00,2026-04-05,2026,April,04,Quarter 2,4b3c85d9-f93a-42eb-98c5-0590eb368dea,,,,,2564,,,,RiskName_3029572,d9abd16e-5df1-48ee-b7b9-04e8ffbec31f,RiskName_3029572,Risks,Risks,Risk.RiskControl,,,,Pending,Pending,Pending,075069de-c608-4765-9775-c7fe426932f7,Default Control Workflow,PENDING,PENDING,https://Control/Control/85b81f43-7b0a-425f-9fab-8890983bdbc4,America/Thule,b99df4a4-2bf5-4c08-9483-bd636470bc11,OTAuto02,b99df4a4-2bf5-4c08-9483-bd636470bc11
Access Control,9d844594-0f5a-41ba-96cd-7284e342e66c,Access Control,automated_controlName_3029572,4b3c85d9-f93a-42eb-98c5-0590eb368dea,automated_controlName_3029572,Active,Active,Active,,,,,,,,,,,FedRAMP,8e029b33-7408-4620-a7c3-5053edfbf15b,FedRAMP,85b81f43-7b0a-425f-9fab-8890983bdbc4,automated_controlID_3029572,automated_controlid_30295,2026-04-06T13:27:35.000+00:00,2026-04-06,2026,April,04,Quarter 2,4b3c85d9-f93a-42eb-98c5-0590eb368dea,,,,,2564,,,,RiskName_3029572,d9abd16e-5df1-48ee-b7b9-04e8ffbec31f,RiskName_3029572,Risks,Risks,Risk.RiskControl,,,,Pending,Pending,Pending,075069de-c608-4765-9775-c7fe426932f7,Default Control Workflow,PENDING,PENDING,https://Control/Control/85b81f43-7b0a-425f-9fab-8890983bdbc4,Asia/Sakhalin,b99df4a4-2bf5-4c08-9483-bd636470bc11,OTAuto02,b99df4a4-2bf5-4c08-9483-bd636470bc11
Access Control,9d844594-0f5a-41ba-96cd-7284e342e66c,Access Control,automated_controlName_3029572,4b3c85d9-f93a-42eb-98c5-0590eb368dea,automated_controlName_3029572,Active,Active,Active,,,,,,,,,,,FedRAMP,8e029b33-7408-4620-a7c3-5053edfbf15b,FedRAMP,85b81f43-7b0a-425f-9fab-8890983bdbc4,automated_controlID_3029572,automated_controlid_30295,2026-04-06T05:27:35.000+00:00,2026-04-06,2026,April,04,Quarter 2,4b3c85d9-f93a-42eb-98c5-0590eb368dea,,,,,2564,,,,RiskName_3029572,d9abd16e-5df1-48ee-b7b9-04e8ffbec31f,RiskName_3029572,Risks,Risks,Risk.RiskControl,,,,Pending,Pending,Pending,075069de-c608-4765-9775-c7fe426932f7,Default Control Workflow,PENDING,PENDING,https://Control/Control/85b81f43-7b0a-425f-9fab-8890983bdbc4,Africa/Nairobi,b99df4a4-2bf5-4c08-9483-bd636470bc11,OTAuto02,b99df4a4-2bf5-4c08-9483-bd636470bc11
Access Control,9d844594-0f5a-41ba-96cd-7284e342e66c,Access Control,automated_controlName_3029572,4b3c85d9-f93a-42eb-98c5-0590eb368dea,automated_controlName_3029572,Active,Active,Active,,,,,,,,,,,FedRAMP,8e029b33-7408-4620-a7c3-5053edfbf15b,FedRAMP,85b81f43-7b0a-425f-9fab-8890983bdbc4,automated_controlID_3029572,automated_controlid_30295,2026-04-06T04:27:35.000+00:00,2026-04-06,2026,April,04,Quarter 2,4b3c85d9-f93a-42eb-98c5-0590eb368dea,,,,,2564,,,,RiskName_3029572,d9abd16e-5df1-48ee-b7b9-04e8ffbec31f,RiskName_3029572,Risks,Risks,Risk.RiskControl,,,,Pending,Pending,Pending,075069de-c608-4765-9775-c7fe426932f7,Default Control Workflow,PENDING,PENDING,https://Control/Control/85b81f43-7b0a-425f-9fab-8890983bdbc4,Europe/Vatican,b99df4a4-2bf5-4c08-9483-bd636470bc11,OTAuto02,b99df4a4-2bf5-4c08-9483-bd636470bc11
Access Control,9d844594-0f5a-41ba-96cd-7284e342e66c,Access Control,automated_controlName_3029572,4b3c85d9-f93a-42eb-98c5-0590eb368dea,automated_controlName_3029572,Active,Active,Active,,,,,,,,,,,FedRAMP,8e029b33-7408-4620-a7c3-5053edfbf15b,FedRAMP,85b81f43-7b0a-425f-9fab-8890983bdbc4,automated_controlID_3029572,automated_controlid_30295,2026-04-06T05:27:35.000+00:00,2026-04-06,2026,April,04,Quarter 2,4b3c85d9-f93a-42eb-98c5-0590eb368dea,,,,,2564,,,,RiskName_3029572,d9abd16e-5df1-48ee-b7b9-04e8ffbec31f,RiskName_3029572,Risks,Risks,Risk.RiskControl,,,,Pending,Pending,Pending,075069de-c608-4765-9775-c7fe426932f7,Default Control Workflow,PENDING,PENDING,https://Control/Control/85b81f43-7b0a-425f-9fab-8890983bdbc4,EET,b99df4a4-2bf5-4c08-9483-bd636470bc11,OTAuto02,b99df4a4-2bf5-4c08-9483-bd636470bc11
Access Control,9d844594-0f5a-41ba-96cd-7284e342e66c,Access Control,automated_controlName_3029572,4b3c85d9-f93a-42eb-98c5-0590eb368dea,automated_controlName_3029572,Active,Active,Active,,,,,,,,,,,FedRAMP,8e029b33-7408-4620-a7c3-5053edfbf15b,FedRAMP,85b81f43-7b0a-425f-9fab-8890983bdbc4,automated_controlID_3029572,automated_controlid_30295,2026-04-05T23:27:35.000+00:00,2026-04-05,2026,April,04,Quarter 2,4b3c85d9-f93a-42eb-98c5-0590eb368dea,,,,,2564,,,,RiskName_3029572,d9abd16e-5df1-48ee-b7b9-04e8ffbec31f,RiskName_3029572,Risks,Risks,Risk.RiskControl,,,,Pending,Pending,Pending,075069de-c608-4765-9775-c7fe426932f7,Default Control Workflow,PENDING,PENDING,https://Control/Control/85b81f43-7b0a-425f-9fab-8890983bdbc4,America/Moncton,b99df4a4-2bf5-4c08-9483-bd636470bc11,OTAuto02,b99df4a4-2bf5-4c08-9483-bd636470bc11
Access Control,9d844594-0f5a-41ba-96cd-7284e342e66c,Access Control,automated_controlName_3029572,4b3c85d9-f93a-42eb-98c5-0590eb368dea,automated_controlName_3029572,Active,Active,Active,,,,,,,,,,,FedRAMP,8e029b33-7408-4620-a7c3-5053edfbf15b,FedRAMP,85b81f43-7b0a-425f-9fab-8890983bdbc4,automated_controlID_3029572,automated_controlid_30295,2026-04-05T23:27:35.000+00:00,2026-04-05,2026,April,04,Quarter 2,4b3c85d9-f93a-42eb-98c5-0590eb368dea,,,,,2564,,,,RiskName_3029572,d9abd16e-5df1-48ee-b7b9-04e8ffbec31f,RiskName_3029572,Risks,Risks,Risk.RiskControl,,,,Pending,Pending,Pending,075069de-c608-4765-9775-c7fe426932f7,Default Control Workflow,PENDING,PENDING,https://Control/Control/85b81f43-7b0a-425f-9fab-8890983bdbc4,America/Cordoba,b99df4a4-2bf5-4c08-9483-bd636470bc11,OTAuto02,b99df4a4-2bf5-4c08-9483-bd636470bc11
Access Control,9d844594-0f5a-41ba-96cd-7284e342e66c,Access Control,automated_controlName_3029572,4b3c85d9-f93a-42eb-98c5-0590eb368dea,automated_controlName_3029572,Active,Active,Active,,,,,,,,,,,FedRAMP,8e029b33-7408-4620-a7c3-5053edfbf15b,FedRAMP,85b81f43-7b0a-425f-9fab-8890983bdbc4,automated_controlID_3029572,automated_controlid_30295,2026-04-06T08:57:35.000+00:00,2026-04-06,2026,April,04,Quarter 2,4b3c85d9-f93a-42eb-98c5-0590eb368dea,,,,,2564,,,,RiskName_3029572,d9abd16e-5df1-48ee-b7b9-04e8ffbec31f,RiskName_3029572,Risks,Risks,Risk.RiskControl,,,,Pending,Pending,Pending,075069de-c608-4765-9775-c7fe426932f7,Default Control Workflow,PENDING,PENDING,https://Control/Control/85b81f43-7b0a-425f-9fab-8890983bdbc4,Indian/Cocos,b99df4a4-2bf5-4c08-9483-bd636470bc11,OTAuto02,b99df4a4-2bf5-4c08-9483-bd636470bc11
Access Control,9d844594-0f5a-41ba-96cd-7284e342e66c,Access Control,automated_controlName_3029572,4b3c85d9-f93a-42eb-98c5-0590eb368dea,automated_controlName_3029572,Active,Active,Active,,,,,,,,,,,FedRAMP,8e029b33-7408-4620-a7c3-5053edfbf15b,FedRAMP,85b81f43-7b0a-425f-9fab-8890983bdbc4,automated_controlID_3029572,automated_controlid_30295,2026-04-05T23:27:35.000+00:00,2026-04-05,2026,April,04,Quarter 2,4b3c85d9-f93a-42eb-98c5-0590eb368dea,,,,,2564,,,,RiskName_3029572,d9abd16e-5df1-48ee-b7b9-04e8ffbec31f,RiskName_3029572,Risks,Risks,Risk.RiskControl,,,,Pending,Pending,Pending,075069de-c608-4765-9775-c7fe426932f7,Default Control Workflow,PENDING,PENDING,https://Control/Control/85b81f43-7b0a-425f-9fab-8890983bdbc4,America/Argentina/Salta,b99df4a4-2bf5-4c08-9483-bd636470bc11,OTAuto02,b99df4a4-2bf5-4c08-9483-bd636470bc11
Access Control,9d844594-0f5a-41ba-96cd-7284e342e66c,Access Control,automated_controlName_3029572,4b3c85d9-f93a-42eb-98c5-0590eb368dea,automated_controlName_3029572,Active,Active,Active,,,,,,,,,,,FedRAMP,8e029b33-7408-4620-a7c3-5053edfbf15b,FedRAMP,85b81f43-7b0a-425f-9fab-8890983bdbc4,automated_controlID_3029572,automated_controlid_30295,2026-04-06T02:27:35.000+00:00,2026-04-06,2026,April,04,Quarter 2,4b3c85d9-f93a-42eb-98c5-0590eb368dea,,,,,2564,,,,RiskName_3029572,d9abd16e-5df1-48ee-b7b9-04e8ffbec31f,RiskName_3029572,Risks,Risks,Risk.RiskControl,,,,Pending,Pending,Pending,075069de-c608-4765-9775-c7fe426932f7,Default Control Workflow,PENDING,PENDING,https://Control/Control/85b81f43-7b0a-425f-9fab-8890983bdbc4,GMT+0,b99df4a4-2bf5-4c08-9483-bd636470bc11,OTAuto02,b99df4a4-2bf5-4c08-9483-bd636470bc11
Access Control,9d844594-0f5a-41ba-96cd-7284e342e66c,Access Control,automated_controlName_3029572,4b3c85d9-f93a-42eb-98c5-0590eb368dea,automated_controlName_3029572,Active,Active,Active,,,,,,,,,,,FedRAMP,8e029b33-7408-4620-a7c3-5053edfbf15b,FedRAMP,85b81f43-7b0a-425f-9fab-8890983bdbc4,automated_controlID_3029572,automated_controlid_30295,2026-04-06T07:27:35.000+00:00,2026-04-06,2026,April,04,Quarter 2,4b3c85d9-f93a-42eb-98c5-0590eb368dea,,,,,2564,,,,RiskName_3029572,d9abd16e-5df1-48ee-b7b9-04e8ffbec31f,RiskName_3029572,Risks,Risks,Risk.RiskControl,,,,Pending,Pending,Pending,075069de-c608-4765-9775-c7fe426932f7,Default Control Workflow,PENDING,PENDING,https://Control/Control/85b81f43-7b0a-425f-9fab-8890983bdbc4,Asia/Aqtobe,b99df4a4-2bf5-4c08-9483-bd636470bc11,OTAuto02,b99df4a4-2bf5-4c08-9483-bd636470bc11
Access Control,9d844594-0f5a-41ba-96cd-7284e342e66c,Access Control,automated_controlName_3029572,4b3c85d9-f93a-42eb-98c5-0590eb368dea,automated_controlName_3029572,Active,Active,Active,,,,,,,,,,,FedRAMP,8e029b33-7408-4620-a7c3-5053edfbf15b,FedRAMP,85b81f43-7b0a-425f-9fab-8890983bdbc4,automated_controlID_3029572,automated_controlid_30295,2026-04-05T22:27:35.000+00:00,2026-04-05,2026,April,04,Quarter 2,4b3c85d9-f93a-42eb-98c5-0590eb368dea,,,,,2564,,,,RiskName_3029572,d9abd16e-5df1-48ee-b7b9-04e8ffbec31f,RiskName_3029572,Risks,Risks,Risk.RiskControl,,,,Pending,Pending,Pending,075069de-c608-4765-9775-c7fe426932f7,Default Control Workflow,PENDING,PENDING,https://Control/Control/85b81f43-7b0a-425f-9fab-8890983bdbc4,America/Kentucky/Louisville,b99df4a4-2bf5-4c08-9483-bd636470bc11,OTAuto02,b99df4a4-2bf5-4c08-9483-bd636470bc11
Access Control,9d844594-0f5a-41ba-96cd-7284e342e66c,Access Control,automated_controlName_3029572,4b3c85d9-f93a-42eb-98c5-0590eb368dea,automated_controlName_3029572,Active,Active,Active,,,,,,,,,,,FedRAMP,8e029b33-7408-4620-a7c3-5053edfbf15b,FedRAMP,85b81f43-7b0a-425f-9fab-8890983bdbc4,automated_controlID_3029572,automated_controlid_30295,2026-04-05T22:27:35.000+00:00,2026-04-05,2026,April,04,Quarter 2,4b3c85d9-f93a-42eb-98c5-0590eb368dea,,,,,2564,,,,RiskName_3029572,d9abd16e-5df1-48ee-b7b9-04e8ffbec31f,RiskName_3029572,Risks,Risks,Risk.RiskControl,,,,Pending,Pending,Pending,075069de-c608-4765-9775-c7fe426932f7,Default Control Workflow,PENDING,PENDING,https://Control/Control/85b81f43-7b0a-425f-9fab-8890983bdbc4,America/Indiana/Indianapolis,b99df4a4-2bf5-4c08-9483-bd636470bc11,OTAuto02,b99df4a4-2bf5-4c08-9483-bd636470bc11
Access Control,9d844594-0f5a-41ba-96cd-7284e342e66c,Access Control,automated_controlName_3029572,4b3c85d9-f93a-42eb-98c5-0590eb368dea,automated_controlName_3029572,Active,Active,Active,,,,,,,,,,,FedRAMP,8e029b33-7408-4620-a7c3-5053edfbf15b,FedRAMP,85b81f43-7b0a-425f-9fab-8890983bdbc4,automated_controlID_3029572,automated_controlid_30295,2026-04-06T09:27:35.000+00:00,2026-04-06,2026,April,04,Quarter 2,4b3c85d9-f93a-42eb-98c5-0590eb368dea,,,,,2564,,,,RiskName_3029572,d9abd16e-5df1-48ee-b7b9-04e8ffbec31f,RiskName_3029572,Risks,Risks,Risk.RiskControl,,,,Pending,Pending,Pending,075069de-c608-4765-9775-c7fe426932f7,Default Control Workflow,PENDING,PENDING,https://Control/Control/85b81f43-7b0a-425f-9fab-8890983bdbc4,Asia/Novokuznetsk,b99df4a4-2bf5-4c08-9483-bd636470bc11,OTAuto02,b99df4a4-2bf5-4c08-9483-bd636470bc11
Access Control,9d844594-0f5a-41ba-96cd-7284e342e66c,Access Control,automated_controlName_3029572,4b3c85d9-f93a-42eb-98c5-0590eb368dea,automated_controlName_3029572,Active,Active,Active,,,,,,,,,,,FedRAMP,8e029b33-7408-4620-a7c3-5053edfbf15b,FedRAMP,85b81f43-7b0a-425f-9fab-8890983bdbc4,automated_controlID_3029572,automated_controlid_30295,2026-04-06T02:27:35.000+00:00,2026-04-06,2026,April,04,Quarter 2,4b3c85d9-f93a-42eb-98c5-0590eb368dea,,,,,2564,,,,RiskName_3029572,d9abd16e-5df1-48ee-b7b9-04e8ffbec31f,RiskName_3029572,Risks,Risks,Risk.RiskControl,,,,Pending,Pending,Pending,075069de-c608-4765-9775-c7fe426932f7,Default Control Workflow,PENDING,PENDING,https://Control/Control/85b81f43-7b0a-425f-9fab-8890983bdbc4,GMT-0,b99df4a4-2bf5-4c08-9483-bd636470bc11,OTAuto02,b99df4a4-2bf5-4c08-9483-bd636470bc11
Access Control,9d844594-0f5a-41ba-96cd-7284e342e66c,Access Control,automated_controlName_3029572,4b3c85d9-f93a-42eb-98c5-0590eb368dea,automated_controlName_3029572,Active,Active,Active,,,,,,,,,,,FedRAMP,8e029b33-7408-4620-a7c3-5053edfbf15b,FedRAMP,85b81f43-7b0a-425f-9fab-8890983bdbc4,automated_controlID_3029572,automated_controlid_30295,2026-04-06T03:27:35.000+00:00,2026-04-06,2026,April,04,Quarter 2,4b3c85d9-f93a-42eb-98c5-0590eb368dea,,,,,2564,,,,RiskName_3029572,d9abd16e-5df1-48ee-b7b9-04e8ffbec31f,RiskName_3029572,Risks,Risks,Risk.RiskControl,,,,Pending,Pending,Pending,075069de-c608-4765-9775-c7fe426932f7,Default Control Workflow,PENDING,PENDING,https://Control/Control/85b81f43-7b0a-425f-9fab-8890983bdbc4,Africa/El_Aaiun,b99df4a4-2bf5-4c08-9483-bd636470bc11,OTAuto02,b99df4a4-2bf5-4c08-9483-bd636470bc11
Access Control,9d844594-0f5a-41ba-96cd-7284e342e66c,Access Control,automated_controlName_3029572,4b3c85d9-f93a-42eb-98c5-0590eb368dea,automated_controlName_3029572,Active,Active,Active,,,,,,,,,,,FedRAMP,8e029b33-7408-4620-a7c3-5053edfbf15b,FedRAMP,85b81f43-7b0a-425f-9fab-8890983bdbc4,automated_controlID_3029572,automated_controlid_30295,2026-04-06T14:27:35.000+00:00,2026-04-06,2026,April,04,Quarter 2,4b3c85d9-f93a-42eb-98c5-0590eb368dea,,,,,2564,,,,RiskName_3029572,d9abd16e-5df1-48ee-b7b9-04e8ffbec31f,RiskName_3029572,Risks,Risks,Risk.RiskControl,,,,Pending,Pending,Pending,075069de-c608-4765-9775-c7fe426932f7,Default Control Workflow,PENDING,PENDING,https://Control/Control/85b81f43-7b0a-425f-9fab-8890983bdbc4,Pacific/Nauru,b99df4a4-2bf5-4c08-9483-bd636470bc11,OTAuto02,b99df4a4-2bf5-4c08-9483-bd636470bc11
Access Control,9d844594-0f5a-41ba-96cd-7284e342e66c,Access Control,automated_controlName_3029572,4b3c85d9-f93a-42eb-98c5-0590eb368dea,automated_controlName_3029572,Active,Active,Active,,,,,,,,,,,FedRAMP,8e029b33-7408-4620-a7c3-5053edfbf15b,FedRAMP,85b81f43-7b0a-425f-9fab-8890983bdbc4,automated_controlID_3029572,automated_controlid_30295,2026-04-06T05:27:35.000+00:00,2026-04-06,2026,April,04,Quarter 2,4b3c85d9-f93a-42eb-98c5-0590eb368dea,,,,,2564,,,,RiskName_3029572,d9abd16e-5df1-48ee-b7b9-04e8ffbec31f,RiskName_3029572,Risks,Risks,Risk.RiskControl,,,,Pending,Pending,Pending,075069de-c608-4765-9775-c7fe426932f7,Default Control Workflow,PENDING,PENDING,https://Control/Control/85b81f43-7b0a-425f-9fab-8890983bdbc4,Europe/Kiev,b99df4a4-2bf5-4c08-9483-bd636470bc11,OTAuto02,b99df4a4-2bf5-4c08-9483-bd636470bc11
Access Control,9d844594-0f5a-41ba-96cd-7284e342e66c,Access Control,automated_controlName_3029572,4b3c85d9-f93a-42eb-98c5-0590eb368dea,automated_controlName_3029572,Active,Active,Active,,,,,,,,,,,FedRAMP,8e029b33-7408-4620-a7c3-5053edfbf15b,FedRAMP,85b81f43-7b0a-425f-9fab-8890983bdbc4,automated_controlID_3029572,automated_controlid_30295,2026-04-06T05:27:35.000+00:00,2026-04-06,2026,April,04,Quarter 2,4b3c85d9-f93a-42eb-98c5-0590eb368dea,,,,,2564,,,,RiskName_3029572,d9abd16e-5df1-48ee-b7b9-04e8ffbec31f,RiskName_3029572,Risks,Risks,Risk.RiskControl,,,,Pending,Pending,Pending,075069de-c608-4765-9775-c7fe426932f7,Default Control Workflow,PENDING,PENDING,https://Control/Control/85b81f43-7b0a-425f-9fab-8890983bdbc4,Asia/Nicosia,b99df4a4-2bf5-4c08-9483-bd636470bc11,OTAuto02,b99df4a4-2bf5-4c08-9483-bd636470bc11
Access Control,9d844594-0f5a-41ba-96cd-7284e342e66c,Access Control,automated_controlName_3029572,4b3c85d9-f93a-42eb-98c5-0590eb368dea,automated_controlName_3029572,Active,Active,Active,,,,,,,,,,,FedRAMP,8e029b33-7408-4620-a7c3-5053edfbf15b,FedRAMP,85b81f43-7b0a-425f-9fab-8890983bdbc4,automated_controlID_3029572,automated_controlid_30295,2026-04-06T07:27:35.000+00:00,2026-04-06,2026,April,04,Quarter 2,4b3c85d9-f93a-42eb-98c5-0590eb368dea,,,,,2564,,,,RiskName_3029572,d9abd16e-5df1-48ee-b7b9-04e8ffbec31f,RiskName_3029572,Risks,Risks,Risk.RiskControl,,,,Pending,Pending,Pending,075069de-c608-4765-9775-c7fe426932f7,Default Control Workflow,PENDING,PENDING,https://Control/Control/85b81f43-7b0a-425f-9fab-8890983bdbc4,Indian/Maldives,b99df4a4-2bf5-4c08-9483-bd636470bc11,OTAuto02,b99df4a4-2bf5-4c08-9483-bd636470bc11
Access Control,9d844594-0f5a-41ba-96cd-7284e342e66c,Access Control,automated_controlName_3029572,4b3c85d9-f93a-42eb-98c5-0590eb368dea,automated_controlName_3029572,Active,Active,Active,,,,,,,,,,,FedRAMP,8e029b33-7408-4620-a7c3-5053edfbf15b,FedRAMP,85b81f43-7b0a-425f-9fab-8890983bdbc4,automated_controlID_3029572,automated_controlid_30295,2026-04-05T23:27:35.000+00:00,2026-04-05,2026,April,04,Quarter 2,4b3c85d9-f93a-42eb-98c5-0590eb368dea,,,,,2564,,,,RiskName_3029572,d9abd16e-5df1-48ee-b7b9-04e8ffbec31f,RiskName_3029572,Risks,Risks,Risk.RiskControl,,,,Pending,Pending,Pending,075069de-c608-4765-9775-c7fe426932f7,Default Control Workflow,PENDING,PENDING,https://Control/Control/85b81f43-7b0a-425f-9fab-8890983bdbc4,America/Argentina/La_Rioja,b99df4a4-2bf5-4c08-9483-bd636470bc11,OTAuto02,b99df4a4-2bf5-4c08-9483-bd636470bc11
Access Control,9d844594-0f5a-41ba-96cd-7284e342e66c,Access Control,automated_controlName_3029572,4b3c85d9-f93a-42eb-98c5-0590eb368dea,automated_controlName_3029572,Active,Active,Active,,,,,,,,,,,FedRAMP,8e029b33-7408-4620-a7c3-5053edfbf15b,FedRAMP,85b81f43-7b0a-425f-9fab-8890983bdbc4,automated_controlID_3029572,automated_controlid_30295,2026-04-05T18:27:35.000+00:00,2026-04-05,2026,April,04,Quarter 2,4b3c85d9-f93a-42eb-98c5-0590eb368dea,,,,,2564,,,,RiskName_3029572,d9abd16e-5df1-48ee-b7b9-04e8ffbec31f,RiskName_3029572,Risks,Risks,Risk.RiskControl,,,,Pending,Pending,Pending,075069de-c608-4765-9775-c7fe426932f7,Default Control Workflow,PENDING,PENDING,https://Control/Control/85b81f43-7b0a-425f-9fab-8890983bdbc4,America/Juneau,b99df4a4-2bf5-4c08-9483-bd636470bc11,OTAuto02,b99df4a4-2bf5-4c08-9483-bd636470bc11
Access Control,9d844594-0f5a-41ba-96cd-7284e342e66c,Access Control,automated_controlName_3029572,4b3c85d9-f93a-42eb-98c5-0590eb368dea,automated_controlName_3029572,Active,Active,Active,,,,,,,,,,,FedRAMP,8e029b33-7408-4620-a7c3-5053edfbf15b,FedRAMP,85b81f43-7b0a-425f-9fab-8890983bdbc4,automated_controlID_3029572,automated_controlid_30295,2026-04-06T12:57:35.000+00:00,2026-04-06,2026,April,04,Quarter 2,4b3c85d9-f93a-42eb-98c5-0590eb368dea,,,,,2564,,,,RiskName_3029572,d9abd16e-5df1-48ee-b7b9-04e8ffbec31f,RiskName_3029572,Risks,Risks,Risk.RiskControl,,,,Pending,Pending,Pending,075069de-c608-4765-9775-c7fe426932f7,Default Control Workflow,PENDING,PENDING,https://Control/Control/85b81f43-7b0a-425f-9fab-8890983bdbc4,Australia/Lord_Howe,b99df4a4-2bf5-4c08-9483-bd636470bc11,OTAuto02,b99df4a4-2bf5-4c08-9483-bd636470bc11
Access Control,9d844594-0f5a-41ba-96cd-7284e342e66c,Access Control,automated_controlName_3029572,4b3c85d9-f93a-42eb-98c5-0590eb368dea,automated_controlName_3029572,Active,Active,Active,,,,,,,,,,,FedRAMP,8e029b33-7408-4620-a7c3-5053edfbf15b,FedRAMP,85b81f43-7b0a-425f-9fab-8890983bdbc4,automated_controlID_3029572,automated_controlid_30295,2026-04-05T18:27:35.000+00:00,2026-04-05,2026,April,04,Quarter 2,4b3c85d9-f93a-42eb-98c5-0590eb368dea,,,,,2564,,,,RiskName_3029572,d9abd16e-5df1-48ee-b7b9-04e8ffbec31f,RiskName_3029572,Risks,Risks,Risk.RiskControl,,,,Pending,Pending,Pending,075069de-c608-4765-9775-c7fe426932f7,Default Control Workflow,PENDING,PENDING,https://Control/Control/85b81f43-7b0a-425f-9fab-8890983bdbc4,America/Anchorage,b99df4a4-2bf5-4c08-9483-bd636470bc11,OTAuto02,b99df4a4-2bf5-4c08-9483-bd636470bc11
Access Control,9d844594-0f5a-41ba-96cd-7284e342e66c,Access Control,automated_controlName_3029572,4b3c85d9-f93a-42eb-98c5-0590eb368dea,automated_controlName_3029572,Active,Active,Active,,,,,,,,,,,FedRAMP,8e029b33-7408-4620-a7c3-5053edfbf15b,FedRAMP,85b81f43-7b0a-425f-9fab-8890983bdbc4,automated_controlID_3029572,automated_controlid_30295,2026-04-06T06:57:35.000+00:00,2026-04-06,2026,April,04,Quarter 2,4b3c85d9-f93a-42eb-98c5-0590eb368dea,,,,,2564,,,,RiskName_3029572,d9abd16e-5df1-48ee-b7b9-04e8ffbec31f,RiskName_3029572,Risks,Risks,Risk.RiskControl,,,,Pending,Pending,Pending,075069de-c608-4765-9775-c7fe426932f7,Default Control Workflow,PENDING,PENDING,https://Control/Control/85b81f43-7b0a-425f-9fab-8890983bdbc4,Asia/Kabul,b99df4a4-2bf5-4c08-9483-bd636470bc11,OTAuto02,b99df4a4-2bf5-4c08-9483-bd636470bc11
Access Control,9d844594-0f5a-41ba-96cd-7284e342e66c,Access Control,automated_controlName_3029572,4b3c85d9-f93a-42eb-98c5-0590eb368dea,automated_controlName_3029572,Active,Active,Active,,,,,,,,,,,FedRAMP,8e029b33-7408-4620-a7c3-5053edfbf15b,FedRAMP,85b81f43-7b0a-425f-9fab-8890983bdbc4,automated_controlID_3029572,automated_controlid_30295,2026-04-05T20:27:35.000+00:00,2026-04-05,2026,April,04,Quarter 2,4b3c85d9-f93a-42eb-98c5-0590eb368dea,,,,,2564,,,,RiskName_3029572,d9abd16e-5df1-48ee-b7b9-04e8ffbec31f,RiskName_3029572,Risks,Risks,Risk.RiskControl,,,,Pending,Pending,Pending,075069de-c608-4765-9775-c7fe426932f7,Default Control Workflow,PENDING,PENDING,https://Control/Control/85b81f43-7b0a-425f-9fab-8890983bdbc4,Canada/Mountain,b99df4a4-2bf5-4c08-9483-bd636470bc11,OTAuto02,b99df4a4-2bf5-4c08-9483-bd636470bc11
Access Control,9d844594-0f5a-41ba-96cd-7284e342e66c,Access Control,automated_controlName_3029572,4b3c85d9-f93a-42eb-98c5-0590eb368dea,automated_controlName_3029572,Active,Active,Active,,,,,,,,,,,FedRAMP,8e029b33-7408-4620-a7c3-5053edfbf15b,FedRAMP,85b81f43-7b0a-425f-9fab-8890983bdbc4,automated_controlID_3029572,automated_controlid_30295,2026-04-06T10:27:35.000+00:00,2026-04-06,2026,April,04,Quarter 2,4b3c85d9-f93a-42eb-98c5-0590eb368dea,,,,,2564,,,,RiskName_3029572,d9abd16e-5df1-48ee-b7b9-04e8ffbec31f,RiskName_3029572,Risks,Risks,Risk.RiskControl,,,,Pending,Pending,Pending,075069de-c608-4765-9775-c7fe426932f7,Default Control Workflow,PENDING,PENDING,https://Control/Control/85b81f43-7b0a-425f-9fab-8890983bdbc4,Asia/Chongqing,b99df4a4-2bf5-4c08-9483-bd636470bc11,OTAuto02,b99df4a4-2bf5-4c08-9483-bd636470bc11
Access Control,9d844594-0f5a-41ba-96cd-7284e342e66c,Access Control,automated_controlName_3029572,4b3c85d9-f93a-42eb-98c5-0590eb368dea,automated_controlName_3029572,Active,Active,Active,,,,,,,,,,,FedRAMP,8e029b33-7408-4620-a7c3-5053edfbf15b,FedRAMP,85b81f43-7b0a-425f-9fab-8890983bdbc4,automated_controlID_3029572,automated_controlid_30295,2026-04-05T22:27:35.000+00:00,2026-04-05,2026,April,04,Quarter 2,4b3c85d9-f93a-42eb-98c5-0590eb368dea,,,,,2564,,,,RiskName_3029572,d9abd16e-5df1-48ee-b7b9-04e8ffbec31f,RiskName_3029572,Risks,Risks,Risk.RiskControl,,,,Pending,Pending,Pending,075069de-c608-4765-9775-c7fe426932f7,Default Control Workflow,PENDING,PENDING,https://Control/Control/85b81f43-7b0a-425f-9fab-8890983bdbc4,America/Blanc-Sablon,b99df4a4-2bf5-4c08-9483-bd636470bc11,OTAuto02,b99df4a4-2bf5-4c08-9483-bd636470bc11
Access Control,9d844594-0f5a-41ba-96cd-7284e342e66c,Access Control,automated_controlName_3029572,4b3c85d9-f93a-42eb-98c5-0590eb368dea,automated_controlName_3029572,Active,Active,Active,,,,,,,,,,,FedRAMP,8e029b33-7408-4620-a7c3-5053edfbf15b,FedRAMP,85b81f43-7b0a-425f-9fab-8890983bdbc4,automated_controlID_3029572,automated_controlid_30295,2026-04-06T05:27:35.000+00:00,2026-04-06,2026,April,04,Quarter 2,4b3c85d9-f93a-42eb-98c5-0590eb368dea,,,,,2564,,,,RiskName_3029572,d9abd16e-5df1-48ee-b7b9-04e8ffbec31f,RiskName_3029572,Risks,Risks,Risk.RiskControl,,,,Pending,Pending,Pending,075069de-c608-4765-9775-c7fe426932f7,Default Control Workflow,PENDING,PENDING,https://Control/Control/85b81f43-7b0a-425f-9fab-8890983bdbc4,Indian/Mayotte,b99df4a4-2bf5-4c08-9483-bd636470bc11,OTAuto02,b99df4a4-2bf5-4c08-9483-bd636470bc11
Access Control,9d844594-0f5a-41ba-96cd-7284e342e66c,Access Control,automated_controlName_3029572,4b3c85d9-f93a-42eb-98c5-0590eb368dea,automated_controlName_3029572,Active,Active,Active,,,,,,,,,,,FedRAMP,8e029b33-7408-4620-a7c3-5053edfbf15b,FedRAMP,85b81f43-7b0a-425f-9fab-8890983bdbc4,automated_controlID_3029572,automated_controlid_30295,2026-04-06T07:27:35.000+00:00,2026-04-06,2026,April,04,Quarter 2,4b3c85d9-f93a-42eb-98c5-0590eb368dea,,,,,2564,,,,RiskName_3029572,d9abd16e-5df1-48ee-b7b9-04e8ffbec31f,RiskName_3029572,Risks,Risks,Risk.RiskControl,,,,Pending,Pending,Pending,075069de-c608-4765-9775-c7fe426932f7,Default Control Workflow,PENDING,PENDING,https://Control/Control/85b81f43-7b0a-425f-9fab-8890983bdbc4,Asia/Yekaterinburg,b99df4a4-2bf5-4c08-9483-bd636470bc11,OTAuto02,b99df4a4-2bf5-4c08-9483-bd636470bc11
Access Control,9d844594-0f5a-41ba-96cd-7284e342e66c,Access Control,automated_controlName_3029572,4b3c85d9-f93a-42eb-98c5-0590eb368dea,automated_controlName_3029572,Active,Active,Active,,,,,,,,,,,FedRAMP,8e029b33-7408-4620-a7c3-5053edfbf15b,FedRAMP,85b81f43-7b0a-425f-9fab-8890983bdbc4,automated_controlID_3029572,automated_controlid_30295,2026-04-05T22:27:35.000+00:00,2026-04-05,2026,April,04,Quarter 2,4b3c85d9-f93a-42eb-98c5-0590eb368dea,,,,,2564,,,,RiskName_3029572,d9abd16e-5df1-48ee-b7b9-04e8ffbec31f,RiskName_3029572,Risks,Risks,Risk.RiskControl,,,,Pending,Pending,Pending,075069de-c608-4765-9775-c7fe426932f7,Default Control Workflow,PENDING,PENDING,https://Control/Control/85b81f43-7b0a-425f-9fab-8890983bdbc4,America/Nipigon,b99df4a4-2bf5-4c08-9483-bd636470bc11,OTAuto02,b99df4a4-2bf5-4c08-9483-bd636470bc11
Access Control,9d844594-0f5a-41ba-96cd-7284e342e66c,Access Control,automated_controlName_3029572,4b3c85d9-f93a-42eb-98c5-0590eb368dea,automated_controlName_3029572,Active,Active,Active,,,,,,,,,,,FedRAMP,8e029b33-7408-4620-a7c3-5053edfbf15b,FedRAMP,85b81f43-7b0a-425f-9fab-8890983bdbc4,automated_controlID_3029572,automated_controlid_30295,2026-04-05T23:27:35.000+00:00,2026-04-05,2026,April,04,Quarter 2,4b3c85d9-f93a-42eb-98c5-0590eb368dea,,,,,2564,,,,RiskName_3029572,d9abd16e-5df1-48ee-b7b9-04e8ffbec31f,RiskName_3029572,Risks,Risks,Risk.RiskControl,,,,Pending,Pending,Pending,075069de-c608-4765-9775-c7fe426932f7,Default Control Workflow,PENDING,PENDING,https://Control/Control/85b81f43-7b0a-425f-9fab-8890983bdbc4,America/Sao_Paulo,b99df4a4-2bf5-4c08-9483-bd636470bc11,OTAuto02,b99df4a4-2bf5-4c08-9483-bd636470bc11
Access Control,9d844594-0f5a-41ba-96cd-7284e342e66c,Access Control,automated_controlName_3029572,4b3c85d9-f93a-42eb-98c5-0590eb368dea,automated_controlName_3029572,Active,Active,Active,,,,,,,,,,,FedRAMP,8e029b33-7408-4620-a7c3-5053edfbf15b,FedRAMP,85b81f43-7b0a-425f-9fab-8890983bdbc4,automated_controlID_3029572,automated_controlid_30295,2026-04-06T10:27:35.000+00:00,2026-04-06,2026,April,04,Quarter 2,4b3c85d9-f93a-42eb-98c5-0590eb368dea,,,,,2564,,,,RiskName_3029572,d9abd16e-5df1-48ee-b7b9-04e8ffbec31f,RiskName_3029572,Risks,Risks,Risk.RiskControl,,,,Pending,Pending,Pending,075069de-c608-4765-9775-c7fe426932f7,Default Control Workflow,PENDING,PENDING,https://Control/Control/85b81f43-7b0a-425f-9fab-8890983bdbc4,Asia/Taipei,b99df4a4-2bf5-4c08-9483-bd636470bc11,OTAuto02,b99df4a4-2bf5-4c08-9483-bd636470bc11
Access Control,9d844594-0f5a-41ba-96cd-7284e342e66c,Access Control,automated_controlName_3029572,4b3c85d9-f93a-42eb-98c5-0590eb368dea,automated_controlName_3029572,Active,Active,Active,,,,,,,,,,,FedRAMP,8e029b33-7408-4620-a7c3-5053edfbf15b,FedRAMP,85b81f43-7b0a-425f-9fab-8890983bdbc4,automated_controlID_3029572,automated_controlid_30295,2026-04-05T22:27:35.000+00:00,2026-04-05,2026,April,04,Quarter 2,4b3c85d9-f93a-42eb-98c5-0590eb368dea,,,,,2564,,,,RiskName_3029572,d9abd16e-5df1-48ee-b7b9-04e8ffbec31f,RiskName_3029572,Risks,Risks,Risk.RiskControl,,,,Pending,Pending,Pending,075069de-c608-4765-9775-c7fe426932f7,Default Control Workflow,PENDING,PENDING,https://Control/Control/85b81f43-7b0a-425f-9fab-8890983bdbc4,America/Montreal,b99df4a4-2bf5-4c08-9483-bd636470bc11,OTAuto02,b99df4a4-2bf5-4c08-9483-bd636470bc11
Access Control,9d844594-0f5a-41ba-96cd-7284e342e66c,Access Control,automated_controlName_3029572,4b3c85d9-f93a-42eb-98c5-0590eb368dea,automated_controlName_3029572,Active,Active,Active,,,,,,,,,,,FedRAMP,8e029b33-7408-4620-a7c3-5053edfbf15b,FedRAMP,85b81f43-7b0a-425f-9fab-8890983bdbc4,automated_controlID_3029572,automated_controlid_30295,2026-04-05T21:27:35.000+00:00,2026-04-05,2026,April,04,Quarter 2,4b3c85d9-f93a-42eb-98c5-0590eb368dea,,,,,2564,,,,RiskName_3029572,d9abd16e-5df1-48ee-b7b9-04e8ffbec31f,RiskName_3029572,Risks,Risks,Risk.RiskControl,,,,Pending,Pending,Pending,075069de-c608-4765-9775-c7fe426932f7,Default Control Workflow,PENDING,PENDING,https://Control/Control/85b81f43-7b0a-425f-9fab-8890983bdbc4,America/Menominee,b99df4a4-2bf5-4c08-9483-bd636470bc11,OTAuto02,b99df4a4-2bf5-4c08-9483-bd636470bc11
Access Control,9d844594-0f5a-41ba-96cd-7284e342e66c,Access Control,automated_controlName_3029572,4b3c85d9-f93a-42eb-98c5-0590eb368dea,automated_controlName_3029572,Active,Active,Active,,,,,,,,,,,FedRAMP,8e029b33-7408-4620-a7c3-5053edfbf15b,FedRAMP,85b81f43-7b0a-425f-9fab-8890983bdbc4,automated_controlID_3029572,automated_controlid_30295,2026-04-05T22:27:35.000+00:00,2026-04-05,2026,April,04,Quarter 2,4b3c85d9-f93a-42eb-98c5-0590eb368dea,,,,,2564,,,,RiskName_3029572,d9abd16e-5df1-48ee-b7b9-04e8ffbec31f,RiskName_3029572,Risks,Risks,Risk.RiskControl,,,,Pending,Pending,Pending,075069de-c608-4765-9775-c7fe426932f7,Default Control Workflow,PENDING,PENDING,https://Control/Control/85b81f43-7b0a-425f-9fab-8890983bdbc4,America/Martinique,b99df4a4-2bf5-4c08-9483-bd636470bc11,OTAuto02,b99df4a4-2bf5-4c08-9483-bd636470bc11
Access Control,9d844594-0f5a-41ba-96cd-7284e342e66c,Access Control,automated_controlName_3029572,4b3c85d9-f93a-42eb-98c5-0590eb368dea,automated_controlName_3029572,Active,Active,Active,,,,,,,,,,,FedRAMP,8e029b33-7408-4620-a7c3-5053edfbf15b,FedRAMP,85b81f43-7b0a-425f-9fab-8890983bdbc4,automated_controlID_3029572,automated_controlid_30295,2026-04-06T05:27:35.000+00:00,2026-04-06,2026,April,04,Quarter 2,4b3c85d9-f93a-42eb-98c5-0590eb368dea,,,,,2564,,,,RiskName_3029572,d9abd16e-5df1-48ee-b7b9-04e8ffbec31f,RiskName_3029572,Risks,Risks,Risk.RiskControl,,,,Pending,Pending,Pending,075069de-c608-4765-9775-c7fe426932f7,Default Control Workflow,PENDING,PENDING,https://Control/Control/85b81f43-7b0a-425f-9fab-8890983bdbc4,Europe/Mariehamn,b99df4a4-2bf5-4c08-9483-bd636470bc11,OTAuto02,b99df4a4-2bf5-4c08-9483-bd636470bc11
Access Control,9d844594-0f5a-41ba-96cd-7284e342e66c,Access Control,automated_controlName_3029572,4b3c85d9-f93a-42eb-98c5-0590eb368dea,automated_controlName_3029572,Active,Active,Active,,,,,,,,,,,FedRAMP,8e029b33-7408-4620-a7c3-5053edfbf15b,FedRAMP,85b81f43-7b0a-425f-9fab-8890983bdbc4,automated_controlID_3029572,automated_controlid_30295,2026-04-06T04:27:35.000+00:00,2026-04-06,2026,April,04,Quarter 2,4b3c85d9-f93a-42eb-98c5-0590eb368dea,,,,,2564,,,,RiskName_3029572,d9abd16e-5df1-48ee-b7b9-04e8ffbec31f,RiskName_3029572,Risks,Risks,Risk.RiskControl,,,,Pending,Pending,Pending,075069de-c608-4765-9775-c7fe426932f7,Default Control Workflow,PENDING,PENDING,https://Control/Control/85b81f43-7b0a-425f-9fab-8890983bdbc4,Europe/Sarajevo,b99df4a4-2bf5-4c08-9483-bd636470bc11,OTAuto02,b99df4a4-2bf5-4c08-9483-bd636470bc11
Access Control,9d844594-0f5a-41ba-96cd-7284e342e66c,Access Control,automated_controlName_3029572,4b3c85d9-f93a-42eb-98c5-0590eb368dea,automated_controlName_3029572,Active,Active,Active,,,,,,,,,,,FedRAMP,8e029b33-7408-4620-a7c3-5053edfbf15b,FedRAMP,85b81f43-7b0a-425f-9fab-8890983bdbc4,automated_controlID_3029572,automated_controlid_30295,2026-04-06T07:27:35.000+00:00,2026-04-06,2026,April,04,Quarter 2,4b3c85d9-f93a-42eb-98c5-0590eb368dea,,,,,2564,,,,RiskName_3029572,d9abd16e-5df1-48ee-b7b9-04e8ffbec31f,RiskName_3029572,Risks,Risks,Risk.RiskControl,,,,Pending,Pending,Pending,075069de-c608-4765-9775-c7fe426932f7,Default Control Workflow,PENDING,PENDING,https://Control/Control/85b81f43-7b0a-425f-9fab-8890983bdbc4,Antarctica/Vostok,b99df4a4-2bf5-4c08-9483-bd636470bc11,OTAuto02,b99df4a4-2bf5-4c08-9483-bd636470bc11
Access Control,9d844594-0f5a-41ba-96cd-7284e342e66c,Access Control,automated_controlName_3029572,4b3c85d9-f93a-42eb-98c5-0590eb368dea,automated_controlName_3029572,Active,Active,Active,,,,,,,,,,,FedRAMP,8e029b33-7408-4620-a7c3-5053edfbf15b,FedRAMP,85b81f43-7b0a-425f-9fab-8890983bdbc4,automated_controlID_3029572,automated_controlid_30295,2026-04-06T04:27:35.000+00:00,2026-04-06,2026,April,04,Quarter 2,4b3c85d9-f93a-42eb-98c5-0590eb368dea,,,,,2564,,,,RiskName_3029572,d9abd16e-5df1-48ee-b7b9-04e8ffbec31f,RiskName_3029572,Risks,Risks,Risk.RiskControl,,,,Pending,Pending,Pending,075069de-c608-4765-9775-c7fe426932f7,Default Control Workflow,PENDING,PENDING,https://Control/Control/85b81f43-7b0a-425f-9fab-8890983bdbc4,Europe/Zurich,b99df4a4-2bf5-4c08-9483-bd636470bc11,OTAuto02,b99df4a4-2bf5-4c08-9483-bd636470bc11
Access Control,9d844594-0f5a-41ba-96cd-7284e342e66c,Access Control,automated_controlName_3029572,4b3c85d9-f93a-42eb-98c5-0590eb368dea,automated_controlName_3029572,Active,Active,Active,,,,,,,,,,,FedRAMP,8e029b33-7408-4620-a7c3-5053edfbf15b,FedRAMP,85b81f43-7b0a-425f-9fab-8890983bdbc4,automated_controlID_3029572,automated_controlid_30295,2026-04-05T20:27:35.000+00:00,2026-04-05,2026,April,04,Quarter 2,4b3c85d9-f93a-42eb-98c5-0590eb368dea,,,,,2564,,,,RiskName_3029572,d9abd16e-5df1-48ee-b7b9-04e8ffbec31f,RiskName_3029572,Risks,Risks,Risk.RiskControl,,,,Pending,Pending,Pending,075069de-c608-4765-9775-c7fe426932f7,Default Control Workflow,PENDING,PENDING,https://Control/Control/85b81f43-7b0a-425f-9fab-8890983bdbc4,Canada/Saskatchewan,b99df4a4-2bf5-4c08-9483-bd636470bc11,OTAuto02,b99df4a4-2bf5-4c08-9483-bd636470bc11
Access Control,9d844594-0f5a-41ba-96cd-7284e342e66c,Access Control,automated_controlName_3029572,4b3c85d9-f93a-42eb-98c5-0590eb368dea,automated_controlName_3029572,Active,Active,Active,,,,,,,,,,,FedRAMP,8e029b33-7408-4620-a7c3-5053edfbf15b,FedRAMP,85b81f43-7b0a-425f-9fab-8890983bdbc4,automated_controlID_3029572,automated_controlid_30295,2026-04-05T22:27:35.000+00:00,2026-04-05,2026,April,04,Quarter 2,4b3c85d9-f93a-42eb-98c5-0590eb368dea,,,,,2564,,,,RiskName_3029572,d9abd16e-5df1-48ee-b7b9-04e8ffbec31f,RiskName_3029572,Risks,Risks,Risk.RiskControl,,,,Pending,Pending,Pending,075069de-c608-4765-9775-c7fe426932f7,Default Control Workflow,PENDING,PENDING,https://Control/Control/85b81f43-7b0a-425f-9fab-8890983bdbc4,America/Montserrat,b99df4a4-2bf5-4c08-9483-bd636470bc11,OTAuto02,b99df4a4-2bf5-4c08-9483-bd636470bc11
Access Control,9d844594-0f5a-41ba-96cd-7284e342e66c,Access Control,automated_controlName_3029572,4b3c85d9-f93a-42eb-98c5-0590eb368dea,automated_controlName_3029572,Active,Active,Active,,,,,,,,,,,FedRAMP,8e029b33-7408-4620-a7c3-5053edfbf15b,FedRAMP,85b81f43-7b0a-425f-9fab-8890983bdbc4,automated_controlID_3029572,automated_controlid_30295,2026-04-06T07:27:35.000+00:00,2026-04-06,2026,April,04,Quarter 2,4b3c85d9-f93a-42eb-98c5-0590eb368dea,,,,,2564,,,,RiskName_3029572,d9abd16e-5df1-48ee-b7b9-04e8ffbec31f,RiskName_3029572,Risks,Risks,Risk.RiskControl,,,,Pending,Pending,Pending,075069de-c608-4765-9775-c7fe426932f7,Default Control Workflow,PENDING,PENDING,https://Control/Control/85b81f43-7b0a-425f-9fab-8890983bdbc4,Asia/Ashgabat,b99df4a4-2bf5-4c08-9483-bd636470bc11,OTAuto02,b99df4a4-2bf5-4c08-9483-bd636470bc11
Access Control,9d844594-0f5a-41ba-96cd-7284e342e66c,Access Control,automated_controlName_3029572,4b3c85d9-f93a-42eb-98c5-0590eb368dea,automated_controlName_3029572,Active,Active,Active,,,,,,,,,,,FedRAMP,8e029b33-7408-4620-a7c3-5053edfbf15b,FedRAMP,85b81f43-7b0a-425f-9fab-8890983bdbc4,automated_controlID_3029572,automated_controlid_30295,2026-04-06T05:27:35.000+00:00,2026-04-06,2026,April,04,Quarter 2,4b3c85d9-f93a-42eb-98c5-0590eb368dea,,,,,2564,,,,RiskName_3029572,d9abd16e-5df1-48ee-b7b9-04e8ffbec31f,RiskName_3029572,Risks,Risks,Risk.RiskControl,,,,Pending,Pending,Pending,075069de-c608-4765-9775-c7fe426932f7,Default Control Workflow,PENDING,PENDING,https://Control/Control/85b81f43-7b0a-425f-9fab-8890983bdbc4,Asia/Damascus,b99df4a4-2bf5-4c08-9483-bd636470bc11,OTAuto02,b99df4a4-2bf5-4c08-9483-bd636470bc11
Access Control,9d844594-0f5a-41ba-96cd-7284e342e66c,Access Control,automated_controlName_3029572,4b3c85d9-f93a-42eb-98c5-0590eb368dea,automated_controlName_3029572,Active,Active,Active,,,,,,,,,,,FedRAMP,8e029b33-7408-4620-a7c3-5053edfbf15b,FedRAMP,85b81f43-7b0a-425f-9fab-8890983bdbc4,automated_controlID_3029572,automated_controlid_30295,2026-04-06T02:27:35.000+00:00,2026-04-06,2026,April,04,Quarter 2,4b3c85d9-f93a-42eb-98c5-0590eb368dea,,,,,2564,,,,RiskName_3029572,d9abd16e-5df1-48ee-b7b9-04e8ffbec31f,RiskName_3029572,Risks,Risks,Risk.RiskControl,,,,Pending,Pending,Pending,075069de-c608-4765-9775-c7fe426932f7,Default Control Workflow,PENDING,PENDING,https://Control/Control/85b81f43-7b0a-425f-9fab-8890983bdbc4,Africa/Conakry,b99df4a4-2bf5-4c08-9483-bd636470bc11,OTAuto02,b99df4a4-2bf5-4c08-9483-bd636470bc11
Access Control,9d844594-0f5a-41ba-96cd-7284e342e66c,Access Control,automated_controlName_3029572,4b3c85d9-f93a-42eb-98c5-0590eb368dea,automated_controlName_3029572,Active,Active,Active,,,,,,,,,,,FedRAMP,8e029b33-7408-4620-a7c3-5053edfbf15b,FedRAMP,85b81f43-7b0a-425f-9fab-8890983bdbc4,automated_controlID_3029572,automated_controlid_30295,2026-04-06T09:27:35.000+00:00,2026-04-06,2026,April,04,Quarter 2,4b3c85d9-f93a-42eb-98c5-0590eb368dea,,,,,2564,,,,RiskName_3029572,d9abd16e-5df1-48ee-b7b9-04e8ffbec31f,RiskName_3029572,Risks,Risks,Risk.RiskControl,,,,Pending,Pending,Pending,075069de-c608-4765-9775-c7fe426932f7,Default Control Workflow,PENDING,PENDING,https://Control/Control/85b81f43-7b0a-425f-9fab-8890983bdbc4,Asia/Pontianak,b99df4a4-2bf5-4c08-9483-bd636470bc11,OTAuto02,b99df4a4-2bf5-4c08-9483-bd636470bc11
Access Control,9d844594-0f5a-41ba-96cd-7284e342e66c,Access Control,automated_controlName_3029572,4b3c85d9-f93a-42eb-98c5-0590eb368dea,automated_controlName_3029572,Active,Active,Active,,,,,,,,,,,FedRAMP,8e029b33-7408-4620-a7c3-5053edfbf15b,FedRAMP,85b81f43-7b0a-425f-9fab-8890983bdbc4,automated_controlID_3029572,automated_controlid_30295,2026-04-06T04:27:35.000+00:00,2026-04-06,2026,April,04,Quarter 2,4b3c85d9-f93a-42eb-98c5-0590eb368dea,,,,,2564,,,,RiskName_3029572,d9abd16e-5df1-48ee-b7b9-04e8ffbec31f,RiskName_3029572,Risks,Risks,Risk.RiskControl,,,,Pending,Pending,Pending,075069de-c608-4765-9775-c7fe426932f7,Default Control Workflow,PENDING,PENDING,https://Control/Control/85b81f43-7b0a-425f-9fab-8890983bdbc4,Africa/Lusaka,b99df4a4-2bf5-4c08-9483-bd636470bc11,OTAuto02,b99df4a4-2bf5-4c08-9483-bd636470bc11
Access Control,9d844594-0f5a-41ba-96cd-7284e342e66c,Access Control,automated_controlName_3029572,4b3c85d9-f93a-42eb-98c5-0590eb368dea,automated_controlName_3029572,Active,Active,Active,,,,,,,,,,,FedRAMP,8e029b33-7408-4620-a7c3-5053edfbf15b,FedRAMP,85b81f43-7b0a-425f-9fab-8890983bdbc4,automated_controlID_3029572,automated_controlid_30295,2026-04-05T22:27:35.000+00:00,2026-04-05,2026,April,04,Quarter 2,4b3c85d9-f93a-42eb-98c5-0590eb368dea,,,,,2564,,,,RiskName_3029572,d9abd16e-5df1-48ee-b7b9-04e8ffbec31f,RiskName_3029572,Risks,Risks,Risk.RiskControl,,,,Pending,Pending,Pending,075069de-c608-4765-9775-c7fe426932f7,Default Control Workflow,PENDING,PENDING,https://Control/Control/85b81f43-7b0a-425f-9fab-8890983bdbc4,America/Antigua,b99df4a4-2bf5-4c08-9483-bd636470bc11,OTAuto02,b99df4a4-2bf5-4c08-9483-bd636470bc11
Access Control,9d844594-0f5a-41ba-96cd-7284e342e66c,Access Control,automated_controlName_3029572,4b3c85d9-f93a-42eb-98c5-0590eb368dea,automated_controlName_3029572,Active,Active,Active,,,,,,,,,,,FedRAMP,8e029b33-7408-4620-a7c3-5053edfbf15b,FedRAMP,85b81f43-7b0a-425f-9fab-8890983bdbc4,automated_controlID_3029572,automated_controlid_30295,2026-04-05T23:27:35.000+00:00,2026-04-05,2026,April,04,Quarter 2,4b3c85d9-f93a-42eb-98c5-0590eb368dea,,,,,2564,,,,RiskName_3029572,d9abd16e-5df1-48ee-b7b9-04e8ffbec31f,RiskName_3029572,Risks,Risks,Risk.RiskControl,,,,Pending,Pending,Pending,075069de-c608-4765-9775-c7fe426932f7,Default Control Workflow,PENDING,PENDING,https://Control/Control/85b81f43-7b0a-425f-9fab-8890983bdbc4,America/Argentina/Ushuaia,b99df4a4-2bf5-4c08-9483-bd636470bc11,OTAuto02,b99df4a4-2bf5-4c08-9483-bd636470bc11
Access Control,9d844594-0f5a-41ba-96cd-7284e342e66c,Access Control,automated_controlName_3029572,4b3c85d9-f93a-42eb-98c5-0590eb368dea,automated_controlName_3029572,Active,Active,Active,,,,,,,,,,,FedRAMP,8e029b33-7408-4620-a7c3-5053edfbf15b,FedRAMP,85b81f43-7b0a-425f-9fab-8890983bdbc4,automated_controlID_3029572,automated_controlid_30295,2026-04-05T22:27:35.000+00:00,2026-04-05,2026,April,04,Quarter 2,4b3c85d9-f93a-42eb-98c5-0590eb368dea,,,,,2564,,,,RiskName_3029572,d9abd16e-5df1-48ee-b7b9-04e8ffbec31f,RiskName_3029572,Risks,Risks,Risk.RiskControl,,,,Pending,Pending,Pending,075069de-c608-4765-9775-c7fe426932f7,Default Control Workflow,PENDING,PENDING,https://Control/Control/85b81f43-7b0a-425f-9fab-8890983bdbc4,America/Porto_Velho,b99df4a4-2bf5-4c08-9483-bd636470bc11,OTAuto02,b99df4a4-2bf5-4c08-9483-bd636470bc11
Access Control,9d844594-0f5a-41ba-96cd-7284e342e66c,Access Control,automated_controlName_3029572,4b3c85d9-f93a-42eb-98c5-0590eb368dea,automated_controlName_3029572,Active,Active,Active,,,,,,,,,,,FedRAMP,8e029b33-7408-4620-a7c3-5053edfbf15b,FedRAMP,85b81f43-7b0a-425f-9fab-8890983bdbc4,automated_controlID_3029572,automated_controlid_30295,2026-04-05T20:27:35.000+00:00,2026-04-05,2026,April,04,Quarter 2,4b3c85d9-f93a-42eb-98c5-0590eb368dea,,,,,2564,,,,RiskName_3029572,d9abd16e-5df1-48ee-b7b9-04e8ffbec31f,RiskName_3029572,Risks,Risks,Risk.RiskControl,,,,Pending,Pending,Pending,075069de-c608-4765-9775-c7fe426932f7,Default Control Workflow,PENDING,PENDING,https://Control/Control/85b81f43-7b0a-425f-9fab-8890983bdbc4,America/El_Salvador,b99df4a4-2bf5-4c08-9483-bd636470bc11,OTAuto02,b99df4a4-2bf5-4c08-9483-bd636470bc11
Access Control,9d844594-0f5a-41ba-96cd-7284e342e66c,Access Control,automated_controlName_3029572,4b3c85d9-f93a-42eb-98c5-0590eb368dea,automated_controlName_3029572,Active,Active,Active,,,,,,,,,,,FedRAMP,8e029b33-7408-4620-a7c3-5053edfbf15b,FedRAMP,85b81f43-7b0a-425f-9fab-8890983bdbc4,automated_controlID_3029572,automated_controlid_30295,2026-04-06T12:27:35.000+00:00,2026-04-06,2026,April,04,Quarter 2,4b3c85d9-f93a-42eb-98c5-0590eb368dea,,,,,2564,,,,RiskName_3029572,d9abd16e-5df1-48ee-b7b9-04e8ffbec31f,RiskName_3029572,Risks,Risks,Risk.RiskControl,,,,Pending,Pending,Pending,075069de-c608-4765-9775-c7fe426932f7,Default Control Workflow,PENDING,PENDING,https://Control/Control/85b81f43-7b0a-425f-9fab-8890983bdbc4,Australia/ACT,b99df4a4-2bf5-4c08-9483-bd636470bc11,OTAuto02,b99df4a4-2bf5-4c08-9483-bd636470bc11
Access Control,9d844594-0f5a-41ba-96cd-7284e342e66c,Access Control,automated_controlName_3029572,4b3c85d9-f93a-42eb-98c5-0590eb368dea,automated_controlName_3029572,Active,Active,Active,,,,,,,,,,,FedRAMP,8e029b33-7408-4620-a7c3-5053edfbf15b,FedRAMP,85b81f43-7b0a-425f-9fab-8890983bdbc4,automated_controlID_3029572,automated_controlid_30295,2026-04-05T22:27:35.000+00:00,2026-04-05,2026,April,04,Quarter 2,4b3c85d9-f93a-42eb-98c5-0590eb368dea,,,,,2564,,,,RiskName_3029572,d9abd16e-5df1-48ee-b7b9-04e8ffbec31f,RiskName_3029572,Risks,Risks,Risk.RiskControl,,,,Pending,Pending,Pending,075069de-c608-4765-9775-c7fe426932f7,Default Control Workflow,PENDING,PENDING,https://Control/Control/85b81f43-7b0a-425f-9fab-8890983bdbc4,America/St_Kitts,b99df4a4-2bf5-4c08-9483-bd636470bc11,OTAuto02,b99df4a4-2bf5-4c08-9483-bd636470bc11
Access Control,9d844594-0f5a-41ba-96cd-7284e342e66c,Access Control,automated_controlName_3029572,4b3c85d9-f93a-42eb-98c5-0590eb368dea,automated_controlName_3029572,Active,Active,Active,,,,,,,,,,,FedRAMP,8e029b33-7408-4620-a7c3-5053edfbf15b,FedRAMP,85b81f43-7b0a-425f-9fab-8890983bdbc4,automated_controlID_3029572,automated_controlid_30295,2026-04-06T15:27:35.000+00:00,2026-04-06,2026,April,04,Quarter 2,4b3c85d9-f93a-42eb-98c5-0590eb368dea,,,,,2564,,,,RiskName_3029572,d9abd16e-5df1-48ee-b7b9-04e8ffbec31f,RiskName_3029572,Risks,Risks,Risk.RiskControl,,,,Pending,Pending,Pending,075069de-c608-4765-9775-c7fe426932f7,Default Control Workflow,PENDING,PENDING,https://Control/Control/85b81f43-7b0a-425f-9fab-8890983bdbc4,Pacific/Fakaofo,b99df4a4-2bf5-4c08-9483-bd636470bc11,OTAuto02,b99df4a4-2bf5-4c08-9483-bd636470bc11
Access Control,9d844594-0f5a-41ba-96cd-7284e342e66c,Access Control,automated_controlName_3029572,4b3c85d9-f93a-42eb-98c5-0590eb368dea,automated_controlName_3029572,Active,Active,Active,,,,,,,,,,,FedRAMP,8e029b33-7408-4620-a7c3-5053edfbf15b,FedRAMP,85b81f43-7b0a-425f-9fab-8890983bdbc4,automated_controlID_3029572,automated_controlid_30295,2026-04-05T23:27:35.000+00:00,2026-04-05,2026,April,04,Quarter 2,4b3c85d9-f93a-42eb-98c5-0590eb368dea,,,,,2564,,,,RiskName_3029572,d9abd16e-5df1-48ee-b7b9-04e8ffbec31f,RiskName_3029572,Risks,Risks,Risk.RiskControl,,,,Pending,Pending,Pending,075069de-c608-4765-9775-c7fe426932f7,Default Control Workflow,PENDING,PENDING,https://Control/Control/85b81f43-7b0a-425f-9fab-8890983bdbc4,America/Maceio,b99df4a4-2bf5-4c08-9483-bd636470bc11,OTAuto02,b99df4a4-2bf5-4c08-9483-bd636470bc11
Access Control,9d844594-0f5a-41ba-96cd-7284e342e66c,Access Control,automated_controlName_3029572,4b3c85d9-f93a-42eb-98c5-0590eb368dea,automated_controlName_3029572,Active,Active,Active,,,,,,,,,,,FedRAMP,8e029b33-7408-4620-a7c3-5053edfbf15b,FedRAMP,85b81f43-7b0a-425f-9fab-8890983bdbc4,automated_controlID_3029572,automated_controlid_30295,2026-04-06T11:27:35.000+00:00,2026-04-06,2026,April,04,Quarter 2,4b3c85d9-f93a-42eb-98c5-0590eb368dea,,,,,2564,,,,RiskName_3029572,d9abd16e-5df1-48ee-b7b9-04e8ffbec31f,RiskName_3029572,Risks,Risks,Risk.RiskControl,,,,Pending,Pending,Pending,075069de-c608-4765-9775-c7fe426932f7,Default Control Workflow,PENDING,PENDING,https://Control/Control/85b81f43-7b0a-425f-9fab-8890983bdbc4,Pacific/Palau,b99df4a4-2bf5-4c08-9483-bd636470bc11,OTAuto02,b99df4a4-2bf5-4c08-9483-bd636470bc11
Access Control,9d844594-0f5a-41ba-96cd-7284e342e66c,Access Control,automated_controlName_3029572,4b3c85d9-f93a-42eb-98c5-0590eb368dea,automated_controlName_3029572,Active,Active,Active,,,,,,,,,,,FedRAMP,8e029b33-7408-4620-a7c3-5053edfbf15b,FedRAMP,85b81f43-7b0a-425f-9fab-8890983bdbc4,automated_controlID_3029572,automated_controlid_30295,2026-04-06T10:27:35.000+00:00,2026-04-06,2026,April,04,Quarter 2,4b3c85d9-f93a-42eb-98c5-0590eb368dea,,,,,2564,,,,RiskName_3029572,d9abd16e-5df1-48ee-b7b9-04e8ffbec31f,RiskName_3029572,Risks,Risks,Risk.RiskControl,,,,Pending,Pending,Pending,075069de-c608-4765-9775-c7fe426932f7,Default Control Workflow,PENDING,PENDING,https://Control/Control/85b81f43-7b0a-425f-9fab-8890983bdbc4,Asia/Kuching,b99df4a4-2bf5-4c08-9483-bd636470bc11,OTAuto02,b99df4a4-2bf5-4c08-9483-bd636470bc11
Access Control,9d844594-0f5a-41ba-96cd-7284e342e66c,Access Control,automated_controlName_3029572,4b3c85d9-f93a-42eb-98c5-0590eb368dea,automated_controlName_3029572,Active,Active,Active,,,,,,,,,,,FedRAMP,8e029b33-7408-4620-a7c3-5053edfbf15b,FedRAMP,85b81f43-7b0a-425f-9fab-8890983bdbc4,automated_controlID_3029572,automated_controlid_30295,2026-04-05T23:27:35.000+00:00,2026-04-05,2026,April,04,Quarter 2,4b3c85d9-f93a-42eb-98c5-0590eb368dea,,,,,2564,,,,RiskName_3029572,d9abd16e-5df1-48ee-b7b9-04e8ffbec31f,RiskName_3029572,Risks,Risks,Risk.RiskControl,,,,Pending,Pending,Pending,075069de-c608-4765-9775-c7fe426932f7,Default Control Workflow,PENDING,PENDING,https://Control/Control/85b81f43-7b0a-425f-9fab-8890983bdbc4,Canada/Atlantic,b99df4a4-2bf5-4c08-9483-bd636470bc11,OTAuto02,b99df4a4-2bf5-4c08-9483-bd636470bc11
Access Control,9d844594-0f5a-41ba-96cd-7284e342e66c,Access Control,automated_controlName_3029572,4b3c85d9-f93a-42eb-98c5-0590eb368dea,automated_controlName_3029572,Active,Active,Active,,,,,,,,,,,FedRAMP,8e029b33-7408-4620-a7c3-5053edfbf15b,FedRAMP,85b81f43-7b0a-425f-9fab-8890983bdbc4,automated_controlID_3029572,automated_controlid_30295,2026-04-05T20:27:35.000+00:00,2026-04-05,2026,April,04,Quarter 2,4b3c85d9-f93a-42eb-98c5-0590eb368dea,,,,,2564,,,,RiskName_3029572,d9abd16e-5df1-48ee-b7b9-04e8ffbec31f,RiskName_3029572,Risks,Risks,Risk.RiskControl,,,,Pending,Pending,Pending,075069de-c608-4765-9775-c7fe426932f7,Default Control Workflow,PENDING,PENDING,https://Control/Control/85b81f43-7b0a-425f-9fab-8890983bdbc4,America/Monterrey,b99df4a4-2bf5-4c08-9483-bd636470bc11,OTAuto02,b99df4a4-2bf5-4c08-9483-bd636470bc11
Access Control,9d844594-0f5a-41ba-96cd-7284e342e66c,Access Control,automated_controlName_3029572,4b3c85d9-f93a-42eb-98c5-0590eb368dea,automated_controlName_3029572,Active,Active,Active,,,,,,,,,,,FedRAMP,8e029b33-7408-4620-a7c3-5053edfbf15b,FedRAMP,85b81f43-7b0a-425f-9fab-8890983bdbc4,automated_controlID_3029572,automated_controlid_30295,2026-04-06T11:27:35.000+00:00,2026-04-06,2026,April,04,Quarter 2,4b3c85d9-f93a-42eb-98c5-0590eb368dea,,,,,2564,,,,RiskName_3029572,d9abd16e-5df1-48ee-b7b9-04e8ffbec31f,RiskName_3029572,Risks,Risks,Risk.RiskControl,,,,Pending,Pending,Pending,075069de-c608-4765-9775-c7fe426932f7,Default Control Workflow,PENDING,PENDING,https://Control/Control/85b81f43-7b0a-425f-9fab-8890983bdbc4,Etc/GMT-9,b99df4a4-2bf5-4c08-9483-bd636470bc11,OTAuto02,b99df4a4-2bf5-4c08-9483-bd636470bc11
Access Control,9d844594-0f5a-41ba-96cd-7284e342e66c,Access Control,automated_controlName_3029572,4b3c85d9-f93a-42eb-98c5-0590eb368dea,automated_controlName_3029572,Active,Active,Active,,,,,,,,,,,FedRAMP,8e029b33-7408-4620-a7c3-5053edfbf15b,FedRAMP,85b81f43-7b0a-425f-9fab-8890983bdbc4,automated_controlID_3029572,automated_controlid_30295,2026-04-06T03:27:35.000+00:00,2026-04-06,2026,April,04,Quarter 2,4b3c85d9-f93a-42eb-98c5-0590eb368dea,,,,,2564,,,,RiskName_3029572,d9abd16e-5df1-48ee-b7b9-04e8ffbec31f,RiskName_3029572,Risks,Risks,Risk.RiskControl,,,,Pending,Pending,Pending,075069de-c608-4765-9775-c7fe426932f7,Default Control Workflow,PENDING,PENDING,https://Control/Control/85b81f43-7b0a-425f-9fab-8890983bdbc4,Portugal,b99df4a4-2bf5-4c08-9483-bd636470bc11,OTAuto02,b99df4a4-2bf5-4c08-9483-bd636470bc11
Access Control,9d844594-0f5a-41ba-96cd-7284e342e66c,Access Control,automated_controlName_3029572,4b3c85d9-f93a-42eb-98c5-0590eb368dea,automated_controlName_3029572,Active,Active,Active,,,,,,,,,,,FedRAMP,8e029b33-7408-4620-a7c3-5053edfbf15b,FedRAMP,85b81f43-7b0a-425f-9fab-8890983bdbc4,automated_controlID_3029572,automated_controlid_30295,2026-04-06T04:27:35.000+00:00,2026-04-06,2026,April,04,Quarter 2,4b3c85d9-f93a-42eb-98c5-0590eb368dea,,,,,2564,,,,RiskName_3029572,d9abd16e-5df1-48ee-b7b9-04e8ffbec31f,RiskName_3029572,Risks,Risks,Risk.RiskControl,,,,Pending,Pending,Pending,075069de-c608-4765-9775-c7fe426932f7,Default Control Workflow,PENDING,PENDING,https://Control/Control/85b81f43-7b0a-425f-9fab-8890983bdbc4,Europe/Stockholm,b99df4a4-2bf5-4c08-9483-bd636470bc11,OTAuto02,b99df4a4-2bf5-4c08-9483-bd636470bc11
Access Control,9d844594-0f5a-41ba-96cd-7284e342e66c,Access Control,automated_controlName_3029572,4b3c85d9-f93a-42eb-98c5-0590eb368dea,automated_controlName_3029572,Active,Active,Active,,,,,,,,,,,FedRAMP,8e029b33-7408-4620-a7c3-5053edfbf15b,FedRAMP,85b81f43-7b0a-425f-9fab-8890983bdbc4,automated_controlID_3029572,automated_controlid_30295,2026-04-06T11:27:35.000+00:00,2026-04-06,2026,April,04,Quarter 2,4b3c85d9-f93a-42eb-98c5-0590eb368dea,,,,,2564,,,,RiskName_3029572,d9abd16e-5df1-48ee-b7b9-04e8ffbec31f,RiskName_3029572,Risks,Risks,Risk.RiskControl,,,,Pending,Pending,Pending,075069de-c608-4765-9775-c7fe426932f7,Default Control Workflow,PENDING,PENDING,https://Control/Control/85b81f43-7b0a-425f-9fab-8890983bdbc4,Asia/Chita,b99df4a4-2bf5-4c08-9483-bd636470bc11,OTAuto02,b99df4a4-2bf5-4c08-9483-bd636470bc11
Access Control,9d844594-0f5a-41ba-96cd-7284e342e66c,Access Control,automated_controlName_3029572,4b3c85d9-f93a-42eb-98c5-0590eb368dea,automated_controlName_3029572,Active,Active,Active,,,,,,,,,,,FedRAMP,8e029b33-7408-4620-a7c3-5053edfbf15b,FedRAMP,85b81f43-7b0a-425f-9fab-8890983bdbc4,automated_controlID_3029572,automated_controlid_30295,2026-04-05T22:27:35.000+00:00,2026-04-05,2026,April,04,Quarter 2,4b3c85d9-f93a-42eb-98c5-0590eb368dea,,,,,2564,,,,RiskName_3029572,d9abd16e-5df1-48ee-b7b9-04e8ffbec31f,RiskName_3029572,Risks,Risks,Risk.RiskControl,,,,Pending,Pending,Pending,075069de-c608-4765-9775-c7fe426932f7,Default Control Workflow,PENDING,PENDING,https://Control/Control/85b81f43-7b0a-425f-9fab-8890983bdbc4,America/Detroit,b99df4a4-2bf5-4c08-9483-bd636470bc11,OTAuto02,b99df4a4-2bf5-4c08-9483-bd636470bc11
Access Control,9d844594-0f5a-41ba-96cd-7284e342e66c,Access Control,automated_controlName_3029572,4b3c85d9-f93a-42eb-98c5-0590eb368dea,automated_controlName_3029572,Active,Active,Active,,,,,,,,,,,FedRAMP,8e029b33-7408-4620-a7c3-5053edfbf15b,FedRAMP,85b81f43-7b0a-425f-9fab-8890983bdbc4,automated_controlID_3029572,automated_controlid_30295,2026-04-05T22:27:35.000+00:00,2026-04-05,2026,April,04,Quarter 2,4b3c85d9-f93a-42eb-98c5-0590eb368dea,,,,,2564,,,,RiskName_3029572,d9abd16e-5df1-48ee-b7b9-04e8ffbec31f,RiskName_3029572,Risks,Risks,Risk.RiskControl,,,,Pending,Pending,Pending,075069de-c608-4765-9775-c7fe426932f7,Default Control Workflow,PENDING,PENDING,https://Control/Control/85b81f43-7b0a-425f-9fab-8890983bdbc4,America/Aruba,b99df4a4-2bf5-4c08-9483-bd636470bc11,OTAuto02,b99df4a4-2bf5-4c08-9483-bd636470bc11
Access Control,9d844594-0f5a-41ba-96cd-7284e342e66c,Access Control,automated_controlName_3029572,4b3c85d9-f93a-42eb-98c5-0590eb368dea,automated_controlName_3029572,Active,Active,Active,,,,,,,,,,,FedRAMP,8e029b33-7408-4620-a7c3-5053edfbf15b,FedRAMP,85b81f43-7b0a-425f-9fab-8890983bdbc4,automated_controlID_3029572,automated_controlid_30295,2026-04-06T12:27:35.000+00:00,2026-04-06,2026,April,04,Quarter 2,4b3c85d9-f93a-42eb-98c5-0590eb368dea,,,,,2564,,,,RiskName_3029572,d9abd16e-5df1-48ee-b7b9-04e8ffbec31f,RiskName_3029572,Risks,Risks,Risk.RiskControl,,,,Pending,Pending,Pending,075069de-c608-4765-9775-c7fe426932f7,Default Control Workflow,PENDING,PENDING,https://Control/Control/85b81f43-7b0a-425f-9fab-8890983bdbc4,Pacific/Chuuk,b99df4a4-2bf5-4c08-9483-bd636470bc11,OTAuto02,b99df4a4-2bf5-4c08-9483-bd636470bc11
Access Control,9d844594-0f5a-41ba-96cd-7284e342e66c,Access Control,automated_controlName_3029572,4b3c85d9-f93a-42eb-98c5-0590eb368dea,automated_controlName_3029572,Active,Active,Active,,,,,,,,,,,FedRAMP,8e029b33-7408-4620-a7c3-5053edfbf15b,FedRAMP,85b81f43-7b0a-425f-9fab-8890983bdbc4,automated_controlID_3029572,automated_controlid_30295,2026-04-05T22:27:35.000+00:00,2026-04-05,2026,April,04,Quarter 2,4b3c85d9-f93a-42eb-98c5-0590eb368dea,,,,,2564,,,,RiskName_3029572,d9abd16e-5df1-48ee-b7b9-04e8ffbec31f,RiskName_3029572,Risks,Risks,Risk.RiskControl,,,,Pending,Pending,Pending,075069de-c608-4765-9775-c7fe426932f7,Default Control Workflow,PENDING,PENDING,https://Control/Control/85b81f43-7b0a-425f-9fab-8890983bdbc4,America/Barbados,b99df4a4-2bf5-4c08-9483-bd636470bc11,OTAuto02,b99df4a4-2bf5-4c08-9483-bd636470bc11
Access Control,9d844594-0f5a-41ba-96cd-7284e342e66c,Access Control,automated_controlName_3029572,4b3c85d9-f93a-42eb-98c5-0590eb368dea,automated_controlName_3029572,Active,Active,Active,,,,,,,,,,,FedRAMP,8e029b33-7408-4620-a7c3-5053edfbf15b,FedRAMP,85b81f43-7b0a-425f-9fab-8890983bdbc4,automated_controlID_3029572,automated_controlid_30295,2026-04-05T21:27:35.000+00:00,2026-04-05,2026,April,04,Quarter 2,4b3c85d9-f93a-42eb-98c5-0590eb368dea,,,,,2564,,,,RiskName_3029572,d9abd16e-5df1-48ee-b7b9-04e8ffbec31f,RiskName_3029572,Risks,Risks,Risk.RiskControl,,,,Pending,Pending,Pending,075069de-c608-4765-9775-c7fe426932f7,Default Control Workflow,PENDING,PENDING,https://Control/Control/85b81f43-7b0a-425f-9fab-8890983bdbc4,America/Indiana/Tell_City,b99df4a4-2bf5-4c08-9483-bd636470bc11,OTAuto02,b99df4a4-2bf5-4c08-9483-bd636470bc11
Access Control,9d844594-0f5a-41ba-96cd-7284e342e66c,Access Control,automated_controlName_3029572,4b3c85d9-f93a-42eb-98c5-0590eb368dea,automated_controlName_3029572,Active,Active,Active,,,,,,,,,,,FedRAMP,8e029b33-7408-4620-a7c3-5053edfbf15b,FedRAMP,85b81f43-7b0a-425f-9fab-8890983bdbc4,automated_controlID_3029572,automated_controlid_30295,2026-04-06T11:57:35.000+00:00,2026-04-06,2026,April,04,Quarter 2,4b3c85d9-f93a-42eb-98c5-0590eb368dea,,,,,2564,,,,RiskName_3029572,d9abd16e-5df1-48ee-b7b9-04e8ffbec31f,RiskName_3029572,Risks,Risks,Risk.RiskControl,,,,Pending,Pending,Pending,075069de-c608-4765-9775-c7fe426932f7,Default Control Workflow,PENDING,PENDING,https://Control/Control/85b81f43-7b0a-425f-9fab-8890983bdbc4,Australia/South,b99df4a4-2bf5-4c08-9483-bd636470bc11,OTAuto02,b99df4a4-2bf5-4c08-9483-bd636470bc11
Access Control,9d844594-0f5a-41ba-96cd-7284e342e66c,Access Control,automated_controlName_3029572,4b3c85d9-f93a-42eb-98c5-0590eb368dea,automated_controlName_3029572,Active,Active,Active,,,,,,,,,,,FedRAMP,8e029b33-7408-4620-a7c3-5053edfbf15b,FedRAMP,85b81f43-7b0a-425f-9fab-8890983bdbc4,automated_controlID_3029572,automated_controlid_30295,2026-04-06T15:27:35.000+00:00,2026-04-06,2026,April,04,Quarter 2,4b3c85d9-f93a-42eb-98c5-0590eb368dea,,,,,2564,,,,RiskName_3029572,d9abd16e-5df1-48ee-b7b9-04e8ffbec31f,RiskName_3029572,Risks,Risks,Risk.RiskControl,,,,Pending,Pending,Pending,075069de-c608-4765-9775-c7fe426932f7,Default Control Workflow,PENDING,PENDING,https://Control/Control/85b81f43-7b0a-425f-9fab-8890983bdbc4,Pacific/Kanton,b99df4a4-2bf5-4c08-9483-bd636470bc11,OTAuto02,b99df4a4-2bf5-4c08-9483-bd636470bc11
Access Control,9d844594-0f5a-41ba-96cd-7284e342e66c,Access Control,automated_controlName_3029572,4b3c85d9-f93a-42eb-98c5-0590eb368dea,automated_controlName_3029572,Active,Active,Active,,,,,,,,,,,FedRAMP,8e029b33-7408-4620-a7c3-5053edfbf15b,FedRAMP,85b81f43-7b0a-425f-9fab-8890983bdbc4,automated_controlID_3029572,automated_controlid_30295,2026-04-06T11:57:35.000+00:00,2026-04-06,2026,April,04,Quarter 2,4b3c85d9-f93a-42eb-98c5-0590eb368dea,,,,,2564,,,,RiskName_3029572,d9abd16e-5df1-48ee-b7b9-04e8ffbec31f,RiskName_3029572,Risks,Risks,Risk.RiskControl,,,,Pending,Pending,Pending,075069de-c608-4765-9775-c7fe426932f7,Default Control Workflow,PENDING,PENDING,https://Control/Control/85b81f43-7b0a-425f-9fab-8890983bdbc4,Australia/Yancowinna,b99df4a4-2bf5-4c08-9483-bd636470bc11,OTAuto02,b99df4a4-2bf5-4c08-9483-bd636470bc11
Access Control,9d844594-0f5a-41ba-96cd-7284e342e66c,Access Control,automated_controlName_3029572,4b3c85d9-f93a-42eb-98c5-0590eb368dea,automated_controlName_3029572,Active,Active,Active,,,,,,,,,,,FedRAMP,8e029b33-7408-4620-a7c3-5053edfbf15b,FedRAMP,85b81f43-7b0a-425f-9fab-8890983bdbc4,automated_controlID_3029572,automated_controlid_30295,2026-04-05T19:27:35.000+00:00,2026-04-05,2026,April,04,Quarter 2,4b3c85d9-f93a-42eb-98c5-0590eb368dea,,,,,2564,,,,RiskName_3029572,d9abd16e-5df1-48ee-b7b9-04e8ffbec31f,RiskName_3029572,Risks,Risks,Risk.RiskControl,,,,Pending,Pending,Pending,075069de-c608-4765-9775-c7fe426932f7,Default Control Workflow,PENDING,PENDING,https://Control/Control/85b81f43-7b0a-425f-9fab-8890983bdbc4,America/Whitehorse,b99df4a4-2bf5-4c08-9483-bd636470bc11,OTAuto02,b99df4a4-2bf5-4c08-9483-bd636470bc11
Access Control,9d844594-0f5a-41ba-96cd-7284e342e66c,Access Control,automated_controlName_3029572,4b3c85d9-f93a-42eb-98c5-0590eb368dea,automated_controlName_3029572,Active,Active,Active,,,,,,,,,,,FedRAMP,8e029b33-7408-4620-a7c3-5053edfbf15b,FedRAMP,85b81f43-7b0a-425f-9fab-8890983bdbc4,automated_controlID_3029572,automated_controlid_30295,2026-04-05T19:27:35.000+00:00,2026-04-05,2026,April,04,Quarter 2,4b3c85d9-f93a-42eb-98c5-0590eb368dea,,,,,2564,,,,RiskName_3029572,d9abd16e-5df1-48ee-b7b9-04e8ffbec31f,RiskName_3029572,Risks,Risks,Risk.RiskControl,,,,Pending,Pending,Pending,075069de-c608-4765-9775-c7fe426932f7,Default Control Workflow,PENDING,PENDING,https://Control/Control/85b81f43-7b0a-425f-9fab-8890983bdbc4,America/Vancouver,b99df4a4-2bf5-4c08-9483-bd636470bc11,OTAuto02,b99df4a4-2bf5-4c08-9483-bd636470bc11
Access Control,9d844594-0f5a-41ba-96cd-7284e342e66c,Access Control,automated_controlName_3029572,4b3c85d9-f93a-42eb-98c5-0590eb368dea,automated_controlName_3029572,Active,Active,Active,,,,,,,,,,,FedRAMP,8e029b33-7408-4620-a7c3-5053edfbf15b,FedRAMP,85b81f43-7b0a-425f-9fab-8890983bdbc4,automated_controlID_3029572,automated_controlid_30295,2026-04-06T05:27:35.000+00:00,2026-04-06,2026,April,04,Quarter 2,4b3c85d9-f93a-42eb-98c5-0590eb368dea,,,,,2564,,,,RiskName_3029572,d9abd16e-5df1-48ee-b7b9-04e8ffbec31f,RiskName_3029572,Risks,Risks,Risk.RiskControl,,,,Pending,Pending,Pending,075069de-c608-4765-9775-c7fe426932f7,Default Control Workflow,PENDING,PENDING,https://Control/Control/85b81f43-7b0a-425f-9fab-8890983bdbc4,Europe/Istanbul,b99df4a4-2bf5-4c08-9483-bd636470bc11,OTAuto02,b99df4a4-2bf5-4c08-9483-bd636470bc11
Access Control,9d844594-0f5a-41ba-96cd-7284e342e66c,Access Control,automated_controlName_3029572,4b3c85d9-f93a-42eb-98c5-0590eb368dea,automated_controlName_3029572,Active,Active,Active,,,,,,,,,,,FedRAMP,8e029b33-7408-4620-a7c3-5053edfbf15b,FedRAMP,85b81f43-7b0a-425f-9fab-8890983bdbc4,automated_controlID_3029572,automated_controlid_30295,2026-04-06T05:27:35.000+00:00,2026-04-06,2026,April,04,Quarter 2,4b3c85d9-f93a-42eb-98c5-0590eb368dea,,,,,2564,,,,RiskName_3029572,d9abd16e-5df1-48ee-b7b9-04e8ffbec31f,RiskName_3029572,Risks,Risks,Risk.RiskControl,,,,Pending,Pending,Pending,075069de-c608-4765-9775-c7fe426932f7,Default Control Workflow,PENDING,PENDING,https://Control/Control/85b81f43-7b0a-425f-9fab-8890983bdbc4,Europe/Tallinn,b99df4a4-2bf5-4c08-9483-bd636470bc11,OTAuto02,b99df4a4-2bf5-4c08-9483-bd636470bc11
Access Control,9d844594-0f5a-41ba-96cd-7284e342e66c,Access Control,automated_controlName_3029572,4b3c85d9-f93a-42eb-98c5-0590eb368dea,automated_controlName_3029572,Active,Active,Active,,,,,,,,,,,FedRAMP,8e029b33-7408-4620-a7c3-5053edfbf15b,FedRAMP,85b81f43-7b0a-425f-9fab-8890983bdbc4,automated_controlID_3029572,automated_controlid_30295,2026-04-05T19:27:35.000+00:00,2026-04-05,2026,April,04,Quarter 2,4b3c85d9-f93a-42eb-98c5-0590eb368dea,,,,,2564,,,,RiskName_3029572,d9abd16e-5df1-48ee-b7b9-04e8ffbec31f,RiskName_3029572,Risks,Risks,Risk.RiskControl,,,,Pending,Pending,Pending,075069de-c608-4765-9775-c7fe426932f7,Default Control Workflow,PENDING,PENDING,https://Control/Control/85b81f43-7b0a-425f-9fab-8890983bdbc4,Etc/GMT+7,b99df4a4-2bf5-4c08-9483-bd636470bc11,OTAuto02,b99df4a4-2bf5-4c08-9483-bd636470bc11
Access Control,9d844594-0f5a-41ba-96cd-7284e342e66c,Access Control,automated_controlName_3029572,4b3c85d9-f93a-42eb-98c5-0590eb368dea,automated_controlName_3029572,Active,Active,Active,,,,,,,,,,,FedRAMP,8e029b33-7408-4620-a7c3-5053edfbf15b,FedRAMP,85b81f43-7b0a-425f-9fab-8890983bdbc4,automated_controlID_3029572,automated_controlid_30295,2026-04-06T02:27:35.000+00:00,2026-04-06,2026,April,04,Quarter 2,4b3c85d9-f93a-42eb-98c5-0590eb368dea,,,,,2564,,,,RiskName_3029572,d9abd16e-5df1-48ee-b7b9-04e8ffbec31f,RiskName_3029572,Risks,Risks,Risk.RiskControl,,,,Pending,Pending,Pending,075069de-c608-4765-9775-c7fe426932f7,Default Control Workflow,PENDING,PENDING,https://Control/Control/85b81f43-7b0a-425f-9fab-8890983bdbc4,Africa/Timbuktu,b99df4a4-2bf5-4c08-9483-bd636470bc11,OTAuto02,b99df4a4-2bf5-4c08-9483-bd636470bc11
Access Control,9d844594-0f5a-41ba-96cd-7284e342e66c,Access Control,automated_controlName_3029572,4b3c85d9-f93a-42eb-98c5-0590eb368dea,automated_controlName_3029572,Active,Active,Active,,,,,,,,,,,FedRAMP,8e029b33-7408-4620-a7c3-5053edfbf15b,FedRAMP,85b81f43-7b0a-425f-9fab-8890983bdbc4,automated_controlID_3029572,automated_controlid_30295,2026-04-06T12:27:35.000+00:00,2026-04-06,2026,April,04,Quarter 2,4b3c85d9-f93a-42eb-98c5-0590eb368dea,,,,,2564,,,,RiskName_3029572,d9abd16e-5df1-48ee-b7b9-04e8ffbec31f,RiskName_3029572,Risks,Risks,Risk.RiskControl,,,,Pending,Pending,Pending,075069de-c608-4765-9775-c7fe426932f7,Default Control Workflow,PENDING,PENDING,https://Control/Control/85b81f43-7b0a-425f-9fab-8890983bdbc4,Pacific/Yap,b99df4a4-2bf5-4c08-9483-bd636470bc11,OTAuto02,b99df4a4-2bf5-4c08-9483-bd636470bc11
Access Control,9d844594-0f5a-41ba-96cd-7284e342e66c,Access Control,automated_controlName_3029572,4b3c85d9-f93a-42eb-98c5-0590eb368dea,automated_controlName_3029572,Active,Active,Active,,,,,,,,,,,FedRAMP,8e029b33-7408-4620-a7c3-5053edfbf15b,FedRAMP,85b81f43-7b0a-425f-9fab-8890983bdbc4,automated_controlID_3029572,automated_controlid_30295,2026-04-05T23:27:35.000+00:00,2026-04-05,2026,April,04,Quarter 2,4b3c85d9-f93a-42eb-98c5-0590eb368dea,,,,,2564,,,,RiskName_3029572,d9abd16e-5df1-48ee-b7b9-04e8ffbec31f,RiskName_3029572,Risks,Risks,Risk.RiskControl,,,,Pending,Pending,Pending,075069de-c608-4765-9775-c7fe426932f7,Default Control Workflow,PENDING,PENDING,https://Control/Control/85b81f43-7b0a-425f-9fab-8890983bdbc4,America/Rosario,b99df4a4-2bf5-4c08-9483-bd636470bc11,OTAuto02,b99df4a4-2bf5-4c08-9483-bd636470bc11
Access Control,9d844594-0f5a-41ba-96cd-7284e342e66c,Access Control,automated_controlName_3029572,4b3c85d9-f93a-42eb-98c5-0590eb368dea,automated_controlName_3029572,Active,Active,Active,,,,,,,,,,,FedRAMP,8e029b33-7408-4620-a7c3-5053edfbf15b,FedRAMP,85b81f43-7b0a-425f-9fab-8890983bdbc4,automated_controlID_3029572,automated_controlid_30295,2026-04-05T22:27:35.000+00:00,2026-04-05,2026,April,04,Quarter 2,4b3c85d9-f93a-42eb-98c5-0590eb368dea,,,,,2564,,,,RiskName_3029572,d9abd16e-5df1-48ee-b7b9-04e8ffbec31f,RiskName_3029572,Risks,Risks,Risk.RiskControl,,,,Pending,Pending,Pending,075069de-c608-4765-9775-c7fe426932f7,Default Control Workflow,PENDING,PENDING,https://Control/Control/85b81f43-7b0a-425f-9fab-8890983bdbc4,America/Caracas,b99df4a4-2bf5-4c08-9483-bd636470bc11,OTAuto02,b99df4a4-2bf5-4c08-9483-bd636470bc11
Access Control,9d844594-0f5a-41ba-96cd-7284e342e66c,Access Control,automated_controlName_3029572,4b3c85d9-f93a-42eb-98c5-0590eb368dea,automated_controlName_3029572,Active,Active,Active,,,,,,,,,,,FedRAMP,8e029b33-7408-4620-a7c3-5053edfbf15b,FedRAMP,85b81f43-7b0a-425f-9fab-8890983bdbc4,automated_controlID_3029572,automated_controlid_30295,2026-04-06T08:27:35.000+00:00,2026-04-06,2026,April,04,Quarter 2,4b3c85d9-f93a-42eb-98c5-0590eb368dea,,,,,2564,,,,RiskName_3029572,d9abd16e-5df1-48ee-b7b9-04e8ffbec31f,RiskName_3029572,Risks,Risks,Risk.RiskControl,,,,Pending,Pending,Pending,075069de-c608-4765-9775-c7fe426932f7,Default Control Workflow,PENDING,PENDING,https://Control/Control/85b81f43-7b0a-425f-9fab-8890983bdbc4,Indian/Chagos,b99df4a4-2bf5-4c08-9483-bd636470bc11,OTAuto02,b99df4a4-2bf5-4c08-9483-bd636470bc11
Access Control,9d844594-0f5a-41ba-96cd-7284e342e66c,Access Control,automated_controlName_3029572,4b3c85d9-f93a-42eb-98c5-0590eb368dea,automated_controlName_3029572,Active,Active,Active,,,,,,,,,,,FedRAMP,8e029b33-7408-4620-a7c3-5053edfbf15b,FedRAMP,85b81f43-7b0a-425f-9fab-8890983bdbc4,automated_controlID_3029572,automated_controlid_30295,2026-04-05T21:27:35.000+00:00,2026-04-05,2026,April,04,Quarter 2,4b3c85d9-f93a-42eb-98c5-0590eb368dea,,,,,2564,,,,RiskName_3029572,d9abd16e-5df1-48ee-b7b9-04e8ffbec31f,RiskName_3029572,Risks,Risks,Risk.RiskControl,,,,Pending,Pending,Pending,075069de-c608-4765-9775-c7fe426932f7,Default Control Workflow,PENDING,PENDING,https://Control/Control/85b81f43-7b0a-425f-9fab-8890983bdbc4,Brazil/Acre,b99df4a4-2bf5-4c08-9483-bd636470bc11,OTAuto02,b99df4a4-2bf5-4c08-9483-bd636470bc11
Access Control,9d844594-0f5a-41ba-96cd-7284e342e66c,Access Control,automated_controlName_3029572,4b3c85d9-f93a-42eb-98c5-0590eb368dea,automated_controlName_3029572,Active,Active,Active,,,,,,,,,,,FedRAMP,8e029b33-7408-4620-a7c3-5053edfbf15b,FedRAMP,85b81f43-7b0a-425f-9fab-8890983bdbc4,automated_controlID_3029572,automated_controlid_30295,2026-04-06T02:27:35.000+00:00,2026-04-06,2026,April,04,Quarter 2,4b3c85d9-f93a-42eb-98c5-0590eb368dea,,,,,2564,,,,RiskName_3029572,d9abd16e-5df1-48ee-b7b9-04e8ffbec31f,RiskName_3029572,Risks,Risks,Risk.RiskControl,,,,Pending,Pending,Pending,075069de-c608-4765-9775-c7fe426932f7,Default Control Workflow,PENDING,PENDING,https://Control/Control/85b81f43-7b0a-425f-9fab-8890983bdbc4,Africa/Bamako,b99df4a4-2bf5-4c08-9483-bd636470bc11,OTAuto02,b99df4a4-2bf5-4c08-9483-bd636470bc11
Access Control,9d844594-0f5a-41ba-96cd-7284e342e66c,Access Control,automated_controlName_3029572,4b3c85d9-f93a-42eb-98c5-0590eb368dea,automated_controlName_3029572,Active,Active,Active,,,,,,,,,,,FedRAMP,8e029b33-7408-4620-a7c3-5053edfbf15b,FedRAMP,85b81f43-7b0a-425f-9fab-8890983bdbc4,automated_controlID_3029572,automated_controlid_30295,2026-04-06T04:27:35.000+00:00,2026-04-06,2026,April,04,Quarter 2,4b3c85d9-f93a-42eb-98c5-0590eb368dea,,,,,2564,,,,RiskName_3029572,d9abd16e-5df1-48ee-b7b9-04e8ffbec31f,RiskName_3029572,Risks,Risks,Risk.RiskControl,,,,Pending,Pending,Pending,075069de-c608-4765-9775-c7fe426932f7,Default Control Workflow,PENDING,PENDING,https://Control/Control/85b81f43-7b0a-425f-9fab-8890983bdbc4,Europe/Copenhagen,b99df4a4-2bf5-4c08-9483-bd636470bc11,OTAuto02,b99df4a4-2bf5-4c08-9483-bd636470bc11
Access Control,9d844594-0f5a-41ba-96cd-7284e342e66c,Access Control,automated_controlName_3029572,4b3c85d9-f93a-42eb-98c5-0590eb368dea,automated_controlName_3029572,Active,Active,Active,,,,,,,,,,,FedRAMP,8e029b33-7408-4620-a7c3-5053edfbf15b,FedRAMP,85b81f43-7b0a-425f-9fab-8890983bdbc4,automated_controlID_3029572,automated_controlid_30295,2026-04-05T22:27:35.000+00:00,2026-04-05,2026,April,04,Quarter 2,4b3c85d9-f93a-42eb-98c5-0590eb368dea,,,,,2564,,,,RiskName_3029572,d9abd16e-5df1-48ee-b7b9-04e8ffbec31f,RiskName_3029572,Risks,Risks,Risk.RiskControl,,,,Pending,Pending,Pending,075069de-c608-4765-9775-c7fe426932f7,Default Control Workflow,PENDING,PENDING,https://Control/Control/85b81f43-7b0a-425f-9fab-8890983bdbc4,America/New_York,b99df4a4-2bf5-4c08-9483-bd636470bc11,OTAuto02,b99df4a4-2bf5-4c08-9483-bd636470bc11
Access Control,9d844594-0f5a-41ba-96cd-7284e342e66c,Access Control,automated_controlName_3029572,4b3c85d9-f93a-42eb-98c5-0590eb368dea,automated_controlName_3029572,Active,Active,Active,,,,,,,,,,,FedRAMP,8e029b33-7408-4620-a7c3-5053edfbf15b,FedRAMP,85b81f43-7b0a-425f-9fab-8890983bdbc4,automated_controlID_3029572,automated_controlid_30295,2026-04-06T04:27:35.000+00:00,2026-04-06,2026,April,04,Quarter 2,4b3c85d9-f93a-42eb-98c5-0590eb368dea,,,,,2564,,,,RiskName_3029572,d9abd16e-5df1-48ee-b7b9-04e8ffbec31f,RiskName_3029572,Risks,Risks,Risk.RiskControl,,,,Pending,Pending,Pending,075069de-c608-4765-9775-c7fe426932f7,Default Control Workflow,PENDING,PENDING,https://Control/Control/85b81f43-7b0a-425f-9fab-8890983bdbc4,Europe/Zagreb,b99df4a4-2bf5-4c08-9483-bd636470bc11,OTAuto02,b99df4a4-2bf5-4c08-9483-bd636470bc11
Access Control,9d844594-0f5a-41ba-96cd-7284e342e66c,Access Control,automated_controlName_3029572,4b3c85d9-f93a-42eb-98c5-0590eb368dea,automated_controlName_3029572,Active,Active,Active,,,,,,,,,,,FedRAMP,8e029b33-7408-4620-a7c3-5053edfbf15b,FedRAMP,85b81f43-7b0a-425f-9fab-8890983bdbc4,automated_controlID_3029572,automated_controlid_30295,2026-04-06T15:27:35.000+00:00,2026-04-06,2026,April,04,Quarter 2,4b3c85d9-f93a-42eb-98c5-0590eb368dea,,,,,2564,,,,RiskName_3029572,d9abd16e-5df1-48ee-b7b9-04e8ffbec31f,RiskName_3029572,Risks,Risks,Risk.RiskControl,,,,Pending,Pending,Pending,075069de-c608-4765-9775-c7fe426932f7,Default Control Workflow,PENDING,PENDING,https://Control/Control/85b81f43-7b0a-425f-9fab-8890983bdbc4,Pacific/Enderbury,b99df4a4-2bf5-4c08-9483-bd636470bc11,OTAuto02,b99df4a4-2bf5-4c08-9483-bd636470bc11
Access Control,9d844594-0f5a-41ba-96cd-7284e342e66c,Access Control,automated_controlName_3029572,4b3c85d9-f93a-42eb-98c5-0590eb368dea,automated_controlName_3029572,Active,Active,Active,,,,,,,,,,,FedRAMP,8e029b33-7408-4620-a7c3-5053edfbf15b,FedRAMP,85b81f43-7b0a-425f-9fab-8890983bdbc4,automated_controlID_3029572,automated_controlid_30295,2026-04-05T19:27:35.000+00:00,2026-04-05,2026,April,04,Quarter 2,4b3c85d9-f93a-42eb-98c5-0590eb368dea,,,,,2564,,,,RiskName_3029572,d9abd16e-5df1-48ee-b7b9-04e8ffbec31f,RiskName_3029572,Risks,Risks,Risk.RiskControl,,,,Pending,Pending,Pending,075069de-c608-4765-9775-c7fe426932f7,Default Control Workflow,PENDING,PENDING,https://Control/Control/85b81f43-7b0a-425f-9fab-8890983bdbc4,Canada/Yukon,b99df4a4-2bf5-4c08-9483-bd636470bc11,OTAuto02,b99df4a4-2bf5-4c08-9483-bd636470bc11
Access Control,9d844594-0f5a-41ba-96cd-7284e342e66c,Access Control,automated_controlName_3029572,4b3c85d9-f93a-42eb-98c5-0590eb368dea,automated_controlName_3029572,Active,Active,Active,,,,,,,,,,,FedRAMP,8e029b33-7408-4620-a7c3-5053edfbf15b,FedRAMP,85b81f43-7b0a-425f-9fab-8890983bdbc4,automated_controlID_3029572,automated_controlid_30295,2026-04-06T05:27:35.000+00:00,2026-04-06,2026,April,04,Quarter 2,4b3c85d9-f93a-42eb-98c5-0590eb368dea,,,,,2564,,,,RiskName_3029572,d9abd16e-5df1-48ee-b7b9-04e8ffbec31f,RiskName_3029572,Risks,Risks,Risk.RiskControl,,,,Pending,Pending,Pending,075069de-c608-4765-9775-c7fe426932f7,Default Control Workflow,PENDING,PENDING,https://Control/Control/85b81f43-7b0a-425f-9fab-8890983bdbc4,Europe/Bucharest,b99df4a4-2bf5-4c08-9483-bd636470bc11,OTAuto02,b99df4a4-2bf5-4c08-9483-bd636470bc11
Access Control,9d844594-0f5a-41ba-96cd-7284e342e66c,Access Control,automated_controlName_3029572,4b3c85d9-f93a-42eb-98c5-0590eb368dea,automated_controlName_3029572,Active,Active,Active,,,,,,,,,,,FedRAMP,8e029b33-7408-4620-a7c3-5053edfbf15b,FedRAMP,85b81f43-7b0a-425f-9fab-8890983bdbc4,automated_controlID_3029572,automated_controlid_30295,2026-04-06T02:27:35.000+00:00,2026-04-06,2026,April,04,Quarter 2,4b3c85d9-f93a-42eb-98c5-0590eb368dea,,,,,2564,,,,RiskName_3029572,d9abd16e-5df1-48ee-b7b9-04e8ffbec31f,RiskName_3029572,Risks,Risks,Risk.RiskControl,,,,Pending,Pending,Pending,075069de-c608-4765-9775-c7fe426932f7,Default Control Workflow,PENDING,PENDING,https://Control/Control/85b81f43-7b0a-425f-9fab-8890983bdbc4,Etc/Zulu,b99df4a4-2bf5-4c08-9483-bd636470bc11,OTAuto02,b99df4a4-2bf5-4c08-9483-bd636470bc11
Access Control,9d844594-0f5a-41ba-96cd-7284e342e66c,Access Control,automated_controlName_3029572,4b3c85d9-f93a-42eb-98c5-0590eb368dea,automated_controlName_3029572,Active,Active,Active,,,,,,,,,,,FedRAMP,8e029b33-7408-4620-a7c3-5053edfbf15b,FedRAMP,85b81f43-7b0a-425f-9fab-8890983bdbc4,automated_controlID_3029572,automated_controlid_30295,2026-04-06T04:27:35.000+00:00,2026-04-06,2026,April,04,Quarter 2,4b3c85d9-f93a-42eb-98c5-0590eb368dea,,,,,2564,,,,RiskName_3029572,d9abd16e-5df1-48ee-b7b9-04e8ffbec31f,RiskName_3029572,Risks,Risks,Risk.RiskControl,,,,Pending,Pending,Pending,075069de-c608-4765-9775-c7fe426932f7,Default Control Workflow,PENDING,PENDING,https://Control/Control/85b81f43-7b0a-425f-9fab-8890983bdbc4,Africa/Juba,b99df4a4-2bf5-4c08-9483-bd636470bc11,OTAuto02,b99df4a4-2bf5-4c08-9483-bd636470bc11
Access Control,9d844594-0f5a-41ba-96cd-7284e342e66c,Access Control,automated_controlName_3029572,4b3c85d9-f93a-42eb-98c5-0590eb368dea,automated_controlName_3029572,Active,Active,Active,,,,,,,,,,,FedRAMP,8e029b33-7408-4620-a7c3-5053edfbf15b,FedRAMP,85b81f43-7b0a-425f-9fab-8890983bdbc4,automated_controlID_3029572,automated_controlid_30295,2026-04-05T23:27:35.000+00:00,2026-04-05,2026,April,04,Quarter 2,4b3c85d9-f93a-42eb-98c5-0590eb368dea,,,,,2564,,,,RiskName_3029572,d9abd16e-5df1-48ee-b7b9-04e8ffbec31f,RiskName_3029572,Risks,Risks,Risk.RiskControl,,,,Pending,Pending,Pending,075069de-c608-4765-9775-c7fe426932f7,Default Control Workflow,PENDING,PENDING,https://Control/Control/85b81f43-7b0a-425f-9fab-8890983bdbc4,Etc/GMT+3,b99df4a4-2bf5-4c08-9483-bd636470bc11,OTAuto02,b99df4a4-2bf5-4c08-9483-bd636470bc11
Access Control,9d844594-0f5a-41ba-96cd-7284e342e66c,Access Control,automated_controlName_3029572,4b3c85d9-f93a-42eb-98c5-0590eb368dea,automated_controlName_3029572,Active,Active,Active,,,,,,,,,,,FedRAMP,8e029b33-7408-4620-a7c3-5053edfbf15b,FedRAMP,85b81f43-7b0a-425f-9fab-8890983bdbc4,automated_controlID_3029572,automated_controlid_30295,2026-04-05T20:27:35.000+00:00,2026-04-05,2026,April,04,Quarter 2,4b3c85d9-f93a-42eb-98c5-0590eb368dea,,,,,2564,,,,RiskName_3029572,d9abd16e-5df1-48ee-b7b9-04e8ffbec31f,RiskName_3029572,Risks,Risks,Risk.RiskControl,,,,Pending,Pending,Pending,075069de-c608-4765-9775-c7fe426932f7,Default Control Workflow,PENDING,PENDING,https://Control/Control/85b81f43-7b0a-425f-9fab-8890983bdbc4,US/Mountain,b99df4a4-2bf5-4c08-9483-bd636470bc11,OTAuto02,b99df4a4-2bf5-4c08-9483-bd636470bc11
Access Control,9d844594-0f5a-41ba-96cd-7284e342e66c,Access Control,automated_controlName_3029572,4b3c85d9-f93a-42eb-98c5-0590eb368dea,automated_controlName_3029572,Active,Active,Active,,,,,,,,,,,FedRAMP,8e029b33-7408-4620-a7c3-5053edfbf15b,FedRAMP,85b81f43-7b0a-425f-9fab-8890983bdbc4,automated_controlID_3029572,automated_controlid_30295,2026-04-06T05:27:35.000+00:00,2026-04-06,2026,April,04,Quarter 2,4b3c85d9-f93a-42eb-98c5-0590eb368dea,,,,,2564,,,,RiskName_3029572,d9abd16e-5df1-48ee-b7b9-04e8ffbec31f,RiskName_3029572,Risks,Risks,Risk.RiskControl,,,,Pending,Pending,Pending,075069de-c608-4765-9775-c7fe426932f7,Default Control Workflow,PENDING,PENDING,https://Control/Control/85b81f43-7b0a-425f-9fab-8890983bdbc4,Europe/Uzhgorod,b99df4a4-2bf5-4c08-9483-bd636470bc11,OTAuto02,b99df4a4-2bf5-4c08-9483-bd636470bc11
Access Control,9d844594-0f5a-41ba-96cd-7284e342e66c,Access Control,automated_controlName_3029572,4b3c85d9-f93a-42eb-98c5-0590eb368dea,automated_controlName_3029572,Active,Active,Active,,,,,,,,,,,FedRAMP,8e029b33-7408-4620-a7c3-5053edfbf15b,FedRAMP,85b81f43-7b0a-425f-9fab-8890983bdbc4,automated_controlID_3029572,automated_controlid_30295,2026-04-06T02:27:35.000+00:00,2026-04-06,2026,April,04,Quarter 2,4b3c85d9-f93a-42eb-98c5-0590eb368dea,,,,,2564,,,,RiskName_3029572,d9abd16e-5df1-48ee-b7b9-04e8ffbec31f,RiskName_3029572,Risks,Risks,Risk.RiskControl,,,,Pending,Pending,Pending,075069de-c608-4765-9775-c7fe426932f7,Default Control Workflow,PENDING,PENDING,https://Control/Control/85b81f43-7b0a-425f-9fab-8890983bdbc4,Zulu,b99df4a4-2bf5-4c08-9483-bd636470bc11,OTAuto02,b99df4a4-2bf5-4c08-9483-bd636470bc11
Access Control,9d844594-0f5a-41ba-96cd-7284e342e66c,Access Control,automated_controlName_3029572,4b3c85d9-f93a-42eb-98c5-0590eb368dea,automated_controlName_3029572,Active,Active,Active,,,,,,,,,,,FedRAMP,8e029b33-7408-4620-a7c3-5053edfbf15b,FedRAMP,85b81f43-7b0a-425f-9fab-8890983bdbc4,automated_controlID_3029572,automated_controlid_30295,2026-04-05T21:27:35.000+00:00,2026-04-05,2026,April,04,Quarter 2,4b3c85d9-f93a-42eb-98c5-0590eb368dea,,,,,2564,,,,RiskName_3029572,d9abd16e-5df1-48ee-b7b9-04e8ffbec31f,RiskName_3029572,Risks,Risks,Risk.RiskControl,,,,Pending,Pending,Pending,075069de-c608-4765-9775-c7fe426932f7,Default Control Workflow,PENDING,PENDING,https://Control/Control/85b81f43-7b0a-425f-9fab-8890983bdbc4,America/Eirunepe,b99df4a4-2bf5-4c08-9483-bd636470bc11,OTAuto02,b99df4a4-2bf5-4c08-9483-bd636470bc11
Access Control,9d844594-0f5a-41ba-96cd-7284e342e66c,Access Control,automated_controlName_3029572,4b3c85d9-f93a-42eb-98c5-0590eb368dea,automated_controlName_3029572,Active,Active,Active,,,,,,,,,,,FedRAMP,8e029b33-7408-4620-a7c3-5053edfbf15b,FedRAMP,85b81f43-7b0a-425f-9fab-8890983bdbc4,automated_controlID_3029572,automated_controlid_30295,2026-04-05T22:27:35.000+00:00,2026-04-05,2026,April,04,Quarter 2,4b3c85d9-f93a-42eb-98c5-0590eb368dea,,,,,2564,,,,RiskName_3029572,d9abd16e-5df1-48ee-b7b9-04e8ffbec31f,RiskName_3029572,Risks,Risks,Risk.RiskControl,,,,Pending,Pending,Pending,075069de-c608-4765-9775-c7fe426932f7,Default Control Workflow,PENDING,PENDING,https://Control/Control/85b81f43-7b0a-425f-9fab-8890983bdbc4,America/Marigot,b99df4a4-2bf5-4c08-9483-bd636470bc11,OTAuto02,b99df4a4-2bf5-4c08-9483-bd636470bc11
Access Control,9d844594-0f5a-41ba-96cd-7284e342e66c,Access Control,automated_controlName_3029572,4b3c85d9-f93a-42eb-98c5-0590eb368dea,automated_controlName_3029572,Active,Active,Active,,,,,,,,,,,FedRAMP,8e029b33-7408-4620-a7c3-5053edfbf15b,FedRAMP,85b81f43-7b0a-425f-9fab-8890983bdbc4,automated_controlID_3029572,automated_controlid_30295,2026-04-06T03:27:35.000+00:00,2026-04-06,2026,April,04,Quarter 2,4b3c85d9-f93a-42eb-98c5-0590eb368dea,,,,,2564,,,,RiskName_3029572,d9abd16e-5df1-48ee-b7b9-04e8ffbec31f,RiskName_3029572,Risks,Risks,Risk.RiskControl,,,,Pending,Pending,Pending,075069de-c608-4765-9775-c7fe426932f7,Default Control Workflow,PENDING,PENDING,https://Control/Control/85b81f43-7b0a-425f-9fab-8890983bdbc4,Europe/Dublin,b99df4a4-2bf5-4c08-9483-bd636470bc11,OTAuto02,b99df4a4-2bf5-4c08-9483-bd636470bc11
Access Control,9d844594-0f5a-41ba-96cd-7284e342e66c,Access Control,automated_controlName_3029572,4b3c85d9-f93a-42eb-98c5-0590eb368dea,automated_controlName_3029572,Active,Active,Active,,,,,,,,,,,FedRAMP,8e029b33-7408-4620-a7c3-5053edfbf15b,FedRAMP,85b81f43-7b0a-425f-9fab-8890983bdbc4,automated_controlID_3029572,automated_controlid_30295,2026-04-06T03:27:35.000+00:00,2026-04-06,2026,April,04,Quarter 2,4b3c85d9-f93a-42eb-98c5-0590eb368dea,,,,,2564,,,,RiskName_3029572,d9abd16e-5df1-48ee-b7b9-04e8ffbec31f,RiskName_3029572,Risks,Risks,Risk.RiskControl,,,,Pending,Pending,Pending,075069de-c608-4765-9775-c7fe426932f7,Default Control Workflow,PENDING,PENDING,https://Control/Control/85b81f43-7b0a-425f-9fab-8890983bdbc4,Europe/Guernsey,b99df4a4-2bf5-4c08-9483-bd636470bc11,OTAuto02,b99df4a4-2bf5-4c08-9483-bd636470bc11
Access Control,9d844594-0f5a-41ba-96cd-7284e342e66c,Access Control,automated_controlName_3029572,4b3c85d9-f93a-42eb-98c5-0590eb368dea,automated_controlName_3029572,Active,Active,Active,,,,,,,,,,,FedRAMP,8e029b33-7408-4620-a7c3-5053edfbf15b,FedRAMP,85b81f43-7b0a-425f-9fab-8890983bdbc4,automated_controlID_3029572,automated_controlid_30295,2026-04-06T05:27:35.000+00:00,2026-04-06,2026,April,04,Quarter 2,4b3c85d9-f93a-42eb-98c5-0590eb368dea,,,,,2564,,,,RiskName_3029572,d9abd16e-5df1-48ee-b7b9-04e8ffbec31f,RiskName_3029572,Risks,Risks,Risk.RiskControl,,,,Pending,Pending,Pending,075069de-c608-4765-9775-c7fe426932f7,Default Control Workflow,PENDING,PENDING,https://Control/Control/85b81f43-7b0a-425f-9fab-8890983bdbc4,Africa/Dar_es_Salaam,b99df4a4-2bf5-4c08-9483-bd636470bc11,OTAuto02,b99df4a4-2bf5-4c08-9483-bd636470bc11
Access Control,9d844594-0f5a-41ba-96cd-7284e342e66c,Access Control,automated_controlName_3029572,4b3c85d9-f93a-42eb-98c5-0590eb368dea,automated_controlName_3029572,Active,Active,Active,,,,,,,,,,,FedRAMP,8e029b33-7408-4620-a7c3-5053edfbf15b,FedRAMP,85b81f43-7b0a-425f-9fab-8890983bdbc4,automated_controlID_3029572,automated_controlid_30295,2026-04-05T20:27:35.000+00:00,2026-04-05,2026,April,04,Quarter 2,4b3c85d9-f93a-42eb-98c5-0590eb368dea,,,,,2564,,,,RiskName_3029572,d9abd16e-5df1-48ee-b7b9-04e8ffbec31f,RiskName_3029572,Risks,Risks,Risk.RiskControl,,,,Pending,Pending,Pending,075069de-c608-4765-9775-c7fe426932f7,Default Control Workflow,PENDING,PENDING,https://Control/Control/85b81f43-7b0a-425f-9fab-8890983bdbc4,Etc/GMT+6,b99df4a4-2bf5-4c08-9483-bd636470bc11,OTAuto02,b99df4a4-2bf5-4c08-9483-bd636470bc11
Access Control,9d844594-0f5a-41ba-96cd-7284e342e66c,Access Control,automated_controlName_3029572,4b3c85d9-f93a-42eb-98c5-0590eb368dea,automated_controlName_3029572,Active,Active,Active,,,,,,,,,,,FedRAMP,8e029b33-7408-4620-a7c3-5053edfbf15b,FedRAMP,85b81f43-7b0a-425f-9fab-8890983bdbc4,automated_controlID_3029572,automated_controlid_30295,2026-04-06T02:27:35.000+00:00,2026-04-06,2026,April,04,Quarter 2,4b3c85d9-f93a-42eb-98c5-0590eb368dea,,,,,2564,,,,RiskName_3029572,d9abd16e-5df1-48ee-b7b9-04e8ffbec31f,RiskName_3029572,Risks,Risks,Risk.RiskControl,,,,Pending,Pending,Pending,075069de-c608-4765-9775-c7fe426932f7,Default Control Workflow,PENDING,PENDING,https://Control/Control/85b81f43-7b0a-425f-9fab-8890983bdbc4,America/Danmarkshavn,b99df4a4-2bf5-4c08-9483-bd636470bc11,OTAuto02,b99df4a4-2bf5-4c08-9483-bd636470bc11
Access Control,9d844594-0f5a-41ba-96cd-7284e342e66c,Access Control,automated_controlName_3029572,4b3c85d9-f93a-42eb-98c5-0590eb368dea,automated_controlName_3029572,Active,Active,Active,,,,,,,,,,,FedRAMP,8e029b33-7408-4620-a7c3-5053edfbf15b,FedRAMP,85b81f43-7b0a-425f-9fab-8890983bdbc4,automated_controlID_3029572,automated_controlid_30295,2026-04-05T23:27:35.000+00:00,2026-04-05,2026,April,04,Quarter 2,4b3c85d9-f93a-42eb-98c5-0590eb368dea,,,,,2564,,,,RiskName_3029572,d9abd16e-5df1-48ee-b7b9-04e8ffbec31f,RiskName_3029572,Risks,Risks,Risk.RiskControl,,,,Pending,Pending,Pending,075069de-c608-4765-9775-c7fe426932f7,Default Control Workflow,PENDING,PENDING,https://Control/Control/85b81f43-7b0a-425f-9fab-8890983bdbc4,America/Buenos_Aires,b99df4a4-2bf5-4c08-9483-bd636470bc11,OTAuto02,b99df4a4-2bf5-4c08-9483-bd636470bc11
Access Control,9d844594-0f5a-41ba-96cd-7284e342e66c,Access Control,automated_controlName_3029572,4b3c85d9-f93a-42eb-98c5-0590eb368dea,automated_controlName_3029572,Active,Active,Active,,,,,,,,,,,FedRAMP,8e029b33-7408-4620-a7c3-5053edfbf15b,FedRAMP,85b81f43-7b0a-425f-9fab-8890983bdbc4,automated_controlID_3029572,automated_controlid_30295,2026-04-06T12:27:35.000+00:00,2026-04-06,2026,April,04,Quarter 2,4b3c85d9-f93a-42eb-98c5-0590eb368dea,,,,,2564,,,,RiskName_3029572,d9abd16e-5df1-48ee-b7b9-04e8ffbec31f,RiskName_3029572,Risks,Risks,Risk.RiskControl,,,,Pending,Pending,Pending,075069de-c608-4765-9775-c7fe426932f7,Default Control Workflow,PENDING,PENDING,https://Control/Control/85b81f43-7b0a-425f-9fab-8890983bdbc4,Australia/Victoria,b99df4a4-2bf5-4c08-9483-bd636470bc11,OTAuto02,b99df4a4-2bf5-4c08-9483-bd636470bc11
Access Control,9d844594-0f5a-41ba-96cd-7284e342e66c,Access Control,automated_controlName_3029572,4b3c85d9-f93a-42eb-98c5-0590eb368dea,automated_controlName_3029572,Active,Active,Active,,,,,,,,,,,FedRAMP,8e029b33-7408-4620-a7c3-5053edfbf15b,FedRAMP,85b81f43-7b0a-425f-9fab-8890983bdbc4,automated_controlID_3029572,automated_controlid_30295,2026-04-06T00:27:35.000+00:00,2026-04-06,2026,April,04,Quarter 2,4b3c85d9-f93a-42eb-98c5-0590eb368dea,,,,,2564,,,,RiskName_3029572,d9abd16e-5df1-48ee-b7b9-04e8ffbec31f,RiskName_3029572,Risks,Risks,Risk.RiskControl,,,,Pending,Pending,Pending,075069de-c608-4765-9775-c7fe426932f7,Default Control Workflow,PENDING,PENDING,https://Control/Control/85b81f43-7b0a-425f-9fab-8890983bdbc4,Etc/GMT+2,b99df4a4-2bf5-4c08-9483-bd636470bc11,OTAuto02,b99df4a4-2bf5-4c08-9483-bd636470bc11
Access Control,9d844594-0f5a-41ba-96cd-7284e342e66c,Access Control,automated_controlName_3029572,4b3c85d9-f93a-42eb-98c5-0590eb368dea,automated_controlName_3029572,Active,Active,Active,,,,,,,,,,,FedRAMP,8e029b33-7408-4620-a7c3-5053edfbf15b,FedRAMP,85b81f43-7b0a-425f-9fab-8890983bdbc4,automated_controlID_3029572,automated_controlid_30295,2026-04-05T20:27:35.000+00:00,2026-04-05,2026,April,04,Quarter 2,4b3c85d9-f93a-42eb-98c5-0590eb368dea,,,,,2564,,,,RiskName_3029572,d9abd16e-5df1-48ee-b7b9-04e8ffbec31f,RiskName_3029572,Risks,Risks,Risk.RiskControl,,,,Pending,Pending,Pending,075069de-c608-4765-9775-c7fe426932f7,Default Control Workflow,PENDING,PENDING,https://Control/Control/85b81f43-7b0a-425f-9fab-8890983bdbc4,America/Belize,b99df4a4-2bf5-4c08-9483-bd636470bc11,OTAuto02,b99df4a4-2bf5-4c08-9483-bd636470bc11
Access Control,9d844594-0f5a-41ba-96cd-7284e342e66c,Access Control,automated_controlName_3029572,4b3c85d9-f93a-42eb-98c5-0590eb368dea,automated_controlName_3029572,Active,Active,Active,,,,,,,,,,,FedRAMP,8e029b33-7408-4620-a7c3-5053edfbf15b,FedRAMP,85b81f43-7b0a-425f-9fab-8890983bdbc4,automated_controlID_3029572,automated_controlid_30295,2026-04-05T23:27:35.000+00:00,2026-04-05,2026,April,04,Quarter 2,4b3c85d9-f93a-42eb-98c5-0590eb368dea,,,,,2564,,,,RiskName_3029572,d9abd16e-5df1-48ee-b7b9-04e8ffbec31f,RiskName_3029572,Risks,Risks,Risk.RiskControl,,,,Pending,Pending,Pending,075069de-c608-4765-9775-c7fe426932f7,Default Control Workflow,PENDING,PENDING,https://Control/Control/85b81f43-7b0a-425f-9fab-8890983bdbc4,America/Fortaleza,b99df4a4-2bf5-4c08-9483-bd636470bc11,OTAuto02,b99df4a4-2bf5-4c08-9483-bd636470bc11
Access Control,9d844594-0f5a-41ba-96cd-7284e342e66c,Access Control,automated_controlName_3029572,4b3c85d9-f93a-42eb-98c5-0590eb368dea,automated_controlName_3029572,Active,Active,Active,,,,,,,,,,,FedRAMP,8e029b33-7408-4620-a7c3-5053edfbf15b,FedRAMP,85b81f43-7b0a-425f-9fab-8890983bdbc4,automated_controlID_3029572,automated_controlid_30295,2026-04-06T00:27:35.000+00:00,2026-04-06,2026,April,04,Quarter 2,4b3c85d9-f93a-42eb-98c5-0590eb368dea,,,,,2564,,,,RiskName_3029572,d9abd16e-5df1-48ee-b7b9-04e8ffbec31f,RiskName_3029572,Risks,Risks,Risk.RiskControl,,,,Pending,Pending,Pending,075069de-c608-4765-9775-c7fe426932f7,Default Control Workflow,PENDING,PENDING,https://Control/Control/85b81f43-7b0a-425f-9fab-8890983bdbc4,Brazil/DeNoronha,b99df4a4-2bf5-4c08-9483-bd636470bc11,OTAuto02,b99df4a4-2bf5-4c08-9483-bd636470bc11
Access Control,9d844594-0f5a-41ba-96cd-7284e342e66c,Access Control,automated_controlName_3029572,4b3c85d9-f93a-42eb-98c5-0590eb368dea,automated_controlName_3029572,Active,Active,Active,,,,,,,,,,,FedRAMP,8e029b33-7408-4620-a7c3-5053edfbf15b,FedRAMP,85b81f43-7b0a-425f-9fab-8890983bdbc4,automated_controlID_3029572,automated_controlid_30295,2026-04-06T05:27:35.000+00:00,2026-04-06,2026,April,04,Quarter 2,4b3c85d9-f93a-42eb-98c5-0590eb368dea,,,,,2564,,,,RiskName_3029572,d9abd16e-5df1-48ee-b7b9-04e8ffbec31f,RiskName_3029572,Risks,Risks,Risk.RiskControl,,,,Pending,Pending,Pending,075069de-c608-4765-9775-c7fe426932f7,Default Control Workflow,PENDING,PENDING,https://Control/Control/85b81f43-7b0a-425f-9fab-8890983bdbc4,Asia/Kuwait,b99df4a4-2bf5-4c08-9483-bd636470bc11,OTAuto02,b99df4a4-2bf5-4c08-9483-bd636470bc11
Access Control,9d844594-0f5a-41ba-96cd-7284e342e66c,Access Control,automated_controlName_3029572,4b3c85d9-f93a-42eb-98c5-0590eb368dea,automated_controlName_3029572,Active,Active,Active,,,,,,,,,,,FedRAMP,8e029b33-7408-4620-a7c3-5053edfbf15b,FedRAMP,85b81f43-7b0a-425f-9fab-8890983bdbc4,automated_controlID_3029572,automated_controlid_30295,2026-04-06T13:27:35.000+00:00,2026-04-06,2026,April,04,Quarter 2,4b3c85d9-f93a-42eb-98c5-0590eb368dea,,,,,2564,,,,RiskName_3029572,d9abd16e-5df1-48ee-b7b9-04e8ffbec31f,RiskName_3029572,Risks,Risks,Risk.RiskControl,,,,Pending,Pending,Pending,075069de-c608-4765-9775-c7fe426932f7,Default Control Workflow,PENDING,PENDING,https://Control/Control/85b81f43-7b0a-425f-9fab-8890983bdbc4,Asia/Magadan,b99df4a4-2bf5-4c08-9483-bd636470bc11,OTAuto02,b99df4a4-2bf5-4c08-9483-bd636470bc11
Access Control,9d844594-0f5a-41ba-96cd-7284e342e66c,Access Control,automated_controlName_3029572,4b3c85d9-f93a-42eb-98c5-0590eb368dea,automated_controlName_3029572,Active,Active,Active,,,,,,,,,,,FedRAMP,8e029b33-7408-4620-a7c3-5053edfbf15b,FedRAMP,85b81f43-7b0a-425f-9fab-8890983bdbc4,automated_controlID_3029572,automated_controlid_30295,2026-04-06T02:27:35.000+00:00,2026-04-06,2026,April,04,Quarter 2,4b3c85d9-f93a-42eb-98c5-0590eb368dea,,,,,2564,,,,RiskName_3029572,d9abd16e-5df1-48ee-b7b9-04e8ffbec31f,RiskName_3029572,Risks,Risks,Risk.RiskControl,,,,Pending,Pending,Pending,075069de-c608-4765-9775-c7fe426932f7,Default Control Workflow,PENDING,PENDING,https://Control/Control/85b81f43-7b0a-425f-9fab-8890983bdbc4,Africa/Dakar,b99df4a4-2bf5-4c08-9483-bd636470bc11,OTAuto02,b99df4a4-2bf5-4c08-9483-bd636470bc11
Access Control,9d844594-0f5a-41ba-96cd-7284e342e66c,Access Control,automated_controlName_3029572,4b3c85d9-f93a-42eb-98c5-0590eb368dea,automated_controlName_3029572,Active,Active,Active,,,,,,,,,,,FedRAMP,8e029b33-7408-4620-a7c3-5053edfbf15b,FedRAMP,85b81f43-7b0a-425f-9fab-8890983bdbc4,automated_controlID_3029572,automated_controlid_30295,2026-04-05T21:27:35.000+00:00,2026-04-05,2026,April,04,Quarter 2,4b3c85d9-f93a-42eb-98c5-0590eb368dea,,,,,2564,,,,RiskName_3029572,d9abd16e-5df1-48ee-b7b9-04e8ffbec31f,RiskName_3029572,Risks,Risks,Risk.RiskControl,,,,Pending,Pending,Pending,075069de-c608-4765-9775-c7fe426932f7,Default Control Workflow,PENDING,PENDING,https://Control/Control/85b81f43-7b0a-425f-9fab-8890983bdbc4,America/Cancun,b99df4a4-2bf5-4c08-9483-bd636470bc11,OTAuto02,b99df4a4-2bf5-4c08-9483-bd636470bc11
Access Control,9d844594-0f5a-41ba-96cd-7284e342e66c,Access Control,automated_controlName_3029572,4b3c85d9-f93a-42eb-98c5-0590eb368dea,automated_controlName_3029572,Active,Active,Active,,,,,,,,,,,FedRAMP,8e029b33-7408-4620-a7c3-5053edfbf15b,FedRAMP,85b81f43-7b0a-425f-9fab-8890983bdbc4,automated_controlID_3029572,automated_controlid_30295,2026-04-06T09:27:35.000+00:00,2026-04-06,2026,April,04,Quarter 2,4b3c85d9-f93a-42eb-98c5-0590eb368dea,,,,,2564,,,,RiskName_3029572,d9abd16e-5df1-48ee-b7b9-04e8ffbec31f,RiskName_3029572,Risks,Risks,Risk.RiskControl,,,,Pending,Pending,Pending,075069de-c608-4765-9775-c7fe426932f7,Default Control Workflow,PENDING,PENDING,https://Control/Control/85b81f43-7b0a-425f-9fab-8890983bdbc4,Asia/Krasnoyarsk,b99df4a4-2bf5-4c08-9483-bd636470bc11,OTAuto02,b99df4a4-2bf5-4c08-9483-bd636470bc11
Access Control,9d844594-0f5a-41ba-96cd-7284e342e66c,Access Control,automated_controlName_3029572,4b3c85d9-f93a-42eb-98c5-0590eb368dea,automated_controlName_3029572,Active,Active,Active,,,,,,,,,,,FedRAMP,8e029b33-7408-4620-a7c3-5053edfbf15b,FedRAMP,85b81f43-7b0a-425f-9fab-8890983bdbc4,automated_controlID_3029572,automated_controlid_30295,2026-04-05T14:27:35.000+00:00,2026-04-05,2026,April,04,Quarter 2,4b3c85d9-f93a-42eb-98c5-0590eb368dea,,,,,2564,,,,RiskName_3029572,d9abd16e-5df1-48ee-b7b9-04e8ffbec31f,RiskName_3029572,Risks,Risks,Risk.RiskControl,,,,Pending,Pending,Pending,075069de-c608-4765-9775-c7fe426932f7,Default Control Workflow,PENDING,PENDING,https://Control/Control/85b81f43-7b0a-425f-9fab-8890983bdbc4,Etc/GMT+12,b99df4a4-2bf5-4c08-9483-bd636470bc11,OTAuto02,b99df4a4-2bf5-4c08-9483-bd636470bc11
Access Control,9d844594-0f5a-41ba-96cd-7284e342e66c,Access Control,automated_controlName_3029572,4b3c85d9-f93a-42eb-98c5-0590eb368dea,automated_controlName_3029572,Active,Active,Active,,,,,,,,,,,FedRAMP,8e029b33-7408-4620-a7c3-5053edfbf15b,FedRAMP,85b81f43-7b0a-425f-9fab-8890983bdbc4,automated_controlID_3029572,automated_controlid_30295,2026-04-06T12:27:35.000+00:00,2026-04-06,2026,April,04,Quarter 2,4b3c85d9-f93a-42eb-98c5-0590eb368dea,,,,,2564,,,,RiskName_3029572,d9abd16e-5df1-48ee-b7b9-04e8ffbec31f,RiskName_3029572,Risks,Risks,Risk.RiskControl,,,,Pending,Pending,Pending,075069de-c608-4765-9775-c7fe426932f7,Default Control Workflow,PENDING,PENDING,https://Control/Control/85b81f43-7b0a-425f-9fab-8890983bdbc4,Pacific/Guam,b99df4a4-2bf5-4c08-9483-bd636470bc11,OTAuto02,b99df4a4-2bf5-4c08-9483-bd636470bc11
Access Control,9d844594-0f5a-41ba-96cd-7284e342e66c,Access Control,automated_controlName_3029572,4b3c85d9-f93a-42eb-98c5-0590eb368dea,automated_controlName_3029572,Active,Active,Active,,,,,,,,,,,FedRAMP,8e029b33-7408-4620-a7c3-5053edfbf15b,FedRAMP,85b81f43-7b0a-425f-9fab-8890983bdbc4,automated_controlID_3029572,automated_controlid_30295,2026-04-06T05:27:35.000+00:00,2026-04-06,2026,April,04,Quarter 2,4b3c85d9-f93a-42eb-98c5-0590eb368dea,,,,,2564,,,,RiskName_3029572,d9abd16e-5df1-48ee-b7b9-04e8ffbec31f,RiskName_3029572,Risks,Risks,Risk.RiskControl,,,,Pending,Pending,Pending,075069de-c608-4765-9775-c7fe426932f7,Default Control Workflow,PENDING,PENDING,https://Control/Control/85b81f43-7b0a-425f-9fab-8890983bdbc4,Etc/GMT-3,b99df4a4-2bf5-4c08-9483-bd636470bc11,OTAuto02,b99df4a4-2bf5-4c08-9483-bd636470bc11
Access Control,9d844594-0f5a-41ba-96cd-7284e342e66c,Access Control,automated_controlName_3029572,4b3c85d9-f93a-42eb-98c5-0590eb368dea,automated_controlName_3029572,Active,Active,Active,,,,,,,,,,,FedRAMP,8e029b33-7408-4620-a7c3-5053edfbf15b,FedRAMP,85b81f43-7b0a-425f-9fab-8890983bdbc4,automated_controlID_3029572,automated_controlid_30295,2026-04-06T04:27:35.000+00:00,2026-04-06,2026,April,04,Quarter 2,4b3c85d9-f93a-42eb-98c5-0590eb368dea,,,,,2564,,,,RiskName_3029572,d9abd16e-5df1-48ee-b7b9-04e8ffbec31f,RiskName_3029572,Risks,Risks,Risk.RiskControl,,,,Pending,Pending,Pending,075069de-c608-4765-9775-c7fe426932f7,Default Control Workflow,PENDING,PENDING,https://Control/Control/85b81f43-7b0a-425f-9fab-8890983bdbc4,Libya,b99df4a4-2bf5-4c08-9483-bd636470bc11,OTAuto02,b99df4a4-2bf5-4c08-9483-bd636470bc11
Access Control,9d844594-0f5a-41ba-96cd-7284e342e66c,Access Control,automated_controlName_3029572,4b3c85d9-f93a-42eb-98c5-0590eb368dea,automated_controlName_3029572,Active,Active,Active,,,,,,,,,,,FedRAMP,8e029b33-7408-4620-a7c3-5053edfbf15b,FedRAMP,85b81f43-7b0a-425f-9fab-8890983bdbc4,automated_controlID_3029572,automated_controlid_30295,2026-04-06T05:27:35.000+00:00,2026-04-06,2026,April,04,Quarter 2,4b3c85d9-f93a-42eb-98c5-0590eb368dea,,,,,2564,,,,RiskName_3029572,d9abd16e-5df1-48ee-b7b9-04e8ffbec31f,RiskName_3029572,Risks,Risks,Risk.RiskControl,,,,Pending,Pending,Pending,075069de-c608-4765-9775-c7fe426932f7,Default Control Workflow,PENDING,PENDING,https://Control/Control/85b81f43-7b0a-425f-9fab-8890983bdbc4,Asia/Qatar,b99df4a4-2bf5-4c08-9483-bd636470bc11,OTAuto02,b99df4a4-2bf5-4c08-9483-bd636470bc11
Access Control,9d844594-0f5a-41ba-96cd-7284e342e66c,Access Control,automated_controlName_3029572,4b3c85d9-f93a-42eb-98c5-0590eb368dea,automated_controlName_3029572,Active,Active,Active,,,,,,,,,,,FedRAMP,8e029b33-7408-4620-a7c3-5053edfbf15b,FedRAMP,85b81f43-7b0a-425f-9fab-8890983bdbc4,automated_controlID_3029572,automated_controlid_30295,2026-04-05T22:27:35.000+00:00,2026-04-05,2026,April,04,Quarter 2,4b3c85d9-f93a-42eb-98c5-0590eb368dea,,,,,2564,,,,RiskName_3029572,d9abd16e-5df1-48ee-b7b9-04e8ffbec31f,RiskName_3029572,Risks,Risks,Risk.RiskControl,,,,Pending,Pending,Pending,075069de-c608-4765-9775-c7fe426932f7,Default Control Workflow,PENDING,PENDING,https://Control/Control/85b81f43-7b0a-425f-9fab-8890983bdbc4,US/East-Indiana,b99df4a4-2bf5-4c08-9483-bd636470bc11,OTAuto02,b99df4a4-2bf5-4c08-9483-bd636470bc11
Access Control,9d844594-0f5a-41ba-96cd-7284e342e66c,Access Control,automated_controlName_3029572,4b3c85d9-f93a-42eb-98c5-0590eb368dea,automated_controlName_3029572,Active,Active,Active,,,,,,,,,,,FedRAMP,8e029b33-7408-4620-a7c3-5053edfbf15b,FedRAMP,85b81f43-7b0a-425f-9fab-8890983bdbc4,automated_controlID_3029572,automated_controlid_30295,2026-04-06T07:27:35.000+00:00,2026-04-06,2026,April,04,Quarter 2,4b3c85d9-f93a-42eb-98c5-0590eb368dea,,,,,2564,,,,RiskName_3029572,d9abd16e-5df1-48ee-b7b9-04e8ffbec31f,RiskName_3029572,Risks,Risks,Risk.RiskControl,,,,Pending,Pending,Pending,075069de-c608-4765-9775-c7fe426932f7,Default Control Workflow,PENDING,PENDING,https://Control/Control/85b81f43-7b0a-425f-9fab-8890983bdbc4,Asia/Ashkhabad,b99df4a4-2bf5-4c08-9483-bd636470bc11,OTAuto02,b99df4a4-2bf5-4c08-9483-bd636470bc11
Access Control,9d844594-0f5a-41ba-96cd-7284e342e66c,Access Control,automated_controlName_3029572,4b3c85d9-f93a-42eb-98c5-0590eb368dea,automated_controlName_3029572,Active,Active,Active,,,,,,,,,,,FedRAMP,8e029b33-7408-4620-a7c3-5053edfbf15b,FedRAMP,85b81f43-7b0a-425f-9fab-8890983bdbc4,automated_controlID_3029572,automated_controlid_30295,2026-04-05T20:27:35.000+00:00,2026-04-05,2026,April,04,Quarter 2,4b3c85d9-f93a-42eb-98c5-0590eb368dea,,,,,2564,,,,RiskName_3029572,d9abd16e-5df1-48ee-b7b9-04e8ffbec31f,RiskName_3029572,Risks,Risks,Risk.RiskControl,,,,Pending,Pending,Pending,075069de-c608-4765-9775-c7fe426932f7,Default Control Workflow,PENDING,PENDING,https://Control/Control/85b81f43-7b0a-425f-9fab-8890983bdbc4,America/Denver,b99df4a4-2bf5-4c08-9483-bd636470bc11,OTAuto02,b99df4a4-2bf5-4c08-9483-bd636470bc11
Access Control,9d844594-0f5a-41ba-96cd-7284e342e66c,Access Control,automated_controlName_3029572,4b3c85d9-f93a-42eb-98c5-0590eb368dea,automated_controlName_3029572,Active,Active,Active,,,,,,,,,,,FedRAMP,8e029b33-7408-4620-a7c3-5053edfbf15b,FedRAMP,85b81f43-7b0a-425f-9fab-8890983bdbc4,automated_controlID_3029572,automated_controlid_30295,2026-04-06T02:27:35.000+00:00,2026-04-06,2026,April,04,Quarter 2,4b3c85d9-f93a-42eb-98c5-0590eb368dea,,,,,2564,,,,RiskName_3029572,d9abd16e-5df1-48ee-b7b9-04e8ffbec31f,RiskName_3029572,Risks,Risks,Risk.RiskControl,,,,Pending,Pending,Pending,075069de-c608-4765-9775-c7fe426932f7,Default Control Workflow,PENDING,PENDING,https://Control/Control/85b81f43-7b0a-425f-9fab-8890983bdbc4,Etc/GMT0,b99df4a4-2bf5-4c08-9483-bd636470bc11,OTAuto02,b99df4a4-2bf5-4c08-9483-bd636470bc11
Access Control,9d844594-0f5a-41ba-96cd-7284e342e66c,Access Control,automated_controlName_3029572,4b3c85d9-f93a-42eb-98c5-0590eb368dea,automated_controlName_3029572,Active,Active,Active,,,,,,,,,,,FedRAMP,8e029b33-7408-4620-a7c3-5053edfbf15b,FedRAMP,85b81f43-7b0a-425f-9fab-8890983bdbc4,automated_controlID_3029572,automated_controlid_30295,2026-04-05T23:27:35.000+00:00,2026-04-05,2026,April,04,Quarter 2,4b3c85d9-f93a-42eb-98c5-0590eb368dea,,,,,2564,,,,RiskName_3029572,d9abd16e-5df1-48ee-b7b9-04e8ffbec31f,RiskName_3029572,Risks,Risks,Risk.RiskControl,,,,Pending,Pending,Pending,075069de-c608-4765-9775-c7fe426932f7,Default Control Workflow,PENDING,PENDING,https://Control/Control/85b81f43-7b0a-425f-9fab-8890983bdbc4,Brazil/East,b99df4a4-2bf5-4c08-9483-bd636470bc11,OTAuto02,b99df4a4-2bf5-4c08-9483-bd636470bc11
Access Control,9d844594-0f5a-41ba-96cd-7284e342e66c,Access Control,automated_controlName_3029572,4b3c85d9-f93a-42eb-98c5-0590eb368dea,automated_controlName_3029572,Active,Active,Active,,,,,,,,,,,FedRAMP,8e029b33-7408-4620-a7c3-5053edfbf15b,FedRAMP,85b81f43-7b0a-425f-9fab-8890983bdbc4,automated_controlID_3029572,automated_controlid_30295,2026-04-06T05:27:35.000+00:00,2026-04-06,2026,April,04,Quarter 2,4b3c85d9-f93a-42eb-98c5-0590eb368dea,,,,,2564,,,,RiskName_3029572,d9abd16e-5df1-48ee-b7b9-04e8ffbec31f,RiskName_3029572,Risks,Risks,Risk.RiskControl,,,,Pending,Pending,Pending,075069de-c608-4765-9775-c7fe426932f7,Default Control Workflow,PENDING,PENDING,https://Control/Control/85b81f43-7b0a-425f-9fab-8890983bdbc4,Africa/Mogadishu,b99df4a4-2bf5-4c08-9483-bd636470bc11,OTAuto02,b99df4a4-2bf5-4c08-9483-bd636470bc11
Access Control,9d844594-0f5a-41ba-96cd-7284e342e66c,Access Control,automated_controlName_3029572,4b3c85d9-f93a-42eb-98c5-0590eb368dea,automated_controlName_3029572,Active,Active,Active,,,,,,,,,,,FedRAMP,8e029b33-7408-4620-a7c3-5053edfbf15b,FedRAMP,85b81f43-7b0a-425f-9fab-8890983bdbc4,automated_controlID_3029572,automated_controlid_30295,2026-04-06T04:27:35.000+00:00,2026-04-06,2026,April,04,Quarter 2,4b3c85d9-f93a-42eb-98c5-0590eb368dea,,,,,2564,,,,RiskName_3029572,d9abd16e-5df1-48ee-b7b9-04e8ffbec31f,RiskName_3029572,Risks,Risks,Risk.RiskControl,,,,Pending,Pending,Pending,075069de-c608-4765-9775-c7fe426932f7,Default Control Workflow,PENDING,PENDING,https://Control/Control/85b81f43-7b0a-425f-9fab-8890983bdbc4,Europe/Oslo,b99df4a4-2bf5-4c08-9483-bd636470bc11,OTAuto02,b99df4a4-2bf5-4c08-9483-bd636470bc11
Access Control,9d844594-0f5a-41ba-96cd-7284e342e66c,Access Control,automated_controlName_3029572,4b3c85d9-f93a-42eb-98c5-0590eb368dea,automated_controlName_3029572,Active,Active,Active,,,,,,,,,,,FedRAMP,8e029b33-7408-4620-a7c3-5053edfbf15b,FedRAMP,85b81f43-7b0a-425f-9fab-8890983bdbc4,automated_controlID_3029572,automated_controlid_30295,2026-04-06T07:27:35.000+00:00,2026-04-06,2026,April,04,Quarter 2,4b3c85d9-f93a-42eb-98c5-0590eb368dea,,,,,2564,,,,RiskName_3029572,d9abd16e-5df1-48ee-b7b9-04e8ffbec31f,RiskName_3029572,Risks,Risks,Risk.RiskControl,,,,Pending,Pending,Pending,075069de-c608-4765-9775-c7fe426932f7,Default Control Workflow,PENDING,PENDING,https://Control/Control/85b81f43-7b0a-425f-9fab-8890983bdbc4,Antarctica/Mawson,b99df4a4-2bf5-4c08-9483-bd636470bc11,OTAuto02,b99df4a4-2bf5-4c08-9483-bd636470bc11
Access Control,9d844594-0f5a-41ba-96cd-7284e342e66c,Access Control,automated_controlName_3029572,4b3c85d9-f93a-42eb-98c5-0590eb368dea,automated_controlName_3029572,Active,Active,Active,,,,,,,,,,,FedRAMP,8e029b33-7408-4620-a7c3-5053edfbf15b,FedRAMP,85b81f43-7b0a-425f-9fab-8890983bdbc4,automated_controlID_3029572,automated_controlid_30295,2026-04-06T02:27:35.000+00:00,2026-04-06,2026,April,04,Quarter 2,4b3c85d9-f93a-42eb-98c5-0590eb368dea,,,,,2564,,,,RiskName_3029572,d9abd16e-5df1-48ee-b7b9-04e8ffbec31f,RiskName_3029572,Risks,Risks,Risk.RiskControl,,,,Pending,Pending,Pending,075069de-c608-4765-9775-c7fe426932f7,Default Control Workflow,PENDING,PENDING,https://Control/Control/85b81f43-7b0a-425f-9fab-8890983bdbc4,Africa/Abidjan,b99df4a4-2bf5-4c08-9483-bd636470bc11,OTAuto02,b99df4a4-2bf5-4c08-9483-bd636470bc11
Access Control,9d844594-0f5a-41ba-96cd-7284e342e66c,Access Control,automated_controlName_3029572,4b3c85d9-f93a-42eb-98c5-0590eb368dea,automated_controlName_3029572,Active,Active,Active,,,,,,,,,,,FedRAMP,8e029b33-7408-4620-a7c3-5053edfbf15b,FedRAMP,85b81f43-7b0a-425f-9fab-8890983bdbc4,automated_controlID_3029572,automated_controlid_30295,2026-04-06T10:27:35.000+00:00,2026-04-06,2026,April,04,Quarter 2,4b3c85d9-f93a-42eb-98c5-0590eb368dea,,,,,2564,,,,RiskName_3029572,d9abd16e-5df1-48ee-b7b9-04e8ffbec31f,RiskName_3029572,Risks,Risks,Risk.RiskControl,,,,Pending,Pending,Pending,075069de-c608-4765-9775-c7fe426932f7,Default Control Workflow,PENDING,PENDING,https://Control/Control/85b81f43-7b0a-425f-9fab-8890983bdbc4,Singapore,b99df4a4-2bf5-4c08-9483-bd636470bc11,OTAuto02,b99df4a4-2bf5-4c08-9483-bd636470bc11
Access Control,9d844594-0f5a-41ba-96cd-7284e342e66c,Access Control,automated_controlName_3029572,4b3c85d9-f93a-42eb-98c5-0590eb368dea,automated_controlName_3029572,Active,Active,Active,,,,,,,,,,,FedRAMP,8e029b33-7408-4620-a7c3-5053edfbf15b,FedRAMP,85b81f43-7b0a-425f-9fab-8890983bdbc4,automated_controlID_3029572,automated_controlid_30295,2026-04-06T03:27:35.000+00:00,2026-04-06,2026,April,04,Quarter 2,4b3c85d9-f93a-42eb-98c5-0590eb368dea,,,,,2564,,,,RiskName_3029572,d9abd16e-5df1-48ee-b7b9-04e8ffbec31f,RiskName_3029572,Risks,Risks,Risk.RiskControl,,,,Pending,Pending,Pending,075069de-c608-4765-9775-c7fe426932f7,Default Control Workflow,PENDING,PENDING,https://Control/Control/85b81f43-7b0a-425f-9fab-8890983bdbc4,Europe/Lisbon,b99df4a4-2bf5-4c08-9483-bd636470bc11,OTAuto02,b99df4a4-2bf5-4c08-9483-bd636470bc11
Access Control,9d844594-0f5a-41ba-96cd-7284e342e66c,Access Control,automated_controlName_3029572,4b3c85d9-f93a-42eb-98c5-0590eb368dea,automated_controlName_3029572,Active,Active,Active,,,,,,,,,,,FedRAMP,8e029b33-7408-4620-a7c3-5053edfbf15b,FedRAMP,85b81f43-7b0a-425f-9fab-8890983bdbc4,automated_controlID_3029572,automated_controlid_30295,2026-04-06T02:27:35.000+00:00,2026-04-06,2026,April,04,Quarter 2,4b3c85d9-f93a-42eb-98c5-0590eb368dea,,,,,2564,,,,RiskName_3029572,d9abd16e-5df1-48ee-b7b9-04e8ffbec31f,RiskName_3029572,Risks,Risks,Risk.RiskControl,,,,Pending,Pending,Pending,075069de-c608-4765-9775-c7fe426932f7,Default Control Workflow,PENDING,PENDING,https://Control/Control/85b81f43-7b0a-425f-9fab-8890983bdbc4,Etc/Greenwich,b99df4a4-2bf5-4c08-9483-bd636470bc11,OTAuto02,b99df4a4-2bf5-4c08-9483-bd636470bc11
Access Control,9d844594-0f5a-41ba-96cd-7284e342e66c,Access Control,automated_controlName_3029572,4b3c85d9-f93a-42eb-98c5-0590eb368dea,automated_controlName_3029572,Active,Active,Active,,,,,,,,,,,FedRAMP,8e029b33-7408-4620-a7c3-5053edfbf15b,FedRAMP,85b81f43-7b0a-425f-9fab-8890983bdbc4,automated_controlID_3029572,automated_controlid_30295,2026-04-06T04:27:35.000+00:00,2026-04-06,2026,April,04,Quarter 2,4b3c85d9-f93a-42eb-98c5-0590eb368dea,,,,,2564,,,,RiskName_3029572,d9abd16e-5df1-48ee-b7b9-04e8ffbec31f,RiskName_3029572,Risks,Risks,Risk.RiskControl,,,,Pending,Pending,Pending,075069de-c608-4765-9775-c7fe426932f7,Default Control Workflow,PENDING,PENDING,https://Control/Control/85b81f43-7b0a-425f-9fab-8890983bdbc4,Africa/Gaborone,b99df4a4-2bf5-4c08-9483-bd636470bc11,OTAuto02,b99df4a4-2bf5-4c08-9483-bd636470bc11
Access Control,9d844594-0f5a-41ba-96cd-7284e342e66c,Access Control,automated_controlName_3029572,4b3c85d9-f93a-42eb-98c5-0590eb368dea,automated_controlName_3029572,Active,Active,Active,,,,,,,,,,,FedRAMP,8e029b33-7408-4620-a7c3-5053edfbf15b,FedRAMP,85b81f43-7b0a-425f-9fab-8890983bdbc4,automated_controlID_3029572,automated_controlid_30295,2026-04-06T03:27:35.000+00:00,2026-04-06,2026,April,04,Quarter 2,4b3c85d9-f93a-42eb-98c5-0590eb368dea,,,,,2564,,,,RiskName_3029572,d9abd16e-5df1-48ee-b7b9-04e8ffbec31f,RiskName_3029572,Risks,Risks,Risk.RiskControl,,,,Pending,Pending,Pending,075069de-c608-4765-9775-c7fe426932f7,Default Control Workflow,PENDING,PENDING,https://Control/Control/85b81f43-7b0a-425f-9fab-8890983bdbc4,GB,b99df4a4-2bf5-4c08-9483-bd636470bc11,OTAuto02,b99df4a4-2bf5-4c08-9483-bd636470bc11
Access Control,9d844594-0f5a-41ba-96cd-7284e342e66c,Access Control,automated_controlName_3029572,4b3c85d9-f93a-42eb-98c5-0590eb368dea,automated_controlName_3029572,Active,Active,Active,,,,,,,,,,,FedRAMP,8e029b33-7408-4620-a7c3-5053edfbf15b,FedRAMP,85b81f43-7b0a-425f-9fab-8890983bdbc4,automated_controlID_3029572,automated_controlid_30295,2026-04-06T10:27:35.000+00:00,2026-04-06,2026,April,04,Quarter 2,4b3c85d9-f93a-42eb-98c5-0590eb368dea,,,,,2564,,,,RiskName_3029572,d9abd16e-5df1-48ee-b7b9-04e8ffbec31f,RiskName_3029572,Risks,Risks,Risk.RiskControl,,,,Pending,Pending,Pending,075069de-c608-4765-9775-c7fe426932f7,Default Control Workflow,PENDING,PENDING,https://Control/Control/85b81f43-7b0a-425f-9fab-8890983bdbc4,Antarctica/Casey,b99df4a4-2bf5-4c08-9483-bd636470bc11,OTAuto02,b99df4a4-2bf5-4c08-9483-bd636470bc11
Access Control,9d844594-0f5a-41ba-96cd-7284e342e66c,Access Control,automated_controlName_3029572,4b3c85d9-f93a-42eb-98c5-0590eb368dea,automated_controlName_3029572,Active,Active,Active,,,,,,,,,,,FedRAMP,8e029b33-7408-4620-a7c3-5053edfbf15b,FedRAMP,85b81f43-7b0a-425f-9fab-8890983bdbc4,automated_controlID_3029572,automated_controlid_30295,2026-04-06T10:27:35.000+00:00,2026-04-06,2026,April,04,Quarter 2,4b3c85d9-f93a-42eb-98c5-0590eb368dea,,,,,2564,,,,RiskName_3029572,d9abd16e-5df1-48ee-b7b9-04e8ffbec31f,RiskName_3029572,Risks,Risks,Risk.RiskControl,,,,Pending,Pending,Pending,075069de-c608-4765-9775-c7fe426932f7,Default Control Workflow,PENDING,PENDING,https://Control/Control/85b81f43-7b0a-425f-9fab-8890983bdbc4,Asia/Choibalsan,b99df4a4-2bf5-4c08-9483-bd636470bc11,OTAuto02,b99df4a4-2bf5-4c08-9483-bd636470bc11
Access Control,9d844594-0f5a-41ba-96cd-7284e342e66c,Access Control,automated_controlName_3029572,4b3c85d9-f93a-42eb-98c5-0590eb368dea,automated_controlName_3029572,Active,Active,Active,,,,,,,,,,,FedRAMP,8e029b33-7408-4620-a7c3-5053edfbf15b,FedRAMP,85b81f43-7b0a-425f-9fab-8890983bdbc4,automated_controlID_3029572,automated_controlid_30295,2026-04-05T20:27:35.000+00:00,2026-04-05,2026,April,04,Quarter 2,4b3c85d9-f93a-42eb-98c5-0590eb368dea,,,,,2564,,,,RiskName_3029572,d9abd16e-5df1-48ee-b7b9-04e8ffbec31f,RiskName_3029572,Risks,Risks,Risk.RiskControl,,,,Pending,Pending,Pending,075069de-c608-4765-9775-c7fe426932f7,Default Control Workflow,PENDING,PENDING,https://Control/Control/85b81f43-7b0a-425f-9fab-8890983bdbc4,Pacific/Easter,b99df4a4-2bf5-4c08-9483-bd636470bc11,OTAuto02,b99df4a4-2bf5-4c08-9483-bd636470bc11
Access Control,9d844594-0f5a-41ba-96cd-7284e342e66c,Access Control,automated_controlName_3029572,4b3c85d9-f93a-42eb-98c5-0590eb368dea,automated_controlName_3029572,Active,Active,Active,,,,,,,,,,,FedRAMP,8e029b33-7408-4620-a7c3-5053edfbf15b,FedRAMP,85b81f43-7b0a-425f-9fab-8890983bdbc4,automated_controlID_3029572,automated_controlid_30295,2026-04-06T02:27:35.000+00:00,2026-04-06,2026,April,04,Quarter 2,4b3c85d9-f93a-42eb-98c5-0590eb368dea,,,,,2564,,,,RiskName_3029572,d9abd16e-5df1-48ee-b7b9-04e8ffbec31f,RiskName_3029572,Risks,Risks,Risk.RiskControl,,,,Pending,Pending,Pending,075069de-c608-4765-9775-c7fe426932f7,Default Control Workflow,PENDING,PENDING,https://Control/Control/85b81f43-7b0a-425f-9fab-8890983bdbc4,Africa/Bissau,b99df4a4-2bf5-4c08-9483-bd636470bc11,OTAuto02,b99df4a4-2bf5-4c08-9483-bd636470bc11
Access Control,9d844594-0f5a-41ba-96cd-7284e342e66c,Access Control,automated_controlName_3029572,4b3c85d9-f93a-42eb-98c5-0590eb368dea,automated_controlName_3029572,Active,Active,Active,,,,,,,,,,,FedRAMP,8e029b33-7408-4620-a7c3-5053edfbf15b,FedRAMP,85b81f43-7b0a-425f-9fab-8890983bdbc4,automated_controlID_3029572,automated_controlid_30295,2026-04-05T23:27:35.000+00:00,2026-04-05,2026,April,04,Quarter 2,4b3c85d9-f93a-42eb-98c5-0590eb368dea,,,,,2564,,,,RiskName_3029572,d9abd16e-5df1-48ee-b7b9-04e8ffbec31f,RiskName_3029572,Risks,Risks,Risk.RiskControl,,,,Pending,Pending,Pending,075069de-c608-4765-9775-c7fe426932f7,Default Control Workflow,PENDING,PENDING,https://Control/Control/85b81f43-7b0a-425f-9fab-8890983bdbc4,Antarctica/Palmer,b99df4a4-2bf5-4c08-9483-bd636470bc11,OTAuto02,b99df4a4-2bf5-4c08-9483-bd636470bc11
Access Control,9d844594-0f5a-41ba-96cd-7284e342e66c,Access Control,automated_controlName_3029572,4b3c85d9-f93a-42eb-98c5-0590eb368dea,automated_controlName_3029572,Active,Active,Active,,,,,,,,,,,FedRAMP,8e029b33-7408-4620-a7c3-5053edfbf15b,FedRAMP,85b81f43-7b0a-425f-9fab-8890983bdbc4,automated_controlID_3029572,automated_controlid_30295,2026-04-06T10:27:35.000+00:00,2026-04-06,2026,April,04,Quarter 2,4b3c85d9-f93a-42eb-98c5-0590eb368dea,,,,,2564,,,,RiskName_3029572,d9abd16e-5df1-48ee-b7b9-04e8ffbec31f,RiskName_3029572,Risks,Risks,Risk.RiskControl,,,,Pending,Pending,Pending,075069de-c608-4765-9775-c7fe426932f7,Default Control Workflow,PENDING,PENDING,https://Control/Control/85b81f43-7b0a-425f-9fab-8890983bdbc4,Asia/Ujung_Pandang,b99df4a4-2bf5-4c08-9483-bd636470bc11,OTAuto02,b99df4a4-2bf5-4c08-9483-bd636470bc11
Access Control,9d844594-0f5a-41ba-96cd-7284e342e66c,Access Control,automated_controlName_3029572,4b3c85d9-f93a-42eb-98c5-0590eb368dea,automated_controlName_3029572,Active,Active,Active,,,,,,,,,,,FedRAMP,8e029b33-7408-4620-a7c3-5053edfbf15b,FedRAMP,85b81f43-7b0a-425f-9fab-8890983bdbc4,automated_controlID_3029572,automated_controlid_30295,2026-04-06T12:27:35.000+00:00,2026-04-06,2026,April,04,Quarter 2,4b3c85d9-f93a-42eb-98c5-0590eb368dea,,,,,2564,,,,RiskName_3029572,d9abd16e-5df1-48ee-b7b9-04e8ffbec31f,RiskName_3029572,Risks,Risks,Risk.RiskControl,,,,Pending,Pending,Pending,075069de-c608-4765-9775-c7fe426932f7,Default Control Workflow,PENDING,PENDING,https://Control/Control/85b81f43-7b0a-425f-9fab-8890983bdbc4,Australia/Brisbane,b99df4a4-2bf5-4c08-9483-bd636470bc11,OTAuto02,b99df4a4-2bf5-4c08-9483-bd636470bc11
Access Control,9d844594-0f5a-41ba-96cd-7284e342e66c,Access Control,automated_controlName_3029572,4b3c85d9-f93a-42eb-98c5-0590eb368dea,automated_controlName_3029572,Active,Active,Active,,,,,,,,,,,FedRAMP,8e029b33-7408-4620-a7c3-5053edfbf15b,FedRAMP,85b81f43-7b0a-425f-9fab-8890983bdbc4,automated_controlID_3029572,automated_controlid_30295,2026-04-06T10:27:35.000+00:00,2026-04-06,2026,April,04,Quarter 2,4b3c85d9-f93a-42eb-98c5-0590eb368dea,,,,,2564,,,,RiskName_3029572,d9abd16e-5df1-48ee-b7b9-04e8ffbec31f,RiskName_3029572,Risks,Risks,Risk.RiskControl,,,,Pending,Pending,Pending,075069de-c608-4765-9775-c7fe426932f7,Default Control Workflow,PENDING,PENDING,https://Control/Control/85b81f43-7b0a-425f-9fab-8890983bdbc4,Asia/Manila,b99df4a4-2bf5-4c08-9483-bd636470bc11,OTAuto02,b99df4a4-2bf5-4c08-9483-bd636470bc11
Access Control,9d844594-0f5a-41ba-96cd-7284e342e66c,Access Control,automated_controlName_3029572,4b3c85d9-f93a-42eb-98c5-0590eb368dea,automated_controlName_3029572,Active,Active,Active,,,,,,,,,,,FedRAMP,8e029b33-7408-4620-a7c3-5053edfbf15b,FedRAMP,85b81f43-7b0a-425f-9fab-8890983bdbc4,automated_controlID_3029572,automated_controlid_30295,2026-04-06T04:27:35.000+00:00,2026-04-06,2026,April,04,Quarter 2,4b3c85d9-f93a-42eb-98c5-0590eb368dea,,,,,2564,,,,RiskName_3029572,d9abd16e-5df1-48ee-b7b9-04e8ffbec31f,RiskName_3029572,Risks,Risks,Risk.RiskControl,,,,Pending,Pending,Pending,075069de-c608-4765-9775-c7fe426932f7,Default Control Workflow,PENDING,PENDING,https://Control/Control/85b81f43-7b0a-425f-9fab-8890983bdbc4,Europe/Gibraltar,b99df4a4-2bf5-4c08-9483-bd636470bc11,OTAuto02,b99df4a4-2bf5-4c08-9483-bd636470bc11
Access Control,9d844594-0f5a-41ba-96cd-7284e342e66c,Access Control,automated_controlName_3029572,4b3c85d9-f93a-42eb-98c5-0590eb368dea,automated_controlName_3029572,Active,Active,Active,,,,,,,,,,,FedRAMP,8e029b33-7408-4620-a7c3-5053edfbf15b,FedRAMP,85b81f43-7b0a-425f-9fab-8890983bdbc4,automated_controlID_3029572,automated_controlid_30295,2026-04-05T22:27:35.000+00:00,2026-04-05,2026,April,04,Quarter 2,4b3c85d9-f93a-42eb-98c5-0590eb368dea,,,,,2564,,,,RiskName_3029572,d9abd16e-5df1-48ee-b7b9-04e8ffbec31f,RiskName_3029572,Risks,Risks,Risk.RiskControl,,,,Pending,Pending,Pending,075069de-c608-4765-9775-c7fe426932f7,Default Control Workflow,PENDING,PENDING,https://Control/Control/85b81f43-7b0a-425f-9fab-8890983bdbc4,America/Guadeloupe,b99df4a4-2bf5-4c08-9483-bd636470bc11,OTAuto02,b99df4a4-2bf5-4c08-9483-bd636470bc11
Access Control,9d844594-0f5a-41ba-96cd-7284e342e66c,Access Control,automated_controlName_3029572,4b3c85d9-f93a-42eb-98c5-0590eb368dea,automated_controlName_3029572,Active,Active,Active,,,,,,,,,,,FedRAMP,8e029b33-7408-4620-a7c3-5053edfbf15b,FedRAMP,85b81f43-7b0a-425f-9fab-8890983bdbc4,automated_controlID_3029572,automated_controlid_30295,2026-04-06T02:27:35.000+00:00,2026-04-06,2026,April,04,Quarter 2,4b3c85d9-f93a-42eb-98c5-0590eb368dea,,,,,2564,,,,RiskName_3029572,d9abd16e-5df1-48ee-b7b9-04e8ffbec31f,RiskName_3029572,Risks,Risks,Risk.RiskControl,,,,Pending,Pending,Pending,075069de-c608-4765-9775-c7fe426932f7,Default Control Workflow,PENDING,PENDING,https://Control/Control/85b81f43-7b0a-425f-9fab-8890983bdbc4,Etc/GMT+0,b99df4a4-2bf5-4c08-9483-bd636470bc11,OTAuto02,b99df4a4-2bf5-4c08-9483-bd636470bc11
Access Control,9d844594-0f5a-41ba-96cd-7284e342e66c,Access Control,automated_controlName_3029572,4b3c85d9-f93a-42eb-98c5-0590eb368dea,automated_controlName_3029572,Active,Active,Active,,,,,,,,,,,FedRAMP,8e029b33-7408-4620-a7c3-5053edfbf15b,FedRAMP,85b81f43-7b0a-425f-9fab-8890983bdbc4,automated_controlID_3029572,automated_controlid_30295,2026-04-05T22:27:35.000+00:00,2026-04-05,2026,April,04,Quarter 2,4b3c85d9-f93a-42eb-98c5-0590eb368dea,,,,,2564,,,,RiskName_3029572,d9abd16e-5df1-48ee-b7b9-04e8ffbec31f,RiskName_3029572,Risks,Risks,Risk.RiskControl,,,,Pending,Pending,Pending,075069de-c608-4765-9775-c7fe426932f7,Default Control Workflow,PENDING,PENDING,https://Control/Control/85b81f43-7b0a-425f-9fab-8890983bdbc4,America/Indianapolis,b99df4a4-2bf5-4c08-9483-bd636470bc11,OTAuto02,b99df4a4-2bf5-4c08-9483-bd636470bc11
Access Control,9d844594-0f5a-41ba-96cd-7284e342e66c,Access Control,automated_controlName_3029572,4b3c85d9-f93a-42eb-98c5-0590eb368dea,automated_controlName_3029572,Active,Active,Active,,,,,,,,,,,FedRAMP,8e029b33-7408-4620-a7c3-5053edfbf15b,FedRAMP,85b81f43-7b0a-425f-9fab-8890983bdbc4,automated_controlID_3029572,automated_controlid_30295,2026-04-05T21:27:35.000+00:00,2026-04-05,2026,April,04,Quarter 2,4b3c85d9-f93a-42eb-98c5-0590eb368dea,,,,,2564,,,,RiskName_3029572,d9abd16e-5df1-48ee-b7b9-04e8ffbec31f,RiskName_3029572,Risks,Risks,Risk.RiskControl,,,,Pending,Pending,Pending,075069de-c608-4765-9775-c7fe426932f7,Default Control Workflow,PENDING,PENDING,https://Control/Control/85b81f43-7b0a-425f-9fab-8890983bdbc4,US/Central,b99df4a4-2bf5-4c08-9483-bd636470bc11,OTAuto02,b99df4a4-2bf5-4c08-9483-bd636470bc11
Access Control,9d844594-0f5a-41ba-96cd-7284e342e66c,Access Control,automated_controlName_3029572,4b3c85d9-f93a-42eb-98c5-0590eb368dea,automated_controlName_3029572,Active,Active,Active,,,,,,,,,,,FedRAMP,8e029b33-7408-4620-a7c3-5053edfbf15b,FedRAMP,85b81f43-7b0a-425f-9fab-8890983bdbc4,automated_controlID_3029572,automated_controlid_30295,2026-04-06T06:27:35.000+00:00,2026-04-06,2026,April,04,Quarter 2,4b3c85d9-f93a-42eb-98c5-0590eb368dea,,,,,2564,,,,RiskName_3029572,d9abd16e-5df1-48ee-b7b9-04e8ffbec31f,RiskName_3029572,Risks,Risks,Risk.RiskControl,,,,Pending,Pending,Pending,075069de-c608-4765-9775-c7fe426932f7,Default Control Workflow,PENDING,PENDING,https://Control/Control/85b81f43-7b0a-425f-9fab-8890983bdbc4,Asia/Dubai,b99df4a4-2bf5-4c08-9483-bd636470bc11,OTAuto02,b99df4a4-2bf5-4c08-9483-bd636470bc11
Access Control,9d844594-0f5a-41ba-96cd-7284e342e66c,Access Control,automated_controlName_3029572,4b3c85d9-f93a-42eb-98c5-0590eb368dea,automated_controlName_3029572,Active,Active,Active,,,,,,,,,,,FedRAMP,8e029b33-7408-4620-a7c3-5053edfbf15b,FedRAMP,85b81f43-7b0a-425f-9fab-8890983bdbc4,automated_controlID_3029572,automated_controlid_30295,2026-04-06T05:27:35.000+00:00,2026-04-06,2026,April,04,Quarter 2,4b3c85d9-f93a-42eb-98c5-0590eb368dea,,,,,2564,,,,RiskName_3029572,d9abd16e-5df1-48ee-b7b9-04e8ffbec31f,RiskName_3029572,Risks,Risks,Risk.RiskControl,,,,Pending,Pending,Pending,075069de-c608-4765-9775-c7fe426932f7,Default Control Workflow,PENDING,PENDING,https://Control/Control/85b81f43-7b0a-425f-9fab-8890983bdbc4,Europe/Minsk,b99df4a4-2bf5-4c08-9483-bd636470bc11,OTAuto02,b99df4a4-2bf5-4c08-9483-bd636470bc11
Access Control,9d844594-0f5a-41ba-96cd-7284e342e66c,Access Control,automated_controlName_3029572,4b3c85d9-f93a-42eb-98c5-0590eb368dea,automated_controlName_3029572,Active,Active,Active,,,,,,,,,,,FedRAMP,8e029b33-7408-4620-a7c3-5053edfbf15b,FedRAMP,85b81f43-7b0a-425f-9fab-8890983bdbc4,automated_controlID_3029572,automated_controlid_30295,2026-04-06T11:27:35.000+00:00,2026-04-06,2026,April,04,Quarter 2,4b3c85d9-f93a-42eb-98c5-0590eb368dea,,,,,2564,,,,RiskName_3029572,d9abd16e-5df1-48ee-b7b9-04e8ffbec31f,RiskName_3029572,Risks,Risks,Risk.RiskControl,,,,Pending,Pending,Pending,075069de-c608-4765-9775-c7fe426932f7,Default Control Workflow,PENDING,PENDING,https://Control/Control/85b81f43-7b0a-425f-9fab-8890983bdbc4,Asia/Dili,b99df4a4-2bf5-4c08-9483-bd636470bc11,OTAuto02,b99df4a4-2bf5-4c08-9483-bd636470bc11
Access Control,9d844594-0f5a-41ba-96cd-7284e342e66c,Access Control,automated_controlName_3029572,4b3c85d9-f93a-42eb-98c5-0590eb368dea,automated_controlName_3029572,Active,Active,Active,,,,,,,,,,,FedRAMP,8e029b33-7408-4620-a7c3-5053edfbf15b,FedRAMP,85b81f43-7b0a-425f-9fab-8890983bdbc4,automated_controlID_3029572,automated_controlid_30295,2026-04-06T10:27:35.000+00:00,2026-04-06,2026,April,04,Quarter 2,4b3c85d9-f93a-42eb-98c5-0590eb368dea,,,,,2564,,,,RiskName_3029572,d9abd16e-5df1-48ee-b7b9-04e8ffbec31f,RiskName_3029572,Risks,Risks,Risk.RiskControl,,,,Pending,Pending,Pending,075069de-c608-4765-9775-c7fe426932f7,Default Control Workflow,PENDING,PENDING,https://Control/Control/85b81f43-7b0a-425f-9fab-8890983bdbc4,Asia/Ulan_Bator,b99df4a4-2bf5-4c08-9483-bd636470bc11,OTAuto02,b99df4a4-2bf5-4c08-9483-bd636470bc11
Access Control,9d844594-0f5a-41ba-96cd-7284e342e66c,Access Control,automated_controlName_3029572,4b3c85d9-f93a-42eb-98c5-0590eb368dea,automated_controlName_3029572,Active,Active,Active,,,,,,,,,,,FedRAMP,8e029b33-7408-4620-a7c3-5053edfbf15b,FedRAMP,85b81f43-7b0a-425f-9fab-8890983bdbc4,automated_controlID_3029572,automated_controlid_30295,2026-04-05T22:27:35.000+00:00,2026-04-05,2026,April,04,Quarter 2,4b3c85d9-f93a-42eb-98c5-0590eb368dea,,,,,2564,,,,RiskName_3029572,d9abd16e-5df1-48ee-b7b9-04e8ffbec31f,RiskName_3029572,Risks,Risks,Risk.RiskControl,,,,Pending,Pending,Pending,075069de-c608-4765-9775-c7fe426932f7,Default Control Workflow,PENDING,PENDING,https://Control/Control/85b81f43-7b0a-425f-9fab-8890983bdbc4,EST5EDT,b99df4a4-2bf5-4c08-9483-bd636470bc11,OTAuto02,b99df4a4-2bf5-4c08-9483-bd636470bc11
Access Control,9d844594-0f5a-41ba-96cd-7284e342e66c,Access Control,automated_controlName_3029572,4b3c85d9-f93a-42eb-98c5-0590eb368dea,automated_controlName_3029572,Active,Active,Active,,,,,,,,,,,FedRAMP,8e029b33-7408-4620-a7c3-5053edfbf15b,FedRAMP,85b81f43-7b0a-425f-9fab-8890983bdbc4,automated_controlID_3029572,automated_controlid_30295,2026-04-06T08:27:35.000+00:00,2026-04-06,2026,April,04,Quarter 2,4b3c85d9-f93a-42eb-98c5-0590eb368dea,,,,,2564,,,,RiskName_3029572,d9abd16e-5df1-48ee-b7b9-04e8ffbec31f,RiskName_3029572,Risks,Risks,Risk.RiskControl,,,,Pending,Pending,Pending,075069de-c608-4765-9775-c7fe426932f7,Default Control Workflow,PENDING,PENDING,https://Control/Control/85b81f43-7b0a-425f-9fab-8890983bdbc4,Asia/Dhaka,b99df4a4-2bf5-4c08-9483-bd636470bc11,OTAuto02,b99df4a4-2bf5-4c08-9483-bd636470bc11
Access Control,9d844594-0f5a-41ba-96cd-7284e342e66c,Access Control,automated_controlName_3029572,4b3c85d9-f93a-42eb-98c5-0590eb368dea,automated_controlName_3029572,Active,Active,Active,,,,,,,,,,,FedRAMP,8e029b33-7408-4620-a7c3-5053edfbf15b,FedRAMP,85b81f43-7b0a-425f-9fab-8890983bdbc4,automated_controlID_3029572,automated_controlid_30295,2026-04-06T08:27:35.000+00:00,2026-04-06,2026,April,04,Quarter 2,4b3c85d9-f93a-42eb-98c5-0590eb368dea,,,,,2564,,,,RiskName_3029572,d9abd16e-5df1-48ee-b7b9-04e8ffbec31f,RiskName_3029572,Risks,Risks,Risk.RiskControl,,,,Pending,Pending,Pending,075069de-c608-4765-9775-c7fe426932f7,Default Control Workflow,PENDING,PENDING,https://Control/Control/85b81f43-7b0a-425f-9fab-8890983bdbc4,Asia/Thimphu,b99df4a4-2bf5-4c08-9483-bd636470bc11,OTAuto02,b99df4a4-2bf5-4c08-9483-bd636470bc11
Access Control,9d844594-0f5a-41ba-96cd-7284e342e66c,Access Control,automated_controlName_3029572,4b3c85d9-f93a-42eb-98c5-0590eb368dea,automated_controlName_3029572,Active,Active,Active,,,,,,,,,,,FedRAMP,8e029b33-7408-4620-a7c3-5053edfbf15b,FedRAMP,85b81f43-7b0a-425f-9fab-8890983bdbc4,automated_controlID_3029572,automated_controlid_30295,2026-04-06T03:27:35.000+00:00,2026-04-06,2026,April,04,Quarter 2,4b3c85d9-f93a-42eb-98c5-0590eb368dea,,,,,2564,,,,RiskName_3029572,d9abd16e-5df1-48ee-b7b9-04e8ffbec31f,RiskName_3029572,Risks,Risks,Risk.RiskControl,,,,Pending,Pending,Pending,075069de-c608-4765-9775-c7fe426932f7,Default Control Workflow,PENDING,PENDING,https://Control/Control/85b81f43-7b0a-425f-9fab-8890983bdbc4,Africa/Brazzaville,b99df4a4-2bf5-4c08-9483-bd636470bc11,OTAuto02,b99df4a4-2bf5-4c08-9483-bd636470bc11
Access Control,9d844594-0f5a-41ba-96cd-7284e342e66c,Access Control,automated_controlName_3029572,4b3c85d9-f93a-42eb-98c5-0590eb368dea,automated_controlName_3029572,Active,Active,Active,,,,,,,,,,,FedRAMP,8e029b33-7408-4620-a7c3-5053edfbf15b,FedRAMP,85b81f43-7b0a-425f-9fab-8890983bdbc4,automated_controlID_3029572,automated_controlid_30295,2026-04-05T23:27:35.000+00:00,2026-04-05,2026,April,04,Quarter 2,4b3c85d9-f93a-42eb-98c5-0590eb368dea,,,,,2564,,,,RiskName_3029572,d9abd16e-5df1-48ee-b7b9-04e8ffbec31f,RiskName_3029572,Risks,Risks,Risk.RiskControl,,,,Pending,Pending,Pending,075069de-c608-4765-9775-c7fe426932f7,Default Control Workflow,PENDING,PENDING,https://Control/Control/85b81f43-7b0a-425f-9fab-8890983bdbc4,America/Santarem,b99df4a4-2bf5-4c08-9483-bd636470bc11,OTAuto02,b99df4a4-2bf5-4c08-9483-bd636470bc11
Access Control,9d844594-0f5a-41ba-96cd-7284e342e66c,Access Control,automated_controlName_3029572,4b3c85d9-f93a-42eb-98c5-0590eb368dea,automated_controlName_3029572,Active,Active,Active,,,,,,,,,,,FedRAMP,8e029b33-7408-4620-a7c3-5053edfbf15b,FedRAMP,85b81f43-7b0a-425f-9fab-8890983bdbc4,automated_controlID_3029572,automated_controlid_30295,2026-04-06T04:27:35.000+00:00,2026-04-06,2026,April,04,Quarter 2,4b3c85d9-f93a-42eb-98c5-0590eb368dea,,,,,2564,,,,RiskName_3029572,d9abd16e-5df1-48ee-b7b9-04e8ffbec31f,RiskName_3029572,Risks,Risks,Risk.RiskControl,,,,Pending,Pending,Pending,075069de-c608-4765-9775-c7fe426932f7,Default Control Workflow,PENDING,PENDING,https://Control/Control/85b81f43-7b0a-425f-9fab-8890983bdbc4,Africa/Harare,b99df4a4-2bf5-4c08-9483-bd636470bc11,OTAuto02,b99df4a4-2bf5-4c08-9483-bd636470bc11
Access Control,9d844594-0f5a-41ba-96cd-7284e342e66c,Access Control,automated_controlName_3029572,4b3c85d9-f93a-42eb-98c5-0590eb368dea,automated_controlName_3029572,Active,Active,Active,,,,,,,,,,,FedRAMP,8e029b33-7408-4620-a7c3-5053edfbf15b,FedRAMP,85b81f43-7b0a-425f-9fab-8890983bdbc4,automated_controlID_3029572,automated_controlid_30295,2026-04-06T02:27:35.000+00:00,2026-04-06,2026,April,04,Quarter 2,4b3c85d9-f93a-42eb-98c5-0590eb368dea,,,,,2564,,,,RiskName_3029572,d9abd16e-5df1-48ee-b7b9-04e8ffbec31f,RiskName_3029572,Risks,Risks,Risk.RiskControl,,,,Pending,Pending,Pending,075069de-c608-4765-9775-c7fe426932f7,Default Control Workflow,PENDING,PENDING,https://Control/Control/85b81f43-7b0a-425f-9fab-8890983bdbc4,Africa/Lome,b99df4a4-2bf5-4c08-9483-bd636470bc11,OTAuto02,b99df4a4-2bf5-4c08-9483-bd636470bc11
Access Control,9d844594-0f5a-41ba-96cd-7284e342e66c,Access Control,automated_controlName_3029572,4b3c85d9-f93a-42eb-98c5-0590eb368dea,automated_controlName_3029572,Active,Active,Active,,,,,,,,,,,FedRAMP,8e029b33-7408-4620-a7c3-5053edfbf15b,FedRAMP,85b81f43-7b0a-425f-9fab-8890983bdbc4,automated_controlID_3029572,automated_controlid_30295,2026-04-05T23:27:35.000+00:00,2026-04-05,2026,April,04,Quarter 2,4b3c85d9-f93a-42eb-98c5-0590eb368dea,,,,,2564,,,,RiskName_3029572,d9abd16e-5df1-48ee-b7b9-04e8ffbec31f,RiskName_3029572,Risks,Risks,Risk.RiskControl,,,,Pending,Pending,Pending,075069de-c608-4765-9775-c7fe426932f7,Default Control Workflow,PENDING,PENDING,https://Control/Control/85b81f43-7b0a-425f-9fab-8890983bdbc4,America/Asuncion,b99df4a4-2bf5-4c08-9483-bd636470bc11,OTAuto02,b99df4a4-2bf5-4c08-9483-bd636470bc11
Access Control,9d844594-0f5a-41ba-96cd-7284e342e66c,Access Control,automated_controlName_3029572,4b3c85d9-f93a-42eb-98c5-0590eb368dea,automated_controlName_3029572,Active,Active,Active,,,,,,,,,,,FedRAMP,8e029b33-7408-4620-a7c3-5053edfbf15b,FedRAMP,85b81f43-7b0a-425f-9fab-8890983bdbc4,automated_controlID_3029572,automated_controlid_30295,2026-04-06T06:27:35.000+00:00,2026-04-06,2026,April,04,Quarter 2,4b3c85d9-f93a-42eb-98c5-0590eb368dea,,,,,2564,,,,RiskName_3029572,d9abd16e-5df1-48ee-b7b9-04e8ffbec31f,RiskName_3029572,Risks,Risks,Risk.RiskControl,,,,Pending,Pending,Pending,075069de-c608-4765-9775-c7fe426932f7,Default Control Workflow,PENDING,PENDING,https://Control/Control/85b81f43-7b0a-425f-9fab-8890983bdbc4,Asia/Tbilisi,b99df4a4-2bf5-4c08-9483-bd636470bc11,OTAuto02,b99df4a4-2bf5-4c08-9483-bd636470bc11
Access Control,9d844594-0f5a-41ba-96cd-7284e342e66c,Access Control,automated_controlName_3029572,4b3c85d9-f93a-42eb-98c5-0590eb368dea,automated_controlName_3029572,Active,Active,Active,,,,,,,,,,,FedRAMP,8e029b33-7408-4620-a7c3-5053edfbf15b,FedRAMP,85b81f43-7b0a-425f-9fab-8890983bdbc4,automated_controlID_3029572,automated_controlid_30295,2026-04-06T09:27:35.000+00:00,2026-04-06,2026,April,04,Quarter 2,4b3c85d9-f93a-42eb-98c5-0590eb368dea,,,,,2564,,,,RiskName_3029572,d9abd16e-5df1-48ee-b7b9-04e8ffbec31f,RiskName_3029572,Risks,Risks,Risk.RiskControl,,,,Pending,Pending,Pending,075069de-c608-4765-9775-c7fe426932f7,Default Control Workflow,PENDING,PENDING,https://Control/Control/85b81f43-7b0a-425f-9fab-8890983bdbc4,Asia/Barnaul,b99df4a4-2bf5-4c08-9483-bd636470bc11,OTAuto02,b99df4a4-2bf5-4c08-9483-bd636470bc11
Access Control,9d844594-0f5a-41ba-96cd-7284e342e66c,Access Control,automated_controlName_3029572,4b3c85d9-f93a-42eb-98c5-0590eb368dea,automated_controlName_3029572,Active,Active,Active,,,,,,,,,,,FedRAMP,8e029b33-7408-4620-a7c3-5053edfbf15b,FedRAMP,85b81f43-7b0a-425f-9fab-8890983bdbc4,automated_controlID_3029572,automated_controlid_30295,2026-04-06T07:27:35.000+00:00,2026-04-06,2026,April,04,Quarter 2,4b3c85d9-f93a-42eb-98c5-0590eb368dea,,,,,2564,,,,RiskName_3029572,d9abd16e-5df1-48ee-b7b9-04e8ffbec31f,RiskName_3029572,Risks,Risks,Risk.RiskControl,,,,Pending,Pending,Pending,075069de-c608-4765-9775-c7fe426932f7,Default Control Workflow,PENDING,PENDING,https://Control/Control/85b81f43-7b0a-425f-9fab-8890983bdbc4,Asia/Oral,b99df4a4-2bf5-4c08-9483-bd636470bc11,OTAuto02,b99df4a4-2bf5-4c08-9483-bd636470bc11
Access Control,9d844594-0f5a-41ba-96cd-7284e342e66c,Access Control,automated_controlName_3029572,4b3c85d9-f93a-42eb-98c5-0590eb368dea,automated_controlName_3029572,Active,Active,Active,,,,,,,,,,,FedRAMP,8e029b33-7408-4620-a7c3-5053edfbf15b,FedRAMP,85b81f43-7b0a-425f-9fab-8890983bdbc4,automated_controlID_3029572,automated_controlid_30295,2026-04-06T04:27:35.000+00:00,2026-04-06,2026,April,04,Quarter 2,4b3c85d9-f93a-42eb-98c5-0590eb368dea,,,,,2564,,,,RiskName_3029572,d9abd16e-5df1-48ee-b7b9-04e8ffbec31f,RiskName_3029572,Risks,Risks,Risk.RiskControl,,,,Pending,Pending,Pending,075069de-c608-4765-9775-c7fe426932f7,Default Control Workflow,PENDING,PENDING,https://Control/Control/85b81f43-7b0a-425f-9fab-8890983bdbc4,Africa/Kigali,b99df4a4-2bf5-4c08-9483-bd636470bc11,OTAuto02,b99df4a4-2bf5-4c08-9483-bd636470bc11
Access Control,9d844594-0f5a-41ba-96cd-7284e342e66c,Access Control,automated_controlName_3029572,4b3c85d9-f93a-42eb-98c5-0590eb368dea,automated_controlName_3029572,Active,Active,Active,,,,,,,,,,,FedRAMP,8e029b33-7408-4620-a7c3-5053edfbf15b,FedRAMP,85b81f43-7b0a-425f-9fab-8890983bdbc4,automated_controlID_3029572,automated_controlid_30295,2026-04-06T07:27:35.000+00:00,2026-04-06,2026,April,04,Quarter 2,4b3c85d9-f93a-42eb-98c5-0590eb368dea,,,,,2564,,,,RiskName_3029572,d9abd16e-5df1-48ee-b7b9-04e8ffbec31f,RiskName_3029572,Risks,Risks,Risk.RiskControl,,,,Pending,Pending,Pending,075069de-c608-4765-9775-c7fe426932f7,Default Control Workflow,PENDING,PENDING,https://Control/Control/85b81f43-7b0a-425f-9fab-8890983bdbc4,Indian/Kerguelen,b99df4a4-2bf5-4c08-9483-bd636470bc11,OTAuto02,b99df4a4-2bf5-4c08-9483-bd636470bc11
Access Control,9d844594-0f5a-41ba-96cd-7284e342e66c,Access Control,automated_controlName_3029572,4b3c85d9-f93a-42eb-98c5-0590eb368dea,automated_controlName_3029572,Active,Active,Active,,,,,,,,,,,FedRAMP,8e029b33-7408-4620-a7c3-5053edfbf15b,FedRAMP,85b81f43-7b0a-425f-9fab-8890983bdbc4,automated_controlID_3029572,automated_controlid_30295,2026-04-06T01:27:35.000+00:00,2026-04-06,2026,April,04,Quarter 2,4b3c85d9-f93a-42eb-98c5-0590eb368dea,,,,,2564,,,,RiskName_3029572,d9abd16e-5df1-48ee-b7b9-04e8ffbec31f,RiskName_3029572,Risks,Risks,Risk.RiskControl,,,,Pending,Pending,Pending,075069de-c608-4765-9775-c7fe426932f7,Default Control Workflow,PENDING,PENDING,https://Control/Control/85b81f43-7b0a-425f-9fab-8890983bdbc4,America/Godthab,b99df4a4-2bf5-4c08-9483-bd636470bc11,OTAuto02,b99df4a4-2bf5-4c08-9483-bd636470bc11
Access Control,9d844594-0f5a-41ba-96cd-7284e342e66c,Access Control,automated_controlName_3029572,4b3c85d9-f93a-42eb-98c5-0590eb368dea,automated_controlName_3029572,Active,Active,Active,,,,,,,,,,,FedRAMP,8e029b33-7408-4620-a7c3-5053edfbf15b,FedRAMP,85b81f43-7b0a-425f-9fab-8890983bdbc4,automated_controlID_3029572,automated_controlid_30295,2026-04-06T08:27:35.000+00:00,2026-04-06,2026,April,04,Quarter 2,4b3c85d9-f93a-42eb-98c5-0590eb368dea,,,,,2564,,,,RiskName_3029572,d9abd16e-5df1-48ee-b7b9-04e8ffbec31f,RiskName_3029572,Risks,Risks,Risk.RiskControl,,,,Pending,Pending,Pending,075069de-c608-4765-9775-c7fe426932f7,Default Control Workflow,PENDING,PENDING,https://Control/Control/85b81f43-7b0a-425f-9fab-8890983bdbc4,Asia/Urumqi,b99df4a4-2bf5-4c08-9483-bd636470bc11,OTAuto02,b99df4a4-2bf5-4c08-9483-bd636470bc11
Access Control,9d844594-0f5a-41ba-96cd-7284e342e66c,Access Control,automated_controlName_3029572,4b3c85d9-f93a-42eb-98c5-0590eb368dea,automated_controlName_3029572,Active,Active,Active,,,,,,,,,,,FedRAMP,8e029b33-7408-4620-a7c3-5053edfbf15b,FedRAMP,85b81f43-7b0a-425f-9fab-8890983bdbc4,automated_controlID_3029572,automated_controlid_30295,2026-04-05T22:27:35.000+00:00,2026-04-05,2026,April,04,Quarter 2,4b3c85d9-f93a-42eb-98c5-0590eb368dea,,,,,2564,,,,RiskName_3029572,d9abd16e-5df1-48ee-b7b9-04e8ffbec31f,RiskName_3029572,Risks,Risks,Risk.RiskControl,,,,Pending,Pending,Pending,075069de-c608-4765-9775-c7fe426932f7,Default Control Workflow,PENDING,PENDING,https://Control/Control/85b81f43-7b0a-425f-9fab-8890983bdbc4,Canada/Eastern,b99df4a4-2bf5-4c08-9483-bd636470bc11,OTAuto02,b99df4a4-2bf5-4c08-9483-bd636470bc11
Access Control,9d844594-0f5a-41ba-96cd-7284e342e66c,Access Control,automated_controlName_3029572,4b3c85d9-f93a-42eb-98c5-0590eb368dea,automated_controlName_3029572,Active,Active,Active,,,,,,,,,,,FedRAMP,8e029b33-7408-4620-a7c3-5053edfbf15b,FedRAMP,85b81f43-7b0a-425f-9fab-8890983bdbc4,automated_controlID_3029572,automated_controlid_30295,2026-04-06T05:27:35.000+00:00,2026-04-06,2026,April,04,Quarter 2,4b3c85d9-f93a-42eb-98c5-0590eb368dea,,,,,2564,,,,RiskName_3029572,d9abd16e-5df1-48ee-b7b9-04e8ffbec31f,RiskName_3029572,Risks,Risks,Risk.RiskControl,,,,Pending,Pending,Pending,075069de-c608-4765-9775-c7fe426932f7,Default Control Workflow,PENDING,PENDING,https://Control/Control/85b81f43-7b0a-425f-9fab-8890983bdbc4,Africa/Addis_Ababa,b99df4a4-2bf5-4c08-9483-bd636470bc11,OTAuto02,b99df4a4-2bf5-4c08-9483-bd636470bc11
Access Control,9d844594-0f5a-41ba-96cd-7284e342e66c,Access Control,automated_controlName_3029572,4b3c85d9-f93a-42eb-98c5-0590eb368dea,automated_controlName_3029572,Active,Active,Active,,,,,,,,,,,FedRAMP,8e029b33-7408-4620-a7c3-5053edfbf15b,FedRAMP,85b81f43-7b0a-425f-9fab-8890983bdbc4,automated_controlID_3029572,automated_controlid_30295,2026-04-06T04:27:35.000+00:00,2026-04-06,2026,April,04,Quarter 2,4b3c85d9-f93a-42eb-98c5-0590eb368dea,,,,,2564,,,,RiskName_3029572,d9abd16e-5df1-48ee-b7b9-04e8ffbec31f,RiskName_3029572,Risks,Risks,Risk.RiskControl,,,,Pending,Pending,Pending,075069de-c608-4765-9775-c7fe426932f7,Default Control Workflow,PENDING,PENDING,https://Control/Control/85b81f43-7b0a-425f-9fab-8890983bdbc4,Europe/Skopje,b99df4a4-2bf5-4c08-9483-bd636470bc11,OTAuto02,b99df4a4-2bf5-4c08-9483-bd636470bc11
Access Control,9d844594-0f5a-41ba-96cd-7284e342e66c,Access Control,automated_controlName_3029572,4b3c85d9-f93a-42eb-98c5-0590eb368dea,automated_controlName_3029572,Active,Active,Active,,,,,,,,,,,FedRAMP,8e029b33-7408-4620-a7c3-5053edfbf15b,FedRAMP,85b81f43-7b0a-425f-9fab-8890983bdbc4,automated_controlID_3029572,automated_controlid_30295,2026-04-05T21:27:35.000+00:00,2026-04-05,2026,April,04,Quarter 2,4b3c85d9-f93a-42eb-98c5-0590eb368dea,,,,,2564,,,,RiskName_3029572,d9abd16e-5df1-48ee-b7b9-04e8ffbec31f,RiskName_3029572,Risks,Risks,Risk.RiskControl,,,,Pending,Pending,Pending,075069de-c608-4765-9775-c7fe426932f7,Default Control Workflow,PENDING,PENDING,https://Control/Control/85b81f43-7b0a-425f-9fab-8890983bdbc4,America/Guayaquil,b99df4a4-2bf5-4c08-9483-bd636470bc11,OTAuto02,b99df4a4-2bf5-4c08-9483-bd636470bc11
Access Control,9d844594-0f5a-41ba-96cd-7284e342e66c,Access Control,automated_controlName_3029572,4b3c85d9-f93a-42eb-98c5-0590eb368dea,automated_controlName_3029572,Active,Active,Active,,,,,,,,,,,FedRAMP,8e029b33-7408-4620-a7c3-5053edfbf15b,FedRAMP,85b81f43-7b0a-425f-9fab-8890983bdbc4,automated_controlID_3029572,automated_controlid_30295,2026-04-06T14:27:35.000+00:00,2026-04-06,2026,April,04,Quarter 2,4b3c85d9-f93a-42eb-98c5-0590eb368dea,,,,,2564,,,,RiskName_3029572,d9abd16e-5df1-48ee-b7b9-04e8ffbec31f,RiskName_3029572,Risks,Risks,Risk.RiskControl,,,,Pending,Pending,Pending,075069de-c608-4765-9775-c7fe426932f7,Default Control Workflow,PENDING,PENDING,https://Control/Control/85b81f43-7b0a-425f-9fab-8890983bdbc4,Pacific/Kwajalein,b99df4a4-2bf5-4c08-9483-bd636470bc11,OTAuto02,b99df4a4-2bf5-4c08-9483-bd636470bc11
Access Control,9d844594-0f5a-41ba-96cd-7284e342e66c,Access Control,automated_controlName_3029572,4b3c85d9-f93a-42eb-98c5-0590eb368dea,automated_controlName_3029572,Active,Active,Active,,,,,,,,,,,FedRAMP,8e029b33-7408-4620-a7c3-5053edfbf15b,FedRAMP,85b81f43-7b0a-425f-9fab-8890983bdbc4,automated_controlID_3029572,automated_controlid_30295,2026-04-05T19:27:35.000+00:00,2026-04-05,2026,April,04,Quarter 2,4b3c85d9-f93a-42eb-98c5-0590eb368dea,,,,,2564,,,,RiskName_3029572,d9abd16e-5df1-48ee-b7b9-04e8ffbec31f,RiskName_3029572,Risks,Risks,Risk.RiskControl,,,,Pending,Pending,Pending,075069de-c608-4765-9775-c7fe426932f7,Default Control Workflow,PENDING,PENDING,https://Control/Control/85b81f43-7b0a-425f-9fab-8890983bdbc4,America/Tijuana,b99df4a4-2bf5-4c08-9483-bd636470bc11,OTAuto02,b99df4a4-2bf5-4c08-9483-bd636470bc11
Access Control,9d844594-0f5a-41ba-96cd-7284e342e66c,Access Control,automated_controlName_3029572,4b3c85d9-f93a-42eb-98c5-0590eb368dea,automated_controlName_3029572,Active,Active,Active,,,,,,,,,,,FedRAMP,8e029b33-7408-4620-a7c3-5053edfbf15b,FedRAMP,85b81f43-7b0a-425f-9fab-8890983bdbc4,automated_controlID_3029572,automated_controlid_30295,2026-04-06T04:27:35.000+00:00,2026-04-06,2026,April,04,Quarter 2,4b3c85d9-f93a-42eb-98c5-0590eb368dea,,,,,2564,,,,RiskName_3029572,d9abd16e-5df1-48ee-b7b9-04e8ffbec31f,RiskName_3029572,Risks,Risks,Risk.RiskControl,,,,Pending,Pending,Pending,075069de-c608-4765-9775-c7fe426932f7,Default Control Workflow,PENDING,PENDING,https://Control/Control/85b81f43-7b0a-425f-9fab-8890983bdbc4,Europe/Ljubljana,b99df4a4-2bf5-4c08-9483-bd636470bc11,OTAuto02,b99df4a4-2bf5-4c08-9483-bd636470bc11
Access Control,9d844594-0f5a-41ba-96cd-7284e342e66c,Access Control,automated_controlName_3029572,4b3c85d9-f93a-42eb-98c5-0590eb368dea,automated_controlName_3029572,Active,Active,Active,,,,,,,,,,,FedRAMP,8e029b33-7408-4620-a7c3-5053edfbf15b,FedRAMP,85b81f43-7b0a-425f-9fab-8890983bdbc4,automated_controlID_3029572,automated_controlid_30295,2026-04-05T20:27:35.000+00:00,2026-04-05,2026,April,04,Quarter 2,4b3c85d9-f93a-42eb-98c5-0590eb368dea,,,,,2564,,,,RiskName_3029572,d9abd16e-5df1-48ee-b7b9-04e8ffbec31f,RiskName_3029572,Risks,Risks,Risk.RiskControl,,,,Pending,Pending,Pending,075069de-c608-4765-9775-c7fe426932f7,Default Control Workflow,PENDING,PENDING,https://Control/Control/85b81f43-7b0a-425f-9fab-8890983bdbc4,Chile/EasterIsland,b99df4a4-2bf5-4c08-9483-bd636470bc11,OTAuto02,b99df4a4-2bf5-4c08-9483-bd636470bc11
Access Control,9d844594-0f5a-41ba-96cd-7284e342e66c,Access Control,automated_controlName_3029572,4b3c85d9-f93a-42eb-98c5-0590eb368dea,automated_controlName_3029572,Active,Active,Active,,,,,,,,,,,FedRAMP,8e029b33-7408-4620-a7c3-5053edfbf15b,FedRAMP,85b81f43-7b0a-425f-9fab-8890983bdbc4,automated_controlID_3029572,automated_controlid_30295,2026-04-06T16:27:35.000+00:00,2026-04-06,2026,April,04,Quarter 2,4b3c85d9-f93a-42eb-98c5-0590eb368dea,,,,,2564,,,,RiskName_3029572,d9abd16e-5df1-48ee-b7b9-04e8ffbec31f,RiskName_3029572,Risks,Risks,Risk.RiskControl,,,,Pending,Pending,Pending,075069de-c608-4765-9775-c7fe426932f7,Default Control Workflow,PENDING,PENDING,https://Control/Control/85b81f43-7b0a-425f-9fab-8890983bdbc4,Etc/GMT-14,b99df4a4-2bf5-4c08-9483-bd636470bc11,OTAuto02,b99df4a4-2bf5-4c08-9483-bd636470bc11
Access Control,9d844594-0f5a-41ba-96cd-7284e342e66c,Access Control,automated_controlName_3029572,4b3c85d9-f93a-42eb-98c5-0590eb368dea,automated_controlName_3029572,Active,Active,Active,,,,,,,,,,,FedRAMP,8e029b33-7408-4620-a7c3-5053edfbf15b,FedRAMP,85b81f43-7b0a-425f-9fab-8890983bdbc4,automated_controlID_3029572,automated_controlid_30295,2026-04-06T10:27:35.000+00:00,2026-04-06,2026,April,04,Quarter 2,4b3c85d9-f93a-42eb-98c5-0590eb368dea,,,,,2564,,,,RiskName_3029572,d9abd16e-5df1-48ee-b7b9-04e8ffbec31f,RiskName_3029572,Risks,Risks,Risk.RiskControl,,,,Pending,Pending,Pending,075069de-c608-4765-9775-c7fe426932f7,Default Control Workflow,PENDING,PENDING,https://Control/Control/85b81f43-7b0a-425f-9fab-8890983bdbc4,Asia/Macao,b99df4a4-2bf5-4c08-9483-bd636470bc11,OTAuto02,b99df4a4-2bf5-4c08-9483-bd636470bc11
Access Control,9d844594-0f5a-41ba-96cd-7284e342e66c,Access Control,automated_controlName_3029572,4b3c85d9-f93a-42eb-98c5-0590eb368dea,automated_controlName_3029572,Active,Active,Active,,,,,,,,,,,FedRAMP,8e029b33-7408-4620-a7c3-5053edfbf15b,FedRAMP,85b81f43-7b0a-425f-9fab-8890983bdbc4,automated_controlID_3029572,automated_controlid_30295,2026-04-06T02:27:35.000+00:00,2026-04-06,2026,April,04,Quarter 2,4b3c85d9-f93a-42eb-98c5-0590eb368dea,,,,,2564,,,,RiskName_3029572,d9abd16e-5df1-48ee-b7b9-04e8ffbec31f,RiskName_3029572,Risks,Risks,Risk.RiskControl,,,,Pending,Pending,Pending,075069de-c608-4765-9775-c7fe426932f7,Default Control Workflow,PENDING,PENDING,https://Control/Control/85b81f43-7b0a-425f-9fab-8890983bdbc4,Atlantic/Azores,b99df4a4-2bf5-4c08-9483-bd636470bc11,OTAuto02,b99df4a4-2bf5-4c08-9483-bd636470bc11
Access Control,9d844594-0f5a-41ba-96cd-7284e342e66c,Access Control,automated_controlName_3029572,4b3c85d9-f93a-42eb-98c5-0590eb368dea,automated_controlName_3029572,Active,Active,Active,,,,,,,,,,,FedRAMP,8e029b33-7408-4620-a7c3-5053edfbf15b,FedRAMP,85b81f43-7b0a-425f-9fab-8890983bdbc4,automated_controlID_3029572,automated_controlid_30295,2026-04-05T22:27:35.000+00:00,2026-04-05,2026,April,04,Quarter 2,4b3c85d9-f93a-42eb-98c5-0590eb368dea,,,,,2564,,,,RiskName_3029572,d9abd16e-5df1-48ee-b7b9-04e8ffbec31f,RiskName_3029572,Risks,Risks,Risk.RiskControl,,,,Pending,Pending,Pending,075069de-c608-4765-9775-c7fe426932f7,Default Control Workflow,PENDING,PENDING,https://Control/Control/85b81f43-7b0a-425f-9fab-8890983bdbc4,America/Lower_Princes,b99df4a4-2bf5-4c08-9483-bd636470bc11,OTAuto02,b99df4a4-2bf5-4c08-9483-bd636470bc11
Access Control,9d844594-0f5a-41ba-96cd-7284e342e66c,Access Control,automated_controlName_3029572,4b3c85d9-f93a-42eb-98c5-0590eb368dea,automated_controlName_3029572,Active,Active,Active,,,,,,,,,,,FedRAMP,8e029b33-7408-4620-a7c3-5053edfbf15b,FedRAMP,85b81f43-7b0a-425f-9fab-8890983bdbc4,automated_controlID_3029572,automated_controlid_30295,2026-04-05T21:27:35.000+00:00,2026-04-05,2026,April,04,Quarter 2,4b3c85d9-f93a-42eb-98c5-0590eb368dea,,,,,2564,,,,RiskName_3029572,d9abd16e-5df1-48ee-b7b9-04e8ffbec31f,RiskName_3029572,Risks,Risks,Risk.RiskControl,,,,Pending,Pending,Pending,075069de-c608-4765-9775-c7fe426932f7,Default Control Workflow,PENDING,PENDING,https://Control/Control/85b81f43-7b0a-425f-9fab-8890983bdbc4,America/Ojinaga,b99df4a4-2bf5-4c08-9483-bd636470bc11,OTAuto02,b99df4a4-2bf5-4c08-9483-bd636470bc11
Access Control,9d844594-0f5a-41ba-96cd-7284e342e66c,Access Control,automated_controlName_3029572,4b3c85d9-f93a-42eb-98c5-0590eb368dea,automated_controlName_3029572,Active,Active,Active,,,,,,,,,,,FedRAMP,8e029b33-7408-4620-a7c3-5053edfbf15b,FedRAMP,85b81f43-7b0a-425f-9fab-8890983bdbc4,automated_controlID_3029572,automated_controlid_30295,2026-04-05T22:27:35.000+00:00,2026-04-05,2026,April,04,Quarter 2,4b3c85d9-f93a-42eb-98c5-0590eb368dea,,,,,2564,,,,RiskName_3029572,d9abd16e-5df1-48ee-b7b9-04e8ffbec31f,RiskName_3029572,Risks,Risks,Risk.RiskControl,,,,Pending,Pending,Pending,075069de-c608-4765-9775-c7fe426932f7,Default Control Workflow,PENDING,PENDING,https://Control/Control/85b81f43-7b0a-425f-9fab-8890983bdbc4,America/Louisville,b99df4a4-2bf5-4c08-9483-bd636470bc11,OTAuto02,b99df4a4-2bf5-4c08-9483-bd636470bc11
Access Control,9d844594-0f5a-41ba-96cd-7284e342e66c,Access Control,automated_controlName_3029572,4b3c85d9-f93a-42eb-98c5-0590eb368dea,automated_controlName_3029572,Active,Active,Active,,,,,,,,,,,FedRAMP,8e029b33-7408-4620-a7c3-5053edfbf15b,FedRAMP,85b81f43-7b0a-425f-9fab-8890983bdbc4,automated_controlID_3029572,automated_controlid_30295,2026-04-05T22:27:35.000+00:00,2026-04-05,2026,April,04,Quarter 2,4b3c85d9-f93a-42eb-98c5-0590eb368dea,,,,,2564,,,,RiskName_3029572,d9abd16e-5df1-48ee-b7b9-04e8ffbec31f,RiskName_3029572,Risks,Risks,Risk.RiskControl,,,,Pending,Pending,Pending,075069de-c608-4765-9775-c7fe426932f7,Default Control Workflow,PENDING,PENDING,https://Control/Control/85b81f43-7b0a-425f-9fab-8890983bdbc4,America/Fort_Wayne,b99df4a4-2bf5-4c08-9483-bd636470bc11,OTAuto02,b99df4a4-2bf5-4c08-9483-bd636470bc11
Access Control,9d844594-0f5a-41ba-96cd-7284e342e66c,Access Control,automated_controlName_3029572,4b3c85d9-f93a-42eb-98c5-0590eb368dea,automated_controlName_3029572,Active,Active,Active,,,,,,,,,,,FedRAMP,8e029b33-7408-4620-a7c3-5053edfbf15b,FedRAMP,85b81f43-7b0a-425f-9fab-8890983bdbc4,automated_controlID_3029572,automated_controlid_30295,2026-04-06T10:27:35.000+00:00,2026-04-06,2026,April,04,Quarter 2,4b3c85d9-f93a-42eb-98c5-0590eb368dea,,,,,2564,,,,RiskName_3029572,d9abd16e-5df1-48ee-b7b9-04e8ffbec31f,RiskName_3029572,Risks,Risks,Risk.RiskControl,,,,Pending,Pending,Pending,075069de-c608-4765-9775-c7fe426932f7,Default Control Workflow,PENDING,PENDING,https://Control/Control/85b81f43-7b0a-425f-9fab-8890983bdbc4,Asia/Makassar,b99df4a4-2bf5-4c08-9483-bd636470bc11,OTAuto02,b99df4a4-2bf5-4c08-9483-bd636470bc11
Access Control,9d844594-0f5a-41ba-96cd-7284e342e66c,Access Control,automated_controlName_3029572,4b3c85d9-f93a-42eb-98c5-0590eb368dea,automated_controlName_3029572,Active,Active,Active,,,,,,,,,,,FedRAMP,8e029b33-7408-4620-a7c3-5053edfbf15b,FedRAMP,85b81f43-7b0a-425f-9fab-8890983bdbc4,automated_controlID_3029572,automated_controlid_30295,2026-04-06T07:27:35.000+00:00,2026-04-06,2026,April,04,Quarter 2,4b3c85d9-f93a-42eb-98c5-0590eb368dea,,,,,2564,,,,RiskName_3029572,d9abd16e-5df1-48ee-b7b9-04e8ffbec31f,RiskName_3029572,Risks,Risks,Risk.RiskControl,,,,Pending,Pending,Pending,075069de-c608-4765-9775-c7fe426932f7,Default Control Workflow,PENDING,PENDING,https://Control/Control/85b81f43-7b0a-425f-9fab-8890983bdbc4,Asia/Dushanbe,b99df4a4-2bf5-4c08-9483-bd636470bc11,OTAuto02,b99df4a4-2bf5-4c08-9483-bd636470bc11
Access Control,9d844594-0f5a-41ba-96cd-7284e342e66c,Access Control,automated_controlName_3029572,4b3c85d9-f93a-42eb-98c5-0590eb368dea,automated_controlName_3029572,Active,Active,Active,,,,,,,,,,,FedRAMP,8e029b33-7408-4620-a7c3-5053edfbf15b,FedRAMP,85b81f43-7b0a-425f-9fab-8890983bdbc4,automated_controlID_3029572,automated_controlid_30295,2026-04-06T14:27:35.000+00:00,2026-04-06,2026,April,04,Quarter 2,4b3c85d9-f93a-42eb-98c5-0590eb368dea,,,,,2564,,,,RiskName_3029572,d9abd16e-5df1-48ee-b7b9-04e8ffbec31f,RiskName_3029572,Risks,Risks,Risk.RiskControl,,,,Pending,Pending,Pending,075069de-c608-4765-9775-c7fe426932f7,Default Control Workflow,PENDING,PENDING,https://Control/Control/85b81f43-7b0a-425f-9fab-8890983bdbc4,Asia/Anadyr,b99df4a4-2bf5-4c08-9483-bd636470bc11,OTAuto02,b99df4a4-2bf5-4c08-9483-bd636470bc11
Access Control,9d844594-0f5a-41ba-96cd-7284e342e66c,Access Control,automated_controlName_3029572,4b3c85d9-f93a-42eb-98c5-0590eb368dea,automated_controlName_3029572,Active,Active,Active,,,,,,,,,,,FedRAMP,8e029b33-7408-4620-a7c3-5053edfbf15b,FedRAMP,85b81f43-7b0a-425f-9fab-8890983bdbc4,automated_controlID_3029572,automated_controlid_30295,2026-04-06T11:27:35.000+00:00,2026-04-06,2026,April,04,Quarter 2,4b3c85d9-f93a-42eb-98c5-0590eb368dea,,,,,2564,,,,RiskName_3029572,d9abd16e-5df1-48ee-b7b9-04e8ffbec31f,RiskName_3029572,Risks,Risks,Risk.RiskControl,,,,Pending,Pending,Pending,075069de-c608-4765-9775-c7fe426932f7,Default Control Workflow,PENDING,PENDING,https://Control/Control/85b81f43-7b0a-425f-9fab-8890983bdbc4,ROK,b99df4a4-2bf5-4c08-9483-bd636470bc11,OTAuto02,b99df4a4-2bf5-4c08-9483-bd636470bc11
Access Control,9d844594-0f5a-41ba-96cd-7284e342e66c,Access Control,automated_controlName_3029572,4b3c85d9-f93a-42eb-98c5-0590eb368dea,automated_controlName_3029572,Active,Active,Active,,,,,,,,,,,FedRAMP,8e029b33-7408-4620-a7c3-5053edfbf15b,FedRAMP,85b81f43-7b0a-425f-9fab-8890983bdbc4,automated_controlID_3029572,automated_controlid_30295,2026-04-05T22:27:35.000+00:00,2026-04-05,2026,April,04,Quarter 2,4b3c85d9-f93a-42eb-98c5-0590eb368dea,,,,,2564,,,,RiskName_3029572,d9abd16e-5df1-48ee-b7b9-04e8ffbec31f,RiskName_3029572,Risks,Risks,Risk.RiskControl,,,,Pending,Pending,Pending,075069de-c608-4765-9775-c7fe426932f7,Default Control Workflow,PENDING,PENDING,https://Control/Control/85b81f43-7b0a-425f-9fab-8890983bdbc4,America/Anguilla,b99df4a4-2bf5-4c08-9483-bd636470bc11,OTAuto02,b99df4a4-2bf5-4c08-9483-bd636470bc11
Access Control,9d844594-0f5a-41ba-96cd-7284e342e66c,Access Control,automated_controlName_3029572,4b3c85d9-f93a-42eb-98c5-0590eb368dea,automated_controlName_3029572,Active,Active,Active,,,,,,,,,,,FedRAMP,8e029b33-7408-4620-a7c3-5053edfbf15b,FedRAMP,85b81f43-7b0a-425f-9fab-8890983bdbc4,automated_controlID_3029572,automated_controlid_30295,2026-04-06T04:27:35.000+00:00,2026-04-06,2026,April,04,Quarter 2,4b3c85d9-f93a-42eb-98c5-0590eb368dea,,,,,2564,,,,RiskName_3029572,d9abd16e-5df1-48ee-b7b9-04e8ffbec31f,RiskName_3029572,Risks,Risks,Risk.RiskControl,,,,Pending,Pending,Pending,075069de-c608-4765-9775-c7fe426932f7,Default Control Workflow,PENDING,PENDING,https://Control/Control/85b81f43-7b0a-425f-9fab-8890983bdbc4,Europe/Bratislava,b99df4a4-2bf5-4c08-9483-bd636470bc11,OTAuto02,b99df4a4-2bf5-4c08-9483-bd636470bc11
Access Control,9d844594-0f5a-41ba-96cd-7284e342e66c,Access Control,automated_controlName_3029572,4b3c85d9-f93a-42eb-98c5-0590eb368dea,automated_controlName_3029572,Active,Active,Active,,,,,,,,,,,FedRAMP,8e029b33-7408-4620-a7c3-5053edfbf15b,FedRAMP,85b81f43-7b0a-425f-9fab-8890983bdbc4,automated_controlID_3029572,automated_controlid_30295,2026-04-06T11:57:35.000+00:00,2026-04-06,2026,April,04,Quarter 2,4b3c85d9-f93a-42eb-98c5-0590eb368dea,,,,,2564,,,,RiskName_3029572,d9abd16e-5df1-48ee-b7b9-04e8ffbec31f,RiskName_3029572,Risks,Risks,Risk.RiskControl,,,,Pending,Pending,Pending,075069de-c608-4765-9775-c7fe426932f7,Default Control Workflow,PENDING,PENDING,https://Control/Control/85b81f43-7b0a-425f-9fab-8890983bdbc4,Australia/Broken_Hill,b99df4a4-2bf5-4c08-9483-bd636470bc11,OTAuto02,b99df4a4-2bf5-4c08-9483-bd636470bc11
Access Control,9d844594-0f5a-41ba-96cd-7284e342e66c,Access Control,automated_controlName_3029572,4b3c85d9-f93a-42eb-98c5-0590eb368dea,automated_controlName_3029572,Active,Active,Active,,,,,,,,,,,FedRAMP,8e029b33-7408-4620-a7c3-5053edfbf15b,FedRAMP,85b81f43-7b0a-425f-9fab-8890983bdbc4,automated_controlID_3029572,automated_controlid_30295,2026-04-05T15:27:35.000+00:00,2026-04-05,2026,April,04,Quarter 2,4b3c85d9-f93a-42eb-98c5-0590eb368dea,,,,,2564,,,,RiskName_3029572,d9abd16e-5df1-48ee-b7b9-04e8ffbec31f,RiskName_3029572,Risks,Risks,Risk.RiskControl,,,,Pending,Pending,Pending,075069de-c608-4765-9775-c7fe426932f7,Default Control Workflow,PENDING,PENDING,https://Control/Control/85b81f43-7b0a-425f-9fab-8890983bdbc4,Pacific/Niue,b99df4a4-2bf5-4c08-9483-bd636470bc11,OTAuto02,b99df4a4-2bf5-4c08-9483-bd636470bc11
Access Control,9d844594-0f5a-41ba-96cd-7284e342e66c,Access Control,automated_controlName_3029572,4b3c85d9-f93a-42eb-98c5-0590eb368dea,automated_controlName_3029572,Active,Active,Active,,,,,,,,,,,FedRAMP,8e029b33-7408-4620-a7c3-5053edfbf15b,FedRAMP,85b81f43-7b0a-425f-9fab-8890983bdbc4,automated_controlID_3029572,automated_controlid_30295,2026-04-05T22:27:35.000+00:00,2026-04-05,2026,April,04,Quarter 2,4b3c85d9-f93a-42eb-98c5-0590eb368dea,,,,,2564,,,,RiskName_3029572,d9abd16e-5df1-48ee-b7b9-04e8ffbec31f,RiskName_3029572,Risks,Risks,Risk.RiskControl,,,,Pending,Pending,Pending,075069de-c608-4765-9775-c7fe426932f7,Default Control Workflow,PENDING,PENDING,https://Control/Control/85b81f43-7b0a-425f-9fab-8890983bdbc4,America/Pangnirtung,b99df4a4-2bf5-4c08-9483-bd636470bc11,OTAuto02,b99df4a4-2bf5-4c08-9483-bd636470bc11
Access Control,9d844594-0f5a-41ba-96cd-7284e342e66c,Access Control,automated_controlName_3029572,4b3c85d9-f93a-42eb-98c5-0590eb368dea,automated_controlName_3029572,Active,Active,Active,,,,,,,,,,,FedRAMP,8e029b33-7408-4620-a7c3-5053edfbf15b,FedRAMP,85b81f43-7b0a-425f-9fab-8890983bdbc4,automated_controlID_3029572,automated_controlid_30295,2026-04-06T11:27:35.000+00:00,2026-04-06,2026,April,04,Quarter 2,4b3c85d9-f93a-42eb-98c5-0590eb368dea,,,,,2564,,,,RiskName_3029572,d9abd16e-5df1-48ee-b7b9-04e8ffbec31f,RiskName_3029572,Risks,Risks,Risk.RiskControl,,,,Pending,Pending,Pending,075069de-c608-4765-9775-c7fe426932f7,Default Control Workflow,PENDING,PENDING,https://Control/Control/85b81f43-7b0a-425f-9fab-8890983bdbc4,Asia/Seoul,b99df4a4-2bf5-4c08-9483-bd636470bc11,OTAuto02,b99df4a4-2bf5-4c08-9483-bd636470bc11
Access Control,9d844594-0f5a-41ba-96cd-7284e342e66c,Access Control,automated_controlName_3029572,4b3c85d9-f93a-42eb-98c5-0590eb368dea,automated_controlName_3029572,Active,Active,Active,,,,,,,,,,,FedRAMP,8e029b33-7408-4620-a7c3-5053edfbf15b,FedRAMP,85b81f43-7b0a-425f-9fab-8890983bdbc4,automated_controlID_3029572,automated_controlid_30295,2026-04-06T04:27:35.000+00:00,2026-04-06,2026,April,04,Quarter 2,4b3c85d9-f93a-42eb-98c5-0590eb368dea,,,,,2564,,,,RiskName_3029572,d9abd16e-5df1-48ee-b7b9-04e8ffbec31f,RiskName_3029572,Risks,Risks,Risk.RiskControl,,,,Pending,Pending,Pending,075069de-c608-4765-9775-c7fe426932f7,Default Control Workflow,PENDING,PENDING,https://Control/Control/85b81f43-7b0a-425f-9fab-8890983bdbc4,Europe/Berlin,b99df4a4-2bf5-4c08-9483-bd636470bc11,OTAuto02,b99df4a4-2bf5-4c08-9483-bd636470bc11
Access Control,9d844594-0f5a-41ba-96cd-7284e342e66c,Access Control,automated_controlName_3029572,4b3c85d9-f93a-42eb-98c5-0590eb368dea,automated_controlName_3029572,Active,Active,Active,,,,,,,,,,,FedRAMP,8e029b33-7408-4620-a7c3-5053edfbf15b,FedRAMP,85b81f43-7b0a-425f-9fab-8890983bdbc4,automated_controlID_3029572,automated_controlid_30295,2026-04-06T02:27:35.000+00:00,2026-04-06,2026,April,04,Quarter 2,4b3c85d9-f93a-42eb-98c5-0590eb368dea,,,,,2564,,,,RiskName_3029572,d9abd16e-5df1-48ee-b7b9-04e8ffbec31f,RiskName_3029572,Risks,Risks,Risk.RiskControl,,,,Pending,Pending,Pending,075069de-c608-4765-9775-c7fe426932f7,Default Control Workflow,PENDING,PENDING,https://Control/Control/85b81f43-7b0a-425f-9fab-8890983bdbc4,Atlantic/St_Helena,b99df4a4-2bf5-4c08-9483-bd636470bc11,OTAuto02,b99df4a4-2bf5-4c08-9483-bd636470bc11
Access Control,9d844594-0f5a-41ba-96cd-7284e342e66c,Access Control,automated_controlName_3029572,4b3c85d9-f93a-42eb-98c5-0590eb368dea,automated_controlName_3029572,Active,Active,Active,,,,,,,,,,,FedRAMP,8e029b33-7408-4620-a7c3-5053edfbf15b,FedRAMP,85b81f43-7b0a-425f-9fab-8890983bdbc4,automated_controlID_3029572,automated_controlid_30295,2026-04-06T04:27:35.000+00:00,2026-04-06,2026,April,04,Quarter 2,4b3c85d9-f93a-42eb-98c5-0590eb368dea,,,,,2564,,,,RiskName_3029572,d9abd16e-5df1-48ee-b7b9-04e8ffbec31f,RiskName_3029572,Risks,Risks,Risk.RiskControl,,,,Pending,Pending,Pending,075069de-c608-4765-9775-c7fe426932f7,Default Control Workflow,PENDING,PENDING,https://Control/Control/85b81f43-7b0a-425f-9fab-8890983bdbc4,Europe/Brussels,b99df4a4-2bf5-4c08-9483-bd636470bc11,OTAuto02,b99df4a4-2bf5-4c08-9483-bd636470bc11
Access Control,9d844594-0f5a-41ba-96cd-7284e342e66c,Access Control,automated_controlName_3029572,4b3c85d9-f93a-42eb-98c5-0590eb368dea,automated_controlName_3029572,Active,Active,Active,,,,,,,,,,,FedRAMP,8e029b33-7408-4620-a7c3-5053edfbf15b,FedRAMP,85b81f43-7b0a-425f-9fab-8890983bdbc4,automated_controlID_3029572,automated_controlid_30295,2026-04-05T19:27:35.000+00:00,2026-04-05,2026,April,04,Quarter 2,4b3c85d9-f93a-42eb-98c5-0590eb368dea,,,,,2564,,,,RiskName_3029572,d9abd16e-5df1-48ee-b7b9-04e8ffbec31f,RiskName_3029572,Risks,Risks,Risk.RiskControl,,,,Pending,Pending,Pending,075069de-c608-4765-9775-c7fe426932f7,Default Control Workflow,PENDING,PENDING,https://Control/Control/85b81f43-7b0a-425f-9fab-8890983bdbc4,America/Hermosillo,b99df4a4-2bf5-4c08-9483-bd636470bc11,OTAuto02,b99df4a4-2bf5-4c08-9483-bd636470bc11
Access Control,9d844594-0f5a-41ba-96cd-7284e342e66c,Access Control,automated_controlName_3029572,4b3c85d9-f93a-42eb-98c5-0590eb368dea,automated_controlName_3029572,Active,Active,Active,,,,,,,,,,,FedRAMP,8e029b33-7408-4620-a7c3-5053edfbf15b,FedRAMP,85b81f43-7b0a-425f-9fab-8890983bdbc4,automated_controlID_3029572,automated_controlid_30295,2026-04-05T16:27:35.000+00:00,2026-04-05,2026,April,04,Quarter 2,4b3c85d9-f93a-42eb-98c5-0590eb368dea,,,,,2564,,,,RiskName_3029572,d9abd16e-5df1-48ee-b7b9-04e8ffbec31f,RiskName_3029572,Risks,Risks,Risk.RiskControl,,,,Pending,Pending,Pending,075069de-c608-4765-9775-c7fe426932f7,Default Control Workflow,PENDING,PENDING,https://Control/Control/85b81f43-7b0a-425f-9fab-8890983bdbc4,US/Hawaii,b99df4a4-2bf5-4c08-9483-bd636470bc11,OTAuto02,b99df4a4-2bf5-4c08-9483-bd636470bc11
Access Control,9d844594-0f5a-41ba-96cd-7284e342e66c,Access Control,automated_controlName_3029572,4b3c85d9-f93a-42eb-98c5-0590eb368dea,automated_controlName_3029572,Active,Active,Active,,,,,,,,,,,FedRAMP,8e029b33-7408-4620-a7c3-5053edfbf15b,FedRAMP,85b81f43-7b0a-425f-9fab-8890983bdbc4,automated_controlID_3029572,automated_controlid_30295,2026-04-06T05:27:35.000+00:00,2026-04-06,2026,April,04,Quarter 2,4b3c85d9-f93a-42eb-98c5-0590eb368dea,,,,,2564,,,,RiskName_3029572,d9abd16e-5df1-48ee-b7b9-04e8ffbec31f,RiskName_3029572,Risks,Risks,Risk.RiskControl,,,,Pending,Pending,Pending,075069de-c608-4765-9775-c7fe426932f7,Default Control Workflow,PENDING,PENDING,https://Control/Control/85b81f43-7b0a-425f-9fab-8890983bdbc4,Europe/Chisinau,b99df4a4-2bf5-4c08-9483-bd636470bc11,OTAuto02,b99df4a4-2bf5-4c08-9483-bd636470bc11
Access Control,9d844594-0f5a-41ba-96cd-7284e342e66c,Access Control,automated_controlName_3029572,4b3c85d9-f93a-42eb-98c5-0590eb368dea,automated_controlName_3029572,Active,Active,Active,,,,,,,,,,,FedRAMP,8e029b33-7408-4620-a7c3-5053edfbf15b,FedRAMP,85b81f43-7b0a-425f-9fab-8890983bdbc4,automated_controlID_3029572,automated_controlid_30295,2026-04-06T12:57:35.000+00:00,2026-04-06,2026,April,04,Quarter 2,4b3c85d9-f93a-42eb-98c5-0590eb368dea,,,,,2564,,,,RiskName_3029572,d9abd16e-5df1-48ee-b7b9-04e8ffbec31f,RiskName_3029572,Risks,Risks,Risk.RiskControl,,,,Pending,Pending,Pending,075069de-c608-4765-9775-c7fe426932f7,Default Control Workflow,PENDING,PENDING,https://Control/Control/85b81f43-7b0a-425f-9fab-8890983bdbc4,Australia/LHI,b99df4a4-2bf5-4c08-9483-bd636470bc11,OTAuto02,b99df4a4-2bf5-4c08-9483-bd636470bc11
Access Control,9d844594-0f5a-41ba-96cd-7284e342e66c,Access Control,automated_controlName_3029572,4b3c85d9-f93a-42eb-98c5-0590eb368dea,automated_controlName_3029572,Active,Active,Active,,,,,,,,,,,FedRAMP,8e029b33-7408-4620-a7c3-5053edfbf15b,FedRAMP,85b81f43-7b0a-425f-9fab-8890983bdbc4,automated_controlID_3029572,automated_controlid_30295,2026-04-05T20:27:35.000+00:00,2026-04-05,2026,April,04,Quarter 2,4b3c85d9-f93a-42eb-98c5-0590eb368dea,,,,,2564,,,,RiskName_3029572,d9abd16e-5df1-48ee-b7b9-04e8ffbec31f,RiskName_3029572,Risks,Risks,Risk.RiskControl,,,,Pending,Pending,Pending,075069de-c608-4765-9775-c7fe426932f7,Default Control Workflow,PENDING,PENDING,https://Control/Control/85b81f43-7b0a-425f-9fab-8890983bdbc4,America/Merida,b99df4a4-2bf5-4c08-9483-bd636470bc11,OTAuto02,b99df4a4-2bf5-4c08-9483-bd636470bc11
Access Control,9d844594-0f5a-41ba-96cd-7284e342e66c,Access Control,automated_controlName_3029572,4b3c85d9-f93a-42eb-98c5-0590eb368dea,automated_controlName_3029572,Active,Active,Active,,,,,,,,,,,FedRAMP,8e029b33-7408-4620-a7c3-5053edfbf15b,FedRAMP,85b81f43-7b0a-425f-9fab-8890983bdbc4,automated_controlID_3029572,automated_controlid_30295,2026-04-06T07:27:35.000+00:00,2026-04-06,2026,April,04,Quarter 2,4b3c85d9-f93a-42eb-98c5-0590eb368dea,,,,,2564,,,,RiskName_3029572,d9abd16e-5df1-48ee-b7b9-04e8ffbec31f,RiskName_3029572,Risks,Risks,Risk.RiskControl,,,,Pending,Pending,Pending,075069de-c608-4765-9775-c7fe426932f7,Default Control Workflow,PENDING,PENDING,https://Control/Control/85b81f43-7b0a-425f-9fab-8890983bdbc4,Asia/Qostanay,b99df4a4-2bf5-4c08-9483-bd636470bc11,OTAuto02,b99df4a4-2bf5-4c08-9483-bd636470bc11
Access Control,9d844594-0f5a-41ba-96cd-7284e342e66c,Access Control,automated_controlName_3029572,4b3c85d9-f93a-42eb-98c5-0590eb368dea,automated_controlName_3029572,Active,Active,Active,,,,,,,,,,,FedRAMP,8e029b33-7408-4620-a7c3-5053edfbf15b,FedRAMP,85b81f43-7b0a-425f-9fab-8890983bdbc4,automated_controlID_3029572,automated_controlid_30295,2026-04-06T03:27:35.000+00:00,2026-04-06,2026,April,04,Quarter 2,4b3c85d9-f93a-42eb-98c5-0590eb368dea,,,,,2564,,,,RiskName_3029572,d9abd16e-5df1-48ee-b7b9-04e8ffbec31f,RiskName_3029572,Risks,Risks,Risk.RiskControl,,,,Pending,Pending,Pending,075069de-c608-4765-9775-c7fe426932f7,Default Control Workflow,PENDING,PENDING,https://Control/Control/85b81f43-7b0a-425f-9fab-8890983bdbc4,Africa/Casablanca,b99df4a4-2bf5-4c08-9483-bd636470bc11,OTAuto02,b99df4a4-2bf5-4c08-9483-bd636470bc11
Access Control,9d844594-0f5a-41ba-96cd-7284e342e66c,Access Control,automated_controlName_3029572,4b3c85d9-f93a-42eb-98c5-0590eb368dea,automated_controlName_3029572,Active,Active,Active,,,,,,,,,,,FedRAMP,8e029b33-7408-4620-a7c3-5053edfbf15b,FedRAMP,85b81f43-7b0a-425f-9fab-8890983bdbc4,automated_controlID_3029572,automated_controlid_30295,2026-04-06T05:57:35.000+00:00,2026-04-06,2026,April,04,Quarter 2,4b3c85d9-f93a-42eb-98c5-0590eb368dea,,,,,2564,,,,RiskName_3029572,d9abd16e-5df1-48ee-b7b9-04e8ffbec31f,RiskName_3029572,Risks,Risks,Risk.RiskControl,,,,Pending,Pending,Pending,075069de-c608-4765-9775-c7fe426932f7,Default Control Workflow,PENDING,PENDING,https://Control/Control/85b81f43-7b0a-425f-9fab-8890983bdbc4,Iran,b99df4a4-2bf5-4c08-9483-bd636470bc11,OTAuto02,b99df4a4-2bf5-4c08-9483-bd636470bc11
Access Control,9d844594-0f5a-41ba-96cd-7284e342e66c,Access Control,automated_controlName_3029572,4b3c85d9-f93a-42eb-98c5-0590eb368dea,automated_controlName_3029572,Active,Active,Active,,,,,,,,,,,FedRAMP,8e029b33-7408-4620-a7c3-5053edfbf15b,FedRAMP,85b81f43-7b0a-425f-9fab-8890983bdbc4,automated_controlID_3029572,automated_controlid_30295,2026-04-06T03:27:35.000+00:00,2026-04-06,2026,April,04,Quarter 2,4b3c85d9-f93a-42eb-98c5-0590eb368dea,,,,,2564,,,,RiskName_3029572,d9abd16e-5df1-48ee-b7b9-04e8ffbec31f,RiskName_3029572,Risks,Risks,Risk.RiskControl,,,,Pending,Pending,Pending,075069de-c608-4765-9775-c7fe426932f7,Default Control Workflow,PENDING,PENDING,https://Control/Control/85b81f43-7b0a-425f-9fab-8890983bdbc4,Atlantic/Faeroe,b99df4a4-2bf5-4c08-9483-bd636470bc11,OTAuto02,b99df4a4-2bf5-4c08-9483-bd636470bc11
Access Control,9d844594-0f5a-41ba-96cd-7284e342e66c,Access Control,automated_controlName_3029572,4b3c85d9-f93a-42eb-98c5-0590eb368dea,automated_controlName_3029572,Active,Active,Active,,,,,,,,,,,FedRAMP,8e029b33-7408-4620-a7c3-5053edfbf15b,FedRAMP,85b81f43-7b0a-425f-9fab-8890983bdbc4,automated_controlID_3029572,automated_controlid_30295,2026-04-06T04:27:35.000+00:00,2026-04-06,2026,April,04,Quarter 2,4b3c85d9-f93a-42eb-98c5-0590eb368dea,,,,,2564,,,,RiskName_3029572,d9abd16e-5df1-48ee-b7b9-04e8ffbec31f,RiskName_3029572,Risks,Risks,Risk.RiskControl,,,,Pending,Pending,Pending,075069de-c608-4765-9775-c7fe426932f7,Default Control Workflow,PENDING,PENDING,https://Control/Control/85b81f43-7b0a-425f-9fab-8890983bdbc4,Antarctica/Troll,b99df4a4-2bf5-4c08-9483-bd636470bc11,OTAuto02,b99df4a4-2bf5-4c08-9483-bd636470bc11
Access Control,9d844594-0f5a-41ba-96cd-7284e342e66c,Access Control,automated_controlName_3029572,4b3c85d9-f93a-42eb-98c5-0590eb368dea,automated_controlName_3029572,Active,Active,Active,,,,,,,,,,,FedRAMP,8e029b33-7408-4620-a7c3-5053edfbf15b,FedRAMP,85b81f43-7b0a-425f-9fab-8890983bdbc4,automated_controlID_3029572,automated_controlid_30295,2026-04-06T04:27:35.000+00:00,2026-04-06,2026,April,04,Quarter 2,4b3c85d9-f93a-42eb-98c5-0590eb368dea,,,,,2564,,,,RiskName_3029572,d9abd16e-5df1-48ee-b7b9-04e8ffbec31f,RiskName_3029572,Risks,Risks,Risk.RiskControl,,,,Pending,Pending,Pending,075069de-c608-4765-9775-c7fe426932f7,Default Control Workflow,PENDING,PENDING,https://Control/Control/85b81f43-7b0a-425f-9fab-8890983bdbc4,Africa/Maseru,b99df4a4-2bf5-4c08-9483-bd636470bc11,OTAuto02,b99df4a4-2bf5-4c08-9483-bd636470bc11
Access Control,9d844594-0f5a-41ba-96cd-7284e342e66c,Access Control,automated_controlName_3029572,4b3c85d9-f93a-42eb-98c5-0590eb368dea,automated_controlName_3029572,Active,Active,Active,,,,,,,,,,,FedRAMP,8e029b33-7408-4620-a7c3-5053edfbf15b,FedRAMP,85b81f43-7b0a-425f-9fab-8890983bdbc4,automated_controlID_3029572,automated_controlid_30295,2026-04-06T05:27:35.000+00:00,2026-04-06,2026,April,04,Quarter 2,4b3c85d9-f93a-42eb-98c5-0590eb368dea,,,,,2564,,,,RiskName_3029572,d9abd16e-5df1-48ee-b7b9-04e8ffbec31f,RiskName_3029572,Risks,Risks,Risk.RiskControl,,,,Pending,Pending,Pending,075069de-c608-4765-9775-c7fe426932f7,Default Control Workflow,PENDING,PENDING,https://Control/Control/85b81f43-7b0a-425f-9fab-8890983bdbc4,Asia/Aden,b99df4a4-2bf5-4c08-9483-bd636470bc11,OTAuto02,b99df4a4-2bf5-4c08-9483-bd636470bc11
Access Control,9d844594-0f5a-41ba-96cd-7284e342e66c,Access Control,automated_controlName_3029572,4b3c85d9-f93a-42eb-98c5-0590eb368dea,automated_controlName_3029572,Active,Active,Active,,,,,,,,,,,FedRAMP,8e029b33-7408-4620-a7c3-5053edfbf15b,FedRAMP,85b81f43-7b0a-425f-9fab-8890983bdbc4,automated_controlID_3029572,automated_controlid_30295,2026-04-05T17:27:35.000+00:00,2026-04-05,2026,April,04,Quarter 2,4b3c85d9-f93a-42eb-98c5-0590eb368dea,,,,,2564,,,,RiskName_3029572,d9abd16e-5df1-48ee-b7b9-04e8ffbec31f,RiskName_3029572,Risks,Risks,Risk.RiskControl,,,,Pending,Pending,Pending,075069de-c608-4765-9775-c7fe426932f7,Default Control Workflow,PENDING,PENDING,https://Control/Control/85b81f43-7b0a-425f-9fab-8890983bdbc4,America/Adak,b99df4a4-2bf5-4c08-9483-bd636470bc11,OTAuto02,b99df4a4-2bf5-4c08-9483-bd636470bc11
Access Control,9d844594-0f5a-41ba-96cd-7284e342e66c,Access Control,automated_controlName_3029572,4b3c85d9-f93a-42eb-98c5-0590eb368dea,automated_controlName_3029572,Active,Active,Active,,,,,,,,,,,FedRAMP,8e029b33-7408-4620-a7c3-5053edfbf15b,FedRAMP,85b81f43-7b0a-425f-9fab-8890983bdbc4,automated_controlID_3029572,automated_controlid_30295,2026-04-06T04:27:35.000+00:00,2026-04-06,2026,April,04,Quarter 2,4b3c85d9-f93a-42eb-98c5-0590eb368dea,,,,,2564,,,,RiskName_3029572,d9abd16e-5df1-48ee-b7b9-04e8ffbec31f,RiskName_3029572,Risks,Risks,Risk.RiskControl,,,,Pending,Pending,Pending,075069de-c608-4765-9775-c7fe426932f7,Default Control Workflow,PENDING,PENDING,https://Control/Control/85b81f43-7b0a-425f-9fab-8890983bdbc4,Africa/Bujumbura,b99df4a4-2bf5-4c08-9483-bd636470bc11,OTAuto02,b99df4a4-2bf5-4c08-9483-bd636470bc11
Access Control,9d844594-0f5a-41ba-96cd-7284e342e66c,Access Control,automated_controlName_3029572,4b3c85d9-f93a-42eb-98c5-0590eb368dea,automated_controlName_3029572,Active,Active,Active,,,,,,,,,,,FedRAMP,8e029b33-7408-4620-a7c3-5053edfbf15b,FedRAMP,85b81f43-7b0a-425f-9fab-8890983bdbc4,automated_controlID_3029572,automated_controlid_30295,2026-04-06T04:27:35.000+00:00,2026-04-06,2026,April,04,Quarter 2,4b3c85d9-f93a-42eb-98c5-0590eb368dea,,,,,2564,,,,RiskName_3029572,d9abd16e-5df1-48ee-b7b9-04e8ffbec31f,RiskName_3029572,Risks,Risks,Risk.RiskControl,,,,Pending,Pending,Pending,075069de-c608-4765-9775-c7fe426932f7,Default Control Workflow,PENDING,PENDING,https://Control/Control/85b81f43-7b0a-425f-9fab-8890983bdbc4,Africa/Blantyre,b99df4a4-2bf5-4c08-9483-bd636470bc11,OTAuto02,b99df4a4-2bf5-4c08-9483-bd636470bc11
Access Control,9d844594-0f5a-41ba-96cd-7284e342e66c,Access Control,automated_controlName_3029572,4b3c85d9-f93a-42eb-98c5-0590eb368dea,automated_controlName_3029572,Active,Active,Active,,,,,,,,,,,FedRAMP,8e029b33-7408-4620-a7c3-5053edfbf15b,FedRAMP,85b81f43-7b0a-425f-9fab-8890983bdbc4,automated_controlID_3029572,automated_controlid_30295,2026-04-05T15:27:35.000+00:00,2026-04-05,2026,April,04,Quarter 2,4b3c85d9-f93a-42eb-98c5-0590eb368dea,,,,,2564,,,,RiskName_3029572,d9abd16e-5df1-48ee-b7b9-04e8ffbec31f,RiskName_3029572,Risks,Risks,Risk.RiskControl,,,,Pending,Pending,Pending,075069de-c608-4765-9775-c7fe426932f7,Default Control Workflow,PENDING,PENDING,https://Control/Control/85b81f43-7b0a-425f-9fab-8890983bdbc4,Etc/GMT+11,b99df4a4-2bf5-4c08-9483-bd636470bc11,OTAuto02,b99df4a4-2bf5-4c08-9483-bd636470bc11
Access Control,9d844594-0f5a-41ba-96cd-7284e342e66c,Access Control,automated_controlName_3029572,4b3c85d9-f93a-42eb-98c5-0590eb368dea,automated_controlName_3029572,Active,Active,Active,,,,,,,,,,,FedRAMP,8e029b33-7408-4620-a7c3-5053edfbf15b,FedRAMP,85b81f43-7b0a-425f-9fab-8890983bdbc4,automated_controlID_3029572,automated_controlid_30295,2026-04-06T00:27:35.000+00:00,2026-04-06,2026,April,04,Quarter 2,4b3c85d9-f93a-42eb-98c5-0590eb368dea,,,,,2564,,,,RiskName_3029572,d9abd16e-5df1-48ee-b7b9-04e8ffbec31f,RiskName_3029572,Risks,Risks,Risk.RiskControl,,,,Pending,Pending,Pending,075069de-c608-4765-9775-c7fe426932f7,Default Control Workflow,PENDING,PENDING,https://Control/Control/85b81f43-7b0a-425f-9fab-8890983bdbc4,America/Miquelon,b99df4a4-2bf5-4c08-9483-bd636470bc11,OTAuto02,b99df4a4-2bf5-4c08-9483-bd636470bc11
Access Control,9d844594-0f5a-41ba-96cd-7284e342e66c,Access Control,automated_controlName_3029572,4b3c85d9-f93a-42eb-98c5-0590eb368dea,automated_controlName_3029572,Active,Active,Active,,,,,,,,,,,FedRAMP,8e029b33-7408-4620-a7c3-5053edfbf15b,FedRAMP,85b81f43-7b0a-425f-9fab-8890983bdbc4,automated_controlID_3029572,automated_controlid_30295,2026-04-06T08:27:35.000+00:00,2026-04-06,2026,April,04,Quarter 2,4b3c85d9-f93a-42eb-98c5-0590eb368dea,,,,,2564,,,,RiskName_3029572,d9abd16e-5df1-48ee-b7b9-04e8ffbec31f,RiskName_3029572,Risks,Risks,Risk.RiskControl,,,,Pending,Pending,Pending,075069de-c608-4765-9775-c7fe426932f7,Default Control Workflow,PENDING,PENDING,https://Control/Control/85b81f43-7b0a-425f-9fab-8890983bdbc4,Asia/Omsk,b99df4a4-2bf5-4c08-9483-bd636470bc11,OTAuto02,b99df4a4-2bf5-4c08-9483-bd636470bc11
Access Control,9d844594-0f5a-41ba-96cd-7284e342e66c,Access Control,automated_controlName_3029572,4b3c85d9-f93a-42eb-98c5-0590eb368dea,automated_controlName_3029572,Active,Active,Active,,,,,,,,,,,FedRAMP,8e029b33-7408-4620-a7c3-5053edfbf15b,FedRAMP,85b81f43-7b0a-425f-9fab-8890983bdbc4,automated_controlID_3029572,automated_controlid_30295,2026-04-06T03:27:35.000+00:00,2026-04-06,2026,April,04,Quarter 2,4b3c85d9-f93a-42eb-98c5-0590eb368dea,,,,,2564,,,,RiskName_3029572,d9abd16e-5df1-48ee-b7b9-04e8ffbec31f,RiskName_3029572,Risks,Risks,Risk.RiskControl,,,,Pending,Pending,Pending,075069de-c608-4765-9775-c7fe426932f7,Default Control Workflow,PENDING,PENDING,https://Control/Control/85b81f43-7b0a-425f-9fab-8890983bdbc4,WET,b99df4a4-2bf5-4c08-9483-bd636470bc11,OTAuto02,b99df4a4-2bf5-4c08-9483-bd636470bc11
Access Control,9d844594-0f5a-41ba-96cd-7284e342e66c,Access Control,automated_controlName_3029572,4b3c85d9-f93a-42eb-98c5-0590eb368dea,automated_controlName_3029572,Active,Active,Active,,,,,,,,,,,FedRAMP,8e029b33-7408-4620-a7c3-5053edfbf15b,FedRAMP,85b81f43-7b0a-425f-9fab-8890983bdbc4,automated_controlID_3029572,automated_controlid_30295,2026-04-06T04:27:35.000+00:00,2026-04-06,2026,April,04,Quarter 2,4b3c85d9-f93a-42eb-98c5-0590eb368dea,,,,,2564,,,,RiskName_3029572,d9abd16e-5df1-48ee-b7b9-04e8ffbec31f,RiskName_3029572,Risks,Risks,Risk.RiskControl,,,,Pending,Pending,Pending,075069de-c608-4765-9775-c7fe426932f7,Default Control Workflow,PENDING,PENDING,https://Control/Control/85b81f43-7b0a-425f-9fab-8890983bdbc4,Etc/GMT-2,b99df4a4-2bf5-4c08-9483-bd636470bc11,OTAuto02,b99df4a4-2bf5-4c08-9483-bd636470bc11
Access Control,9d844594-0f5a-41ba-96cd-7284e342e66c,Access Control,automated_controlName_3029572,4b3c85d9-f93a-42eb-98c5-0590eb368dea,automated_controlName_3029572,Active,Active,Active,,,,,,,,,,,FedRAMP,8e029b33-7408-4620-a7c3-5053edfbf15b,FedRAMP,85b81f43-7b0a-425f-9fab-8890983bdbc4,automated_controlID_3029572,automated_controlid_30295,2026-04-06T05:27:35.000+00:00,2026-04-06,2026,April,04,Quarter 2,4b3c85d9-f93a-42eb-98c5-0590eb368dea,,,,,2564,,,,RiskName_3029572,d9abd16e-5df1-48ee-b7b9-04e8ffbec31f,RiskName_3029572,Risks,Risks,Risk.RiskControl,,,,Pending,Pending,Pending,075069de-c608-4765-9775-c7fe426932f7,Default Control Workflow,PENDING,PENDING,https://Control/Control/85b81f43-7b0a-425f-9fab-8890983bdbc4,Turkey,b99df4a4-2bf5-4c08-9483-bd636470bc11,OTAuto02,b99df4a4-2bf5-4c08-9483-bd636470bc11
Access Control,9d844594-0f5a-41ba-96cd-7284e342e66c,Access Control,automated_controlName_3029572,4b3c85d9-f93a-42eb-98c5-0590eb368dea,automated_controlName_3029572,Active,Active,Active,,,,,,,,,,,FedRAMP,8e029b33-7408-4620-a7c3-5053edfbf15b,FedRAMP,85b81f43-7b0a-425f-9fab-8890983bdbc4,automated_controlID_3029572,automated_controlid_30295,2026-04-06T11:57:35.000+00:00,2026-04-06,2026,April,04,Quarter 2,4b3c85d9-f93a-42eb-98c5-0590eb368dea,,,,,2564,,,,RiskName_3029572,d9abd16e-5df1-48ee-b7b9-04e8ffbec31f,RiskName_3029572,Risks,Risks,Risk.RiskControl,,,,Pending,Pending,Pending,075069de-c608-4765-9775-c7fe426932f7,Default Control Workflow,PENDING,PENDING,https://Control/Control/85b81f43-7b0a-425f-9fab-8890983bdbc4,Australia/Darwin,b99df4a4-2bf5-4c08-9483-bd636470bc11,OTAuto02,b99df4a4-2bf5-4c08-9483-bd636470bc11
Access Control,9d844594-0f5a-41ba-96cd-7284e342e66c,Access Control,automated_controlName_3029572,4b3c85d9-f93a-42eb-98c5-0590eb368dea,automated_controlName_3029572,Active,Active,Active,,,,,,,,,,,FedRAMP,8e029b33-7408-4620-a7c3-5053edfbf15b,FedRAMP,85b81f43-7b0a-425f-9fab-8890983bdbc4,automated_controlID_3029572,automated_controlid_30295,2026-04-06T04:27:35.000+00:00,2026-04-06,2026,April,04,Quarter 2,4b3c85d9-f93a-42eb-98c5-0590eb368dea,,,,,2564,,,,RiskName_3029572,d9abd16e-5df1-48ee-b7b9-04e8ffbec31f,RiskName_3029572,Risks,Risks,Risk.RiskControl,,,,Pending,Pending,Pending,075069de-c608-4765-9775-c7fe426932f7,Default Control Workflow,PENDING,PENDING,https://Control/Control/85b81f43-7b0a-425f-9fab-8890983bdbc4,Africa/Khartoum,b99df4a4-2bf5-4c08-9483-bd636470bc11,OTAuto02,b99df4a4-2bf5-4c08-9483-bd636470bc11
Access Control,9d844594-0f5a-41ba-96cd-7284e342e66c,Access Control,automated_controlName_3029572,4b3c85d9-f93a-42eb-98c5-0590eb368dea,automated_controlName_3029572,Active,Active,Active,,,,,,,,,,,FedRAMP,8e029b33-7408-4620-a7c3-5053edfbf15b,FedRAMP,85b81f43-7b0a-425f-9fab-8890983bdbc4,automated_controlID_3029572,automated_controlid_30295,2026-04-06T08:27:35.000+00:00,2026-04-06,2026,April,04,Quarter 2,4b3c85d9-f93a-42eb-98c5-0590eb368dea,,,,,2564,,,,RiskName_3029572,d9abd16e-5df1-48ee-b7b9-04e8ffbec31f,RiskName_3029572,Risks,Risks,Risk.RiskControl,,,,Pending,Pending,Pending,075069de-c608-4765-9775-c7fe426932f7,Default Control Workflow,PENDING,PENDING,https://Control/Control/85b81f43-7b0a-425f-9fab-8890983bdbc4,Asia/Kashgar,b99df4a4-2bf5-4c08-9483-bd636470bc11,OTAuto02,b99df4a4-2bf5-4c08-9483-bd636470bc11
Access Control,9d844594-0f5a-41ba-96cd-7284e342e66c,Access Control,automated_controlName_3029572,4b3c85d9-f93a-42eb-98c5-0590eb368dea,automated_controlName_3029572,Active,Active,Active,,,,,,,,,,,FedRAMP,8e029b33-7408-4620-a7c3-5053edfbf15b,FedRAMP,85b81f43-7b0a-425f-9fab-8890983bdbc4,automated_controlID_3029572,automated_controlid_30295,2026-04-06T14:27:35.000+00:00,2026-04-06,2026,April,04,Quarter 2,4b3c85d9-f93a-42eb-98c5-0590eb368dea,,,,,2564,,,,RiskName_3029572,d9abd16e-5df1-48ee-b7b9-04e8ffbec31f,RiskName_3029572,Risks,Risks,Risk.RiskControl,,,,Pending,Pending,Pending,075069de-c608-4765-9775-c7fe426932f7,Default Control Workflow,PENDING,PENDING,https://Control/Control/85b81f43-7b0a-425f-9fab-8890983bdbc4,Pacific/Funafuti,b99df4a4-2bf5-4c08-9483-bd636470bc11,OTAuto02,b99df4a4-2bf5-4c08-9483-bd636470bc11
Access Control,9d844594-0f5a-41ba-96cd-7284e342e66c,Access Control,automated_controlName_3029572,4b3c85d9-f93a-42eb-98c5-0590eb368dea,automated_controlName_3029572,Active,Active,Active,,,,,,,,,,,FedRAMP,8e029b33-7408-4620-a7c3-5053edfbf15b,FedRAMP,85b81f43-7b0a-425f-9fab-8890983bdbc4,automated_controlID_3029572,automated_controlid_30295,2026-04-05T15:27:35.000+00:00,2026-04-05,2026,April,04,Quarter 2,4b3c85d9-f93a-42eb-98c5-0590eb368dea,,,,,2564,,,,RiskName_3029572,d9abd16e-5df1-48ee-b7b9-04e8ffbec31f,RiskName_3029572,Risks,Risks,Risk.RiskControl,,,,Pending,Pending,Pending,075069de-c608-4765-9775-c7fe426932f7,Default Control Workflow,PENDING,PENDING,https://Control/Control/85b81f43-7b0a-425f-9fab-8890983bdbc4,Pacific/Samoa,b99df4a4-2bf5-4c08-9483-bd636470bc11,OTAuto02,b99df4a4-2bf5-4c08-9483-bd636470bc11
Access Control,9d844594-0f5a-41ba-96cd-7284e342e66c,Access Control,automated_controlName_3029572,4b3c85d9-f93a-42eb-98c5-0590eb368dea,automated_controlName_3029572,Active,Active,Active,,,,,,,,,,,FedRAMP,8e029b33-7408-4620-a7c3-5053edfbf15b,FedRAMP,85b81f43-7b0a-425f-9fab-8890983bdbc4,automated_controlID_3029572,automated_controlid_30295,2026-04-05T19:27:35.000+00:00,2026-04-05,2026,April,04,Quarter 2,4b3c85d9-f93a-42eb-98c5-0590eb368dea,,,,,2564,,,,RiskName_3029572,d9abd16e-5df1-48ee-b7b9-04e8ffbec31f,RiskName_3029572,Risks,Risks,Risk.RiskControl,,,,Pending,Pending,Pending,075069de-c608-4765-9775-c7fe426932f7,Default Control Workflow,PENDING,PENDING,https://Control/Control/85b81f43-7b0a-425f-9fab-8890983bdbc4,America/Los_Angeles,b99df4a4-2bf5-4c08-9483-bd636470bc11,OTAuto02,b99df4a4-2bf5-4c08-9483-bd636470bc11
Access Control,9d844594-0f5a-41ba-96cd-7284e342e66c,Access Control,automated_controlName_3029572,4b3c85d9-f93a-42eb-98c5-0590eb368dea,automated_controlName_3029572,Active,Active,Active,,,,,,,,,,,FedRAMP,8e029b33-7408-4620-a7c3-5053edfbf15b,FedRAMP,85b81f43-7b0a-425f-9fab-8890983bdbc4,automated_controlID_3029572,automated_controlid_30295,2026-04-05T21:27:35.000+00:00,2026-04-05,2026,April,04,Quarter 2,4b3c85d9-f93a-42eb-98c5-0590eb368dea,,,,,2564,,,,RiskName_3029572,d9abd16e-5df1-48ee-b7b9-04e8ffbec31f,RiskName_3029572,Risks,Risks,Risk.RiskControl,,,,Pending,Pending,Pending,075069de-c608-4765-9775-c7fe426932f7,Default Control Workflow,PENDING,PENDING,https://Control/Control/85b81f43-7b0a-425f-9fab-8890983bdbc4,America/Porto_Acre,b99df4a4-2bf5-4c08-9483-bd636470bc11,OTAuto02,b99df4a4-2bf5-4c08-9483-bd636470bc11
Access Control,9d844594-0f5a-41ba-96cd-7284e342e66c,Access Control,automated_controlName_3029572,4b3c85d9-f93a-42eb-98c5-0590eb368dea,automated_controlName_3029572,Active,Active,Active,,,,,,,,,,,FedRAMP,8e029b33-7408-4620-a7c3-5053edfbf15b,FedRAMP,85b81f43-7b0a-425f-9fab-8890983bdbc4,automated_controlID_3029572,automated_controlid_30295,2026-04-06T02:27:35.000+00:00,2026-04-06,2026,April,04,Quarter 2,4b3c85d9-f93a-42eb-98c5-0590eb368dea,,,,,2564,,,,RiskName_3029572,d9abd16e-5df1-48ee-b7b9-04e8ffbec31f,RiskName_3029572,Risks,Risks,Risk.RiskControl,,,,Pending,Pending,Pending,075069de-c608-4765-9775-c7fe426932f7,Default Control Workflow,PENDING,PENDING,https://Control/Control/85b81f43-7b0a-425f-9fab-8890983bdbc4,Etc/UTC,b99df4a4-2bf5-4c08-9483-bd636470bc11,OTAuto02,b99df4a4-2bf5-4c08-9483-bd636470bc11
Access Control,9d844594-0f5a-41ba-96cd-7284e342e66c,Access Control,automated_controlName_3029572,4b3c85d9-f93a-42eb-98c5-0590eb368dea,automated_controlName_3029572,Active,Active,Active,,,,,,,,,,,FedRAMP,8e029b33-7408-4620-a7c3-5053edfbf15b,FedRAMP,85b81f43-7b0a-425f-9fab-8890983bdbc4,automated_controlID_3029572,automated_controlid_30295,2026-04-06T04:27:35.000+00:00,2026-04-06,2026,April,04,Quarter 2,4b3c85d9-f93a-42eb-98c5-0590eb368dea,,,,,2564,,,,RiskName_3029572,d9abd16e-5df1-48ee-b7b9-04e8ffbec31f,RiskName_3029572,Risks,Risks,Risk.RiskControl,,,,Pending,Pending,Pending,075069de-c608-4765-9775-c7fe426932f7,Default Control Workflow,PENDING,PENDING,https://Control/Control/85b81f43-7b0a-425f-9fab-8890983bdbc4,Europe/Madrid,b99df4a4-2bf5-4c08-9483-bd636470bc11,OTAuto02,b99df4a4-2bf5-4c08-9483-bd636470bc11
Access Control,9d844594-0f5a-41ba-96cd-7284e342e66c,Access Control,automated_controlName_3029572,4b3c85d9-f93a-42eb-98c5-0590eb368dea,automated_controlName_3029572,Active,Active,Active,,,,,,,,,,,FedRAMP,8e029b33-7408-4620-a7c3-5053edfbf15b,FedRAMP,85b81f43-7b0a-425f-9fab-8890983bdbc4,automated_controlID_3029572,automated_controlid_30295,2026-04-06T02:27:35.000+00:00,2026-04-06,2026,April,04,Quarter 2,4b3c85d9-f93a-42eb-98c5-0590eb368dea,,,,,2564,,,,RiskName_3029572,d9abd16e-5df1-48ee-b7b9-04e8ffbec31f,RiskName_3029572,Risks,Risks,Risk.RiskControl,,,,Pending,Pending,Pending,075069de-c608-4765-9775-c7fe426932f7,Default Control Workflow,PENDING,PENDING,https://Control/Control/85b81f43-7b0a-425f-9fab-8890983bdbc4,Africa/Sao_Tome,b99df4a4-2bf5-4c08-9483-bd636470bc11,OTAuto02,b99df4a4-2bf5-4c08-9483-bd636470bc11
Access Control,9d844594-0f5a-41ba-96cd-7284e342e66c,Access Control,automated_controlName_3029572,4b3c85d9-f93a-42eb-98c5-0590eb368dea,automated_controlName_3029572,Active,Active,Active,,,,,,,,,,,FedRAMP,8e029b33-7408-4620-a7c3-5053edfbf15b,FedRAMP,85b81f43-7b0a-425f-9fab-8890983bdbc4,automated_controlID_3029572,automated_controlid_30295,2026-04-05T23:27:35.000+00:00,2026-04-05,2026,April,04,Quarter 2,4b3c85d9-f93a-42eb-98c5-0590eb368dea,,,,,2564,,,,RiskName_3029572,d9abd16e-5df1-48ee-b7b9-04e8ffbec31f,RiskName_3029572,Risks,Risks,Risk.RiskControl,,,,Pending,Pending,Pending,075069de-c608-4765-9775-c7fe426932f7,Default Control Workflow,PENDING,PENDING,https://Control/Control/85b81f43-7b0a-425f-9fab-8890983bdbc4,America/Argentina/Tucuman,b99df4a4-2bf5-4c08-9483-bd636470bc11,OTAuto02,b99df4a4-2bf5-4c08-9483-bd636470bc11
Access Control,9d844594-0f5a-41ba-96cd-7284e342e66c,Access Control,automated_controlName_3029572,4b3c85d9-f93a-42eb-98c5-0590eb368dea,automated_controlName_3029572,Active,Active,Active,,,,,,,,,,,FedRAMP,8e029b33-7408-4620-a7c3-5053edfbf15b,FedRAMP,85b81f43-7b0a-425f-9fab-8890983bdbc4,automated_controlID_3029572,automated_controlid_30295,2026-04-05T22:27:35.000+00:00,2026-04-05,2026,April,04,Quarter 2,4b3c85d9-f93a-42eb-98c5-0590eb368dea,,,,,2564,,,,RiskName_3029572,d9abd16e-5df1-48ee-b7b9-04e8ffbec31f,RiskName_3029572,Risks,Risks,Risk.RiskControl,,,,Pending,Pending,Pending,075069de-c608-4765-9775-c7fe426932f7,Default Control Workflow,PENDING,PENDING,https://Control/Control/85b81f43-7b0a-425f-9fab-8890983bdbc4,America/Boa_Vista,b99df4a4-2bf5-4c08-9483-bd636470bc11,OTAuto02,b99df4a4-2bf5-4c08-9483-bd636470bc11
Access Control,9d844594-0f5a-41ba-96cd-7284e342e66c,Access Control,automated_controlName_3029572,4b3c85d9-f93a-42eb-98c5-0590eb368dea,automated_controlName_3029572,Active,Active,Active,,,,,,,,,,,FedRAMP,8e029b33-7408-4620-a7c3-5053edfbf15b,FedRAMP,85b81f43-7b0a-425f-9fab-8890983bdbc4,automated_controlID_3029572,automated_controlid_30295,2026-04-06T13:27:35.000+00:00,2026-04-06,2026,April,04,Quarter 2,4b3c85d9-f93a-42eb-98c5-0590eb368dea,,,,,2564,,,,RiskName_3029572,d9abd16e-5df1-48ee-b7b9-04e8ffbec31f,RiskName_3029572,Risks,Risks,Risk.RiskControl,,,,Pending,Pending,Pending,075069de-c608-4765-9775-c7fe426932f7,Default Control Workflow,PENDING,PENDING,https://Control/Control/85b81f43-7b0a-425f-9fab-8890983bdbc4,Pacific/Noumea,b99df4a4-2bf5-4c08-9483-bd636470bc11,OTAuto02,b99df4a4-2bf5-4c08-9483-bd636470bc11
Access Control,9d844594-0f5a-41ba-96cd-7284e342e66c,Access Control,automated_controlName_3029572,4b3c85d9-f93a-42eb-98c5-0590eb368dea,automated_controlName_3029572,Active,Active,Active,,,,,,,,,,,FedRAMP,8e029b33-7408-4620-a7c3-5053edfbf15b,FedRAMP,85b81f43-7b0a-425f-9fab-8890983bdbc4,automated_controlID_3029572,automated_controlid_30295,2026-04-06T09:27:35.000+00:00,2026-04-06,2026,April,04,Quarter 2,4b3c85d9-f93a-42eb-98c5-0590eb368dea,,,,,2564,,,,RiskName_3029572,d9abd16e-5df1-48ee-b7b9-04e8ffbec31f,RiskName_3029572,Risks,Risks,Risk.RiskControl,,,,Pending,Pending,Pending,075069de-c608-4765-9775-c7fe426932f7,Default Control Workflow,PENDING,PENDING,https://Control/Control/85b81f43-7b0a-425f-9fab-8890983bdbc4,Asia/Tomsk,b99df4a4-2bf5-4c08-9483-bd636470bc11,OTAuto02,b99df4a4-2bf5-4c08-9483-bd636470bc11
Access Control,9d844594-0f5a-41ba-96cd-7284e342e66c,Access Control,automated_controlName_3029572,4b3c85d9-f93a-42eb-98c5-0590eb368dea,automated_controlName_3029572,Active,Active,Active,,,,,,,,,,,FedRAMP,8e029b33-7408-4620-a7c3-5053edfbf15b,FedRAMP,85b81f43-7b0a-425f-9fab-8890983bdbc4,automated_controlID_3029572,automated_controlid_30295,2026-04-06T04:27:35.000+00:00,2026-04-06,2026,April,04,Quarter 2,4b3c85d9-f93a-42eb-98c5-0590eb368dea,,,,,2564,,,,RiskName_3029572,d9abd16e-5df1-48ee-b7b9-04e8ffbec31f,RiskName_3029572,Risks,Risks,Risk.RiskControl,,,,Pending,Pending,Pending,075069de-c608-4765-9775-c7fe426932f7,Default Control Workflow,PENDING,PENDING,https://Control/Control/85b81f43-7b0a-425f-9fab-8890983bdbc4,Atlantic/Jan_Mayen,b99df4a4-2bf5-4c08-9483-bd636470bc11,OTAuto02,b99df4a4-2bf5-4c08-9483-bd636470bc11
Access Control,9d844594-0f5a-41ba-96cd-7284e342e66c,Access Control,automated_controlName_3029572,4b3c85d9-f93a-42eb-98c5-0590eb368dea,automated_controlName_3029572,Active,Active,Active,,,,,,,,,,,FedRAMP,8e029b33-7408-4620-a7c3-5053edfbf15b,FedRAMP,85b81f43-7b0a-425f-9fab-8890983bdbc4,automated_controlID_3029572,automated_controlid_30295,2026-04-06T12:27:35.000+00:00,2026-04-06,2026,April,04,Quarter 2,4b3c85d9-f93a-42eb-98c5-0590eb368dea,,,,,2564,,,,RiskName_3029572,d9abd16e-5df1-48ee-b7b9-04e8ffbec31f,RiskName_3029572,Risks,Risks,Risk.RiskControl,,,,Pending,Pending,Pending,075069de-c608-4765-9775-c7fe426932f7,Default Control Workflow,PENDING,PENDING,https://Control/Control/85b81f43-7b0a-425f-9fab-8890983bdbc4,Asia/Vladivostok,b99df4a4-2bf5-4c08-9483-bd636470bc11,OTAuto02,b99df4a4-2bf5-4c08-9483-bd636470bc11
Access Control,9d844594-0f5a-41ba-96cd-7284e342e66c,Access Control,automated_controlName_3029572,4b3c85d9-f93a-42eb-98c5-0590eb368dea,automated_controlName_3029572,Active,Active,Active,,,,,,,,,,,FedRAMP,8e029b33-7408-4620-a7c3-5053edfbf15b,FedRAMP,85b81f43-7b0a-425f-9fab-8890983bdbc4,automated_controlID_3029572,automated_controlid_30295,2026-04-06T09:27:35.000+00:00,2026-04-06,2026,April,04,Quarter 2,4b3c85d9-f93a-42eb-98c5-0590eb368dea,,,,,2564,,,,RiskName_3029572,d9abd16e-5df1-48ee-b7b9-04e8ffbec31f,RiskName_3029572,Risks,Risks,Risk.RiskControl,,,,Pending,Pending,Pending,075069de-c608-4765-9775-c7fe426932f7,Default Control Workflow,PENDING,PENDING,https://Control/Control/85b81f43-7b0a-425f-9fab-8890983bdbc4,Etc/GMT-7,b99df4a4-2bf5-4c08-9483-bd636470bc11,OTAuto02,b99df4a4-2bf5-4c08-9483-bd636470bc11
Access Control,9d844594-0f5a-41ba-96cd-7284e342e66c,Access Control,automated_controlName_3029572,4b3c85d9-f93a-42eb-98c5-0590eb368dea,automated_controlName_3029572,Active,Active,Active,,,,,,,,,,,FedRAMP,8e029b33-7408-4620-a7c3-5053edfbf15b,FedRAMP,85b81f43-7b0a-425f-9fab-8890983bdbc4,automated_controlID_3029572,automated_controlid_30295,2026-04-06T05:27:35.000+00:00,2026-04-06,2026,April,04,Quarter 2,4b3c85d9-f93a-42eb-98c5-0590eb368dea,,,,,2564,,,,RiskName_3029572,d9abd16e-5df1-48ee-b7b9-04e8ffbec31f,RiskName_3029572,Risks,Risks,Risk.RiskControl,,,,Pending,Pending,Pending,075069de-c608-4765-9775-c7fe426932f7,Default Control Workflow,PENDING,PENDING,https://Control/Control/85b81f43-7b0a-425f-9fab-8890983bdbc4,Asia/Istanbul,b99df4a4-2bf5-4c08-9483-bd636470bc11,OTAuto02,b99df4a4-2bf5-4c08-9483-bd636470bc11
Access Control,9d844594-0f5a-41ba-96cd-7284e342e66c,Access Control,automated_controlName_3029572,4b3c85d9-f93a-42eb-98c5-0590eb368dea,automated_controlName_3029572,Active,Active,Active,,,,,,,,,,,FedRAMP,8e029b33-7408-4620-a7c3-5053edfbf15b,FedRAMP,85b81f43-7b0a-425f-9fab-8890983bdbc4,automated_controlID_3029572,automated_controlid_30295,2026-04-06T10:27:35.000+00:00,2026-04-06,2026,April,04,Quarter 2,4b3c85d9-f93a-42eb-98c5-0590eb368dea,,,,,2564,,,,RiskName_3029572,d9abd16e-5df1-48ee-b7b9-04e8ffbec31f,RiskName_3029572,Risks,Risks,Risk.RiskControl,,,,Pending,Pending,Pending,075069de-c608-4765-9775-c7fe426932f7,Default Control Workflow,PENDING,PENDING,https://Control/Control/85b81f43-7b0a-425f-9fab-8890983bdbc4,Asia/Chungking,b99df4a4-2bf5-4c08-9483-bd636470bc11,OTAuto02,b99df4a4-2bf5-4c08-9483-bd636470bc11
Access Control,9d844594-0f5a-41ba-96cd-7284e342e66c,Access Control,automated_controlName_3029572,4b3c85d9-f93a-42eb-98c5-0590eb368dea,automated_controlName_3029572,Active,Active,Active,,,,,,,,,,,FedRAMP,8e029b33-7408-4620-a7c3-5053edfbf15b,FedRAMP,85b81f43-7b0a-425f-9fab-8890983bdbc4,automated_controlID_3029572,automated_controlid_30295,2026-04-05T22:27:35.000+00:00,2026-04-05,2026,April,04,Quarter 2,4b3c85d9-f93a-42eb-98c5-0590eb368dea,,,,,2564,,,,RiskName_3029572,d9abd16e-5df1-48ee-b7b9-04e8ffbec31f,RiskName_3029572,Risks,Risks,Risk.RiskControl,,,,Pending,Pending,Pending,075069de-c608-4765-9775-c7fe426932f7,Default Control Workflow,PENDING,PENDING,https://Control/Control/85b81f43-7b0a-425f-9fab-8890983bdbc4,Cuba,b99df4a4-2bf5-4c08-9483-bd636470bc11,OTAuto02,b99df4a4-2bf5-4c08-9483-bd636470bc11
Access Control,9d844594-0f5a-41ba-96cd-7284e342e66c,Access Control,automated_controlName_3029572,4b3c85d9-f93a-42eb-98c5-0590eb368dea,automated_controlName_3029572,Active,Active,Active,,,,,,,,,,,FedRAMP,8e029b33-7408-4620-a7c3-5053edfbf15b,FedRAMP,85b81f43-7b0a-425f-9fab-8890983bdbc4,automated_controlID_3029572,automated_controlid_30295,2026-04-06T12:27:35.000+00:00,2026-04-06,2026,April,04,Quarter 2,4b3c85d9-f93a-42eb-98c5-0590eb368dea,,,,,2564,,,,RiskName_3029572,d9abd16e-5df1-48ee-b7b9-04e8ffbec31f,RiskName_3029572,Risks,Risks,Risk.RiskControl,,,,Pending,Pending,Pending,075069de-c608-4765-9775-c7fe426932f7,Default Control Workflow,PENDING,PENDING,https://Control/Control/85b81f43-7b0a-425f-9fab-8890983bdbc4,Antarctica/Macquarie,b99df4a4-2bf5-4c08-9483-bd636470bc11,OTAuto02,b99df4a4-2bf5-4c08-9483-bd636470bc11
Access Control,9d844594-0f5a-41ba-96cd-7284e342e66c,Access Control,automated_controlName_3029572,4b3c85d9-f93a-42eb-98c5-0590eb368dea,automated_controlName_3029572,Active,Active,Active,,,,,,,,,,,FedRAMP,8e029b33-7408-4620-a7c3-5053edfbf15b,FedRAMP,85b81f43-7b0a-425f-9fab-8890983bdbc4,automated_controlID_3029572,automated_controlid_30295,2026-04-05T19:27:35.000+00:00,2026-04-05,2026,April,04,Quarter 2,4b3c85d9-f93a-42eb-98c5-0590eb368dea,,,,,2564,,,,RiskName_3029572,d9abd16e-5df1-48ee-b7b9-04e8ffbec31f,RiskName_3029572,Risks,Risks,Risk.RiskControl,,,,Pending,Pending,Pending,075069de-c608-4765-9775-c7fe426932f7,Default Control Workflow,PENDING,PENDING,https://Control/Control/85b81f43-7b0a-425f-9fab-8890983bdbc4,Canada/Pacific,b99df4a4-2bf5-4c08-9483-bd636470bc11,OTAuto02,b99df4a4-2bf5-4c08-9483-bd636470bc11
Access Control,9d844594-0f5a-41ba-96cd-7284e342e66c,Access Control,automated_controlName_3029572,4b3c85d9-f93a-42eb-98c5-0590eb368dea,automated_controlName_3029572,Active,Active,Active,,,,,,,,,,,FedRAMP,8e029b33-7408-4620-a7c3-5053edfbf15b,FedRAMP,85b81f43-7b0a-425f-9fab-8890983bdbc4,automated_controlID_3029572,automated_controlid_30295,2026-04-05T21:27:35.000+00:00,2026-04-05,2026,April,04,Quarter 2,4b3c85d9-f93a-42eb-98c5-0590eb368dea,,,,,2564,,,,RiskName_3029572,d9abd16e-5df1-48ee-b7b9-04e8ffbec31f,RiskName_3029572,Risks,Risks,Risk.RiskControl,,,,Pending,Pending,Pending,075069de-c608-4765-9775-c7fe426932f7,Default Control Workflow,PENDING,PENDING,https://Control/Control/85b81f43-7b0a-425f-9fab-8890983bdbc4,America/Matamoros,b99df4a4-2bf5-4c08-9483-bd636470bc11,OTAuto02,b99df4a4-2bf5-4c08-9483-bd636470bc11
Access Control,9d844594-0f5a-41ba-96cd-7284e342e66c,Access Control,automated_controlName_3029572,4b3c85d9-f93a-42eb-98c5-0590eb368dea,automated_controlName_3029572,Active,Active,Active,,,,,,,,,,,FedRAMP,8e029b33-7408-4620-a7c3-5053edfbf15b,FedRAMP,85b81f43-7b0a-425f-9fab-8890983bdbc4,automated_controlID_3029572,automated_controlid_30295,2026-04-06T05:27:35.000+00:00,2026-04-06,2026,April,04,Quarter 2,4b3c85d9-f93a-42eb-98c5-0590eb368dea,,,,,2564,,,,RiskName_3029572,d9abd16e-5df1-48ee-b7b9-04e8ffbec31f,RiskName_3029572,Risks,Risks,Risk.RiskControl,,,,Pending,Pending,Pending,075069de-c608-4765-9775-c7fe426932f7,Default Control Workflow,PENDING,PENDING,https://Control/Control/85b81f43-7b0a-425f-9fab-8890983bdbc4,Europe/Kirov,b99df4a4-2bf5-4c08-9483-bd636470bc11,OTAuto02,b99df4a4-2bf5-4c08-9483-bd636470bc11
Access Control,9d844594-0f5a-41ba-96cd-7284e342e66c,Access Control,automated_controlName_3029572,4b3c85d9-f93a-42eb-98c5-0590eb368dea,automated_controlName_3029572,Active,Active,Active,,,,,,,,,,,FedRAMP,8e029b33-7408-4620-a7c3-5053edfbf15b,FedRAMP,85b81f43-7b0a-425f-9fab-8890983bdbc4,automated_controlID_3029572,automated_controlid_30295,2026-04-06T13:27:35.000+00:00,2026-04-06,2026,April,04,Quarter 2,4b3c85d9-f93a-42eb-98c5-0590eb368dea,,,,,2564,,,,RiskName_3029572,d9abd16e-5df1-48ee-b7b9-04e8ffbec31f,RiskName_3029572,Risks,Risks,Risk.RiskControl,,,,Pending,Pending,Pending,075069de-c608-4765-9775-c7fe426932f7,Default Control Workflow,PENDING,PENDING,https://Control/Control/85b81f43-7b0a-425f-9fab-8890983bdbc4,Pacific/Bougainville,b99df4a4-2bf5-4c08-9483-bd636470bc11,OTAuto02,b99df4a4-2bf5-4c08-9483-bd636470bc11
Access Control,9d844594-0f5a-41ba-96cd-7284e342e66c,Access Control,automated_controlName_3029572,4b3c85d9-f93a-42eb-98c5-0590eb368dea,automated_controlName_3029572,Active,Active,Active,,,,,,,,,,,FedRAMP,8e029b33-7408-4620-a7c3-5053edfbf15b,FedRAMP,85b81f43-7b0a-425f-9fab-8890983bdbc4,automated_controlID_3029572,automated_controlid_30295,2026-04-06T05:27:35.000+00:00,2026-04-06,2026,April,04,Quarter 2,4b3c85d9-f93a-42eb-98c5-0590eb368dea,,,,,2564,,,,RiskName_3029572,d9abd16e-5df1-48ee-b7b9-04e8ffbec31f,RiskName_3029572,Risks,Risks,Risk.RiskControl,,,,Pending,Pending,Pending,075069de-c608-4765-9775-c7fe426932f7,Default Control Workflow,PENDING,PENDING,https://Control/Control/85b81f43-7b0a-425f-9fab-8890983bdbc4,Africa/Asmara,b99df4a4-2bf5-4c08-9483-bd636470bc11,OTAuto02,b99df4a4-2bf5-4c08-9483-bd636470bc11
Access Control,9d844594-0f5a-41ba-96cd-7284e342e66c,Access Control,automated_controlName_3029572,4b3c85d9-f93a-42eb-98c5-0590eb368dea,automated_controlName_3029572,Active,Active,Active,,,,,,,,,,,FedRAMP,8e029b33-7408-4620-a7c3-5053edfbf15b,FedRAMP,85b81f43-7b0a-425f-9fab-8890983bdbc4,automated_controlID_3029572,automated_controlid_30295,2026-04-05T22:27:35.000+00:00,2026-04-05,2026,April,04,Quarter 2,4b3c85d9-f93a-42eb-98c5-0590eb368dea,,,,,2564,,,,RiskName_3029572,d9abd16e-5df1-48ee-b7b9-04e8ffbec31f,RiskName_3029572,Risks,Risks,Risk.RiskControl,,,,Pending,Pending,Pending,075069de-c608-4765-9775-c7fe426932f7,Default Control Workflow,PENDING,PENDING,https://Control/Control/85b81f43-7b0a-425f-9fab-8890983bdbc4,America/Virgin,b99df4a4-2bf5-4c08-9483-bd636470bc11,OTAuto02,b99df4a4-2bf5-4c08-9483-bd636470bc11
Access Control,9d844594-0f5a-41ba-96cd-7284e342e66c,Access Control,automated_controlName_3029572,4b3c85d9-f93a-42eb-98c5-0590eb368dea,automated_controlName_3029572,Active,Active,Active,,,,,,,,,,,FedRAMP,8e029b33-7408-4620-a7c3-5053edfbf15b,FedRAMP,85b81f43-7b0a-425f-9fab-8890983bdbc4,automated_controlID_3029572,automated_controlid_30295,2026-04-06T04:27:35.000+00:00,2026-04-06,2026,April,04,Quarter 2,4b3c85d9-f93a-42eb-98c5-0590eb368dea,,,,,2564,,,,RiskName_3029572,d9abd16e-5df1-48ee-b7b9-04e8ffbec31f,RiskName_3029572,Risks,Risks,Risk.RiskControl,,,,Pending,Pending,Pending,075069de-c608-4765-9775-c7fe426932f7,Default Control Workflow,PENDING,PENDING,https://Control/Control/85b81f43-7b0a-425f-9fab-8890983bdbc4,Arctic/Longyearbyen,b99df4a4-2bf5-4c08-9483-bd636470bc11,OTAuto02,b99df4a4-2bf5-4c08-9483-bd636470bc11
Access Control,9d844594-0f5a-41ba-96cd-7284e342e66c,Access Control,automated_controlName_3029572,4b3c85d9-f93a-42eb-98c5-0590eb368dea,automated_controlName_3029572,Active,Active,Active,,,,,,,,,,,FedRAMP,8e029b33-7408-4620-a7c3-5053edfbf15b,FedRAMP,85b81f43-7b0a-425f-9fab-8890983bdbc4,automated_controlID_3029572,automated_controlid_30295,2026-04-05T22:27:35.000+00:00,2026-04-05,2026,April,04,Quarter 2,4b3c85d9-f93a-42eb-98c5-0590eb368dea,,,,,2564,,,,RiskName_3029572,d9abd16e-5df1-48ee-b7b9-04e8ffbec31f,RiskName_3029572,Risks,Risks,Risk.RiskControl,,,,Pending,Pending,Pending,075069de-c608-4765-9775-c7fe426932f7,Default Control Workflow,PENDING,PENDING,https://Control/Control/85b81f43-7b0a-425f-9fab-8890983bdbc4,Etc/GMT+4,b99df4a4-2bf5-4c08-9483-bd636470bc11,OTAuto02,b99df4a4-2bf5-4c08-9483-bd636470bc11
Access Control,9d844594-0f5a-41ba-96cd-7284e342e66c,Access Control,automated_controlName_3029572,4b3c85d9-f93a-42eb-98c5-0590eb368dea,automated_controlName_3029572,Active,Active,Active,,,,,,,,,,,FedRAMP,8e029b33-7408-4620-a7c3-5053edfbf15b,FedRAMP,85b81f43-7b0a-425f-9fab-8890983bdbc4,automated_controlID_3029572,automated_controlid_30295,2026-04-06T05:27:35.000+00:00,2026-04-06,2026,April,04,Quarter 2,4b3c85d9-f93a-42eb-98c5-0590eb368dea,,,,,2564,,,,RiskName_3029572,d9abd16e-5df1-48ee-b7b9-04e8ffbec31f,RiskName_3029572,Risks,Risks,Risk.RiskControl,,,,Pending,Pending,Pending,075069de-c608-4765-9775-c7fe426932f7,Default Control Workflow,PENDING,PENDING,https://Control/Control/85b81f43-7b0a-425f-9fab-8890983bdbc4,Asia/Riyadh,b99df4a4-2bf5-4c08-9483-bd636470bc11,OTAuto02,b99df4a4-2bf5-4c08-9483-bd636470bc11
Access Control,9d844594-0f5a-41ba-96cd-7284e342e66c,Access Control,automated_controlName_3029572,4b3c85d9-f93a-42eb-98c5-0590eb368dea,automated_controlName_3029572,Active,Active,Active,,,,,,,,,,,FedRAMP,8e029b33-7408-4620-a7c3-5053edfbf15b,FedRAMP,85b81f43-7b0a-425f-9fab-8890983bdbc4,automated_controlID_3029572,automated_controlid_30295,2026-04-05T18:27:35.000+00:00,2026-04-05,2026,April,04,Quarter 2,4b3c85d9-f93a-42eb-98c5-0590eb368dea,,,,,2564,,,,RiskName_3029572,d9abd16e-5df1-48ee-b7b9-04e8ffbec31f,RiskName_3029572,Risks,Risks,Risk.RiskControl,,,,Pending,Pending,Pending,075069de-c608-4765-9775-c7fe426932f7,Default Control Workflow,PENDING,PENDING,https://Control/Control/85b81f43-7b0a-425f-9fab-8890983bdbc4,America/Sitka,b99df4a4-2bf5-4c08-9483-bd636470bc11,OTAuto02,b99df4a4-2bf5-4c08-9483-bd636470bc11
Access Control,9d844594-0f5a-41ba-96cd-7284e342e66c,Access Control,automated_controlName_3029572,4b3c85d9-f93a-42eb-98c5-0590eb368dea,automated_controlName_3029572,Active,Active,Active,,,,,,,,,,,FedRAMP,8e029b33-7408-4620-a7c3-5053edfbf15b,FedRAMP,85b81f43-7b0a-425f-9fab-8890983bdbc4,automated_controlID_3029572,automated_controlid_30295,2026-04-06T05:27:35.000+00:00,2026-04-06,2026,April,04,Quarter 2,4b3c85d9-f93a-42eb-98c5-0590eb368dea,,,,,2564,,,,RiskName_3029572,d9abd16e-5df1-48ee-b7b9-04e8ffbec31f,RiskName_3029572,Risks,Risks,Risk.RiskControl,,,,Pending,Pending,Pending,075069de-c608-4765-9775-c7fe426932f7,Default Control Workflow,PENDING,PENDING,https://Control/Control/85b81f43-7b0a-425f-9fab-8890983bdbc4,Europe/Riga,b99df4a4-2bf5-4c08-9483-bd636470bc11,OTAuto02,b99df4a4-2bf5-4c08-9483-bd636470bc11
Access Control,9d844594-0f5a-41ba-96cd-7284e342e66c,Access Control,automated_controlName_3029572,4b3c85d9-f93a-42eb-98c5-0590eb368dea,automated_controlName_3029572,Active,Active,Active,,,,,,,,,,,FedRAMP,8e029b33-7408-4620-a7c3-5053edfbf15b,FedRAMP,85b81f43-7b0a-425f-9fab-8890983bdbc4,automated_controlID_3029572,automated_controlid_30295,2026-04-05T19:27:35.000+00:00,2026-04-05,2026,April,04,Quarter 2,4b3c85d9-f93a-42eb-98c5-0590eb368dea,,,,,2564,,,,RiskName_3029572,d9abd16e-5df1-48ee-b7b9-04e8ffbec31f,RiskName_3029572,Risks,Risks,Risk.RiskControl,,,,Pending,Pending,Pending,075069de-c608-4765-9775-c7fe426932f7,Default Control Workflow,PENDING,PENDING,https://Control/Control/85b81f43-7b0a-425f-9fab-8890983bdbc4,America/Creston,b99df4a4-2bf5-4c08-9483-bd636470bc11,OTAuto02,b99df4a4-2bf5-4c08-9483-bd636470bc11
Access Control,9d844594-0f5a-41ba-96cd-7284e342e66c,Access Control,automated_controlName_3029572,4b3c85d9-f93a-42eb-98c5-0590eb368dea,automated_controlName_3029572,Active,Active,Active,,,,,,,,,,,FedRAMP,8e029b33-7408-4620-a7c3-5053edfbf15b,FedRAMP,85b81f43-7b0a-425f-9fab-8890983bdbc4,automated_controlID_3029572,automated_controlid_30295,2026-04-05T21:27:35.000+00:00,2026-04-05,2026,April,04,Quarter 2,4b3c85d9-f93a-42eb-98c5-0590eb368dea,,,,,2564,,,,RiskName_3029572,d9abd16e-5df1-48ee-b7b9-04e8ffbec31f,RiskName_3029572,Risks,Risks,Risk.RiskControl,,,,Pending,Pending,Pending,075069de-c608-4765-9775-c7fe426932f7,Default Control Workflow,PENDING,PENDING,https://Control/Control/85b81f43-7b0a-425f-9fab-8890983bdbc4,America/Rainy_River,b99df4a4-2bf5-4c08-9483-bd636470bc11,OTAuto02,b99df4a4-2bf5-4c08-9483-bd636470bc11
Access Control,9d844594-0f5a-41ba-96cd-7284e342e66c,Access Control,automated_controlName_3029572,4b3c85d9-f93a-42eb-98c5-0590eb368dea,automated_controlName_3029572,Active,Active,Active,,,,,,,,,,,FedRAMP,8e029b33-7408-4620-a7c3-5053edfbf15b,FedRAMP,85b81f43-7b0a-425f-9fab-8890983bdbc4,automated_controlID_3029572,automated_controlid_30295,2026-04-05T23:27:35.000+00:00,2026-04-05,2026,April,04,Quarter 2,4b3c85d9-f93a-42eb-98c5-0590eb368dea,,,,,2564,,,,RiskName_3029572,d9abd16e-5df1-48ee-b7b9-04e8ffbec31f,RiskName_3029572,Risks,Risks,Risk.RiskControl,,,,Pending,Pending,Pending,075069de-c608-4765-9775-c7fe426932f7,Default Control Workflow,PENDING,PENDING,https://Control/Control/85b81f43-7b0a-425f-9fab-8890983bdbc4,America/Recife,b99df4a4-2bf5-4c08-9483-bd636470bc11,OTAuto02,b99df4a4-2bf5-4c08-9483-bd636470bc11
Access Control,9d844594-0f5a-41ba-96cd-7284e342e66c,Access Control,automated_controlName_3029572,4b3c85d9-f93a-42eb-98c5-0590eb368dea,automated_controlName_3029572,Active,Active,Active,,,,,,,,,,,FedRAMP,8e029b33-7408-4620-a7c3-5053edfbf15b,FedRAMP,85b81f43-7b0a-425f-9fab-8890983bdbc4,automated_controlID_3029572,automated_controlid_30295,2026-04-05T22:27:35.000+00:00,2026-04-05,2026,April,04,Quarter 2,4b3c85d9-f93a-42eb-98c5-0590eb368dea,,,,,2564,,,,RiskName_3029572,d9abd16e-5df1-48ee-b7b9-04e8ffbec31f,RiskName_3029572,Risks,Risks,Risk.RiskControl,,,,Pending,Pending,Pending,075069de-c608-4765-9775-c7fe426932f7,Default Control Workflow,PENDING,PENDING,https://Control/Control/85b81f43-7b0a-425f-9fab-8890983bdbc4,America/Curacao,b99df4a4-2bf5-4c08-9483-bd636470bc11,OTAuto02,b99df4a4-2bf5-4c08-9483-bd636470bc11
Access Control,9d844594-0f5a-41ba-96cd-7284e342e66c,Access Control,automated_controlName_3029572,4b3c85d9-f93a-42eb-98c5-0590eb368dea,automated_controlName_3029572,Active,Active,Active,,,,,,,,,,,FedRAMP,8e029b33-7408-4620-a7c3-5053edfbf15b,FedRAMP,85b81f43-7b0a-425f-9fab-8890983bdbc4,automated_controlID_3029572,automated_controlid_30295,2026-04-06T04:27:35.000+00:00,2026-04-06,2026,April,04,Quarter 2,4b3c85d9-f93a-42eb-98c5-0590eb368dea,,,,,2564,,,,RiskName_3029572,d9abd16e-5df1-48ee-b7b9-04e8ffbec31f,RiskName_3029572,Risks,Risks,Risk.RiskControl,,,,Pending,Pending,Pending,075069de-c608-4765-9775-c7fe426932f7,Default Control Workflow,PENDING,PENDING,https://Control/Control/85b81f43-7b0a-425f-9fab-8890983bdbc4,Europe/Monaco,b99df4a4-2bf5-4c08-9483-bd636470bc11,OTAuto02,b99df4a4-2bf5-4c08-9483-bd636470bc11
Access Control,9d844594-0f5a-41ba-96cd-7284e342e66c,Access Control,automated_controlName_3029572,4b3c85d9-f93a-42eb-98c5-0590eb368dea,automated_controlName_3029572,Active,Active,Active,,,,,,,,,,,FedRAMP,8e029b33-7408-4620-a7c3-5053edfbf15b,FedRAMP,85b81f43-7b0a-425f-9fab-8890983bdbc4,automated_controlID_3029572,automated_controlid_30295,2026-04-06T00:27:35.000+00:00,2026-04-06,2026,April,04,Quarter 2,4b3c85d9-f93a-42eb-98c5-0590eb368dea,,,,,2564,,,,RiskName_3029572,d9abd16e-5df1-48ee-b7b9-04e8ffbec31f,RiskName_3029572,Risks,Risks,Risk.RiskControl,,,,Pending,Pending,Pending,075069de-c608-4765-9775-c7fe426932f7,Default Control Workflow,PENDING,PENDING,https://Control/Control/85b81f43-7b0a-425f-9fab-8890983bdbc4,America/Noronha,b99df4a4-2bf5-4c08-9483-bd636470bc11,OTAuto02,b99df4a4-2bf5-4c08-9483-bd636470bc11
Access Control,9d844594-0f5a-41ba-96cd-7284e342e66c,Access Control,automated_controlName_3029572,4b3c85d9-f93a-42eb-98c5-0590eb368dea,automated_controlName_3029572,Active,Active,Active,,,,,,,,,,,FedRAMP,8e029b33-7408-4620-a7c3-5053edfbf15b,FedRAMP,85b81f43-7b0a-425f-9fab-8890983bdbc4,automated_controlID_3029572,automated_controlid_30295,2026-04-06T11:57:35.000+00:00,2026-04-06,2026,April,04,Quarter 2,4b3c85d9-f93a-42eb-98c5-0590eb368dea,,,,,2564,,,,RiskName_3029572,d9abd16e-5df1-48ee-b7b9-04e8ffbec31f,RiskName_3029572,Risks,Risks,Risk.RiskControl,,,,Pending,Pending,Pending,075069de-c608-4765-9775-c7fe426932f7,Default Control Workflow,PENDING,PENDING,https://Control/Control/85b81f43-7b0a-425f-9fab-8890983bdbc4,Australia/Adelaide,b99df4a4-2bf5-4c08-9483-bd636470bc11,OTAuto02,b99df4a4-2bf5-4c08-9483-bd636470bc11
Access Control,9d844594-0f5a-41ba-96cd-7284e342e66c,Access Control,automated_controlName_3029572,4b3c85d9-f93a-42eb-98c5-0590eb368dea,automated_controlName_3029572,Active,Active,Active,,,,,,,,,,,FedRAMP,8e029b33-7408-4620-a7c3-5053edfbf15b,FedRAMP,85b81f43-7b0a-425f-9fab-8890983bdbc4,automated_controlID_3029572,automated_controlid_30295,2026-04-06T05:27:35.000+00:00,2026-04-06,2026,April,04,Quarter 2,4b3c85d9-f93a-42eb-98c5-0590eb368dea,,,,,2564,,,,RiskName_3029572,d9abd16e-5df1-48ee-b7b9-04e8ffbec31f,RiskName_3029572,Risks,Risks,Risk.RiskControl,,,,Pending,Pending,Pending,075069de-c608-4765-9775-c7fe426932f7,Default Control Workflow,PENDING,PENDING,https://Control/Control/85b81f43-7b0a-425f-9fab-8890983bdbc4,Europe/Volgograd,b99df4a4-2bf5-4c08-9483-bd636470bc11,OTAuto02,b99df4a4-2bf5-4c08-9483-bd636470bc11
Access Control,9d844594-0f5a-41ba-96cd-7284e342e66c,Access Control,automated_controlName_3029572,4b3c85d9-f93a-42eb-98c5-0590eb368dea,automated_controlName_3029572,Active,Active,Active,,,,,,,,,,,FedRAMP,8e029b33-7408-4620-a7c3-5053edfbf15b,FedRAMP,85b81f43-7b0a-425f-9fab-8890983bdbc4,automated_controlID_3029572,automated_controlid_30295,2026-04-05T23:27:35.000+00:00,2026-04-05,2026,April,04,Quarter 2,4b3c85d9-f93a-42eb-98c5-0590eb368dea,,,,,2564,,,,RiskName_3029572,d9abd16e-5df1-48ee-b7b9-04e8ffbec31f,RiskName_3029572,Risks,Risks,Risk.RiskControl,,,,Pending,Pending,Pending,075069de-c608-4765-9775-c7fe426932f7,Default Control Workflow,PENDING,PENDING,https://Control/Control/85b81f43-7b0a-425f-9fab-8890983bdbc4,America/Catamarca,b99df4a4-2bf5-4c08-9483-bd636470bc11,OTAuto02,b99df4a4-2bf5-4c08-9483-bd636470bc11
Access Control,9d844594-0f5a-41ba-96cd-7284e342e66c,Access Control,automated_controlName_3029572,4b3c85d9-f93a-42eb-98c5-0590eb368dea,automated_controlName_3029572,Active,Active,Active,,,,,,,,,,,FedRAMP,8e029b33-7408-4620-a7c3-5053edfbf15b,FedRAMP,85b81f43-7b0a-425f-9fab-8890983bdbc4,automated_controlID_3029572,automated_controlid_30295,2026-04-05T22:27:35.000+00:00,2026-04-05,2026,April,04,Quarter 2,4b3c85d9-f93a-42eb-98c5-0590eb368dea,,,,,2564,,,,RiskName_3029572,d9abd16e-5df1-48ee-b7b9-04e8ffbec31f,RiskName_3029572,Risks,Risks,Risk.RiskControl,,,,Pending,Pending,Pending,075069de-c608-4765-9775-c7fe426932f7,Default Control Workflow,PENDING,PENDING,https://Control/Control/85b81f43-7b0a-425f-9fab-8890983bdbc4,America/Port_of_Spain,b99df4a4-2bf5-4c08-9483-bd636470bc11,OTAuto02,b99df4a4-2bf5-4c08-9483-bd636470bc11
Access Control,9d844594-0f5a-41ba-96cd-7284e342e66c,Access Control,automated_controlName_3029572,4b3c85d9-f93a-42eb-98c5-0590eb368dea,automated_controlName_3029572,Active,Active,Active,,,,,,,,,,,FedRAMP,8e029b33-7408-4620-a7c3-5053edfbf15b,FedRAMP,85b81f43-7b0a-425f-9fab-8890983bdbc4,automated_controlID_3029572,automated_controlid_30295,2026-04-06T04:27:35.000+00:00,2026-04-06,2026,April,04,Quarter 2,4b3c85d9-f93a-42eb-98c5-0590eb368dea,,,,,2564,,,,RiskName_3029572,d9abd16e-5df1-48ee-b7b9-04e8ffbec31f,RiskName_3029572,Risks,Risks,Risk.RiskControl,,,,Pending,Pending,Pending,075069de-c608-4765-9775-c7fe426932f7,Default Control Workflow,PENDING,PENDING,https://Control/Control/85b81f43-7b0a-425f-9fab-8890983bdbc4,Europe/Busingen,b99df4a4-2bf5-4c08-9483-bd636470bc11,OTAuto02,b99df4a4-2bf5-4c08-9483-bd636470bc11
Access Control,9d844594-0f5a-41ba-96cd-7284e342e66c,Access Control,automated_controlName_3029572,4b3c85d9-f93a-42eb-98c5-0590eb368dea,automated_controlName_3029572,Active,Active,Active,,,,,,,,,,,FedRAMP,8e029b33-7408-4620-a7c3-5053edfbf15b,FedRAMP,85b81f43-7b0a-425f-9fab-8890983bdbc4,automated_controlID_3029572,automated_controlid_30295,2026-04-06T03:27:35.000+00:00,2026-04-06,2026,April,04,Quarter 2,4b3c85d9-f93a-42eb-98c5-0590eb368dea,,,,,2564,,,,RiskName_3029572,d9abd16e-5df1-48ee-b7b9-04e8ffbec31f,RiskName_3029572,Risks,Risks,Risk.RiskControl,,,,Pending,Pending,Pending,075069de-c608-4765-9775-c7fe426932f7,Default Control Workflow,PENDING,PENDING,https://Control/Control/85b81f43-7b0a-425f-9fab-8890983bdbc4,Europe/Isle_of_Man,b99df4a4-2bf5-4c08-9483-bd636470bc11,OTAuto02,b99df4a4-2bf5-4c08-9483-bd636470bc11
Access Control,9d844594-0f5a-41ba-96cd-7284e342e66c,Access Control,automated_controlName_3029572,4b3c85d9-f93a-42eb-98c5-0590eb368dea,automated_controlName_3029572,Active,Active,Active,,,,,,,,,,,FedRAMP,8e029b33-7408-4620-a7c3-5053edfbf15b,FedRAMP,85b81f43-7b0a-425f-9fab-8890983bdbc4,automated_controlID_3029572,automated_controlid_30295,2026-04-05T21:27:35.000+00:00,2026-04-05,2026,April,04,Quarter 2,4b3c85d9-f93a-42eb-98c5-0590eb368dea,,,,,2564,,,,RiskName_3029572,d9abd16e-5df1-48ee-b7b9-04e8ffbec31f,RiskName_3029572,Risks,Risks,Risk.RiskControl,,,,Pending,Pending,Pending,075069de-c608-4765-9775-c7fe426932f7,Default Control Workflow,PENDING,PENDING,https://Control/Control/85b81f43-7b0a-425f-9fab-8890983bdbc4,America/Coral_Harbour,b99df4a4-2bf5-4c08-9483-bd636470bc11,OTAuto02,b99df4a4-2bf5-4c08-9483-bd636470bc11
Access Control,9d844594-0f5a-41ba-96cd-7284e342e66c,Access Control,automated_controlName_3029572,4b3c85d9-f93a-42eb-98c5-0590eb368dea,automated_controlName_3029572,Active,Active,Active,,,,,,,,,,,FedRAMP,8e029b33-7408-4620-a7c3-5053edfbf15b,FedRAMP,85b81f43-7b0a-425f-9fab-8890983bdbc4,automated_controlID_3029572,automated_controlid_30295,2026-04-06T06:27:35.000+00:00,2026-04-06,2026,April,04,Quarter 2,4b3c85d9-f93a-42eb-98c5-0590eb368dea,,,,,2564,,,,RiskName_3029572,d9abd16e-5df1-48ee-b7b9-04e8ffbec31f,RiskName_3029572,Risks,Risks,Risk.RiskControl,,,,Pending,Pending,Pending,075069de-c608-4765-9775-c7fe426932f7,Default Control Workflow,PENDING,PENDING,https://Control/Control/85b81f43-7b0a-425f-9fab-8890983bdbc4,Etc/GMT-4,b99df4a4-2bf5-4c08-9483-bd636470bc11,OTAuto02,b99df4a4-2bf5-4c08-9483-bd636470bc11
Access Control,9d844594-0f5a-41ba-96cd-7284e342e66c,Access Control,automated_controlName_3029572,4b3c85d9-f93a-42eb-98c5-0590eb368dea,automated_controlName_3029572,Active,Active,Active,,,,,,,,,,,FedRAMP,8e029b33-7408-4620-a7c3-5053edfbf15b,FedRAMP,85b81f43-7b0a-425f-9fab-8890983bdbc4,automated_controlID_3029572,automated_controlid_30295,2026-04-05T15:27:35.000+00:00,2026-04-05,2026,April,04,Quarter 2,4b3c85d9-f93a-42eb-98c5-0590eb368dea,,,,,2564,,,,RiskName_3029572,d9abd16e-5df1-48ee-b7b9-04e8ffbec31f,RiskName_3029572,Risks,Risks,Risk.RiskControl,,,,Pending,Pending,Pending,075069de-c608-4765-9775-c7fe426932f7,Default Control Workflow,PENDING,PENDING,https://Control/Control/85b81f43-7b0a-425f-9fab-8890983bdbc4,Pacific/Pago_Pago,b99df4a4-2bf5-4c08-9483-bd636470bc11,OTAuto02,b99df4a4-2bf5-4c08-9483-bd636470bc11
Access Control,9d844594-0f5a-41ba-96cd-7284e342e66c,Access Control,automated_controlName_3029572,4b3c85d9-f93a-42eb-98c5-0590eb368dea,automated_controlName_3029572,Active,Active,Active,,,,,,,,,,,FedRAMP,8e029b33-7408-4620-a7c3-5053edfbf15b,FedRAMP,85b81f43-7b0a-425f-9fab-8890983bdbc4,automated_controlID_3029572,automated_controlid_30295,2026-04-06T15:12:35.000+00:00,2026-04-06,2026,April,04,Quarter 2,4b3c85d9-f93a-42eb-98c5-0590eb368dea,,,,,2564,,,,RiskName_3029572,d9abd16e-5df1-48ee-b7b9-04e8ffbec31f,RiskName_3029572,Risks,Risks,Risk.RiskControl,,,,Pending,Pending,Pending,075069de-c608-4765-9775-c7fe426932f7,Default Control Workflow,PENDING,PENDING,https://Control/Control/85b81f43-7b0a-425f-9fab-8890983bdbc4,Pacific/Chatham,b99df4a4-2bf5-4c08-9483-bd636470bc11,OTAuto02,b99df4a4-2bf5-4c08-9483-bd636470bc11
Access Control,9d844594-0f5a-41ba-96cd-7284e342e66c,Access Control,automated_controlName_3029572,4b3c85d9-f93a-42eb-98c5-0590eb368dea,automated_controlName_3029572,Active,Active,Active,,,,,,,,,,,FedRAMP,8e029b33-7408-4620-a7c3-5053edfbf15b,FedRAMP,85b81f43-7b0a-425f-9fab-8890983bdbc4,automated_controlID_3029572,automated_controlid_30295,2026-04-06T09:27:35.000+00:00,2026-04-06,2026,April,04,Quarter 2,4b3c85d9-f93a-42eb-98c5-0590eb368dea,,,,,2564,,,,RiskName_3029572,d9abd16e-5df1-48ee-b7b9-04e8ffbec31f,RiskName_3029572,Risks,Risks,Risk.RiskControl,,,,Pending,Pending,Pending,075069de-c608-4765-9775-c7fe426932f7,Default Control Workflow,PENDING,PENDING,https://Control/Control/85b81f43-7b0a-425f-9fab-8890983bdbc4,Asia/Jakarta,b99df4a4-2bf5-4c08-9483-bd636470bc11,OTAuto02,b99df4a4-2bf5-4c08-9483-bd636470bc11
Access Control,9d844594-0f5a-41ba-96cd-7284e342e66c,Access Control,automated_controlName_3029572,4b3c85d9-f93a-42eb-98c5-0590eb368dea,automated_controlName_3029572,Active,Active,Active,,,,,,,,,,,FedRAMP,8e029b33-7408-4620-a7c3-5053edfbf15b,FedRAMP,85b81f43-7b0a-425f-9fab-8890983bdbc4,automated_controlID_3029572,automated_controlid_30295,2026-04-05T21:27:35.000+00:00,2026-04-05,2026,April,04,Quarter 2,4b3c85d9-f93a-42eb-98c5-0590eb368dea,,,,,2564,,,,RiskName_3029572,d9abd16e-5df1-48ee-b7b9-04e8ffbec31f,RiskName_3029572,Risks,Risks,Risk.RiskControl,,,,Pending,Pending,Pending,075069de-c608-4765-9775-c7fe426932f7,Default Control Workflow,PENDING,PENDING,https://Control/Control/85b81f43-7b0a-425f-9fab-8890983bdbc4,America/Atikokan,b99df4a4-2bf5-4c08-9483-bd636470bc11,OTAuto02,b99df4a4-2bf5-4c08-9483-bd636470bc11
Access Control,9d844594-0f5a-41ba-96cd-7284e342e66c,Access Control,automated_controlName_3029572,4b3c85d9-f93a-42eb-98c5-0590eb368dea,automated_controlName_3029572,Active,Active,Active,,,,,,,,,,,FedRAMP,8e029b33-7408-4620-a7c3-5053edfbf15b,FedRAMP,85b81f43-7b0a-425f-9fab-8890983bdbc4,automated_controlID_3029572,automated_controlid_30295,2026-04-05T23:27:35.000+00:00,2026-04-05,2026,April,04,Quarter 2,4b3c85d9-f93a-42eb-98c5-0590eb368dea,,,,,2564,,,,RiskName_3029572,d9abd16e-5df1-48ee-b7b9-04e8ffbec31f,RiskName_3029572,Risks,Risks,Risk.RiskControl,,,,Pending,Pending,Pending,075069de-c608-4765-9775-c7fe426932f7,Default Control Workflow,PENDING,PENDING,https://Control/Control/85b81f43-7b0a-425f-9fab-8890983bdbc4,America/Montevideo,b99df4a4-2bf5-4c08-9483-bd636470bc11,OTAuto02,b99df4a4-2bf5-4c08-9483-bd636470bc11
Access Control,9d844594-0f5a-41ba-96cd-7284e342e66c,Access Control,automated_controlName_3029572,4b3c85d9-f93a-42eb-98c5-0590eb368dea,automated_controlName_3029572,Active,Active,Active,,,,,,,,,,,FedRAMP,8e029b33-7408-4620-a7c3-5053edfbf15b,FedRAMP,85b81f43-7b0a-425f-9fab-8890983bdbc4,automated_controlID_3029572,automated_controlid_30295,2026-04-06T06:27:35.000+00:00,2026-04-06,2026,April,04,Quarter 2,4b3c85d9-f93a-42eb-98c5-0590eb368dea,,,,,2564,,,,RiskName_3029572,d9abd16e-5df1-48ee-b7b9-04e8ffbec31f,RiskName_3029572,Risks,Risks,Risk.RiskControl,,,,Pending,Pending,Pending,075069de-c608-4765-9775-c7fe426932f7,Default Control Workflow,PENDING,PENDING,https://Control/Control/85b81f43-7b0a-425f-9fab-8890983bdbc4,Indian/Reunion,b99df4a4-2bf5-4c08-9483-bd636470bc11,OTAuto02,b99df4a4-2bf5-4c08-9483-bd636470bc11
Access Control,9d844594-0f5a-41ba-96cd-7284e342e66c,Access Control,automated_controlName_3029572,4b3c85d9-f93a-42eb-98c5-0590eb368dea,automated_controlName_3029572,Active,Active,Active,,,,,,,,,,,FedRAMP,8e029b33-7408-4620-a7c3-5053edfbf15b,FedRAMP,85b81f43-7b0a-425f-9fab-8890983bdbc4,automated_controlID_3029572,automated_controlid_30295,2026-04-05T22:27:35.000+00:00,2026-04-05,2026,April,04,Quarter 2,4b3c85d9-f93a-42eb-98c5-0590eb368dea,,,,,2564,,,,RiskName_3029572,d9abd16e-5df1-48ee-b7b9-04e8ffbec31f,RiskName_3029572,Risks,Risks,Risk.RiskControl,,,,Pending,Pending,Pending,075069de-c608-4765-9775-c7fe426932f7,Default Control Workflow,PENDING,PENDING,https://Control/Control/85b81f43-7b0a-425f-9fab-8890983bdbc4,America/Cuiaba,b99df4a4-2bf5-4c08-9483-bd636470bc11,OTAuto02,b99df4a4-2bf5-4c08-9483-bd636470bc11
Access Control,9d844594-0f5a-41ba-96cd-7284e342e66c,Access Control,automated_controlName_3029572,4b3c85d9-f93a-42eb-98c5-0590eb368dea,automated_controlName_3029572,Active,Active,Active,,,,,,,,,,,FedRAMP,8e029b33-7408-4620-a7c3-5053edfbf15b,FedRAMP,85b81f43-7b0a-425f-9fab-8890983bdbc4,automated_controlID_3029572,automated_controlid_30295,2026-04-06T03:27:35.000+00:00,2026-04-06,2026,April,04,Quarter 2,4b3c85d9-f93a-42eb-98c5-0590eb368dea,,,,,2564,,,,RiskName_3029572,d9abd16e-5df1-48ee-b7b9-04e8ffbec31f,RiskName_3029572,Risks,Risks,Risk.RiskControl,,,,Pending,Pending,Pending,075069de-c608-4765-9775-c7fe426932f7,Default Control Workflow,PENDING,PENDING,https://Control/Control/85b81f43-7b0a-425f-9fab-8890983bdbc4,Africa/Kinshasa,b99df4a4-2bf5-4c08-9483-bd636470bc11,OTAuto02,b99df4a4-2bf5-4c08-9483-bd636470bc11
Access Control,9d844594-0f5a-41ba-96cd-7284e342e66c,Access Control,automated_controlName_3029572,4b3c85d9-f93a-42eb-98c5-0590eb368dea,automated_controlName_3029572,Active,Active,Active,,,,,,,,,,,FedRAMP,8e029b33-7408-4620-a7c3-5053edfbf15b,FedRAMP,85b81f43-7b0a-425f-9fab-8890983bdbc4,automated_controlID_3029572,automated_controlid_30295,2026-04-05T20:27:35.000+00:00,2026-04-05,2026,April,04,Quarter 2,4b3c85d9-f93a-42eb-98c5-0590eb368dea,,,,,2564,,,,RiskName_3029572,d9abd16e-5df1-48ee-b7b9-04e8ffbec31f,RiskName_3029572,Risks,Risks,Risk.RiskControl,,,,Pending,Pending,Pending,075069de-c608-4765-9775-c7fe426932f7,Default Control Workflow,PENDING,PENDING,https://Control/Control/85b81f43-7b0a-425f-9fab-8890983bdbc4,America/Ciudad_Juarez,b99df4a4-2bf5-4c08-9483-bd636470bc11,OTAuto02,b99df4a4-2bf5-4c08-9483-bd636470bc11
Access Control,9d844594-0f5a-41ba-96cd-7284e342e66c,Access Control,automated_controlName_3029572,4b3c85d9-f93a-42eb-98c5-0590eb368dea,automated_controlName_3029572,Active,Active,Active,,,,,,,,,,,FedRAMP,8e029b33-7408-4620-a7c3-5053edfbf15b,FedRAMP,85b81f43-7b0a-425f-9fab-8890983bdbc4,automated_controlID_3029572,automated_controlid_30295,2026-04-05T20:27:35.000+00:00,2026-04-05,2026,April,04,Quarter 2,4b3c85d9-f93a-42eb-98c5-0590eb368dea,,,,,2564,,,,RiskName_3029572,d9abd16e-5df1-48ee-b7b9-04e8ffbec31f,RiskName_3029572,Risks,Risks,Risk.RiskControl,,,,Pending,Pending,Pending,075069de-c608-4765-9775-c7fe426932f7,Default Control Workflow,PENDING,PENDING,https://Control/Control/85b81f43-7b0a-425f-9fab-8890983bdbc4,Navajo,b99df4a4-2bf5-4c08-9483-bd636470bc11,OTAuto02,b99df4a4-2bf5-4c08-9483-bd636470bc11
Access Control,9d844594-0f5a-41ba-96cd-7284e342e66c,Access Control,automated_controlName_3029572,4b3c85d9-f93a-42eb-98c5-0590eb368dea,automated_controlName_3029572,Active,Active,Active,,,,,,,,,,,FedRAMP,8e029b33-7408-4620-a7c3-5053edfbf15b,FedRAMP,85b81f43-7b0a-425f-9fab-8890983bdbc4,automated_controlID_3029572,automated_controlid_30295,2026-04-06T04:27:35.000+00:00,2026-04-06,2026,April,04,Quarter 2,4b3c85d9-f93a-42eb-98c5-0590eb368dea,,,,,2564,,,,RiskName_3029572,d9abd16e-5df1-48ee-b7b9-04e8ffbec31f,RiskName_3029572,Risks,Risks,Risk.RiskControl,,,,Pending,Pending,Pending,075069de-c608-4765-9775-c7fe426932f7,Default Control Workflow,PENDING,PENDING,https://Control/Control/85b81f43-7b0a-425f-9fab-8890983bdbc4,Europe/Prague,b99df4a4-2bf5-4c08-9483-bd636470bc11,OTAuto02,b99df4a4-2bf5-4c08-9483-bd636470bc11
Access Control,9d844594-0f5a-41ba-96cd-7284e342e66c,Access Control,automated_controlName_3029572,4b3c85d9-f93a-42eb-98c5-0590eb368dea,automated_controlName_3029572,Active,Active,Active,,,,,,,,,,,FedRAMP,8e029b33-7408-4620-a7c3-5053edfbf15b,FedRAMP,85b81f43-7b0a-425f-9fab-8890983bdbc4,automated_controlID_3029572,automated_controlid_30295,2026-04-06T05:27:35.000+00:00,2026-04-06,2026,April,04,Quarter 2,4b3c85d9-f93a-42eb-98c5-0590eb368dea,,,,,2564,,,,RiskName_3029572,d9abd16e-5df1-48ee-b7b9-04e8ffbec31f,RiskName_3029572,Risks,Risks,Risk.RiskControl,,,,Pending,Pending,Pending,075069de-c608-4765-9775-c7fe426932f7,Default Control Workflow,PENDING,PENDING,https://Control/Control/85b81f43-7b0a-425f-9fab-8890983bdbc4,Antarctica/Syowa,b99df4a4-2bf5-4c08-9483-bd636470bc11,OTAuto02,b99df4a4-2bf5-4c08-9483-bd636470bc11
Access Control,9d844594-0f5a-41ba-96cd-7284e342e66c,Access Control,automated_controlName_3029572,4b3c85d9-f93a-42eb-98c5-0590eb368dea,automated_controlName_3029572,Active,Active,Active,,,,,,,,,,,FedRAMP,8e029b33-7408-4620-a7c3-5053edfbf15b,FedRAMP,85b81f43-7b0a-425f-9fab-8890983bdbc4,automated_controlID_3029572,automated_controlid_30295,2026-04-05T19:27:35.000+00:00,2026-04-05,2026,April,04,Quarter 2,4b3c85d9-f93a-42eb-98c5-0590eb368dea,,,,,2564,,,,RiskName_3029572,d9abd16e-5df1-48ee-b7b9-04e8ffbec31f,RiskName_3029572,Risks,Risks,Risk.RiskControl,,,,Pending,Pending,Pending,075069de-c608-4765-9775-c7fe426932f7,Default Control Workflow,PENDING,PENDING,https://Control/Control/85b81f43-7b0a-425f-9fab-8890983bdbc4,Mexico/BajaSur,b99df4a4-2bf5-4c08-9483-bd636470bc11,OTAuto02,b99df4a4-2bf5-4c08-9483-bd636470bc11
Access Control,9d844594-0f5a-41ba-96cd-7284e342e66c,Access Control,automated_controlName_3029572,4b3c85d9-f93a-42eb-98c5-0590eb368dea,automated_controlName_3029572,Active,Active,Active,,,,,,,,,,,FedRAMP,8e029b33-7408-4620-a7c3-5053edfbf15b,FedRAMP,85b81f43-7b0a-425f-9fab-8890983bdbc4,automated_controlID_3029572,automated_controlid_30295,2026-04-06T02:27:35.000+00:00,2026-04-06,2026,April,04,Quarter 2,4b3c85d9-f93a-42eb-98c5-0590eb368dea,,,,,2564,,,,RiskName_3029572,d9abd16e-5df1-48ee-b7b9-04e8ffbec31f,RiskName_3029572,Risks,Risks,Risk.RiskControl,,,,Pending,Pending,Pending,075069de-c608-4765-9775-c7fe426932f7,Default Control Workflow,PENDING,PENDING,https://Control/Control/85b81f43-7b0a-425f-9fab-8890983bdbc4,GMT,b99df4a4-2bf5-4c08-9483-bd636470bc11,OTAuto02,b99df4a4-2bf5-4c08-9483-bd636470bc11
Access Control,9d844594-0f5a-41ba-96cd-7284e342e66c,Access Control,automated_controlName_3029572,4b3c85d9-f93a-42eb-98c5-0590eb368dea,automated_controlName_3029572,Active,Active,Active,,,,,,,,,,,FedRAMP,8e029b33-7408-4620-a7c3-5053edfbf15b,FedRAMP,85b81f43-7b0a-425f-9fab-8890983bdbc4,automated_controlID_3029572,automated_controlid_30295,2026-04-06T09:27:35.000+00:00,2026-04-06,2026,April,04,Quarter 2,4b3c85d9-f93a-42eb-98c5-0590eb368dea,,,,,2564,,,,RiskName_3029572,d9abd16e-5df1-48ee-b7b9-04e8ffbec31f,RiskName_3029572,Risks,Risks,Risk.RiskControl,,,,Pending,Pending,Pending,075069de-c608-4765-9775-c7fe426932f7,Default Control Workflow,PENDING,PENDING,https://Control/Control/85b81f43-7b0a-425f-9fab-8890983bdbc4,Asia/Ho_Chi_Minh,b99df4a4-2bf5-4c08-9483-bd636470bc11,OTAuto02,b99df4a4-2bf5-4c08-9483-bd636470bc11
Access Control,9d844594-0f5a-41ba-96cd-7284e342e66c,Access Control,automated_controlName_3029572,4b3c85d9-f93a-42eb-98c5-0590eb368dea,automated_controlName_3029572,Active,Active,Active,,,,,,,,,,,FedRAMP,8e029b33-7408-4620-a7c3-5053edfbf15b,FedRAMP,85b81f43-7b0a-425f-9fab-8890983bdbc4,automated_controlID_3029572,automated_controlid_30295,2026-04-05T22:27:35.000+00:00,2026-04-05,2026,April,04,Quarter 2,4b3c85d9-f93a-42eb-98c5-0590eb368dea,,,,,2564,,,,RiskName_3029572,d9abd16e-5df1-48ee-b7b9-04e8ffbec31f,RiskName_3029572,Risks,Risks,Risk.RiskControl,,,,Pending,Pending,Pending,075069de-c608-4765-9775-c7fe426932f7,Default Control Workflow,PENDING,PENDING,https://Control/Control/85b81f43-7b0a-425f-9fab-8890983bdbc4,America/La_Paz,b99df4a4-2bf5-4c08-9483-bd636470bc11,OTAuto02,b99df4a4-2bf5-4c08-9483-bd636470bc11
Access Control,9d844594-0f5a-41ba-96cd-7284e342e66c,Access Control,automated_controlName_3029572,4b3c85d9-f93a-42eb-98c5-0590eb368dea,automated_controlName_3029572,Active,Active,Active,,,,,,,,,,,FedRAMP,8e029b33-7408-4620-a7c3-5053edfbf15b,FedRAMP,85b81f43-7b0a-425f-9fab-8890983bdbc4,automated_controlID_3029572,automated_controlid_30295,2026-04-06T12:27:35.000+00:00,2026-04-06,2026,April,04,Quarter 2,4b3c85d9-f93a-42eb-98c5-0590eb368dea,,,,,2564,,,,RiskName_3029572,d9abd16e-5df1-48ee-b7b9-04e8ffbec31f,RiskName_3029572,Risks,Risks,Risk.RiskControl,,,,Pending,Pending,Pending,075069de-c608-4765-9775-c7fe426932f7,Default Control Workflow,PENDING,PENDING,https://Control/Control/85b81f43-7b0a-425f-9fab-8890983bdbc4,Etc/GMT-10,b99df4a4-2bf5-4c08-9483-bd636470bc11,OTAuto02,b99df4a4-2bf5-4c08-9483-bd636470bc11
Access Control,9d844594-0f5a-41ba-96cd-7284e342e66c,Access Control,automated_controlName_3029572,4b3c85d9-f93a-42eb-98c5-0590eb368dea,automated_controlName_3029572,Active,Active,Active,,,,,,,,,,,FedRAMP,8e029b33-7408-4620-a7c3-5053edfbf15b,FedRAMP,85b81f43-7b0a-425f-9fab-8890983bdbc4,automated_controlID_3029572,automated_controlid_30295,2026-04-05T21:27:35.000+00:00,2026-04-05,2026,April,04,Quarter 2,4b3c85d9-f93a-42eb-98c5-0590eb368dea,,,,,2564,,,,RiskName_3029572,d9abd16e-5df1-48ee-b7b9-04e8ffbec31f,RiskName_3029572,Risks,Risks,Risk.RiskControl,,,,Pending,Pending,Pending,075069de-c608-4765-9775-c7fe426932f7,Default Control Workflow,PENDING,PENDING,https://Control/Control/85b81f43-7b0a-425f-9fab-8890983bdbc4,America/Rankin_Inlet,b99df4a4-2bf5-4c08-9483-bd636470bc11,OTAuto02,b99df4a4-2bf5-4c08-9483-bd636470bc11
Access Control,9d844594-0f5a-41ba-96cd-7284e342e66c,Access Control,automated_controlName_3029572,4b3c85d9-f93a-42eb-98c5-0590eb368dea,automated_controlName_3029572,Active,Active,Active,,,,,,,,,,,FedRAMP,8e029b33-7408-4620-a7c3-5053edfbf15b,FedRAMP,85b81f43-7b0a-425f-9fab-8890983bdbc4,automated_controlID_3029572,automated_controlid_30295,2026-04-06T13:27:35.000+00:00,2026-04-06,2026,April,04,Quarter 2,4b3c85d9-f93a-42eb-98c5-0590eb368dea,,,,,2564,,,,RiskName_3029572,d9abd16e-5df1-48ee-b7b9-04e8ffbec31f,RiskName_3029572,Risks,Risks,Risk.RiskControl,,,,Pending,Pending,Pending,075069de-c608-4765-9775-c7fe426932f7,Default Control Workflow,PENDING,PENDING,https://Control/Control/85b81f43-7b0a-425f-9fab-8890983bdbc4,Pacific/Pohnpei,b99df4a4-2bf5-4c08-9483-bd636470bc11,OTAuto02,b99df4a4-2bf5-4c08-9483-bd636470bc11
Access Control,9d844594-0f5a-41ba-96cd-7284e342e66c,Access Control,automated_controlName_3029572,4b3c85d9-f93a-42eb-98c5-0590eb368dea,automated_controlName_3029572,Active,Active,Active,,,,,,,,,,,FedRAMP,8e029b33-7408-4620-a7c3-5053edfbf15b,FedRAMP,85b81f43-7b0a-425f-9fab-8890983bdbc4,automated_controlID_3029572,automated_controlid_30295,2026-04-06T14:27:35.000+00:00,2026-04-06,2026,April,04,Quarter 2,4b3c85d9-f93a-42eb-98c5-0590eb368dea,,,,,2564,,,,RiskName_3029572,d9abd16e-5df1-48ee-b7b9-04e8ffbec31f,RiskName_3029572,Risks,Risks,Risk.RiskControl,,,,Pending,Pending,Pending,075069de-c608-4765-9775-c7fe426932f7,Default Control Workflow,PENDING,PENDING,https://Control/Control/85b81f43-7b0a-425f-9fab-8890983bdbc4,Pacific/Majuro,b99df4a4-2bf5-4c08-9483-bd636470bc11,OTAuto02,b99df4a4-2bf5-4c08-9483-bd636470bc11
Access Control,9d844594-0f5a-41ba-96cd-7284e342e66c,Access Control,automated_controlName_3029572,4b3c85d9-f93a-42eb-98c5-0590eb368dea,automated_controlName_3029572,Active,Active,Active,,,,,,,,,,,FedRAMP,8e029b33-7408-4620-a7c3-5053edfbf15b,FedRAMP,85b81f43-7b0a-425f-9fab-8890983bdbc4,automated_controlID_3029572,automated_controlid_30295,2026-04-05T22:27:35.000+00:00,2026-04-05,2026,April,04,Quarter 2,4b3c85d9-f93a-42eb-98c5-0590eb368dea,,,,,2564,,,,RiskName_3029572,d9abd16e-5df1-48ee-b7b9-04e8ffbec31f,RiskName_3029572,Risks,Risks,Risk.RiskControl,,,,Pending,Pending,Pending,075069de-c608-4765-9775-c7fe426932f7,Default Control Workflow,PENDING,PENDING,https://Control/Control/85b81f43-7b0a-425f-9fab-8890983bdbc4,America/Guyana,b99df4a4-2bf5-4c08-9483-bd636470bc11,OTAuto02,b99df4a4-2bf5-4c08-9483-bd636470bc11
Access Control,9d844594-0f5a-41ba-96cd-7284e342e66c,Access Control,automated_controlName_3029572,4b3c85d9-f93a-42eb-98c5-0590eb368dea,automated_controlName_3029572,Active,Active,Active,,,,,,,,,,,FedRAMP,8e029b33-7408-4620-a7c3-5053edfbf15b,FedRAMP,85b81f43-7b0a-425f-9fab-8890983bdbc4,automated_controlID_3029572,automated_controlid_30295,2026-04-06T11:12:35.000+00:00,2026-04-06,2026,April,04,Quarter 2,4b3c85d9-f93a-42eb-98c5-0590eb368dea,,,,,2564,,,,RiskName_3029572,d9abd16e-5df1-48ee-b7b9-04e8ffbec31f,RiskName_3029572,Risks,Risks,Risk.RiskControl,,,,Pending,Pending,Pending,075069de-c608-4765-9775-c7fe426932f7,Default Control Workflow,PENDING,PENDING,https://Control/Control/85b81f43-7b0a-425f-9fab-8890983bdbc4,Australia/Eucla,b99df4a4-2bf5-4c08-9483-bd636470bc11,OTAuto02,b99df4a4-2bf5-4c08-9483-bd636470bc11
Access Control,9d844594-0f5a-41ba-96cd-7284e342e66c,Access Control,automated_controlName_3029572,4b3c85d9-f93a-42eb-98c5-0590eb368dea,automated_controlName_3029572,Active,Active,Active,,,,,,,,,,,FedRAMP,8e029b33-7408-4620-a7c3-5053edfbf15b,FedRAMP,85b81f43-7b0a-425f-9fab-8890983bdbc4,automated_controlID_3029572,automated_controlid_30295,2026-04-05T23:27:35.000+00:00,2026-04-05,2026,April,04,Quarter 2,4b3c85d9-f93a-42eb-98c5-0590eb368dea,,,,,2564,,,,RiskName_3029572,d9abd16e-5df1-48ee-b7b9-04e8ffbec31f,RiskName_3029572,Risks,Risks,Risk.RiskControl,,,,Pending,Pending,Pending,075069de-c608-4765-9775-c7fe426932f7,Default Control Workflow,PENDING,PENDING,https://Control/Control/85b81f43-7b0a-425f-9fab-8890983bdbc4,America/Argentina/San_Luis,b99df4a4-2bf5-4c08-9483-bd636470bc11,OTAuto02,b99df4a4-2bf5-4c08-9483-bd636470bc11
Access Control,9d844594-0f5a-41ba-96cd-7284e342e66c,Access Control,automated_controlName_3029572,4b3c85d9-f93a-42eb-98c5-0590eb368dea,automated_controlName_3029572,Active,Active,Active,,,,,,,,,,,FedRAMP,8e029b33-7408-4620-a7c3-5053edfbf15b,FedRAMP,85b81f43-7b0a-425f-9fab-8890983bdbc4,automated_controlID_3029572,automated_controlid_30295,2026-04-06T04:27:35.000+00:00,2026-04-06,2026,April,04,Quarter 2,4b3c85d9-f93a-42eb-98c5-0590eb368dea,,,,,2564,,,,RiskName_3029572,d9abd16e-5df1-48ee-b7b9-04e8ffbec31f,RiskName_3029572,Risks,Risks,Risk.RiskControl,,,,Pending,Pending,Pending,075069de-c608-4765-9775-c7fe426932f7,Default Control Workflow,PENDING,PENDING,https://Control/Control/85b81f43-7b0a-425f-9fab-8890983bdbc4,Europe/Malta,b99df4a4-2bf5-4c08-9483-bd636470bc11,OTAuto02,b99df4a4-2bf5-4c08-9483-bd636470bc11
Access Control,9d844594-0f5a-41ba-96cd-7284e342e66c,Access Control,automated_controlName_3029572,4b3c85d9-f93a-42eb-98c5-0590eb368dea,automated_controlName_3029572,Active,Active,Active,,,,,,,,,,,FedRAMP,8e029b33-7408-4620-a7c3-5053edfbf15b,FedRAMP,85b81f43-7b0a-425f-9fab-8890983bdbc4,automated_controlID_3029572,automated_controlid_30295,2026-04-05T23:27:35.000+00:00,2026-04-05,2026,April,04,Quarter 2,4b3c85d9-f93a-42eb-98c5-0590eb368dea,,,,,2564,,,,RiskName_3029572,d9abd16e-5df1-48ee-b7b9-04e8ffbec31f,RiskName_3029572,Risks,Risks,Risk.RiskControl,,,,Pending,Pending,Pending,075069de-c608-4765-9775-c7fe426932f7,Default Control Workflow,PENDING,PENDING,https://Control/Control/85b81f43-7b0a-425f-9fab-8890983bdbc4,America/Argentina/San_Juan,b99df4a4-2bf5-4c08-9483-bd636470bc11,OTAuto02,b99df4a4-2bf5-4c08-9483-bd636470bc11
Access Control,9d844594-0f5a-41ba-96cd-7284e342e66c,Access Control,automated_controlName_3029572,4b3c85d9-f93a-42eb-98c5-0590eb368dea,automated_controlName_3029572,Active,Active,Active,,,,,,,,,,,FedRAMP,8e029b33-7408-4620-a7c3-5053edfbf15b,FedRAMP,85b81f43-7b0a-425f-9fab-8890983bdbc4,automated_controlID_3029572,automated_controlid_30295,2026-04-06T04:27:35.000+00:00,2026-04-06,2026,April,04,Quarter 2,4b3c85d9-f93a-42eb-98c5-0590eb368dea,,,,,2564,,,,RiskName_3029572,d9abd16e-5df1-48ee-b7b9-04e8ffbec31f,RiskName_3029572,Risks,Risks,Risk.RiskControl,,,,Pending,Pending,Pending,075069de-c608-4765-9775-c7fe426932f7,Default Control Workflow,PENDING,PENDING,https://Control/Control/85b81f43-7b0a-425f-9fab-8890983bdbc4,Africa/Maputo,b99df4a4-2bf5-4c08-9483-bd636470bc11,OTAuto02,b99df4a4-2bf5-4c08-9483-bd636470bc11
Access Control,9d844594-0f5a-41ba-96cd-7284e342e66c,Access Control,automated_controlName_3029572,4b3c85d9-f93a-42eb-98c5-0590eb368dea,automated_controlName_3029572,Active,Active,Active,,,,,,,,,,,FedRAMP,8e029b33-7408-4620-a7c3-5053edfbf15b,FedRAMP,85b81f43-7b0a-425f-9fab-8890983bdbc4,automated_controlID_3029572,automated_controlid_30295,2026-04-05T22:27:35.000+00:00,2026-04-05,2026,April,04,Quarter 2,4b3c85d9-f93a-42eb-98c5-0590eb368dea,,,,,2564,,,,RiskName_3029572,d9abd16e-5df1-48ee-b7b9-04e8ffbec31f,RiskName_3029572,Risks,Risks,Risk.RiskControl,,,,Pending,Pending,Pending,075069de-c608-4765-9775-c7fe426932f7,Default Control Workflow,PENDING,PENDING,https://Control/Control/85b81f43-7b0a-425f-9fab-8890983bdbc4,America/Toronto,b99df4a4-2bf5-4c08-9483-bd636470bc11,OTAuto02,b99df4a4-2bf5-4c08-9483-bd636470bc11
Access Control,9d844594-0f5a-41ba-96cd-7284e342e66c,Access Control,automated_controlName_3029572,4b3c85d9-f93a-42eb-98c5-0590eb368dea,automated_controlName_3029572,Active,Active,Active,,,,,,,,,,,FedRAMP,8e029b33-7408-4620-a7c3-5053edfbf15b,FedRAMP,85b81f43-7b0a-425f-9fab-8890983bdbc4,automated_controlID_3029572,automated_controlid_30295,2026-04-05T16:27:35.000+00:00,2026-04-05,2026,April,04,Quarter 2,4b3c85d9-f93a-42eb-98c5-0590eb368dea,,,,,2564,,,,RiskName_3029572,d9abd16e-5df1-48ee-b7b9-04e8ffbec31f,RiskName_3029572,Risks,Risks,Risk.RiskControl,,,,Pending,Pending,Pending,075069de-c608-4765-9775-c7fe426932f7,Default Control Workflow,PENDING,PENDING,https://Control/Control/85b81f43-7b0a-425f-9fab-8890983bdbc4,Pacific/Rarotonga,b99df4a4-2bf5-4c08-9483-bd636470bc11,OTAuto02,b99df4a4-2bf5-4c08-9483-bd636470bc11
Access Control,9d844594-0f5a-41ba-96cd-7284e342e66c,Access Control,automated_controlName_3029572,4b3c85d9-f93a-42eb-98c5-0590eb368dea,automated_controlName_3029572,Active,Active,Active,,,,,,,,,,,FedRAMP,8e029b33-7408-4620-a7c3-5053edfbf15b,FedRAMP,85b81f43-7b0a-425f-9fab-8890983bdbc4,automated_controlID_3029572,automated_controlid_30295,2026-04-06T03:27:35.000+00:00,2026-04-06,2026,April,04,Quarter 2,4b3c85d9-f93a-42eb-98c5-0590eb368dea,,,,,2564,,,,RiskName_3029572,d9abd16e-5df1-48ee-b7b9-04e8ffbec31f,RiskName_3029572,Risks,Risks,Risk.RiskControl,,,,Pending,Pending,Pending,075069de-c608-4765-9775-c7fe426932f7,Default Control Workflow,PENDING,PENDING,https://Control/Control/85b81f43-7b0a-425f-9fab-8890983bdbc4,Eire,b99df4a4-2bf5-4c08-9483-bd636470bc11,OTAuto02,b99df4a4-2bf5-4c08-9483-bd636470bc11
Access Control,9d844594-0f5a-41ba-96cd-7284e342e66c,Access Control,automated_controlName_3029572,4b3c85d9-f93a-42eb-98c5-0590eb368dea,automated_controlName_3029572,Active,Active,Active,,,,,,,,,,,FedRAMP,8e029b33-7408-4620-a7c3-5053edfbf15b,FedRAMP,85b81f43-7b0a-425f-9fab-8890983bdbc4,automated_controlID_3029572,automated_controlid_30295,2026-04-06T03:27:35.000+00:00,2026-04-06,2026,April,04,Quarter 2,4b3c85d9-f93a-42eb-98c5-0590eb368dea,,,,,2564,,,,RiskName_3029572,d9abd16e-5df1-48ee-b7b9-04e8ffbec31f,RiskName_3029572,Risks,Risks,Risk.RiskControl,,,,Pending,Pending,Pending,075069de-c608-4765-9775-c7fe426932f7,Default Control Workflow,PENDING,PENDING,https://Control/Control/85b81f43-7b0a-425f-9fab-8890983bdbc4,Etc/GMT-1,b99df4a4-2bf5-4c08-9483-bd636470bc11,OTAuto02,b99df4a4-2bf5-4c08-9483-bd636470bc11
Access Control,9d844594-0f5a-41ba-96cd-7284e342e66c,Access Control,automated_controlName_3029572,4b3c85d9-f93a-42eb-98c5-0590eb368dea,automated_controlName_3029572,Active,Active,Active,,,,,,,,,,,FedRAMP,8e029b33-7408-4620-a7c3-5053edfbf15b,FedRAMP,85b81f43-7b0a-425f-9fab-8890983bdbc4,automated_controlID_3029572,automated_controlid_30295,2026-04-06T04:27:35.000+00:00,2026-04-06,2026,April,04,Quarter 2,4b3c85d9-f93a-42eb-98c5-0590eb368dea,,,,,2564,,,,RiskName_3029572,d9abd16e-5df1-48ee-b7b9-04e8ffbec31f,RiskName_3029572,Risks,Risks,Risk.RiskControl,,,,Pending,Pending,Pending,075069de-c608-4765-9775-c7fe426932f7,Default Control Workflow,PENDING,PENDING,https://Control/Control/85b81f43-7b0a-425f-9fab-8890983bdbc4,Africa/Johannesburg,b99df4a4-2bf5-4c08-9483-bd636470bc11,OTAuto02,b99df4a4-2bf5-4c08-9483-bd636470bc11
Access Control,9d844594-0f5a-41ba-96cd-7284e342e66c,Access Control,automated_controlName_3029572,4b3c85d9-f93a-42eb-98c5-0590eb368dea,automated_controlName_3029572,Active,Active,Active,,,,,,,,,,,FedRAMP,8e029b33-7408-4620-a7c3-5053edfbf15b,FedRAMP,85b81f43-7b0a-425f-9fab-8890983bdbc4,automated_controlID_3029572,automated_controlid_30295,2026-04-05T21:27:35.000+00:00,2026-04-05,2026,April,04,Quarter 2,4b3c85d9-f93a-42eb-98c5-0590eb368dea,,,,,2564,,,,RiskName_3029572,d9abd16e-5df1-48ee-b7b9-04e8ffbec31f,RiskName_3029572,Risks,Risks,Risk.RiskControl,,,,Pending,Pending,Pending,075069de-c608-4765-9775-c7fe426932f7,Default Control Workflow,PENDING,PENDING,https://Control/Control/85b81f43-7b0a-425f-9fab-8890983bdbc4,America/Chicago,b99df4a4-2bf5-4c08-9483-bd636470bc11,OTAuto02,b99df4a4-2bf5-4c08-9483-bd636470bc11
Access Control,9d844594-0f5a-41ba-96cd-7284e342e66c,Access Control,automated_controlName_3029572,4b3c85d9-f93a-42eb-98c5-0590eb368dea,automated_controlName_3029572,Active,Active,Active,,,,,,,,,,,FedRAMP,8e029b33-7408-4620-a7c3-5053edfbf15b,FedRAMP,85b81f43-7b0a-425f-9fab-8890983bdbc4,automated_controlID_3029572,automated_controlid_30295,2026-04-06T07:27:35.000+00:00,2026-04-06,2026,April,04,Quarter 2,4b3c85d9-f93a-42eb-98c5-0590eb368dea,,,,,2564,,,,RiskName_3029572,d9abd16e-5df1-48ee-b7b9-04e8ffbec31f,RiskName_3029572,Risks,Risks,Risk.RiskControl,,,,Pending,Pending,Pending,075069de-c608-4765-9775-c7fe426932f7,Default Control Workflow,PENDING,PENDING,https://Control/Control/85b81f43-7b0a-425f-9fab-8890983bdbc4,Asia/Aqtau,b99df4a4-2bf5-4c08-9483-bd636470bc11,OTAuto02,b99df4a4-2bf5-4c08-9483-bd636470bc11
Access Control,9d844594-0f5a-41ba-96cd-7284e342e66c,Access Control,automated_controlName_3029572,4b3c85d9-f93a-42eb-98c5-0590eb368dea,automated_controlName_3029572,Active,Active,Active,,,,,,,,,,,FedRAMP,8e029b33-7408-4620-a7c3-5053edfbf15b,FedRAMP,85b81f43-7b0a-425f-9fab-8890983bdbc4,automated_controlID_3029572,automated_controlid_30295,2026-04-06T12:27:35.000+00:00,2026-04-06,2026,April,04,Quarter 2,4b3c85d9-f93a-42eb-98c5-0590eb368dea,,,,,2564,,,,RiskName_3029572,d9abd16e-5df1-48ee-b7b9-04e8ffbec31f,RiskName_3029572,Risks,Risks,Risk.RiskControl,,,,Pending,Pending,Pending,075069de-c608-4765-9775-c7fe426932f7,Default Control Workflow,PENDING,PENDING,https://Control/Control/85b81f43-7b0a-425f-9fab-8890983bdbc4,Australia/Queensland,b99df4a4-2bf5-4c08-9483-bd636470bc11,OTAuto02,b99df4a4-2bf5-4c08-9483-bd636470bc11
Access Control,9d844594-0f5a-41ba-96cd-7284e342e66c,Access Control,automated_controlName_3029572,4b3c85d9-f93a-42eb-98c5-0590eb368dea,automated_controlName_3029572,Active,Active,Active,,,,,,,,,,,FedRAMP,8e029b33-7408-4620-a7c3-5053edfbf15b,FedRAMP,85b81f43-7b0a-425f-9fab-8890983bdbc4,automated_controlID_3029572,automated_controlid_30295,2026-04-06T04:27:35.000+00:00,2026-04-06,2026,April,04,Quarter 2,4b3c85d9-f93a-42eb-98c5-0590eb368dea,,,,,2564,,,,RiskName_3029572,d9abd16e-5df1-48ee-b7b9-04e8ffbec31f,RiskName_3029572,Risks,Risks,Risk.RiskControl,,,,Pending,Pending,Pending,075069de-c608-4765-9775-c7fe426932f7,Default Control Workflow,PENDING,PENDING,https://Control/Control/85b81f43-7b0a-425f-9fab-8890983bdbc4,Europe/Podgorica,b99df4a4-2bf5-4c08-9483-bd636470bc11,OTAuto02,b99df4a4-2bf5-4c08-9483-bd636470bc11
Access Control,9d844594-0f5a-41ba-96cd-7284e342e66c,Access Control,automated_controlName_3029572,4b3c85d9-f93a-42eb-98c5-0590eb368dea,automated_controlName_3029572,Active,Active,Active,,,,,,,,,,,FedRAMP,8e029b33-7408-4620-a7c3-5053edfbf15b,FedRAMP,85b81f43-7b0a-425f-9fab-8890983bdbc4,automated_controlID_3029572,automated_controlid_30295,2026-04-06T09:27:35.000+00:00,2026-04-06,2026,April,04,Quarter 2,4b3c85d9-f93a-42eb-98c5-0590eb368dea,,,,,2564,,,,RiskName_3029572,d9abd16e-5df1-48ee-b7b9-04e8ffbec31f,RiskName_3029572,Risks,Risks,Risk.RiskControl,,,,Pending,Pending,Pending,075069de-c608-4765-9775-c7fe426932f7,Default Control Workflow,PENDING,PENDING,https://Control/Control/85b81f43-7b0a-425f-9fab-8890983bdbc4,Asia/Saigon,b99df4a4-2bf5-4c08-9483-bd636470bc11,OTAuto02,b99df4a4-2bf5-4c08-9483-bd636470bc11
Access Control,9d844594-0f5a-41ba-96cd-7284e342e66c,Access Control,automated_controlName_3029572,4b3c85d9-f93a-42eb-98c5-0590eb368dea,automated_controlName_3029572,Active,Active,Active,,,,,,,,,,,FedRAMP,8e029b33-7408-4620-a7c3-5053edfbf15b,FedRAMP,85b81f43-7b0a-425f-9fab-8890983bdbc4,automated_controlID_3029572,automated_controlid_30295,2026-04-05T22:27:35.000+00:00,2026-04-05,2026,April,04,Quarter 2,4b3c85d9-f93a-42eb-98c5-0590eb368dea,,,,,2564,,,,RiskName_3029572,d9abd16e-5df1-48ee-b7b9-04e8ffbec31f,RiskName_3029572,Risks,Risks,Risk.RiskControl,,,,Pending,Pending,Pending,075069de-c608-4765-9775-c7fe426932f7,Default Control Workflow,PENDING,PENDING,https://Control/Control/85b81f43-7b0a-425f-9fab-8890983bdbc4,Chile/Continental,b99df4a4-2bf5-4c08-9483-bd636470bc11,OTAuto02,b99df4a4-2bf5-4c08-9483-bd636470bc11
Access Control,9d844594-0f5a-41ba-96cd-7284e342e66c,Access Control,automated_controlName_3029572,4b3c85d9-f93a-42eb-98c5-0590eb368dea,automated_controlName_3029572,Active,Active,Active,,,,,,,,,,,FedRAMP,8e029b33-7408-4620-a7c3-5053edfbf15b,FedRAMP,85b81f43-7b0a-425f-9fab-8890983bdbc4,automated_controlID_3029572,automated_controlid_30295,2026-04-05T22:27:35.000+00:00,2026-04-05,2026,April,04,Quarter 2,4b3c85d9-f93a-42eb-98c5-0590eb368dea,,,,,2564,,,,RiskName_3029572,d9abd16e-5df1-48ee-b7b9-04e8ffbec31f,RiskName_3029572,Risks,Risks,Risk.RiskControl,,,,Pending,Pending,Pending,075069de-c608-4765-9775-c7fe426932f7,Default Control Workflow,PENDING,PENDING,https://Control/Control/85b81f43-7b0a-425f-9fab-8890983bdbc4,America/Campo_Grande,b99df4a4-2bf5-4c08-9483-bd636470bc11,OTAuto02,b99df4a4-2bf5-4c08-9483-bd636470bc11
Access Control,9d844594-0f5a-41ba-96cd-7284e342e66c,Access Control,automated_controlName_3029572,4b3c85d9-f93a-42eb-98c5-0590eb368dea,automated_controlName_3029572,Active,Active,Active,,,,,,,,,,,FedRAMP,8e029b33-7408-4620-a7c3-5053edfbf15b,FedRAMP,85b81f43-7b0a-425f-9fab-8890983bdbc4,automated_controlID_3029572,automated_controlid_30295,2026-04-05T22:27:35.000+00:00,2026-04-05,2026,April,04,Quarter 2,4b3c85d9-f93a-42eb-98c5-0590eb368dea,,,,,2564,,,,RiskName_3029572,d9abd16e-5df1-48ee-b7b9-04e8ffbec31f,RiskName_3029572,Risks,Risks,Risk.RiskControl,,,,Pending,Pending,Pending,075069de-c608-4765-9775-c7fe426932f7,Default Control Workflow,PENDING,PENDING,https://Control/Control/85b81f43-7b0a-425f-9fab-8890983bdbc4,America/Indiana/Vevay,b99df4a4-2bf5-4c08-9483-bd636470bc11,OTAuto02,b99df4a4-2bf5-4c08-9483-bd636470bc11
Access Control,9d844594-0f5a-41ba-96cd-7284e342e66c,Access Control,automated_controlName_3029572,4b3c85d9-f93a-42eb-98c5-0590eb368dea,automated_controlName_3029572,Active,Active,Active,,,,,,,,,,,FedRAMP,8e029b33-7408-4620-a7c3-5053edfbf15b,FedRAMP,85b81f43-7b0a-425f-9fab-8890983bdbc4,automated_controlID_3029572,automated_controlid_30295,2026-04-05T16:27:35.000+00:00,2026-04-05,2026,April,04,Quarter 2,4b3c85d9-f93a-42eb-98c5-0590eb368dea,,,,,2564,,,,RiskName_3029572,d9abd16e-5df1-48ee-b7b9-04e8ffbec31f,RiskName_3029572,Risks,Risks,Risk.RiskControl,,,,Pending,Pending,Pending,075069de-c608-4765-9775-c7fe426932f7,Default Control Workflow,PENDING,PENDING,https://Control/Control/85b81f43-7b0a-425f-9fab-8890983bdbc4,HST,b99df4a4-2bf5-4c08-9483-bd636470bc11,OTAuto02,b99df4a4-2bf5-4c08-9483-bd636470bc11
Access Control,9d844594-0f5a-41ba-96cd-7284e342e66c,Access Control,automated_controlName_3029572,4b3c85d9-f93a-42eb-98c5-0590eb368dea,automated_controlName_3029572,Active,Active,Active,,,,,,,,,,,FedRAMP,8e029b33-7408-4620-a7c3-5053edfbf15b,FedRAMP,85b81f43-7b0a-425f-9fab-8890983bdbc4,automated_controlID_3029572,automated_controlid_30295,2026-04-06T01:27:35.000+00:00,2026-04-06,2026,April,04,Quarter 2,4b3c85d9-f93a-42eb-98c5-0590eb368dea,,,,,2564,,,,RiskName_3029572,d9abd16e-5df1-48ee-b7b9-04e8ffbec31f,RiskName_3029572,Risks,Risks,Risk.RiskControl,,,,Pending,Pending,Pending,075069de-c608-4765-9775-c7fe426932f7,Default Control Workflow,PENDING,PENDING,https://Control/Control/85b81f43-7b0a-425f-9fab-8890983bdbc4,America/Scoresbysund,b99df4a4-2bf5-4c08-9483-bd636470bc11,OTAuto02,b99df4a4-2bf5-4c08-9483-bd636470bc11
Access Control,9d844594-0f5a-41ba-96cd-7284e342e66c,Access Control,automated_controlName_3029572,4b3c85d9-f93a-42eb-98c5-0590eb368dea,automated_controlName_3029572,Active,Active,Active,,,,,,,,,,,FedRAMP,8e029b33-7408-4620-a7c3-5053edfbf15b,FedRAMP,85b81f43-7b0a-425f-9fab-8890983bdbc4,automated_controlID_3029572,automated_controlid_30295,2026-04-06T04:27:35.000+00:00,2026-04-06,2026,April,04,Quarter 2,4b3c85d9-f93a-42eb-98c5-0590eb368dea,,,,,2564,,,,RiskName_3029572,d9abd16e-5df1-48ee-b7b9-04e8ffbec31f,RiskName_3029572,Risks,Risks,Risk.RiskControl,,,,Pending,Pending,Pending,075069de-c608-4765-9775-c7fe426932f7,Default Control Workflow,PENDING,PENDING,https://Control/Control/85b81f43-7b0a-425f-9fab-8890983bdbc4,MET,b99df4a4-2bf5-4c08-9483-bd636470bc11,OTAuto02,b99df4a4-2bf5-4c08-9483-bd636470bc11
Access Control,9d844594-0f5a-41ba-96cd-7284e342e66c,Access Control,automated_controlName_3029572,4b3c85d9-f93a-42eb-98c5-0590eb368dea,automated_controlName_3029572,Active,Active,Active,,,,,,,,,,,FedRAMP,8e029b33-7408-4620-a7c3-5053edfbf15b,FedRAMP,85b81f43-7b0a-425f-9fab-8890983bdbc4,automated_controlID_3029572,automated_controlid_30295,2026-04-05T20:27:35.000+00:00,2026-04-05,2026,April,04,Quarter 2,4b3c85d9-f93a-42eb-98c5-0590eb368dea,,,,,2564,,,,RiskName_3029572,d9abd16e-5df1-48ee-b7b9-04e8ffbec31f,RiskName_3029572,Risks,Risks,Risk.RiskControl,,,,Pending,Pending,Pending,075069de-c608-4765-9775-c7fe426932f7,Default Control Workflow,PENDING,PENDING,https://Control/Control/85b81f43-7b0a-425f-9fab-8890983bdbc4,America/Tegucigalpa,b99df4a4-2bf5-4c08-9483-bd636470bc11,OTAuto02,b99df4a4-2bf5-4c08-9483-bd636470bc11
Access Control,9d844594-0f5a-41ba-96cd-7284e342e66c,Access Control,automated_controlName_3029572,4b3c85d9-f93a-42eb-98c5-0590eb368dea,automated_controlName_3029572,Active,Active,Active,,,,,,,,,,,FedRAMP,8e029b33-7408-4620-a7c3-5053edfbf15b,FedRAMP,85b81f43-7b0a-425f-9fab-8890983bdbc4,automated_controlID_3029572,automated_controlid_30295,2026-04-06T02:27:35.000+00:00,2026-04-06,2026,April,04,Quarter 2,4b3c85d9-f93a-42eb-98c5-0590eb368dea,,,,,2564,,,,RiskName_3029572,d9abd16e-5df1-48ee-b7b9-04e8ffbec31f,RiskName_3029572,Risks,Risks,Risk.RiskControl,,,,Pending,Pending,Pending,075069de-c608-4765-9775-c7fe426932f7,Default Control Workflow,PENDING,PENDING,https://Control/Control/85b81f43-7b0a-425f-9fab-8890983bdbc4,Atlantic/Reykjavik,b99df4a4-2bf5-4c08-9483-bd636470bc11,OTAuto02,b99df4a4-2bf5-4c08-9483-bd636470bc11
Access Control,9d844594-0f5a-41ba-96cd-7284e342e66c,Access Control,automated_controlName_3029572,4b3c85d9-f93a-42eb-98c5-0590eb368dea,automated_controlName_3029572,Active,Active,Active,,,,,,,,,,,FedRAMP,8e029b33-7408-4620-a7c3-5053edfbf15b,FedRAMP,85b81f43-7b0a-425f-9fab-8890983bdbc4,automated_controlID_3029572,automated_controlid_30295,2026-04-06T01:27:35.000+00:00,2026-04-06,2026,April,04,Quarter 2,4b3c85d9-f93a-42eb-98c5-0590eb368dea,,,,,2564,,,,RiskName_3029572,d9abd16e-5df1-48ee-b7b9-04e8ffbec31f,RiskName_3029572,Risks,Risks,Risk.RiskControl,,,,Pending,Pending,Pending,075069de-c608-4765-9775-c7fe426932f7,Default Control Workflow,PENDING,PENDING,https://Control/Control/85b81f43-7b0a-425f-9fab-8890983bdbc4,Etc/GMT+1,b99df4a4-2bf5-4c08-9483-bd636470bc11,OTAuto02,b99df4a4-2bf5-4c08-9483-bd636470bc11
Access Control,9d844594-0f5a-41ba-96cd-7284e342e66c,Access Control,automated_controlName_3029572,4b3c85d9-f93a-42eb-98c5-0590eb368dea,automated_controlName_3029572,Active,Active,Active,,,,,,,,,,,FedRAMP,8e029b33-7408-4620-a7c3-5053edfbf15b,FedRAMP,85b81f43-7b0a-425f-9fab-8890983bdbc4,automated_controlID_3029572,automated_controlid_30295,2026-04-06T05:27:35.000+00:00,2026-04-06,2026,April,04,Quarter 2,4b3c85d9-f93a-42eb-98c5-0590eb368dea,,,,,2564,,,,RiskName_3029572,d9abd16e-5df1-48ee-b7b9-04e8ffbec31f,RiskName_3029572,Risks,Risks,Risk.RiskControl,,,,Pending,Pending,Pending,075069de-c608-4765-9775-c7fe426932f7,Default Control Workflow,PENDING,PENDING,https://Control/Control/85b81f43-7b0a-425f-9fab-8890983bdbc4,Europe/Zaporozhye,b99df4a4-2bf5-4c08-9483-bd636470bc11,OTAuto02,b99df4a4-2bf5-4c08-9483-bd636470bc11
Access Control,9d844594-0f5a-41ba-96cd-7284e342e66c,Access Control,automated_controlName_3029572,4b3c85d9-f93a-42eb-98c5-0590eb368dea,automated_controlName_3029572,Active,Active,Active,,,,,,,,,,,FedRAMP,8e029b33-7408-4620-a7c3-5053edfbf15b,FedRAMP,85b81f43-7b0a-425f-9fab-8890983bdbc4,automated_controlID_3029572,automated_controlid_30295,2026-04-05T20:27:35.000+00:00,2026-04-05,2026,April,04,Quarter 2,4b3c85d9-f93a-42eb-98c5-0590eb368dea,,,,,2564,,,,RiskName_3029572,d9abd16e-5df1-48ee-b7b9-04e8ffbec31f,RiskName_3029572,Risks,Risks,Risk.RiskControl,,,,Pending,Pending,Pending,075069de-c608-4765-9775-c7fe426932f7,Default Control Workflow,PENDING,PENDING,https://Control/Control/85b81f43-7b0a-425f-9fab-8890983bdbc4,America/Shiprock,b99df4a4-2bf5-4c08-9483-bd636470bc11,OTAuto02,b99df4a4-2bf5-4c08-9483-bd636470bc11
Access Control,9d844594-0f5a-41ba-96cd-7284e342e66c,Access Control,automated_controlName_3029572,4b3c85d9-f93a-42eb-98c5-0590eb368dea,automated_controlName_3029572,Active,Active,Active,,,,,,,,,,,FedRAMP,8e029b33-7408-4620-a7c3-5053edfbf15b,FedRAMP,85b81f43-7b0a-425f-9fab-8890983bdbc4,automated_controlID_3029572,automated_controlid_30295,2026-04-05T18:27:35.000+00:00,2026-04-05,2026,April,04,Quarter 2,4b3c85d9-f93a-42eb-98c5-0590eb368dea,,,,,2564,,,,RiskName_3029572,d9abd16e-5df1-48ee-b7b9-04e8ffbec31f,RiskName_3029572,Risks,Risks,Risk.RiskControl,,,,Pending,Pending,Pending,075069de-c608-4765-9775-c7fe426932f7,Default Control Workflow,PENDING,PENDING,https://Control/Control/85b81f43-7b0a-425f-9fab-8890983bdbc4,America/Metlakatla,b99df4a4-2bf5-4c08-9483-bd636470bc11,OTAuto02,b99df4a4-2bf5-4c08-9483-bd636470bc11
Access Control,9d844594-0f5a-41ba-96cd-7284e342e66c,Access Control,automated_controlName_3029572,4b3c85d9-f93a-42eb-98c5-0590eb368dea,automated_controlName_3029572,Active,Active,Active,,,,,,,,,,,FedRAMP,8e029b33-7408-4620-a7c3-5053edfbf15b,FedRAMP,85b81f43-7b0a-425f-9fab-8890983bdbc4,automated_controlID_3029572,automated_controlid_30295,2026-04-06T05:27:35.000+00:00,2026-04-06,2026,April,04,Quarter 2,4b3c85d9-f93a-42eb-98c5-0590eb368dea,,,,,2564,,,,RiskName_3029572,d9abd16e-5df1-48ee-b7b9-04e8ffbec31f,RiskName_3029572,Risks,Risks,Risk.RiskControl,,,,Pending,Pending,Pending,075069de-c608-4765-9775-c7fe426932f7,Default Control Workflow,PENDING,PENDING,https://Control/Control/85b81f43-7b0a-425f-9fab-8890983bdbc4,Asia/Hebron,b99df4a4-2bf5-4c08-9483-bd636470bc11,OTAuto02,b99df4a4-2bf5-4c08-9483-bd636470bc11
Access Control,9d844594-0f5a-41ba-96cd-7284e342e66c,Access Control,automated_controlName_3029572,4b3c85d9-f93a-42eb-98c5-0590eb368dea,automated_controlName_3029572,Active,Active,Active,,,,,,,,,,,FedRAMP,8e029b33-7408-4620-a7c3-5053edfbf15b,FedRAMP,85b81f43-7b0a-425f-9fab-8890983bdbc4,automated_controlID_3029572,automated_controlid_30295,2026-04-06T05:27:35.000+00:00,2026-04-06,2026,April,04,Quarter 2,4b3c85d9-f93a-42eb-98c5-0590eb368dea,,,,,2564,,,,RiskName_3029572,d9abd16e-5df1-48ee-b7b9-04e8ffbec31f,RiskName_3029572,Risks,Risks,Risk.RiskControl,,,,Pending,Pending,Pending,075069de-c608-4765-9775-c7fe426932f7,Default Control Workflow,PENDING,PENDING,https://Control/Control/85b81f43-7b0a-425f-9fab-8890983bdbc4,Europe/Helsinki,b99df4a4-2bf5-4c08-9483-bd636470bc11,OTAuto02,b99df4a4-2bf5-4c08-9483-bd636470bc11
Access Control,9d844594-0f5a-41ba-96cd-7284e342e66c,Access Control,automated_controlName_3029572,4b3c85d9-f93a-42eb-98c5-0590eb368dea,automated_controlName_3029572,Active,Active,Active,,,,,,,,,,,FedRAMP,8e029b33-7408-4620-a7c3-5053edfbf15b,FedRAMP,85b81f43-7b0a-425f-9fab-8890983bdbc4,automated_controlID_3029572,automated_controlid_30295,2026-04-05T23:27:35.000+00:00,2026-04-05,2026,April,04,Quarter 2,4b3c85d9-f93a-42eb-98c5-0590eb368dea,,,,,2564,,,,RiskName_3029572,d9abd16e-5df1-48ee-b7b9-04e8ffbec31f,RiskName_3029572,Risks,Risks,Risk.RiskControl,,,,Pending,Pending,Pending,075069de-c608-4765-9775-c7fe426932f7,Default Control Workflow,PENDING,PENDING,https://Control/Control/85b81f43-7b0a-425f-9fab-8890983bdbc4,America/Halifax,b99df4a4-2bf5-4c08-9483-bd636470bc11,OTAuto02,b99df4a4-2bf5-4c08-9483-bd636470bc11
Access Control,9d844594-0f5a-41ba-96cd-7284e342e66c,Access Control,automated_controlName_3029572,4b3c85d9-f93a-42eb-98c5-0590eb368dea,automated_controlName_3029572,Active,Active,Active,,,,,,,,,,,FedRAMP,8e029b33-7408-4620-a7c3-5053edfbf15b,FedRAMP,85b81f43-7b0a-425f-9fab-8890983bdbc4,automated_controlID_3029572,automated_controlid_30295,2026-04-06T05:27:35.000+00:00,2026-04-06,2026,April,04,Quarter 2,4b3c85d9-f93a-42eb-98c5-0590eb368dea,,,,,2564,,,,RiskName_3029572,d9abd16e-5df1-48ee-b7b9-04e8ffbec31f,RiskName_3029572,Risks,Risks,Risk.RiskControl,,,,Pending,Pending,Pending,075069de-c608-4765-9775-c7fe426932f7,Default Control Workflow,PENDING,PENDING,https://Control/Control/85b81f43-7b0a-425f-9fab-8890983bdbc4,Africa/Djibouti,b99df4a4-2bf5-4c08-9483-bd636470bc11,OTAuto02,b99df4a4-2bf5-4c08-9483-bd636470bc11
Access Control,9d844594-0f5a-41ba-96cd-7284e342e66c,Access Control,automated_controlName_3029572,4b3c85d9-f93a-42eb-98c5-0590eb368dea,automated_controlName_3029572,Active,Active,Active,,,,,,,,,,,FedRAMP,8e029b33-7408-4620-a7c3-5053edfbf15b,FedRAMP,85b81f43-7b0a-425f-9fab-8890983bdbc4,automated_controlID_3029572,automated_controlid_30295,2026-04-06T10:27:35.000+00:00,2026-04-06,2026,April,04,Quarter 2,4b3c85d9-f93a-42eb-98c5-0590eb368dea,,,,,2564,,,,RiskName_3029572,d9abd16e-5df1-48ee-b7b9-04e8ffbec31f,RiskName_3029572,Risks,Risks,Risk.RiskControl,,,,Pending,Pending,Pending,075069de-c608-4765-9775-c7fe426932f7,Default Control Workflow,PENDING,PENDING,https://Control/Control/85b81f43-7b0a-425f-9fab-8890983bdbc4,Asia/Hong_Kong,b99df4a4-2bf5-4c08-9483-bd636470bc11,OTAuto02,b99df4a4-2bf5-4c08-9483-bd636470bc11
Access Control,9d844594-0f5a-41ba-96cd-7284e342e66c,Access Control,automated_controlName_3029572,4b3c85d9-f93a-42eb-98c5-0590eb368dea,automated_controlName_3029572,Active,Active,Active,,,,,,,,,,,FedRAMP,8e029b33-7408-4620-a7c3-5053edfbf15b,FedRAMP,85b81f43-7b0a-425f-9fab-8890983bdbc4,automated_controlID_3029572,automated_controlid_30295,2026-04-06T12:27:35.000+00:00,2026-04-06,2026,April,04,Quarter 2,4b3c85d9-f93a-42eb-98c5-0590eb368dea,,,,,2564,,,,RiskName_3029572,d9abd16e-5df1-48ee-b7b9-04e8ffbec31f,RiskName_3029572,Risks,Risks,Risk.RiskControl,,,,Pending,Pending,Pending,075069de-c608-4765-9775-c7fe426932f7,Default Control Workflow,PENDING,PENDING,https://Control/Control/85b81f43-7b0a-425f-9fab-8890983bdbc4,Australia/Currie,b99df4a4-2bf5-4c08-9483-bd636470bc11,OTAuto02,b99df4a4-2bf5-4c08-9483-bd636470bc11
Access Control,9d844594-0f5a-41ba-96cd-7284e342e66c,Access Control,automated_controlName_3029572,4b3c85d9-f93a-42eb-98c5-0590eb368dea,automated_controlName_3029572,Active,Active,Active,,,,,,,,,,,FedRAMP,8e029b33-7408-4620-a7c3-5053edfbf15b,FedRAMP,85b81f43-7b0a-425f-9fab-8890983bdbc4,automated_controlID_3029572,automated_controlid_30295,2026-04-05T16:27:35.000+00:00,2026-04-05,2026,April,04,Quarter 2,4b3c85d9-f93a-42eb-98c5-0590eb368dea,,,,,2564,,,,RiskName_3029572,d9abd16e-5df1-48ee-b7b9-04e8ffbec31f,RiskName_3029572,Risks,Risks,Risk.RiskControl,,,,Pending,Pending,Pending,075069de-c608-4765-9775-c7fe426932f7,Default Control Workflow,PENDING,PENDING,https://Control/Control/85b81f43-7b0a-425f-9fab-8890983bdbc4,Pacific/Tahiti,b99df4a4-2bf5-4c08-9483-bd636470bc11,OTAuto02,b99df4a4-2bf5-4c08-9483-bd636470bc11
Access Control,9d844594-0f5a-41ba-96cd-7284e342e66c,Access Control,automated_controlName_3029572,4b3c85d9-f93a-42eb-98c5-0590eb368dea,automated_controlName_3029572,Active,Active,Active,,,,,,,,,,,FedRAMP,8e029b33-7408-4620-a7c3-5053edfbf15b,FedRAMP,85b81f43-7b0a-425f-9fab-8890983bdbc4,automated_controlID_3029572,automated_controlid_30295,2026-04-05T21:27:35.000+00:00,2026-04-05,2026,April,04,Quarter 2,4b3c85d9-f93a-42eb-98c5-0590eb368dea,,,,,2564,,,,RiskName_3029572,d9abd16e-5df1-48ee-b7b9-04e8ffbec31f,RiskName_3029572,Risks,Risks,Risk.RiskControl,,,,Pending,Pending,Pending,075069de-c608-4765-9775-c7fe426932f7,Default Control Workflow,PENDING,PENDING,https://Control/Control/85b81f43-7b0a-425f-9fab-8890983bdbc4,America/Lima,b99df4a4-2bf5-4c08-9483-bd636470bc11,OTAuto02,b99df4a4-2bf5-4c08-9483-bd636470bc11
Access Control,9d844594-0f5a-41ba-96cd-7284e342e66c,Access Control,automated_controlName_3029572,4b3c85d9-f93a-42eb-98c5-0590eb368dea,automated_controlName_3029572,Active,Active,Active,,,,,,,,,,,FedRAMP,8e029b33-7408-4620-a7c3-5053edfbf15b,FedRAMP,85b81f43-7b0a-425f-9fab-8890983bdbc4,automated_controlID_3029572,automated_controlid_30295,2026-04-05T20:27:35.000+00:00,2026-04-05,2026,April,04,Quarter 2,4b3c85d9-f93a-42eb-98c5-0590eb368dea,,,,,2564,,,,RiskName_3029572,d9abd16e-5df1-48ee-b7b9-04e8ffbec31f,RiskName_3029572,Risks,Risks,Risk.RiskControl,,,,Pending,Pending,Pending,075069de-c608-4765-9775-c7fe426932f7,Default Control Workflow,PENDING,PENDING,https://Control/Control/85b81f43-7b0a-425f-9fab-8890983bdbc4,America/Chihuahua,b99df4a4-2bf5-4c08-9483-bd636470bc11,OTAuto02,b99df4a4-2bf5-4c08-9483-bd636470bc11
Access Control,9d844594-0f5a-41ba-96cd-7284e342e66c,Access Control,automated_controlName_3029572,4b3c85d9-f93a-42eb-98c5-0590eb368dea,automated_controlName_3029572,Active,Active,Active,,,,,,,,,,,FedRAMP,8e029b33-7408-4620-a7c3-5053edfbf15b,FedRAMP,85b81f43-7b0a-425f-9fab-8890983bdbc4,automated_controlID_3029572,automated_controlid_30295,2026-04-06T11:27:35.000+00:00,2026-04-06,2026,April,04,Quarter 2,4b3c85d9-f93a-42eb-98c5-0590eb368dea,,,,,2564,,,,RiskName_3029572,d9abd16e-5df1-48ee-b7b9-04e8ffbec31f,RiskName_3029572,Risks,Risks,Risk.RiskControl,,,,Pending,Pending,Pending,075069de-c608-4765-9775-c7fe426932f7,Default Control Workflow,PENDING,PENDING,https://Control/Control/85b81f43-7b0a-425f-9fab-8890983bdbc4,Asia/Tokyo,b99df4a4-2bf5-4c08-9483-bd636470bc11,OTAuto02,b99df4a4-2bf5-4c08-9483-bd636470bc11
Access Control,9d844594-0f5a-41ba-96cd-7284e342e66c,Access Control,automated_controlName_3029572,4b3c85d9-f93a-42eb-98c5-0590eb368dea,automated_controlName_3029572,Active,Active,Active,,,,,,,,,,,FedRAMP,8e029b33-7408-4620-a7c3-5053edfbf15b,FedRAMP,85b81f43-7b0a-425f-9fab-8890983bdbc4,automated_controlID_3029572,automated_controlid_30295,2026-04-05T23:27:35.000+00:00,2026-04-05,2026,April,04,Quarter 2,4b3c85d9-f93a-42eb-98c5-0590eb368dea,,,,,2564,,,,RiskName_3029572,d9abd16e-5df1-48ee-b7b9-04e8ffbec31f,RiskName_3029572,Risks,Risks,Risk.RiskControl,,,,Pending,Pending,Pending,075069de-c608-4765-9775-c7fe426932f7,Default Control Workflow,PENDING,PENDING,https://Control/Control/85b81f43-7b0a-425f-9fab-8890983bdbc4,America/Punta_Arenas,b99df4a4-2bf5-4c08-9483-bd636470bc11,OTAuto02,b99df4a4-2bf5-4c08-9483-bd636470bc11
Access Control,9d844594-0f5a-41ba-96cd-7284e342e66c,Access Control,automated_controlName_3029572,4b3c85d9-f93a-42eb-98c5-0590eb368dea,automated_controlName_3029572,Active,Active,Active,,,,,,,,,,,FedRAMP,8e029b33-7408-4620-a7c3-5053edfbf15b,FedRAMP,85b81f43-7b0a-425f-9fab-8890983bdbc4,automated_controlID_3029572,automated_controlid_30295,2026-04-06T02:27:35.000+00:00,2026-04-06,2026,April,04,Quarter 2,4b3c85d9-f93a-42eb-98c5-0590eb368dea,,,,,2564,,,,RiskName_3029572,d9abd16e-5df1-48ee-b7b9-04e8ffbec31f,RiskName_3029572,Risks,Risks,Risk.RiskControl,,,,Pending,Pending,Pending,075069de-c608-4765-9775-c7fe426932f7,Default Control Workflow,PENDING,PENDING,https://Control/Control/85b81f43-7b0a-425f-9fab-8890983bdbc4,Etc/GMT,b99df4a4-2bf5-4c08-9483-bd636470bc11,OTAuto02,b99df4a4-2bf5-4c08-9483-bd636470bc11
Access Control,9d844594-0f5a-41ba-96cd-7284e342e66c,Access Control,automated_controlName_3029572,4b3c85d9-f93a-42eb-98c5-0590eb368dea,automated_controlName_3029572,Active,Active,Active,,,,,,,,,,,FedRAMP,8e029b33-7408-4620-a7c3-5053edfbf15b,FedRAMP,85b81f43-7b0a-425f-9fab-8890983bdbc4,automated_controlID_3029572,automated_controlid_30295,2026-04-06T14:27:35.000+00:00,2026-04-06,2026,April,04,Quarter 2,4b3c85d9-f93a-42eb-98c5-0590eb368dea,,,,,2564,,,,RiskName_3029572,d9abd16e-5df1-48ee-b7b9-04e8ffbec31f,RiskName_3029572,Risks,Risks,Risk.RiskControl,,,,Pending,Pending,Pending,075069de-c608-4765-9775-c7fe426932f7,Default Control Workflow,PENDING,PENDING,https://Control/Control/85b81f43-7b0a-425f-9fab-8890983bdbc4,Pacific/Wake,b99df4a4-2bf5-4c08-9483-bd636470bc11,OTAuto02,b99df4a4-2bf5-4c08-9483-bd636470bc11
Access Control,9d844594-0f5a-41ba-96cd-7284e342e66c,Access Control,automated_controlName_3029572,4b3c85d9-f93a-42eb-98c5-0590eb368dea,automated_controlName_3029572,Active,Active,Active,,,,,,,,,,,FedRAMP,8e029b33-7408-4620-a7c3-5053edfbf15b,FedRAMP,85b81f43-7b0a-425f-9fab-8890983bdbc4,automated_controlID_3029572,automated_controlid_30295,2026-04-06T01:27:35.000+00:00,2026-04-06,2026,April,04,Quarter 2,4b3c85d9-f93a-42eb-98c5-0590eb368dea,,,,,2564,,,,RiskName_3029572,d9abd16e-5df1-48ee-b7b9-04e8ffbec31f,RiskName_3029572,Risks,Risks,Risk.RiskControl,,,,Pending,Pending,Pending,075069de-c608-4765-9775-c7fe426932f7,Default Control Workflow,PENDING,PENDING,https://Control/Control/85b81f43-7b0a-425f-9fab-8890983bdbc4,America/Nuuk,b99df4a4-2bf5-4c08-9483-bd636470bc11,OTAuto02,b99df4a4-2bf5-4c08-9483-bd636470bc11
Access Control,9d844594-0f5a-41ba-96cd-7284e342e66c,Access Control,automated_controlName_3029572,4b3c85d9-f93a-42eb-98c5-0590eb368dea,automated_controlName_3029572,Active,Active,Active,,,,,,,,,,,FedRAMP,8e029b33-7408-4620-a7c3-5053edfbf15b,FedRAMP,85b81f43-7b0a-425f-9fab-8890983bdbc4,automated_controlID_3029572,automated_controlid_30295,2026-04-05T17:27:35.000+00:00,2026-04-05,2026,April,04,Quarter 2,4b3c85d9-f93a-42eb-98c5-0590eb368dea,,,,,2564,,,,RiskName_3029572,d9abd16e-5df1-48ee-b7b9-04e8ffbec31f,RiskName_3029572,Risks,Risks,Risk.RiskControl,,,,Pending,Pending,Pending,075069de-c608-4765-9775-c7fe426932f7,Default Control Workflow,PENDING,PENDING,https://Control/Control/85b81f43-7b0a-425f-9fab-8890983bdbc4,Pacific/Gambier,b99df4a4-2bf5-4c08-9483-bd636470bc11,OTAuto02,b99df4a4-2bf5-4c08-9483-bd636470bc11
Access Control,9d844594-0f5a-41ba-96cd-7284e342e66c,Access Control,automated_controlName_3029572,4b3c85d9-f93a-42eb-98c5-0590eb368dea,automated_controlName_3029572,Active,Active,Active,,,,,,,,,,,FedRAMP,8e029b33-7408-4620-a7c3-5053edfbf15b,FedRAMP,85b81f43-7b0a-425f-9fab-8890983bdbc4,automated_controlID_3029572,automated_controlid_30295,2026-04-06T05:27:35.000+00:00,2026-04-06,2026,April,04,Quarter 2,4b3c85d9-f93a-42eb-98c5-0590eb368dea,,,,,2564,,,,RiskName_3029572,d9abd16e-5df1-48ee-b7b9-04e8ffbec31f,RiskName_3029572,Risks,Risks,Risk.RiskControl,,,,Pending,Pending,Pending,075069de-c608-4765-9775-c7fe426932f7,Default Control Workflow,PENDING,PENDING,https://Control/Control/85b81f43-7b0a-425f-9fab-8890983bdbc4,Asia/Amman,b99df4a4-2bf5-4c08-9483-bd636470bc11,OTAuto02,b99df4a4-2bf5-4c08-9483-bd636470bc11
Access Control,9d844594-0f5a-41ba-96cd-7284e342e66c,Access Control,automated_controlName_3029572,4b3c85d9-f93a-42eb-98c5-0590eb368dea,automated_controlName_3029572,Active,Active,Active,,,,,,,,,,,FedRAMP,8e029b33-7408-4620-a7c3-5053edfbf15b,FedRAMP,85b81f43-7b0a-425f-9fab-8890983bdbc4,automated_controlID_3029572,automated_controlid_30295,2026-04-06T10:27:35.000+00:00,2026-04-06,2026,April,04,Quarter 2,4b3c85d9-f93a-42eb-98c5-0590eb368dea,,,,,2564,,,,RiskName_3029572,d9abd16e-5df1-48ee-b7b9-04e8ffbec31f,RiskName_3029572,Risks,Risks,Risk.RiskControl,,,,Pending,Pending,Pending,075069de-c608-4765-9775-c7fe426932f7,Default Control Workflow,PENDING,PENDING,https://Control/Control/85b81f43-7b0a-425f-9fab-8890983bdbc4,Asia/Harbin,b99df4a4-2bf5-4c08-9483-bd636470bc11,OTAuto02,b99df4a4-2bf5-4c08-9483-bd636470bc11
Access Control,9d844594-0f5a-41ba-96cd-7284e342e66c,Access Control,automated_controlName_3029572,4b3c85d9-f93a-42eb-98c5-0590eb368dea,automated_controlName_3029572,Active,Active,Active,,,,,,,,,,,FedRAMP,8e029b33-7408-4620-a7c3-5053edfbf15b,FedRAMP,85b81f43-7b0a-425f-9fab-8890983bdbc4,automated_controlID_3029572,automated_controlid_30295,2026-04-05T23:27:35.000+00:00,2026-04-05,2026,April,04,Quarter 2,4b3c85d9-f93a-42eb-98c5-0590eb368dea,,,,,2564,,,,RiskName_3029572,d9abd16e-5df1-48ee-b7b9-04e8ffbec31f,RiskName_3029572,Risks,Risks,Risk.RiskControl,,,,Pending,Pending,Pending,075069de-c608-4765-9775-c7fe426932f7,Default Control Workflow,PENDING,PENDING,https://Control/Control/85b81f43-7b0a-425f-9fab-8890983bdbc4,America/Belem,b99df4a4-2bf5-4c08-9483-bd636470bc11,OTAuto02,b99df4a4-2bf5-4c08-9483-bd636470bc11
Access Control,9d844594-0f5a-41ba-96cd-7284e342e66c,Access Control,automated_controlName_3029572,4b3c85d9-f93a-42eb-98c5-0590eb368dea,automated_controlName_3029572,Active,Active,Active,,,,,,,,,,,FedRAMP,8e029b33-7408-4620-a7c3-5053edfbf15b,FedRAMP,85b81f43-7b0a-425f-9fab-8890983bdbc4,automated_controlID_3029572,automated_controlid_30295,2026-04-06T10:27:35.000+00:00,2026-04-06,2026,April,04,Quarter 2,4b3c85d9-f93a-42eb-98c5-0590eb368dea,,,,,2564,,,,RiskName_3029572,d9abd16e-5df1-48ee-b7b9-04e8ffbec31f,RiskName_3029572,Risks,Risks,Risk.RiskControl,,,,Pending,Pending,Pending,075069de-c608-4765-9775-c7fe426932f7,Default Control Workflow,PENDING,PENDING,https://Control/Control/85b81f43-7b0a-425f-9fab-8890983bdbc4,Etc/GMT-8,b99df4a4-2bf5-4c08-9483-bd636470bc11,OTAuto02,b99df4a4-2bf5-4c08-9483-bd636470bc11
Access Control,9d844594-0f5a-41ba-96cd-7284e342e66c,Access Control,automated_controlName_3029572,4b3c85d9-f93a-42eb-98c5-0590eb368dea,automated_controlName_3029572,Active,Active,Active,,,,,,,,,,,FedRAMP,8e029b33-7408-4620-a7c3-5053edfbf15b,FedRAMP,85b81f43-7b0a-425f-9fab-8890983bdbc4,automated_controlID_3029572,automated_controlid_30295,2026-04-06T06:27:35.000+00:00,2026-04-06,2026,April,04,Quarter 2,4b3c85d9-f93a-42eb-98c5-0590eb368dea,,,,,2564,,,,RiskName_3029572,d9abd16e-5df1-48ee-b7b9-04e8ffbec31f,RiskName_3029572,Risks,Risks,Risk.RiskControl,,,,Pending,Pending,Pending,075069de-c608-4765-9775-c7fe426932f7,Default Control Workflow,PENDING,PENDING,https://Control/Control/85b81f43-7b0a-425f-9fab-8890983bdbc4,Indian/Mahe,b99df4a4-2bf5-4c08-9483-bd636470bc11,OTAuto02,b99df4a4-2bf5-4c08-9483-bd636470bc11
Access Control,9d844594-0f5a-41ba-96cd-7284e342e66c,Access Control,automated_controlName_3029572,4b3c85d9-f93a-42eb-98c5-0590eb368dea,automated_controlName_3029572,Active,Active,Active,,,,,,,,,,,FedRAMP,8e029b33-7408-4620-a7c3-5053edfbf15b,FedRAMP,85b81f43-7b0a-425f-9fab-8890983bdbc4,automated_controlID_3029572,automated_controlid_30295,2026-04-06T03:27:35.000+00:00,2026-04-06,2026,April,04,Quarter 2,4b3c85d9-f93a-42eb-98c5-0590eb368dea,,,,,2564,,,,RiskName_3029572,d9abd16e-5df1-48ee-b7b9-04e8ffbec31f,RiskName_3029572,Risks,Risks,Risk.RiskControl,,,,Pending,Pending,Pending,075069de-c608-4765-9775-c7fe426932f7,Default Control Workflow,PENDING,PENDING,https://Control/Control/85b81f43-7b0a-425f-9fab-8890983bdbc4,Africa/Niamey,b99df4a4-2bf5-4c08-9483-bd636470bc11,OTAuto02,b99df4a4-2bf5-4c08-9483-bd636470bc11
Access Control,9d844594-0f5a-41ba-96cd-7284e342e66c,Access Control,automated_controlName_3029572,4b3c85d9-f93a-42eb-98c5-0590eb368dea,automated_controlName_3029572,Active,Active,Active,,,,,,,,,,,FedRAMP,8e029b33-7408-4620-a7c3-5053edfbf15b,FedRAMP,85b81f43-7b0a-425f-9fab-8890983bdbc4,automated_controlID_3029572,automated_controlid_30295,2026-04-05T19:27:35.000+00:00,2026-04-05,2026,April,04,Quarter 2,4b3c85d9-f93a-42eb-98c5-0590eb368dea,,,,,2564,,,,RiskName_3029572,d9abd16e-5df1-48ee-b7b9-04e8ffbec31f,RiskName_3029572,Risks,Risks,Risk.RiskControl,,,,Pending,Pending,Pending,075069de-c608-4765-9775-c7fe426932f7,Default Control Workflow,PENDING,PENDING,https://Control/Control/85b81f43-7b0a-425f-9fab-8890983bdbc4,PST8PDT,b99df4a4-2bf5-4c08-9483-bd636470bc11,OTAuto02,b99df4a4-2bf5-4c08-9483-bd636470bc11
Access Control,9d844594-0f5a-41ba-96cd-7284e342e66c,Access Control,automated_controlName_3029572,4b3c85d9-f93a-42eb-98c5-0590eb368dea,automated_controlName_3029572,Active,Active,Active,,,,,,,,,,,FedRAMP,8e029b33-7408-4620-a7c3-5053edfbf15b,FedRAMP,85b81f43-7b0a-425f-9fab-8890983bdbc4,automated_controlID_3029572,automated_controlid_30295,2026-04-06T02:27:35.000+00:00,2026-04-06,2026,April,04,Quarter 2,4b3c85d9-f93a-42eb-98c5-0590eb368dea,,,,,2564,,,,RiskName_3029572,d9abd16e-5df1-48ee-b7b9-04e8ffbec31f,RiskName_3029572,Risks,Risks,Risk.RiskControl,,,,Pending,Pending,Pending,075069de-c608-4765-9775-c7fe426932f7,Default Control Workflow,PENDING,PENDING,https://Control/Control/85b81f43-7b0a-425f-9fab-8890983bdbc4,Africa/Banjul,b99df4a4-2bf5-4c08-9483-bd636470bc11,OTAuto02,b99df4a4-2bf5-4c08-9483-bd636470bc11
Access Control,9d844594-0f5a-41ba-96cd-7284e342e66c,Access Control,automated_controlName_3029572,4b3c85d9-f93a-42eb-98c5-0590eb368dea,automated_controlName_3029572,Active,Active,Active,,,,,,,,,,,FedRAMP,8e029b33-7408-4620-a7c3-5053edfbf15b,FedRAMP,85b81f43-7b0a-425f-9fab-8890983bdbc4,automated_controlID_3029572,automated_controlid_30295,2026-04-06T12:27:35.000+00:00,2026-04-06,2026,April,04,Quarter 2,4b3c85d9-f93a-42eb-98c5-0590eb368dea,,,,,2564,,,,RiskName_3029572,d9abd16e-5df1-48ee-b7b9-04e8ffbec31f,RiskName_3029572,Risks,Risks,Risk.RiskControl,,,,Pending,Pending,Pending,075069de-c608-4765-9775-c7fe426932f7,Default Control Workflow,PENDING,PENDING,https://Control/Control/85b81f43-7b0a-425f-9fab-8890983bdbc4,Pacific/Saipan,b99df4a4-2bf5-4c08-9483-bd636470bc11,OTAuto02,b99df4a4-2bf5-4c08-9483-bd636470bc11
Access Control,9d844594-0f5a-41ba-96cd-7284e342e66c,Access Control,automated_controlName_3029572,4b3c85d9-f93a-42eb-98c5-0590eb368dea,automated_controlName_3029572,Active,Active,Active,,,,,,,,,,,FedRAMP,8e029b33-7408-4620-a7c3-5053edfbf15b,FedRAMP,85b81f43-7b0a-425f-9fab-8890983bdbc4,automated_controlID_3029572,automated_controlid_30295,2026-04-06T12:27:35.000+00:00,2026-04-06,2026,April,04,Quarter 2,4b3c85d9-f93a-42eb-98c5-0590eb368dea,,,,,2564,,,,RiskName_3029572,d9abd16e-5df1-48ee-b7b9-04e8ffbec31f,RiskName_3029572,Risks,Risks,Risk.RiskControl,,,,Pending,Pending,Pending,075069de-c608-4765-9775-c7fe426932f7,Default Control Workflow,PENDING,PENDING,https://Control/Control/85b81f43-7b0a-425f-9fab-8890983bdbc4,Australia/Canberra,b99df4a4-2bf5-4c08-9483-bd636470bc11,OTAuto02,b99df4a4-2bf5-4c08-9483-bd636470bc11
Access Control,9d844594-0f5a-41ba-96cd-7284e342e66c,Access Control,automated_controlName_3029572,4b3c85d9-f93a-42eb-98c5-0590eb368dea,automated_controlName_3029572,Active,Active,Active,,,,,,,,,,,FedRAMP,8e029b33-7408-4620-a7c3-5053edfbf15b,FedRAMP,85b81f43-7b0a-425f-9fab-8890983bdbc4,automated_controlID_3029572,automated_controlid_30295,2026-04-05T21:27:35.000+00:00,2026-04-05,2026,April,04,Quarter 2,4b3c85d9-f93a-42eb-98c5-0590eb368dea,,,,,2564,,,,RiskName_3029572,d9abd16e-5df1-48ee-b7b9-04e8ffbec31f,RiskName_3029572,Risks,Risks,Risk.RiskControl,,,,Pending,Pending,Pending,075069de-c608-4765-9775-c7fe426932f7,Default Control Workflow,PENDING,PENDING,https://Control/Control/85b81f43-7b0a-425f-9fab-8890983bdbc4,America/North_Dakota/Center,b99df4a4-2bf5-4c08-9483-bd636470bc11,OTAuto02,b99df4a4-2bf5-4c08-9483-bd636470bc11
Access Control,9d844594-0f5a-41ba-96cd-7284e342e66c,Access Control,automated_controlName_3029572,4b3c85d9-f93a-42eb-98c5-0590eb368dea,automated_controlName_3029572,Active,Active,Active,,,,,,,,,,,FedRAMP,8e029b33-7408-4620-a7c3-5053edfbf15b,FedRAMP,85b81f43-7b0a-425f-9fab-8890983bdbc4,automated_controlID_3029572,automated_controlid_30295,2026-04-06T05:27:35.000+00:00,2026-04-06,2026,April,04,Quarter 2,4b3c85d9-f93a-42eb-98c5-0590eb368dea,,,,,2564,,,,RiskName_3029572,d9abd16e-5df1-48ee-b7b9-04e8ffbec31f,RiskName_3029572,Risks,Risks,Risk.RiskControl,,,,Pending,Pending,Pending,075069de-c608-4765-9775-c7fe426932f7,Default Control Workflow,PENDING,PENDING,https://Control/Control/85b81f43-7b0a-425f-9fab-8890983bdbc4,Indian/Antananarivo,b99df4a4-2bf5-4c08-9483-bd636470bc11,OTAuto02,b99df4a4-2bf5-4c08-9483-bd636470bc11
Access Control,9d844594-0f5a-41ba-96cd-7284e342e66c,Access Control,automated_controlName_3029572,4b3c85d9-f93a-42eb-98c5-0590eb368dea,automated_controlName_3029572,Active,Active,Active,,,,,,,,,,,FedRAMP,8e029b33-7408-4620-a7c3-5053edfbf15b,FedRAMP,85b81f43-7b0a-425f-9fab-8890983bdbc4,automated_controlID_3029572,automated_controlid_30295,2026-04-06T14:27:35.000+00:00,2026-04-06,2026,April,04,Quarter 2,4b3c85d9-f93a-42eb-98c5-0590eb368dea,,,,,2564,,,,RiskName_3029572,d9abd16e-5df1-48ee-b7b9-04e8ffbec31f,RiskName_3029572,Risks,Risks,Risk.RiskControl,,,,Pending,Pending,Pending,075069de-c608-4765-9775-c7fe426932f7,Default Control Workflow,PENDING,PENDING,https://Control/Control/85b81f43-7b0a-425f-9fab-8890983bdbc4,Pacific/Tarawa,b99df4a4-2bf5-4c08-9483-bd636470bc11,OTAuto02,b99df4a4-2bf5-4c08-9483-bd636470bc11
Access Control,9d844594-0f5a-41ba-96cd-7284e342e66c,Access Control,automated_controlName_3029572,4b3c85d9-f93a-42eb-98c5-0590eb368dea,automated_controlName_3029572,Active,Active,Active,,,,,,,,,,,FedRAMP,8e029b33-7408-4620-a7c3-5053edfbf15b,FedRAMP,85b81f43-7b0a-425f-9fab-8890983bdbc4,automated_controlID_3029572,automated_controlid_30295,2026-04-05T19:27:35.000+00:00,2026-04-05,2026,April,04,Quarter 2,4b3c85d9-f93a-42eb-98c5-0590eb368dea,,,,,2564,,,,RiskName_3029572,d9abd16e-5df1-48ee-b7b9-04e8ffbec31f,RiskName_3029572,Risks,Risks,Risk.RiskControl,,,,Pending,Pending,Pending,075069de-c608-4765-9775-c7fe426932f7,Default Control Workflow,PENDING,PENDING,https://Control/Control/85b81f43-7b0a-425f-9fab-8890983bdbc4,America/Phoenix,b99df4a4-2bf5-4c08-9483-bd636470bc11,OTAuto02,b99df4a4-2bf5-4c08-9483-bd636470bc11
Access Control,9d844594-0f5a-41ba-96cd-7284e342e66c,Access Control,automated_controlName_3029572,4b3c85d9-f93a-42eb-98c5-0590eb368dea,automated_controlName_3029572,Active,Active,Active,,,,,,,,,,,FedRAMP,8e029b33-7408-4620-a7c3-5053edfbf15b,FedRAMP,85b81f43-7b0a-425f-9fab-8890983bdbc4,automated_controlID_3029572,automated_controlid_30295,2026-04-06T11:27:35.000+00:00,2026-04-06,2026,April,04,Quarter 2,4b3c85d9-f93a-42eb-98c5-0590eb368dea,,,,,2564,,,,RiskName_3029572,d9abd16e-5df1-48ee-b7b9-04e8ffbec31f,RiskName_3029572,Risks,Risks,Risk.RiskControl,,,,Pending,Pending,Pending,075069de-c608-4765-9775-c7fe426932f7,Default Control Workflow,PENDING,PENDING,https://Control/Control/85b81f43-7b0a-425f-9fab-8890983bdbc4,Asia/Khandyga,b99df4a4-2bf5-4c08-9483-bd636470bc11,OTAuto02,b99df4a4-2bf5-4c08-9483-bd636470bc11
Access Control,9d844594-0f5a-41ba-96cd-7284e342e66c,Access Control,automated_controlName_3029572,4b3c85d9-f93a-42eb-98c5-0590eb368dea,automated_controlName_3029572,Active,Active,Active,,,,,,,,,,,FedRAMP,8e029b33-7408-4620-a7c3-5053edfbf15b,FedRAMP,85b81f43-7b0a-425f-9fab-8890983bdbc4,automated_controlID_3029572,automated_controlid_30295,2026-04-05T20:27:35.000+00:00,2026-04-05,2026,April,04,Quarter 2,4b3c85d9-f93a-42eb-98c5-0590eb368dea,,,,,2564,,,,RiskName_3029572,d9abd16e-5df1-48ee-b7b9-04e8ffbec31f,RiskName_3029572,Risks,Risks,Risk.RiskControl,,,,Pending,Pending,Pending,075069de-c608-4765-9775-c7fe426932f7,Default Control Workflow,PENDING,PENDING,https://Control/Control/85b81f43-7b0a-425f-9fab-8890983bdbc4,Pacific/Galapagos,b99df4a4-2bf5-4c08-9483-bd636470bc11,OTAuto02,b99df4a4-2bf5-4c08-9483-bd636470bc11
Access Control,9d844594-0f5a-41ba-96cd-7284e342e66c,Access Control,automated_controlName_3029572,4b3c85d9-f93a-42eb-98c5-0590eb368dea,automated_controlName_3029572,Active,Active,Active,,,,,,,,,,,FedRAMP,8e029b33-7408-4620-a7c3-5053edfbf15b,FedRAMP,85b81f43-7b0a-425f-9fab-8890983bdbc4,automated_controlID_3029572,automated_controlid_30295,2026-04-05T21:27:35.000+00:00,2026-04-05,2026,April,04,Quarter 2,4b3c85d9-f93a-42eb-98c5-0590eb368dea,,,,,2564,,,,RiskName_3029572,d9abd16e-5df1-48ee-b7b9-04e8ffbec31f,RiskName_3029572,Risks,Risks,Risk.RiskControl,,,,Pending,Pending,Pending,075069de-c608-4765-9775-c7fe426932f7,Default Control Workflow,PENDING,PENDING,https://Control/Control/85b81f43-7b0a-425f-9fab-8890983bdbc4,America/Knox_IN,b99df4a4-2bf5-4c08-9483-bd636470bc11,OTAuto02,b99df4a4-2bf5-4c08-9483-bd636470bc11
Access Control,9d844594-0f5a-41ba-96cd-7284e342e66c,Access Control,automated_controlName_3029572,4b3c85d9-f93a-42eb-98c5-0590eb368dea,automated_controlName_3029572,Active,Active,Active,,,,,,,,,,,FedRAMP,8e029b33-7408-4620-a7c3-5053edfbf15b,FedRAMP,85b81f43-7b0a-425f-9fab-8890983bdbc4,automated_controlID_3029572,automated_controlid_30295,2026-04-06T03:27:35.000+00:00,2026-04-06,2026,April,04,Quarter 2,4b3c85d9-f93a-42eb-98c5-0590eb368dea,,,,,2564,,,,RiskName_3029572,d9abd16e-5df1-48ee-b7b9-04e8ffbec31f,RiskName_3029572,Risks,Risks,Risk.RiskControl,,,,Pending,Pending,Pending,075069de-c608-4765-9775-c7fe426932f7,Default Control Workflow,PENDING,PENDING,https://Control/Control/85b81f43-7b0a-425f-9fab-8890983bdbc4,Africa/Algiers,b99df4a4-2bf5-4c08-9483-bd636470bc11,OTAuto02,b99df4a4-2bf5-4c08-9483-bd636470bc11
Access Control,9d844594-0f5a-41ba-96cd-7284e342e66c,Access Control,automated_controlName_3029572,4b3c85d9-f93a-42eb-98c5-0590eb368dea,automated_controlName_3029572,Active,Active,Active,,,,,,,,,,,FedRAMP,8e029b33-7408-4620-a7c3-5053edfbf15b,FedRAMP,85b81f43-7b0a-425f-9fab-8890983bdbc4,automated_controlID_3029572,automated_controlid_30295,2026-04-06T11:27:35.000+00:00,2026-04-06,2026,April,04,Quarter 2,4b3c85d9-f93a-42eb-98c5-0590eb368dea,,,,,2564,,,,RiskName_3029572,d9abd16e-5df1-48ee-b7b9-04e8ffbec31f,RiskName_3029572,Risks,Risks,Risk.RiskControl,,,,Pending,Pending,Pending,075069de-c608-4765-9775-c7fe426932f7,Default Control Workflow,PENDING,PENDING,https://Control/Control/85b81f43-7b0a-425f-9fab-8890983bdbc4,Asia/Pyongyang,b99df4a4-2bf5-4c08-9483-bd636470bc11,OTAuto02,b99df4a4-2bf5-4c08-9483-bd636470bc11
Access Control,9d844594-0f5a-41ba-96cd-7284e342e66c,Access Control,automated_controlName_3029572,4b3c85d9-f93a-42eb-98c5-0590eb368dea,automated_controlName_3029572,Active,Active,Active,,,,,,,,,,,FedRAMP,8e029b33-7408-4620-a7c3-5053edfbf15b,FedRAMP,85b81f43-7b0a-425f-9fab-8890983bdbc4,automated_controlID_3029572,automated_controlid_30295,2026-04-06T05:27:35.000+00:00,2026-04-06,2026,April,04,Quarter 2,4b3c85d9-f93a-42eb-98c5-0590eb368dea,,,,,2564,,,,RiskName_3029572,d9abd16e-5df1-48ee-b7b9-04e8ffbec31f,RiskName_3029572,Risks,Risks,Risk.RiskControl,,,,Pending,Pending,Pending,075069de-c608-4765-9775-c7fe426932f7,Default Control Workflow,PENDING,PENDING,https://Control/Control/85b81f43-7b0a-425f-9fab-8890983bdbc4,Asia/Famagusta,b99df4a4-2bf5-4c08-9483-bd636470bc11,OTAuto02,b99df4a4-2bf5-4c08-9483-bd636470bc11
Access Control,9d844594-0f5a-41ba-96cd-7284e342e66c,Access Control,automated_controlName_3029572,4b3c85d9-f93a-42eb-98c5-0590eb368dea,automated_controlName_3029572,Active,Active,Active,,,,,,,,,,,FedRAMP,8e029b33-7408-4620-a7c3-5053edfbf15b,FedRAMP,85b81f43-7b0a-425f-9fab-8890983bdbc4,automated_controlID_3029572,automated_controlid_30295,2026-04-05T22:27:35.000+00:00,2026-04-05,2026,April,04,Quarter 2,4b3c85d9-f93a-42eb-98c5-0590eb368dea,,,,,2564,,,,RiskName_3029572,d9abd16e-5df1-48ee-b7b9-04e8ffbec31f,RiskName_3029572,Risks,Risks,Risk.RiskControl,,,,Pending,Pending,Pending,075069de-c608-4765-9775-c7fe426932f7,Default Control Workflow,PENDING,PENDING,https://Control/Control/85b81f43-7b0a-425f-9fab-8890983bdbc4,America/Havana,b99df4a4-2bf5-4c08-9483-bd636470bc11,OTAuto02,b99df4a4-2bf5-4c08-9483-bd636470bc11
Access Control,9d844594-0f5a-41ba-96cd-7284e342e66c,Access Control,automated_controlName_3029572,4b3c85d9-f93a-42eb-98c5-0590eb368dea,automated_controlName_3029572,Active,Active,Active,,,,,,,,,,,FedRAMP,8e029b33-7408-4620-a7c3-5053edfbf15b,FedRAMP,85b81f43-7b0a-425f-9fab-8890983bdbc4,automated_controlID_3029572,automated_controlid_30295,2026-04-06T02:27:35.000+00:00,2026-04-06,2026,April,04,Quarter 2,4b3c85d9-f93a-42eb-98c5-0590eb368dea,,,,,2564,,,,RiskName_3029572,d9abd16e-5df1-48ee-b7b9-04e8ffbec31f,RiskName_3029572,Risks,Risks,Risk.RiskControl,,,,Pending,Pending,Pending,075069de-c608-4765-9775-c7fe426932f7,Default Control Workflow,PENDING,PENDING,https://Control/Control/85b81f43-7b0a-425f-9fab-8890983bdbc4,Iceland,b99df4a4-2bf5-4c08-9483-bd636470bc11,OTAuto02,b99df4a4-2bf5-4c08-9483-bd636470bc11
Access Control,9d844594-0f5a-41ba-96cd-7284e342e66c,Access Control,automated_controlName_3029572,4b3c85d9-f93a-42eb-98c5-0590eb368dea,automated_controlName_3029572,Active,Active,Active,,,,,,,,,,,FedRAMP,8e029b33-7408-4620-a7c3-5053edfbf15b,FedRAMP,85b81f43-7b0a-425f-9fab-8890983bdbc4,automated_controlID_3029572,automated_controlid_30295,2026-04-05T19:27:35.000+00:00,2026-04-05,2026,April,04,Quarter 2,4b3c85d9-f93a-42eb-98c5-0590eb368dea,,,,,2564,,,,RiskName_3029572,d9abd16e-5df1-48ee-b7b9-04e8ffbec31f,RiskName_3029572,Risks,Risks,Risk.RiskControl,,,,Pending,Pending,Pending,075069de-c608-4765-9775-c7fe426932f7,Default Control Workflow,PENDING,PENDING,https://Control/Control/85b81f43-7b0a-425f-9fab-8890983bdbc4,US/Pacific,b99df4a4-2bf5-4c08-9483-bd636470bc11,OTAuto02,b99df4a4-2bf5-4c08-9483-bd636470bc11
Access Control,9d844594-0f5a-41ba-96cd-7284e342e66c,Access Control,automated_controlName_3029572,4b3c85d9-f93a-42eb-98c5-0590eb368dea,automated_controlName_3029572,Active,Active,Active,,,,,,,,,,,FedRAMP,8e029b33-7408-4620-a7c3-5053edfbf15b,FedRAMP,85b81f43-7b0a-425f-9fab-8890983bdbc4,automated_controlID_3029572,automated_controlid_30295,2026-04-05T23:57:35.000+00:00,2026-04-05,2026,April,04,Quarter 2,4b3c85d9-f93a-42eb-98c5-0590eb368dea,,,,,2564,,,,RiskName_3029572,d9abd16e-5df1-48ee-b7b9-04e8ffbec31f,RiskName_3029572,Risks,Risks,Risk.RiskControl,,,,Pending,Pending,Pending,075069de-c608-4765-9775-c7fe426932f7,Default Control Workflow,PENDING,PENDING,https://Control/Control/85b81f43-7b0a-425f-9fab-8890983bdbc4,Canada/Newfoundland,b99df4a4-2bf5-4c08-9483-bd636470bc11,OTAuto02,b99df4a4-2bf5-4c08-9483-bd636470bc11
Access Control,9d844594-0f5a-41ba-96cd-7284e342e66c,Access Control,automated_controlName_3029572,4b3c85d9-f93a-42eb-98c5-0590eb368dea,automated_controlName_3029572,Active,Active,Active,,,,,,,,,,,FedRAMP,8e029b33-7408-4620-a7c3-5053edfbf15b,FedRAMP,85b81f43-7b0a-425f-9fab-8890983bdbc4,automated_controlID_3029572,automated_controlid_30295,2026-04-05T21:27:35.000+00:00,2026-04-05,2026,April,04,Quarter 2,4b3c85d9-f93a-42eb-98c5-0590eb368dea,,,,,2564,,,,RiskName_3029572,d9abd16e-5df1-48ee-b7b9-04e8ffbec31f,RiskName_3029572,Risks,Risks,Risk.RiskControl,,,,Pending,Pending,Pending,075069de-c608-4765-9775-c7fe426932f7,Default Control Workflow,PENDING,PENDING,https://Control/Control/85b81f43-7b0a-425f-9fab-8890983bdbc4,CST6CDT,b99df4a4-2bf5-4c08-9483-bd636470bc11,OTAuto02,b99df4a4-2bf5-4c08-9483-bd636470bc11
Access Control,9d844594-0f5a-41ba-96cd-7284e342e66c,Access Control,automated_controlName_3029572,4b3c85d9-f93a-42eb-98c5-0590eb368dea,automated_controlName_3029572,Active,Active,Active,,,,,,,,,,,FedRAMP,8e029b33-7408-4620-a7c3-5053edfbf15b,FedRAMP,85b81f43-7b0a-425f-9fab-8890983bdbc4,automated_controlID_3029572,automated_controlid_30295,2026-04-05T23:27:35.000+00:00,2026-04-05,2026,April,04,Quarter 2,4b3c85d9-f93a-42eb-98c5-0590eb368dea,,,,,2564,,,,RiskName_3029572,d9abd16e-5df1-48ee-b7b9-04e8ffbec31f,RiskName_3029572,Risks,Risks,Risk.RiskControl,,,,Pending,Pending,Pending,075069de-c608-4765-9775-c7fe426932f7,Default Control Workflow,PENDING,PENDING,https://Control/Control/85b81f43-7b0a-425f-9fab-8890983bdbc4,America/Argentina/Catamarca,b99df4a4-2bf5-4c08-9483-bd636470bc11,OTAuto02,b99df4a4-2bf5-4c08-9483-bd636470bc11
Access Control,9d844594-0f5a-41ba-96cd-7284e342e66c,Access Control,automated_controlName_3029572,4b3c85d9-f93a-42eb-98c5-0590eb368dea,automated_controlName_3029572,Active,Active,Active,,,,,,,,,,,FedRAMP,8e029b33-7408-4620-a7c3-5053edfbf15b,FedRAMP,85b81f43-7b0a-425f-9fab-8890983bdbc4,automated_controlID_3029572,automated_controlid_30295,2026-04-06T03:27:35.000+00:00,2026-04-06,2026,April,04,Quarter 2,4b3c85d9-f93a-42eb-98c5-0590eb368dea,,,,,2564,,,,RiskName_3029572,d9abd16e-5df1-48ee-b7b9-04e8ffbec31f,RiskName_3029572,Risks,Risks,Risk.RiskControl,,,,Pending,Pending,Pending,075069de-c608-4765-9775-c7fe426932f7,Default Control Workflow,PENDING,PENDING,https://Control/Control/85b81f43-7b0a-425f-9fab-8890983bdbc4,Europe/London,b99df4a4-2bf5-4c08-9483-bd636470bc11,OTAuto02,b99df4a4-2bf5-4c08-9483-bd636470bc11
Access Control,9d844594-0f5a-41ba-96cd-7284e342e66c,Access Control,automated_controlName_3029572,4b3c85d9-f93a-42eb-98c5-0590eb368dea,automated_controlName_3029572,Active,Active,Active,,,,,,,,,,,FedRAMP,8e029b33-7408-4620-a7c3-5053edfbf15b,FedRAMP,85b81f43-7b0a-425f-9fab-8890983bdbc4,automated_controlID_3029572,automated_controlid_30295,2026-04-06T03:27:35.000+00:00,2026-04-06,2026,April,04,Quarter 2,4b3c85d9-f93a-42eb-98c5-0590eb368dea,,,,,2564,,,,RiskName_3029572,d9abd16e-5df1-48ee-b7b9-04e8ffbec31f,RiskName_3029572,Risks,Risks,Risk.RiskControl,,,,Pending,Pending,Pending,075069de-c608-4765-9775-c7fe426932f7,Default Control Workflow,PENDING,PENDING,https://Control/Control/85b81f43-7b0a-425f-9fab-8890983bdbc4,Europe/Belfast,b99df4a4-2bf5-4c08-9483-bd636470bc11,OTAuto02,b99df4a4-2bf5-4c08-9483-bd636470bc11
Access Control,9d844594-0f5a-41ba-96cd-7284e342e66c,Access Control,automated_controlName_3029572,4b3c85d9-f93a-42eb-98c5-0590eb368dea,automated_controlName_3029572,Active,Active,Active,,,,,,,,,,,FedRAMP,8e029b33-7408-4620-a7c3-5053edfbf15b,FedRAMP,85b81f43-7b0a-425f-9fab-8890983bdbc4,automated_controlID_3029572,automated_controlid_30295,2026-04-05T23:27:35.000+00:00,2026-04-05,2026,April,04,Quarter 2,4b3c85d9-f93a-42eb-98c5-0590eb368dea,,,,,2564,,,,RiskName_3029572,d9abd16e-5df1-48ee-b7b9-04e8ffbec31f,RiskName_3029572,Risks,Risks,Risk.RiskControl,,,,Pending,Pending,Pending,075069de-c608-4765-9775-c7fe426932f7,Default Control Workflow,PENDING,PENDING,https://Control/Control/85b81f43-7b0a-425f-9fab-8890983bdbc4,America/Argentina/Buenos_Aires,b99df4a4-2bf5-4c08-9483-bd636470bc11,OTAuto02,b99df4a4-2bf5-4c08-9483-bd636470bc11
Access Control,9d844594-0f5a-41ba-96cd-7284e342e66c,Access Control,automated_controlName_3029572,4b3c85d9-f93a-42eb-98c5-0590eb368dea,automated_controlName_3029572,Active,Active,Active,,,,,,,,,,,FedRAMP,8e029b33-7408-4620-a7c3-5053edfbf15b,FedRAMP,85b81f43-7b0a-425f-9fab-8890983bdbc4,automated_controlID_3029572,automated_controlid_30295,2026-04-06T03:27:35.000+00:00,2026-04-06,2026,April,04,Quarter 2,4b3c85d9-f93a-42eb-98c5-0590eb368dea,,,,,2564,,,,RiskName_3029572,d9abd16e-5df1-48ee-b7b9-04e8ffbec31f,RiskName_3029572,Risks,Risks,Risk.RiskControl,,,,Pending,Pending,Pending,075069de-c608-4765-9775-c7fe426932f7,Default Control Workflow,PENDING,PENDING,https://Control/Control/85b81f43-7b0a-425f-9fab-8890983bdbc4,Atlantic/Canary,b99df4a4-2bf5-4c08-9483-bd636470bc11,OTAuto02,b99df4a4-2bf5-4c08-9483-bd636470bc11
Access Control,9d844594-0f5a-41ba-96cd-7284e342e66c,Access Control,automated_controlName_3029572,4b3c85d9-f93a-42eb-98c5-0590eb368dea,automated_controlName_3029572,Active,Active,Active,,,,,,,,,,,FedRAMP,8e029b33-7408-4620-a7c3-5053edfbf15b,FedRAMP,85b81f43-7b0a-425f-9fab-8890983bdbc4,automated_controlID_3029572,automated_controlid_30295,2026-04-06T04:27:35.000+00:00,2026-04-06,2026,April,04,Quarter 2,4b3c85d9-f93a-42eb-98c5-0590eb368dea,,,,,2564,,,,RiskName_3029572,d9abd16e-5df1-48ee-b7b9-04e8ffbec31f,RiskName_3029572,Risks,Risks,Risk.RiskControl,,,,Pending,Pending,Pending,075069de-c608-4765-9775-c7fe426932f7,Default Control Workflow,PENDING,PENDING,https://Control/Control/85b81f43-7b0a-425f-9fab-8890983bdbc4,Europe/San_Marino,b99df4a4-2bf5-4c08-9483-bd636470bc11,OTAuto02,b99df4a4-2bf5-4c08-9483-bd636470bc11
Access Control,9d844594-0f5a-41ba-96cd-7284e342e66c,Access Control,automated_controlName_3029572,4b3c85d9-f93a-42eb-98c5-0590eb368dea,automated_controlName_3029572,Active,Active,Active,,,,,,,,,,,FedRAMP,8e029b33-7408-4620-a7c3-5053edfbf15b,FedRAMP,85b81f43-7b0a-425f-9fab-8890983bdbc4,automated_controlID_3029572,automated_controlid_30295,2026-04-06T10:27:35.000+00:00,2026-04-06,2026,April,04,Quarter 2,4b3c85d9-f93a-42eb-98c5-0590eb368dea,,,,,2564,,,,RiskName_3029572,d9abd16e-5df1-48ee-b7b9-04e8ffbec31f,RiskName_3029572,Risks,Risks,Risk.RiskControl,,,,Pending,Pending,Pending,075069de-c608-4765-9775-c7fe426932f7,Default Control Workflow,PENDING,PENDING,https://Control/Control/85b81f43-7b0a-425f-9fab-8890983bdbc4,Asia/Shanghai,b99df4a4-2bf5-4c08-9483-bd636470bc11,OTAuto02,b99df4a4-2bf5-4c08-9483-bd636470bc11
Access Control,9d844594-0f5a-41ba-96cd-7284e342e66c,Access Control,automated_controlName_3029572,4b3c85d9-f93a-42eb-98c5-0590eb368dea,automated_controlName_3029572,Active,Active,Active,,,,,,,,,,,FedRAMP,8e029b33-7408-4620-a7c3-5053edfbf15b,FedRAMP,85b81f43-7b0a-425f-9fab-8890983bdbc4,automated_controlID_3029572,automated_controlid_30295,2026-04-06T02:27:35.000+00:00,2026-04-06,2026,April,04,Quarter 2,4b3c85d9-f93a-42eb-98c5-0590eb368dea,,,,,2564,,,,RiskName_3029572,d9abd16e-5df1-48ee-b7b9-04e8ffbec31f,RiskName_3029572,Risks,Risks,Risk.RiskControl,,,,Pending,Pending,Pending,075069de-c608-4765-9775-c7fe426932f7,Default Control Workflow,PENDING,PENDING,https://Control/Control/85b81f43-7b0a-425f-9fab-8890983bdbc4,Universal,b99df4a4-2bf5-4c08-9483-bd636470bc11,OTAuto02,b99df4a4-2bf5-4c08-9483-bd636470bc11
Access Control,9d844594-0f5a-41ba-96cd-7284e342e66c,Access Control,automated_controlName_3029572,4b3c85d9-f93a-42eb-98c5-0590eb368dea,automated_controlName_3029572,Active,Active,Active,,,,,,,,,,,FedRAMP,8e029b33-7408-4620-a7c3-5053edfbf15b,FedRAMP,85b81f43-7b0a-425f-9fab-8890983bdbc4,automated_controlID_3029572,automated_controlid_30295,2026-04-06T05:27:35.000+00:00,2026-04-06,2026,April,04,Quarter 2,4b3c85d9-f93a-42eb-98c5-0590eb368dea,,,,,2564,,,,RiskName_3029572,d9abd16e-5df1-48ee-b7b9-04e8ffbec31f,RiskName_3029572,Risks,Risks,Risk.RiskControl,,,,Pending,Pending,Pending,075069de-c608-4765-9775-c7fe426932f7,Default Control Workflow,PENDING,PENDING,https://Control/Control/85b81f43-7b0a-425f-9fab-8890983bdbc4,Asia/Bahrain,b99df4a4-2bf5-4c08-9483-bd636470bc11,OTAuto02,b99df4a4-2bf5-4c08-9483-bd636470bc11
Access Control,9d844594-0f5a-41ba-96cd-7284e342e66c,Access Control,automated_controlName_3029572,4b3c85d9-f93a-42eb-98c5-0590eb368dea,automated_controlName_3029572,Active,Active,Active,,,,,,,,,,,FedRAMP,8e029b33-7408-4620-a7c3-5053edfbf15b,FedRAMP,85b81f43-7b0a-425f-9fab-8890983bdbc4,automated_controlID_3029572,automated_controlid_30295,2026-04-06T03:27:35.000+00:00,2026-04-06,2026,April,04,Quarter 2,4b3c85d9-f93a-42eb-98c5-0590eb368dea,,,,,2564,,,,RiskName_3029572,d9abd16e-5df1-48ee-b7b9-04e8ffbec31f,RiskName_3029572,Risks,Risks,Risk.RiskControl,,,,Pending,Pending,Pending,075069de-c608-4765-9775-c7fe426932f7,Default Control Workflow,PENDING,PENDING,https://Control/Control/85b81f43-7b0a-425f-9fab-8890983bdbc4,Africa/Douala,b99df4a4-2bf5-4c08-9483-bd636470bc11,OTAuto02,b99df4a4-2bf5-4c08-9483-bd636470bc11
Access Control,9d844594-0f5a-41ba-96cd-7284e342e66c,Access Control,automated_controlName_3029572,4b3c85d9-f93a-42eb-98c5-0590eb368dea,automated_controlName_3029572,Active,Active,Active,,,,,,,,,,,FedRAMP,8e029b33-7408-4620-a7c3-5053edfbf15b,FedRAMP,85b81f43-7b0a-425f-9fab-8890983bdbc4,automated_controlID_3029572,automated_controlid_30295,2026-04-06T14:27:35.000+00:00,2026-04-06,2026,April,04,Quarter 2,4b3c85d9-f93a-42eb-98c5-0590eb368dea,,,,,2564,,,,RiskName_3029572,d9abd16e-5df1-48ee-b7b9-04e8ffbec31f,RiskName_3029572,Risks,Risks,Risk.RiskControl,,,,Pending,Pending,Pending,075069de-c608-4765-9775-c7fe426932f7,Default Control Workflow,PENDING,PENDING,https://Control/Control/85b81f43-7b0a-425f-9fab-8890983bdbc4,Kwajalein,b99df4a4-2bf5-4c08-9483-bd636470bc11,OTAuto02,b99df4a4-2bf5-4c08-9483-bd636470bc11
Access Control,9d844594-0f5a-41ba-96cd-7284e342e66c,Access Control,automated_controlName_3029572,4b3c85d9-f93a-42eb-98c5-0590eb368dea,automated_controlName_3029572,Active,Active,Active,,,,,,,,,,,FedRAMP,8e029b33-7408-4620-a7c3-5053edfbf15b,FedRAMP,85b81f43-7b0a-425f-9fab-8890983bdbc4,automated_controlID_3029572,automated_controlid_30295,2026-04-06T05:27:35.000+00:00,2026-04-06,2026,April,04,Quarter 2,4b3c85d9-f93a-42eb-98c5-0590eb368dea,,,,,2564,,,,RiskName_3029572,d9abd16e-5df1-48ee-b7b9-04e8ffbec31f,RiskName_3029572,Risks,Risks,Risk.RiskControl,,,,Pending,Pending,Pending,075069de-c608-4765-9775-c7fe426932f7,Default Control Workflow,PENDING,PENDING,https://Control/Control/85b81f43-7b0a-425f-9fab-8890983bdbc4,Europe/Moscow,b99df4a4-2bf5-4c08-9483-bd636470bc11,OTAuto02,b99df4a4-2bf5-4c08-9483-bd636470bc11
Access Control,9d844594-0f5a-41ba-96cd-7284e342e66c,Access Control,automated_controlName_3029572,4b3c85d9-f93a-42eb-98c5-0590eb368dea,automated_controlName_3029572,Active,Active,Active,,,,,,,,,,,FedRAMP,8e029b33-7408-4620-a7c3-5053edfbf15b,FedRAMP,85b81f43-7b0a-425f-9fab-8890983bdbc4,automated_controlID_3029572,automated_controlid_30295,2026-04-05T20:27:35.000+00:00,2026-04-05,2026,April,04,Quarter 2,4b3c85d9-f93a-42eb-98c5-0590eb368dea,,,,,2564,,,,RiskName_3029572,d9abd16e-5df1-48ee-b7b9-04e8ffbec31f,RiskName_3029572,Risks,Risks,Risk.RiskControl,,,,Pending,Pending,Pending,075069de-c608-4765-9775-c7fe426932f7,Default Control Workflow,PENDING,PENDING,https://Control/Control/85b81f43-7b0a-425f-9fab-8890983bdbc4,America/Inuvik,b99df4a4-2bf5-4c08-9483-bd636470bc11,OTAuto02,b99df4a4-2bf5-4c08-9483-bd636470bc11
Access Control,9d844594-0f5a-41ba-96cd-7284e342e66c,Access Control,automated_controlName_3029572,4b3c85d9-f93a-42eb-98c5-0590eb368dea,automated_controlName_3029572,Active,Active,Active,,,,,,,,,,,FedRAMP,8e029b33-7408-4620-a7c3-5053edfbf15b,FedRAMP,85b81f43-7b0a-425f-9fab-8890983bdbc4,automated_controlID_3029572,automated_controlid_30295,2026-04-06T14:27:35.000+00:00,2026-04-06,2026,April,04,Quarter 2,4b3c85d9-f93a-42eb-98c5-0590eb368dea,,,,,2564,,,,RiskName_3029572,d9abd16e-5df1-48ee-b7b9-04e8ffbec31f,RiskName_3029572,Risks,Risks,Risk.RiskControl,,,,Pending,Pending,Pending,075069de-c608-4765-9775-c7fe426932f7,Default Control Workflow,PENDING,PENDING,https://Control/Control/85b81f43-7b0a-425f-9fab-8890983bdbc4,NZ,b99df4a4-2bf5-4c08-9483-bd636470bc11,OTAuto02,b99df4a4-2bf5-4c08-9483-bd636470bc11
Access Control,9d844594-0f5a-41ba-96cd-7284e342e66c,Access Control,automated_controlName_3029572,4b3c85d9-f93a-42eb-98c5-0590eb368dea,automated_controlName_3029572,Active,Active,Active,,,,,,,,,,,FedRAMP,8e029b33-7408-4620-a7c3-5053edfbf15b,FedRAMP,85b81f43-7b0a-425f-9fab-8890983bdbc4,automated_controlID_3029572,automated_controlid_30295,2026-04-06T04:27:35.000+00:00,2026-04-06,2026,April,04,Quarter 2,4b3c85d9-f93a-42eb-98c5-0590eb368dea,,,,,2564,,,,RiskName_3029572,d9abd16e-5df1-48ee-b7b9-04e8ffbec31f,RiskName_3029572,Risks,Risks,Risk.RiskControl,,,,Pending,Pending,Pending,075069de-c608-4765-9775-c7fe426932f7,Default Control Workflow,PENDING,PENDING,https://Control/Control/85b81f43-7b0a-425f-9fab-8890983bdbc4,Europe/Warsaw,b99df4a4-2bf5-4c08-9483-bd636470bc11,OTAuto02,b99df4a4-2bf5-4c08-9483-bd636470bc11
Access Control,9d844594-0f5a-41ba-96cd-7284e342e66c,Access Control,automated_controlName_3029572,4b3c85d9-f93a-42eb-98c5-0590eb368dea,automated_controlName_3029572,Active,Active,Active,,,,,,,,,,,FedRAMP,8e029b33-7408-4620-a7c3-5053edfbf15b,FedRAMP,85b81f43-7b0a-425f-9fab-8890983bdbc4,automated_controlID_3029572,automated_controlid_30295,2026-04-05T23:27:35.000+00:00,2026-04-05,2026,April,04,Quarter 2,4b3c85d9-f93a-42eb-98c5-0590eb368dea,,,,,2564,,,,RiskName_3029572,d9abd16e-5df1-48ee-b7b9-04e8ffbec31f,RiskName_3029572,Risks,Risks,Risk.RiskControl,,,,Pending,Pending,Pending,075069de-c608-4765-9775-c7fe426932f7,Default Control Workflow,PENDING,PENDING,https://Control/Control/85b81f43-7b0a-425f-9fab-8890983bdbc4,America/Goose_Bay,b99df4a4-2bf5-4c08-9483-bd636470bc11,OTAuto02,b99df4a4-2bf5-4c08-9483-bd636470bc11
Access Control,9d844594-0f5a-41ba-96cd-7284e342e66c,Access Control,automated_controlName_3029572,4b3c85d9-f93a-42eb-98c5-0590eb368dea,automated_controlName_3029572,Active,Active,Active,,,,,,,,,,,FedRAMP,8e029b33-7408-4620-a7c3-5053edfbf15b,FedRAMP,85b81f43-7b0a-425f-9fab-8890983bdbc4,automated_controlID_3029572,automated_controlid_30295,2026-04-06T05:27:35.000+00:00,2026-04-06,2026,April,04,Quarter 2,4b3c85d9-f93a-42eb-98c5-0590eb368dea,,,,,2564,,,,RiskName_3029572,d9abd16e-5df1-48ee-b7b9-04e8ffbec31f,RiskName_3029572,Risks,Risks,Risk.RiskControl,,,,Pending,Pending,Pending,075069de-c608-4765-9775-c7fe426932f7,Default Control Workflow,PENDING,PENDING,https://Control/Control/85b81f43-7b0a-425f-9fab-8890983bdbc4,Europe/Kyiv,b99df4a4-2bf5-4c08-9483-bd636470bc11,OTAuto02,b99df4a4-2bf5-4c08-9483-bd636470bc11
Access Control,9d844594-0f5a-41ba-96cd-7284e342e66c,Access Control,automated_controlName_3029572,4b3c85d9-f93a-42eb-98c5-0590eb368dea,automated_controlName_3029572,Active,Active,Active,,,,,,,,,,,FedRAMP,8e029b33-7408-4620-a7c3-5053edfbf15b,FedRAMP,85b81f43-7b0a-425f-9fab-8890983bdbc4,automated_controlID_3029572,automated_controlid_30295,2026-04-05T19:27:35.000+00:00,2026-04-05,2026,April,04,Quarter 2,4b3c85d9-f93a-42eb-98c5-0590eb368dea,,,,,2564,,,,RiskName_3029572,d9abd16e-5df1-48ee-b7b9-04e8ffbec31f,RiskName_3029572,Risks,Risks,Risk.RiskControl,,,,Pending,Pending,Pending,075069de-c608-4765-9775-c7fe426932f7,Default Control Workflow,PENDING,PENDING,https://Control/Control/85b81f43-7b0a-425f-9fab-8890983bdbc4,America/Santa_Isabel,b99df4a4-2bf5-4c08-9483-bd636470bc11,OTAuto02,b99df4a4-2bf5-4c08-9483-bd636470bc11
Access Control,9d844594-0f5a-41ba-96cd-7284e342e66c,Access Control,automated_controlName_3029572,4b3c85d9-f93a-42eb-98c5-0590eb368dea,automated_controlName_3029572,Active,Active,Active,,,,,,,,,,,FedRAMP,8e029b33-7408-4620-a7c3-5053edfbf15b,FedRAMP,85b81f43-7b0a-425f-9fab-8890983bdbc4,automated_controlID_3029572,automated_controlid_30295,2026-04-06T02:27:35.000+00:00,2026-04-06,2026,April,04,Quarter 2,4b3c85d9-f93a-42eb-98c5-0590eb368dea,,,,,2564,,,,RiskName_3029572,d9abd16e-5df1-48ee-b7b9-04e8ffbec31f,RiskName_3029572,Risks,Risks,Risk.RiskControl,,,,Pending,Pending,Pending,075069de-c608-4765-9775-c7fe426932f7,Default Control Workflow,PENDING,PENDING,https://Control/Control/85b81f43-7b0a-425f-9fab-8890983bdbc4,Etc/GMT-0,b99df4a4-2bf5-4c08-9483-bd636470bc11,OTAuto02,b99df4a4-2bf5-4c08-9483-bd636470bc11
Access Control,9d844594-0f5a-41ba-96cd-7284e342e66c,Access Control,automated_controlName_3029572,4b3c85d9-f93a-42eb-98c5-0590eb368dea,automated_controlName_3029572,Active,Active,Active,,,,,,,,,,,FedRAMP,8e029b33-7408-4620-a7c3-5053edfbf15b,FedRAMP,85b81f43-7b0a-425f-9fab-8890983bdbc4,automated_controlID_3029572,automated_controlid_30295,2026-04-05T16:27:35.000+00:00,2026-04-05,2026,April,04,Quarter 2,4b3c85d9-f93a-42eb-98c5-0590eb368dea,,,,,2564,,,,RiskName_3029572,d9abd16e-5df1-48ee-b7b9-04e8ffbec31f,RiskName_3029572,Risks,Risks,Risk.RiskControl,,,,Pending,Pending,Pending,075069de-c608-4765-9775-c7fe426932f7,Default Control Workflow,PENDING,PENDING,https://Control/Control/85b81f43-7b0a-425f-9fab-8890983bdbc4,Pacific/Johnston,b99df4a4-2bf5-4c08-9483-bd636470bc11,OTAuto02,b99df4a4-2bf5-4c08-9483-bd636470bc11
Access Control,9d844594-0f5a-41ba-96cd-7284e342e66c,Access Control,automated_controlName_3029572,4b3c85d9-f93a-42eb-98c5-0590eb368dea,automated_controlName_3029572,Active,Active,Active,,,,,,,,,,,FedRAMP,8e029b33-7408-4620-a7c3-5053edfbf15b,FedRAMP,85b81f43-7b0a-425f-9fab-8890983bdbc4,automated_controlID_3029572,automated_controlid_30295,2026-04-06T12:27:35.000+00:00,2026-04-06,2026,April,04,Quarter 2,4b3c85d9-f93a-42eb-98c5-0590eb368dea,,,,,2564,,,,RiskName_3029572,d9abd16e-5df1-48ee-b7b9-04e8ffbec31f,RiskName_3029572,Risks,Risks,Risk.RiskControl,,,,Pending,Pending,Pending,075069de-c608-4765-9775-c7fe426932f7,Default Control Workflow,PENDING,PENDING,https://Control/Control/85b81f43-7b0a-425f-9fab-8890983bdbc4,Australia/Tasmania,b99df4a4-2bf5-4c08-9483-bd636470bc11,OTAuto02,b99df4a4-2bf5-4c08-9483-bd636470bc11
Access Control,9d844594-0f5a-41ba-96cd-7284e342e66c,Access Control,automated_controlName_3029572,4b3c85d9-f93a-42eb-98c5-0590eb368dea,automated_controlName_3029572,Active,Active,Active,,,,,,,,,,,FedRAMP,8e029b33-7408-4620-a7c3-5053edfbf15b,FedRAMP,85b81f43-7b0a-425f-9fab-8890983bdbc4,automated_controlID_3029572,automated_controlid_30295,2026-04-05T17:27:35.000+00:00,2026-04-05,2026,April,04,Quarter 2,4b3c85d9-f93a-42eb-98c5-0590eb368dea,,,,,2564,,,,RiskName_3029572,d9abd16e-5df1-48ee-b7b9-04e8ffbec31f,RiskName_3029572,Risks,Risks,Risk.RiskControl,,,,Pending,Pending,Pending,075069de-c608-4765-9775-c7fe426932f7,Default Control Workflow,PENDING,PENDING,https://Control/Control/85b81f43-7b0a-425f-9fab-8890983bdbc4,America/Atka,b99df4a4-2bf5-4c08-9483-bd636470bc11,OTAuto02,b99df4a4-2bf5-4c08-9483-bd636470bc11
Access Control,9d844594-0f5a-41ba-96cd-7284e342e66c,Access Control,automated_controlName_3029572,4b3c85d9-f93a-42eb-98c5-0590eb368dea,automated_controlName_3029572,Active,Active,Active,,,,,,,,,,,FedRAMP,8e029b33-7408-4620-a7c3-5053edfbf15b,FedRAMP,85b81f43-7b0a-425f-9fab-8890983bdbc4,automated_controlID_3029572,automated_controlid_30295,2026-04-06T02:27:35.000+00:00,2026-04-06,2026,April,04,Quarter 2,4b3c85d9-f93a-42eb-98c5-0590eb368dea,,,,,2564,,,,RiskName_3029572,d9abd16e-5df1-48ee-b7b9-04e8ffbec31f,RiskName_3029572,Risks,Risks,Risk.RiskControl,,,,Pending,Pending,Pending,075069de-c608-4765-9775-c7fe426932f7,Default Control Workflow,PENDING,PENDING,https://Control/Control/85b81f43-7b0a-425f-9fab-8890983bdbc4,Etc/Universal,b99df4a4-2bf5-4c08-9483-bd636470bc11,OTAuto02,b99df4a4-2bf5-4c08-9483-bd636470bc11
Access Control,9d844594-0f5a-41ba-96cd-7284e342e66c,Access Control,automated_controlName_3029572,4b3c85d9-f93a-42eb-98c5-0590eb368dea,automated_controlName_3029572,Active,Active,Active,,,,,,,,,,,FedRAMP,8e029b33-7408-4620-a7c3-5053edfbf15b,FedRAMP,85b81f43-7b0a-425f-9fab-8890983bdbc4,automated_controlID_3029572,automated_controlid_30295,2026-04-06T05:27:35.000+00:00,2026-04-06,2026,April,04,Quarter 2,4b3c85d9-f93a-42eb-98c5-0590eb368dea,,,,,2564,,,,RiskName_3029572,d9abd16e-5df1-48ee-b7b9-04e8ffbec31f,RiskName_3029572,Risks,Risks,Risk.RiskControl,,,,Pending,Pending,Pending,075069de-c608-4765-9775-c7fe426932f7,Default Control Workflow,PENDING,PENDING,https://Control/Control/85b81f43-7b0a-425f-9fab-8890983bdbc4,Asia/Baghdad,b99df4a4-2bf5-4c08-9483-bd636470bc11,OTAuto02,b99df4a4-2bf5-4c08-9483-bd636470bc11
Access Control,9d844594-0f5a-41ba-96cd-7284e342e66c,Access Control,automated_controlName_3029572,4b3c85d9-f93a-42eb-98c5-0590eb368dea,automated_controlName_3029572,Active,Active,Active,,,,,,,,,,,FedRAMP,8e029b33-7408-4620-a7c3-5053edfbf15b,FedRAMP,85b81f43-7b0a-425f-9fab-8890983bdbc4,automated_controlID_3029572,automated_controlid_30295,2026-04-06T05:27:35.000+00:00,2026-04-06,2026,April,04,Quarter 2,4b3c85d9-f93a-42eb-98c5-0590eb368dea,,,,,2564,,,,RiskName_3029572,d9abd16e-5df1-48ee-b7b9-04e8ffbec31f,RiskName_3029572,Risks,Risks,Risk.RiskControl,,,,Pending,Pending,Pending,075069de-c608-4765-9775-c7fe426932f7,Default Control Workflow,PENDING,PENDING,https://Control/Control/85b81f43-7b0a-425f-9fab-8890983bdbc4,Asia/Tel_Aviv,b99df4a4-2bf5-4c08-9483-bd636470bc11,OTAuto02,b99df4a4-2bf5-4c08-9483-bd636470bc11
Access Control,9d844594-0f5a-41ba-96cd-7284e342e66c,Access Control,automated_controlName_3029572,4b3c85d9-f93a-42eb-98c5-0590eb368dea,automated_controlName_3029572,Active,Active,Active,,,,,,,,,,,FedRAMP,8e029b33-7408-4620-a7c3-5053edfbf15b,FedRAMP,85b81f43-7b0a-425f-9fab-8890983bdbc4,automated_controlID_3029572,automated_controlid_30295,2026-04-05T21:27:35.000+00:00,2026-04-05,2026,April,04,Quarter 2,4b3c85d9-f93a-42eb-98c5-0590eb368dea,,,,,2564,,,,RiskName_3029572,d9abd16e-5df1-48ee-b7b9-04e8ffbec31f,RiskName_3029572,Risks,Risks,Risk.RiskControl,,,,Pending,Pending,Pending,075069de-c608-4765-9775-c7fe426932f7,Default Control Workflow,PENDING,PENDING,https://Control/Control/85b81f43-7b0a-425f-9fab-8890983bdbc4,US/Indiana-Starke,b99df4a4-2bf5-4c08-9483-bd636470bc11,OTAuto02,b99df4a4-2bf5-4c08-9483-bd636470bc11
Access Control,9d844594-0f5a-41ba-96cd-7284e342e66c,Access Control,automated_controlName_3029572,4b3c85d9-f93a-42eb-98c5-0590eb368dea,automated_controlName_3029572,Active,Active,Active,,,,,,,,,,,FedRAMP,8e029b33-7408-4620-a7c3-5053edfbf15b,FedRAMP,85b81f43-7b0a-425f-9fab-8890983bdbc4,automated_controlID_3029572,automated_controlid_30295,2026-04-06T10:27:35.000+00:00,2026-04-06,2026,April,04,Quarter 2,4b3c85d9-f93a-42eb-98c5-0590eb368dea,,,,,2564,,,,RiskName_3029572,d9abd16e-5df1-48ee-b7b9-04e8ffbec31f,RiskName_3029572,Risks,Risks,Risk.RiskControl,,,,Pending,Pending,Pending,075069de-c608-4765-9775-c7fe426932f7,Default Control Workflow,PENDING,PENDING,https://Control/Control/85b81f43-7b0a-425f-9fab-8890983bdbc4,PRC,b99df4a4-2bf5-4c08-9483-bd636470bc11,OTAuto02,b99df4a4-2bf5-4c08-9483-bd636470bc11
Access Control,9d844594-0f5a-41ba-96cd-7284e342e66c,Access Control,automated_controlName_3029572,4b3c85d9-f93a-42eb-98c5-0590eb368dea,automated_controlName_3029572,Active,Active,Active,,,,,,,,,,,FedRAMP,8e029b33-7408-4620-a7c3-5053edfbf15b,FedRAMP,85b81f43-7b0a-425f-9fab-8890983bdbc4,automated_controlID_3029572,automated_controlid_30295,2026-04-06T12:27:35.000+00:00,2026-04-06,2026,April,04,Quarter 2,4b3c85d9-f93a-42eb-98c5-0590eb368dea,,,,,2564,,,,RiskName_3029572,d9abd16e-5df1-48ee-b7b9-04e8ffbec31f,RiskName_3029572,Risks,Risks,Risk.RiskControl,,,,Pending,Pending,Pending,075069de-c608-4765-9775-c7fe426932f7,Default Control Workflow,PENDING,PENDING,https://Control/Control/85b81f43-7b0a-425f-9fab-8890983bdbc4,Australia/NSW,b99df4a4-2bf5-4c08-9483-bd636470bc11,OTAuto02,b99df4a4-2bf5-4c08-9483-bd636470bc11
Access Control,9d844594-0f5a-41ba-96cd-7284e342e66c,Access Control,automated_controlName_3029572,4b3c85d9-f93a-42eb-98c5-0590eb368dea,automated_controlName_3029572,Active,Active,Active,,,,,,,,,,,FedRAMP,8e029b33-7408-4620-a7c3-5053edfbf15b,FedRAMP,85b81f43-7b0a-425f-9fab-8890983bdbc4,automated_controlID_3029572,automated_controlid_30295,2026-04-06T04:27:35.000+00:00,2026-04-06,2026,April,04,Quarter 2,4b3c85d9-f93a-42eb-98c5-0590eb368dea,,,,,2564,,,,RiskName_3029572,d9abd16e-5df1-48ee-b7b9-04e8ffbec31f,RiskName_3029572,Risks,Risks,Risk.RiskControl,,,,Pending,Pending,Pending,075069de-c608-4765-9775-c7fe426932f7,Default Control Workflow,PENDING,PENDING,https://Control/Control/85b81f43-7b0a-425f-9fab-8890983bdbc4,Europe/Belgrade,b99df4a4-2bf5-4c08-9483-bd636470bc11,OTAuto02,b99df4a4-2bf5-4c08-9483-bd636470bc11
Access Control,9d844594-0f5a-41ba-96cd-7284e342e66c,Access Control,automated_controlName_3029572,4b3c85d9-f93a-42eb-98c5-0590eb368dea,automated_controlName_3029572,Active,Active,Active,,,,,,,,,,,FedRAMP,8e029b33-7408-4620-a7c3-5053edfbf15b,FedRAMP,85b81f43-7b0a-425f-9fab-8890983bdbc4,automated_controlID_3029572,automated_controlid_30295,2026-04-06T10:27:35.000+00:00,2026-04-06,2026,April,04,Quarter 2,4b3c85d9-f93a-42eb-98c5-0590eb368dea,,,,,2564,,,,RiskName_3029572,d9abd16e-5df1-48ee-b7b9-04e8ffbec31f,RiskName_3029572,Risks,Risks,Risk.RiskControl,,,,Pending,Pending,Pending,075069de-c608-4765-9775-c7fe426932f7,Default Control Workflow,PENDING,PENDING,https://Control/Control/85b81f43-7b0a-425f-9fab-8890983bdbc4,Hongkong,b99df4a4-2bf5-4c08-9483-bd636470bc11,OTAuto02,b99df4a4-2bf5-4c08-9483-bd636470bc11
