entityTypeReference,entityId,entityNumber,entityName,stageId,workflowId,workflow,stage,createdBy,updatedBy,createdDateTime,createdDate,createdYear,createdMonth,createdMonthNumber,createdQuarter,updatedDateTime,updatedDate,updatedYear,updatedMonth,updatedMonthNumber,updatedQuarter,timeZoneID,orgId,orgName,parentOrgID,createdByUserEmail
b17b50ee-cf0e-4fb9-9032-541da2ef0029,assessmentExportResponses_1870156,982,4686f5b4e967c406811520b2657ee8fa,8eeadc8b-de62-4bb8-9926-9a588fd4df98,INVENTORY,Company/business name,Not Answered,Not Answered,Not Answered,,,,,,,,,,,,,,NotAnswered,https://Assessment/Assessment/b17b50ee-cf0e-4fb9-9032-541da2ef0029,OTAuto02,b99df4a4-2bf5-4c08-9483-bd636470bc11,b99df4a4-2bf5-4c08-9483-bd636470bc11,America/Sitka
b17b50ee-cf0e-4fb9-9032-541da2ef0029,assessmentExportResponses_1870156,982,533e15d79cdc375e8d6aa86bba71524a,3ee9bbfe-62eb-4dec-bd4b-cf45bc90c4a4,TEXTBOX,Type of legal entity and state of incorporation,Name 11,Name 11,Name 11,,,,,,,,,,,,,,,https://Assessment/Assessment/b17b50ee-cf0e-4fb9-9032-541da2ef0029,OTAuto02,b99df4a4-2bf5-4c08-9483-bd636470bc11,b99df4a4-2bf5-4c08-9483-bd636470bc11,America/Sitka
b17b50ee-cf0e-4fb9-9032-541da2ef0029,assessmentExportResponses_1870156,982,5562689f546696c93a26f0c9e70c3df6,3d444996-eca6-4c49-8c35-e134070ab0e7,YESNO,Any additional locations where Scoped Systems and Data is stored?,Yes,Yes,Yes,,,,,,,,,,,,,,Yes,https://Assessment/Assessment/b17b50ee-cf0e-4fb9-9032-541da2ef0029,OTAuto02,b99df4a4-2bf5-4c08-9483-bd636470bc11,b99df4a4-2bf5-4c08-9483-bd636470bc11,America/Sitka
b17b50ee-cf0e-4fb9-9032-541da2ef0029,assessmentExportResponses_1870156,982,164bed3e78b2e81d7e1c5db0dc09d3fe,f776d28a-07a5-4f58-8fea-faff6bbd4aaa,MULTICHOICE,What Cloud Hosting Tiers are provided as part of this service?,Infrastructure as a Service (IaaS),Infrastructure as a Service (IaaS),Infrastructure as a Service (IaaS),,,,,,,,,,,,,,Infrastructure as a Service (IaaS),https://Assessment/Assessment/b17b50ee-cf0e-4fb9-9032-541da2ef0029,OTAuto02,b99df4a4-2bf5-4c08-9483-bd636470bc11,b99df4a4-2bf5-4c08-9483-bd636470bc11,America/Sitka
b17b50ee-cf0e-4fb9-9032-541da2ef0029,assessmentExportResponses_1870156,982,b478b78e317f64e33746684a8d7561e5,53b6d84c-f0c5-4397-ad59-5f4cd2633188,TEXTBOX,"Documentation, which details policy and procedures regarding system boot",Desc 52,Desc 52,Desc 52,,,,,,,,,,,,,,,https://Assessment/Assessment/b17b50ee-cf0e-4fb9-9032-541da2ef0029,OTAuto02,b99df4a4-2bf5-4c08-9483-bd636470bc11,b99df4a4-2bf5-4c08-9483-bd636470bc11,America/Sitka
b17b50ee-cf0e-4fb9-9032-541da2ef0029,assessmentExportResponses_1870156,982,86400ccc0cfcd8e3366ea59623fd972d,ce3003f0-fd76-4b0f-91ad-cd6cf838469a,TEXTBOX,"A copy of the incident management policy(ies), plans and procedures",Desc 75,Desc 75,Desc 75,,,,,,,,,,,,,,,https://Assessment/Assessment/b17b50ee-cf0e-4fb9-9032-541da2ef0029,OTAuto02,b99df4a4-2bf5-4c08-9483-bd636470bc11,b99df4a4-2bf5-4c08-9483-bd636470bc11,America/Sitka
b17b50ee-cf0e-4fb9-9032-541da2ef0029,assessmentExportResponses_1870156,982,0f9e00dc9e0f95fdff015e559db2a2cd,6d86e228-6174-40e6-8f5c-4edb418a9e20,TEXTBOX,"Documentation regarding its backup and replication processes and capabilities, including an executive summary of the last test of the backup or replication process",Desc 90,Desc 90,Desc 90,,,,,,,,,,,,,,,https://Assessment/Assessment/b17b50ee-cf0e-4fb9-9032-541da2ef0029,OTAuto02,b99df4a4-2bf5-4c08-9483-bd636470bc11,b99df4a4-2bf5-4c08-9483-bd636470bc11,America/Sitka
b17b50ee-cf0e-4fb9-9032-541da2ef0029,assessmentExportResponses_1870156,982,a1e624f9b6421080015c0a390f878e25,8117a564-15dd-4f92-8497-65308186b372,TEXTBOX,Documentation regarding its network monitoring process,Desc 110,Desc 110,Desc 110,,,,,,,,,,,,,,,https://Assessment/Assessment/b17b50ee-cf0e-4fb9-9032-541da2ef0029,OTAuto02,b99df4a4-2bf5-4c08-9483-bd636470bc11,b99df4a4-2bf5-4c08-9483-bd636470bc11,America/Sitka
b17b50ee-cf0e-4fb9-9032-541da2ef0029,assessmentExportResponses_1870156,982,62951717ba5a1a516f5bbb3f64556991,d8cadb96-1a92-40f0-8437-47d133181832,YESNO,"Do risk assessment personnel maintain contacts with relevant professional special interest groups, specialist forums or professional associations?",Yes,Yes,Yes,,,,,,,,,,,,,,Yes,https://Assessment/Assessment/b17b50ee-cf0e-4fb9-9032-541da2ef0029,OTAuto02,b99df4a4-2bf5-4c08-9483-bd636470bc11,b99df4a4-2bf5-4c08-9483-bd636470bc11,America/Sitka
b17b50ee-cf0e-4fb9-9032-541da2ef0029,assessmentExportResponses_1870156,982,c1ced62b2ae8af42ef005fc5ef47f60f,09846808-fccf-4490-905d-3dd6b828cd92,YESNO,Do contracts with Subcontractors require negotiating the extension of contractual obligations to its Subcontractors?,Yes,Yes,Yes,,,,,,,,,,,,,,Yes,https://Assessment/Assessment/b17b50ee-cf0e-4fb9-9032-541da2ef0029,OTAuto02,b99df4a4-2bf5-4c08-9483-bd636470bc11,b99df4a4-2bf5-4c08-9483-bd636470bc11,America/Sitka
b17b50ee-cf0e-4fb9-9032-541da2ef0029,assessmentExportResponses_1870156,982,ae665a7403c3262fa8d134497d1637c4,f307349e-d5bc-4a89-899a-c4999850e610,YESNO,"Does the organization's executive leadership ensure information security policy is established and aligned with organizational strategy, and communicated to the entire organization?",Yes,Yes,Yes,,,,,,,,,,,,,,Yes,https://Assessment/Assessment/b17b50ee-cf0e-4fb9-9032-541da2ef0029,OTAuto02,b99df4a4-2bf5-4c08-9483-bd636470bc11,b99df4a4-2bf5-4c08-9483-bd636470bc11,America/Sitka
b17b50ee-cf0e-4fb9-9032-541da2ef0029,assessmentExportResponses_1870156,982,83be46119c06956942f1ed4a27a63516,07eb11ee-6231-42b7-af46-5aa76ad4a264,YESNO,Is the asset inventory updated on a periodic basis as new system assets are connected to the network?,Yes,Yes,Yes,,,,,,,,,,,,,,Yes,https://Assessment/Assessment/b17b50ee-cf0e-4fb9-9032-541da2ef0029,OTAuto02,b99df4a4-2bf5-4c08-9483-bd636470bc11,b99df4a4-2bf5-4c08-9483-bd636470bc11,America/Sitka
b17b50ee-cf0e-4fb9-9032-541da2ef0029,assessmentExportResponses_1870156,982,b521791b1d2a86622f71d3479a66826b,4feb0d6c-a35b-48e7-abb3-243b2c02e2b1,YESNO,Are Constituents made aware of and held accountable to the Acceptable Use Policy?,Yes,Yes,Yes,,,,,,,,,,,,,,Yes,https://Assessment/Assessment/b17b50ee-cf0e-4fb9-9032-541da2ef0029,OTAuto02,b99df4a4-2bf5-4c08-9483-bd636470bc11,b99df4a4-2bf5-4c08-9483-bd636470bc11,America/Sitka
b17b50ee-cf0e-4fb9-9032-541da2ef0029,assessmentExportResponses_1870156,982,25abe8b2df44b69ab2bd9357d3349ea3,af48270c-51de-4c21-ad9c-dde583bc3174,YESNO,Is an owner assigned to all Information Assets?,Yes,Yes,Yes,,,,,,,,,,,,,,Yes,https://Assessment/Assessment/b17b50ee-cf0e-4fb9-9032-541da2ef0029,OTAuto02,b99df4a4-2bf5-4c08-9483-bd636470bc11,b99df4a4-2bf5-4c08-9483-bd636470bc11,America/Sitka
b17b50ee-cf0e-4fb9-9032-541da2ef0029,assessmentExportResponses_1870156,982,1eb4df7470df3deef74c2d898a68d97f,6aebe003-4ef0-44ba-8814-b4c5643d64d3,YESNO,"Does the policy or procedure for information handling include electronic transmission security requirements including email, web, and file transfer services?",Yes,Yes,Yes,,,,,,,,,,,,,,Yes,https://Assessment/Assessment/b17b50ee-cf0e-4fb9-9032-541da2ef0029,OTAuto02,b99df4a4-2bf5-4c08-9483-bd636470bc11,b99df4a4-2bf5-4c08-9483-bd636470bc11,America/Sitka
b17b50ee-cf0e-4fb9-9032-541da2ef0029,assessmentExportResponses_1870156,982,7a06edfc6cdb73727030e806040de8e5,9d1b76bc-a478-47cf-8a62-2c43a5042fb3,YESNO,Is all media containing Scoped Data disposed of securely?,Yes,Yes,Yes,,,,,,,,,,,,,,Yes,https://Assessment/Assessment/b17b50ee-cf0e-4fb9-9032-541da2ef0029,OTAuto02,b99df4a4-2bf5-4c08-9483-bd636470bc11,b99df4a4-2bf5-4c08-9483-bd636470bc11,America/Sitka
b17b50ee-cf0e-4fb9-9032-541da2ef0029,assessmentExportResponses_1870156,982,721327d3a8e0d569b145b369aacda968,0bdfdfdf-49d4-4a6a-8133-1a1ee54803cf,YESNO,Is there segregation of duties between personnel responsible for key management duties and those responsible for normal operational duties?,Yes,Yes,Yes,,,,,,,,,,,,,,Yes,https://Assessment/Assessment/b17b50ee-cf0e-4fb9-9032-541da2ef0029,OTAuto02,b99df4a4-2bf5-4c08-9483-bd636470bc11,b99df4a4-2bf5-4c08-9483-bd636470bc11,America/Sitka
b17b50ee-cf0e-4fb9-9032-541da2ef0029,assessmentExportResponses_1870156,982,e68807d3fb82a72a82e9b9a7672ad689,9ced02e0-e7ec-445b-8d19-5f7f4892f82b,YESNO,Can Clients specify where their data is stored (logically and physically)?,Yes,Yes,Yes,,,,,,,,,,,,,,Yes,https://Assessment/Assessment/b17b50ee-cf0e-4fb9-9032-541da2ef0029,OTAuto02,b99df4a4-2bf5-4c08-9483-bd636470bc11,b99df4a4-2bf5-4c08-9483-bd636470bc11,America/Sitka
b17b50ee-cf0e-4fb9-9032-541da2ef0029,assessmentExportResponses_1870156,982,ea85223ae4123ed2cc9e44b62f90daeb,286060dd-e270-4116-8a4e-2255391771c8,YESNO,Does Constituent background screening criteria include Credit checks?,Yes,Yes,Yes,,,,,,,,,,,,,,Yes,https://Assessment/Assessment/b17b50ee-cf0e-4fb9-9032-541da2ef0029,OTAuto02,b99df4a4-2bf5-4c08-9483-bd636470bc11,b99df4a4-2bf5-4c08-9483-bd636470bc11,America/Sitka
b17b50ee-cf0e-4fb9-9032-541da2ef0029,assessmentExportResponses_1870156,982,665f51486518cd88a21a2024cb58539a,3f391ce2-50ab-4e71-936d-2866fe696d52,YESNO,Does the security awareness training program include techniques to recognize phishing attempts?,Yes,Yes,Yes,,,,,,,,,,,,,,Yes,https://Assessment/Assessment/b17b50ee-cf0e-4fb9-9032-541da2ef0029,OTAuto02,b99df4a4-2bf5-4c08-9483-bd636470bc11,b99df4a4-2bf5-4c08-9483-bd636470bc11,America/Sitka
b17b50ee-cf0e-4fb9-9032-541da2ef0029,assessmentExportResponses_1870156,982,9bd30db053d898c0fd32809d54277e48,d663bc78-d224-4e1f-a638-f47867305068,YESNO,Does the Human Resource policy include Termination and/or change of status processes?,Yes,Yes,Yes,,,,,,,,,,,,,,Yes,https://Assessment/Assessment/b17b50ee-cf0e-4fb9-9032-541da2ef0029,OTAuto02,b99df4a4-2bf5-4c08-9483-bd636470bc11,b99df4a4-2bf5-4c08-9483-bd636470bc11,America/Sitka
b17b50ee-cf0e-4fb9-9032-541da2ef0029,assessmentExportResponses_1870156,982,cbcdfe93b465840afa01b9596d7b308f,70726134-6310-4105-b236-9928edf8134c,YESNO,Do environmental controls include fluid sensors?,Yes,Yes,Yes,,,,,,,,,,,,,,Yes,https://Assessment/Assessment/b17b50ee-cf0e-4fb9-9032-541da2ef0029,OTAuto02,b99df4a4-2bf5-4c08-9483-bd636470bc11,b99df4a4-2bf5-4c08-9483-bd636470bc11,America/Sitka
b17b50ee-cf0e-4fb9-9032-541da2ef0029,assessmentExportResponses_1870156,982,472604131e57c23852b151f10e87653b,99e4b17f-bb09-427d-a343-4a448e4d43b4,YESNO,Are visitors permitted in the facility?,Yes,Yes,Yes,,,,,,,,,,,,,,Yes,https://Assessment/Assessment/b17b50ee-cf0e-4fb9-9032-541da2ef0029,OTAuto02,b99df4a4-2bf5-4c08-9483-bd636470bc11,b99df4a4-2bf5-4c08-9483-bd636470bc11,America/Sitka
b17b50ee-cf0e-4fb9-9032-541da2ef0029,assessmentExportResponses_1870156,982,2b4d102ad8c8dfd5216d55eb02dd8801,cf74d4f7-a483-4c10-bdfa-549e3f9b95a0,YESNO,Are all generators tested at least monthly?,Yes,Yes,Yes,,,,,,,,,,,,,,Yes,https://Assessment/Assessment/b17b50ee-cf0e-4fb9-9032-541da2ef0029,OTAuto02,b99df4a4-2bf5-4c08-9483-bd636470bc11,b99df4a4-2bf5-4c08-9483-bd636470bc11,America/Sitka
b17b50ee-cf0e-4fb9-9032-541da2ef0029,assessmentExportResponses_1870156,982,79f547b76a8f5d3902e8d6277ba6656c,145463d4-d2c3-4355-853b-4c5ab112dbb4,YESNO,"Is there an operational change management/Change Control policy or program that has been documented, approved by management, communicated to appropriate Constituents and assigned an owner to maintain and review the policy?",Yes,Yes,Yes,,,,,,,,,,,,,,Yes,https://Assessment/Assessment/b17b50ee-cf0e-4fb9-9032-541da2ef0029,OTAuto02,b99df4a4-2bf5-4c08-9483-bd636470bc11,b99df4a4-2bf5-4c08-9483-bd636470bc11,America/Sitka
b17b50ee-cf0e-4fb9-9032-541da2ef0029,assessmentExportResponses_1870156,982,c99d738c4503e65a51864c9baca5b680,530b06f7-25bf-4387-bb06-8bf2885fef7c,YESNO,"Is access to applications, operating systems, databases, and network devices provisioned according to the principle of least privilege?",Yes,Yes,Yes,,,,,,,,,,,,,,Yes,https://Assessment/Assessment/b17b50ee-cf0e-4fb9-9032-541da2ef0029,OTAuto02,b99df4a4-2bf5-4c08-9483-bd636470bc11,b99df4a4-2bf5-4c08-9483-bd636470bc11,America/Sitka
b17b50ee-cf0e-4fb9-9032-541da2ef0029,assessmentExportResponses_1870156,982,baabc3ba7cebee4b19d8b022080bd231,83c6cf7f-ae3e-4369-a60a-925e96c7d7ec,YESNO,Are privileged user access rights reviewed periodically?,Yes,Yes,Yes,,,,,,,,,,,,,,Yes,https://Assessment/Assessment/b17b50ee-cf0e-4fb9-9032-541da2ef0029,OTAuto02,b99df4a4-2bf5-4c08-9483-bd636470bc11,b99df4a4-2bf5-4c08-9483-bd636470bc11,America/Sitka
b17b50ee-cf0e-4fb9-9032-541da2ef0029,assessmentExportResponses_1870156,982,5e336f4a7a042da2af121f549ab54f4f,6ae49043-0767-4ade-a3f7-83363c80c8e7,YESNO,Do application security experts work with developers for every application?,Yes,Yes,Yes,,,,,,,,,,,,,,Yes,https://Assessment/Assessment/b17b50ee-cf0e-4fb9-9032-541da2ef0029,OTAuto02,b99df4a4-2bf5-4c08-9483-bd636470bc11,b99df4a4-2bf5-4c08-9483-bd636470bc11,America/Sitka
b17b50ee-cf0e-4fb9-9032-541da2ef0029,assessmentExportResponses_1870156,982,c8e5e225a7d9c4808a46e3f235b45c09,ce03028a-5667-4b05-a9b9-8563d7472a1e,YESNO,Is there a means for secure session management?,Yes,Yes,Yes,,,,,,,,,,,,,,Yes,https://Assessment/Assessment/b17b50ee-cf0e-4fb9-9032-541da2ef0029,OTAuto02,b99df4a4-2bf5-4c08-9483-bd636470bc11,b99df4a4-2bf5-4c08-9483-bd636470bc11,America/Sitka
b17b50ee-cf0e-4fb9-9032-541da2ef0029,assessmentExportResponses_1870156,982,996de64495587fa03d7a4e6f203aa1ab,3408c8b2-9a91-45b3-a19e-f4970c0c5429,YESNO,Does regular security monitoring include malware activity alerts such as uncleaned infections and suspicious activity?,Yes,Yes,Yes,,,,,,,,,,,,,,Yes,https://Assessment/Assessment/b17b50ee-cf0e-4fb9-9032-541da2ef0029,OTAuto02,b99df4a4-2bf5-4c08-9483-bd636470bc11,b99df4a4-2bf5-4c08-9483-bd636470bc11,America/Sitka
b17b50ee-cf0e-4fb9-9032-541da2ef0029,assessmentExportResponses_1870156,982,3f440ae814d53fae41d7b13222c662e9,1d432d14-8e7e-4991-af2b-72de54c9f930,YESNO,"Are specific response and recovery strategies defined for loss or unavailability of critical third party services e.g., partners and suppliers?",Yes,Yes,Yes,,,,,,,,,,,,,,Yes,https://Assessment/Assessment/b17b50ee-cf0e-4fb9-9032-541da2ef0029,OTAuto02,b99df4a4-2bf5-4c08-9483-bd636470bc11,b99df4a4-2bf5-4c08-9483-bd636470bc11,America/Sitka
b17b50ee-cf0e-4fb9-9032-541da2ef0029,assessmentExportResponses_1870156,982,fc012341960465abff3ba40228eb533e,a1c284a5-590e-4c56-b4a6-494bfab53930,YESNO,Is there a data retention policy?,Yes,Yes,Yes,,,,,,,,,,,,,,Yes,https://Assessment/Assessment/b17b50ee-cf0e-4fb9-9032-541da2ef0029,OTAuto02,b99df4a4-2bf5-4c08-9483-bd636470bc11,b99df4a4-2bf5-4c08-9483-bd636470bc11,America/Sitka
b17b50ee-cf0e-4fb9-9032-541da2ef0029,assessmentExportResponses_1870156,982,041c45da1e60bac80054dba0e95ad89c,82571aba-cd5e-4ba1-8a9a-795046ece4bc,YESNO,Does the audit function have independence from the lines of business?,Yes,Yes,Yes,,,,,,,,,,,,,,Yes,https://Assessment/Assessment/b17b50ee-cf0e-4fb9-9032-541da2ef0029,OTAuto02,b99df4a4-2bf5-4c08-9483-bd636470bc11,b99df4a4-2bf5-4c08-9483-bd636470bc11,America/Sitka
b17b50ee-cf0e-4fb9-9032-541da2ef0029,assessmentExportResponses_1870156,982,be869570a927deb0461b408e3aa39405,a042c694-3a4c-4110-960e-b636a8c4c037,YESNO,"Are compliance issues logged, tracked, and reported to management?",Yes,Yes,Yes,,,,,,,,,,,,,,Yes,https://Assessment/Assessment/b17b50ee-cf0e-4fb9-9032-541da2ef0029,OTAuto02,b99df4a4-2bf5-4c08-9483-bd636470bc11,b99df4a4-2bf5-4c08-9483-bd636470bc11,America/Sitka
b17b50ee-cf0e-4fb9-9032-541da2ef0029,assessmentExportResponses_1870156,982,05db16e89185819802d98f5474894d96,f2c87ab3-ece1-4450-a0e0-479653100c68,YESNO,Are internal management reporting and/or external reporting to government agencies maintained in accordance with applicable law?,Yes,Yes,Yes,,,,,,,,,,,,,,Yes,https://Assessment/Assessment/b17b50ee-cf0e-4fb9-9032-541da2ef0029,OTAuto02,b99df4a4-2bf5-4c08-9483-bd636470bc11,b99df4a4-2bf5-4c08-9483-bd636470bc11,America/Sitka
b17b50ee-cf0e-4fb9-9032-541da2ef0029,assessmentExportResponses_1870156,982,53505ef14b1ca10250f3ee87b99d4fca,8b51e09d-eea5-443e-8d52-5840b4d9fb33,YESNO,"Are there documented policies and procedures to ensure compliance with applicable laws and regulations including Unfair, Deceptive, or Abusive Acts or Practices?",Yes,Yes,Yes,,,,,,,,,,,,,,Yes,https://Assessment/Assessment/b17b50ee-cf0e-4fb9-9032-541da2ef0029,OTAuto02,b99df4a4-2bf5-4c08-9483-bd636470bc11,b99df4a4-2bf5-4c08-9483-bd636470bc11,America/Sitka
b17b50ee-cf0e-4fb9-9032-541da2ef0029,assessmentExportResponses_1870156,982,88f478cde069461dd09bfb8011a21453,8845b614-3bc0-4d2c-9996-94c0f881fb96,YESNO,Are there documented and defined monitoring and oversight functions for suspected fraud instances or fraud investigations?,Yes,Yes,Yes,,,,,,,,,,,,,,Yes,https://Assessment/Assessment/b17b50ee-cf0e-4fb9-9032-541da2ef0029,OTAuto02,b99df4a4-2bf5-4c08-9483-bd636470bc11,b99df4a4-2bf5-4c08-9483-bd636470bc11,America/Sitka
b17b50ee-cf0e-4fb9-9032-541da2ef0029,assessmentExportResponses_1870156,982,01193c91f79dd53a56551224e793599c,b6bf4a7d-e699-4091-84bd-7f4c3089982a,YESNO,Is there a set of policies and procedures that address International Trade and Export Compliance?,Yes,Yes,Yes,,,,,,,,,,,,,,Yes,https://Assessment/Assessment/b17b50ee-cf0e-4fb9-9032-541da2ef0029,OTAuto02,b99df4a4-2bf5-4c08-9483-bd636470bc11,b99df4a4-2bf5-4c08-9483-bd636470bc11,America/Sitka
b17b50ee-cf0e-4fb9-9032-541da2ef0029,assessmentExportResponses_1870156,982,73b8fc273e093e2b3863d4e81ef6aee3,ed01ee5f-ead3-478f-94c4-642899cdd451,YESNO,"Are there procedures for managing conflicting regulatory record retention and deletion requirements as part of eDiscovery obligations e.g., managing legal holds or preservation requests pending vs. deletion schedules?",Yes,Yes,Yes,,,,,,,,,,,,,,Yes,https://Assessment/Assessment/b17b50ee-cf0e-4fb9-9032-541da2ef0029,OTAuto02,b99df4a4-2bf5-4c08-9483-bd636470bc11,b99df4a4-2bf5-4c08-9483-bd636470bc11,America/Sitka
b17b50ee-cf0e-4fb9-9032-541da2ef0029,assessmentExportResponses_1870156,982,99b75889a6c0d425eca403eda6650b83,87de5e43-8d9a-466f-9a69-774ed423cf82,YESNO,Is there a process or procedure for responding to mobile device data compromise events?,Yes,Yes,Yes,,,,,,,,,,,,,,Yes,https://Assessment/Assessment/b17b50ee-cf0e-4fb9-9032-541da2ef0029,OTAuto02,b99df4a4-2bf5-4c08-9483-bd636470bc11,b99df4a4-2bf5-4c08-9483-bd636470bc11,America/Sitka
b17b50ee-cf0e-4fb9-9032-541da2ef0029,assessmentExportResponses_1870156,982,cb6f361c1551db3908ef8c6188804263,263e5e1b-9b45-4294-8075-c6b3b0d99ac4,YESNO,Are non-company managed PCs used to connect to the company network?,Yes,Yes,Yes,,,,,,,,,,,,,,Yes,https://Assessment/Assessment/b17b50ee-cf0e-4fb9-9032-541da2ef0029,OTAuto02,b99df4a4-2bf5-4c08-9483-bd636470bc11,b99df4a4-2bf5-4c08-9483-bd636470bc11,America/Sitka
b17b50ee-cf0e-4fb9-9032-541da2ef0029,assessmentExportResponses_1870156,982,b4367aaed9e10d098765a3f827aa8a29,f2198be2-b453-4594-8643-f5b5d2cc8a27,YESNO,Does the Wireless Security Policy prohibit wired and wireless network connections at the same time?,Yes,Yes,Yes,,,,,,,,,,,,,,Yes,https://Assessment/Assessment/b17b50ee-cf0e-4fb9-9032-541da2ef0029,OTAuto02,b99df4a4-2bf5-4c08-9483-bd636470bc11,b99df4a4-2bf5-4c08-9483-bd636470bc11,America/Sitka
b17b50ee-cf0e-4fb9-9032-541da2ef0029,assessmentExportResponses_1870156,982,92f7ae63ee1e9fa1c1e4082def6e0dc3,96179f53-a079-4799-9083-70fe47da3ba2,YESNO,"For client scoped data, is personal information provided to the organization directly by the client?",Yes,Yes,Yes,,,,,,,,,,,,,,Yes,https://Assessment/Assessment/b17b50ee-cf0e-4fb9-9032-541da2ef0029,OTAuto02,b99df4a4-2bf5-4c08-9483-bd636470bc11,b99df4a4-2bf5-4c08-9483-bd636470bc11,America/Sitka
b17b50ee-cf0e-4fb9-9032-541da2ef0029,assessmentExportResponses_1870156,982,ca453f4ceda7fa0b730ca87498b51962,ddb7419f-9ba5-40ee-815d-98d5a322c783,YESNO,"Do contracts or agreements with third parties define the nature, business purpose, and duration of processing, direction including type of personal information or categories of data subjects that are in scope of the services?",Yes,Yes,Yes,,,,,,,,,,,,,,Yes,https://Assessment/Assessment/b17b50ee-cf0e-4fb9-9032-541da2ef0029,OTAuto02,b99df4a4-2bf5-4c08-9483-bd636470bc11,b99df4a4-2bf5-4c08-9483-bd636470bc11,America/Sitka
b17b50ee-cf0e-4fb9-9032-541da2ef0029,assessmentExportResponses_1870156,982,9a87cfb56284cba3c1785165f61e3df5,cc156ddb-9153-4920-90fb-382b40ad83a1,YESNO,Is there a control to protect personal information stored on portable media or devices from unauthorized access?,Yes,Yes,Yes,,,,,,,,,,,,,,Yes,https://Assessment/Assessment/b17b50ee-cf0e-4fb9-9032-541da2ef0029,OTAuto02,b99df4a4-2bf5-4c08-9483-bd636470bc11,b99df4a4-2bf5-4c08-9483-bd636470bc11,America/Sitka
b17b50ee-cf0e-4fb9-9032-541da2ef0029,assessmentExportResponses_1870156,982,39fdb239dbd683ae70497bdb32dc0d69,9288ba04-f5a6-4dcf-99de-45d20111e059,YESNO,Does the anti-malware policy or program include defined antivirus configuration requirements including required modules/components?,Yes,Yes,Yes,,,,,,,,,,,,,,Yes,https://Assessment/Assessment/b17b50ee-cf0e-4fb9-9032-541da2ef0029,OTAuto02,b99df4a4-2bf5-4c08-9483-bd636470bc11,b99df4a4-2bf5-4c08-9483-bd636470bc11,America/Sitka
b17b50ee-cf0e-4fb9-9032-541da2ef0029,assessmentExportResponses_1870156,982,57f515202181ff59370399c5c5dac767,6ff288b4-14ed-4f4f-8e5a-c9a8787a56af,YESNO,Does the anti-malware policy or program prohibit disabling anti-malware with exceptions requiring Security approval and re-enablement as soon as possible?,Yes,Yes,Yes,,,,,,,,,,,,,,Yes,https://Assessment/Assessment/b17b50ee-cf0e-4fb9-9032-541da2ef0029,OTAuto02,b99df4a4-2bf5-4c08-9483-bd636470bc11,b99df4a4-2bf5-4c08-9483-bd636470bc11,America/Sitka
b17b50ee-cf0e-4fb9-9032-541da2ef0029,assessmentExportResponses_1870156,982,d14ba595a2b2bcf96836f89fc2e98395,5958a259-516f-4a12-a689-e749f10fe7e9,YESNO,Do network Vulnerability Scans occur at least Monthly?,Yes,Yes,Yes,,,,,,,,,,,,,,Yes,https://Assessment/Assessment/b17b50ee-cf0e-4fb9-9032-541da2ef0029,OTAuto02,b99df4a4-2bf5-4c08-9483-bd636470bc11,b99df4a4-2bf5-4c08-9483-bd636470bc11,America/Sitka
b17b50ee-cf0e-4fb9-9032-541da2ef0029,assessmentExportResponses_1870156,982,135196f7bad9b2237cb201d5a9798db4,5edad878-44c0-43cf-869e-d12515551178,YESNO,Are operating system and application events relevant to supporting incident investigation retained for a minimum of one year?,Yes,Yes,Yes,,,,,,,,,,,,,,Yes,https://Assessment/Assessment/b17b50ee-cf0e-4fb9-9032-541da2ef0029,OTAuto02,b99df4a4-2bf5-4c08-9483-bd636470bc11,b99df4a4-2bf5-4c08-9483-bd636470bc11,America/Sitka
b17b50ee-cf0e-4fb9-9032-541da2ef0029,assessmentExportResponses_1870156,982,944fa61c4e03113a9110df8f1c892982,ebe8a043-1133-416d-ab87-676486cb6280,YESNO,Are all systems and applications patched regularly?,Yes,Yes,Yes,,,,,,,,,,,,,,Yes,https://Assessment/Assessment/b17b50ee-cf0e-4fb9-9032-541da2ef0029,OTAuto02,b99df4a4-2bf5-4c08-9483-bd636470bc11,b99df4a4-2bf5-4c08-9483-bd636470bc11,America/Sitka
b17b50ee-cf0e-4fb9-9032-541da2ef0029,assessmentExportResponses_1870156,982,aa9413852a7164d2985f91552fdc466c,5f16011c-87a7-430c-8c13-d09ab7a5dadc,YESNO,Are Hypervisors kept up to date with current patches?,Yes,Yes,Yes,,,,,,,,,,,,,,Yes,https://Assessment/Assessment/b17b50ee-cf0e-4fb9-9032-541da2ef0029,OTAuto02,b99df4a4-2bf5-4c08-9483-bd636470bc11,b99df4a4-2bf5-4c08-9483-bd636470bc11,America/Sitka
b17b50ee-cf0e-4fb9-9032-541da2ef0029,assessmentExportResponses_1870156,982,28a5e13fabdee4b9dd23f5fa3316180f,0777e601-a2c9-4c79-8489-4b3863037aa4,YESNO,Does the data container security policy require that an Authorization Plug-In be enabled?,Yes,Yes,Yes,,,,,,,,,,,,,,Yes,https://Assessment/Assessment/b17b50ee-cf0e-4fb9-9032-541da2ef0029,OTAuto02,b99df4a4-2bf5-4c08-9483-bd636470bc11,b99df4a4-2bf5-4c08-9483-bd636470bc11,America/Sitka
b17b50ee-cf0e-4fb9-9032-541da2ef0029,assessmentExportResponses_1870156,982,f5ce50067aef9a9842fcb93684acfcae,7740e8e0-a9d9-46a0-ac3d-c7007e24d97a,YESNO,Are Vulnerability Scans performed against all Containers using tools that can inspect the contents of Containers?,Yes,Yes,Yes,,,,,,,,,,,,,,Yes,https://Assessment/Assessment/b17b50ee-cf0e-4fb9-9032-541da2ef0029,OTAuto02,b99df4a4-2bf5-4c08-9483-bd636470bc11,b99df4a4-2bf5-4c08-9483-bd636470bc11,America/Sitka
b17b50ee-cf0e-4fb9-9032-541da2ef0029,assessmentExportResponses_1870156,982,6ab2fc60e7a03d96d71302ee0fc00501,2532cbcd-2f5f-4f80-8afb-568e6d7ce355,MULTICHOICE,What type of software is being provided? Select all that apply from the list below.,Commercial Off-The-Shelf (COTS),Commercial Off-The-Shelf (COTS),Commercial Off-The-Shelf (COTS),,,,,,,,,,,,,,Commercial Off-The-Shelf (COTS),https://Assessment/Assessment/b17b50ee-cf0e-4fb9-9032-541da2ef0029,OTAuto02,b99df4a4-2bf5-4c08-9483-bd636470bc11,b99df4a4-2bf5-4c08-9483-bd636470bc11,America/Sitka
b17b50ee-cf0e-4fb9-9032-541da2ef0029,assessmentExportResponses_1870156,982,6ab2fc60e7a03d96d71302ee0fc00501,2532cbcd-2f5f-4f80-8afb-568e6d7ce355,MULTICHOICE,What type of software is being provided? Select all that apply from the list below.,Others,Others,Others,,,,,,,,,,,,,,Others,https://Assessment/Assessment/b17b50ee-cf0e-4fb9-9032-541da2ef0029,OTAuto02,b99df4a4-2bf5-4c08-9483-bd636470bc11,b99df4a4-2bf5-4c08-9483-bd636470bc11,America/Sitka
b17b50ee-cf0e-4fb9-9032-541da2ef0029,assessmentExportResponses_1870156,982,dcdd9dfd07c4e4a671eaa490e5feeb0b,8ac6a06c-1a05-4ad4-8d5a-812807dd93f0,TEXTBOX,"Documentation of the policies, procedures and standards that are in place for website setup and security, including architecture diagrams for any in scope web applications",Desc 38,Desc 38,Desc 38,,,,,,,,,,,,,,,https://Assessment/Assessment/b17b50ee-cf0e-4fb9-9032-541da2ef0029,OTAuto02,b99df4a4-2bf5-4c08-9483-bd636470bc11,b99df4a4-2bf5-4c08-9483-bd636470bc11,America/Sitka
b17b50ee-cf0e-4fb9-9032-541da2ef0029,assessmentExportResponses_1870156,982,b2e591423cf0da14849c72bba2033bf2,0416600c-5b15-46ab-81a2-ed872915749c,TEXTBOX,Documentation regarding its system monitoring process,Desc 72,Desc 72,Desc 72,,,,,,,,,,,,,,,https://Assessment/Assessment/b17b50ee-cf0e-4fb9-9032-541da2ef0029,OTAuto02,b99df4a4-2bf5-4c08-9483-bd636470bc11,b99df4a4-2bf5-4c08-9483-bd636470bc11,America/Sitka
b17b50ee-cf0e-4fb9-9032-541da2ef0029,assessmentExportResponses_1870156,982,e0ad4751c033603c94bfe36f7b688cd7,55728a58-4a87-45e7-b23b-28b8fbc9732e,TEXTBOX,Documentation which validates roles and responsibilities of its incident response team as well as training,Desc 76,Desc 76,Desc 76,,,,,,,,,,,,,,,https://Assessment/Assessment/b17b50ee-cf0e-4fb9-9032-541da2ef0029,OTAuto02,b99df4a4-2bf5-4c08-9483-bd636470bc11,b99df4a4-2bf5-4c08-9483-bd636470bc11,America/Sitka
b17b50ee-cf0e-4fb9-9032-541da2ef0029,assessmentExportResponses_1870156,982,70142751680d0ed5b426556d6bfea1b3,cc870790-3e3c-46b8-88fa-e85166ca20d6,TEXTBOX,Documentation of its post incident process,Desc 85,Desc 85,Desc 85,,,,,,,,,,,,,,,https://Assessment/Assessment/b17b50ee-cf0e-4fb9-9032-541da2ef0029,OTAuto02,b99df4a4-2bf5-4c08-9483-bd636470bc11,b99df4a4-2bf5-4c08-9483-bd636470bc11,America/Sitka
b17b50ee-cf0e-4fb9-9032-541da2ef0029,assessmentExportResponses_1870156,982,1a500df18ac5a286ed66c8e77ef0b8ca,f0a72e86-a9c3-4bc0-8ac0-85114b216ada,YESNO,Does the program include the definition of a third party risk assessment process?,Yes,Yes,Yes,,,,,,,,,,,,,,Yes,https://Assessment/Assessment/b17b50ee-cf0e-4fb9-9032-541da2ef0029,OTAuto02,b99df4a4-2bf5-4c08-9483-bd636470bc11,b99df4a4-2bf5-4c08-9483-bd636470bc11,America/Sitka
b17b50ee-cf0e-4fb9-9032-541da2ef0029,assessmentExportResponses_1870156,982,656a40b75c31b5da067bc7ccaafa7174,69df8cca-adc8-43a6-946f-9af9c96a06bc,YESNO,"Do contracts with all subcontractors include ownership of information, trade secrets and intellectual property?",Yes,Yes,Yes,,,,,,,,,,,,,,Yes,https://Assessment/Assessment/b17b50ee-cf0e-4fb9-9032-541da2ef0029,OTAuto02,b99df4a4-2bf5-4c08-9483-bd636470bc11,b99df4a4-2bf5-4c08-9483-bd636470bc11,America/Sitka
b17b50ee-cf0e-4fb9-9032-541da2ef0029,assessmentExportResponses_1870156,982,754f24e7847cbc3aa395387afe1a5c04,ed53218b-80dd-478e-89f0-440bea19162f,YESNO,"Do owners review and update policies if significant changes occur in legal, business, organizational, or technical conditions?",Yes,Yes,Yes,,,,,,,,,,,,,,Yes,https://Assessment/Assessment/b17b50ee-cf0e-4fb9-9032-541da2ef0029,OTAuto02,b99df4a4-2bf5-4c08-9483-bd636470bc11,b99df4a4-2bf5-4c08-9483-bd636470bc11,America/Sitka
b17b50ee-cf0e-4fb9-9032-541da2ef0029,assessmentExportResponses_1870156,982,e88438ba2295b64a06f5985aff869671,18ff3723-8e4c-41c8-8617-98342e508bc1,YESNO,"Does the organization's executive leadership communicate the mandate of information security awareness, compliance and effectiveness to the entire organization?",Yes,Yes,Yes,,,,,,,,,,,,,,Yes,https://Assessment/Assessment/b17b50ee-cf0e-4fb9-9032-541da2ef0029,OTAuto02,b99df4a4-2bf5-4c08-9483-bd636470bc11,b99df4a4-2bf5-4c08-9483-bd636470bc11,America/Sitka
b17b50ee-cf0e-4fb9-9032-541da2ef0029,assessmentExportResponses_1870156,982,90eaa567573cd77d5fcf802f8d3dbb2d,ed26b1b1-aec6-4f03-80b7-b341bf61662c,YESNO,Is media disposal logged to maintain an audit trail?,Yes,Yes,Yes,,,,,,,,,,,,,,Yes,https://Assessment/Assessment/b17b50ee-cf0e-4fb9-9032-541da2ef0029,OTAuto02,b99df4a4-2bf5-4c08-9483-bd636470bc11,b99df4a4-2bf5-4c08-9483-bd636470bc11,America/Sitka
b17b50ee-cf0e-4fb9-9032-541da2ef0029,assessmentExportResponses_1870156,982,073dfd55df829b5041a5a875af825939,ff358e6d-140f-4d34-ac03-720bb40bf196,YESNO,"Are Human Resource policies approved by management, communicated to Constituents and an owner to maintain and review?",Yes,Yes,Yes,,,,,,,,,,,,,,Yes,https://Assessment/Assessment/b17b50ee-cf0e-4fb9-9032-541da2ef0029,OTAuto02,b99df4a4-2bf5-4c08-9483-bd636470bc11,b99df4a4-2bf5-4c08-9483-bd636470bc11,America/Sitka
b17b50ee-cf0e-4fb9-9032-541da2ef0029,assessmentExportResponses_1870156,982,1090737bf1daa25b7d99259c04beeab9,85ce2a8a-bb4f-4d41-b20e-f3816c5e7ef9,YESNO,Are Constituents required to sign employment agreements?,Yes,Yes,Yes,,,,,,,,,,,,,,Yes,https://Assessment/Assessment/b17b50ee-cf0e-4fb9-9032-541da2ef0029,OTAuto02,b99df4a4-2bf5-4c08-9483-bd636470bc11,b99df4a4-2bf5-4c08-9483-bd636470bc11,America/Sitka
b17b50ee-cf0e-4fb9-9032-541da2ef0029,assessmentExportResponses_1870156,982,18f46fcdf7b532b053bd6f9568b28609,f24ad34b-f0bd-42a9-b890-43b0c1f0650e,YESNO,Is there a process to ensure equipment supporting critical systems is not taken offline or off-site without prior authorization?,Yes,Yes,Yes,,,,,,,,,,,,,,Yes,https://Assessment/Assessment/b17b50ee-cf0e-4fb9-9032-541da2ef0029,OTAuto02,b99df4a4-2bf5-4c08-9483-bd636470bc11,b99df4a4-2bf5-4c08-9483-bd636470bc11,America/Sitka
b17b50ee-cf0e-4fb9-9032-541da2ef0029,assessmentExportResponses_1870156,982,2ed1b36771025e6a14a12eee3b28dcc7,8a8aaf17-801b-4423-9fda-265a34bf327c,YESNO,Are clients allowed to manage access to their own systems and data?,Yes,Yes,Yes,,,,,,,,,,,,,,Yes,https://Assessment/Assessment/b17b50ee-cf0e-4fb9-9032-541da2ef0029,OTAuto02,b99df4a4-2bf5-4c08-9483-bd636470bc11,b99df4a4-2bf5-4c08-9483-bd636470bc11,America/Sitka
b17b50ee-cf0e-4fb9-9032-541da2ef0029,assessmentExportResponses_1870156,982,ded800627a838ee8e78b97f8c5e54c03,b18e9bc3-aef4-4bf5-bcfc-61f641cd40a6,YESNO,Does the password policy require changing passwords at regular intervals?,Yes,Yes,Yes,,,,,,,,,,,,,,Yes,https://Assessment/Assessment/b17b50ee-cf0e-4fb9-9032-541da2ef0029,OTAuto02,b99df4a4-2bf5-4c08-9483-bd636470bc11,b99df4a4-2bf5-4c08-9483-bd636470bc11,America/Sitka
b17b50ee-cf0e-4fb9-9032-541da2ef0029,assessmentExportResponses_1870156,982,521c40839320ee8854735f1ec6bf8395,9b22c413-14d6-4507-baec-157120b04cd0,YESNO,Does the password policy require passwords to be encrypted or hashed in storage?,Yes,Yes,Yes,,,,,,,,,,,,,,Yes,https://Assessment/Assessment/b17b50ee-cf0e-4fb9-9032-541da2ef0029,OTAuto02,b99df4a4-2bf5-4c08-9483-bd636470bc11,b99df4a4-2bf5-4c08-9483-bd636470bc11,America/Sitka
b17b50ee-cf0e-4fb9-9032-541da2ef0029,assessmentExportResponses_1870156,982,a77c5307bef2ae698044a4a30fdbdbeb,3ededa7d-c2ff-448e-bb49-3a86e25273a3,YESNO,Does the password policy require system configuration to lock an account when five or more invalid login attempts are made?,Yes,Yes,Yes,,,,,,,,,,,,,,Yes,https://Assessment/Assessment/b17b50ee-cf0e-4fb9-9032-541da2ef0029,OTAuto02,b99df4a4-2bf5-4c08-9483-bd636470bc11,b99df4a4-2bf5-4c08-9483-bd636470bc11,America/Sitka
b17b50ee-cf0e-4fb9-9032-541da2ef0029,assessmentExportResponses_1870156,982,91ebfc86d185e6a2122254cd93dff131,4b7dd7e2-9c44-43fa-984a-d382e00990dc,YESNO,Has your organization established controls for client user access to in-scope information systems?,Yes,Yes,Yes,,,,,,,,,,,,,,Yes,https://Assessment/Assessment/b17b50ee-cf0e-4fb9-9032-541da2ef0029,OTAuto02,b99df4a4-2bf5-4c08-9483-bd636470bc11,b99df4a4-2bf5-4c08-9483-bd636470bc11,America/Sitka
b17b50ee-cf0e-4fb9-9032-541da2ef0029,assessmentExportResponses_1870156,982,d098cefd822673f1011928fcf94416a4,4d89e767-7878-40c3-ba06-8336cfdc5599,YESNO,Is there an individual or group responsible for Application Security?,Yes,Yes,Yes,,,,,,,,,,,,,,Yes,https://Assessment/Assessment/b17b50ee-cf0e-4fb9-9032-541da2ef0029,OTAuto02,b99df4a4-2bf5-4c08-9483-bd636470bc11,b99df4a4-2bf5-4c08-9483-bd636470bc11,America/Sitka
b17b50ee-cf0e-4fb9-9032-541da2ef0029,assessmentExportResponses_1870156,982,2a23388f5b484a0a6f526b2134c5ae8e,5e96498c-1136-43db-8ef3-37fe328f050b,YESNO,Is a security architecture risk analysis performed when new applications are designed?,Yes,Yes,Yes,,,,,,,,,,,,,,Yes,https://Assessment/Assessment/b17b50ee-cf0e-4fb9-9032-541da2ef0029,OTAuto02,b99df4a4-2bf5-4c08-9483-bd636470bc11,b99df4a4-2bf5-4c08-9483-bd636470bc11,America/Sitka
b17b50ee-cf0e-4fb9-9032-541da2ef0029,assessmentExportResponses_1870156,982,9c20bb906866d65004e9aba8c0c2b2d3,000f1301-0d57-465d-b84a-d2c6ed39cab3,YESNO,"Are Scoped Systems and Data used in the test, development, or QA environments?",Yes,Yes,Yes,,,,,,,,,,,,,,Yes,https://Assessment/Assessment/b17b50ee-cf0e-4fb9-9032-541da2ef0029,OTAuto02,b99df4a4-2bf5-4c08-9483-bd636470bc11,b99df4a4-2bf5-4c08-9483-bd636470bc11,America/Sitka
b17b50ee-cf0e-4fb9-9032-541da2ef0029,assessmentExportResponses_1870156,982,71cbf4e822e095d1eebab2340d5ff910,aac4ca4f-43fc-4f00-8aca-58ad58c9db7e,YESNO,Does the application change management/change control process include stakeholder communication and/or approvals?,Yes,Yes,Yes,,,,,,,,,,,,,,Yes,https://Assessment/Assessment/b17b50ee-cf0e-4fb9-9032-541da2ef0029,OTAuto02,b99df4a4-2bf5-4c08-9483-bd636470bc11,b99df4a4-2bf5-4c08-9483-bd636470bc11,America/Sitka
b17b50ee-cf0e-4fb9-9032-541da2ef0029,assessmentExportResponses_1870156,982,c55855e2008b0ca64d0c04b58ee87f67,b2423caf-e577-4b25-964d-3aa8c07ce110,YESNO,Does the application change management/change control process include an impact assessment to review all affected systems and applications?,Yes,Yes,Yes,,,,,,,,,,,,,,Yes,https://Assessment/Assessment/b17b50ee-cf0e-4fb9-9032-541da2ef0029,OTAuto02,b99df4a4-2bf5-4c08-9483-bd636470bc11,b99df4a4-2bf5-4c08-9483-bd636470bc11,America/Sitka
b17b50ee-cf0e-4fb9-9032-541da2ef0029,assessmentExportResponses_1870156,982,3635bec08e0be5e31a9ce039a9287900,74b8f54e-dcb7-479a-b33f-17b01ba4aeb4,YESNO,Are security configuration standards documented for web server software?,Yes,Yes,Yes,,,,,,,,,,,,,,Yes,https://Assessment/Assessment/b17b50ee-cf0e-4fb9-9032-541da2ef0029,OTAuto02,b99df4a4-2bf5-4c08-9483-bd636470bc11,b99df4a4-2bf5-4c08-9483-bd636470bc11,America/Sitka
b17b50ee-cf0e-4fb9-9032-541da2ef0029,assessmentExportResponses_1870156,982,f9249154bc6545d7ff464f8e09291a5c,693c3984-68bf-48b4-a2ed-0eee1a88dae2,YESNO,Are all unnecessary/unused services in web server software uninstalled or disabled?,Yes,Yes,Yes,,,,,,,,,,,,,,Yes,https://Assessment/Assessment/b17b50ee-cf0e-4fb9-9032-541da2ef0029,OTAuto02,b99df4a4-2bf5-4c08-9483-bd636470bc11,b99df4a4-2bf5-4c08-9483-bd636470bc11,America/Sitka
b17b50ee-cf0e-4fb9-9032-541da2ef0029,assessmentExportResponses_1870156,982,53532ec925c966f446647f62312af2c0,0b4c6709-5cdc-4696-8dc9-92e89c1a76c5,YESNO,Are all web server software files maintained separate from the Operating System?,Yes,Yes,Yes,,,,,,,,,,,,,,Yes,https://Assessment/Assessment/b17b50ee-cf0e-4fb9-9032-541da2ef0029,OTAuto02,b99df4a4-2bf5-4c08-9483-bd636470bc11,b99df4a4-2bf5-4c08-9483-bd636470bc11,America/Sitka
b17b50ee-cf0e-4fb9-9032-541da2ef0029,assessmentExportResponses_1870156,982,616af5341463f680f211d578fe0ce877,0c032134-14c5-46fc-a1e0-b8268ba339a3,YESNO,Is there a formal security program established to include API security reviews?,Yes,Yes,Yes,,,,,,,,,,,,,,Yes,https://Assessment/Assessment/b17b50ee-cf0e-4fb9-9032-541da2ef0029,OTAuto02,b99df4a4-2bf5-4c08-9483-bd636470bc11,b99df4a4-2bf5-4c08-9483-bd636470bc11,America/Sitka
b17b50ee-cf0e-4fb9-9032-541da2ef0029,assessmentExportResponses_1870156,982,c7dfd605b03c6dab61fca1bae7fc6678,41febc03-bf81-4a8b-8ca1-1a7720ee7311,YESNO,Does regular security monitoring include network device security events?,Yes,Yes,Yes,,,,,,,,,,,,,,Yes,https://Assessment/Assessment/b17b50ee-cf0e-4fb9-9032-541da2ef0029,OTAuto02,b99df4a4-2bf5-4c08-9483-bd636470bc11,b99df4a4-2bf5-4c08-9483-bd636470bc11,America/Sitka
b17b50ee-cf0e-4fb9-9032-541da2ef0029,assessmentExportResponses_1870156,982,88931304750d2352483673615a109110,2f0d64aa-c11f-4861-a897-973d27c2be16,YESNO,Have appropriate actions been taken to ensure that a person(s) (either external or internal) working under the business resiliency program have or acquire the desired competencies?,Yes,Yes,Yes,,,,,,,,,,,,,,Yes,https://Assessment/Assessment/b17b50ee-cf0e-4fb9-9032-541da2ef0029,OTAuto02,b99df4a4-2bf5-4c08-9483-bd636470bc11,b99df4a4-2bf5-4c08-9483-bd636470bc11,America/Sitka
b17b50ee-cf0e-4fb9-9032-541da2ef0029,assessmentExportResponses_1870156,982,7a2e29164def6b22a631e8327b27ee2a,5a3e6033-459d-4bf0-835d-7f7b65e0ec9b,YESNO,"Does the business resiliency program's annual review include results of program examination, audits and reviews, including those of key suppliers and partners where appropriate?",Yes,Yes,Yes,,,,,,,,,,,,,,Yes,https://Assessment/Assessment/b17b50ee-cf0e-4fb9-9032-541da2ef0029,OTAuto02,b99df4a4-2bf5-4c08-9483-bd636470bc11,b99df4a4-2bf5-4c08-9483-bd636470bc11,America/Sitka
b17b50ee-cf0e-4fb9-9032-541da2ef0029,assessmentExportResponses_1870156,982,8ccbc3d5513a3e65b2e66de200f0e187,ea49cdf4-9048-4c54-b842-87112f9bdea3,YESNO,Are specific response and recovery strategies defined for the prioritized business activities?,Yes,Yes,Yes,,,,,,,,,,,,,,Yes,https://Assessment/Assessment/b17b50ee-cf0e-4fb9-9032-541da2ef0029,OTAuto02,b99df4a4-2bf5-4c08-9483-bd636470bc11,b99df4a4-2bf5-4c08-9483-bd636470bc11,America/Sitka
b17b50ee-cf0e-4fb9-9032-541da2ef0029,assessmentExportResponses_1870156,982,5bf7473c3e1e3f79b7bba61446e7d150,4b468ecd-1a7c-412f-b408-c1263cff4fc6,YESNO,Does Information Technology Disaster Recovery testing include production data center(s)?,Yes,Yes,Yes,,,,,,,,,,,,,,Yes,https://Assessment/Assessment/b17b50ee-cf0e-4fb9-9032-541da2ef0029,OTAuto02,b99df4a4-2bf5-4c08-9483-bd636470bc11,b99df4a4-2bf5-4c08-9483-bd636470bc11,America/Sitka
b17b50ee-cf0e-4fb9-9032-541da2ef0029,assessmentExportResponses_1870156,982,9e39f150fdb206d539a68c06af969375,0863f6e5-4a9e-4b31-818d-0ce46a5629be,YESNO,Is there a pandemic / infectious disease outbreak plan?,Yes,Yes,Yes,,,,,,,,,,,,,,Yes,https://Assessment/Assessment/b17b50ee-cf0e-4fb9-9032-541da2ef0029,OTAuto02,b99df4a4-2bf5-4c08-9483-bd636470bc11,b99df4a4-2bf5-4c08-9483-bd636470bc11,America/Sitka
b17b50ee-cf0e-4fb9-9032-541da2ef0029,assessmentExportResponses_1870156,982,1bc563a82859af4e4c3ada110391aa7b,24b27f83-63a6-4e47-adb1-6534c5937861,YESNO,Are backup and replication errors reviewed and resolved at least weekly?,Yes,Yes,Yes,,,,,,,,,,,,,,Yes,https://Assessment/Assessment/b17b50ee-cf0e-4fb9-9032-541da2ef0029,OTAuto02,b99df4a4-2bf5-4c08-9483-bd636470bc11,b99df4a4-2bf5-4c08-9483-bd636470bc11,America/Sitka
b17b50ee-cf0e-4fb9-9032-541da2ef0029,assessmentExportResponses_1870156,982,0eb5d9af4c7e99dadfffa9f941725fbd,2706ff72-867e-4aed-aa15-299febe02a9a,YESNO,Is there a compliance program or set of policies and procedures that address Anti-Trust and Anti-Competitive Business Practices?,Yes,Yes,Yes,,,,,,,,,,,,,,Yes,https://Assessment/Assessment/b17b50ee-cf0e-4fb9-9032-541da2ef0029,OTAuto02,b99df4a4-2bf5-4c08-9483-bd636470bc11,b99df4a4-2bf5-4c08-9483-bd636470bc11,America/Sitka
b17b50ee-cf0e-4fb9-9032-541da2ef0029,assessmentExportResponses_1870156,982,25d9216a3e32b368f0db1cc6f70e6665,29300634-c0a4-4b50-a4a0-29b93f0c4eb9,YESNO,"Are calls for collections’ purposes recorded and retained? If yes, please provide the retention period in the additional information field.",Yes,Yes,Yes,,,,,,,,,,,,,,Yes,https://Assessment/Assessment/b17b50ee-cf0e-4fb9-9032-541da2ef0029,OTAuto02,b99df4a4-2bf5-4c08-9483-bd636470bc11,b99df4a4-2bf5-4c08-9483-bd636470bc11,America/Sitka
b17b50ee-cf0e-4fb9-9032-541da2ef0029,assessmentExportResponses_1870156,982,c4b0ebe13148ff0077031992dde37ff3,5a233d33-4835-4985-af03-1a3735dcf35f,YESNO,Are client audits and/or risk assessments permitted?,Yes,Yes,Yes,,,,,,,,,,,,,,Yes,https://Assessment/Assessment/b17b50ee-cf0e-4fb9-9032-541da2ef0029,OTAuto02,b99df4a4-2bf5-4c08-9483-bd636470bc11,b99df4a4-2bf5-4c08-9483-bd636470bc11,America/Sitka
b17b50ee-cf0e-4fb9-9032-541da2ef0029,assessmentExportResponses_1870156,982,042ac4a3e7c1f62591e9927239a01644,3d23a686-919d-4f0a-af1d-f150fbb4dd13,YESNO,"Are controls validated by independent, third party auditors or information security professionals?",Yes,Yes,Yes,,,,,,,,,,,,,,Yes,https://Assessment/Assessment/b17b50ee-cf0e-4fb9-9032-541da2ef0029,OTAuto02,b99df4a4-2bf5-4c08-9483-bd636470bc11,b99df4a4-2bf5-4c08-9483-bd636470bc11,America/Sitka
b17b50ee-cf0e-4fb9-9032-541da2ef0029,assessmentExportResponses_1870156,982,1b5c59c305a5e8da3c14e80dc4fca72e,2913c997-b3c3-409a-a168-85a381ff582c,YESNO,Has a Multi-tiered cloud computing Security - Singapore (MCTS) assessment been performed within the last 12 months?,Yes,Yes,Yes,,,,,,,,,,,,,,Yes,https://Assessment/Assessment/b17b50ee-cf0e-4fb9-9032-541da2ef0029,OTAuto02,b99df4a4-2bf5-4c08-9483-bd636470bc11,b99df4a4-2bf5-4c08-9483-bd636470bc11,America/Sitka
b17b50ee-cf0e-4fb9-9032-541da2ef0029,assessmentExportResponses_1870156,982,b0106e1403d066981dc41c00027bbd12,2d48667f-b3f4-494a-bac2-0ce112690f58,YESNO,Are end user devices configured to lock screens after 15 minutes of inactivity?,Yes,Yes,Yes,,,,,,,,,,,,,,Yes,https://Assessment/Assessment/b17b50ee-cf0e-4fb9-9032-541da2ef0029,OTAuto02,b99df4a4-2bf5-4c08-9483-bd636470bc11,b99df4a4-2bf5-4c08-9483-bd636470bc11,America/Sitka
b17b50ee-cf0e-4fb9-9032-541da2ef0029,assessmentExportResponses_1870156,982,a348d59e33fb1d8e9814119137960a41,474591af-6988-4d11-a5be-d9a640b47736,YESNO,Are Activity alerts such as uncleaned infections and suspicious activity reviewed and actioned at least weekly for all end user devices?,Yes,Yes,Yes,,,,,,,,,,,,,,Yes,https://Assessment/Assessment/b17b50ee-cf0e-4fb9-9032-541da2ef0029,OTAuto02,b99df4a4-2bf5-4c08-9483-bd636470bc11,b99df4a4-2bf5-4c08-9483-bd636470bc11,America/Sitka
b17b50ee-cf0e-4fb9-9032-541da2ef0029,assessmentExportResponses_1870156,982,e00e8b0e5994ec558ec6d2ae21386ba3,8236854f-c38a-44b2-8320-a1b1f800dec3,YESNO,Is only organization-owned equipment permitted to connect from external networks to networks containing Scoped Systems and Data?,Yes,Yes,Yes,,,,,,,,,,,,,,Yes,https://Assessment/Assessment/b17b50ee-cf0e-4fb9-9032-541da2ef0029,OTAuto02,b99df4a4-2bf5-4c08-9483-bd636470bc11,b99df4a4-2bf5-4c08-9483-bd636470bc11,America/Sitka
b17b50ee-cf0e-4fb9-9032-541da2ef0029,assessmentExportResponses_1870156,982,e0ff8c640215f2026c48341075db1659,5bd0e9fa-3446-44f6-8043-511d1cef3f6c,YESNO,Are BMC firmware updates monitored regularly and applied at the first available maintenance window?,Yes,Yes,Yes,,,,,,,,,,,,,,Yes,https://Assessment/Assessment/b17b50ee-cf0e-4fb9-9032-541da2ef0029,OTAuto02,b99df4a4-2bf5-4c08-9483-bd636470bc11,b99df4a4-2bf5-4c08-9483-bd636470bc11,America/Sitka
b17b50ee-cf0e-4fb9-9032-541da2ef0029,assessmentExportResponses_1870156,982,6f41f13f54cc980c91d84b60df1c76a3,22ccd83c-c0d3-49ba-b752-47bf5922f0e8,YESNO,Are DMZ environments divided into isolated application and database network segments for internet-facing webpages or other applications with an internet presence?,Yes,Yes,Yes,,,,,,,,,,,,,,Yes,https://Assessment/Assessment/b17b50ee-cf0e-4fb9-9032-541da2ef0029,OTAuto02,b99df4a4-2bf5-4c08-9483-bd636470bc11,b99df4a4-2bf5-4c08-9483-bd636470bc11,America/Sitka
b17b50ee-cf0e-4fb9-9032-541da2ef0029,assessmentExportResponses_1870156,982,a0b7ea624aa7154565f8c73872f23996,058c3b71-73e0-473b-bcb2-fd3527e6a5f8,YESNO,"Is there a documented Privacy Policy or procedures for the protection of personal information collected, accessed, transmitted, processed, disclosed, or retained on behalf of the client?",Yes,Yes,Yes,,,,,,,,,,,,,,Yes,https://Assessment/Assessment/b17b50ee-cf0e-4fb9-9032-541da2ef0029,OTAuto02,b99df4a4-2bf5-4c08-9483-bd636470bc11,b99df4a4-2bf5-4c08-9483-bd636470bc11,America/Sitka
b17b50ee-cf0e-4fb9-9032-541da2ef0029,assessmentExportResponses_1870156,982,7a3b2abe53daf84ef45e64b82408a5e6,3298ff5d-35da-4b61-93bf-8571fcdb82a5,YESNO,"Are documented policies and procedures maintained to detect and report unauthorized acquisition, use, or disclosure of client scoped data?",Yes,Yes,Yes,,,,,,,,,,,,,,Yes,https://Assessment/Assessment/b17b50ee-cf0e-4fb9-9032-541da2ef0029,OTAuto02,b99df4a4-2bf5-4c08-9483-bd636470bc11,b99df4a4-2bf5-4c08-9483-bd636470bc11,America/Sitka
b17b50ee-cf0e-4fb9-9032-541da2ef0029,assessmentExportResponses_1870156,982,0edb6093634142a3e60825e4ebe5c14c,223b904f-cb7a-4b45-98db-78fdf71552e0,YESNO,Are there any open or unresolved privacy findings or citations from regulatory authorities applicable to the services?,Yes,Yes,Yes,,,,,,,,,,,,,,Yes,https://Assessment/Assessment/b17b50ee-cf0e-4fb9-9032-541da2ef0029,OTAuto02,b99df4a4-2bf5-4c08-9483-bd636470bc11,b99df4a4-2bf5-4c08-9483-bd636470bc11,America/Sitka
b17b50ee-cf0e-4fb9-9032-541da2ef0029,assessmentExportResponses_1870156,982,147d78ee8f0edf2f9c7231e5313fb92c,eaaa32bd-dbdd-44e3-acdc-51a18828cf78,YESNO,Is sufficient information in Hypervisor logs to evaluate incidents?,Yes,Yes,Yes,,,,,,,,,,,,,,Yes,https://Assessment/Assessment/b17b50ee-cf0e-4fb9-9032-541da2ef0029,OTAuto02,b99df4a4-2bf5-4c08-9483-bd636470bc11,b99df4a4-2bf5-4c08-9483-bd636470bc11,America/Sitka
b17b50ee-cf0e-4fb9-9032-541da2ef0029,assessmentExportResponses_1870156,982,b4eceaadb04d563773b53bf8b101d0bf,53ef6fff-fea5-4890-8ef4-5780a1d4ff8e,YESNO,"Is migration of VMs logged, including source and target systems, time, user?",Yes,Yes,Yes,,,,,,,,,,,,,,Yes,https://Assessment/Assessment/b17b50ee-cf0e-4fb9-9032-541da2ef0029,OTAuto02,b99df4a4-2bf5-4c08-9483-bd636470bc11,b99df4a4-2bf5-4c08-9483-bd636470bc11,America/Sitka
b17b50ee-cf0e-4fb9-9032-541da2ef0029,assessmentExportResponses_1870156,982,dcbf4a0ca20bcabc0175f02fc2daa4e4,77efdec8-1cca-416f-b001-69adc57e1647,YESNO,Is the Assessee responsible for deploying patches to the live guest Operating Systems?,Yes,Yes,Yes,,,,,,,,,,,,,,Yes,https://Assessment/Assessment/b17b50ee-cf0e-4fb9-9032-541da2ef0029,OTAuto02,b99df4a4-2bf5-4c08-9483-bd636470bc11,b99df4a4-2bf5-4c08-9483-bd636470bc11,America/Sitka
1436e05a-7246-4589-ae54-23b9831436d3,assessment_3912080,1008,6e6f83617b05829f19183cc43d52312b,3f7ed2b3-485d-45dc-8a9d-6625e0d81597,PERSONAL_DATA,Data Element question,[Customers: Biometric] Fingerprint,[Customers: Biometric] Fingerprint,[Customers: Biometric] Fingerprint,,,,,,,,,,,,,,,https://Assessment/Assessment/1436e05a-7246-4589-ae54-23b9831436d3,OTAuto02,b99df4a4-2bf5-4c08-9483-bd636470bc11,b99df4a4-2bf5-4c08-9483-bd636470bc11,America/Sitka
219743ba-069c-4ed5-a152-d2cde5907cf5,Automated_Assessment_68694_3165949,1017,687ee4a467e0f513cd649a899a62dcf4,6be83299-b46c-4835-bdc6-edf5d521faaa,INVENTORY,Inv_question_V_3165949,vendor_68694_3165949 | OTAuto02 | Operations,vendor_68694_3165949 | OTAuto02 | Operations,vendor_68694_3165949 | OTAuto02 | Operations,,,,,,,,,,,,,,d8638b9a-f90c-42ff-a5de-fe3836716524,https://Assessment/Assessment/219743ba-069c-4ed5-a152-d2cde5907cf5,OTAuto02,b99df4a4-2bf5-4c08-9483-bd636470bc11,b99df4a4-2bf5-4c08-9483-bd636470bc11,America/Sitka
219743ba-069c-4ed5-a152-d2cde5907cf5,Automated_Assessment_68694_3165949,1017,b0153bcf58c803bef61bbfa33747793a,dd58fead-d645-43f2-9c72-420a45685ea3,YESNO,yes_no_question,Yes,Yes,Yes,,,,,,,,,,,,,,Yes,https://Assessment/Assessment/219743ba-069c-4ed5-a152-d2cde5907cf5,OTAuto02,b99df4a4-2bf5-4c08-9483-bd636470bc11,b99df4a4-2bf5-4c08-9483-bd636470bc11,America/Sitka
219743ba-069c-4ed5-a152-d2cde5907cf5,Automated_Assessment_68694_3165949,1017,b269005a1b7449263378091a95c4948d,e2ef928a-4985-49c4-8417-055c2ac04bc0,INVENTORY,Inv_question_asset_3165949,asset_68694_3165949 | OTAuto02 | Unknown,asset_68694_3165949 | OTAuto02 | Unknown,asset_68694_3165949 | OTAuto02 | Unknown,,,,,,,,,,,,,,4ea70554-ae25-4742-80e2-e573873d62d1,https://Assessment/Assessment/219743ba-069c-4ed5-a152-d2cde5907cf5,OTAuto02,b99df4a4-2bf5-4c08-9483-bd636470bc11,b99df4a4-2bf5-4c08-9483-bd636470bc11,America/Sitka
af6a90bd-a2e9-4720-a307-3888571506bd,assessment_3912080 - Template_3912080_1,1015,14463b92f5d92ade6d0e7ea55fd7a93f,d8fb87a5-0778-42b1-8e3d-54a5b7bc5bbd,YESNO,Q2,Not Answered,Not Answered,Not Answered,,,,,,,,,,,,,,NotAnswered,https://Assessment/Assessment/af6a90bd-a2e9-4720-a307-3888571506bd,OTAuto02,b99df4a4-2bf5-4c08-9483-bd636470bc11,b99df4a4-2bf5-4c08-9483-bd636470bc11,America/Sitka
644bdafe-c1f7-42c3-9125-a33e31baac88,Automated_Assessment_5597155,1001,ed819de40e5c8f08665554fdf62fd66b,deec4816-dc19-42da-ac47-8d4a33476df1,YESNO,How and where will the data be stored?,Not Answered,Not Answered,Not Answered,,,,,,,,,,,,,,NotAnswered,https://Assessment/Assessment/644bdafe-c1f7-42c3-9125-a33e31baac88,OTAuto02,b99df4a4-2bf5-4c08-9483-bd636470bc11,b99df4a4-2bf5-4c08-9483-bd636470bc11,America/Sitka
af6a90bd-a2e9-4720-a307-3888571506bd,assessment_3912080 - Template_3912080_1,1015,b2d867e43b84d76ebc53ece90e0ae310,fa1aa77c-f48f-42bb-8357-3432a8837c83,YESNO,Q1,Not Answered,Not Answered,Not Answered,,,,,,,,,,,,,,NotAnswered,https://Assessment/Assessment/af6a90bd-a2e9-4720-a307-3888571506bd,OTAuto02,b99df4a4-2bf5-4c08-9483-bd636470bc11,b99df4a4-2bf5-4c08-9483-bd636470bc11,America/Sitka
219743ba-069c-4ed5-a152-d2cde5907cf5,Automated_Assessment_68694_3165949,1017,1053669f631f47a9423fc190205753b7,af4e7da6-cf71-401c-8287-b0c55f67376c,TEXTBOX,How data be stored?,Not Answered,Not Answered,Not Answered,,,,,,,,,,,,,,NotAnswered,https://Assessment/Assessment/219743ba-069c-4ed5-a152-d2cde5907cf5,OTAuto02,b99df4a4-2bf5-4c08-9483-bd636470bc11,b99df4a4-2bf5-4c08-9483-bd636470bc11,America/Sitka
3f473051-a32c-4443-aebc-7abdf620f5b2,Automated_Assessment_57991_1152396,988,88503dba46c41dafd3b175b6ca467b91,3dc2750c-d76c-484e-aa9d-e6c347109580,TEXTBOX,How and where will the data be stored?,Answer for the statement question,Answer for the statement question,Answer for the statement question,,,,,,,,,,,,,,,https://Assessment/Assessment/3f473051-a32c-4443-aebc-7abdf620f5b2,OTAuto02,b99df4a4-2bf5-4c08-9483-bd636470bc11,b99df4a4-2bf5-4c08-9483-bd636470bc11,America/Sitka
cad8564d-d475-454a-86a2-beabb6931574,assessment_43465_6822598,1020,4dc4925becc292453b9d1ac48a0f9c5a,517ea7c3-fe26-4e5d-a880-cbf76b1d2ba3,INVENTORY,Does this initiative build off or work with a currently ongoing initiative?,Add_asset_43665_6822598,Add_asset_43665_6822598,Add_asset_43665_6822598,,,,,,,,,,,,,,2a673b17-2d66-4c7e-acc9-b14785d25e69,https://Assessment/Assessment/cad8564d-d475-454a-86a2-beabb6931574,OTAuto02,b99df4a4-2bf5-4c08-9483-bd636470bc11,b99df4a4-2bf5-4c08-9483-bd636470bc11,America/Sitka
219743ba-069c-4ed5-a152-d2cde5907cf5,Automated_Assessment_68694_3165949,1017,4013eebdc272f39f63fc7dbcf9acfb05,9126788c-47f9-429e-afb7-cea2eadcc8e6,ATTRIBUTE,attribute_v_68694_3165949,Not Answered,Not Answered,Not Answered,,,,,,,,,,,,,,NotAnswered,https://Assessment/Assessment/219743ba-069c-4ed5-a152-d2cde5907cf5,OTAuto02,b99df4a4-2bf5-4c08-9483-bd636470bc11,b99df4a4-2bf5-4c08-9483-bd636470bc11,America/Sitka
aecca32c-0f6a-4349-a602-2ae3b57819cd,Assessment_Control_1658082,1010,c21ed73b9836c37d99b4737276d0c8e5,fb529f56-a5d2-4a81-ac08-a4e0a68340ac,YESNO,Q1?,Not Answered,Not Answered,Not Answered,,,,,,,,,,,,,,NotAnswered,https://Assessment/Assessment/aecca32c-0f6a-4349-a602-2ae3b57819cd,OTAuto02,b99df4a4-2bf5-4c08-9483-bd636470bc11,b99df4a4-2bf5-4c08-9483-bd636470bc11,America/Sitka
cad8564d-d475-454a-86a2-beabb6931574,assessment_43465_6822598,1020,bfaad487c655b91a57f9a18b165c9e9b,22f6c190-0d86-4eae-9da9-aca476c9ba8d,INVENTORY,Will the project require you to contact individuals in ways which they may find intrusive?,Not Answered,Not Answered,Not Answered,,,,,,,,,,,,,,NotAnswered,https://Assessment/Assessment/cad8564d-d475-454a-86a2-beabb6931574,OTAuto02,b99df4a4-2bf5-4c08-9483-bd636470bc11,b99df4a4-2bf5-4c08-9483-bd636470bc11,America/Sitka
30dbd386-126f-4814-b6b1-9b86ff405dc2,Inventory_01_Assessment_1137087,1018,500582923f42bb8454483944d908c97e,596128a0-15db-4580-bebe-19c3cb7bf81c,INVENTORY,Q1,asset_1137087 | OTAuto02 | Unknown,asset_1137087 | OTAuto02 | Unknown,asset_1137087 | OTAuto02 | Unknown,,,,,,,,,,,,,,e4022d36-987b-470a-9fc9-4e085c02d247,https://Assessment/Assessment/30dbd386-126f-4814-b6b1-9b86ff405dc2,OTAuto02,b99df4a4-2bf5-4c08-9483-bd636470bc11,b99df4a4-2bf5-4c08-9483-bd636470bc11,America/Sitka
24dc51a9-65b6-4e27-b692-66108ec9e96c,assessment_43642_8166862,1025,062392cdad0e2695a01f304a010323f5,ba025419-abce-444c-ab12-368539621b75,PERSONAL_DATA,Data Element question,[Contractors: Background checks] Criminal history,[Contractors: Background checks] Criminal history,[Contractors: Background checks] Criminal history,,,,,,,,,,,,,,,https://Assessment/Assessment/24dc51a9-65b6-4e27-b692-66108ec9e96c,OTAuto02,b99df4a4-2bf5-4c08-9483-bd636470bc11,b99df4a4-2bf5-4c08-9483-bd636470bc11,America/Sitka
24dc51a9-65b6-4e27-b692-66108ec9e96c,assessment_43642_8166862,1025,66dd3258891c96dc1f8278dc3ebbe834,5585f22d-5aec-4324-b76e-1aaa6d676d12,INVENTORY,pa_question_8166862,pa_43642_8166862 | OTAuto02 ,pa_43642_8166862 | OTAuto02,pa_43642_8166862 | OTAuto02 ,,,,,,,,,,,,,,acc93659-64fc-4d31-867b-26a07830be2d,https://Assessment/Assessment/24dc51a9-65b6-4e27-b692-66108ec9e96c,OTAuto02,b99df4a4-2bf5-4c08-9483-bd636470bc11,b99df4a4-2bf5-4c08-9483-bd636470bc11,America/Sitka
1fdaf9af-0099-4223-ae1d-3b2e40fb37e3,assessment_446130,1037,f75ad68d5698c138f8c62f74dc0aa767,a604b815-7e4c-4dad-9dd6-a323c782c593,ATTRIBUTE,Hosting Provider,Not Answered,Not Answered,Not Answered,,,,,,,,,,,,,,NotAnswered,https://Assessment/Assessment/1fdaf9af-0099-4223-ae1d-3b2e40fb37e3,OTAuto02,b99df4a4-2bf5-4c08-9483-bd636470bc11,b99df4a4-2bf5-4c08-9483-bd636470bc11,America/Sitka
1fdaf9af-0099-4223-ae1d-3b2e40fb37e3,assessment_446130,1037,1effaa83d12cdfe6372fa3d9e636cd8f,bc869dc2-a579-4171-a85c-acb8655fcac9,INVENTORY,Q1,asset_446130 | OTAuto02 | Unknown,asset_446130 | OTAuto02 | Unknown,asset_446130 | OTAuto02 | Unknown,,,,,,,,,,,,,,0e237c8a-850d-4cf0-bb7a-009f1b863535,https://Assessment/Assessment/1fdaf9af-0099-4223-ae1d-3b2e40fb37e3,OTAuto02,b99df4a4-2bf5-4c08-9483-bd636470bc11,b99df4a4-2bf5-4c08-9483-bd636470bc11,America/Sitka
896abc2d-9e58-455d-b41b-ca9c1fc26979,Assessment_1_7019050,1030,54073c2a841f155fc38ee2ecf44d2cc3,0e2c7af5-ac72-4be2-a518-9104e16a489b,INVENTORY,asset_question_7019050,Not Answered,Not Answered,Not Answered,,,,,,,,,,,,,,NotAnswered,https://Assessment/Assessment/896abc2d-9e58-455d-b41b-ca9c1fc26979,OTAuto02,b99df4a4-2bf5-4c08-9483-bd636470bc11,b99df4a4-2bf5-4c08-9483-bd636470bc11,America/Sitka
1fdaf9af-0099-4223-ae1d-3b2e40fb37e3,assessment_446130,1037,9ffcea7452b9a12539e4debddc415ad4,17815c78-947e-4d07-90ee-fe8d8d387790,ATTRIBUTE,Description,[asset_446130 | OTAuto02 | Unknown]answer_for_446130,[asset_446130 | OTAuto02 | Unknown]answer_for_446130,[asset_446130 | OTAuto02 | Unknown]answer_for_446130,,,,,,,,,,,,,,,https://Assessment/Assessment/1fdaf9af-0099-4223-ae1d-3b2e40fb37e3,OTAuto02,b99df4a4-2bf5-4c08-9483-bd636470bc11,b99df4a4-2bf5-4c08-9483-bd636470bc11,America/Sitka
896abc2d-9e58-455d-b41b-ca9c1fc26979,Assessment_1_7019050,1030,188774e1a5a377a442da2887971e0d5a,1dfb2cf2-7d82-4159-aa8a-55f0c19243b6,ATTRIBUTE,attribute_1_7019050,Skipped,Skipped,Skipped,,,,,,,,,,,,,,Skipped,https://Assessment/Assessment/896abc2d-9e58-455d-b41b-ca9c1fc26979,OTAuto02,b99df4a4-2bf5-4c08-9483-bd636470bc11,b99df4a4-2bf5-4c08-9483-bd636470bc11,America/Sitka
896abc2d-9e58-455d-b41b-ca9c1fc26979,Assessment_1_7019050,1030,353d7dfe27045973beb7c2df023c414d,338add19-ce84-4a27-bb0f-78cb0c63bd8d,ATTRIBUTE,attribute_2_7019050,Skipped,Skipped,Skipped,,,,,,,,,,,,,,Skipped,https://Assessment/Assessment/896abc2d-9e58-455d-b41b-ca9c1fc26979,OTAuto02,b99df4a4-2bf5-4c08-9483-bd636470bc11,b99df4a4-2bf5-4c08-9483-bd636470bc11,America/Sitka
31a86ac4-b87b-4bd9-91bd-a6f19f97e485,Automated_Assessment_241401,1063,c6cf29d315bca5a8fa5582e5ab4426c1,38caa034-0c81-40ec-ab55-3c323a048d19,YESNO,How and where will the data be stored?,Not Answered,Not Answered,Not Answered,,,,,,,,,,,,,,NotAnswered,https://Assessment/Assessment/31a86ac4-b87b-4bd9-91bd-a6f19f97e485,OTAuto02,b99df4a4-2bf5-4c08-9483-bd636470bc11,b99df4a4-2bf5-4c08-9483-bd636470bc11,America/Sitka
6bc67ec6-432a-449e-8009-f8c824b8397f,Automated_Assessment_7144960,1051,e8234945cf47162cda0df2ec5cf38d9a,1b7ff41f-0375-43f2-9064-1cc693d5f791,ATTRIBUTE,Hosting Provider,[asset_7144960 | OTAuto02 | unknown]Microsoft Azure,[asset_7144960 | OTAuto02 | unknown]Microsoft Azure,[asset_7144960 | OTAuto02 | unknown]Microsoft Azure,,,,,,,,,,,,,,,https://Assessment/Assessment/6bc67ec6-432a-449e-8009-f8c824b8397f,OTAuto02,b99df4a4-2bf5-4c08-9483-bd636470bc11,b99df4a4-2bf5-4c08-9483-bd636470bc11,America/Sitka
6bc67ec6-432a-449e-8009-f8c824b8397f,Automated_Assessment_7144960,1051,e2c38ebdca3945a13172157850dbe0b7,273cd4b7-9312-4df2-8902-8cb30c05a640,INVENTORY,asset_question_7144960,asset_7144960 | OTAuto02 | unknown,asset_7144960 | OTAuto02 | unknown,asset_7144960 | OTAuto02 | unknown,,,,,,,,,,,,,,3cb41e9f-2ba3-4ccb-a4a0-50ec7aa2cbf1,https://Assessment/Assessment/6bc67ec6-432a-449e-8009-f8c824b8397f,OTAuto02,b99df4a4-2bf5-4c08-9483-bd636470bc11,b99df4a4-2bf5-4c08-9483-bd636470bc11,America/Sitka
659cf49a-bb5b-44f1-8261-4e979e79d25d,automation_4995705,1064,96d34a4b5495dfd2c5f6450e6f48bc17,790befaa-9f12-4cb7-97ef-08c995b0fe1e,YESNO,How and where will the data be stored?,Not Answered,Not Answered,Not Answered,,,,,,,,,,,,,,NotAnswered,https://Assessment/Assessment/659cf49a-bb5b-44f1-8261-4e979e79d25d,OTAuto02,b99df4a4-2bf5-4c08-9483-bd636470bc11,b99df4a4-2bf5-4c08-9483-bd636470bc11,America/Sitka
10778168-90aa-48ff-853d-e39d4cc55655,OneTrust Automation_Template_44459 Template_44459_4995705_03/19/2026,1069,d81d137af81c57b284318a0a31f07c3e,790befaa-9f12-4cb7-97ef-08c995b0fe1e,YESNO,How and where will the data be stored?,Not Answered,Not Answered,Not Answered,,,,,,,,,,,,,,NotAnswered,https://Assessment/Assessment/10778168-90aa-48ff-853d-e39d4cc55655,OTAuto02,b99df4a4-2bf5-4c08-9483-bd636470bc11,b99df4a4-2bf5-4c08-9483-bd636470bc11,America/Sitka
8403d60f-c3dc-4d6d-b31a-43f9124345b7,assessment_1_2129186,1071,277b531d8626b4fc75be80581d1c5fad,d80bedec-33fd-4beb-8b99-0ed7dca250d1,INVENTORY,Q1,Not Answered,Not Answered,Not Answered,,,,,,,,,,,,,,NotAnswered,https://Assessment/Assessment/8403d60f-c3dc-4d6d-b31a-43f9124345b7,OTAuto02,b99df4a4-2bf5-4c08-9483-bd636470bc11,b99df4a4-2bf5-4c08-9483-bd636470bc11,America/Sitka
bb175ece-4d5a-4413-a812-629f3bd7b410,OneTrust Automation_Template_44459 Template_44459_4995705_03/19/2026,1067,565ab5f5449f407abad63882f8d7a658,790befaa-9f12-4cb7-97ef-08c995b0fe1e,YESNO,How and where will the data be stored?,Not Answered,Not Answered,Not Answered,,,,,,,,,,,,,,NotAnswered,https://Assessment/Assessment/bb175ece-4d5a-4413-a812-629f3bd7b410,OTAuto02,b99df4a4-2bf5-4c08-9483-bd636470bc11,b99df4a4-2bf5-4c08-9483-bd636470bc11,America/Sitka
dfbbfd32-0644-46b5-9f43-1b5b942071aa,Assessment_3390941,1066,8c2b0c81a93bb5e0da09c8906139dc55,2c79fe0e-2b99-4c27-abbf-f6b8766ab3e4,YESNO,Qyesno,Yes,Yes,Yes,,,,,,,,,,,,,,Yes,https://Assessment/Assessment/dfbbfd32-0644-46b5-9f43-1b5b942071aa,OTAuto02,b99df4a4-2bf5-4c08-9483-bd636470bc11,b99df4a4-2bf5-4c08-9483-bd636470bc11,America/Sitka
88ba85a8-e0f9-49d5-a447-bf8f73b73fe9,automation_project_42471_9892964,1099,0cd3f7b6664eafab8738ba27e1c48777,7a12d599-2bc2-4ebe-9cbf-b1b83435383d,TEXTBOX,Does this initiative build off or work with a currently ongoing initiative?,text_response,text_response,text_response,,,,,,,,,,,,,,,https://Assessment/Assessment/88ba85a8-e0f9-49d5-a447-bf8f73b73fe9,OTAuto02,b99df4a4-2bf5-4c08-9483-bd636470bc11,b99df4a4-2bf5-4c08-9483-bd636470bc11,America/Sitka
679af6f8-76d8-4811-8e2c-17fa27197a98,Assessment_For_On_submission_9736753,1086,ea8b1e5a560a8b6cc30ab7977be7d232,a7c6d3f1-cd9a-48e1-9ffb-1199251881a7,YESNO,How and where will the data be stored?,Not Answered,Not Answered,Not Answered,,,,,,,,,,,,,,NotAnswered,https://Assessment/Assessment/679af6f8-76d8-4811-8e2c-17fa27197a98,OTAuto02,b99df4a4-2bf5-4c08-9483-bd636470bc11,b99df4a4-2bf5-4c08-9483-bd636470bc11,America/Sitka
07430b8f-0efd-4352-a5bb-4e7c73722e37,Assessment_2_1454145,1088,d8b344b8dfbf93d848a1ff7ff5ecf838,ddbb01d3-d88b-4d1a-a0f6-20b90d9d24ef,MULTICHOICE,Multichoice Q?,Not Answered,Not Answered,Not Answered,,,,,,,,,,,,,,NotAnswered,https://Assessment/Assessment/07430b8f-0efd-4352-a5bb-4e7c73722e37,OTAuto02,b99df4a4-2bf5-4c08-9483-bd636470bc11,b99df4a4-2bf5-4c08-9483-bd636470bc11,America/Sitka
c369e5db-4e1c-484d-9363-950472b9e7d1,automation_project_42926_1_7115172,1111,c7fe2a28c3030c9bc043a8f3194aa43f,333298d7-ee33-4837-ab18-71bfc51b73e4,TEXTBOX,Does this initiative build off or work with a currently ongoing initiative?,text,text,text,,,,,,,,,,,,,,,https://Assessment/Assessment/c369e5db-4e1c-484d-9363-950472b9e7d1,OTAuto02,b99df4a4-2bf5-4c08-9483-bd636470bc11,b99df4a4-2bf5-4c08-9483-bd636470bc11,America/Sitka
fa1707e0-557e-4428-b1fd-da28815f61fa,Automated_Assessment_6429500,1093,bd1ff9332c3b7b2c1b3f36819d2bee6f,2ae34105-87c8-4706-b8a0-dd5deb8fa522,MULTICHOICE,Multichoice Q,OptionB,OptionB,OptionB,,,,,,,,,,,,,,OptionB,https://Assessment/Assessment/fa1707e0-557e-4428-b1fd-da28815f61fa,OTAuto02,b99df4a4-2bf5-4c08-9483-bd636470bc11,b99df4a4-2bf5-4c08-9483-bd636470bc11,America/Sitka
02841241-c9ad-468f-aa09-f58b33aeac45,Assessment_1_8392587,1105,a454da50a08dc1b5c8d3448aa6797135,05aff3f3-a860-4e2b-b3b1-a224d9783e1a,INVENTORY,asset_question_8392587,Not Answered,Not Answered,Not Answered,,,,,,,,,,,,,,NotAnswered,https://Assessment/Assessment/02841241-c9ad-468f-aa09-f58b33aeac45,OTAuto02,b99df4a4-2bf5-4c08-9483-bd636470bc11,b99df4a4-2bf5-4c08-9483-bd636470bc11,America/Sitka
07430b8f-0efd-4352-a5bb-4e7c73722e37,Assessment_2_1454145,1088,32c15ba488356d4649c08d7b36e4bd2a,2b93652a-eebb-4cbb-a105-85d20e1bc9e1,TEXTBOX,Text Q,TEST RESPONSE,TEST RESPONSE,TEST RESPONSE,,,,,,,,,,,,,,,https://Assessment/Assessment/07430b8f-0efd-4352-a5bb-4e7c73722e37,OTAuto02,b99df4a4-2bf5-4c08-9483-bd636470bc11,b99df4a4-2bf5-4c08-9483-bd636470bc11,America/Sitka
02841241-c9ad-468f-aa09-f58b33aeac45,Assessment_1_8392587,1105,b52d0331d3e280ce6c69def758d86005,d7206646-c42d-404c-a49e-85f5b48f3c63,ATTRIBUTE,attribute_2_8392587,Skipped,Skipped,Skipped,,,,,,,,,,,,,,Skipped,https://Assessment/Assessment/02841241-c9ad-468f-aa09-f58b33aeac45,OTAuto02,b99df4a4-2bf5-4c08-9483-bd636470bc11,b99df4a4-2bf5-4c08-9483-bd636470bc11,America/Sitka
24e9bbca-26d0-42c5-9f3c-aff8265782a9,assessment_43642_3708789,1101,8481e687c765dc522e16bcde54b80636,981213c2-973e-4779-9201-8c66d78622f8,INVENTORY,pa_question_3708789,Not Answered,Not Answered,Not Answered,,,,,,,,,,,,,,NotAnswered,https://Assessment/Assessment/24e9bbca-26d0-42c5-9f3c-aff8265782a9,OTAuto02,b99df4a4-2bf5-4c08-9483-bd636470bc11,b99df4a4-2bf5-4c08-9483-bd636470bc11,America/Sitka
02841241-c9ad-468f-aa09-f58b33aeac45,Assessment_1_8392587,1105,6f4cd30f8f86b24bca5ad2f60cbd9a52,a8836195-fd5a-4f61-9a96-9404f6c8bd32,ATTRIBUTE,attribute_1_8392587,Skipped,Skipped,Skipped,,,,,,,,,,,,,,Skipped,https://Assessment/Assessment/02841241-c9ad-468f-aa09-f58b33aeac45,OTAuto02,b99df4a4-2bf5-4c08-9483-bd636470bc11,b99df4a4-2bf5-4c08-9483-bd636470bc11,America/Sitka
fa1707e0-557e-4428-b1fd-da28815f61fa,Automated_Assessment_6429500,1093,bed3f1721cd1a5bdf58fd3d04de36a0c,71c56767-db6f-4190-80ba-5cc7644cf209,TEXTBOX,Q3,Not Answered,Not Answered,Not Answered,,,,,,,,,,,,,,NotAnswered,https://Assessment/Assessment/fa1707e0-557e-4428-b1fd-da28815f61fa,OTAuto02,b99df4a4-2bf5-4c08-9483-bd636470bc11,b99df4a4-2bf5-4c08-9483-bd636470bc11,America/Sitka
8049ae36-ac0e-47da-813a-c1db1671d317,automation_project_42926_7115172,1103,606b19ba912a8cf0e487aadc25f907b1,333298d7-ee33-4837-ab18-71bfc51b73e4,TEXTBOX,Does this initiative build off or work with a currently ongoing initiative?,text,text,text,,,,,,,,,,,,,,,https://Assessment/Assessment/8049ae36-ac0e-47da-813a-c1db1671d317,OTAuto02,b99df4a4-2bf5-4c08-9483-bd636470bc11,b99df4a4-2bf5-4c08-9483-bd636470bc11,America/Sitka
fa1707e0-557e-4428-b1fd-da28815f61fa,Automated_Assessment_6429500,1093,1f80c93e9eb6ef8acc72d3ae23cb53aa,8b5c3df0-ef86-490d-b8de-a92027508fcd,YESNO,Q1,Yes,Yes,Yes,,,,,,,,,,,,,,Yes,https://Assessment/Assessment/fa1707e0-557e-4428-b1fd-da28815f61fa,OTAuto02,b99df4a4-2bf5-4c08-9483-bd636470bc11,b99df4a4-2bf5-4c08-9483-bd636470bc11,America/Sitka
07430b8f-0efd-4352-a5bb-4e7c73722e37,Assessment_2_1454145,1088,8c3b4ad8fc2ad4028ff3b2f31bbe7753,d02cd0e0-c273-4deb-b5c5-233f3e327512,YESNO,YN1,Yes,Yes,Yes,,,,,,,,,,,,,,Yes,https://Assessment/Assessment/07430b8f-0efd-4352-a5bb-4e7c73722e37,OTAuto02,b99df4a4-2bf5-4c08-9483-bd636470bc11,b99df4a4-2bf5-4c08-9483-bd636470bc11,America/Sitka
24e9bbca-26d0-42c5-9f3c-aff8265782a9,assessment_43642_3708789,1101,79904ffbf231823126d0017204bb1cae,c4d8f791-c1fb-4759-9e15-c5ee0f6916a4,PERSONAL_DATA,Data Element question,[Contractors: Background checks] Criminal history,[Contractors: Background checks] Criminal history,[Contractors: Background checks] Criminal history,,,,,,,,,,,,,,,https://Assessment/Assessment/24e9bbca-26d0-42c5-9f3c-aff8265782a9,OTAuto02,b99df4a4-2bf5-4c08-9483-bd636470bc11,b99df4a4-2bf5-4c08-9483-bd636470bc11,America/Sitka
5b4b47a6-fb58-43d9-ad20-931991d34ccf,automation_project_42926_2_7115172,1120,fe1eed75957ac5aef7d71e11465d5f58,333298d7-ee33-4837-ab18-71bfc51b73e4,TEXTBOX,Does this initiative build off or work with a currently ongoing initiative?,text,text,text,,,,,,,,,,,,,,,https://Assessment/Assessment/5b4b47a6-fb58-43d9-ad20-931991d34ccf,OTAuto02,b99df4a4-2bf5-4c08-9483-bd636470bc11,b99df4a4-2bf5-4c08-9483-bd636470bc11,America/Sitka
71e2a784-a713-46aa-997a-2132f6c0fcb0,automated_controlName_1_5822226,1118,254275d2d366589e6dbc52c01230c034,43e0539c-2d59-4439-bcff-df3c7db90e11,ASSESS_CONTROL,q1,Not Answered,Not Answered,Not Answered,,,,,,,,,,,,,,NotAnswered,https://Assessment/Assessment/71e2a784-a713-46aa-997a-2132f6c0fcb0,OTAuto02,b99df4a4-2bf5-4c08-9483-bd636470bc11,b99df4a4-2bf5-4c08-9483-bd636470bc11,America/Sitka
853eca15-654a-4c2f-ad7a-1aae27ec446d,automation_project_42926_3_7115172,1135,673d946a0da1c4c67d88d54d696eed56,333298d7-ee33-4837-ab18-71bfc51b73e4,TEXTBOX,Does this initiative build off or work with a currently ongoing initiative?,Not Answered,Not Answered,Not Answered,,,,,,,,,,,,,,NotAnswered,https://Assessment/Assessment/853eca15-654a-4c2f-ad7a-1aae27ec446d,OTAuto02,b99df4a4-2bf5-4c08-9483-bd636470bc11,b99df4a4-2bf5-4c08-9483-bd636470bc11,America/Sitka
9559eea3-ab6f-4c6b-80ac-a53c36a09153,Bulk_Assessment_deadline_reminder_8021004,1137,0776549bd95f3ad363162a4d84e5670f,c26f438f-8c11-4a68-b041-ea43c4dfd77c,INVENTORY,How and where will the data be stored?,vendor_8021004 | OTAuto02 | Operations,vendor_8021004 | OTAuto02 | Operations,vendor_8021004 | OTAuto02 | Operations,,,,,,,,,,,,,,0a42871a-6df9-4d10-b84a-1791230cbfc7,https://Assessment/Assessment/9559eea3-ab6f-4c6b-80ac-a53c36a09153,OTAuto02,b99df4a4-2bf5-4c08-9483-bd636470bc11,b99df4a4-2bf5-4c08-9483-bd636470bc11,America/Sitka
d471dc01-bb5a-4caa-a4d2-1635e1478ccb,automated_controlName_2_5822226,1119,d5a03250dc8d8a65e9ee79f27e80ae43,43e0539c-2d59-4439-bcff-df3c7db90e11,ASSESS_CONTROL,q1,Not Answered,Not Answered,Not Answered,,,,,,,,,,,,,,NotAnswered,https://Assessment/Assessment/d471dc01-bb5a-4caa-a4d2-1635e1478ccb,OTAuto02,b99df4a4-2bf5-4c08-9483-bd636470bc11,b99df4a4-2bf5-4c08-9483-bd636470bc11,America/Sitka
061aa1f1-1ab0-47ce-acc4-9caab8a9ea28,automated_assessment_9363987 - Template_9363987,1154,44a8fc1e521731b3f157219318be4ad9,c79cca88-6669-4706-a98c-8148bb312191,TEXTBOX,How and where will the data be stored?,Not Answered,Not Answered,Not Answered,,,,,,,,,,,,,,NotAnswered,https://Assessment/Assessment/061aa1f1-1ab0-47ce-acc4-9caab8a9ea28,OTAuto02,b99df4a4-2bf5-4c08-9483-bd636470bc11,b99df4a4-2bf5-4c08-9483-bd636470bc11,America/Sitka
50dd413a-3620-414f-b080-8698b4bc0958,Automated_Assessment_57993_8698443,1151,fa34fc7122f2efdaee1abe08fca95e44,2bf2a0d1-7869-41ec-948e-51cce500dff6,TEXTBOX,How and where will the data be stored?,Answer for the statement question,Answer for the statement question,Answer for the statement question,,,,,,,,,,,,,,,https://Assessment/Assessment/50dd413a-3620-414f-b080-8698b4bc0958,OTAuto02,b99df4a4-2bf5-4c08-9483-bd636470bc11,b99df4a4-2bf5-4c08-9483-bd636470bc11,America/Sitka
8013c4b2-64bf-48f3-9a8d-e0f47297b23d,automated_assessment_9363987,1153,fd2bd61e6ac37f026999176253745478,9748358e-53ff-495c-a8fd-ca4cd0aada60,YESNO,S1-YNQ?,Yes,Yes,Yes,,,,,,,,,,,,,,Yes,https://Assessment/Assessment/8013c4b2-64bf-48f3-9a8d-e0f47297b23d,OTAuto02,b99df4a4-2bf5-4c08-9483-bd636470bc11,b99df4a4-2bf5-4c08-9483-bd636470bc11,America/Sitka
8013c4b2-64bf-48f3-9a8d-e0f47297b23d,automated_assessment_9363987,1153,1d8d747fff25134f45509b2d15e436de,c687fbf9-7969-450e-b2a4-9a4092fe7a38,INVENTORY,AssestQ,asset_1_9363987 | OTAuto02 | Unknown,asset_1_9363987 | OTAuto02 | Unknown,asset_1_9363987 | OTAuto02 | Unknown,,,,,,,,,,,,,,15127ad1-2bbf-4946-afbb-2aa68982f508,https://Assessment/Assessment/8013c4b2-64bf-48f3-9a8d-e0f47297b23d,OTAuto02,b99df4a4-2bf5-4c08-9483-bd636470bc11,b99df4a4-2bf5-4c08-9483-bd636470bc11,America/Sitka
95539184-54b9-4999-b5a7-c5a04793797d,assessment_6738210,1148,9379878505277450b6e27884853ce928,ef9f0c23-6c9d-4158-8a12-b808a4c13988,YESNO,Q1,Yes,Yes,Yes,,,,,,,,,,,,,,Yes,https://Assessment/Assessment/95539184-54b9-4999-b5a7-c5a04793797d,OTAuto02,b99df4a4-2bf5-4c08-9483-bd636470bc11,b99df4a4-2bf5-4c08-9483-bd636470bc11,America/Sitka
95539184-54b9-4999-b5a7-c5a04793797d,assessment_6738210,1148,f2864308db5ab8109ad12caad23cea25,db0b659b-9da1-4187-9bd0-c5fb776699d9,MULTICHOICE,Q2,Not Answered,Not Answered,Not Answered,,,,,,,,,,,,,,NotAnswered,https://Assessment/Assessment/95539184-54b9-4999-b5a7-c5a04793797d,OTAuto02,b99df4a4-2bf5-4c08-9483-bd636470bc11,b99df4a4-2bf5-4c08-9483-bd636470bc11,America/Sitka
df7dec9d-9e34-4dcf-b095-3b455e0a62bf,automated_assessment3_5893082,1149,b24f1958f735951a5bdd9e262266d402,a7b50eeb-88b3-4a4c-81a5-7da64a9ee958,YESNO,Will the data be stored?,Yes,Yes,Yes,,,,,,,,,,,,,,Yes,https://Assessment/Assessment/df7dec9d-9e34-4dcf-b095-3b455e0a62bf,OTAuto02,b99df4a4-2bf5-4c08-9483-bd636470bc11,b99df4a4-2bf5-4c08-9483-bd636470bc11,America/Sitka
a3a6f59c-a88f-4ee0-aec9-84e0aeaa8e6f,assessment_43465_6009622,1191,45df20219cca6c4ab5347e9d38c4c6e7,4e9abfc8-4822-464e-9b05-ea9e7f20418e,INVENTORY,Will the project require you to contact individuals in ways which they may find intrusive?,Add_pa_43681_6009622,Add_pa_43681_6009622,Add_pa_43681_6009622,,,,,,,,,,,,,,0a2291b9-d61b-497f-aa86-c0facb528877,https://Assessment/Assessment/a3a6f59c-a88f-4ee0-aec9-84e0aeaa8e6f,OTAuto02,b99df4a4-2bf5-4c08-9483-bd636470bc11,b99df4a4-2bf5-4c08-9483-bd636470bc11,America/Sitka
72eccb08-ed3a-4fc1-ab27-73f20346027a,AA-1_7959944,1190,d2cf48450cc805da87ae07b8b7da2e8d,b72904d1-a966-47a6-ae50-d41663f71cf1,YESNO,Q2,Not Answered,Not Answered,Not Answered,,,,,,,,,,,,,,NotAnswered,https://Assessment/Assessment/72eccb08-ed3a-4fc1-ab27-73f20346027a,OTAuto02,b99df4a4-2bf5-4c08-9483-bd636470bc11,b99df4a4-2bf5-4c08-9483-bd636470bc11,America/Sitka
a3a6f59c-a88f-4ee0-aec9-84e0aeaa8e6f,assessment_43465_6009622,1191,020514496021766be0aedd308a037a65,dd9a6316-214f-4524-956e-996c0d2d4f6f,INVENTORY,Does this initiative build off or work with a currently ongoing initiative?,Add_asset_43681_6009622,Add_asset_43681_6009622,Add_asset_43681_6009622,,,,,,,,,,,,,,eb310f31-6a3d-4168-8067-568c12541530,https://Assessment/Assessment/a3a6f59c-a88f-4ee0-aec9-84e0aeaa8e6f,OTAuto02,b99df4a4-2bf5-4c08-9483-bd636470bc11,b99df4a4-2bf5-4c08-9483-bd636470bc11,America/Sitka
72eccb08-ed3a-4fc1-ab27-73f20346027a,AA-1_7959944,1190,a5757bb84808748c49253e5fb3662171,56f25ae3-693a-4501-9643-8deb49624797,MULTICHOICE,Multichoice Q,Not Answered,Not Answered,Not Answered,,,,,,,,,,,,,,NotAnswered,https://Assessment/Assessment/72eccb08-ed3a-4fc1-ab27-73f20346027a,OTAuto02,b99df4a4-2bf5-4c08-9483-bd636470bc11,b99df4a4-2bf5-4c08-9483-bd636470bc11,America/Sitka
72eccb08-ed3a-4fc1-ab27-73f20346027a,AA-1_7959944,1190,c1ccbf1961dda23c430635c9d8efc57f,852f0bd8-661d-4ff2-b4de-3ac71dae9504,TEXTBOX,Q3,Not Answered,Not Answered,Not Answered,,,,,,,,,,,,,,NotAnswered,https://Assessment/Assessment/72eccb08-ed3a-4fc1-ab27-73f20346027a,OTAuto02,b99df4a4-2bf5-4c08-9483-bd636470bc11,b99df4a4-2bf5-4c08-9483-bd636470bc11,America/Sitka
647b829f-853d-4b8c-bf08-ff7698180c8d,LaunchAssmnt_626786,1219,9b975e37ba04d62089a6abb5adaf0524,1bc96b09-f668-4f47-82aa-f2dc7da29877,INCIDENT,Inc,Skipped,Skipped,Skipped,,,,,,,,,,,,,,Skipped,https://Assessment/Assessment/647b829f-853d-4b8c-bf08-ff7698180c8d,OTAuto02,b99df4a4-2bf5-4c08-9483-bd636470bc11,b99df4a4-2bf5-4c08-9483-bd636470bc11,America/Sitka
777c8884-885e-4a9b-8b5f-2e0ea9fe2533,a_5806616,1216,bacefb83d2d8b9cd6c42be6aa17d9795,cf084434-d9ca-43b6-85bc-e1e6f3bf4234,ATTRIBUTE,Notes,Not Answered,Not Answered,Not Answered,,,,,,,,,,,,,,NotAnswered,https://Assessment/Assessment/777c8884-885e-4a9b-8b5f-2e0ea9fe2533,OTAuto02,b99df4a4-2bf5-4c08-9483-bd636470bc11,b99df4a4-2bf5-4c08-9483-bd636470bc11,America/Sitka
aa097d38-f2d9-4e26-8137-37bc6d708652,APIBulk_Assessment_3400472,1210,15d775453ae3a23016b8deeccf9341b5,58c9bdfb-22e0-416b-b226-9f4688b5532a,ATTRIBUTE,Root Cause,[Incident_3400472]NotSure,[Incident_3400472]NotSure,[Incident_3400472]NotSure,,,,,,,,,,,,,,,https://Assessment/Assessment/aa097d38-f2d9-4e26-8137-37bc6d708652,OTAuto02,b99df4a4-2bf5-4c08-9483-bd636470bc11,b99df4a4-2bf5-4c08-9483-bd636470bc11,America/Sitka
b183325f-41ae-4436-b7b2-68d0510feece,a_3216552,1208,32efe1342972dde4c92ac57dc082bbde,29f054bd-87e5-47a7-beec-c09919efdb58,YESNO,Are data elements within the data actions inventoried?,Not Answered,Not Answered,Not Answered,,,,,,,,,,,,,,NotAnswered,https://Assessment/Assessment/b183325f-41ae-4436-b7b2-68d0510feece,OTAuto02,b99df4a4-2bf5-4c08-9483-bd636470bc11,b99df4a4-2bf5-4c08-9483-bd636470bc11,America/Sitka
b183325f-41ae-4436-b7b2-68d0510feece,a_3216552,1208,68eec5de3f8ed21e6ac91663a0b2300e,56073ec4-205e-4954-8a79-0c165f5fae57,YESNO,Are the organization’s role(s) in the data processing ecosystem identified and communicated?,Not Answered,Not Answered,Not Answered,,,,,,,,,,,,,,NotAnswered,https://Assessment/Assessment/b183325f-41ae-4436-b7b2-68d0510feece,OTAuto02,b99df4a4-2bf5-4c08-9483-bd636470bc11,b99df4a4-2bf5-4c08-9483-bd636470bc11,America/Sitka
b183325f-41ae-4436-b7b2-68d0510feece,a_3216552,1208,af5081cb20799894f0d13d2df4bb3859,2fb2d323-bfd6-4ff2-b351-023e0bb42230,STATEMENT,"Governance Policies, Processes, and Procedures (GV.PO-P)",Not Answered,Not Answered,Not Answered,,,,,,,,,,,,,,NotAnswered,https://Assessment/Assessment/b183325f-41ae-4436-b7b2-68d0510feece,OTAuto02,b99df4a4-2bf5-4c08-9483-bd636470bc11,b99df4a4-2bf5-4c08-9483-bd636470bc11,America/Sitka
b183325f-41ae-4436-b7b2-68d0510feece,a_3216552,1208,ff3c2dcc06b6a42497b48c02b41d8a45,eb5e8659-d82e-4cde-98f2-03adb01b2a70,YESNO,"Are policies, processes, and procedures established and in place to receive, analyze, and respond to problematic data actions disclosed to the organization from internal and external sources (e.g., internal discovery, privacy researchers, professional events)?",Not Answered,Not Answered,Not Answered,,,,,,,,,,,,,,NotAnswered,https://Assessment/Assessment/b183325f-41ae-4436-b7b2-68d0510feece,OTAuto02,b99df4a4-2bf5-4c08-9483-bd636470bc11,b99df4a4-2bf5-4c08-9483-bd636470bc11,America/Sitka
b183325f-41ae-4436-b7b2-68d0510feece,a_3216552,1208,fc82adc84af01c87fb19fc72282327ee,2e874a83-4289-4c83-9953-5a5cce16c026,YESNO,"Are policies, processes, and procedures for enabling individuals’ data processing preferences and requests established and in place?",Not Answered,Not Answered,Not Answered,,,,,,,,,,,,,,NotAnswered,https://Assessment/Assessment/b183325f-41ae-4436-b7b2-68d0510feece,OTAuto02,b99df4a4-2bf5-4c08-9483-bd636470bc11,b99df4a4-2bf5-4c08-9483-bd636470bc11,America/Sitka
b183325f-41ae-4436-b7b2-68d0510feece,a_3216552,1208,775a86f16bf006a96d8700ea6e637e8d,2fec75e9-5db3-43f2-8626-6d75a206ba71,STATEMENT,Disassociated Processing (CT.DP-P),Not Answered,Not Answered,Not Answered,,,,,,,,,,,,,,NotAnswered,https://Assessment/Assessment/b183325f-41ae-4436-b7b2-68d0510feece,OTAuto02,b99df4a4-2bf5-4c08-9483-bd636470bc11,b99df4a4-2bf5-4c08-9483-bd636470bc11,America/Sitka
b183325f-41ae-4436-b7b2-68d0510feece,a_3216552,1208,a5618303b7355517e58a4c4e9e83211f,a9f06425-9d89-495e-8248-678ddeaca8e6,YESNO,"Are data processed to limit the identification of individuals (e.g., de-identification privacy techniques, tokenization)?",Not Answered,Not Answered,Not Answered,,,,,,,,,,,,,,NotAnswered,https://Assessment/Assessment/b183325f-41ae-4436-b7b2-68d0510feece,OTAuto02,b99df4a4-2bf5-4c08-9483-bd636470bc11,b99df4a4-2bf5-4c08-9483-bd636470bc11,America/Sitka
b183325f-41ae-4436-b7b2-68d0510feece,a_3216552,1208,69e61eb6606f5a1b6bb28cb47a8a8528,be01f639-6e07-4a27-9304-8af1ded7b5ed,YESNO,"Are transparency policies, processes, and procedures for communicating data processing purposes, practices, and associated privacy risks established and in place?",Not Answered,Not Answered,Not Answered,,,,,,,,,,,,,,NotAnswered,https://Assessment/Assessment/b183325f-41ae-4436-b7b2-68d0510feece,OTAuto02,b99df4a4-2bf5-4c08-9483-bd636470bc11,b99df4a4-2bf5-4c08-9483-bd636470bc11,America/Sitka
b183325f-41ae-4436-b7b2-68d0510feece,a_3216552,1208,37d28b50ab0962ae991d09c9772a5186,e5988b8e-728c-44fd-b897-6876ecf7f8a8,YESNO,Are records of data disclosures and sharing maintained and can they be accessed for review or transmission/disclosure?,Not Answered,Not Answered,Not Answered,,,,,,,,,,,,,,NotAnswered,https://Assessment/Assessment/b183325f-41ae-4436-b7b2-68d0510feece,OTAuto02,b99df4a4-2bf5-4c08-9483-bd636470bc11,b99df4a4-2bf5-4c08-9483-bd636470bc11,America/Sitka
b183325f-41ae-4436-b7b2-68d0510feece,a_3216552,1208,456c77945752b3668fe441ec79cfa4b2,21aba20d-7934-4cf0-becd-ec451d0fab50,YESNO,Is a vulnerability management plan developed and implemented?,Not Answered,Not Answered,Not Answered,,,,,,,,,,,,,,NotAnswered,https://Assessment/Assessment/b183325f-41ae-4436-b7b2-68d0510feece,OTAuto02,b99df4a4-2bf5-4c08-9483-bd636470bc11,b99df4a4-2bf5-4c08-9483-bd636470bc11,America/Sitka
b183325f-41ae-4436-b7b2-68d0510feece,a_3216552,1208,9335a20cc7d8179a6867bdd00b911b1f,fdebf252-2894-45b9-a304-a8749277ce39,YESNO,Is physical access to data and devices managed?,Not Answered,Not Answered,Not Answered,,,,,,,,,,,,,,NotAnswered,https://Assessment/Assessment/b183325f-41ae-4436-b7b2-68d0510feece,OTAuto02,b99df4a4-2bf5-4c08-9483-bd636470bc11,b99df4a4-2bf5-4c08-9483-bd636470bc11,America/Sitka
b183325f-41ae-4436-b7b2-68d0510feece,a_3216552,1208,bbe86837a322def5b348a8ac1ee85445,907b816f-31f1-4e14-a4fa-5a93d37befb1,YESNO,Are data-in-transit protected?,Not Answered,Not Answered,Not Answered,,,,,,,,,,,,,,NotAnswered,https://Assessment/Assessment/b183325f-41ae-4436-b7b2-68d0510feece,OTAuto02,b99df4a4-2bf5-4c08-9483-bd636470bc11,b99df4a4-2bf5-4c08-9483-bd636470bc11,America/Sitka
b183325f-41ae-4436-b7b2-68d0510feece,a_3216552,1208,154933c25e15836be5d3290e0e4b7f45,dd6bece6-fbbc-4d06-8b0b-5862a33836dd,YESNO,Is the principle of least functionality incorporated by configuring systems to provide only essential capabilities?,Not Answered,Not Answered,Not Answered,,,,,,,,,,,,,,NotAnswered,https://Assessment/Assessment/b183325f-41ae-4436-b7b2-68d0510feece,OTAuto02,b99df4a4-2bf5-4c08-9483-bd636470bc11,b99df4a4-2bf5-4c08-9483-bd636470bc11,America/Sitka
b183325f-41ae-4436-b7b2-68d0510feece,a_3216552,1208,2a7030de95a7e3bdd308dad68b48a13a,ef4cbc8d-60fc-448a-bee2-6d5b1eb5c3ff,YESNO,"Are mechanisms (e.g., failsafe, load balancing, hot swap) implemented to achieve resilience requirements in normal and adverse situations?",Not Answered,Not Answered,Not Answered,,,,,,,,,,,,,,NotAnswered,https://Assessment/Assessment/b183325f-41ae-4436-b7b2-68d0510feece,OTAuto02,b99df4a4-2bf5-4c08-9483-bd636470bc11,b99df4a4-2bf5-4c08-9483-bd636470bc11,America/Sitka
e3d67b2c-0726-41e4-8aaf-7de07a4bf26c,Launched_Temp2_5883473,1202,54b0737642a30d16a943a32acc9b3dd5,51cedafd-ac8d-48fc-af94-1814f081f02f,INVENTORY,vendor_question,vendor_1122_5883473 | OTAuto02 | null,vendor_1122_5883473 | OTAuto02 | null,vendor_1122_5883473 | OTAuto02 | null,,,,,,,,,,,,,,bdafb8f2-2beb-496f-826b-f5d4630903f4,https://Assessment/Assessment/e3d67b2c-0726-41e4-8aaf-7de07a4bf26c,OTAuto02,b99df4a4-2bf5-4c08-9483-bd636470bc11,b99df4a4-2bf5-4c08-9483-bd636470bc11,America/Sitka
4048c66e-ba89-4b1f-a4cb-e9fb7f4d0241,assessment_copy_5272265,1214,613511ec1a92de29b66f42eee5c20e52,8d6e34d4-9a53-4d5d-8ac9-e6d0a00ca0a2,ENGAGEMENT,engagement_5272265,[v_5272265 | OTAuto02 | Consulting] eng_5272265 | OTAuto02,[v_5272265 | OTAuto02 | Consulting] eng_5272265 | OTAuto02,[v_5272265 | OTAuto02 | Consulting] eng_5272265 | OTAuto02,,,,,,,,,,,,,,,https://Assessment/Assessment/4048c66e-ba89-4b1f-a4cb-e9fb7f4d0241,OTAuto02,b99df4a4-2bf5-4c08-9483-bd636470bc11,b99df4a4-2bf5-4c08-9483-bd636470bc11,America/Sitka
647b829f-853d-4b8c-bf08-ff7698180c8d,LaunchAssmnt_626786,1219,721b0cc4ea94b708d5277d9e9e5a8e5d,42f0806d-6ff0-48c4-a389-c8218337541d,MULTICHOICE,MultichoiceQ2,Not Answered,Not Answered,Not Answered,,,,,,,,,,,,,,NotAnswered,https://Assessment/Assessment/647b829f-853d-4b8c-bf08-ff7698180c8d,OTAuto02,b99df4a4-2bf5-4c08-9483-bd636470bc11,b99df4a4-2bf5-4c08-9483-bd636470bc11,America/Sitka
9f68c926-a9b1-45f3-927d-52d012e2de50,Launched_Temp2_8745198,1204,8173755339253ee51c282c2bbfaa221f,df1d2e13-faea-42df-a9bb-9554959b26fd,INCIDENT,IncidentQuestion2_8745198?,Incident1_8745198,Incident1_8745198,Incident1_8745198,,,,,,,,,,,,,,436b1e4e-2c97-4623-99b3-c4bd9443fd8c,https://Assessment/Assessment/9f68c926-a9b1-45f3-927d-52d012e2de50,OTAuto02,b99df4a4-2bf5-4c08-9483-bd636470bc11,b99df4a4-2bf5-4c08-9483-bd636470bc11,America/Sitka
aa097d38-f2d9-4e26-8137-37bc6d708652,APIBulk_Assessment_3400472,1210,106fa339f99d38e504599435a0d22904,27975581-0f0d-4c57-9c47-3b889520e4da,ATTRIBUTE,Date Discovered,[Incident_3400472]NotSure,[Incident_3400472]NotSure,[Incident_3400472]NotSure,,,,,,,,,,,,,,,https://Assessment/Assessment/aa097d38-f2d9-4e26-8137-37bc6d708652,OTAuto02,b99df4a4-2bf5-4c08-9483-bd636470bc11,b99df4a4-2bf5-4c08-9483-bd636470bc11,America/Sitka
ae3d72c7-9b9f-4e4f-8384-809f15f5896b,assessment_5272265,1211,cae6ee16b946b1a4141e3232e59f5b6f,388f2eaf-1c66-4614-b52d-b9b3c07d11cc,ATTRIBUTE,External Contact,[v_5272265 | OTAuto02 | Consulting] - [eng_5272265 | OTAuto02] ExternalContact_5272265,[v_5272265 | OTAuto02 | Consulting] - [eng_5272265 | OTAuto02] ExternalContact_5272265,[v_5272265 | OTAuto02 | Consulting] - [eng_5272265 | OTAuto02] ExternalContact_5272265,,,,,,,,,,,,,,,https://Assessment/Assessment/ae3d72c7-9b9f-4e4f-8384-809f15f5896b,OTAuto02,b99df4a4-2bf5-4c08-9483-bd636470bc11,b99df4a4-2bf5-4c08-9483-bd636470bc11,America/Sitka
b183325f-41ae-4436-b7b2-68d0510feece,a_3216552,1208,5234dc77f98862acf11746c095e23793,db4ae2b3-7751-46b7-bd66-e2c0dffce153,STATEMENT,IDENTIFY-P (ID-P),Not Answered,Not Answered,Not Answered,,,,,,,,,,,,,,NotAnswered,https://Assessment/Assessment/b183325f-41ae-4436-b7b2-68d0510feece,OTAuto02,b99df4a4-2bf5-4c08-9483-bd636470bc11,b99df4a4-2bf5-4c08-9483-bd636470bc11,America/Sitka
b183325f-41ae-4436-b7b2-68d0510feece,a_3216552,1208,31d7c4ba91096a8cab7b15d02fef678a,599261ce-948e-409e-bc29-92fa4dbca60e,YESNO,"Are owners or operators (e.g., the organization or third parties such as service providers, partners, customers, and developers) and their roles with respect to the systems/products/services and components (e.g., internal or external) that process data inventoried?",Not Answered,Not Answered,Not Answered,,,,,,,,,,,,,,NotAnswered,https://Assessment/Assessment/b183325f-41ae-4436-b7b2-68d0510feece,OTAuto02,b99df4a4-2bf5-4c08-9483-bd636470bc11,b99df4a4-2bf5-4c08-9483-bd636470bc11,America/Sitka
b183325f-41ae-4436-b7b2-68d0510feece,a_3216552,1208,ead4a02267f150ef2ce68d695328d908,6995bfcf-eb69-4229-a6df-a0cf1577502a,YESNO,Are potential problematic data actions and associated problems identified?,Not Answered,Not Answered,Not Answered,,,,,,,,,,,,,,NotAnswered,https://Assessment/Assessment/b183325f-41ae-4436-b7b2-68d0510feece,OTAuto02,b99df4a4-2bf5-4c08-9483-bd636470bc11,b99df4a4-2bf5-4c08-9483-bd636470bc11,America/Sitka
b183325f-41ae-4436-b7b2-68d0510feece,a_3216552,1208,47540693db25a8dd5a17837008723a25,a8f11f8d-74b9-4d4e-a74a-77bbb8d2bf7c,YESNO,Are contracts with data processing ecosystem parties used to implement appropriate measures designed to meet the objectives of an organization’s privacy program?,Not Answered,Not Answered,Not Answered,,,,,,,,,,,,,,NotAnswered,https://Assessment/Assessment/b183325f-41ae-4436-b7b2-68d0510feece,OTAuto02,b99df4a4-2bf5-4c08-9483-bd636470bc11,b99df4a4-2bf5-4c08-9483-bd636470bc11,America/Sitka
b183325f-41ae-4436-b7b2-68d0510feece,a_3216552,1208,d41cdb40d54303c0350a8e7b4f79b4cc,42cd6caa-827e-4ff0-b11a-0a4d271b5f6a,YESNO,Are interoperability frameworks or similar multi-party approaches used to manage data processing ecosystem privacy risks?,Not Answered,Not Answered,Not Answered,,,,,,,,,,,,,,NotAnswered,https://Assessment/Assessment/b183325f-41ae-4436-b7b2-68d0510feece,OTAuto02,b99df4a4-2bf5-4c08-9483-bd636470bc11,b99df4a4-2bf5-4c08-9483-bd636470bc11,America/Sitka
b183325f-41ae-4436-b7b2-68d0510feece,a_3216552,1208,c65b9346cbe079398722fc3f6a798abe,bc407639-478e-4ce1-879c-19f0eaee1f52,YESNO,"Are organizational privacy values and policies (e.g., conditions on data processing such as data uses or retention periods, individuals’ prerogatives with respect to data processing) established and communicated?",Not Answered,Not Answered,Not Answered,,,,,,,,,,,,,,NotAnswered,https://Assessment/Assessment/b183325f-41ae-4436-b7b2-68d0510feece,OTAuto02,b99df4a4-2bf5-4c08-9483-bd636470bc11,b99df4a4-2bf5-4c08-9483-bd636470bc11,America/Sitka
b183325f-41ae-4436-b7b2-68d0510feece,a_3216552,1208,92b598d19c6d310be2debcb8dee103e5,da5ce18a-8e1a-410a-a89f-d26ce6fbb1c5,YESNO,"Are privacy values, policies, and training reviewed and any updates communicated?",Not Answered,Not Answered,Not Answered,,,,,,,,,,,,,,NotAnswered,https://Assessment/Assessment/b183325f-41ae-4436-b7b2-68d0510feece,OTAuto02,b99df4a4-2bf5-4c08-9483-bd636470bc11,b99df4a4-2bf5-4c08-9483-bd636470bc11,America/Sitka
b183325f-41ae-4436-b7b2-68d0510feece,a_3216552,1208,7fd2db31be533b9122dd6df6eece993f,88293fb7-07fd-4727-bf1c-6243a50981ef,YESNO,"Are policies, processes, and procedures for communicating progress on managing privacy risks established and in place?",Not Answered,Not Answered,Not Answered,,,,,,,,,,,,,,NotAnswered,https://Assessment/Assessment/b183325f-41ae-4436-b7b2-68d0510feece,OTAuto02,b99df4a4-2bf5-4c08-9483-bd636470bc11,b99df4a4-2bf5-4c08-9483-bd636470bc11,America/Sitka
b183325f-41ae-4436-b7b2-68d0510feece,a_3216552,1208,f688e19bd7dce042d3be31d3c4e3bf4d,50193ed0-8a8f-4bb7-a971-d610a7f27b3e,STATEMENT,Data Processing Management (CT.DM-P),Not Answered,Not Answered,Not Answered,,,,,,,,,,,,,,NotAnswered,https://Assessment/Assessment/b183325f-41ae-4436-b7b2-68d0510feece,OTAuto02,b99df4a4-2bf5-4c08-9483-bd636470bc11,b99df4a4-2bf5-4c08-9483-bd636470bc11,America/Sitka
b183325f-41ae-4436-b7b2-68d0510feece,a_3216552,1208,248c926ad0983a316cdccc40aa8f5311,2c998431-868f-47cf-9453-ec73861dbc9b,YESNO,Can data elements be accessed for deletion?,Not Answered,Not Answered,Not Answered,,,,,,,,,,,,,,NotAnswered,https://Assessment/Assessment/b183325f-41ae-4436-b7b2-68d0510feece,OTAuto02,b99df4a4-2bf5-4c08-9483-bd636470bc11,b99df4a4-2bf5-4c08-9483-bd636470bc11,America/Sitka
b183325f-41ae-4436-b7b2-68d0510feece,a_3216552,1208,421ba2bde4fe8808b6de4bfc31b999af,e70625bc-1381-4b6b-b5bc-0502a80421ed,YESNO,"Are data processed to limit observability and linkability (e.g., data actions take place on local devices, privacy-preserving cryptography)?",Not Answered,Not Answered,Not Answered,,,,,,,,,,,,,,NotAnswered,https://Assessment/Assessment/b183325f-41ae-4436-b7b2-68d0510feece,OTAuto02,b99df4a4-2bf5-4c08-9483-bd636470bc11,b99df4a4-2bf5-4c08-9483-bd636470bc11,America/Sitka
b183325f-41ae-4436-b7b2-68d0510feece,a_3216552,1208,a0193d7602e0e0be5d8f8ec10bf719ad,f7d8de75-bbf2-4c71-b4e5-0262e1baabaf,YESNO,Are impacted individuals and organizations notified about a privacy breach or event?,Not Answered,Not Answered,Not Answered,,,,,,,,,,,,,,NotAnswered,https://Assessment/Assessment/b183325f-41ae-4436-b7b2-68d0510feece,OTAuto02,b99df4a4-2bf5-4c08-9483-bd636470bc11,b99df4a4-2bf5-4c08-9483-bd636470bc11,America/Sitka
b183325f-41ae-4436-b7b2-68d0510feece,a_3216552,1208,7ba5e92d3ac5158a88e650d35375c8f7,02293e7d-6d36-4739-8b4b-ea795df1d387,STATEMENT,PROTECT-P (PR-P),Not Answered,Not Answered,Not Answered,,,,,,,,,,,,,,NotAnswered,https://Assessment/Assessment/b183325f-41ae-4436-b7b2-68d0510feece,OTAuto02,b99df4a4-2bf5-4c08-9483-bd636470bc11,b99df4a4-2bf5-4c08-9483-bd636470bc11,America/Sitka
b183325f-41ae-4436-b7b2-68d0510feece,a_3216552,1208,77b45dc68da3200c8b1b42ac5b9b9562,c08491c0-6a82-4deb-915d-2402c0e14381,STATEMENT,"Data Protection Policies, Processes, and Procedures (PR.PO-P)",Not Answered,Not Answered,Not Answered,,,,,,,,,,,,,,NotAnswered,https://Assessment/Assessment/b183325f-41ae-4436-b7b2-68d0510feece,OTAuto02,b99df4a4-2bf5-4c08-9483-bd636470bc11,b99df4a4-2bf5-4c08-9483-bd636470bc11,America/Sitka
b183325f-41ae-4436-b7b2-68d0510feece,a_3216552,1208,566d14b7d9a48e513f436269fa896926,70705fd5-1f18-489a-b17e-2d70d2a536bf,YESNO,Are protection processes improved?,Not Answered,Not Answered,Not Answered,,,,,,,,,,,,,,NotAnswered,https://Assessment/Assessment/b183325f-41ae-4436-b7b2-68d0510feece,OTAuto02,b99df4a4-2bf5-4c08-9483-bd636470bc11,b99df4a4-2bf5-4c08-9483-bd636470bc11,America/Sitka
b183325f-41ae-4436-b7b2-68d0510feece,a_3216552,1208,2ba14e1aa685c3f586f32999ce02f2a4,869709d2-edfc-43b7-a949-094d2224c42a,YESNO,"Is network integrity protected (e.g., network segregation, network segmentation)?",Not Answered,Not Answered,Not Answered,,,,,,,,,,,,,,NotAnswered,https://Assessment/Assessment/b183325f-41ae-4436-b7b2-68d0510feece,OTAuto02,b99df4a4-2bf5-4c08-9483-bd636470bc11,b99df4a4-2bf5-4c08-9483-bd636470bc11,America/Sitka
b183325f-41ae-4436-b7b2-68d0510feece,a_3216552,1208,9fd2548b409dafeea0a532f4fb1a2c0c,86f89969-4315-4be0-91dd-e3037ccf93ec,YESNO,Is adequate capacity to ensure availability maintained?,Not Answered,Not Answered,Not Answered,,,,,,,,,,,,,,NotAnswered,https://Assessment/Assessment/b183325f-41ae-4436-b7b2-68d0510feece,OTAuto02,b99df4a4-2bf5-4c08-9483-bd636470bc11,b99df4a4-2bf5-4c08-9483-bd636470bc11,America/Sitka
b183325f-41ae-4436-b7b2-68d0510feece,a_3216552,1208,f87b9851d0ccb164cf91f7f413c24c89,68f4860b-102d-4435-9669-9d83cebe8475,YESNO,Are the development and testing environment(s) separate from the production environment?,Not Answered,Not Answered,Not Answered,,,,,,,,,,,,,,NotAnswered,https://Assessment/Assessment/b183325f-41ae-4436-b7b2-68d0510feece,OTAuto02,b99df4a4-2bf5-4c08-9483-bd636470bc11,b99df4a4-2bf5-4c08-9483-bd636470bc11,America/Sitka
b183325f-41ae-4436-b7b2-68d0510feece,a_3216552,1208,c5e268a3298eb4000ffa489891e8cc04,2ea58acf-0d60-462a-84ef-cc40f80c5379,YESNO,"Are maintenance and repair of organizational assets performed and logged, with approved and controlled tools?",Not Answered,Not Answered,Not Answered,,,,,,,,,,,,,,NotAnswered,https://Assessment/Assessment/b183325f-41ae-4436-b7b2-68d0510feece,OTAuto02,b99df4a4-2bf5-4c08-9483-bd636470bc11,b99df4a4-2bf5-4c08-9483-bd636470bc11,America/Sitka
e3d67b2c-0726-41e4-8aaf-7de07a4bf26c,Launched_Temp2_5883473,1202,9896e83d40c0a27bba5de97e05955300,9704079a-9d1f-4d6b-86b3-ee2b90e0c98f,INVENTORY,asset_question,asset_1122_5883473 | OTAuto02 | Unknown,asset_1122_5883473 | OTAuto02 | Unknown,asset_1122_5883473 | OTAuto02 | Unknown,,,,,,,,,,,,,,8ada1546-d4dc-4e0b-bbec-eddd85b60932,https://Assessment/Assessment/e3d67b2c-0726-41e4-8aaf-7de07a4bf26c,OTAuto02,b99df4a4-2bf5-4c08-9483-bd636470bc11,b99df4a4-2bf5-4c08-9483-bd636470bc11,America/Sitka
e3d67b2c-0726-41e4-8aaf-7de07a4bf26c,Launched_Temp2_5883473,1202,bf124e481d76295306134b95ca05af43,f4dd75b0-72ae-4864-8651-49a7f678f457,INCIDENT,IncidentQuestion2_5883473?,Incident1_5883473,Incident1_5883473,Incident1_5883473,,,,,,,,,,,,,,fba7b076-ada8-4de7-b249-f12a3be6fd5c,https://Assessment/Assessment/e3d67b2c-0726-41e4-8aaf-7de07a4bf26c,OTAuto02,b99df4a4-2bf5-4c08-9483-bd636470bc11,b99df4a4-2bf5-4c08-9483-bd636470bc11,America/Sitka
214d8706-a4fc-49fb-b475-3e7fb38a181f,pa_1_3126088,1207,64f400d6d9711f14f0b3ced10ffea7e3,01cc8886-0977-4e5c-a5f2-347df049724d,ATTRIBUTE,pa_3126088,[pa_1_3126088 | OTAuto02]value_2_3126088,[pa_1_3126088 | OTAuto02]value_2_3126088,[pa_1_3126088 | OTAuto02]value_2_3126088,,,,,,,,,,,,,,,https://Assessment/Assessment/214d8706-a4fc-49fb-b475-3e7fb38a181f,OTAuto02,b99df4a4-2bf5-4c08-9483-bd636470bc11,b99df4a4-2bf5-4c08-9483-bd636470bc11,America/Sitka
4048c66e-ba89-4b1f-a4cb-e9fb7f4d0241,assessment_copy_5272265,1214,c2e020223fc6bba032d35581bc063d88,e7e85370-7dd0-4575-8e9c-35086bc90b03,INVENTORY,inventory_5272265,v_5272265 | OTAuto02 | Consulting,v_5272265 | OTAuto02 | Consulting,v_5272265 | OTAuto02 | Consulting,,,,,,,,,,,,,,86a9ea8d-5918-41db-99f3-4c271887ad67,https://Assessment/Assessment/4048c66e-ba89-4b1f-a4cb-e9fb7f4d0241,OTAuto02,b99df4a4-2bf5-4c08-9483-bd636470bc11,b99df4a4-2bf5-4c08-9483-bd636470bc11,America/Sitka
790b2d79-d687-4b25-af93-b26a2dd693f9,Assessment-244_6580194,1220,62137d8b1b03ab8060fdfb24f4b3b205,f7114a1e-e06a-4ece-9564-165be7fc28af,INCIDENT,Incident-question_6580194,26 - 2026-03-19,26 - 2026-03-19,26 - 2026-03-19,,,,,,,,,,,,,,42aad984-c5d8-4023-9fdf-f434f7f122c3,https://Assessment/Assessment/790b2d79-d687-4b25-af93-b26a2dd693f9,OTAuto02,b99df4a4-2bf5-4c08-9483-bd636470bc11,b99df4a4-2bf5-4c08-9483-bd636470bc11,America/Sitka
9f68c926-a9b1-45f3-927d-52d012e2de50,Launched_Temp2_8745198,1204,124537bb36e90f83bfb3d369b3a4cbc8,561d96e0-ad9d-4175-9957-b5ce03cabc06,INVENTORY,vendor_question,vendor_2043_8745198 | OTAuto02 | null,vendor_2043_8745198 | OTAuto02 | null,vendor_2043_8745198 | OTAuto02 | null,,,,,,,,,,,,,,446e8ffb-20ab-4f80-a490-f4fb819eaea7,https://Assessment/Assessment/9f68c926-a9b1-45f3-927d-52d012e2de50,OTAuto02,b99df4a4-2bf5-4c08-9483-bd636470bc11,b99df4a4-2bf5-4c08-9483-bd636470bc11,America/Sitka
ae3d72c7-9b9f-4e4f-8384-809f15f5896b,assessment_5272265,1211,bc8e29de00f301442ea8abf705a691bb,2ffb24e8-3a4b-43a4-b265-e14c1f7e5bc2,ATTRIBUTE,Notes,[v_5272265 | OTAuto02 | Consulting] - [c_5272265] ContractNotes_5272265,[v_5272265 | OTAuto02 | Consulting] - [c_5272265] ContractNotes_5272265,[v_5272265 | OTAuto02 | Consulting] - [c_5272265] ContractNotes_5272265,,,,,,,,,,,,,,,https://Assessment/Assessment/ae3d72c7-9b9f-4e4f-8384-809f15f5896b,OTAuto02,b99df4a4-2bf5-4c08-9483-bd636470bc11,b99df4a4-2bf5-4c08-9483-bd636470bc11,America/Sitka
b183325f-41ae-4436-b7b2-68d0510feece,a_3216552,1208,fc739227814be869996192495cca17bf,d693965a-40ce-49f7-8a50-87942968f530,YESNO,"Is the data processing environment identified (e.g., geographic location, internal, cloud, third parties)?",Not Answered,Not Answered,Not Answered,,,,,,,,,,,,,,NotAnswered,https://Assessment/Assessment/b183325f-41ae-4436-b7b2-68d0510feece,OTAuto02,b99df4a4-2bf5-4c08-9483-bd636470bc11,b99df4a4-2bf5-4c08-9483-bd636470bc11,America/Sitka
b183325f-41ae-4436-b7b2-68d0510feece,a_3216552,1208,3788181951837a737abc9e51d06335d9,f438dc89-46a4-4adc-b9f5-b6b2caf9fda8,YESNO,"Are risk management processes established, managed, and agreed to by organizational stakeholders?",Not Answered,Not Answered,Not Answered,,,,,,,,,,,,,,NotAnswered,https://Assessment/Assessment/b183325f-41ae-4436-b7b2-68d0510feece,OTAuto02,b99df4a4-2bf5-4c08-9483-bd636470bc11,b99df4a4-2bf5-4c08-9483-bd636470bc11,America/Sitka
b183325f-41ae-4436-b7b2-68d0510feece,a_3216552,1208,db62694135c1cee2a583574177682fff,2c87e7f6-2926-4ac6-8139-bd121e9deee8,YESNO,Is the organization’s determination of risk tolerance informed by its role(s) in the data processing ecosystem?,Not Answered,Not Answered,Not Answered,,,,,,,,,,,,,,NotAnswered,https://Assessment/Assessment/b183325f-41ae-4436-b7b2-68d0510feece,OTAuto02,b99df4a4-2bf5-4c08-9483-bd636470bc11,b99df4a4-2bf5-4c08-9483-bd636470bc11,America/Sitka
b183325f-41ae-4436-b7b2-68d0510feece,a_3216552,1208,951113965cbdb5129a53c3e9a31a4f75,7d45689d-ba64-4a32-a035-26aa2aa536a7,YESNO,Do senior executives understand their roles and responsibilities?,Not Answered,Not Answered,Not Answered,,,,,,,,,,,,,,NotAnswered,https://Assessment/Assessment/b183325f-41ae-4436-b7b2-68d0510feece,OTAuto02,b99df4a4-2bf5-4c08-9483-bd636470bc11,b99df4a4-2bf5-4c08-9483-bd636470bc11,America/Sitka
b183325f-41ae-4436-b7b2-68d0510feece,a_3216552,1208,b023a745f3953b6919919962704903ae,344c6e7b-09ce-4164-b494-da88ed71e085,YESNO,"Do third parties (e.g., service providers, customers, partners) understand their roles and responsibilities?",Not Answered,Not Answered,Not Answered,,,,,,,,,,,,,,NotAnswered,https://Assessment/Assessment/b183325f-41ae-4436-b7b2-68d0510feece,OTAuto02,b99df4a4-2bf5-4c08-9483-bd636470bc11,b99df4a4-2bf5-4c08-9483-bd636470bc11,America/Sitka
b183325f-41ae-4436-b7b2-68d0510feece,a_3216552,1208,b857f8625cde9fa359dd693963c9358a,5a844529-8cbd-4317-a712-88e274b40583,YESNO,"Are policies, processes, and procedures for assessing compliance with legal requirements and privacy policies established and in place?",Not Answered,Not Answered,Not Answered,,,,,,,,,,,,,,NotAnswered,https://Assessment/Assessment/b183325f-41ae-4436-b7b2-68d0510feece,OTAuto02,b99df4a4-2bf5-4c08-9483-bd636470bc11,b99df4a4-2bf5-4c08-9483-bd636470bc11,America/Sitka
b183325f-41ae-4436-b7b2-68d0510feece,a_3216552,1208,aa037d9b30efd17751dfe632d1d74a73,5e443433-db19-4651-9a19-714665f24007,STATEMENT,CONTROL-P (CT-P),Not Answered,Not Answered,Not Answered,,,,,,,,,,,,,,NotAnswered,https://Assessment/Assessment/b183325f-41ae-4436-b7b2-68d0510feece,OTAuto02,b99df4a4-2bf5-4c08-9483-bd636470bc11,b99df4a4-2bf5-4c08-9483-bd636470bc11,America/Sitka
b183325f-41ae-4436-b7b2-68d0510feece,a_3216552,1208,d8505d58b0f87186cb9210f92a0da032,b165b5c3-cb86-4fe4-a5b3-5e9f44bed44f,STATEMENT,COMMUNICATE-P (CM-P),Not Answered,Not Answered,Not Answered,,,,,,,,,,,,,,NotAnswered,https://Assessment/Assessment/b183325f-41ae-4436-b7b2-68d0510feece,OTAuto02,b99df4a4-2bf5-4c08-9483-bd636470bc11,b99df4a4-2bf5-4c08-9483-bd636470bc11,America/Sitka
b183325f-41ae-4436-b7b2-68d0510feece,a_3216552,1208,41b97f97ce1a80501649a954a33b0752,0e92bf49-62f8-4329-92b5-59143a42bfbc,YESNO,Are data provenance and lineage maintained and can they be accessed for review or transmission/disclosure?,Not Answered,Not Answered,Not Answered,,,,,,,,,,,,,,NotAnswered,https://Assessment/Assessment/b183325f-41ae-4436-b7b2-68d0510feece,OTAuto02,b99df4a4-2bf5-4c08-9483-bd636470bc11,b99df4a4-2bf5-4c08-9483-bd636470bc11,America/Sitka
b183325f-41ae-4436-b7b2-68d0510feece,a_3216552,1208,90dc51931eb0d017de670fb358d06be5,23521119-85cc-4bbc-ae22-2c23aefe5d46,YESNO,Are configuration change control processes established and in place?,Not Answered,Not Answered,Not Answered,,,,,,,,,,,,,,NotAnswered,https://Assessment/Assessment/b183325f-41ae-4436-b7b2-68d0510feece,OTAuto02,b99df4a4-2bf5-4c08-9483-bd636470bc11,b99df4a4-2bf5-4c08-9483-bd636470bc11,America/Sitka
b183325f-41ae-4436-b7b2-68d0510feece,a_3216552,1208,a7c8ac23f3f58e342f53eb75e5f75bac,8a993cf5-04a3-4b6b-b9c2-345cfaee5ace,STATEMENT,"Identity Management, Authentication, and Access Control (PR.AC-P)",Not Answered,Not Answered,Not Answered,,,,,,,,,,,,,,NotAnswered,https://Assessment/Assessment/b183325f-41ae-4436-b7b2-68d0510feece,OTAuto02,b99df4a4-2bf5-4c08-9483-bd636470bc11,b99df4a4-2bf5-4c08-9483-bd636470bc11,America/Sitka
b183325f-41ae-4436-b7b2-68d0510feece,a_3216552,1208,30e4cead940487b815faa8e3cb10b794,8dbab537-f1a3-4a8d-843e-8569951705fc,YESNO,"Are integrity checking mechanisms used to verify software, firmware, and information integrity?",Not Answered,Not Answered,Not Answered,,,,,,,,,,,,,,NotAnswered,https://Assessment/Assessment/b183325f-41ae-4436-b7b2-68d0510feece,OTAuto02,b99df4a4-2bf5-4c08-9483-bd636470bc11,b99df4a4-2bf5-4c08-9483-bd636470bc11,America/Sitka
b183325f-41ae-4436-b7b2-68d0510feece,a_3216552,1208,9f443700c12adbbf1b82bac94cf0f42e,eb42ffac-fd47-4a5f-bfe0-5dc21c68a542,YESNO,"Is remote maintenance of organizational assets approved, logged, and performed in a manner that prevents unauthorized access?",Not Answered,Not Answered,Not Answered,,,,,,,,,,,,,,NotAnswered,https://Assessment/Assessment/b183325f-41ae-4436-b7b2-68d0510feece,OTAuto02,b99df4a4-2bf5-4c08-9483-bd636470bc11,b99df4a4-2bf5-4c08-9483-bd636470bc11,America/Sitka
bf6b3f96-eef3-4465-ac70-f03beffd38b9,Assessment_1597_6852740,1221,714de85cf7250fea545bb0d9fcf5a1a0,a344b602-bbc7-4f35-9610-c168961fbe1e,ATTRIBUTE,Incident Type,[28 - 2026-03-19]Denial of Service Attack,[28 - 2026-03-19]Denial of Service Attack,[28 - 2026-03-19]Denial of Service Attack,,,,,,,,,,,,,,,https://Assessment/Assessment/bf6b3f96-eef3-4465-ac70-f03beffd38b9,OTAuto02,b99df4a4-2bf5-4c08-9483-bd636470bc11,b99df4a4-2bf5-4c08-9483-bd636470bc11,America/Sitka
db529ae7-49d8-4c72-9f49-254d31e3ccd9,Automated_Assessment_5525_4643151,1213,060c78e4a61545fe8b10e3d0a238ce8f,54cf272d-cffc-4194-b190-64cdb2326fc4,INCIDENT,Incident?,New Incident,New Incident,New Incident,,,,,,,,,,,,,,7b79e7c3-e122-4022-9cc4-939704d21541,https://Assessment/Assessment/db529ae7-49d8-4c72-9f49-254d31e3ccd9,OTAuto02,b99df4a4-2bf5-4c08-9483-bd636470bc11,b99df4a4-2bf5-4c08-9483-bd636470bc11,America/Sitka
e27f686b-acdf-4149-9b27-120b9809ab1d,Assessment2_1122_5883473,1206,712efa1405dfc931c4d815317690d41c,e71bd2f4-9d54-4be2-8e03-6eeb6d41cc58,ATTRIBUTE,single_select_5883473,Not Answered,Not Answered,Not Answered,,,,,,,,,,,,,,NotAnswered,https://Assessment/Assessment/e27f686b-acdf-4149-9b27-120b9809ab1d,OTAuto02,b99df4a4-2bf5-4c08-9483-bd636470bc11,b99df4a4-2bf5-4c08-9483-bd636470bc11,America/Sitka
214d8706-a4fc-49fb-b475-3e7fb38a181f,pa_1_3126088,1207,ee2ee50ed832f54b857fc320f85f0062,8e463746-674e-4b89-907c-214e7c120b4b,INVENTORY,Q1,pa_1_3126088 | OTAuto02,pa_1_3126088 | OTAuto02,pa_1_3126088 | OTAuto02,,,,,,,,,,,,,,639ea40a-fcfe-45c5-89d7-692f66ddace3,https://Assessment/Assessment/214d8706-a4fc-49fb-b475-3e7fb38a181f,OTAuto02,b99df4a4-2bf5-4c08-9483-bd636470bc11,b99df4a4-2bf5-4c08-9483-bd636470bc11,America/Sitka
4048c66e-ba89-4b1f-a4cb-e9fb7f4d0241,assessment_copy_5272265,1214,e507dcdc3f0912949b6fdc03e80c1898,2ffb24e8-3a4b-43a4-b265-e14c1f7e5bc2,ATTRIBUTE,Notes,[v_5272265 | OTAuto02 | Consulting] - [c_5272265] ContractNotes_5272265,[v_5272265 | OTAuto02 | Consulting] - [c_5272265] ContractNotes_5272265,[v_5272265 | OTAuto02 | Consulting] - [c_5272265] ContractNotes_5272265,,,,,,,,,,,,,,,https://Assessment/Assessment/4048c66e-ba89-4b1f-a4cb-e9fb7f4d0241,OTAuto02,b99df4a4-2bf5-4c08-9483-bd636470bc11,b99df4a4-2bf5-4c08-9483-bd636470bc11,America/Sitka
4048c66e-ba89-4b1f-a4cb-e9fb7f4d0241,assessment_copy_5272265,1214,4c76318b4568497ce404f9ec02237111,388f2eaf-1c66-4614-b52d-b9b3c07d11cc,ATTRIBUTE,External Contact,[v_5272265 | OTAuto02 | Consulting] - [eng_5272265 | OTAuto02] ExternalContact_5272265,[v_5272265 | OTAuto02 | Consulting] - [eng_5272265 | OTAuto02] ExternalContact_5272265,[v_5272265 | OTAuto02 | Consulting] - [eng_5272265 | OTAuto02] ExternalContact_5272265,,,,,,,,,,,,,,,https://Assessment/Assessment/4048c66e-ba89-4b1f-a4cb-e9fb7f4d0241,OTAuto02,b99df4a4-2bf5-4c08-9483-bd636470bc11,b99df4a4-2bf5-4c08-9483-bd636470bc11,America/Sitka
647b829f-853d-4b8c-bf08-ff7698180c8d,LaunchAssmnt_626786,1219,3a44760dee456d47c43d22e5ade676c2,f7710902-d8f7-475c-a1e3-e48380706217,MULTICHOICE,MultichoiceQ1,op1,op1,op1,,,,,,,,,,,,,,op1,https://Assessment/Assessment/647b829f-853d-4b8c-bf08-ff7698180c8d,OTAuto02,b99df4a4-2bf5-4c08-9483-bd636470bc11,b99df4a4-2bf5-4c08-9483-bd636470bc11,America/Sitka
777c8884-885e-4a9b-8b5f-2e0ea9fe2533,a_5806616,1216,ce87fae1a230539a5cd093503d9a1273,c544e4f4-c64c-46f1-beec-8692f8a12171,CONTRACT,contract_5806616,[v_5806616 | OTAuto02 | Consulting] 1c_5806616,[v_5806616 | OTAuto02 | Consulting] 1c_5806616,[v_5806616 | OTAuto02 | Consulting] 1c_5806616,,,,,,,,,,,,,,,https://Assessment/Assessment/777c8884-885e-4a9b-8b5f-2e0ea9fe2533,OTAuto02,b99df4a4-2bf5-4c08-9483-bd636470bc11,b99df4a4-2bf5-4c08-9483-bd636470bc11,America/Sitka
787454c8-8b4a-491f-a164-10c3b455026d,Launched_Temp2_5883473 - Temp1_1122_5883473,1203,5ba16d9d3b9a1ce60fbaa71e8c14189d,943c2a45-a01e-421f-b211-3aba20008d44,INCIDENT,IncidentQuestion1_5883473?,Incident1_5883473,Incident1_5883473,Incident1_5883473,,,,,,,,,,,,,,fba7b076-ada8-4de7-b249-f12a3be6fd5c,https://Assessment/Assessment/787454c8-8b4a-491f-a164-10c3b455026d,OTAuto02,b99df4a4-2bf5-4c08-9483-bd636470bc11,b99df4a4-2bf5-4c08-9483-bd636470bc11,America/Sitka
956ee6de-f874-42de-bfe1-7adec045e713,Incident_893079,1227,87aeb45c42de2a852701f9cf0405d18f,dff9983d-e236-4023-81ad-b9b530e66370,ATTRIBUTE,Deadline,[Incident_893079]2026-03-26T22:14:49.000Z,[Incident_893079]2026-03-26T22:14:49.000Z,[Incident_893079]2026-03-26T22:14:49.000Z,,,,,,,,,,,,,,,https://Assessment/Assessment/956ee6de-f874-42de-bfe1-7adec045e713,OTAuto02,b99df4a4-2bf5-4c08-9483-bd636470bc11,b99df4a4-2bf5-4c08-9483-bd636470bc11,America/Sitka
9f68c926-a9b1-45f3-927d-52d012e2de50,Launched_Temp2_8745198,1204,e4b3414a858bf7db0f46634015045278,6d8da31b-bd58-42f6-ab2b-266e156d3dba,ATTRIBUTE,single_select_8745198,[Incident1_8745198]A,[Incident1_8745198]A,[Incident1_8745198]A,,,,,,,,,,,,,,,https://Assessment/Assessment/9f68c926-a9b1-45f3-927d-52d012e2de50,OTAuto02,b99df4a4-2bf5-4c08-9483-bd636470bc11,b99df4a4-2bf5-4c08-9483-bd636470bc11,America/Sitka
ae3d72c7-9b9f-4e4f-8384-809f15f5896b,assessment_5272265,1211,2dbc46df748eb0cd26467f426e296624,8d6e34d4-9a53-4d5d-8ac9-e6d0a00ca0a2,ENGAGEMENT,engagement_5272265,[v_5272265 | OTAuto02 | Consulting] eng_5272265 | OTAuto02,[v_5272265 | OTAuto02 | Consulting] eng_5272265 | OTAuto02,[v_5272265 | OTAuto02 | Consulting] eng_5272265 | OTAuto02,,,,,,,,,,,,,,,https://Assessment/Assessment/ae3d72c7-9b9f-4e4f-8384-809f15f5896b,OTAuto02,b99df4a4-2bf5-4c08-9483-bd636470bc11,b99df4a4-2bf5-4c08-9483-bd636470bc11,America/Sitka
b183325f-41ae-4436-b7b2-68d0510feece,a_3216552,1208,037882cd9b17a5a2de17d0ff97fac439,d67d983c-70cd-453b-b89d-c0a25ecd8a88,YESNO,Are the purposes for the data actions inventoried?,Not Answered,Not Answered,Not Answered,,,,,,,,,,,,,,NotAnswered,https://Assessment/Assessment/b183325f-41ae-4436-b7b2-68d0510feece,OTAuto02,b99df4a4-2bf5-4c08-9483-bd636470bc11,b99df4a4-2bf5-4c08-9483-bd636470bc11,America/Sitka
b183325f-41ae-4436-b7b2-68d0510feece,a_3216552,1208,5fb5d6e6cf297506218b4ced09b5ce27,545b39ea-2602-4cdf-a329-85e24e08c572,STATEMENT,Risk Assessment (ID.RA-P),Not Answered,Not Answered,Not Answered,,,,,,,,,,,,,,NotAnswered,https://Assessment/Assessment/b183325f-41ae-4436-b7b2-68d0510feece,OTAuto02,b99df4a4-2bf5-4c08-9483-bd636470bc11,b99df4a4-2bf5-4c08-9483-bd636470bc11,America/Sitka
b183325f-41ae-4436-b7b2-68d0510feece,a_3216552,1208,aacd3bbcc73118119fec72f444a2280e,4ecc8e63-d7cf-48cf-a874-e3493c49597b,YESNO,"Are contextual factors related to the systems/products/services and the data actions identified (e.g., individuals’ demographics and privacy interests or perceptions, data sensitivity and/or types, visibility of data processing to individuals and third parties)?",Not Answered,Not Answered,Not Answered,,,,,,,,,,,,,,NotAnswered,https://Assessment/Assessment/b183325f-41ae-4436-b7b2-68d0510feece,OTAuto02,b99df4a4-2bf5-4c08-9483-bd636470bc11,b99df4a4-2bf5-4c08-9483-bd636470bc11,America/Sitka
b183325f-41ae-4436-b7b2-68d0510feece,a_3216552,1208,89833d7d6a82d56fd3601c03c6f039c8,7d8797a2-82f1-44ba-9b04-ddd0499da1c1,YESNO,Are data analytic inputs and outputs identified and evaluated for bias?,Not Answered,Not Answered,Not Answered,,,,,,,,,,,,,,NotAnswered,https://Assessment/Assessment/b183325f-41ae-4436-b7b2-68d0510feece,OTAuto02,b99df4a4-2bf5-4c08-9483-bd636470bc11,b99df4a4-2bf5-4c08-9483-bd636470bc11,America/Sitka
b183325f-41ae-4436-b7b2-68d0510feece,a_3216552,1208,ef525b1afa6f9162d66009be45e96311,2c4f0906-1f25-421f-aef1-1afc459f9e32,YESNO,"Are problematic data actions, likelihoods, and impacts used to determine and prioritize risk?",Not Answered,Not Answered,Not Answered,,,,,,,,,,,,,,NotAnswered,https://Assessment/Assessment/b183325f-41ae-4436-b7b2-68d0510feece,OTAuto02,b99df4a4-2bf5-4c08-9483-bd636470bc11,b99df4a4-2bf5-4c08-9483-bd636470bc11,America/Sitka
b183325f-41ae-4436-b7b2-68d0510feece,a_3216552,1208,95e0953dd4f9beaa2214a1925ed1b883,a1504b4d-f348-4807-ba51-ffa6f97ca7a7,YESNO,"Are risk responses identified, prioritized, and implemented?",Not Answered,Not Answered,Not Answered,,,,,,,,,,,,,,NotAnswered,https://Assessment/Assessment/b183325f-41ae-4436-b7b2-68d0510feece,OTAuto02,b99df4a4-2bf5-4c08-9483-bd636470bc11,b99df4a4-2bf5-4c08-9483-bd636470bc11,America/Sitka
b183325f-41ae-4436-b7b2-68d0510feece,a_3216552,1208,659822829d59e536670d7fb755a13b05,b2392495-d1cf-4523-bb8b-7ad9ff35938c,YESNO,"Are privacy roles and responsibilities coordinated and aligned with third-party stakeholders (e.g., service providers, customers, partners)?",Not Answered,Not Answered,Not Answered,,,,,,,,,,,,,,NotAnswered,https://Assessment/Assessment/b183325f-41ae-4436-b7b2-68d0510feece,OTAuto02,b99df4a4-2bf5-4c08-9483-bd636470bc11,b99df4a4-2bf5-4c08-9483-bd636470bc11,America/Sitka
b183325f-41ae-4436-b7b2-68d0510feece,a_3216552,1208,f1eab0707ff7fa237164c3bb07309c26,aa84705e-dc37-4820-9ee5-ba98b2b1f316,STATEMENT,Risk Management Strategy (GV.RM-P),Not Answered,Not Answered,Not Answered,,,,,,,,,,,,,,NotAnswered,https://Assessment/Assessment/b183325f-41ae-4436-b7b2-68d0510feece,OTAuto02,b99df4a4-2bf5-4c08-9483-bd636470bc11,b99df4a4-2bf5-4c08-9483-bd636470bc11,America/Sitka
b183325f-41ae-4436-b7b2-68d0510feece,a_3216552,1208,86967ad29c26bbfa904ca349464a3205,9279bf98-688a-4f52-a36e-b8e548e0e2ea,STATEMENT,Awareness and Training (GV.AT-P),Not Answered,Not Answered,Not Answered,,,,,,,,,,,,,,NotAnswered,https://Assessment/Assessment/b183325f-41ae-4436-b7b2-68d0510feece,OTAuto02,b99df4a4-2bf5-4c08-9483-bd636470bc11,b99df4a4-2bf5-4c08-9483-bd636470bc11,America/Sitka
b183325f-41ae-4436-b7b2-68d0510feece,a_3216552,1208,2117efe8a9964f3dad04b0afbf55ce2b,c323a588-f93f-41f2-b239-d796f8960269,YESNO,Is the workforce informed and trained on its roles and responsibilities?,Not Answered,Not Answered,Not Answered,,,,,,,,,,,,,,NotAnswered,https://Assessment/Assessment/b183325f-41ae-4436-b7b2-68d0510feece,OTAuto02,b99df4a4-2bf5-4c08-9483-bd636470bc11,b99df4a4-2bf5-4c08-9483-bd636470bc11,America/Sitka
b183325f-41ae-4436-b7b2-68d0510feece,a_3216552,1208,245ad4e2a3a8d699b3a2dbaad473750b,fb1a9eb1-200c-44d7-b0c9-b802e454701f,YESNO,"Is privacy risk re-evaluated on an ongoing basis and as key factors, including the organization’s business environment (e.g., introduction of new technologies), governance (e.g., legal obligations, risk tolerance), data processing, and systems/products/services change?",Not Answered,Not Answered,Not Answered,,,,,,,,,,,,,,NotAnswered,https://Assessment/Assessment/b183325f-41ae-4436-b7b2-68d0510feece,OTAuto02,b99df4a4-2bf5-4c08-9483-bd636470bc11,b99df4a4-2bf5-4c08-9483-bd636470bc11,America/Sitka
b183325f-41ae-4436-b7b2-68d0510feece,a_3216552,1208,7d2c50452a26577a9830d120d78771de,ed0f6a62-73a8-4d03-b35b-8eb65becfaee,YESNO,"Are policies, processes, and procedures for authorizing data processing (e.g., organizational decisions, individual consent), revoking authorizations, and maintaining authorizations established and in place?",Not Answered,Not Answered,Not Answered,,,,,,,,,,,,,,NotAnswered,https://Assessment/Assessment/b183325f-41ae-4436-b7b2-68d0510feece,OTAuto02,b99df4a4-2bf5-4c08-9483-bd636470bc11,b99df4a4-2bf5-4c08-9483-bd636470bc11,America/Sitka
b183325f-41ae-4436-b7b2-68d0510feece,a_3216552,1208,bacc9493e79c12f5fd6d08ca2ddf08fd,92b46ebe-9730-4749-bb6b-c8d10ffa5add,YESNO,Are stakeholder privacy preferences included in algorithmic design objectives and are outputs evaluated against these preferences?	,Not Answered,Not Answered,Not Answered,,,,,,,,,,,,,,NotAnswered,https://Assessment/Assessment/b183325f-41ae-4436-b7b2-68d0510feece,OTAuto02,b99df4a4-2bf5-4c08-9483-bd636470bc11,b99df4a4-2bf5-4c08-9483-bd636470bc11,America/Sitka
b183325f-41ae-4436-b7b2-68d0510feece,a_3216552,1208,f5239cbffe631ad6430b5877b4e266b1,20fe4180-d219-4cb6-9e87-91c3cc3bf0d7,YESNO,Do system or device configurations permit selective collection or disclosure of data elements?,Not Answered,Not Answered,Not Answered,,,,,,,,,,,,,,NotAnswered,https://Assessment/Assessment/b183325f-41ae-4436-b7b2-68d0510feece,OTAuto02,b99df4a4-2bf5-4c08-9483-bd636470bc11,b99df4a4-2bf5-4c08-9483-bd636470bc11,America/Sitka
b183325f-41ae-4436-b7b2-68d0510feece,a_3216552,1208,ba92eebb5d398e7d8432f3765220cd6f,9658e6c7-3905-4064-8acc-268ae84bd0e8,YESNO,Are attribute references substituted for attribute values?,Not Answered,Not Answered,Not Answered,,,,,,,,,,,,,,NotAnswered,https://Assessment/Assessment/b183325f-41ae-4436-b7b2-68d0510feece,OTAuto02,b99df4a4-2bf5-4c08-9483-bd636470bc11,b99df4a4-2bf5-4c08-9483-bd636470bc11,America/Sitka
b183325f-41ae-4436-b7b2-68d0510feece,a_3216552,1208,57cb07a4bfc2e1dc7f49a4df933c476d,68e90f4f-6d91-4399-ac5d-c2ec37c6078d,YESNO,"Are individuals provided with mitigation mechanisms (e.g., credit monitoring, consent withdrawal, data alteration or deletion) to address impacts of problematic data actions?",Not Answered,Not Answered,Not Answered,,,,,,,,,,,,,,NotAnswered,https://Assessment/Assessment/b183325f-41ae-4436-b7b2-68d0510feece,OTAuto02,b99df4a4-2bf5-4c08-9483-bd636470bc11,b99df4a4-2bf5-4c08-9483-bd636470bc11,America/Sitka
b183325f-41ae-4436-b7b2-68d0510feece,a_3216552,1208,17f9900e6aed64ae746c4c6f278d554a,569c74d7-bf46-47ed-ae8c-f3d932cd29d4,YESNO,Are data-at-rest protected?,Not Answered,Not Answered,Not Answered,,,,,,,,,,,,,,NotAnswered,https://Assessment/Assessment/b183325f-41ae-4436-b7b2-68d0510feece,OTAuto02,b99df4a4-2bf5-4c08-9483-bd636470bc11,b99df4a4-2bf5-4c08-9483-bd636470bc11,America/Sitka
b183325f-41ae-4436-b7b2-68d0510feece,a_3216552,1208,17b0a27c20e49d8ee04a705d871ef262,66300ed6-9dfe-4f61-b8d4-82bc7f22d156,STATEMENT,Maintenance (PR.MA-P),Not Answered,Not Answered,Not Answered,,,,,,,,,,,,,,NotAnswered,https://Assessment/Assessment/b183325f-41ae-4436-b7b2-68d0510feece,OTAuto02,b99df4a4-2bf5-4c08-9483-bd636470bc11,b99df4a4-2bf5-4c08-9483-bd636470bc11,America/Sitka
db529ae7-49d8-4c72-9f49-254d31e3ccd9,Automated_Assessment_5525_4643151,1213,c51d2367f5956c48eaccfc349165ad12,fb28cc7e-db26-4a8e-a365-93c4214c2568,YESNO,YN?,Not Answered,Not Answered,Not Answered,,,,,,,,,,,,,,NotAnswered,https://Assessment/Assessment/db529ae7-49d8-4c72-9f49-254d31e3ccd9,OTAuto02,b99df4a4-2bf5-4c08-9483-bd636470bc11,b99df4a4-2bf5-4c08-9483-bd636470bc11,America/Sitka
e27f686b-acdf-4149-9b27-120b9809ab1d,Assessment2_1122_5883473,1206,412b1bf57c48eb0c4e155bc2c64b9f13,51cedafd-ac8d-48fc-af94-1814f081f02f,INVENTORY,vendor_question,Not Answered,Not Answered,Not Answered,,,,,,,,,,,,,,NotAnswered,https://Assessment/Assessment/e27f686b-acdf-4149-9b27-120b9809ab1d,OTAuto02,b99df4a4-2bf5-4c08-9483-bd636470bc11,b99df4a4-2bf5-4c08-9483-bd636470bc11,America/Sitka
f43051be-a303-4cac-b8ee-c8169bcd50df,a_2462421,1217,5c296d775398034ddcda0356ef42c439,e79e1e9b-0d08-4a4c-a7a3-4aecce0ad070,ENGAGEMENT,engagement_2462421,[Vendor_2462421 | OTAuto02 | Consulting] eng_2462421 | OTAuto02,[Vendor_2462421 | OTAuto02 | Consulting] eng_2462421 | OTAuto02,[Vendor_2462421 | OTAuto02 | Consulting] eng_2462421 | OTAuto02,,,,,,,,,,,,,,,https://Assessment/Assessment/f43051be-a303-4cac-b8ee-c8169bcd50df,OTAuto02,b99df4a4-2bf5-4c08-9483-bd636470bc11,b99df4a4-2bf5-4c08-9483-bd636470bc11,America/Sitka
1403cf86-9c0e-4ad3-9d6b-95cf2fe6750a,Assessment_834821,1231,f0b58d116dc6b13bf7c9a91c7cf36716,2c6f4ec7-28a3-4960-9d8d-e0cf01f30861,ENGAGEMENT,engagementQuestion1,Not Answered,Not Answered,Not Answered,,,,,,,,,,,,,,NotAnswered,https://Assessment/Assessment/1403cf86-9c0e-4ad3-9d6b-95cf2fe6750a,OTAuto02,b99df4a4-2bf5-4c08-9483-bd636470bc11,b99df4a4-2bf5-4c08-9483-bd636470bc11,America/Sitka
4048c66e-ba89-4b1f-a4cb-e9fb7f4d0241,assessment_copy_5272265,1214,4ee1f53a0fd2483d57059c01098cc284,e99fd09a-a6ff-4e6c-b00e-bccc1b5ee152,CONTRACT,contract_5272265,[v_5272265 | OTAuto02 | Consulting] c_5272265,[v_5272265 | OTAuto02 | Consulting] c_5272265,[v_5272265 | OTAuto02 | Consulting] c_5272265,,,,,,,,,,,,,,,https://Assessment/Assessment/4048c66e-ba89-4b1f-a4cb-e9fb7f4d0241,OTAuto02,b99df4a4-2bf5-4c08-9483-bd636470bc11,b99df4a4-2bf5-4c08-9483-bd636470bc11,America/Sitka
aa097d38-f2d9-4e26-8137-37bc6d708652,APIBulk_Assessment_3400472,1210,6103f21a311ea1e223678f8ccadde105,cccdf6c2-54dd-4947-bda4-cbf80813588c,ATTRIBUTE,Description,[Incident_3400472]NotSure,[Incident_3400472]NotSure,[Incident_3400472]NotSure,,,,,,,,,,,,,,,https://Assessment/Assessment/aa097d38-f2d9-4e26-8137-37bc6d708652,OTAuto02,b99df4a4-2bf5-4c08-9483-bd636470bc11,b99df4a4-2bf5-4c08-9483-bd636470bc11,America/Sitka
ae3d72c7-9b9f-4e4f-8384-809f15f5896b,assessment_5272265,1211,40295c059eec090f7f8c50ccb9dbf0f6,e7e85370-7dd0-4575-8e9c-35086bc90b03,INVENTORY,inventory_5272265,v_5272265 | OTAuto02 | Consulting,v_5272265 | OTAuto02 | Consulting,v_5272265 | OTAuto02 | Consulting,,,,,,,,,,,,,,86a9ea8d-5918-41db-99f3-4c271887ad67,https://Assessment/Assessment/ae3d72c7-9b9f-4e4f-8384-809f15f5896b,OTAuto02,b99df4a4-2bf5-4c08-9483-bd636470bc11,b99df4a4-2bf5-4c08-9483-bd636470bc11,America/Sitka
b183325f-41ae-4436-b7b2-68d0510feece,a_3216552,1208,e877df16d7dd1023379084462b94d5ad,87708583-a041-42f7-bfa7-926d690ad179,STATEMENT,Inventory and Mapping (ID.IM-P),Not Answered,Not Answered,Not Answered,,,,,,,,,,,,,,NotAnswered,https://Assessment/Assessment/b183325f-41ae-4436-b7b2-68d0510feece,OTAuto02,b99df4a4-2bf5-4c08-9483-bd636470bc11,b99df4a4-2bf5-4c08-9483-bd636470bc11,America/Sitka
b183325f-41ae-4436-b7b2-68d0510feece,a_3216552,1208,af6ca07be0958344ea7bd4d150fc59c8,3e8f51d5-01e6-47f9-b954-e9a1fb61463e,YESNO,"Are categories of individuals (e.g., customers, employees or prospective employees, consumers) whose data are being processed inventoried?",Not Answered,Not Answered,Not Answered,,,,,,,,,,,,,,NotAnswered,https://Assessment/Assessment/b183325f-41ae-4436-b7b2-68d0510feece,OTAuto02,b99df4a4-2bf5-4c08-9483-bd636470bc11,b99df4a4-2bf5-4c08-9483-bd636470bc11,America/Sitka
b183325f-41ae-4436-b7b2-68d0510feece,a_3216552,1208,263afa21386aadd541881c1bdfaf47af,8ca457aa-d1bf-4ec7-9414-5e7328250cd4,YESNO,"Are data processing ecosystem risk management policies, processes, and procedures identified, established, assessed, managed, and agreed to by organizational stakeholders?",Not Answered,Not Answered,Not Answered,,,,,,,,,,,,,,NotAnswered,https://Assessment/Assessment/b183325f-41ae-4436-b7b2-68d0510feece,OTAuto02,b99df4a4-2bf5-4c08-9483-bd636470bc11,b99df4a4-2bf5-4c08-9483-bd636470bc11,America/Sitka
b183325f-41ae-4436-b7b2-68d0510feece,a_3216552,1208,464f3651b55568f5bd01d80b6f04206d,c5378406-a4f5-4161-a095-bcc6105c0010,YESNO,"Are data processing ecosystem parties routinely assessed using audits, test results, or other forms of evaluations to confirm they are meeting their contractual, interoperability framework, or other obligations?",Not Answered,Not Answered,Not Answered,,,,,,,,,,,,,,NotAnswered,https://Assessment/Assessment/b183325f-41ae-4436-b7b2-68d0510feece,OTAuto02,b99df4a4-2bf5-4c08-9483-bd636470bc11,b99df4a4-2bf5-4c08-9483-bd636470bc11,America/Sitka
b183325f-41ae-4436-b7b2-68d0510feece,a_3216552,1208,bf1ad2f5617b9bd9da5c130abb040d08,21a4a3b4-e79c-4845-aeed-c2fc917c3e5f,YESNO,Do privacy personnel understand their roles and responsibilities?,Not Answered,Not Answered,Not Answered,,,,,,,,,,,,,,NotAnswered,https://Assessment/Assessment/b183325f-41ae-4436-b7b2-68d0510feece,OTAuto02,b99df4a4-2bf5-4c08-9483-bd636470bc11,b99df4a4-2bf5-4c08-9483-bd636470bc11,America/Sitka
b183325f-41ae-4436-b7b2-68d0510feece,a_3216552,1208,60c82ed1ac49040f47b291cf3f0ee774,e841b10c-ecc1-4657-b5c0-dba0920d5167,YESNO,Are data destroyed according to policy?,Not Answered,Not Answered,Not Answered,,,,,,,,,,,,,,NotAnswered,https://Assessment/Assessment/b183325f-41ae-4436-b7b2-68d0510feece,OTAuto02,b99df4a4-2bf5-4c08-9483-bd636470bc11,b99df4a4-2bf5-4c08-9483-bd636470bc11,America/Sitka
b183325f-41ae-4436-b7b2-68d0510feece,a_3216552,1208,d2212c525934fa5413f976ef8a99e325,2dba6580-7ef7-4e1e-8cc3-323bde014382,YESNO,Are data transmitted using standardized formats?,Not Answered,Not Answered,Not Answered,,,,,,,,,,,,,,NotAnswered,https://Assessment/Assessment/b183325f-41ae-4436-b7b2-68d0510feece,OTAuto02,b99df4a4-2bf5-4c08-9483-bd636470bc11,b99df4a4-2bf5-4c08-9483-bd636470bc11,America/Sitka
b183325f-41ae-4436-b7b2-68d0510feece,a_3216552,1208,44ca86d9ab997c2d1e81e4c367e1220f,f6d1be57-228e-435a-b7fb-ea384f4a1e26,YESNO,Are mechanisms for transmitting processing permissions and related data values with data elements established and in place?,Not Answered,Not Answered,Not Answered,,,,,,,,,,,,,,NotAnswered,https://Assessment/Assessment/b183325f-41ae-4436-b7b2-68d0510feece,OTAuto02,b99df4a4-2bf5-4c08-9483-bd636470bc11,b99df4a4-2bf5-4c08-9483-bd636470bc11,America/Sitka
b183325f-41ae-4436-b7b2-68d0510feece,a_3216552,1208,d6f46516ead61235e88131f923a14db7,66ddb56a-9a10-49a9-a78a-c8118418a191,YESNO,"Are data processed to limit the formulation of inferences about individuals’ behavior or activities (e.g., data processing is decentralized, distributed architectures)?",Not Answered,Not Answered,Not Answered,,,,,,,,,,,,,,NotAnswered,https://Assessment/Assessment/b183325f-41ae-4436-b7b2-68d0510feece,OTAuto02,b99df4a4-2bf5-4c08-9483-bd636470bc11,b99df4a4-2bf5-4c08-9483-bd636470bc11,America/Sitka
b183325f-41ae-4436-b7b2-68d0510feece,a_3216552,1208,34f6d28b4b6d0fdeb628461e65223cf8,4dfef7da-2b4b-4d56-917b-87bfb8a4d7c2,STATEMENT,"Communication Policies, Processes, and Procedures (CM.PO-P)",Not Answered,Not Answered,Not Answered,,,,,,,,,,,,,,NotAnswered,https://Assessment/Assessment/b183325f-41ae-4436-b7b2-68d0510feece,OTAuto02,b99df4a4-2bf5-4c08-9483-bd636470bc11,b99df4a4-2bf5-4c08-9483-bd636470bc11,America/Sitka
b183325f-41ae-4436-b7b2-68d0510feece,a_3216552,1208,5599af743497f4494018b4df30c29a80,200a4cfa-bca2-41c6-a3f3-6c8e45b89070,YESNO,"Is a baseline configuration of information technology created and maintained incorporating security principles (e.g., concept of least functionality)?",Not Answered,Not Answered,Not Answered,,,,,,,,,,,,,,NotAnswered,https://Assessment/Assessment/b183325f-41ae-4436-b7b2-68d0510feece,OTAuto02,b99df4a4-2bf5-4c08-9483-bd636470bc11,b99df4a4-2bf5-4c08-9483-bd636470bc11,America/Sitka
b183325f-41ae-4436-b7b2-68d0510feece,a_3216552,1208,e6120cfe305b19b60e2caf762f3174c7,d28ffa6b-be13-41d1-a960-c41a56de3b90,YESNO,Is effectiveness of protection technologies shared?,Not Answered,Not Answered,Not Answered,,,,,,,,,,,,,,NotAnswered,https://Assessment/Assessment/b183325f-41ae-4436-b7b2-68d0510feece,OTAuto02,b99df4a4-2bf5-4c08-9483-bd636470bc11,b99df4a4-2bf5-4c08-9483-bd636470bc11,America/Sitka
b183325f-41ae-4436-b7b2-68d0510feece,a_3216552,1208,35a531ab5dae0c5e1e5a099139a78e04,da2b90bd-1b94-4378-97ab-3b4c5942d382,YESNO,"Are individuals and devices proofed and bound to credentials, and authenticated commensurate with the risk of the transaction (e.g., individuals’ security and privacy risks and other organizational risks)?",Not Answered,Not Answered,Not Answered,,,,,,,,,,,,,,NotAnswered,https://Assessment/Assessment/b183325f-41ae-4436-b7b2-68d0510feece,OTAuto02,b99df4a4-2bf5-4c08-9483-bd636470bc11,b99df4a4-2bf5-4c08-9483-bd636470bc11,America/Sitka
b183325f-41ae-4436-b7b2-68d0510feece,a_3216552,1208,5bb1a655921474a8dbea3f86f33ef614,77c7bb96-55cd-45fa-82a9-9a5d01ea6877,STATEMENT,Data Security (PR.DS-P),Not Answered,Not Answered,Not Answered,,,,,,,,,,,,,,NotAnswered,https://Assessment/Assessment/b183325f-41ae-4436-b7b2-68d0510feece,OTAuto02,b99df4a4-2bf5-4c08-9483-bd636470bc11,b99df4a4-2bf5-4c08-9483-bd636470bc11,America/Sitka
1416c866-bf80-4577-9b01-72171901b028,Automated_Assessment_58589_8749140,1226,2a834e6cea17e76298eb13699b679e3d,9386abf9-020c-49a4-99a2-b48781168fae,TEXTBOX,How and where will the data be stored?,Not Answered,Not Answered,Not Answered,,,,,,,,,,,,,,NotAnswered,https://Assessment/Assessment/1416c866-bf80-4577-9b01-72171901b028,OTAuto02,b99df4a4-2bf5-4c08-9483-bd636470bc11,b99df4a4-2bf5-4c08-9483-bd636470bc11,America/Sitka
4e401e02-2db6-49a5-a1cf-4ee2497ee2ae,Engagement_Assessment_529920,1232,0bfeaa468db753e6be7f1fb3c6eede6d,71e1519a-a0b3-4805-99d1-827bbdb17f35,INVENTORY,vendorQ,Not Answered,Not Answered,Not Answered,,,,,,,,,,,,,,NotAnswered,https://Assessment/Assessment/4e401e02-2db6-49a5-a1cf-4ee2497ee2ae,OTAuto02,b99df4a4-2bf5-4c08-9483-bd636470bc11,b99df4a4-2bf5-4c08-9483-bd636470bc11,America/Sitka
787454c8-8b4a-491f-a164-10c3b455026d,Launched_Temp2_5883473 - Temp1_1122_5883473,1203,479cc8aa0478dbb87d099006d9d753db,eeb516e5-b7ec-4130-b2ac-5c6c9e33e7ae,ATTRIBUTE,single_select_5883473,[Incident1_5883473]A,[Incident1_5883473]A,[Incident1_5883473]A,,,,,,,,,,,,,,,https://Assessment/Assessment/787454c8-8b4a-491f-a164-10c3b455026d,OTAuto02,b99df4a4-2bf5-4c08-9483-bd636470bc11,b99df4a4-2bf5-4c08-9483-bd636470bc11,America/Sitka
9f68c926-a9b1-45f3-927d-52d012e2de50,Launched_Temp2_8745198,1204,c1dda90471e5a1d1d47086569933029a,466d0064-a5ba-4362-8014-0f1db4199bb2,INVENTORY,asset_question,asset_2043_8745198 | OTAuto02 | Unknown,asset_2043_8745198 | OTAuto02 | Unknown,asset_2043_8745198 | OTAuto02 | Unknown,,,,,,,,,,,,,,fea25070-47af-496d-8f8a-894ca6bff176,https://Assessment/Assessment/9f68c926-a9b1-45f3-927d-52d012e2de50,OTAuto02,b99df4a4-2bf5-4c08-9483-bd636470bc11,b99df4a4-2bf5-4c08-9483-bd636470bc11,America/Sitka
aa097d38-f2d9-4e26-8137-37bc6d708652,APIBulk_Assessment_3400472,1210,3e5aafadf3338205450d0a9e241afa23,efb8dfaa-d2d3-4d87-b741-d962458050f8,INCIDENT,Incident_3400472,Incident_3400472,Incident_3400472,Incident_3400472,,,,,,,,,,,,,,c17b8aed-c54b-4eb8-9ff4-1e8b7a9d81e4,https://Assessment/Assessment/aa097d38-f2d9-4e26-8137-37bc6d708652,OTAuto02,b99df4a4-2bf5-4c08-9483-bd636470bc11,b99df4a4-2bf5-4c08-9483-bd636470bc11,America/Sitka
aa097d38-f2d9-4e26-8137-37bc6d708652,APIBulk_Assessment_3400472,1210,ecaf8c33b71861386b464c573ee188d3,b9eeffca-41f3-4b4a-988c-0b1112c70791,ATTRIBUTE,Date Occurred,[Incident_3400472]NotSure,[Incident_3400472]NotSure,[Incident_3400472]NotSure,,,,,,,,,,,,,,,https://Assessment/Assessment/aa097d38-f2d9-4e26-8137-37bc6d708652,OTAuto02,b99df4a4-2bf5-4c08-9483-bd636470bc11,b99df4a4-2bf5-4c08-9483-bd636470bc11,America/Sitka
b183325f-41ae-4436-b7b2-68d0510feece,a_3216552,1208,fd0122ca95eaea78e0bc09e7b5148289,eba83f11-2d92-4ec5-9ac5-e3c1dde70b1f,YESNO,"Is data processing mapped, illustrating the data actions and associated data elements for systems/products/services, including components; roles of the component owners/operators; and interactions of individuals or third parties with the systems/products/services?",Not Answered,Not Answered,Not Answered,,,,,,,,,,,,,,NotAnswered,https://Assessment/Assessment/b183325f-41ae-4436-b7b2-68d0510feece,OTAuto02,b99df4a4-2bf5-4c08-9483-bd636470bc11,b99df4a4-2bf5-4c08-9483-bd636470bc11,America/Sitka
b183325f-41ae-4436-b7b2-68d0510feece,a_3216552,1208,5f0f31ad73d0d862f7b73e9865f50b4e,e401274c-68a4-42a0-bcd8-a86ad80af071,STATEMENT,Business Environment (ID.BE-P),Not Answered,Not Answered,Not Answered,,,,,,,,,,,,,,NotAnswered,https://Assessment/Assessment/b183325f-41ae-4436-b7b2-68d0510feece,OTAuto02,b99df4a4-2bf5-4c08-9483-bd636470bc11,b99df4a4-2bf5-4c08-9483-bd636470bc11,America/Sitka
b183325f-41ae-4436-b7b2-68d0510feece,a_3216552,1208,7e49b414dd39359adad81b4bf1b7516e,553f11f6-5c80-4c0e-af24-4db3d66426f9,YESNO,"Are priorities for organizational mission, objectives, and activities established and communicated?",Not Answered,Not Answered,Not Answered,,,,,,,,,,,,,,NotAnswered,https://Assessment/Assessment/b183325f-41ae-4436-b7b2-68d0510feece,OTAuto02,b99df4a4-2bf5-4c08-9483-bd636470bc11,b99df4a4-2bf5-4c08-9483-bd636470bc11,America/Sitka
b183325f-41ae-4436-b7b2-68d0510feece,a_3216552,1208,57b54aabe617a725b74ce09bbb6ef102,07810331-5641-40f4-b85b-ad27ecaa41e0,STATEMENT,Monitoring and Review (GV.MT-P),Not Answered,Not Answered,Not Answered,,,,,,,,,,,,,,NotAnswered,https://Assessment/Assessment/b183325f-41ae-4436-b7b2-68d0510feece,OTAuto02,b99df4a4-2bf5-4c08-9483-bd636470bc11,b99df4a4-2bf5-4c08-9483-bd636470bc11,America/Sitka
b183325f-41ae-4436-b7b2-68d0510feece,a_3216552,1208,10d30918ae7c9c7f2d3f39f6a361d55e,73ec57a3-9ab7-4620-8505-421f4dec91ba,YESNO,"Do policies, processes, and procedures incorporate lessons learned from problematic data actions?",Not Answered,Not Answered,Not Answered,,,,,,,,,,,,,,NotAnswered,https://Assessment/Assessment/b183325f-41ae-4436-b7b2-68d0510feece,OTAuto02,b99df4a4-2bf5-4c08-9483-bd636470bc11,b99df4a4-2bf5-4c08-9483-bd636470bc11,America/Sitka
b183325f-41ae-4436-b7b2-68d0510feece,a_3216552,1208,e852f042f4e2038a2ce7f1ea296500b0,ef8bfb50-cc4b-4835-99d2-c2b11afcd48f,YESNO,"Are policies, processes, and procedures for receiving, tracking, and responding to complaints, concerns, and questions from individuals about organizational privacy practices established and in place?",Not Answered,Not Answered,Not Answered,,,,,,,,,,,,,,NotAnswered,https://Assessment/Assessment/b183325f-41ae-4436-b7b2-68d0510feece,OTAuto02,b99df4a4-2bf5-4c08-9483-bd636470bc11,b99df4a4-2bf5-4c08-9483-bd636470bc11,America/Sitka
b183325f-41ae-4436-b7b2-68d0510feece,a_3216552,1208,0fbb7e209b15d9789c391575dda75365,b8e395fb-9e82-4510-a5e7-ae943b72ddc7,YESNO,"Are roles and responsibilities (e.g., public relations) for communicating data processing purposes, practices, and associated privacy risks established?",Not Answered,Not Answered,Not Answered,,,,,,,,,,,,,,NotAnswered,https://Assessment/Assessment/b183325f-41ae-4436-b7b2-68d0510feece,OTAuto02,b99df4a4-2bf5-4c08-9483-bd636470bc11,b99df4a4-2bf5-4c08-9483-bd636470bc11,America/Sitka
b183325f-41ae-4436-b7b2-68d0510feece,a_3216552,1208,cc87e623482956fb1002da9387d3d864,36edb637-e6dc-454c-8280-e5c38cc02ed5,STATEMENT,Data Processing Awareness (CM.AW-P),Not Answered,Not Answered,Not Answered,,,,,,,,,,,,,,NotAnswered,https://Assessment/Assessment/b183325f-41ae-4436-b7b2-68d0510feece,OTAuto02,b99df4a4-2bf5-4c08-9483-bd636470bc11,b99df4a4-2bf5-4c08-9483-bd636470bc11,America/Sitka
b183325f-41ae-4436-b7b2-68d0510feece,a_3216552,1208,19f4359d234b6c8478f21f8e44901841,87747bbf-d30b-4cb3-a977-8ab4ccdc200f,YESNO,"Are mechanisms for obtaining feedback from individuals (e.g., surveys or focus groups) about data processing and associated privacy risks established and in place?",Not Answered,Not Answered,Not Answered,,,,,,,,,,,,,,NotAnswered,https://Assessment/Assessment/b183325f-41ae-4436-b7b2-68d0510feece,OTAuto02,b99df4a4-2bf5-4c08-9483-bd636470bc11,b99df4a4-2bf5-4c08-9483-bd636470bc11,America/Sitka
b183325f-41ae-4436-b7b2-68d0510feece,a_3216552,1208,6b44fae8223de53ad2144671ca597e24,49ed30d3-500c-4ad6-b264-ecd0635d4359,YESNO,"Can data corrections or deletions be communicated to individuals or organizations (e.g., data sources) in the data processing ecosystem?",Not Answered,Not Answered,Not Answered,,,,,,,,,,,,,,NotAnswered,https://Assessment/Assessment/b183325f-41ae-4436-b7b2-68d0510feece,OTAuto02,b99df4a4-2bf5-4c08-9483-bd636470bc11,b99df4a4-2bf5-4c08-9483-bd636470bc11,America/Sitka
b183325f-41ae-4436-b7b2-68d0510feece,a_3216552,1208,c2c866b897fcfca55e22a999dc238f0b,29d084c1-cfc2-4a01-8975-302940dc1b96,YESNO,"Are backups of information conducted, maintained, and tested?",Not Answered,Not Answered,Not Answered,,,,,,,,,,,,,,NotAnswered,https://Assessment/Assessment/b183325f-41ae-4436-b7b2-68d0510feece,OTAuto02,b99df4a4-2bf5-4c08-9483-bd636470bc11,b99df4a4-2bf5-4c08-9483-bd636470bc11,America/Sitka
b183325f-41ae-4436-b7b2-68d0510feece,a_3216552,1208,2f3c46852084a228d4e4d1e2f15b9cbc,21852959-6fd5-4367-80bc-37e88aba7d49,YESNO,Is remote access managed?,Not Answered,Not Answered,Not Answered,,,,,,,,,,,,,,NotAnswered,https://Assessment/Assessment/b183325f-41ae-4436-b7b2-68d0510feece,OTAuto02,b99df4a4-2bf5-4c08-9483-bd636470bc11,b99df4a4-2bf5-4c08-9483-bd636470bc11,America/Sitka
b183325f-41ae-4436-b7b2-68d0510feece,a_3216552,1208,61c15982b72046c00cdc38fda49a7403,437cac4b-6332-43ce-9725-15b2e571d440,YESNO,"Are systems/products/services and associated data formally managed throughout removal, transfers, and disposition?",Not Answered,Not Answered,Not Answered,,,,,,,,,,,,,,NotAnswered,https://Assessment/Assessment/b183325f-41ae-4436-b7b2-68d0510feece,OTAuto02,b99df4a4-2bf5-4c08-9483-bd636470bc11,b99df4a4-2bf5-4c08-9483-bd636470bc11,America/Sitka
b183325f-41ae-4436-b7b2-68d0510feece,a_3216552,1208,72b29c4bee932d0f2c7e3b255e005ea9,199527e0-f62a-4914-9a54-719eea76b052,YESNO,Are communications and control networks protected?,Not Answered,Not Answered,Not Answered,,,,,,,,,,,,,,NotAnswered,https://Assessment/Assessment/b183325f-41ae-4436-b7b2-68d0510feece,OTAuto02,b99df4a4-2bf5-4c08-9483-bd636470bc11,b99df4a4-2bf5-4c08-9483-bd636470bc11,America/Sitka
bf6b3f96-eef3-4465-ac70-f03beffd38b9,Assessment_1597_6852740,1221,5781fc5aeef79666f56a569c759f53f2,3a67b513-f89e-4805-928c-d6bd01cb8191,INCIDENT,Incident_6852740,28 - 2026-03-19,28 - 2026-03-19,28 - 2026-03-19,,,,,,,,,,,,,,45c2ba73-b87e-49e7-a8bc-504626d078fb,https://Assessment/Assessment/bf6b3f96-eef3-4465-ac70-f03beffd38b9,OTAuto02,b99df4a4-2bf5-4c08-9483-bd636470bc11,b99df4a4-2bf5-4c08-9483-bd636470bc11,America/Sitka
e27f686b-acdf-4149-9b27-120b9809ab1d,Assessment2_1122_5883473,1206,8ffbb4df279711081420eb11d1d7517d,f4dd75b0-72ae-4864-8651-49a7f678f457,INCIDENT,IncidentQuestion2_5883473?,New Incident,New Incident,New Incident,,,,,,,,,,,,,,6c122c06-1012-4cfc-889d-120a9061c890,https://Assessment/Assessment/e27f686b-acdf-4149-9b27-120b9809ab1d,OTAuto02,b99df4a4-2bf5-4c08-9483-bd636470bc11,b99df4a4-2bf5-4c08-9483-bd636470bc11,America/Sitka
e3d67b2c-0726-41e4-8aaf-7de07a4bf26c,Launched_Temp2_5883473,1202,cf6f0f2f108910be4efadefc78038a9e,e71bd2f4-9d54-4be2-8e03-6eeb6d41cc58,ATTRIBUTE,single_select_5883473,[Incident1_5883473]A,[Incident1_5883473]A,[Incident1_5883473]A,,,,,,,,,,,,,,,https://Assessment/Assessment/e3d67b2c-0726-41e4-8aaf-7de07a4bf26c,OTAuto02,b99df4a4-2bf5-4c08-9483-bd636470bc11,b99df4a4-2bf5-4c08-9483-bd636470bc11,America/Sitka
1403cf86-9c0e-4ad3-9d6b-95cf2fe6750a,Assessment_834821,1231,88760e522d1a902625714cfcb540e156,2c973094-e000-462a-9411-91990500b244,INVENTORY,vendorQ1,v_834821 | OTAuto02 | Consulting,v_834821 | OTAuto02 | Consulting,v_834821 | OTAuto02 | Consulting,,,,,,,,,,,,,,11be8b56-e2ca-4639-a43b-48d802efe0c3,https://Assessment/Assessment/1403cf86-9c0e-4ad3-9d6b-95cf2fe6750a,OTAuto02,b99df4a4-2bf5-4c08-9483-bd636470bc11,b99df4a4-2bf5-4c08-9483-bd636470bc11,America/Sitka
24a864f5-2e1d-4ba6-80fb-7e6e874a1639,assesment_23_3126088,1205,c3bb2e207949d6c3693f90a5317b8929,01cc8886-0977-4e5c-a5f2-347df049724d,ATTRIBUTE,pa_3126088,[pa_1_3126088 | OTAuto02 ]value_2_3126088,[pa_1_3126088 | OTAuto02 ]value_2_3126088,[pa_1_3126088 | OTAuto02 ]value_2_3126088,,,,,,,,,,,,,,,https://Assessment/Assessment/24a864f5-2e1d-4ba6-80fb-7e6e874a1639,OTAuto02,b99df4a4-2bf5-4c08-9483-bd636470bc11,b99df4a4-2bf5-4c08-9483-bd636470bc11,America/Sitka
777c8884-885e-4a9b-8b5f-2e0ea9fe2533,a_5806616,1216,31776200cf3ceb2f15ed1826001bcc68,4edec651-853e-4fe0-98fc-4dea978c44b1,INVENTORY,inventory_5806616,v_5806616 | OTAuto02 | Consulting,v_5806616 | OTAuto02 | Consulting,v_5806616 | OTAuto02 | Consulting,,,,,,,,,,,,,,cee3eba7-2dea-451f-b28d-30f8e51f0f2c,https://Assessment/Assessment/777c8884-885e-4a9b-8b5f-2e0ea9fe2533,OTAuto02,b99df4a4-2bf5-4c08-9483-bd636470bc11,b99df4a4-2bf5-4c08-9483-bd636470bc11,America/Sitka
ae3d72c7-9b9f-4e4f-8384-809f15f5896b,assessment_5272265,1211,0479902e2372ffba4ab0f5a9f0a33746,e99fd09a-a6ff-4e6c-b00e-bccc1b5ee152,CONTRACT,contract_5272265,[v_5272265 | OTAuto02 | Consulting] c_5272265,[v_5272265 | OTAuto02 | Consulting] c_5272265,[v_5272265 | OTAuto02 | Consulting] c_5272265,,,,,,,,,,,,,,,https://Assessment/Assessment/ae3d72c7-9b9f-4e4f-8384-809f15f5896b,OTAuto02,b99df4a4-2bf5-4c08-9483-bd636470bc11,b99df4a4-2bf5-4c08-9483-bd636470bc11,America/Sitka
b183325f-41ae-4436-b7b2-68d0510feece,a_3216552,1208,0e7730988c1f813b8de496671e9633df,b5dec6fd-d2bd-4320-a80f-2adc6d725d14,YESNO,Are systems/products/services that process data inventoried?,Not Answered,Not Answered,Not Answered,,,,,,,,,,,,,,NotAnswered,https://Assessment/Assessment/b183325f-41ae-4436-b7b2-68d0510feece,OTAuto02,b99df4a4-2bf5-4c08-9483-bd636470bc11,b99df4a4-2bf5-4c08-9483-bd636470bc11,America/Sitka
b183325f-41ae-4436-b7b2-68d0510feece,a_3216552,1208,a62d9456828d65d2e7230210d25c8638,96fb82a4-c67a-402d-a630-60c0f007800c,YESNO,Are systems/products/services that support organizational priorities identified and key requirements communicated?,Not Answered,Not Answered,Not Answered,,,,,,,,,,,,,,NotAnswered,https://Assessment/Assessment/b183325f-41ae-4436-b7b2-68d0510feece,OTAuto02,b99df4a4-2bf5-4c08-9483-bd636470bc11,b99df4a4-2bf5-4c08-9483-bd636470bc11,America/Sitka
b183325f-41ae-4436-b7b2-68d0510feece,a_3216552,1208,076ab4d3bcb7ae18f6b2a94e00750875,f69807d6-fcc4-4bfa-911b-67f9a5a1e349,STATEMENT,Data Processing Ecosystem Risk Management (ID.DE-P),Not Answered,Not Answered,Not Answered,,,,,,,,,,,,,,NotAnswered,https://Assessment/Assessment/b183325f-41ae-4436-b7b2-68d0510feece,OTAuto02,b99df4a4-2bf5-4c08-9483-bd636470bc11,b99df4a4-2bf5-4c08-9483-bd636470bc11,America/Sitka
b183325f-41ae-4436-b7b2-68d0510feece,a_3216552,1208,edc82fff9ab31fae5648c3401c331fbf,f38d3c95-1741-43d0-ad56-f1c416274cdd,STATEMENT,GOVERN-P (GV-P),Not Answered,Not Answered,Not Answered,,,,,,,,,,,,,,NotAnswered,https://Assessment/Assessment/b183325f-41ae-4436-b7b2-68d0510feece,OTAuto02,b99df4a4-2bf5-4c08-9483-bd636470bc11,b99df4a4-2bf5-4c08-9483-bd636470bc11,America/Sitka
b183325f-41ae-4436-b7b2-68d0510feece,a_3216552,1208,b5e7c2f7dad0a88fb8ee12fdf6fe96aa,a6918be3-bf10-49b8-ba6f-ea9876817155,YESNO,"Are legal, regulatory, and contractual requirements regarding privacy understood and managed?",Not Answered,Not Answered,Not Answered,,,,,,,,,,,,,,NotAnswered,https://Assessment/Assessment/b183325f-41ae-4436-b7b2-68d0510feece,OTAuto02,b99df4a4-2bf5-4c08-9483-bd636470bc11,b99df4a4-2bf5-4c08-9483-bd636470bc11,America/Sitka
b183325f-41ae-4436-b7b2-68d0510feece,a_3216552,1208,851cacae5db68bf045eb51c26a057ffa,741fa814-45bc-4cb4-884a-fd5d4bfc1cdf,YESNO,Can data elements be accessed for transmission or disclosure?,Not Answered,Not Answered,Not Answered,,,,,,,,,,,,,,NotAnswered,https://Assessment/Assessment/b183325f-41ae-4436-b7b2-68d0510feece,OTAuto02,b99df4a4-2bf5-4c08-9483-bd636470bc11,b99df4a4-2bf5-4c08-9483-bd636470bc11,America/Sitka
b183325f-41ae-4436-b7b2-68d0510feece,a_3216552,1208,6156bc1280b11731bb54a875998bd81e,009c2c16-5f26-464a-bf29-7be3141ad8c1,YESNO,Can data elements be accessed for alteration?,Not Answered,Not Answered,Not Answered,,,,,,,,,,,,,,NotAnswered,https://Assessment/Assessment/b183325f-41ae-4436-b7b2-68d0510feece,OTAuto02,b99df4a4-2bf5-4c08-9483-bd636470bc11,b99df4a4-2bf5-4c08-9483-bd636470bc11,America/Sitka
b183325f-41ae-4436-b7b2-68d0510feece,a_3216552,1208,eeb07a4bc013ece8975fbf41d486fa59,898aa208-e595-456f-8d7c-4dae4094ac13,YESNO,"Are audit/log records determined, documented, implemented, and reviewed in accordance with policy and incorporating the principle of data minimization?",Not Answered,Not Answered,Not Answered,,,,,,,,,,,,,,NotAnswered,https://Assessment/Assessment/b183325f-41ae-4436-b7b2-68d0510feece,OTAuto02,b99df4a4-2bf5-4c08-9483-bd636470bc11,b99df4a4-2bf5-4c08-9483-bd636470bc11,America/Sitka
b183325f-41ae-4436-b7b2-68d0510feece,a_3216552,1208,3731a08e1642a306421a2ed837df8356,7f7294f4-ace4-4d99-8b77-c275033fde6a,YESNO,Are technical measures implemented to manage data processing tested and assessed?,Not Answered,Not Answered,Not Answered,,,,,,,,,,,,,,NotAnswered,https://Assessment/Assessment/b183325f-41ae-4436-b7b2-68d0510feece,OTAuto02,b99df4a4-2bf5-4c08-9483-bd636470bc11,b99df4a4-2bf5-4c08-9483-bd636470bc11,America/Sitka
b183325f-41ae-4436-b7b2-68d0510feece,a_3216552,1208,82fbb72767f3c9de4a1f608a582137d5,7f6a6d44-3f51-452b-874d-6bd05ffa0941,YESNO,Does system/product/service design enable data processing visibility?,Not Answered,Not Answered,Not Answered,,,,,,,,,,,,,,NotAnswered,https://Assessment/Assessment/b183325f-41ae-4436-b7b2-68d0510feece,OTAuto02,b99df4a4-2bf5-4c08-9483-bd636470bc11,b99df4a4-2bf5-4c08-9483-bd636470bc11,America/Sitka
b183325f-41ae-4436-b7b2-68d0510feece,a_3216552,1208,7c4182cd02228c36c0428ab0b2e9d5db,0726eac3-7588-475a-98a6-d525d9f78c94,YESNO,Are policy and regulations regarding the physical operating environment for organizational assets met?,Not Answered,Not Answered,Not Answered,,,,,,,,,,,,,,NotAnswered,https://Assessment/Assessment/b183325f-41ae-4436-b7b2-68d0510feece,OTAuto02,b99df4a4-2bf5-4c08-9483-bd636470bc11,b99df4a4-2bf5-4c08-9483-bd636470bc11,America/Sitka
b183325f-41ae-4436-b7b2-68d0510feece,a_3216552,1208,74b98ede990021bec1e4a838754c8f68,fe26ad34-08ef-4969-87fb-0152e9d8cc71,YESNO,"Are identities and credentials issued, managed, verified, revoked, and audited for authorized individuals, processes, and devices?",Not Answered,Not Answered,Not Answered,,,,,,,,,,,,,,NotAnswered,https://Assessment/Assessment/b183325f-41ae-4436-b7b2-68d0510feece,OTAuto02,b99df4a4-2bf5-4c08-9483-bd636470bc11,b99df4a4-2bf5-4c08-9483-bd636470bc11,America/Sitka
bd12587a-fcd7-4382-9159-0b2222c9d3fa,v_1177930 - t_1177930,1215,6f139c016a6fec56b85577ca68adeab0,a9a9283e-18fc-46fc-9f90-0d4366d76b37,MULTICHOICE,Is it a multichoice random_ question type?,Not Answered,Not Answered,Not Answered,,,,,,,,,,,,,,NotAnswered,https://Assessment/Assessment/bd12587a-fcd7-4382-9159-0b2222c9d3fa,OTAuto02,b99df4a4-2bf5-4c08-9483-bd636470bc11,b99df4a4-2bf5-4c08-9483-bd636470bc11,America/Sitka
e27f686b-acdf-4149-9b27-120b9809ab1d,Assessment2_1122_5883473,1206,75a46210e0b1baa1d147f373133c11c2,9704079a-9d1f-4d6b-86b3-ee2b90e0c98f,INVENTORY,asset_question,Not Answered,Not Answered,Not Answered,,,,,,,,,,,,,,NotAnswered,https://Assessment/Assessment/e27f686b-acdf-4149-9b27-120b9809ab1d,OTAuto02,b99df4a4-2bf5-4c08-9483-bd636470bc11,b99df4a4-2bf5-4c08-9483-bd636470bc11,America/Sitka
e3d67b2c-0726-41e4-8aaf-7de07a4bf26c,Launched_Temp2_5883473,1202,51a0d18ba078825ec2e6325c3ba888ec,228640e2-aa38-45c3-9e39-7c0bda3fd2c5,INVENTORY,pa_question,pa_1122_5883473,pa_1122_5883473,pa_1122_5883473,,,,,,,,,,,,,,5658bfc3-ba81-481a-a2df-9644d3d1ebc6,https://Assessment/Assessment/e3d67b2c-0726-41e4-8aaf-7de07a4bf26c,OTAuto02,b99df4a4-2bf5-4c08-9483-bd636470bc11,b99df4a4-2bf5-4c08-9483-bd636470bc11,America/Sitka
24a864f5-2e1d-4ba6-80fb-7e6e874a1639,assesment_23_3126088,1205,eff55e5a026eba79fc485072f6415906,8e463746-674e-4b89-907c-214e7c120b4b,INVENTORY,Q1,pa_1_3126088 | OTAuto02 ,pa_1_3126088 | OTAuto02,pa_1_3126088 | OTAuto02 ,,,,,,,,,,,,,,639ea40a-fcfe-45c5-89d7-692f66ddace3,https://Assessment/Assessment/24a864f5-2e1d-4ba6-80fb-7e6e874a1639,OTAuto02,b99df4a4-2bf5-4c08-9483-bd636470bc11,b99df4a4-2bf5-4c08-9483-bd636470bc11,America/Sitka
956ee6de-f874-42de-bfe1-7adec045e713,Incident_893079,1227,a080b8f2de557a11844348fb8a9cbe25,d4dbbe39-84b7-453d-ad64-3ef5876ca91e,INCIDENT,Incident_893079,Incident_893079,Incident_893079,Incident_893079,,,,,,,,,,,,,,acb0fd76-c384-4a83-98fb-29fa0446e9f6,https://Assessment/Assessment/956ee6de-f874-42de-bfe1-7adec045e713,OTAuto02,b99df4a4-2bf5-4c08-9483-bd636470bc11,b99df4a4-2bf5-4c08-9483-bd636470bc11,America/Sitka
9f68c926-a9b1-45f3-927d-52d012e2de50,Launched_Temp2_8745198,1204,9cf892204d79179f701499ec43e69fa3,42ab9a4a-9d9c-4155-a0c8-4d948872f3db,INVENTORY,pa_question,pa_2043_8745198,pa_2043_8745198,pa_2043_8745198,,,,,,,,,,,,,,60456dc8-319b-40bf-af34-092071e4e6bc,https://Assessment/Assessment/9f68c926-a9b1-45f3-927d-52d012e2de50,OTAuto02,b99df4a4-2bf5-4c08-9483-bd636470bc11,b99df4a4-2bf5-4c08-9483-bd636470bc11,America/Sitka
aa097d38-f2d9-4e26-8137-37bc6d708652,APIBulk_Assessment_3400472,1210,9429b0459fbd9543f7f03f9ab1d444e5,ca191cd1-8bc3-4d0c-8e44-a406fc780c1e,ATTRIBUTE,Deadline,[Incident_3400472]NotSure,[Incident_3400472]NotSure,[Incident_3400472]NotSure,,,,,,,,,,,,,,,https://Assessment/Assessment/aa097d38-f2d9-4e26-8137-37bc6d708652,OTAuto02,b99df4a4-2bf5-4c08-9483-bd636470bc11,b99df4a4-2bf5-4c08-9483-bd636470bc11,America/Sitka
b183325f-41ae-4436-b7b2-68d0510feece,a_3216552,1208,25adbffa04f30c13c169b1a8a5b8a827,2feb20ac-afd8-4b07-a905-7c184e60f92d,YESNO,Are data actions of the systems/products/services inventoried?,Not Answered,Not Answered,Not Answered,,,,,,,,,,,,,,NotAnswered,https://Assessment/Assessment/b183325f-41ae-4436-b7b2-68d0510feece,OTAuto02,b99df4a4-2bf5-4c08-9483-bd636470bc11,b99df4a4-2bf5-4c08-9483-bd636470bc11,America/Sitka
b183325f-41ae-4436-b7b2-68d0510feece,a_3216552,1208,c175e3087f3e03513f6dc78be78eaf05,3e7b77ca-c007-480e-baff-45b0207698bc,YESNO,"Are data processing ecosystem parties (e.g., service providers, customers, partners, product manufacturers, application developers) identified, prioritized, and assessed using a privacy risk assessment process?",Not Answered,Not Answered,Not Answered,,,,,,,,,,,,,,NotAnswered,https://Assessment/Assessment/b183325f-41ae-4436-b7b2-68d0510feece,OTAuto02,b99df4a4-2bf5-4c08-9483-bd636470bc11,b99df4a4-2bf5-4c08-9483-bd636470bc11,America/Sitka
b183325f-41ae-4436-b7b2-68d0510feece,a_3216552,1208,4d570a8905079a008cc96c9844c08575,5978ba2c-b051-4b97-80b8-16f407b5e3c2,YESNO,Are processes to instill organizational privacy values within system/product/service development and operations established and in place?,Not Answered,Not Answered,Not Answered,,,,,,,,,,,,,,NotAnswered,https://Assessment/Assessment/b183325f-41ae-4436-b7b2-68d0510feece,OTAuto02,b99df4a4-2bf5-4c08-9483-bd636470bc11,b99df4a4-2bf5-4c08-9483-bd636470bc11,America/Sitka
b183325f-41ae-4436-b7b2-68d0510feece,a_3216552,1208,df270b9d06ea0128fe08d9a0ef23e985,8caee674-c0e3-4acb-8443-3aef02592edd,YESNO,Are roles and responsibilities for the workforce established with respect to privacy?,Not Answered,Not Answered,Not Answered,,,,,,,,,,,,,,NotAnswered,https://Assessment/Assessment/b183325f-41ae-4436-b7b2-68d0510feece,OTAuto02,b99df4a4-2bf5-4c08-9483-bd636470bc11,b99df4a4-2bf5-4c08-9483-bd636470bc11,America/Sitka
b183325f-41ae-4436-b7b2-68d0510feece,a_3216552,1208,33f2aca9292af0801cebfac8cc479f4f,ba6a0e9a-0c53-4f26-955c-540cee8039b8,YESNO,"Do governance and risk management policies, processes, and procedures address privacy risks?",Not Answered,Not Answered,Not Answered,,,,,,,,,,,,,,NotAnswered,https://Assessment/Assessment/b183325f-41ae-4436-b7b2-68d0510feece,OTAuto02,b99df4a4-2bf5-4c08-9483-bd636470bc11,b99df4a4-2bf5-4c08-9483-bd636470bc11,America/Sitka
b183325f-41ae-4436-b7b2-68d0510feece,a_3216552,1208,f0e3e4984574e08ac99cc988b16cc23b,fa65c947-43c2-4f60-b989-2ffb45de4254,YESNO,Is organizational risk tolerance determined and clearly expressed?,Not Answered,Not Answered,Not Answered,,,,,,,,,,,,,,NotAnswered,https://Assessment/Assessment/b183325f-41ae-4436-b7b2-68d0510feece,OTAuto02,b99df4a4-2bf5-4c08-9483-bd636470bc11,b99df4a4-2bf5-4c08-9483-bd636470bc11,America/Sitka
b183325f-41ae-4436-b7b2-68d0510feece,a_3216552,1208,4e60db23305b8e807c0dfb4f73250941,767718ac-7443-4bce-9a24-44ca508faa61,STATEMENT,"Data Processing Policies, Processes, and Procedures (CT.PO-P)",Not Answered,Not Answered,Not Answered,,,,,,,,,,,,,,NotAnswered,https://Assessment/Assessment/b183325f-41ae-4436-b7b2-68d0510feece,OTAuto02,b99df4a4-2bf5-4c08-9483-bd636470bc11,b99df4a4-2bf5-4c08-9483-bd636470bc11,America/Sitka
b183325f-41ae-4436-b7b2-68d0510feece,a_3216552,1208,4a98b6dc2b60661e2b8c701e76011878,02e9feae-c184-40a9-9ab6-1571a810159a,YESNO,"Are policies, processes, and procedures for enabling data review, transfer, sharing or disclosure, alteration, and deletion established and in place (e.g., to maintain data quality, manage data retention)?",Not Answered,Not Answered,Not Answered,,,,,,,,,,,,,,NotAnswered,https://Assessment/Assessment/b183325f-41ae-4436-b7b2-68d0510feece,OTAuto02,b99df4a4-2bf5-4c08-9483-bd636470bc11,b99df4a4-2bf5-4c08-9483-bd636470bc11,America/Sitka
b183325f-41ae-4436-b7b2-68d0510feece,a_3216552,1208,e73a91c64b9b733570745b9b28e45a63,7c50e427-b98c-4c41-9d18-655ce8b59302,YESNO,Is a data life cycle to manage data aligned and implemented with the system development life cycle to manage systems?,Not Answered,Not Answered,Not Answered,,,,,,,,,,,,,,NotAnswered,https://Assessment/Assessment/b183325f-41ae-4436-b7b2-68d0510feece,OTAuto02,b99df4a4-2bf5-4c08-9483-bd636470bc11,b99df4a4-2bf5-4c08-9483-bd636470bc11,America/Sitka
b183325f-41ae-4436-b7b2-68d0510feece,a_3216552,1208,12465b9ef48a5701f638d744fd94c903,7e1c4956-85fa-413c-a385-fbe32ed98455,YESNO,Can data elements be accessed for review?,Not Answered,Not Answered,Not Answered,,,,,,,,,,,,,,NotAnswered,https://Assessment/Assessment/b183325f-41ae-4436-b7b2-68d0510feece,OTAuto02,b99df4a4-2bf5-4c08-9483-bd636470bc11,b99df4a4-2bf5-4c08-9483-bd636470bc11,America/Sitka
b183325f-41ae-4436-b7b2-68d0510feece,a_3216552,1208,e3b548bc4e89e52b0908fbc354731028,97cea66e-a004-4470-a6d9-4815f116b83f,YESNO,"Are mechanisms (e.g., notices, internal or public reports) for communicating data processing purposes, practices, associated privacy risks, and options for enabling individuals’ data processing preferences and requests established and in place?",Not Answered,Not Answered,Not Answered,,,,,,,,,,,,,,NotAnswered,https://Assessment/Assessment/b183325f-41ae-4436-b7b2-68d0510feece,OTAuto02,b99df4a4-2bf5-4c08-9483-bd636470bc11,b99df4a4-2bf5-4c08-9483-bd636470bc11,America/Sitka
b183325f-41ae-4436-b7b2-68d0510feece,a_3216552,1208,89d54276eacb4374d6ab5bc162d9cb42,be4dba9d-7c6b-441e-8abb-1a6eaa3703dc,YESNO,"Are response plans (Incident Response and Business Continuity) and recovery plans (Incident Recovery and Disaster Recovery) established, in place, and managed?",Not Answered,Not Answered,Not Answered,,,,,,,,,,,,,,NotAnswered,https://Assessment/Assessment/b183325f-41ae-4436-b7b2-68d0510feece,OTAuto02,b99df4a4-2bf5-4c08-9483-bd636470bc11,b99df4a4-2bf5-4c08-9483-bd636470bc11,America/Sitka
b183325f-41ae-4436-b7b2-68d0510feece,a_3216552,1208,015c9d35e755a6f8f816daa7b3a573a5,49d3164c-9060-4937-9390-c3e5ac29ffee,YESNO,Are response and recovery plans tested?,Not Answered,Not Answered,Not Answered,,,,,,,,,,,,,,NotAnswered,https://Assessment/Assessment/b183325f-41ae-4436-b7b2-68d0510feece,OTAuto02,b99df4a4-2bf5-4c08-9483-bd636470bc11,b99df4a4-2bf5-4c08-9483-bd636470bc11,America/Sitka
b183325f-41ae-4436-b7b2-68d0510feece,a_3216552,1208,eb2270500ef07bd8745159aa84788ebb,f832785d-dbfc-42a2-96c6-4ba80f6f9e57,YESNO,"Are privacy procedures included in human resources practices (e.g., deprovisioning, personnel screening)?",Not Answered,Not Answered,Not Answered,,,,,,,,,,,,,,NotAnswered,https://Assessment/Assessment/b183325f-41ae-4436-b7b2-68d0510feece,OTAuto02,b99df4a4-2bf5-4c08-9483-bd636470bc11,b99df4a4-2bf5-4c08-9483-bd636470bc11,America/Sitka
b183325f-41ae-4436-b7b2-68d0510feece,a_3216552,1208,5b56e5700e5f1b10d8b5cb4453994ce3,2d5e8d93-4031-4450-a1a0-3175f38e41bf,YESNO,"Are access permissions and authorizations managed, incorporating the principles of least privilege and separation of duties?",Not Answered,Not Answered,Not Answered,,,,,,,,,,,,,,NotAnswered,https://Assessment/Assessment/b183325f-41ae-4436-b7b2-68d0510feece,OTAuto02,b99df4a4-2bf5-4c08-9483-bd636470bc11,b99df4a4-2bf5-4c08-9483-bd636470bc11,America/Sitka
b183325f-41ae-4436-b7b2-68d0510feece,a_3216552,1208,c7506aa69df26bbeff3765013e999211,861ba0cf-1520-447c-8c9f-c5b305e03dc7,YESNO,Are protections against data leaks implemented?,Not Answered,Not Answered,Not Answered,,,,,,,,,,,,,,NotAnswered,https://Assessment/Assessment/b183325f-41ae-4436-b7b2-68d0510feece,OTAuto02,b99df4a4-2bf5-4c08-9483-bd636470bc11,b99df4a4-2bf5-4c08-9483-bd636470bc11,America/Sitka
b183325f-41ae-4436-b7b2-68d0510feece,a_3216552,1208,c4bcb6f2c91e89c2744ccbdddae1b88b,c996fc55-ca71-4cb8-a246-242d35fc3f82,YESNO,Are Integrity checking mechanisms used to verify hardware integrity?,Not Answered,Not Answered,Not Answered,,,,,,,,,,,,,,NotAnswered,https://Assessment/Assessment/b183325f-41ae-4436-b7b2-68d0510feece,OTAuto02,b99df4a4-2bf5-4c08-9483-bd636470bc11,b99df4a4-2bf5-4c08-9483-bd636470bc11,America/Sitka
b183325f-41ae-4436-b7b2-68d0510feece,a_3216552,1208,00419769285edf6b4879c719a994469d,84ece555-80b1-43e2-b9b3-bb32b120ebd0,STATEMENT,Protective Technology (PR.PT-P),Not Answered,Not Answered,Not Answered,,,,,,,,,,,,,,NotAnswered,https://Assessment/Assessment/b183325f-41ae-4436-b7b2-68d0510feece,OTAuto02,b99df4a4-2bf5-4c08-9483-bd636470bc11,b99df4a4-2bf5-4c08-9483-bd636470bc11,America/Sitka
b183325f-41ae-4436-b7b2-68d0510feece,a_3216552,1208,e83cd5e683d68d60548e52c4b1286990,a69dd544-adc6-45f3-85ef-295378492170,YESNO,Is removable media protected and its use restricted according to policy?,Not Answered,Not Answered,Not Answered,,,,,,,,,,,,,,NotAnswered,https://Assessment/Assessment/b183325f-41ae-4436-b7b2-68d0510feece,OTAuto02,b99df4a4-2bf5-4c08-9483-bd636470bc11,b99df4a4-2bf5-4c08-9483-bd636470bc11,America/Sitka
e27f686b-acdf-4149-9b27-120b9809ab1d,Assessment2_1122_5883473,1206,109feda3592ed207a39fa72191e0b3fd,228640e2-aa38-45c3-9e39-7c0bda3fd2c5,INVENTORY,pa_question,Not Answered,Not Answered,Not Answered,,,,,,,,,,,,,,NotAnswered,https://Assessment/Assessment/e27f686b-acdf-4149-9b27-120b9809ab1d,OTAuto02,b99df4a4-2bf5-4c08-9483-bd636470bc11,b99df4a4-2bf5-4c08-9483-bd636470bc11,America/Sitka
f43051be-a303-4cac-b8ee-c8169bcd50df,a_2462421,1217,f39fc6f9beca3c1985dac38415a765a1,217fef39-3102-4935-ba5d-85d85b991762,INVENTORY,inventory_2462421,Vendor_2462421 | OTAuto02 | Consulting,Vendor_2462421 | OTAuto02 | Consulting,Vendor_2462421 | OTAuto02 | Consulting,,,,,,,,,,,,,,7aa99bb8-36a2-48bc-b805-526beb4a7abf,https://Assessment/Assessment/f43051be-a303-4cac-b8ee-c8169bcd50df,OTAuto02,b99df4a4-2bf5-4c08-9483-bd636470bc11,b99df4a4-2bf5-4c08-9483-bd636470bc11,America/Sitka
6be26b2c-286d-4e11-a62d-ac0f258aba12,assessment_engagement_01_8829184,1246,698ca1d2a4f20fd9c05ca587b676dd6a,a5effe25-13b1-4476-b0b1-9fa3141351b4,ENGAGEMENT,engagementQ1,[V_8829184 | OTAuto02 | Consulting] Engagement_8829184 | OTAuto02,[V_8829184 | OTAuto02 | Consulting] Engagement_8829184 | OTAuto02,[V_8829184 | OTAuto02 | Consulting] Engagement_8829184 | OTAuto02,,,,,,,,,,,,,,,https://Assessment/Assessment/6be26b2c-286d-4e11-a62d-ac0f258aba12,asset_org_1,6b055818-7a4a-497c-a9ba-407530f4a17d,6b055818-7a4a-497c-a9ba-407530f4a17d,America/Sitka
6be26b2c-286d-4e11-a62d-ac0f258aba12,assessment_engagement_01_8829184,1246,698ca1d2a4f20fd9c05ca587b676dd6a,a5effe25-13b1-4476-b0b1-9fa3141351b4,ENGAGEMENT,engagementQ1,[V_8829184 | OTAuto02 | Consulting] Engagement_8829184 | OTAuto02,[V_8829184 | OTAuto02 | Consulting] Engagement_8829184 | OTAuto02,[V_8829184 | OTAuto02 | Consulting] Engagement_8829184 | OTAuto02,,,,,,,,,,,,,,,https://Assessment/Assessment/6be26b2c-286d-4e11-a62d-ac0f258aba12,asset_org_1,6b055818-7a4a-497c-a9ba-407530f4a17d,b99df4a4-2bf5-4c08-9483-bd636470bc11,America/Sitka
7d16a518-5b41-4d92-9097-373bca9305bb,automation_1_assessment_1239639,1245,5434d50cbca066595f35be259ef1909a,131265f6-b0f6-42fb-9413-aeeddc250072,INVENTORY,asset_question_1239639,Not Answered,Not Answered,Not Answered,,,,,,,,,,,,,,NotAnswered,https://Assessment/Assessment/7d16a518-5b41-4d92-9097-373bca9305bb,OTAuto02,b99df4a4-2bf5-4c08-9483-bd636470bc11,b99df4a4-2bf5-4c08-9483-bd636470bc11,America/Sitka
a19378c0-8b23-4d58-8a18-ee0c55ccf964,assessment_9076118,1247,aac22fa743dc401c2b6c1182a69691ac,38be9481-a029-4d67-b44e-d20f7f8a7290,MULTICHOICE,MQuestionQ2.1_9076118,Not Answered,Not Answered,Not Answered,,,,,,,,,,,,,,NotAnswered,https://Assessment/Assessment/a19378c0-8b23-4d58-8a18-ee0c55ccf964,OTAuto02,b99df4a4-2bf5-4c08-9483-bd636470bc11,b99df4a4-2bf5-4c08-9483-bd636470bc11,America/Sitka
f9ed83f8-0bb5-4846-a1b1-4fec5be17596,automation_assessment_7141031,1224,16304951813d4a3074a2b6cdc33cdb41,d6630e7f-dfd2-45f8-b740-96cc585dd967,INVENTORY,inventoryQ1_7141031,Vendor_7141031 | OTAuto02 | Consulting,Vendor_7141031 | OTAuto02 | Consulting,Vendor_7141031 | OTAuto02 | Consulting,,,,,,,,,,,,,,73e3db62-6bd6-4481-bf16-36fb97c460c0,https://Assessment/Assessment/f9ed83f8-0bb5-4846-a1b1-4fec5be17596,OTAuto02,b99df4a4-2bf5-4c08-9483-bd636470bc11,b99df4a4-2bf5-4c08-9483-bd636470bc11,America/Sitka
a19378c0-8b23-4d58-8a18-ee0c55ccf964,assessment_9076118,1247,c0e3c993fcbcbc298e68e218a758a58a,a21bfc62-95c6-47de-aa6f-be06ba35fa9e,TEXTBOX,TextQuestionQ1.2_9076118,Not Answered,Not Answered,Not Answered,,,,,,,,,,,,,,NotAnswered,https://Assessment/Assessment/a19378c0-8b23-4d58-8a18-ee0c55ccf964,OTAuto02,b99df4a4-2bf5-4c08-9483-bd636470bc11,b99df4a4-2bf5-4c08-9483-bd636470bc11,America/Sitka
09185ad9-272a-4ca9-a52d-8ac043bbf201,assessment_3316626,1244,430c95357fbc6acc823c4eef2b2c77c7,98c3a413-5d33-42cf-ae4f-e11517bd9e5f,ENGAGEMENT,engagementQuestion1,[v_3316626 | OTAuto02 | Consulting] eng1_3316626,[v_3316626 | OTAuto02 | Consulting] eng1_3316626,[v_3316626 | OTAuto02 | Consulting] eng1_3316626,,,,,,,,,,,,,,,https://Assessment/Assessment/09185ad9-272a-4ca9-a52d-8ac043bbf201,OTAuto02,b99df4a4-2bf5-4c08-9483-bd636470bc11,b99df4a4-2bf5-4c08-9483-bd636470bc11,America/Sitka
09185ad9-272a-4ca9-a52d-8ac043bbf201,assessment_3316626,1244,4782ad96a973432196427f749b3fa205,2e6930bb-8123-413f-9ab6-dc7f652f6252,INVENTORY,vendorQ2,v_3316626 | OTAuto02 | Consulting,v_3316626 | OTAuto02 | Consulting,v_3316626 | OTAuto02 | Consulting,,,,,,,,,,,,,,ea83dcb5-941b-498c-a459-e15971fbbac3,https://Assessment/Assessment/09185ad9-272a-4ca9-a52d-8ac043bbf201,OTAuto02,b99df4a4-2bf5-4c08-9483-bd636470bc11,b99df4a4-2bf5-4c08-9483-bd636470bc11,America/Sitka
09185ad9-272a-4ca9-a52d-8ac043bbf201,assessment_3316626,1244,d83b562e27557fec06cdb6bf97998456,b457fcf2-c3f5-4d03-bfb8-d8b5fd13b1e6,ENGAGEMENT,engagementQuestion2,[v_3316626 | OTAuto02 | Consulting] eng2_3316626,[v_3316626 | OTAuto02 | Consulting] eng2_3316626,[v_3316626 | OTAuto02 | Consulting] eng2_3316626,,,,,,,,,,,,,,,https://Assessment/Assessment/09185ad9-272a-4ca9-a52d-8ac043bbf201,OTAuto02,b99df4a4-2bf5-4c08-9483-bd636470bc11,b99df4a4-2bf5-4c08-9483-bd636470bc11,America/Sitka
43eb09a5-3adb-439e-a3c9-788115300442,pa_78089_184344_edit,1233,b26cb3b044ed66f20c0a75759fa04400,9603c506-5d1e-4bd0-add8-bc1ed39addf1,INVENTORY,Q1,pa_78089_184344 | OTAuto02,pa_78089_184344 | OTAuto02,pa_78089_184344 | OTAuto02,,,,,,,,,,,,,,a9d9b73d-a1e8-4db9-859d-1bf54483db06,https://Assessment/Assessment/43eb09a5-3adb-439e-a3c9-788115300442,OTAuto02,b99df4a4-2bf5-4c08-9483-bd636470bc11,b99df4a4-2bf5-4c08-9483-bd636470bc11,America/Sitka
7d16a518-5b41-4d92-9097-373bca9305bb,automation_1_assessment_1239639,1245,59ebf46a28379c7ae83318c5a8ee77c7,339d2d5a-220c-48dd-9e2b-943d46cc7798,INVENTORY,pa_question_1239639,Not Answered,Not Answered,Not Answered,,,,,,,,,,,,,,NotAnswered,https://Assessment/Assessment/7d16a518-5b41-4d92-9097-373bca9305bb,OTAuto02,b99df4a4-2bf5-4c08-9483-bd636470bc11,b99df4a4-2bf5-4c08-9483-bd636470bc11,America/Sitka
f9ed83f8-0bb5-4846-a1b1-4fec5be17596,automation_assessment_7141031,1224,5fa191eeb7ca95b29b33a17caeffeaf3,5681a7e4-356e-462e-a7ae-d792a7498043,CONTRACT,ContractQ1_7141031,[Vendor_7141031 | OTAuto02 | Consulting] Contract_7141031,[Vendor_7141031 | OTAuto02 | Consulting] Contract_7141031,[Vendor_7141031 | OTAuto02 | Consulting] Contract_7141031,,,,,,,,,,,,,,,https://Assessment/Assessment/f9ed83f8-0bb5-4846-a1b1-4fec5be17596,OTAuto02,b99df4a4-2bf5-4c08-9483-bd636470bc11,b99df4a4-2bf5-4c08-9483-bd636470bc11,America/Sitka
f9ed83f8-0bb5-4846-a1b1-4fec5be17596,automation_assessment_7141031,1224,e4302ed7a96f33d9ac53b4c231bcf0ee,9b1662b6-a62f-4809-a268-2effb2c19fb2,CONTRACT,ContractQ2_7141031,[Vendor_7141031 | OTAuto02 | Consulting] Contract_7141031,[Vendor_7141031 | OTAuto02 | Consulting] Contract_7141031,[Vendor_7141031 | OTAuto02 | Consulting] Contract_7141031,,,,,,,,,,,,,,,https://Assessment/Assessment/f9ed83f8-0bb5-4846-a1b1-4fec5be17596,OTAuto02,b99df4a4-2bf5-4c08-9483-bd636470bc11,b99df4a4-2bf5-4c08-9483-bd636470bc11,America/Sitka
a19378c0-8b23-4d58-8a18-ee0c55ccf964,assessment_9076118,1247,111625f84c0e6123939701e1644bd1f5,1e06f6fd-64d5-4bdb-999d-6f33be911eb2,YESNO,YNQuestionQ1.3_9076118,Not Answered,Not Answered,Not Answered,,,,,,,,,,,,,,NotAnswered,https://Assessment/Assessment/a19378c0-8b23-4d58-8a18-ee0c55ccf964,OTAuto02,b99df4a4-2bf5-4c08-9483-bd636470bc11,b99df4a4-2bf5-4c08-9483-bd636470bc11,America/Sitka
a19378c0-8b23-4d58-8a18-ee0c55ccf964,assessment_9076118,1247,bf738bcf53585cd96e0dff94299a08aa,38077c51-7fb7-4d2d-854f-50069f59f83e,YESNO,YNQuestionQ2.3_9076118,Not Answered,Not Answered,Not Answered,,,,,,,,,,,,,,NotAnswered,https://Assessment/Assessment/a19378c0-8b23-4d58-8a18-ee0c55ccf964,OTAuto02,b99df4a4-2bf5-4c08-9483-bd636470bc11,b99df4a4-2bf5-4c08-9483-bd636470bc11,America/Sitka
f9ed83f8-0bb5-4846-a1b1-4fec5be17596,automation_assessment_7141031,1224,36f9e2957578889016c59a5dc5fba273,e814e81e-8fc3-4919-bb58-8490a58eb4e9,INVENTORY,inventoryQ3_7141031,Vendor_7141031 | OTAuto02 | Consulting,Vendor_7141031 | OTAuto02 | Consulting,Vendor_7141031 | OTAuto02 | Consulting,,,,,,,,,,,,,,73e3db62-6bd6-4481-bf16-36fb97c460c0,https://Assessment/Assessment/f9ed83f8-0bb5-4846-a1b1-4fec5be17596,OTAuto02,b99df4a4-2bf5-4c08-9483-bd636470bc11,b99df4a4-2bf5-4c08-9483-bd636470bc11,America/Sitka
f9ed83f8-0bb5-4846-a1b1-4fec5be17596,automation_assessment_7141031,1224,ec043e755577189073ab8e0bae16c88c,745eaf0b-e69b-4a90-8301-bd5cf7792734,CONTRACT,ContractQ3_7141031,[Vendor_7141031 | OTAuto02 | Consulting] Contract_7141031,[Vendor_7141031 | OTAuto02 | Consulting] Contract_7141031,[Vendor_7141031 | OTAuto02 | Consulting] Contract_7141031,,,,,,,,,,,,,,,https://Assessment/Assessment/f9ed83f8-0bb5-4846-a1b1-4fec5be17596,OTAuto02,b99df4a4-2bf5-4c08-9483-bd636470bc11,b99df4a4-2bf5-4c08-9483-bd636470bc11,America/Sitka
09185ad9-272a-4ca9-a52d-8ac043bbf201,assessment_3316626,1244,dd6dcacc9399c12735925a6abd233807,77388210-4eb6-4efb-aeb4-631d4f25110c,ATTRIBUTE,engagement_nss_3316626,[v_3316626 | OTAuto02 | Consulting] - [eng2_3316626] 52,[v_3316626 | OTAuto02 | Consulting] - [eng2_3316626] 52,[v_3316626 | OTAuto02 | Consulting] - [eng2_3316626] 52,,,,,,,,,,,,,,,https://Assessment/Assessment/09185ad9-272a-4ca9-a52d-8ac043bbf201,OTAuto02,b99df4a4-2bf5-4c08-9483-bd636470bc11,b99df4a4-2bf5-4c08-9483-bd636470bc11,America/Sitka
6be26b2c-286d-4e11-a62d-ac0f258aba12,assessment_engagement_01_8829184,1246,0c673f22c70d3cb99e955138c6365e57,f479603d-1ed8-4fd0-8e19-de21a28e7fee,INVENTORY,vendorQ1,V_8829184 | OTAuto02 | Consulting,V_8829184 | OTAuto02 | Consulting,V_8829184 | OTAuto02 | Consulting,,,,,,,,,,,,,,53d65b93-0773-4c50-a879-2623256ed89a,https://Assessment/Assessment/6be26b2c-286d-4e11-a62d-ac0f258aba12,asset_org_1,6b055818-7a4a-497c-a9ba-407530f4a17d,6b055818-7a4a-497c-a9ba-407530f4a17d,America/Sitka
6be26b2c-286d-4e11-a62d-ac0f258aba12,assessment_engagement_01_8829184,1246,0c673f22c70d3cb99e955138c6365e57,f479603d-1ed8-4fd0-8e19-de21a28e7fee,INVENTORY,vendorQ1,V_8829184 | OTAuto02 | Consulting,V_8829184 | OTAuto02 | Consulting,V_8829184 | OTAuto02 | Consulting,,,,,,,,,,,,,,53d65b93-0773-4c50-a879-2623256ed89a,https://Assessment/Assessment/6be26b2c-286d-4e11-a62d-ac0f258aba12,asset_org_1,6b055818-7a4a-497c-a9ba-407530f4a17d,b99df4a4-2bf5-4c08-9483-bd636470bc11,America/Sitka
7d16a518-5b41-4d92-9097-373bca9305bb,automation_1_assessment_1239639,1245,5004bae9392b7caa34b3dfc7b3eec55f,7888fe7a-110e-4fe7-be57-b63d09aabbca,INVENTORY,vendor_question_1239639,Not Answered,Not Answered,Not Answered,,,,,,,,,,,,,,NotAnswered,https://Assessment/Assessment/7d16a518-5b41-4d92-9097-373bca9305bb,OTAuto02,b99df4a4-2bf5-4c08-9483-bd636470bc11,b99df4a4-2bf5-4c08-9483-bd636470bc11,America/Sitka
7d16a518-5b41-4d92-9097-373bca9305bb,automation_1_assessment_1239639,1245,088c80828898c435bc358f1ef7bc436f,b7d299ef-d002-4a6b-916b-166d8e0f6990,INVENTORY,entity_question_1239639,Not Answered,Not Answered,Not Answered,,,,,,,,,,,,,,NotAnswered,https://Assessment/Assessment/7d16a518-5b41-4d92-9097-373bca9305bb,OTAuto02,b99df4a4-2bf5-4c08-9483-bd636470bc11,b99df4a4-2bf5-4c08-9483-bd636470bc11,America/Sitka
a19378c0-8b23-4d58-8a18-ee0c55ccf964,assessment_9076118,1247,d671bf3cf7a55e7a265a2aeb5bf00e82,d35c9315-2f35-45cd-9901-748bfd4959ee,DATE,DQuestionQ1.4_9076118,Not Answered,Not Answered,Not Answered,,,,,,,,,,,,,,NotAnswered,https://Assessment/Assessment/a19378c0-8b23-4d58-8a18-ee0c55ccf964,OTAuto02,b99df4a4-2bf5-4c08-9483-bd636470bc11,b99df4a4-2bf5-4c08-9483-bd636470bc11,America/Sitka
f9ed83f8-0bb5-4846-a1b1-4fec5be17596,automation_assessment_7141031,1224,f48d2e49407e0e874d24acff0bde7730,6113b3c1-946a-470d-850d-50d605cf0a78,INVENTORY,inventoryQ2_7141031,Vendor_7141031 | OTAuto02 | Consulting,Vendor_7141031 | OTAuto02 | Consulting,Vendor_7141031 | OTAuto02 | Consulting,,,,,,,,,,,,,,73e3db62-6bd6-4481-bf16-36fb97c460c0,https://Assessment/Assessment/f9ed83f8-0bb5-4846-a1b1-4fec5be17596,OTAuto02,b99df4a4-2bf5-4c08-9483-bd636470bc11,b99df4a4-2bf5-4c08-9483-bd636470bc11,America/Sitka
09185ad9-272a-4ca9-a52d-8ac043bbf201,assessment_3316626,1244,64a818695ae4a705104062e0dd54e7c0,2337975b-f342-46a0-a7de-1f77958b7caa,INVENTORY,vendorQ1,v_3316626 | OTAuto02 | Consulting,v_3316626 | OTAuto02 | Consulting,v_3316626 | OTAuto02 | Consulting,,,,,,,,,,,,,,ea83dcb5-941b-498c-a459-e15971fbbac3,https://Assessment/Assessment/09185ad9-272a-4ca9-a52d-8ac043bbf201,OTAuto02,b99df4a4-2bf5-4c08-9483-bd636470bc11,b99df4a4-2bf5-4c08-9483-bd636470bc11,America/Sitka
99460cc4-217f-457b-8094-b2d3caa00f54,assessment_2411_1_6639076,1239,b93a04603a7d4f33e0153ce95a81df40,ef1f58ad-4e3c-4b75-a5d7-ee27517ddc6c,YESNO,Q1?,Not Answered,Not Answered,Not Answered,,,,,,,,,,,,,,NotAnswered,https://Assessment/Assessment/99460cc4-217f-457b-8094-b2d3caa00f54,OTAuto02,b99df4a4-2bf5-4c08-9483-bd636470bc11,b99df4a4-2bf5-4c08-9483-bd636470bc11,America/Sitka
a19378c0-8b23-4d58-8a18-ee0c55ccf964,assessment_9076118,1247,2ad62fd8f487c8c84ccab8cd05bfc54e,529aad53-ac92-432c-9bce-5af70a0b9633,TEXTBOX,TextQuestionQ2.2_9076118,Not Answered,Not Answered,Not Answered,,,,,,,,,,,,,,NotAnswered,https://Assessment/Assessment/a19378c0-8b23-4d58-8a18-ee0c55ccf964,OTAuto02,b99df4a4-2bf5-4c08-9483-bd636470bc11,b99df4a4-2bf5-4c08-9483-bd636470bc11,America/Sitka
f9ed83f8-0bb5-4846-a1b1-4fec5be17596,automation_assessment_7141031,1224,8f7b7298b3907d8941e46b17dda29d0d,6842b2b3-c086-4a06-ba6b-f988146228f5,ENGAGEMENT,engagementQ1_7141031,[Vendor_7141031 | OTAuto02 | Consulting] eng_7141031 | OTAuto02,[Vendor_7141031 | OTAuto02 | Consulting] eng_7141031 | OTAuto02,[Vendor_7141031 | OTAuto02 | Consulting] eng_7141031 | OTAuto02,,,,,,,,,,,,,,,https://Assessment/Assessment/f9ed83f8-0bb5-4846-a1b1-4fec5be17596,OTAuto02,b99df4a4-2bf5-4c08-9483-bd636470bc11,b99df4a4-2bf5-4c08-9483-bd636470bc11,America/Sitka
09185ad9-272a-4ca9-a52d-8ac043bbf201,assessment_3316626,1244,2f32cfd15b2e2923748a93e5d89c6da9,28c11013-85f1-4b40-a36f-0a026f56a64d,ATTRIBUTE,engagement_nss1_3316626,[v_3316626 | OTAuto02 | Consulting] - [eng1_3316626] 32,[v_3316626 | OTAuto02 | Consulting] - [eng1_3316626] 32,[v_3316626 | OTAuto02 | Consulting] - [eng1_3316626] 32,,,,,,,,,,,,,,,https://Assessment/Assessment/09185ad9-272a-4ca9-a52d-8ac043bbf201,OTAuto02,b99df4a4-2bf5-4c08-9483-bd636470bc11,b99df4a4-2bf5-4c08-9483-bd636470bc11,America/Sitka
1ff54324-9294-476d-b87d-363263d80817,assessment_2411_2_6639076,1240,84a853ef612a4a776e3797dd7d2ac7d8,fa2bad8b-4126-4745-bcff-d3e77774d035,YESNO,Qyesno,Not Answered,Not Answered,Not Answered,,,,,,,,,,,,,,NotAnswered,https://Assessment/Assessment/1ff54324-9294-476d-b87d-363263d80817,OTAuto02,b99df4a4-2bf5-4c08-9483-bd636470bc11,b99df4a4-2bf5-4c08-9483-bd636470bc11,America/Sitka
5e920c76-7044-464d-b760-532fef6bef60,Assessment_name_random_name,1242,5207d04c5e85efc170a00b7dab94007a,2f38b475-6ecc-414c-89d5-ca62401b8d23,MULTICHOICE,Is it a multichoice random_ question type?,Option 1,Option 1,Option 1,,,,,,,,,,,,,,Option 1,https://Assessment/Assessment/5e920c76-7044-464d-b760-532fef6bef60,OTAuto02,b99df4a4-2bf5-4c08-9483-bd636470bc11,b99df4a4-2bf5-4c08-9483-bd636470bc11,America/Sitka
993004d5-8b20-4bdc-b8b2-7c02e3ff6b15,asset_78089_184344,1234,917edc604f02a92427a2be64f625a4b6,f1b73b64-9d67-47b4-aa6d-4a771e8ce2c5,INVENTORY,Q1,asset_78089_184344 | OTAuto02 | Unknown,asset_78089_184344 | OTAuto02 | Unknown,asset_78089_184344 | OTAuto02 | Unknown,,,,,,,,,,,,,,b8475be1-1cb9-4ee1-87c0-159a0151db5e,https://Assessment/Assessment/993004d5-8b20-4bdc-b8b2-7c02e3ff6b15,OTAuto02,b99df4a4-2bf5-4c08-9483-bd636470bc11,b99df4a4-2bf5-4c08-9483-bd636470bc11,America/Sitka
a19378c0-8b23-4d58-8a18-ee0c55ccf964,assessment_9076118,1247,6cc104720f3083c5d40e6ffe631ab5a2,a0710e73-8e4b-49cf-ab28-95f16b5526ca,DATE,DQuestionQ2.4_9076118,Not Answered,Not Answered,Not Answered,,,,,,,,,,,,,,NotAnswered,https://Assessment/Assessment/a19378c0-8b23-4d58-8a18-ee0c55ccf964,OTAuto02,b99df4a4-2bf5-4c08-9483-bd636470bc11,b99df4a4-2bf5-4c08-9483-bd636470bc11,America/Sitka
f9ed83f8-0bb5-4846-a1b1-4fec5be17596,automation_assessment_7141031,1224,df07863b252e7dac0c542dfb4e368a3e,c5f0bf2f-86af-48d5-b079-b18c048a21ae,ENGAGEMENT,engagementQ2_7141031,[Vendor_7141031 | OTAuto02 | Consulting] eng_7141031 | OTAuto02,[Vendor_7141031 | OTAuto02 | Consulting] eng_7141031 | OTAuto02,[Vendor_7141031 | OTAuto02 | Consulting] eng_7141031 | OTAuto02,,,,,,,,,,,,,,,https://Assessment/Assessment/f9ed83f8-0bb5-4846-a1b1-4fec5be17596,OTAuto02,b99df4a4-2bf5-4c08-9483-bd636470bc11,b99df4a4-2bf5-4c08-9483-bd636470bc11,America/Sitka
f9ed83f8-0bb5-4846-a1b1-4fec5be17596,automation_assessment_7141031,1224,53ece77d580946b01d2c01a202bd73de,239af31c-21ef-4314-989d-6fd812776b55,ENGAGEMENT,engagementQ3_7141031,[Vendor_7141031 | OTAuto02 | Consulting] eng_7141031 | OTAuto02,[Vendor_7141031 | OTAuto02 | Consulting] eng_7141031 | OTAuto02,[Vendor_7141031 | OTAuto02 | Consulting] eng_7141031 | OTAuto02,,,,,,,,,,,,,,,https://Assessment/Assessment/f9ed83f8-0bb5-4846-a1b1-4fec5be17596,OTAuto02,b99df4a4-2bf5-4c08-9483-bd636470bc11,b99df4a4-2bf5-4c08-9483-bd636470bc11,America/Sitka
25165c99-1eb9-43d5-ae28-b7aeb9b5b677,AssessmentName_6948366,1249,17ade6f5b80388f4a8142fcc58d8d5dd,f38b4666-cc6c-45e3-ae1c-489ee2f0b3a5,INVENTORY,Qvendor,OneTrust_6948366 | OTAuto02 | Consulting,OneTrust_6948366 | OTAuto02 | Consulting,OneTrust_6948366 | OTAuto02 | Consulting,,,,,,,,,,,,,,aadfbdd3-5c90-4bf0-baa0-b74c47c2c3d0,https://Assessment/Assessment/25165c99-1eb9-43d5-ae28-b7aeb9b5b677,OTAuto02,b99df4a4-2bf5-4c08-9483-bd636470bc11,b99df4a4-2bf5-4c08-9483-bd636470bc11,America/Sitka
25165c99-1eb9-43d5-ae28-b7aeb9b5b677,AssessmentName_6948366,1249,779de21d30d0d3ace8fa7412119f3695,47a0a9bf-ff00-41c8-aeaf-bb9ecff059ae,ATTRIBUTE,Name,[OneTrust_6948366 | OTAuto02 | Consulting]OneTrust_6948366,[OneTrust_6948366 | OTAuto02 | Consulting]OneTrust_6948366,[OneTrust_6948366 | OTAuto02 | Consulting]OneTrust_6948366,,,,,,,,,,,,,,,https://Assessment/Assessment/25165c99-1eb9-43d5-ae28-b7aeb9b5b677,OTAuto02,b99df4a4-2bf5-4c08-9483-bd636470bc11,b99df4a4-2bf5-4c08-9483-bd636470bc11,America/Sitka
25165c99-1eb9-43d5-ae28-b7aeb9b5b677,AssessmentName_6948366,1249,8d56dedadb4855cc9674efc3f8d3274b,d2cc504b-32a8-4466-b8ab-f2015b8f3153,YESNO,Do you have dash cameras?,No,No,No,,,,,,,,,,,,,,No,https://Assessment/Assessment/25165c99-1eb9-43d5-ae28-b7aeb9b5b677,OTAuto02,b99df4a4-2bf5-4c08-9483-bd636470bc11,b99df4a4-2bf5-4c08-9483-bd636470bc11,America/Sitka
25165c99-1eb9-43d5-ae28-b7aeb9b5b677,AssessmentName_6948366,1249,c248eb63c3a847f2a5ae5b0ff6e3ff75,a10ee2d1-123d-4d4e-9a7e-c63978e5fbdc,TEXTBOX,Favorite color?,Red,Red,Red,,,,,,,,,,,,,,,https://Assessment/Assessment/25165c99-1eb9-43d5-ae28-b7aeb9b5b677,OTAuto02,b99df4a4-2bf5-4c08-9483-bd636470bc11,b99df4a4-2bf5-4c08-9483-bd636470bc11,America/Sitka
3ff798be-1a7b-429b-ba25-09ba16a592c1,reassess_assessment_2666165,1254,eed127800c0eb9ca7543773f73fa3058,e3f217fc-f46c-45bd-8ec6-a4d5404638d1,INVENTORY,inventory_2666165,v_2666165 | OTAuto02 | Consulting,v_2666165 | OTAuto02 | Consulting,v_2666165 | OTAuto02 | Consulting,,,,,,,,,,,,,,a06d50be-4922-451c-9725-85874edc74b4,https://Assessment/Assessment/3ff798be-1a7b-429b-ba25-09ba16a592c1,OTAuto02,b99df4a4-2bf5-4c08-9483-bd636470bc11,b99df4a4-2bf5-4c08-9483-bd636470bc11,America/Sitka
3ff798be-1a7b-429b-ba25-09ba16a592c1,reassess_assessment_2666165,1254,1216f392b2491f794f46a221031b1cbc,7544ce5c-229b-401a-a1ce-f567b2335625,CONTRACT,contract_2666165,[v_2666165 | OTAuto02 | Consulting] c_2666165,[v_2666165 | OTAuto02 | Consulting] c_2666165,[v_2666165 | OTAuto02 | Consulting] c_2666165,,,,,,,,,,,,,,,https://Assessment/Assessment/3ff798be-1a7b-429b-ba25-09ba16a592c1,OTAuto02,b99df4a4-2bf5-4c08-9483-bd636470bc11,b99df4a4-2bf5-4c08-9483-bd636470bc11,America/Sitka
3ff798be-1a7b-429b-ba25-09ba16a592c1,reassess_assessment_2666165,1254,118b0569dab3d01ec7943174c816f3cb,b8d94dc3-b49c-451c-a25d-a3f5859ee26e,ATTRIBUTE,Notes,[v_2666165 | OTAuto02 | Consulting] - [c_2666165] Notes_contract_2666165,[v_2666165 | OTAuto02 | Consulting] - [c_2666165] Notes_contract_2666165,[v_2666165 | OTAuto02 | Consulting] - [c_2666165] Notes_contract_2666165,,,,,,,,,,,,,,,https://Assessment/Assessment/3ff798be-1a7b-429b-ba25-09ba16a592c1,OTAuto02,b99df4a4-2bf5-4c08-9483-bd636470bc11,b99df4a4-2bf5-4c08-9483-bd636470bc11,America/Sitka
3ff798be-1a7b-429b-ba25-09ba16a592c1,reassess_assessment_2666165,1254,152503af3a28f66ddb53157d782a4174,14f1bd97-a9ce-4459-92cd-eabf623c00b2,ENGAGEMENT,engagement_que_2666165?,[v_2666165 | OTAuto02 | Consulting] engagement_2666165 | OTAuto02,[v_2666165 | OTAuto02 | Consulting] engagement_2666165 | OTAuto02,[v_2666165 | OTAuto02 | Consulting] engagement_2666165 | OTAuto02,,,,,,,,,,,,,,,https://Assessment/Assessment/3ff798be-1a7b-429b-ba25-09ba16a592c1,OTAuto02,b99df4a4-2bf5-4c08-9483-bd636470bc11,b99df4a4-2bf5-4c08-9483-bd636470bc11,America/Sitka
3ff798be-1a7b-429b-ba25-09ba16a592c1,reassess_assessment_2666165,1254,e4ec92d47cbd922be721ed8b71eae38c,ebb1412e-b454-4f7a-8bad-b7205bf69d10,ATTRIBUTE,External Contact,[v_2666165 | OTAuto02 | Consulting] - [engagement_2666165 | OTAuto02] externalContact_updated_2666165,[v_2666165 | OTAuto02 | Consulting] - [engagement_2666165 | OTAuto02] externalContact_updated_2666165,[v_2666165 | OTAuto02 | Consulting] - [engagement_2666165 | OTAuto02] externalContact_updated_2666165,,,,,,,,,,,,,,,https://Assessment/Assessment/3ff798be-1a7b-429b-ba25-09ba16a592c1,OTAuto02,b99df4a4-2bf5-4c08-9483-bd636470bc11,b99df4a4-2bf5-4c08-9483-bd636470bc11,America/Sitka
4a054c12-cc65-4c56-9b25-84ec1b68d574,assessment1_3316626,1250,cfac48f09a939df5fbb7ffc5d45a7203,2337975b-f342-46a0-a7de-1f77958b7caa,INVENTORY,vendorQ1,v_3316626 | OTAuto02 | Consulting,v_3316626 | OTAuto02 | Consulting,v_3316626 | OTAuto02 | Consulting,,,,,,,,,,,,,,ea83dcb5-941b-498c-a459-e15971fbbac3,https://Assessment/Assessment/4a054c12-cc65-4c56-9b25-84ec1b68d574,OTAuto02,b99df4a4-2bf5-4c08-9483-bd636470bc11,b99df4a4-2bf5-4c08-9483-bd636470bc11,America/Sitka
4a054c12-cc65-4c56-9b25-84ec1b68d574,assessment1_3316626,1250,c0700c0ace93037f0a6a7bf0f8a3dc4b,98c3a413-5d33-42cf-ae4f-e11517bd9e5f,ENGAGEMENT,engagementQuestion1,[v_3316626 | OTAuto02 | Consulting] newEng1_3316626,[v_3316626 | OTAuto02 | Consulting] newEng1_3316626,[v_3316626 | OTAuto02 | Consulting] newEng1_3316626,,,,,,,,,,,,,,,https://Assessment/Assessment/4a054c12-cc65-4c56-9b25-84ec1b68d574,OTAuto02,b99df4a4-2bf5-4c08-9483-bd636470bc11,b99df4a4-2bf5-4c08-9483-bd636470bc11,America/Sitka
4a054c12-cc65-4c56-9b25-84ec1b68d574,assessment1_3316626,1250,6563660cebc743a23310d7d6f59d06fc,28c11013-85f1-4b40-a36f-0a026f56a64d,ATTRIBUTE,engagement_nss1_3316626,[v_3316626 | OTAuto02 | Consulting] - [newEng1_3316626] 52,[v_3316626 | OTAuto02 | Consulting] - [newEng1_3316626] 52,[v_3316626 | OTAuto02 | Consulting] - [newEng1_3316626] 52,,,,,,,,,,,,,,,https://Assessment/Assessment/4a054c12-cc65-4c56-9b25-84ec1b68d574,OTAuto02,b99df4a4-2bf5-4c08-9483-bd636470bc11,b99df4a4-2bf5-4c08-9483-bd636470bc11,America/Sitka
4a054c12-cc65-4c56-9b25-84ec1b68d574,assessment1_3316626,1250,f47b5d7e21b3d3be359fb535dab69be8,2e6930bb-8123-413f-9ab6-dc7f652f6252,INVENTORY,vendorQ2,v_3316626 | OTAuto02 | Consulting,v_3316626 | OTAuto02 | Consulting,v_3316626 | OTAuto02 | Consulting,,,,,,,,,,,,,,ea83dcb5-941b-498c-a459-e15971fbbac3,https://Assessment/Assessment/4a054c12-cc65-4c56-9b25-84ec1b68d574,OTAuto02,b99df4a4-2bf5-4c08-9483-bd636470bc11,b99df4a4-2bf5-4c08-9483-bd636470bc11,America/Sitka
4a054c12-cc65-4c56-9b25-84ec1b68d574,assessment1_3316626,1250,8a1ec2c6263f1ff9d2d1051e682bdf08,b457fcf2-c3f5-4d03-bfb8-d8b5fd13b1e6,ENGAGEMENT,engagementQuestion2,[v_3316626 | OTAuto02 | Consulting] newEng2_3316626,[v_3316626 | OTAuto02 | Consulting] newEng2_3316626,[v_3316626 | OTAuto02 | Consulting] newEng2_3316626,,,,,,,,,,,,,,,https://Assessment/Assessment/4a054c12-cc65-4c56-9b25-84ec1b68d574,OTAuto02,b99df4a4-2bf5-4c08-9483-bd636470bc11,b99df4a4-2bf5-4c08-9483-bd636470bc11,America/Sitka
4a054c12-cc65-4c56-9b25-84ec1b68d574,assessment1_3316626,1250,b417b41ad9812840ced061f2cf2f6f22,77388210-4eb6-4efb-aeb4-631d4f25110c,ATTRIBUTE,engagement_nss_3316626,[v_3316626 | OTAuto02 | Consulting] - [newEng2_3316626] 32,[v_3316626 | OTAuto02 | Consulting] - [newEng2_3316626] 32,[v_3316626 | OTAuto02 | Consulting] - [newEng2_3316626] 32,,,,,,,,,,,,,,,https://Assessment/Assessment/4a054c12-cc65-4c56-9b25-84ec1b68d574,OTAuto02,b99df4a4-2bf5-4c08-9483-bd636470bc11,b99df4a4-2bf5-4c08-9483-bd636470bc11,America/Sitka
610cea19-e2fc-44ac-a176-895ddfda5d2a,assessment_3405220,1253,557dde38ec3a25aea6f946dc0ece08b6,5b4a1a57-6331-4dca-8bdc-a21227260d3c,INVENTORY,inventory_3405220,v_3405220 | OTAuto02 | Consulting,v_3405220 | OTAuto02 | Consulting,v_3405220 | OTAuto02 | Consulting,,,,,,,,,,,,,,a3be1bb3-7b89-4528-bb90-93af3447e71d,https://Assessment/Assessment/610cea19-e2fc-44ac-a176-895ddfda5d2a,OTAuto02,b99df4a4-2bf5-4c08-9483-bd636470bc11,b99df4a4-2bf5-4c08-9483-bd636470bc11,America/Sitka
b41b5ee9-e883-401f-9481-e2cb9a171ac3,a_2666165,1251,eb8ad35e2298547feaf3d7e744bff493,e3f217fc-f46c-45bd-8ec6-a4d5404638d1,INVENTORY,inventory_2666165,v_2666165 | OTAuto02 | Consulting,v_2666165 | OTAuto02 | Consulting,v_2666165 | OTAuto02 | Consulting,,,,,,,,,,,,,,a06d50be-4922-451c-9725-85874edc74b4,https://Assessment/Assessment/b41b5ee9-e883-401f-9481-e2cb9a171ac3,OTAuto02,b99df4a4-2bf5-4c08-9483-bd636470bc11,b99df4a4-2bf5-4c08-9483-bd636470bc11,America/Sitka
b41b5ee9-e883-401f-9481-e2cb9a171ac3,a_2666165,1251,2ca0c451aea53f0a57844d3e423be8aa,7544ce5c-229b-401a-a1ce-f567b2335625,CONTRACT,contract_2666165,[v_2666165 | OTAuto02 | Consulting] c_2666165,[v_2666165 | OTAuto02 | Consulting] c_2666165,[v_2666165 | OTAuto02 | Consulting] c_2666165,,,,,,,,,,,,,,,https://Assessment/Assessment/b41b5ee9-e883-401f-9481-e2cb9a171ac3,OTAuto02,b99df4a4-2bf5-4c08-9483-bd636470bc11,b99df4a4-2bf5-4c08-9483-bd636470bc11,America/Sitka
b41b5ee9-e883-401f-9481-e2cb9a171ac3,a_2666165,1251,9bbd2e919a9282abb209c6bc02d21f45,b8d94dc3-b49c-451c-a25d-a3f5859ee26e,ATTRIBUTE,Notes,[v_2666165 | OTAuto02 | Consulting] - [c_2666165] Notes_contract_2666165,[v_2666165 | OTAuto02 | Consulting] - [c_2666165] Notes_contract_2666165,[v_2666165 | OTAuto02 | Consulting] - [c_2666165] Notes_contract_2666165,,,,,,,,,,,,,,,https://Assessment/Assessment/b41b5ee9-e883-401f-9481-e2cb9a171ac3,OTAuto02,b99df4a4-2bf5-4c08-9483-bd636470bc11,b99df4a4-2bf5-4c08-9483-bd636470bc11,America/Sitka
b41b5ee9-e883-401f-9481-e2cb9a171ac3,a_2666165,1251,adb565bf8811fa9ef648ce0b11f827ad,14f1bd97-a9ce-4459-92cd-eabf623c00b2,ENGAGEMENT,engagement_que_2666165?,[v_2666165 | OTAuto02 | Consulting] engagement_2666165 | OTAuto02,[v_2666165 | OTAuto02 | Consulting] engagement_2666165 | OTAuto02,[v_2666165 | OTAuto02 | Consulting] engagement_2666165 | OTAuto02,,,,,,,,,,,,,,,https://Assessment/Assessment/b41b5ee9-e883-401f-9481-e2cb9a171ac3,OTAuto02,b99df4a4-2bf5-4c08-9483-bd636470bc11,b99df4a4-2bf5-4c08-9483-bd636470bc11,America/Sitka
b41b5ee9-e883-401f-9481-e2cb9a171ac3,a_2666165,1251,48b4a69d81800af6cac4092f23c1d8b8,ebb1412e-b454-4f7a-8bad-b7205bf69d10,ATTRIBUTE,External Contact,[v_2666165 | OTAuto02 | Consulting] - [engagement_2666165 | OTAuto02] ExternalContact_2666165,[v_2666165 | OTAuto02 | Consulting] - [engagement_2666165 | OTAuto02] ExternalContact_2666165,[v_2666165 | OTAuto02 | Consulting] - [engagement_2666165 | OTAuto02] ExternalContact_2666165,,,,,,,,,,,,,,,https://Assessment/Assessment/b41b5ee9-e883-401f-9481-e2cb9a171ac3,OTAuto02,b99df4a4-2bf5-4c08-9483-bd636470bc11,b99df4a4-2bf5-4c08-9483-bd636470bc11,America/Sitka
ea60e9bf-f718-4428-96dd-dd8ea7cd86d7,vendor_7461242 - wf_template_7461242,1252,6d55c562f9e0f68f64487ef958706f5b,1ead3a0c-477e-4d2e-9040-00d07371d307,INVENTORY,inventory_7461242,vendor_7461242 | OTAuto02 | Operations,vendor_7461242 | OTAuto02 | Operations,vendor_7461242 | OTAuto02 | Operations,,,,,,,,,,,,,,a55c246d-d9a7-4369-bd0d-cd9683c1ccce,https://Assessment/Assessment/ea60e9bf-f718-4428-96dd-dd8ea7cd86d7,OTAuto02,b99df4a4-2bf5-4c08-9483-bd636470bc11,b99df4a4-2bf5-4c08-9483-bd636470bc11,America/Sitka
0d3bdec1-905c-45d4-bfd7-4043a378c476,Automated_Assessment_65056_9724310,1525,71d5262b0355ff3f10f10b66666af2c0,b8b3eea5-06c3-4820-a205-b12bfe5c1749,TEXTBOX,How and where will the data be stored?,Not Answered,Not Answered,Not Answered,,,,,,,,,,,,,,NotAnswered,https://Assessment/Assessment/0d3bdec1-905c-45d4-bfd7-4043a378c476,OTAuto02,b99df4a4-2bf5-4c08-9483-bd636470bc11,b99df4a4-2bf5-4c08-9483-bd636470bc11,America/Sitka
5f31535b-e57f-4c31-90bc-907dc21bd9ff,Assessment_For_On_submission_348644,1517,71afa3add48ad03db528d07d37d6f4c3,2215453f-3db0-4a2e-97d2-41c23d57e093,YESNO,Q1,Not Answered,Not Answered,Not Answered,,,,,,,,,,,,,,NotAnswered,https://Assessment/Assessment/5f31535b-e57f-4c31-90bc-907dc21bd9ff,OTAuto02,b99df4a4-2bf5-4c08-9483-bd636470bc11,b99df4a4-2bf5-4c08-9483-bd636470bc11,America/Sitka
62a74e75-7b60-469f-ba5b-c3137344a3d6,Assessment_For_On_submission_6942139,1515,2c9ff574296119269cd2e6ba9f41f86d,ab6d94ef-7a13-4a83-b495-c3b799192dd5,YESNO,Q1,Not Answered,Not Answered,Not Answered,,,,,,,,,,,,,,NotAnswered,https://Assessment/Assessment/62a74e75-7b60-469f-ba5b-c3137344a3d6,OTAuto02,b99df4a4-2bf5-4c08-9483-bd636470bc11,b99df4a4-2bf5-4c08-9483-bd636470bc11,America/Sitka
8f705bac-ad5a-46e1-91d7-5712166fbcd9,a_8822666,1523,dde5f36bdf2585f6baa547e569c75b4f,a023d542-931d-4252-bd73-1f381e118622,INVENTORY,Asset Q?,New_Asset_8822666,New_Asset_8822666,New_Asset_8822666,,,,,,,,,,,,,,882fb0ee-0673-4903-9af3-b7980cb7fedb,https://Assessment/Assessment/8f705bac-ad5a-46e1-91d7-5712166fbcd9,OTAuto02,b99df4a4-2bf5-4c08-9483-bd636470bc11,b99df4a4-2bf5-4c08-9483-bd636470bc11,America/Sitka
8f705bac-ad5a-46e1-91d7-5712166fbcd9,a_8822666,1523,b9f29e97f92fd3ef3ed895346633ad05,17903efe-9138-4a68-bf3d-6b657c12afa0,ATTRIBUTE,Hosting location,[New_Asset_8822666]Albania,[New_Asset_8822666]Albania,[New_Asset_8822666]Albania,,,,,,,,,,,,,,,https://Assessment/Assessment/8f705bac-ad5a-46e1-91d7-5712166fbcd9,OTAuto02,b99df4a4-2bf5-4c08-9483-bd636470bc11,b99df4a4-2bf5-4c08-9483-bd636470bc11,America/Sitka
9c3e8f43-5f7c-4906-9d61-07998bbd4db1,Automated_Assessment_20464_2467229,1521,7ede79b6e1e35840ca67f99fe488655c,b0fce2a6-dbe9-42e0-8edc-634253fdfba3,YESNO,How and where will the data be stored?,Not Answered,Not Answered,Not Answered,,,,,,,,,,,,,,NotAnswered,https://Assessment/Assessment/9c3e8f43-5f7c-4906-9d61-07998bbd4db1,OTAuto02,b99df4a4-2bf5-4c08-9483-bd636470bc11,b99df4a4-2bf5-4c08-9483-bd636470bc11,America/Sitka
a2001ddf-cb80-4aba-8baf-2e580383aac9,Assessment_For_On_submission_5945272,1513,af37ea96470e3f6f060d6a800ae254db,c532fca9-6ff5-484d-8f97-e87dfcb22bd6,YESNO,Q1,Not Answered,Not Answered,Not Answered,,,,,,,,,,,,,,NotAnswered,https://Assessment/Assessment/a2001ddf-cb80-4aba-8baf-2e580383aac9,OTAuto02,b99df4a4-2bf5-4c08-9483-bd636470bc11,b99df4a4-2bf5-4c08-9483-bd636470bc11,America/Sitka
d2c81a36-5e08-42d3-b7b9-f4f9f89f2a81,a_8822666 - t1_8822666,1524,c0ada320b684c4d126b456f22ea199e5,e89ae841-e208-4c1c-a469-a3afb279bb60,YESNO,Asset Q?,Not Answered,Not Answered,Not Answered,,,,,,,,,,,,,,NotAnswered,https://Assessment/Assessment/d2c81a36-5e08-42d3-b7b9-f4f9f89f2a81,OTAuto02,b99df4a4-2bf5-4c08-9483-bd636470bc11,b99df4a4-2bf5-4c08-9483-bd636470bc11,America/Sitka
0b662af6-2eac-472c-b3ea-1c8959e6aa7c,pa_1501_9987438,1270,1f186c5b8c8aa4422f1cb41a7f085c74,e4edca77-6681-4c3c-b78d-33d6c7ec578e,INVENTORY,Q1,pa_1501_9987438 | OTAuto02,pa_1501_9987438 | OTAuto02,pa_1501_9987438 | OTAuto02,,,,,,,,,,,,,,9a2a8baa-549a-4e1e-8c5c-ee5e8a127dec,https://Assessment/Assessment/0b662af6-2eac-472c-b3ea-1c8959e6aa7c,OTAuto02,b99df4a4-2bf5-4c08-9483-bd636470bc11,b99df4a4-2bf5-4c08-9483-bd636470bc11,America/Sitka
a671a918-ff2c-48fb-9deb-b1923f892da5,AssessmentName_4088898,1263,adff8220ae6d91d2adcb183a8e05ef28,c9da15bf-3cfc-4683-87cf-b6619fdc11af,ATTRIBUTE,Name,[OneTrust_4088898 | OTAuto02 | Consulting]OneTrust_4088898,[OneTrust_4088898 | OTAuto02 | Consulting]OneTrust_4088898,[OneTrust_4088898 | OTAuto02 | Consulting]OneTrust_4088898,,,,,,,,,,,,,,,https://Assessment/Assessment/a671a918-ff2c-48fb-9deb-b1923f892da5,OTAuto02,b99df4a4-2bf5-4c08-9483-bd636470bc11,b99df4a4-2bf5-4c08-9483-bd636470bc11,America/Sitka
0b662af6-2eac-472c-b3ea-1c8959e6aa7c,pa_1501_9987438,1270,f84adb37b892e35761b01db491096dc1,0f5ca756-27c8-4357-aaa8-3a28ef544d2d,INVENTORY,Q2,asset_1501_01_9987438 | OTAuto02 | Unknown,asset_1501_01_9987438 | OTAuto02 | Unknown,asset_1501_01_9987438 | OTAuto02 | Unknown,,,,,,,,,,,,,,116f5c97-9572-45cd-bd93-7e245b268948,https://Assessment/Assessment/0b662af6-2eac-472c-b3ea-1c8959e6aa7c,OTAuto02,b99df4a4-2bf5-4c08-9483-bd636470bc11,b99df4a4-2bf5-4c08-9483-bd636470bc11,America/Sitka
a671a918-ff2c-48fb-9deb-b1923f892da5,AssessmentName_4088898,1263,037704ac2372b9a0311574a93241fe0f,ab96e7d1-f771-47dd-b6e4-1155a538993f,INVENTORY,Qvendor,OneTrust_4088898 | OTAuto02 | Consulting,OneTrust_4088898 | OTAuto02 | Consulting,OneTrust_4088898 | OTAuto02 | Consulting,,,,,,,,,,,,,,c23f6d1b-5890-497e-b651-6426f7095ed4,https://Assessment/Assessment/a671a918-ff2c-48fb-9deb-b1923f892da5,OTAuto02,b99df4a4-2bf5-4c08-9483-bd636470bc11,b99df4a4-2bf5-4c08-9483-bd636470bc11,America/Sitka
a671a918-ff2c-48fb-9deb-b1923f892da5,AssessmentName_4088898,1263,bdfd7b6e339c189041f97a9542a682a6,d6971d0b-4546-4ae6-ae06-798c4babb324,YESNO,Do you have dash cameras?,No,No,No,,,,,,,,,,,,,,No,https://Assessment/Assessment/a671a918-ff2c-48fb-9deb-b1923f892da5,OTAuto02,b99df4a4-2bf5-4c08-9483-bd636470bc11,b99df4a4-2bf5-4c08-9483-bd636470bc11,America/Sitka
0b662af6-2eac-472c-b3ea-1c8959e6aa7c,pa_1501_9987438,1270,2e00659d52565f4f5c65534c0566b092,aa6c410c-f993-4f43-9662-811b943c4f00,INVENTORY,Q4,asset_1501_03_9987438 | OTAuto02 | Unknown,asset_1501_03_9987438 | OTAuto02 | Unknown,asset_1501_03_9987438 | OTAuto02 | Unknown,,,,,,,,,,,,,,8d370bf4-fd98-46cb-9514-7179ba209625,https://Assessment/Assessment/0b662af6-2eac-472c-b3ea-1c8959e6aa7c,OTAuto02,b99df4a4-2bf5-4c08-9483-bd636470bc11,b99df4a4-2bf5-4c08-9483-bd636470bc11,America/Sitka
3c2050e7-3e66-47c5-9785-7be5e403fd6b,assessment1_1416741,1268,29aaab87803670ca940d162cdd6dfa74,6bd0ed76-af75-45e5-ba99-ac10e0a024fc,MULTICHOICE,Is it a multichoice random_ question type?,Not Answered,Not Answered,Not Answered,,,,,,,,,,,,,,NotAnswered,https://Assessment/Assessment/3c2050e7-3e66-47c5-9785-7be5e403fd6b,OTAuto02,b99df4a4-2bf5-4c08-9483-bd636470bc11,b99df4a4-2bf5-4c08-9483-bd636470bc11,America/Sitka
bf71e3b0-8ac1-4bba-85d9-2a253ad575f4,assessment_9641541,1258,7704a47141680ef788d9d8fe40ce4097,f2e38573-df4b-4690-88a6-ea64d774b25f,ENGAGEMENT,engagement_1_9641541,[v_9641541 | OTAuto02 | Consulting] eng_9641541 | OTAuto02,[v_9641541 | OTAuto02 | Consulting] eng_9641541 | OTAuto02,[v_9641541 | OTAuto02 | Consulting] eng_9641541 | OTAuto02,,,,,,,,,,,,,,,https://Assessment/Assessment/bf71e3b0-8ac1-4bba-85d9-2a253ad575f4,OTAuto02,b99df4a4-2bf5-4c08-9483-bd636470bc11,b99df4a4-2bf5-4c08-9483-bd636470bc11,America/Sitka
0b662af6-2eac-472c-b3ea-1c8959e6aa7c,pa_1501_9987438,1270,c3cdc894162cffba209e0950e38adb13,20523e32-a8d3-40dd-9701-255f833da248,INVENTORY,Q3,asset_1501_02_9987438 | OTAuto02 | Unknown,asset_1501_02_9987438 | OTAuto02 | Unknown,asset_1501_02_9987438 | OTAuto02 | Unknown,,,,,,,,,,,,,,3210e46c-73fc-4dfb-88b8-a3a4ad31e2f8,https://Assessment/Assessment/0b662af6-2eac-472c-b3ea-1c8959e6aa7c,OTAuto02,b99df4a4-2bf5-4c08-9483-bd636470bc11,b99df4a4-2bf5-4c08-9483-bd636470bc11,America/Sitka
a671a918-ff2c-48fb-9deb-b1923f892da5,AssessmentName_4088898,1263,6d7cf459a08e756028b9c396329010f6,5abe1ec0-b72b-445f-9880-234aa8967cf5,TEXTBOX,Favorite color?,Red,Red,Red,,,,,,,,,,,,,,,https://Assessment/Assessment/a671a918-ff2c-48fb-9deb-b1923f892da5,OTAuto02,b99df4a4-2bf5-4c08-9483-bd636470bc11,b99df4a4-2bf5-4c08-9483-bd636470bc11,America/Sitka
b81ad9a2-fe5b-4e5e-a822-4146615ecdb6,a_7983927,1269,323b3fcf19fe421c94d540538f0ec727,dfc2d5f2-7d2b-40e5-80b0-661b8c0909e7,INVENTORY,inventory_7983927,v_7983927 | OTAuto02 | Consulting,v_7983927 | OTAuto02 | Consulting,v_7983927 | OTAuto02 | Consulting,,,,,,,,,,,,,,4acd86cf-d78b-4a62-a4c8-0071eeeba5a7,https://Assessment/Assessment/b81ad9a2-fe5b-4e5e-a822-4146615ecdb6,OTAuto02,b99df4a4-2bf5-4c08-9483-bd636470bc11,b99df4a4-2bf5-4c08-9483-bd636470bc11,America/Sitka
db40d464-5ac3-49c0-8f08-3fc93cd07796,assessment2_1416741,1271,c37215ba10dd7a5763e4dae6a2d41624,6bd0ed76-af75-45e5-ba99-ac10e0a024fc,MULTICHOICE,Is it a multichoice random_ question type?,Not Answered,Not Answered,Not Answered,,,,,,,,,,,,,,NotAnswered,https://Assessment/Assessment/db40d464-5ac3-49c0-8f08-3fc93cd07796,OTAuto02,b99df4a4-2bf5-4c08-9483-bd636470bc11,b99df4a4-2bf5-4c08-9483-bd636470bc11,America/Sitka
b81ad9a2-fe5b-4e5e-a822-4146615ecdb6,a_7983927,1269,2330cf830464d96a5d5f69587c274147,fa40850c-cfcb-4231-a4d1-7da3b8364f1e,CONTRACT,contract_7983927,Not Answered,Not Answered,Not Answered,,,,,,,,,,,,,,NotAnswered,https://Assessment/Assessment/b81ad9a2-fe5b-4e5e-a822-4146615ecdb6,OTAuto02,b99df4a4-2bf5-4c08-9483-bd636470bc11,b99df4a4-2bf5-4c08-9483-bd636470bc11,America/Sitka
bf71e3b0-8ac1-4bba-85d9-2a253ad575f4,assessment_9641541,1258,32feef4289e7bab784225737508c4b92,cebf2538-a3ae-47c6-876e-b8b98789a9d2,INVENTORY,inventory_9641541,v_9641541 | OTAuto02 | Consulting,v_9641541 | OTAuto02 | Consulting,v_9641541 | OTAuto02 | Consulting,,,,,,,,,,,,,,732d9267-7c66-41c2-a0f8-10c480e84f06,https://Assessment/Assessment/bf71e3b0-8ac1-4bba-85d9-2a253ad575f4,OTAuto02,b99df4a4-2bf5-4c08-9483-bd636470bc11,b99df4a4-2bf5-4c08-9483-bd636470bc11,America/Sitka
7454d03f-2bec-4e2f-b332-1c187b8d4ff9,a_5018553,1284,5413d7cd6732a35b0316a0354fba5bb7,aa92b3cf-7ada-4768-adac-6eb198e6ee0c,ENGAGEMENT,engagement_5018553,[Vendor_5018553 | OTAuto02 | Consulting] e2_5018553,[Vendor_5018553 | OTAuto02 | Consulting] e2_5018553,[Vendor_5018553 | OTAuto02 | Consulting] e2_5018553,,,,,,,,,,,,,,,https://Assessment/Assessment/7454d03f-2bec-4e2f-b332-1c187b8d4ff9,OTAuto02,b99df4a4-2bf5-4c08-9483-bd636470bc11,b99df4a4-2bf5-4c08-9483-bd636470bc11,America/Sitka
7a41c517-9f4b-42e0-913e-07aff332a8c9,Automated_Assessment_5283735,1277,e1199f8619feb49a7340eb6957ac574b,0ee7874a-3bff-4303-a3ba-8c0b4fc51d26,ATTRIBUTE,IT Owner,[asset_1515_5283735 | OTAuto02 | Unknown]onettenant+1515_5283735@svc.onetrust.com,[asset_1515_5283735 | OTAuto02 | Unknown]onettenant+1515_5283735@svc.onetrust.com,[asset_1515_5283735 | OTAuto02 | Unknown]onettenant+1515_5283735@svc.onetrust.com,,,,,,,,,,,,,,,https://Assessment/Assessment/7a41c517-9f4b-42e0-913e-07aff332a8c9,OTAuto02,b99df4a4-2bf5-4c08-9483-bd636470bc11,b99df4a4-2bf5-4c08-9483-bd636470bc11,America/Sitka
cecf2f77-9fe6-435f-8cb9-57e53fd91ffe,a_7145043,1282,35b1d3274fdfa452ea20a068e08c6a15,173e92ed-27fa-4665-8722-301c66dbbe53,CONTRACT,contract_7145043,[v_7145043 | OTAuto02 | Consulting] 2c_7145043,[v_7145043 | OTAuto02 | Consulting] 2c_7145043,[v_7145043 | OTAuto02 | Consulting] 2c_7145043,,,,,,,,,,,,,,,https://Assessment/Assessment/cecf2f77-9fe6-435f-8cb9-57e53fd91ffe,OTAuto02,b99df4a4-2bf5-4c08-9483-bd636470bc11,b99df4a4-2bf5-4c08-9483-bd636470bc11,America/Sitka
431fc604-938d-4aa6-8e01-ec4e62089151,LaunchAssmnt_2709409,1286,e46e085e2fd053b8df6c1b10eb495215,20b7724e-9e21-4ef0-8428-f848d22a7a27,ATTRIBUTE,single_select_2709409,[Incident_2709409]A,[Incident_2709409]A,[Incident_2709409]A,,,,,,,,,,,,,,,https://Assessment/Assessment/431fc604-938d-4aa6-8e01-ec4e62089151,OTAuto02,b99df4a4-2bf5-4c08-9483-bd636470bc11,b99df4a4-2bf5-4c08-9483-bd636470bc11,America/Sitka
7454d03f-2bec-4e2f-b332-1c187b8d4ff9,a_5018553,1284,19fb83267f25421f2f6066be1a5e06f2,d5e8bc29-5186-42f7-82bb-27b683d3c0f7,INVENTORY,inventory_5018553,Vendor_5018553 | OTAuto02 | Consulting,Vendor_5018553 | OTAuto02 | Consulting,Vendor_5018553 | OTAuto02 | Consulting,,,,,,,,,,,,,,cf8b85a9-fd93-40d1-9a71-2144b1f678f7,https://Assessment/Assessment/7454d03f-2bec-4e2f-b332-1c187b8d4ff9,OTAuto02,b99df4a4-2bf5-4c08-9483-bd636470bc11,b99df4a4-2bf5-4c08-9483-bd636470bc11,America/Sitka
adbc791d-51ff-479b-91a4-6ecb7c333fd3,LaunchAssmnt_8979962,1285,02ee4d091868e31421e727658e1cc1ab,f58dd7d6-99ef-465f-b17e-e279317d4a09,ATTRIBUTE,date_time_8979962,Not Answered,Not Answered,Not Answered,,,,,,,,,,,,,,NotAnswered,https://Assessment/Assessment/adbc791d-51ff-479b-91a4-6ecb7c333fd3,OTAuto02,b99df4a4-2bf5-4c08-9483-bd636470bc11,b99df4a4-2bf5-4c08-9483-bd636470bc11,America/Sitka
ba33023c-1165-425a-aee5-96d012673ea9,APIBulk_Assessment_7142410,1280,324236d794e14e69cd74da9f865c7fc1,ea8c748e-35c8-4992-aa43-0ec5234d3f0d,MULTICHOICE,Is it a multichoice random_ question type?,Not Answered,Not Answered,Not Answered,,,,,,,,,,,,,,NotAnswered,https://Assessment/Assessment/ba33023c-1165-425a-aee5-96d012673ea9,OTAuto02,b99df4a4-2bf5-4c08-9483-bd636470bc11,b99df4a4-2bf5-4c08-9483-bd636470bc11,America/Sitka
ed211c54-dba7-446b-8b1a-a6a0ec58a2c9,LaunchAssmnt_2709409 - Incident_Template1_436_2709409,1287,65d2fea957cb94fb31a23ea2cf1a6c6a,72d36151-6e25-45b5-99bd-a22ae6d9bd03,ATTRIBUTE,Incident Type,[Incident_2709409]Hoax,[Incident_2709409]Hoax,[Incident_2709409]Hoax,,,,,,,,,,,,,,,https://Assessment/Assessment/ed211c54-dba7-446b-8b1a-a6a0ec58a2c9,OTAuto02,b99df4a4-2bf5-4c08-9483-bd636470bc11,b99df4a4-2bf5-4c08-9483-bd636470bc11,America/Sitka
431fc604-938d-4aa6-8e01-ec4e62089151,LaunchAssmnt_2709409,1286,e5bf89e422d3fa6f3d20e1a7691af24a,387ca3c1-16d9-4d58-a140-63df974d8367,INCIDENT,IncidentQuestion2_2709409?,Incident_2709409,Incident_2709409,Incident_2709409,,,,,,,,,,,,,,46cd5a52-2b95-443a-bd65-a629637f6695,https://Assessment/Assessment/431fc604-938d-4aa6-8e01-ec4e62089151,OTAuto02,b99df4a4-2bf5-4c08-9483-bd636470bc11,b99df4a4-2bf5-4c08-9483-bd636470bc11,America/Sitka
adbc791d-51ff-479b-91a4-6ecb7c333fd3,LaunchAssmnt_8979962,1285,a4a66fe4113e43402192884275988543,55197929-c5df-41e0-b216-5d5a63ed74da,ATTRIBUTE,Date Occurred,[Incident_8979962]2026-03-26T22:57:30.000Z,[Incident_8979962]2026-03-26T22:57:30.000Z,[Incident_8979962]2026-03-26T22:57:30.000Z,,,,,,,,,,,,,,,https://Assessment/Assessment/adbc791d-51ff-479b-91a4-6ecb7c333fd3,OTAuto02,b99df4a4-2bf5-4c08-9483-bd636470bc11,b99df4a4-2bf5-4c08-9483-bd636470bc11,America/Sitka
dae462eb-59b2-4308-b10d-cc171ba6550f,pa_1_8653814 - vrmAssessments_template_8653814,1288,5570e957a62119c9fe336980cedd91ee,69a26764-0096-4750-9ab8-049926354e64,INVENTORY,How and where will the data be stored?,pa_1_8653814 | OTAuto02,pa_1_8653814 | OTAuto02,pa_1_8653814 | OTAuto02,,,,,,,,,,,,,,88fc236e-c453-4e1e-984c-87e139f5efc2,https://Assessment/Assessment/dae462eb-59b2-4308-b10d-cc171ba6550f,OTAuto02,b99df4a4-2bf5-4c08-9483-bd636470bc11,b99df4a4-2bf5-4c08-9483-bd636470bc11,America/Sitka
38beaa67-e179-4361-be85-a73e348f1ce0,automation_template_3283815_Assessment,1278,68adf457602189bda8296ce72e474745,89befc41-2827-458d-9772-dcd4e5f3ca74,INVENTORY,vendorQ1,v_3283815 | OTAuto02 | Consulting,v_3283815 | OTAuto02 | Consulting,v_3283815 | OTAuto02 | Consulting,,,,,,,,,,,,,,499e37a3-250b-4bf6-be43-ecfa2e190f4e,https://Assessment/Assessment/38beaa67-e179-4361-be85-a73e348f1ce0,OTAuto02,b99df4a4-2bf5-4c08-9483-bd636470bc11,b99df4a4-2bf5-4c08-9483-bd636470bc11,America/Sitka
7a41c517-9f4b-42e0-913e-07aff332a8c9,Automated_Assessment_5283735,1277,6f1230d6c791a7aa0ed8edf87d56633e,e00fdd2b-3eb9-43b4-94ca-b7207a511726,INVENTORY,Q1,asset_1515_5283735 | OTAuto02 | Unknown,asset_1515_5283735 | OTAuto02 | Unknown,asset_1515_5283735 | OTAuto02 | Unknown,,,,,,,,,,,,,,22c9229e-f6f3-4fec-b6c1-44bc4c757fad,https://Assessment/Assessment/7a41c517-9f4b-42e0-913e-07aff332a8c9,OTAuto02,b99df4a4-2bf5-4c08-9483-bd636470bc11,b99df4a4-2bf5-4c08-9483-bd636470bc11,America/Sitka
adbc791d-51ff-479b-91a4-6ecb7c333fd3,LaunchAssmnt_8979962,1285,03ae2a9b079a2b4b226f192172a049ff,9ec9adaf-66ed-40e7-b13f-16470594adce,ATTRIBUTE,Date Discovered,[Incident_8979962]2026-03-26T22:57:30.000Z,[Incident_8979962]2026-03-26T22:57:30.000Z,[Incident_8979962]2026-03-26T22:57:30.000Z,,,,,,,,,,,,,,,https://Assessment/Assessment/adbc791d-51ff-479b-91a4-6ecb7c333fd3,OTAuto02,b99df4a4-2bf5-4c08-9483-bd636470bc11,b99df4a4-2bf5-4c08-9483-bd636470bc11,America/Sitka
adbc791d-51ff-479b-91a4-6ecb7c333fd3,LaunchAssmnt_8979962,1285,4f205f6fe3e953ccb7ecd452b7132b8b,09fc359f-5fb5-4953-baa5-5e31c0632e70,ATTRIBUTE,single_select_8979962,[Incident_8979962]A,[Incident_8979962]A,[Incident_8979962]A,,,,,,,,,,,,,,,https://Assessment/Assessment/adbc791d-51ff-479b-91a4-6ecb7c333fd3,OTAuto02,b99df4a4-2bf5-4c08-9483-bd636470bc11,b99df4a4-2bf5-4c08-9483-bd636470bc11,America/Sitka
adbc791d-51ff-479b-91a4-6ecb7c333fd3,LaunchAssmnt_8979962,1285,410c05b9fb6b3c80e0aeb112f69e81c9,dcd40d97-0f67-42aa-b309-9a6758efb72c,ATTRIBUTE,date_8979962,Not Answered,Not Answered,Not Answered,,,,,,,,,,,,,,NotAnswered,https://Assessment/Assessment/adbc791d-51ff-479b-91a4-6ecb7c333fd3,OTAuto02,b99df4a4-2bf5-4c08-9483-bd636470bc11,b99df4a4-2bf5-4c08-9483-bd636470bc11,America/Sitka
ed211c54-dba7-446b-8b1a-a6a0ec58a2c9,LaunchAssmnt_2709409 - Incident_Template1_436_2709409,1287,488ebe70b31318f4cd603ce33732895e,04a6e5ef-868e-44bd-aa93-84bdab2a84e0,INCIDENT,IncidentQuestion_2709409?,Incident_2709409,Incident_2709409,Incident_2709409,,,,,,,,,,,,,,46cd5a52-2b95-443a-bd65-a629637f6695,https://Assessment/Assessment/ed211c54-dba7-446b-8b1a-a6a0ec58a2c9,OTAuto02,b99df4a4-2bf5-4c08-9483-bd636470bc11,b99df4a4-2bf5-4c08-9483-bd636470bc11,America/Sitka
38beaa67-e179-4361-be85-a73e348f1ce0,automation_template_3283815_Assessment,1278,c6b34c04c566508cd0b14b20365839bf,365145a2-7d61-45a8-9b60-9c39b74f8dd5,ENGAGEMENT,engagementQuestion1,[v_3283815 | OTAuto02 | Consulting] Engagement_3283815 | OTAuto02,[v_3283815 | OTAuto02 | Consulting] Engagement_3283815 | OTAuto02,[v_3283815 | OTAuto02 | Consulting] Engagement_3283815 | OTAuto02,,,,,,,,,,,,,,,https://Assessment/Assessment/38beaa67-e179-4361-be85-a73e348f1ce0,OTAuto02,b99df4a4-2bf5-4c08-9483-bd636470bc11,b99df4a4-2bf5-4c08-9483-bd636470bc11,America/Sitka
adbc791d-51ff-479b-91a4-6ecb7c333fd3,LaunchAssmnt_8979962,1285,a642c62e4c0c3655e2ec75d5d09d4ecc,e5ac6afe-9a15-43cb-ab51-372fb71bd0dd,ATTRIBUTE,Deadline,[Incident_8979962]2026-03-26T22:57:30.000Z,[Incident_8979962]2026-03-26T22:57:30.000Z,[Incident_8979962]2026-03-26T22:57:30.000Z,,,,,,,,,,,,,,,https://Assessment/Assessment/adbc791d-51ff-479b-91a4-6ecb7c333fd3,OTAuto02,b99df4a4-2bf5-4c08-9483-bd636470bc11,b99df4a4-2bf5-4c08-9483-bd636470bc11,America/Sitka
adbc791d-51ff-479b-91a4-6ecb7c333fd3,LaunchAssmnt_8979962,1285,b264d3759675dcc6054646621c10ed37,bad975a6-15de-42d6-aebd-8f6bd23b7410,ATTRIBUTE,text_8979962,Not Answered,Not Answered,Not Answered,,,,,,,,,,,,,,NotAnswered,https://Assessment/Assessment/adbc791d-51ff-479b-91a4-6ecb7c333fd3,OTAuto02,b99df4a4-2bf5-4c08-9483-bd636470bc11,b99df4a4-2bf5-4c08-9483-bd636470bc11,America/Sitka
cecf2f77-9fe6-435f-8cb9-57e53fd91ffe,a_7145043,1282,04964e11076bfe79f7c15a29a45b7423,f2e73e0d-968c-419a-88b4-51b38fe6191c,INVENTORY,inventory_7145043,v_7145043 | OTAuto02 | Consulting,v_7145043 | OTAuto02 | Consulting,v_7145043 | OTAuto02 | Consulting,,,,,,,,,,,,,,60769696-dd64-4a6d-8118-90318481cf5f,https://Assessment/Assessment/cecf2f77-9fe6-435f-8cb9-57e53fd91ffe,OTAuto02,b99df4a4-2bf5-4c08-9483-bd636470bc11,b99df4a4-2bf5-4c08-9483-bd636470bc11,America/Sitka
dae462eb-59b2-4308-b10d-cc171ba6550f,pa_1_8653814 - vrmAssessments_template_8653814,1288,a36f35b7f39dfdc919358e30e1b8ae7b,ea4cf71b-490d-42bd-9f9f-e665acb066e0,YESNO,Yes or No question?,Not Answered,Not Answered,Not Answered,,,,,,,,,,,,,,NotAnswered,https://Assessment/Assessment/dae462eb-59b2-4308-b10d-cc171ba6550f,OTAuto02,b99df4a4-2bf5-4c08-9483-bd636470bc11,b99df4a4-2bf5-4c08-9483-bd636470bc11,America/Sitka
ed211c54-dba7-446b-8b1a-a6a0ec58a2c9,LaunchAssmnt_2709409 - Incident_Template1_436_2709409,1287,6073dfab36476c0c220e4aaa09d5d183,ae862ed3-4559-4427-bd47-c98154765093,ATTRIBUTE,Description,[Incident_2709409]Automated Description Updated,[Incident_2709409]Automated Description Updated,[Incident_2709409]Automated Description Updated,,,,,,,,,,,,,,,https://Assessment/Assessment/ed211c54-dba7-446b-8b1a-a6a0ec58a2c9,OTAuto02,b99df4a4-2bf5-4c08-9483-bd636470bc11,b99df4a4-2bf5-4c08-9483-bd636470bc11,America/Sitka
7454d03f-2bec-4e2f-b332-1c187b8d4ff9,a_5018553,1284,822b0c7d52b4d2d54d162f9ada035941,4f65528a-b56f-4aec-a1ac-1943d939d92c,ATTRIBUTE,Engagement End Date,[Vendor_5018553 | OTAuto02 | Consulting] - [e2_5018553] 2025-12-03,[Vendor_5018553 | OTAuto02 | Consulting] - [e2_5018553] 2025-12-03,[Vendor_5018553 | OTAuto02 | Consulting] - [e2_5018553] 2025-12-03,,,,,,,,,,,,,,,https://Assessment/Assessment/7454d03f-2bec-4e2f-b332-1c187b8d4ff9,OTAuto02,b99df4a4-2bf5-4c08-9483-bd636470bc11,b99df4a4-2bf5-4c08-9483-bd636470bc11,America/Sitka
adbc791d-51ff-479b-91a4-6ecb7c333fd3,LaunchAssmnt_8979962,1285,9218e507b01aed3b3f9ca9c69596ae2d,d6191ef2-578c-46af-a8ed-f9c6159416bc,INCIDENT,Incident_8979962,Incident_8979962,Incident_8979962,Incident_8979962,,,,,,,,,,,,,,5a4b64d6-b1e9-4440-a644-ffdcf9253f8e,https://Assessment/Assessment/adbc791d-51ff-479b-91a4-6ecb7c333fd3,OTAuto02,b99df4a4-2bf5-4c08-9483-bd636470bc11,b99df4a4-2bf5-4c08-9483-bd636470bc11,America/Sitka
adbc791d-51ff-479b-91a4-6ecb7c333fd3,LaunchAssmnt_8979962,1285,be1c16026a3f207927e30e1daaf55e20,d7c9aa97-af76-479c-95b8-d5c8354be5e4,ATTRIBUTE,Description,[Incident_8979962]Automated Description,[Incident_8979962]Automated Description,[Incident_8979962]Automated Description,,,,,,,,,,,,,,,https://Assessment/Assessment/adbc791d-51ff-479b-91a4-6ecb7c333fd3,OTAuto02,b99df4a4-2bf5-4c08-9483-bd636470bc11,b99df4a4-2bf5-4c08-9483-bd636470bc11,America/Sitka
adbc791d-51ff-479b-91a4-6ecb7c333fd3,LaunchAssmnt_8979962,1285,69b2c3c0f759e350caac0d367ebc31d4,be99dd22-1f2e-4069-9d4a-ff855dd0b43b,ATTRIBUTE,Root Cause,[Incident_8979962]Automated RootCause,[Incident_8979962]Automated RootCause,[Incident_8979962]Automated RootCause,,,,,,,,,,,,,,,https://Assessment/Assessment/adbc791d-51ff-479b-91a4-6ecb7c333fd3,OTAuto02,b99df4a4-2bf5-4c08-9483-bd636470bc11,b99df4a4-2bf5-4c08-9483-bd636470bc11,America/Sitka
adbc791d-51ff-479b-91a4-6ecb7c333fd3,LaunchAssmnt_8979962,1285,03ded8088f30b234e79244b0466d6ac8,139473cc-ed10-48ca-a4e6-50a67346a366,ATTRIBUTE,multi_select_8979962,[Incident_8979962]B,[Incident_8979962]B,[Incident_8979962]B,,,,,,,,,,,,,,,https://Assessment/Assessment/adbc791d-51ff-479b-91a4-6ecb7c333fd3,OTAuto02,b99df4a4-2bf5-4c08-9483-bd636470bc11,b99df4a4-2bf5-4c08-9483-bd636470bc11,America/Sitka
1352687e-dc8a-4bf8-bc1e-0111b9664fe2,Assessment_name_6530282,1292,ce7281d41a2013cd9d26a6b5ce7839a6,81a4e649-6e5d-49d2-9d47-02391a55affb,INVENTORY,inventory_6530282,v1_6530282 | OTAuto02 | Consulting,v1_6530282 | OTAuto02 | Consulting,v1_6530282 | OTAuto02 | Consulting,,,,,,,,,,,,,,d4b61daa-8774-474f-9aa4-a126ba3a3ee1,https://Assessment/Assessment/1352687e-dc8a-4bf8-bc1e-0111b9664fe2,OTAuto02,b99df4a4-2bf5-4c08-9483-bd636470bc11,b99df4a4-2bf5-4c08-9483-bd636470bc11,America/Sitka
1352687e-dc8a-4bf8-bc1e-0111b9664fe2,Assessment_name_6530282,1292,c9edc0dfa512765e5054b165a3b50a52,084e747b-4ac8-45bc-91a1-bdb8a18e4260,ENGAGEMENT,engagement_6530282,[v1_6530282 | OTAuto02 | Consulting] e2_6530282,[v1_6530282 | OTAuto02 | Consulting] e2_6530282,[v1_6530282 | OTAuto02 | Consulting] e2_6530282,,,,,,,,,,,,,,,https://Assessment/Assessment/1352687e-dc8a-4bf8-bc1e-0111b9664fe2,OTAuto02,b99df4a4-2bf5-4c08-9483-bd636470bc11,b99df4a4-2bf5-4c08-9483-bd636470bc11,America/Sitka
1352687e-dc8a-4bf8-bc1e-0111b9664fe2,Assessment_name_6530282,1292,142fdec0c8f360abf1e2526bb37c5c5f,01c1429e-e998-48ca-8f27-c161eb5b199e,ATTRIBUTE,External Contact,[v1_6530282 | OTAuto02 | Consulting] - [e2_6530282] ExternalContact_6530282,[v1_6530282 | OTAuto02 | Consulting] - [e2_6530282] ExternalContact_6530282,[v1_6530282 | OTAuto02 | Consulting] - [e2_6530282] ExternalContact_6530282,,,,,,,,,,,,,,,https://Assessment/Assessment/1352687e-dc8a-4bf8-bc1e-0111b9664fe2,OTAuto02,b99df4a4-2bf5-4c08-9483-bd636470bc11,b99df4a4-2bf5-4c08-9483-bd636470bc11,America/Sitka
9acbdfa4-fe2f-4e9e-be94-f652611b7fed,Assessment_4656334,1291,d6ece0c61b6c722d797d4947a3a220b6,ea8c748e-35c8-4992-aa43-0ec5234d3f0d,MULTICHOICE,Is it a multichoice random_ question type?,Not Answered,Not Answered,Not Answered,,,,,,,,,,,,,,NotAnswered,https://Assessment/Assessment/9acbdfa4-fe2f-4e9e-be94-f652611b7fed,OTAuto02,b99df4a4-2bf5-4c08-9483-bd636470bc11,b99df4a4-2bf5-4c08-9483-bd636470bc11,America/Sitka
e5cc2108-51e7-4139-ae90-9f0cc6b19d2c,Automated_Assessment_9714215,1294,2e04f4ae8d8cb7e447710b765a2843d8,74e9b8de-2cbb-4048-8473-d44eb672bba1,INVENTORY,Q1,asset_1494_9714215 | OTAuto02 | Unknown,asset_1494_9714215 | OTAuto02 | Unknown,asset_1494_9714215 | OTAuto02 | Unknown,,,,,,,,,,,,,,4b5ddde2-8344-4501-af66-26096dab2cc8,https://Assessment/Assessment/e5cc2108-51e7-4139-ae90-9f0cc6b19d2c,OTAuto02,b99df4a4-2bf5-4c08-9483-bd636470bc11,b99df4a4-2bf5-4c08-9483-bd636470bc11,America/Sitka
e5cc2108-51e7-4139-ae90-9f0cc6b19d2c,Automated_Assessment_9714215,1294,48a5ee27e146b76d4822a60251fe1ce1,8f8bfce2-ce41-47b6-8a95-b2aede6766e6,ATTRIBUTE,Data Disposal,[asset_1494_9714215 | OTAuto02 | Unknown]Archive Server,[asset_1494_9714215 | OTAuto02 | Unknown]Archive Server,[asset_1494_9714215 | OTAuto02 | Unknown]Archive Server,,,,,,,,,,,,,,,https://Assessment/Assessment/e5cc2108-51e7-4139-ae90-9f0cc6b19d2c,OTAuto02,b99df4a4-2bf5-4c08-9483-bd636470bc11,b99df4a4-2bf5-4c08-9483-bd636470bc11,America/Sitka
e5cc2108-51e7-4139-ae90-9f0cc6b19d2c,Automated_Assessment_9714215,1294,8fd843aa4d928c7c2708735a98f0c2e4,e87267a2-a909-4eb5-ac25-db9bd6ac0f23,INVENTORY,Q2,pa_1494_9714215 | OTAuto02 ,pa_1494_9714215 | OTAuto02,pa_1494_9714215 | OTAuto02 ,,,,,,,,,,,,,,5497663a-198d-4a65-95cf-ec4f84772cb2,https://Assessment/Assessment/e5cc2108-51e7-4139-ae90-9f0cc6b19d2c,OTAuto02,b99df4a4-2bf5-4c08-9483-bd636470bc11,b99df4a4-2bf5-4c08-9483-bd636470bc11,America/Sitka
e5cc2108-51e7-4139-ae90-9f0cc6b19d2c,Automated_Assessment_9714215,1294,a425dd8ddb7323d9b2da7f548143d249,ac2b4148-590d-4dcf-9fd6-97fe813b1932,ATTRIBUTE,pa_single_9714215,[pa_1494_9714215 | OTAuto02 ]value_1_9714215,[pa_1494_9714215 | OTAuto02 ]value_1_9714215,[pa_1494_9714215 | OTAuto02 ]value_1_9714215,,,,,,,,,,,,,,,https://Assessment/Assessment/e5cc2108-51e7-4139-ae90-9f0cc6b19d2c,OTAuto02,b99df4a4-2bf5-4c08-9483-bd636470bc11,b99df4a4-2bf5-4c08-9483-bd636470bc11,America/Sitka
e8a2dbd3-743a-4a01-bcee-a64adbb01958,v_3408750 - t_3408750,1293,8e593e2cd59ec085fc3d290b39ade084,0cec030a-4e03-43ce-9eee-0bb5310c9823,MULTICHOICE,Is it a multichoice random_ question type?,Not Answered,Not Answered,Not Answered,,,,,,,,,,,,,,NotAnswered,https://Assessment/Assessment/e8a2dbd3-743a-4a01-bcee-a64adbb01958,OTAuto02,b99df4a4-2bf5-4c08-9483-bd636470bc11,b99df4a4-2bf5-4c08-9483-bd636470bc11,America/Sitka
45b5c48b-588e-4556-97fd-394c1a8e9a25,APIBulk_Assessment_9238933,1298,40b57de2e9e88f8ef7b78bb9fa44d59c,011ad7e0-963f-4af8-9a23-44471882e61f,ATTRIBUTE,single_select_9238933,[Incident_9238933]B,[Incident_9238933]B,[Incident_9238933]B,,,,,,,,,,,,,,,https://Assessment/Assessment/45b5c48b-588e-4556-97fd-394c1a8e9a25,OTAuto02,b99df4a4-2bf5-4c08-9483-bd636470bc11,b99df4a4-2bf5-4c08-9483-bd636470bc11,America/Sitka
7ad99084-5264-4a43-901a-aef9162363a4,vendor_1_1205812 - vrmAssessments_template_1205812,1308,e07d508650e70cac6ca071ebd51df40f,e1861423-1e49-4a0e-b946-9d0f72d530dd,YESNO,Yes or No question?,Not Answered,Not Answered,Not Answered,,,,,,,,,,,,,,NotAnswered,https://Assessment/Assessment/7ad99084-5264-4a43-901a-aef9162363a4,OTAuto02,b99df4a4-2bf5-4c08-9483-bd636470bc11,b99df4a4-2bf5-4c08-9483-bd636470bc11,America/Sitka
97c3f091-4e37-45d7-9965-2cfa6929fb7c,assessmentExportResponses_1647455,1299,f3d9d7df9c8115b49445d6e78c5a158d,ccd28a74-9995-42e4-9602-cc0f342e6b34,ENGAGEMENT,engagement_1647455,Not Answered,Not Answered,Not Answered,,,,,,,,,,,,,,NotAnswered,https://Assessment/Assessment/97c3f091-4e37-45d7-9965-2cfa6929fb7c,OTAuto02,b99df4a4-2bf5-4c08-9483-bd636470bc11,b99df4a4-2bf5-4c08-9483-bd636470bc11,America/Sitka
45b5c48b-588e-4556-97fd-394c1a8e9a25,APIBulk_Assessment_9238933,1298,f03f9ecc2238c4f95681d612f911c641,4f657878-f298-4334-9b69-539d2850606d,ATTRIBUTE,Root Cause,[Incident_9238933]Automated RootCause Updated,[Incident_9238933]Automated RootCause Updated,[Incident_9238933]Automated RootCause Updated,,,,,,,,,,,,,,,https://Assessment/Assessment/45b5c48b-588e-4556-97fd-394c1a8e9a25,OTAuto02,b99df4a4-2bf5-4c08-9483-bd636470bc11,b99df4a4-2bf5-4c08-9483-bd636470bc11,America/Sitka
45b5c48b-588e-4556-97fd-394c1a8e9a25,APIBulk_Assessment_9238933,1298,3a55332c099ff8e9eabfdf0d886d05a7,dcb6bc25-1684-46be-a4aa-8b81dd6058ca,ATTRIBUTE,Deadline,[Incident_9238933]2026-03-19T23:07:26.001Z,[Incident_9238933]2026-03-19T23:07:26.001Z,[Incident_9238933]2026-03-19T23:07:26.001Z,,,,,,,,,,,,,,,https://Assessment/Assessment/45b5c48b-588e-4556-97fd-394c1a8e9a25,OTAuto02,b99df4a4-2bf5-4c08-9483-bd636470bc11,b99df4a4-2bf5-4c08-9483-bd636470bc11,America/Sitka
45b5c48b-588e-4556-97fd-394c1a8e9a25,APIBulk_Assessment_9238933,1298,502051abe9bda99c8aa6f5c2f175b457,d5da6abe-2065-479a-ab57-7d74e0cc6f41,ATTRIBUTE,Date Occurred,[Incident_9238933]2026-03-19T23:07:25.001Z,[Incident_9238933]2026-03-19T23:07:25.001Z,[Incident_9238933]2026-03-19T23:07:25.001Z,,,,,,,,,,,,,,,https://Assessment/Assessment/45b5c48b-588e-4556-97fd-394c1a8e9a25,OTAuto02,b99df4a4-2bf5-4c08-9483-bd636470bc11,b99df4a4-2bf5-4c08-9483-bd636470bc11,America/Sitka
96892b8e-d8df-4136-900b-88c4352a0031,a_6269129,1301,c514cbca936c7d2a96c858c124fcb657,4b20204c-9b85-42a7-b4ea-cebaa4581538,YESNO,Yes/No question with response value,Yes,Yes,Yes,,,,,,,,,,,,,,Yes,https://Assessment/Assessment/96892b8e-d8df-4136-900b-88c4352a0031,OTAuto02,b99df4a4-2bf5-4c08-9483-bd636470bc11,b99df4a4-2bf5-4c08-9483-bd636470bc11,America/Sitka
97c3f091-4e37-45d7-9965-2cfa6929fb7c,assessmentExportResponses_1647455,1299,226484d9cd2b8762fff92f346681a8d9,68b7780e-be78-4501-995c-1f4d4674a7e2,ATTRIBUTE,End date,Skipped,Skipped,Skipped,,,,,,,,,,,,,,Skipped,https://Assessment/Assessment/97c3f091-4e37-45d7-9965-2cfa6929fb7c,OTAuto02,b99df4a4-2bf5-4c08-9483-bd636470bc11,b99df4a4-2bf5-4c08-9483-bd636470bc11,America/Sitka
f883a9ab-1e88-41d1-8f93-0c7975e9472b,assessment_7152979,1297,93fa290c3b32719d0b74916104b4f129,d4073500-48d1-4c7d-8971-5146f904b693,DATE,DQuestionQ1.4_7152979,Not Answered,Not Answered,Not Answered,,,,,,,,,,,,,,NotAnswered,https://Assessment/Assessment/f883a9ab-1e88-41d1-8f93-0c7975e9472b,OTAuto02,b99df4a4-2bf5-4c08-9483-bd636470bc11,b99df4a4-2bf5-4c08-9483-bd636470bc11,America/Sitka
f883a9ab-1e88-41d1-8f93-0c7975e9472b,assessment_7152979,1297,c42f81f235327c4dc027452616d2a457,a7df98fa-87b9-4547-899a-e818c91c6e72,MULTICHOICE,MQuestionQ2.1_7152979,Not Answered,Not Answered,Not Answered,,,,,,,,,,,,,,NotAnswered,https://Assessment/Assessment/f883a9ab-1e88-41d1-8f93-0c7975e9472b,OTAuto02,b99df4a4-2bf5-4c08-9483-bd636470bc11,b99df4a4-2bf5-4c08-9483-bd636470bc11,America/Sitka
f883a9ab-1e88-41d1-8f93-0c7975e9472b,assessment_7152979,1297,01d06727872613657d6c968c5880957e,afb758cf-b579-47ac-9e0c-8453c65b2c40,YESNO,YNQuestionQ2.3_7152979,Skipped,Skipped,Skipped,,,,,,,,,,,,,,Skipped,https://Assessment/Assessment/f883a9ab-1e88-41d1-8f93-0c7975e9472b,OTAuto02,b99df4a4-2bf5-4c08-9483-bd636470bc11,b99df4a4-2bf5-4c08-9483-bd636470bc11,America/Sitka
f883a9ab-1e88-41d1-8f93-0c7975e9472b,assessment_7152979,1297,16d8911e51b11b9a6203246af4934588,1d7465f3-e75c-4fd0-a040-9fc7fb2be2fa,DATE,DQuestionQ2.4_7152979,Not Answered,Not Answered,Not Answered,,,,,,,,,,,,,,NotAnswered,https://Assessment/Assessment/f883a9ab-1e88-41d1-8f93-0c7975e9472b,OTAuto02,b99df4a4-2bf5-4c08-9483-bd636470bc11,b99df4a4-2bf5-4c08-9483-bd636470bc11,America/Sitka
45b5c48b-588e-4556-97fd-394c1a8e9a25,APIBulk_Assessment_9238933,1298,d54fa51f859970a5e707f84011066097,c3116c6a-aa89-48e4-8f33-40f834f303c2,INCIDENT,Incident_9238933,Incident_9238933,Incident_9238933,Incident_9238933,,,,,,,,,,,,,,8cbb909c-4e7e-4c0b-beb2-2dc2b0cd0e9d,https://Assessment/Assessment/45b5c48b-588e-4556-97fd-394c1a8e9a25,OTAuto02,b99df4a4-2bf5-4c08-9483-bd636470bc11,b99df4a4-2bf5-4c08-9483-bd636470bc11,America/Sitka
45b5c48b-588e-4556-97fd-394c1a8e9a25,APIBulk_Assessment_9238933,1298,29fefc63605bfbff677c634f2dde868c,a64ab095-6e37-4307-b5e6-073c2736bb62,ATTRIBUTE,Date Discovered,[Incident_9238933]2026-03-19T23:07:25.001Z,[Incident_9238933]2026-03-19T23:07:25.001Z,[Incident_9238933]2026-03-19T23:07:25.001Z,,,,,,,,,,,,,,,https://Assessment/Assessment/45b5c48b-588e-4556-97fd-394c1a8e9a25,OTAuto02,b99df4a4-2bf5-4c08-9483-bd636470bc11,b99df4a4-2bf5-4c08-9483-bd636470bc11,America/Sitka
45b5c48b-588e-4556-97fd-394c1a8e9a25,APIBulk_Assessment_9238933,1298,608ea79d122f553b39412415545e5b72,c67303b8-849e-4a52-a411-69f28c832fdb,ATTRIBUTE,text_9238933,[Incident_9238933]Text Attribute,[Incident_9238933]Text Attribute,[Incident_9238933]Text Attribute,,,,,,,,,,,,,,,https://Assessment/Assessment/45b5c48b-588e-4556-97fd-394c1a8e9a25,OTAuto02,b99df4a4-2bf5-4c08-9483-bd636470bc11,b99df4a4-2bf5-4c08-9483-bd636470bc11,America/Sitka
45b5c48b-588e-4556-97fd-394c1a8e9a25,APIBulk_Assessment_9238933,1298,c59b835ac51918eb1ede20e2f6c60994,0bc3b39b-18bb-4105-aef7-47120df22fb2,ATTRIBUTE,date_time_9238933,[Incident_9238933]2026-04-19T23:07:30.001Z,[Incident_9238933]2026-04-19T23:07:30.001Z,[Incident_9238933]2026-04-19T23:07:30.001Z,,,,,,,,,,,,,,,https://Assessment/Assessment/45b5c48b-588e-4556-97fd-394c1a8e9a25,OTAuto02,b99df4a4-2bf5-4c08-9483-bd636470bc11,b99df4a4-2bf5-4c08-9483-bd636470bc11,America/Sitka
60acc81c-3a39-4b1c-a98c-13b959190f8c,Vendor_7141031 - automation_template_2953109,1303,36e1ac8ec9dcd7ac75d4a046e984f125,25ad1881-0944-46d1-8673-49438720c74a,INVENTORY,inventory_2953109,Vendor_7141031 | OTAuto02 | Consulting,Vendor_7141031 | OTAuto02 | Consulting,Vendor_7141031 | OTAuto02 | Consulting,,,,,,,,,,,,,,73e3db62-6bd6-4481-bf16-36fb97c460c0,https://Assessment/Assessment/60acc81c-3a39-4b1c-a98c-13b959190f8c,OTAuto02,b99df4a4-2bf5-4c08-9483-bd636470bc11,b99df4a4-2bf5-4c08-9483-bd636470bc11,America/Sitka
dc15c45f-c539-4fa8-8bae-8275e4c0ca7e,Assessment_8733759,1300,6d409af378400ed90c472b50cdaeffa5,ec356ad1-510e-41d1-b8cb-9c84463e8bbd,INVENTORY,vendorQ1,v_8733759 | OTAuto02 | Consulting,v_8733759 | OTAuto02 | Consulting,v_8733759 | OTAuto02 | Consulting,,,,,,,,,,,,,,c70efce9-85ed-4652-9f99-0e3c8c40c0b9,https://Assessment/Assessment/dc15c45f-c539-4fa8-8bae-8275e4c0ca7e,OTAuto02,b99df4a4-2bf5-4c08-9483-bd636470bc11,b99df4a4-2bf5-4c08-9483-bd636470bc11,America/Sitka
45b5c48b-588e-4556-97fd-394c1a8e9a25,APIBulk_Assessment_9238933,1298,62dbc27823b55459c5cf0afb03457f07,12eee3a9-9c22-4faa-bd75-bc7d7bcf8b49,ATTRIBUTE,Description,[Incident_9238933]Automated Description Updated,[Incident_9238933]Automated Description Updated,[Incident_9238933]Automated Description Updated,,,,,,,,,,,,,,,https://Assessment/Assessment/45b5c48b-588e-4556-97fd-394c1a8e9a25,OTAuto02,b99df4a4-2bf5-4c08-9483-bd636470bc11,b99df4a4-2bf5-4c08-9483-bd636470bc11,America/Sitka
45b5c48b-588e-4556-97fd-394c1a8e9a25,APIBulk_Assessment_9238933,1298,13f4812b4d790036c1bcbcc362709b10,11f5cecc-d386-4bc9-be8b-7729f4757557,ATTRIBUTE,multi_select_9238933,[Incident_9238933]A,[Incident_9238933]A,[Incident_9238933]A,,,,,,,,,,,,,,,https://Assessment/Assessment/45b5c48b-588e-4556-97fd-394c1a8e9a25,OTAuto02,b99df4a4-2bf5-4c08-9483-bd636470bc11,b99df4a4-2bf5-4c08-9483-bd636470bc11,America/Sitka
7ad99084-5264-4a43-901a-aef9162363a4,vendor_1_1205812 - vrmAssessments_template_1205812,1308,cbf030d663700c2bf52b018f0e375d30,36a05af5-b942-4c36-9625-8f7b3bf1b5aa,INVENTORY,How and where will the data be stored?,vendor_1_1205812 | OTAuto02 | Consulting,vendor_1_1205812 | OTAuto02 | Consulting,vendor_1_1205812 | OTAuto02 | Consulting,,,,,,,,,,,,,,ec230eb2-c704-4481-b7a9-d44ea1de8be1,https://Assessment/Assessment/7ad99084-5264-4a43-901a-aef9162363a4,OTAuto02,b99df4a4-2bf5-4c08-9483-bd636470bc11,b99df4a4-2bf5-4c08-9483-bd636470bc11,America/Sitka
1c5df6da-7e0a-440e-a1ff-f956856fd0c7,v_5534144 - automation_template_2953109,1302,73dbe8d4044071961e6f1231d0de793e,25ad1881-0944-46d1-8673-49438720c74a,INVENTORY,inventory_2953109,v_5534144 | OTAuto02 | Consulting,v_5534144 | OTAuto02 | Consulting,v_5534144 | OTAuto02 | Consulting,,,,,,,,,,,,,,2341c58e-db68-4d33-808f-4213422ac0fa,https://Assessment/Assessment/1c5df6da-7e0a-440e-a1ff-f956856fd0c7,OTAuto02,b99df4a4-2bf5-4c08-9483-bd636470bc11,b99df4a4-2bf5-4c08-9483-bd636470bc11,America/Sitka
45b5c48b-588e-4556-97fd-394c1a8e9a25,APIBulk_Assessment_9238933,1298,abaa7766bc96cf57c0e0dbcc60e52e5b,dd4f9f6f-da4f-4d41-a468-8d1acf207fea,ATTRIBUTE,date_9238933,[Incident_9238933]2026-03-19,[Incident_9238933]2026-03-19,[Incident_9238933]2026-03-19,,,,,,,,,,,,,,,https://Assessment/Assessment/45b5c48b-588e-4556-97fd-394c1a8e9a25,OTAuto02,b99df4a4-2bf5-4c08-9483-bd636470bc11,b99df4a4-2bf5-4c08-9483-bd636470bc11,America/Sitka
97c3f091-4e37-45d7-9965-2cfa6929fb7c,assessmentExportResponses_1647455,1299,071b04ef97ae74661de9e1c66181a4b4,fc7ebad7-a963-403c-99fa-8aa05dc77467,INVENTORY,inventory_1647455,v_1647455 | OTAuto02 | Consulting,v_1647455 | OTAuto02 | Consulting,v_1647455 | OTAuto02 | Consulting,,,,,,,,,,,,,,cf4bda4f-08e2-49ab-a0e6-c11df38a9c09,https://Assessment/Assessment/97c3f091-4e37-45d7-9965-2cfa6929fb7c,OTAuto02,b99df4a4-2bf5-4c08-9483-bd636470bc11,b99df4a4-2bf5-4c08-9483-bd636470bc11,America/Sitka
c0b5c758-ed6f-4aed-97a2-480ce83bbfd3,Vendor1_2953109 - automation_template_2953109,1304,54d16cc2308cca7cd0653a15ea3f0f8e,25ad1881-0944-46d1-8673-49438720c74a,INVENTORY,inventory_2953109,Vendor1_2953109 | OTAuto02 | Consulting,Vendor1_2953109 | OTAuto02 | Consulting,Vendor1_2953109 | OTAuto02 | Consulting,,,,,,,,,,,,,,c025ee8d-3aca-424a-a070-d8a9ba9ed343,https://Assessment/Assessment/c0b5c758-ed6f-4aed-97a2-480ce83bbfd3,OTAuto02,b99df4a4-2bf5-4c08-9483-bd636470bc11,b99df4a4-2bf5-4c08-9483-bd636470bc11,America/Sitka
dc15c45f-c539-4fa8-8bae-8275e4c0ca7e,Assessment_8733759,1300,43825369a05fb06c2e4afbd67b3a6312,24dcb590-a16f-488b-9e4d-5d78ee6cbca5,ENGAGEMENT,engagementQuestion1,Not Answered,Not Answered,Not Answered,,,,,,,,,,,,,,NotAnswered,https://Assessment/Assessment/dc15c45f-c539-4fa8-8bae-8275e4c0ca7e,OTAuto02,b99df4a4-2bf5-4c08-9483-bd636470bc11,b99df4a4-2bf5-4c08-9483-bd636470bc11,America/Sitka
f883a9ab-1e88-41d1-8f93-0c7975e9472b,assessment_7152979,1297,46dce0bb1a73c9ec16da43b8796feec7,c964576d-c1a0-44db-876a-af739cb93298,MULTICHOICE,MQuestionQ1.1_7152979,Option1,Option1,Option1,,,,,,,,,,,,,,Option1,https://Assessment/Assessment/f883a9ab-1e88-41d1-8f93-0c7975e9472b,OTAuto02,b99df4a4-2bf5-4c08-9483-bd636470bc11,b99df4a4-2bf5-4c08-9483-bd636470bc11,America/Sitka
96892b8e-d8df-4136-900b-88c4352a0031,a_6269129,1301,c14b1baa7019a8c0f53d018fdc23b361,303f4061-ec46-48da-a767-4fe1cc2c0d7a,MULTICHOICE,MCQs question with response value,IND,IND,IND,,,,,,,,,,,,,,IND,https://Assessment/Assessment/96892b8e-d8df-4136-900b-88c4352a0031,OTAuto02,b99df4a4-2bf5-4c08-9483-bd636470bc11,b99df4a4-2bf5-4c08-9483-bd636470bc11,America/Sitka
f883a9ab-1e88-41d1-8f93-0c7975e9472b,assessment_7152979,1297,f3cee2081aa90c9a9733c11639bc62af,3a1aa477-aee7-4565-b015-e4873d271366,INVENTORY,Q1,vendor_7152979 | OTAuto02 | Operations,vendor_7152979 | OTAuto02 | Operations,vendor_7152979 | OTAuto02 | Operations,,,,,,,,,,,,,,6a210320-0a44-4faa-aaf7-689cea61e22f,https://Assessment/Assessment/f883a9ab-1e88-41d1-8f93-0c7975e9472b,OTAuto02,b99df4a4-2bf5-4c08-9483-bd636470bc11,b99df4a4-2bf5-4c08-9483-bd636470bc11,America/Sitka
2795ebf8-565a-44c6-86d0-eb7b56cb28e4,V_7764752 - automation_template_2953109,1306,17946fd3c4d99b21391b19d5bec45aee,25ad1881-0944-46d1-8673-49438720c74a,INVENTORY,inventory_2953109,V_7764752 | OTAuto02 | Consulting,V_7764752 | OTAuto02 | Consulting,V_7764752 | OTAuto02 | Consulting,,,,,,,,,,,,,,192e5f28-f96f-44f4-90c0-e32b0a311368,https://Assessment/Assessment/2795ebf8-565a-44c6-86d0-eb7b56cb28e4,OTAuto02,b99df4a4-2bf5-4c08-9483-bd636470bc11,b99df4a4-2bf5-4c08-9483-bd636470bc11,America/Sitka
5f38b080-1fe6-4c48-ba09-90622aa50f87,v_2666165 - automation_template_2953109,1305,084d4730cdeff33791cfab339ec640d8,25ad1881-0944-46d1-8673-49438720c74a,INVENTORY,inventory_2953109,v_2666165 | OTAuto02 | Consulting,v_2666165 | OTAuto02 | Consulting,v_2666165 | OTAuto02 | Consulting,,,,,,,,,,,,,,a06d50be-4922-451c-9725-85874edc74b4,https://Assessment/Assessment/5f38b080-1fe6-4c48-ba09-90622aa50f87,OTAuto02,b99df4a4-2bf5-4c08-9483-bd636470bc11,b99df4a4-2bf5-4c08-9483-bd636470bc11,America/Sitka
f43d149d-e25e-4abf-9200-ce205e8b34dd,v_5993072 - automation_template_2953109,1307,00345902aae2c751b4cf0d7243095a0a,25ad1881-0944-46d1-8673-49438720c74a,INVENTORY,inventory_2953109,v_5993072 | OTAuto02 | Operations,v_5993072 | OTAuto02 | Operations,v_5993072 | OTAuto02 | Operations,,,,,,,,,,,,,,f056945f-d31b-4245-9471-b9577afa99f3,https://Assessment/Assessment/f43d149d-e25e-4abf-9200-ce205e8b34dd,OTAuto02,b99df4a4-2bf5-4c08-9483-bd636470bc11,b99df4a4-2bf5-4c08-9483-bd636470bc11,America/Sitka
f883a9ab-1e88-41d1-8f93-0c7975e9472b,assessment_7152979,1297,ec95de2b7c458ec19e2c91409930e1ef,3ceda1f4-7480-4f2b-a864-35eefb8680b0,YESNO,YNQuestionQ1.3_7152979,Skipped,Skipped,Skipped,,,,,,,,,,,,,,Skipped,https://Assessment/Assessment/f883a9ab-1e88-41d1-8f93-0c7975e9472b,OTAuto02,b99df4a4-2bf5-4c08-9483-bd636470bc11,b99df4a4-2bf5-4c08-9483-bd636470bc11,America/Sitka
08c16fc2-40da-4597-8d3e-4b90f7723d8a,Vendor7_2953109 - automation_template_2953109,1321,0eb5f34fff4d24ba2961718be6a7d247,25ad1881-0944-46d1-8673-49438720c74a,INVENTORY,inventory_2953109,Vendor7_2953109 | OTAuto02 | Consulting,Vendor7_2953109 | OTAuto02 | Consulting,Vendor7_2953109 | OTAuto02 | Consulting,,,,,,,,,,,,,,aa9e953d-eecc-438a-a477-74bb85c58d6a,https://Assessment/Assessment/08c16fc2-40da-4597-8d3e-4b90f7723d8a,OTAuto02,b99df4a4-2bf5-4c08-9483-bd636470bc11,b99df4a4-2bf5-4c08-9483-bd636470bc11,America/Sitka
13be20b5-9492-4ff6-b4b9-0f88b282c9e8,a_7375665,1320,d1cf13f9dbc5467f5af99c1400f3ead0,8e409167-1ff2-4f2d-a0a3-9f785e3370da,INVENTORY,V1Q1?,v_7375665 | OTAuto02 | Consulting,v_7375665 | OTAuto02 | Consulting,v_7375665 | OTAuto02 | Consulting,,,,,,,,,,,,,,6bb0f0b3-d8ba-4a3d-ae9a-81efe50d32e4,https://Assessment/Assessment/13be20b5-9492-4ff6-b4b9-0f88b282c9e8,OTAuto02,b99df4a4-2bf5-4c08-9483-bd636470bc11,b99df4a4-2bf5-4c08-9483-bd636470bc11,America/Sitka
13be20b5-9492-4ff6-b4b9-0f88b282c9e8,a_7375665,1320,f3a6635757816eca02eca305db412f8b,f386afaf-f04c-48c2-9e16-c456005a1a89,INVENTORY,V2Q2?,v1_7375665 | OTAuto02 | null,v1_7375665 | OTAuto02 | null,v1_7375665 | OTAuto02 | null,,,,,,,,,,,,,,a94a885c-6bcc-4e8b-af04-72a17bdd59fb,https://Assessment/Assessment/13be20b5-9492-4ff6-b4b9-0f88b282c9e8,OTAuto02,b99df4a4-2bf5-4c08-9483-bd636470bc11,b99df4a4-2bf5-4c08-9483-bd636470bc11,America/Sitka
13be20b5-9492-4ff6-b4b9-0f88b282c9e8,a_7375665,1320,6cafe22a0c319a084c2bd4f15d0ecb16,5884d885-d8db-4987-ab93-a2b306ff96da,YESNO,Yes or No question?,Yes,Yes,Yes,,,,,,,,,,,,,,Yes,https://Assessment/Assessment/13be20b5-9492-4ff6-b4b9-0f88b282c9e8,OTAuto02,b99df4a4-2bf5-4c08-9483-bd636470bc11,b99df4a4-2bf5-4c08-9483-bd636470bc11,America/Sitka
289cb98f-32ec-4c1a-a9ae-a18f62ab00b0,V_5599140 - automation_template_2953109,1318,b35eb015437851cdf2892c883ee005cf,25ad1881-0944-46d1-8673-49438720c74a,INVENTORY,inventory_2953109,V_5599140 | OTAuto02 | Consulting,V_5599140 | OTAuto02 | Consulting,V_5599140 | OTAuto02 | Consulting,,,,,,,,,,,,,,4a052f1d-b39e-4baa-9f87-0d4cded125ad,https://Assessment/Assessment/289cb98f-32ec-4c1a-a9ae-a18f62ab00b0,OTAuto02,b99df4a4-2bf5-4c08-9483-bd636470bc11,b99df4a4-2bf5-4c08-9483-bd636470bc11,America/Sitka
