entityTypeReference,entityId,entityNumber,entityName,stageId,workflowId,workflow,stage,createdBy,updatedBy,createdDateTime,createdDate,createdYear,createdMonth,createdMonthNumber,createdQuarter,updatedDateTime,updatedDate,updatedYear,updatedMonth,updatedMonthNumber,updatedQuarter,timeZoneID,orgId,orgName,parentOrgID,createdByUserEmail
262e62a1-6501-4076-9e75-5e5c7b1fe2bb,assessmentChangeVendorArchived_20260406060607-4ed5vj,5075,06e64ceb-85f0-488a-b1a1-6390292046d5,Vendor_20260406060607-4ed5vj,1867,Vendors,50,AUTO,Under Review,,,,,,,https://Assessment/Assessment/262e62a1-6501-4076-9e75-5e5c7b1fe2bb,Antarctica/South_Pole,OTAuto02,b99df4a4-2bf5-4c08-9483-bd636470bc11,b99df4a4-2bf5-4c08-9483-bd636470bc11
61ac07da-33e0-431f-934f-58ea06ace72b,assessmentChangeVendorArchived_20260406060620-tsf49h,5080,7d19e9a4-936e-48cb-8f88-28ac1f2b3f2a,Vendor_20260406060620-tsf49h,1869,Vendors,50,AUTO,Under Review,,,,,,,https://Assessment/Assessment/61ac07da-33e0-431f-934f-58ea06ace72b,Antarctica/South_Pole,OTAuto02,b99df4a4-2bf5-4c08-9483-bd636470bc11,b99df4a4-2bf5-4c08-9483-bd636470bc11
b2beff6b-efa1-4a63-a81f-356d8433118f,assessmentChangeParentVendorCompleted_20260406060607-4ed5vj,5073,06e64ceb-85f0-488a-b1a1-6390292046d5,Vendor_20260406060607-4ed5vj,1867,Vendors,50,AUTO,Completed,2026-04-06T18:06:13.000+00:00,2026-04-06,2026,April,04,Quarter 2,https://Assessment/Assessment/b2beff6b-efa1-4a63-a81f-356d8433118f,Antarctica/South_Pole,OTAuto02,b99df4a4-2bf5-4c08-9483-bd636470bc11,b99df4a4-2bf5-4c08-9483-bd636470bc11
b3f4731e-db7f-4792-8e88-6ff79a3e859f,assessmentChangeParentVendorCompleted_20260406060600-2e7gue,5069,01e9c2d9-7167-4a4b-bcac-03a8c5c93469,Vendor_20260406060600-2e7gue,1865,Vendors,50,AUTO,Completed,2026-04-06T18:06:07.000+00:00,2026-04-06,2026,April,04,Quarter 2,https://Assessment/Assessment/b3f4731e-db7f-4792-8e88-6ff79a3e859f,Antarctica/South_Pole,OTAuto02,b99df4a4-2bf5-4c08-9483-bd636470bc11,b99df4a4-2bf5-4c08-9483-bd636470bc11
b4dd1431-523e-47b2-a17f-08b44f2e398d,assessmentChangeParentVendorCompleted_20260406060620-tsf49h,5079,7d19e9a4-936e-48cb-8f88-28ac1f2b3f2a,Vendor_20260406060620-tsf49h,1869,Vendors,50,AUTO,Completed,2026-04-06T18:06:27.000+00:00,2026-04-06,2026,April,04,Quarter 2,https://Assessment/Assessment/b4dd1431-523e-47b2-a17f-08b44f2e398d,Antarctica/South_Pole,OTAuto02,b99df4a4-2bf5-4c08-9483-bd636470bc11,b99df4a4-2bf5-4c08-9483-bd636470bc11
cf344b63-b38b-4e7c-adcf-f936879b11c0,assessmentChangeVendorArchived_20260406060600-2e7gue,5070,01e9c2d9-7167-4a4b-bcac-03a8c5c93469,Vendor_20260406060600-2e7gue,1865,Vendors,50,AUTO,Under Review,,,,,,,https://Assessment/Assessment/cf344b63-b38b-4e7c-adcf-f936879b11c0,Antarctica/South_Pole,OTAuto02,b99df4a4-2bf5-4c08-9483-bd636470bc11,b99df4a4-2bf5-4c08-9483-bd636470bc11
598590c0-365c-469b-9d07-0ef7a5f6977b,assessmentChangeParentVendorCompleted_20260406050819-exyrab,5054,8d089a4f-b86d-4310-b65d-ac88e1342a63,Vendor_20260406050819-exyrab,1855,Vendors,50,AUTO,Completed,2026-04-06T17:08:26.000+00:00,2026-04-06,2026,April,04,Quarter 2,https://Assessment/Assessment/598590c0-365c-469b-9d07-0ef7a5f6977b,Antarctica/South_Pole,OTAuto02,b99df4a4-2bf5-4c08-9483-bd636470bc11,b99df4a4-2bf5-4c08-9483-bd636470bc11
f61568cb-9350-403b-ac60-1bdeca9b94d6,assessmentChangeParentVendorCompleted_20260406050825-yihm7j,5056,2a99bd54-3d50-4f13-8e33-d5aae32b0ae8,Vendor_20260406050825-yihm7j,1857,Vendors,50,AUTO,Completed,2026-04-06T17:08:31.000+00:00,2026-04-06,2026,April,04,Quarter 2,https://Assessment/Assessment/f61568cb-9350-403b-ac60-1bdeca9b94d6,Antarctica/South_Pole,OTAuto02,b99df4a4-2bf5-4c08-9483-bd636470bc11,b99df4a4-2bf5-4c08-9483-bd636470bc11
05b378e2-1363-4caa-8f38-c8dc0dac4ba6,assessmentChangeVendorArchived_20260406050825-yihm7j,5060,2a99bd54-3d50-4f13-8e33-d5aae32b0ae8,Vendor_20260406050825-yihm7j,1857,Vendors,50,AUTO,Under Review,,,,,,,https://Assessment/Assessment/05b378e2-1363-4caa-8f38-c8dc0dac4ba6,Antarctica/South_Pole,OTAuto02,b99df4a4-2bf5-4c08-9483-bd636470bc11,b99df4a4-2bf5-4c08-9483-bd636470bc11
4db51685-5e9d-4ffc-bbd4-f848e887230c,assessmentChangeVendorArchived_20260406050819-exyrab,5055,8d089a4f-b86d-4310-b65d-ac88e1342a63,Vendor_20260406050819-exyrab,1855,Vendors,50,AUTO,Under Review,,,,,,,https://Assessment/Assessment/4db51685-5e9d-4ffc-bbd4-f848e887230c,Antarctica/South_Pole,OTAuto02,b99df4a4-2bf5-4c08-9483-bd636470bc11,b99df4a4-2bf5-4c08-9483-bd636470bc11
2ff49a64-39a8-464b-b41e-154af2a1f361,assessmentChangeParentVendorCompleted_20260406055429-y7yx7e,5064,25d0ba96-d31d-4265-96aa-11c122eb8b61,Vendor_20260406055429-y7yx7e,1860,Vendors,50,AUTO,Completed,2026-04-06T17:54:38.000+00:00,2026-04-06,2026,April,04,Quarter 2,https://Assessment/Assessment/2ff49a64-39a8-464b-b41e-154af2a1f361,Antarctica/South_Pole,OTAuto02,b99df4a4-2bf5-4c08-9483-bd636470bc11,b99df4a4-2bf5-4c08-9483-bd636470bc11
4d894285-2a4d-40fc-ac96-190875a8426e,assessmentChangeVendorArchived_20260406055429-y7yx7e,5065,25d0ba96-d31d-4265-96aa-11c122eb8b61,Vendor_20260406055429-y7yx7e,1860,Vendors,50,AUTO,Under Review,,,,,,,https://Assessment/Assessment/4d894285-2a4d-40fc-ac96-190875a8426e,Antarctica/South_Pole,OTAuto02,b99df4a4-2bf5-4c08-9483-bd636470bc11,b99df4a4-2bf5-4c08-9483-bd636470bc11
262e62a1-6501-4076-9e75-5e5c7b1fe2bb,assessmentChangeVendorArchived_20260406060607-4ed5vj,5075,06e64ceb-85f0-488a-b1a1-6390292046d5,Vendor_20260406060607-4ed5vj,1867,Vendors,50,AUTO,Under Review,,,,,,,https://Assessment/Assessment/262e62a1-6501-4076-9e75-5e5c7b1fe2bb,Africa/Freetown,OTAuto02,b99df4a4-2bf5-4c08-9483-bd636470bc11,b99df4a4-2bf5-4c08-9483-bd636470bc11
61ac07da-33e0-431f-934f-58ea06ace72b,assessmentChangeVendorArchived_20260406060620-tsf49h,5080,7d19e9a4-936e-48cb-8f88-28ac1f2b3f2a,Vendor_20260406060620-tsf49h,1869,Vendors,50,AUTO,Under Review,,,,,,,https://Assessment/Assessment/61ac07da-33e0-431f-934f-58ea06ace72b,Africa/Freetown,OTAuto02,b99df4a4-2bf5-4c08-9483-bd636470bc11,b99df4a4-2bf5-4c08-9483-bd636470bc11
b2beff6b-efa1-4a63-a81f-356d8433118f,assessmentChangeParentVendorCompleted_20260406060607-4ed5vj,5073,06e64ceb-85f0-488a-b1a1-6390292046d5,Vendor_20260406060607-4ed5vj,1867,Vendors,50,AUTO,Completed,2026-04-06T06:06:13.000+00:00,2026-04-06,2026,April,04,Quarter 2,https://Assessment/Assessment/b2beff6b-efa1-4a63-a81f-356d8433118f,Africa/Freetown,OTAuto02,b99df4a4-2bf5-4c08-9483-bd636470bc11,b99df4a4-2bf5-4c08-9483-bd636470bc11
b3f4731e-db7f-4792-8e88-6ff79a3e859f,assessmentChangeParentVendorCompleted_20260406060600-2e7gue,5069,01e9c2d9-7167-4a4b-bcac-03a8c5c93469,Vendor_20260406060600-2e7gue,1865,Vendors,50,AUTO,Completed,2026-04-06T06:06:07.000+00:00,2026-04-06,2026,April,04,Quarter 2,https://Assessment/Assessment/b3f4731e-db7f-4792-8e88-6ff79a3e859f,Africa/Freetown,OTAuto02,b99df4a4-2bf5-4c08-9483-bd636470bc11,b99df4a4-2bf5-4c08-9483-bd636470bc11
b4dd1431-523e-47b2-a17f-08b44f2e398d,assessmentChangeParentVendorCompleted_20260406060620-tsf49h,5079,7d19e9a4-936e-48cb-8f88-28ac1f2b3f2a,Vendor_20260406060620-tsf49h,1869,Vendors,50,AUTO,Completed,2026-04-06T06:06:27.000+00:00,2026-04-06,2026,April,04,Quarter 2,https://Assessment/Assessment/b4dd1431-523e-47b2-a17f-08b44f2e398d,Africa/Freetown,OTAuto02,b99df4a4-2bf5-4c08-9483-bd636470bc11,b99df4a4-2bf5-4c08-9483-bd636470bc11
cf344b63-b38b-4e7c-adcf-f936879b11c0,assessmentChangeVendorArchived_20260406060600-2e7gue,5070,01e9c2d9-7167-4a4b-bcac-03a8c5c93469,Vendor_20260406060600-2e7gue,1865,Vendors,50,AUTO,Under Review,,,,,,,https://Assessment/Assessment/cf344b63-b38b-4e7c-adcf-f936879b11c0,Africa/Freetown,OTAuto02,b99df4a4-2bf5-4c08-9483-bd636470bc11,b99df4a4-2bf5-4c08-9483-bd636470bc11
598590c0-365c-469b-9d07-0ef7a5f6977b,assessmentChangeParentVendorCompleted_20260406050819-exyrab,5054,8d089a4f-b86d-4310-b65d-ac88e1342a63,Vendor_20260406050819-exyrab,1855,Vendors,50,AUTO,Completed,2026-04-06T05:08:26.000+00:00,2026-04-06,2026,April,04,Quarter 2,https://Assessment/Assessment/598590c0-365c-469b-9d07-0ef7a5f6977b,Africa/Freetown,OTAuto02,b99df4a4-2bf5-4c08-9483-bd636470bc11,b99df4a4-2bf5-4c08-9483-bd636470bc11
f61568cb-9350-403b-ac60-1bdeca9b94d6,assessmentChangeParentVendorCompleted_20260406050825-yihm7j,5056,2a99bd54-3d50-4f13-8e33-d5aae32b0ae8,Vendor_20260406050825-yihm7j,1857,Vendors,50,AUTO,Completed,2026-04-06T05:08:31.000+00:00,2026-04-06,2026,April,04,Quarter 2,https://Assessment/Assessment/f61568cb-9350-403b-ac60-1bdeca9b94d6,Africa/Freetown,OTAuto02,b99df4a4-2bf5-4c08-9483-bd636470bc11,b99df4a4-2bf5-4c08-9483-bd636470bc11
05b378e2-1363-4caa-8f38-c8dc0dac4ba6,assessmentChangeVendorArchived_20260406050825-yihm7j,5060,2a99bd54-3d50-4f13-8e33-d5aae32b0ae8,Vendor_20260406050825-yihm7j,1857,Vendors,50,AUTO,Under Review,,,,,,,https://Assessment/Assessment/05b378e2-1363-4caa-8f38-c8dc0dac4ba6,Africa/Freetown,OTAuto02,b99df4a4-2bf5-4c08-9483-bd636470bc11,b99df4a4-2bf5-4c08-9483-bd636470bc11
4db51685-5e9d-4ffc-bbd4-f848e887230c,assessmentChangeVendorArchived_20260406050819-exyrab,5055,8d089a4f-b86d-4310-b65d-ac88e1342a63,Vendor_20260406050819-exyrab,1855,Vendors,50,AUTO,Under Review,,,,,,,https://Assessment/Assessment/4db51685-5e9d-4ffc-bbd4-f848e887230c,Africa/Freetown,OTAuto02,b99df4a4-2bf5-4c08-9483-bd636470bc11,b99df4a4-2bf5-4c08-9483-bd636470bc11
2ff49a64-39a8-464b-b41e-154af2a1f361,assessmentChangeParentVendorCompleted_20260406055429-y7yx7e,5064,25d0ba96-d31d-4265-96aa-11c122eb8b61,Vendor_20260406055429-y7yx7e,1860,Vendors,50,AUTO,Completed,2026-04-06T05:54:38.000+00:00,2026-04-06,2026,April,04,Quarter 2,https://Assessment/Assessment/2ff49a64-39a8-464b-b41e-154af2a1f361,Africa/Freetown,OTAuto02,b99df4a4-2bf5-4c08-9483-bd636470bc11,b99df4a4-2bf5-4c08-9483-bd636470bc11
4d894285-2a4d-40fc-ac96-190875a8426e,assessmentChangeVendorArchived_20260406055429-y7yx7e,5065,25d0ba96-d31d-4265-96aa-11c122eb8b61,Vendor_20260406055429-y7yx7e,1860,Vendors,50,AUTO,Under Review,,,,,,,https://Assessment/Assessment/4d894285-2a4d-40fc-ac96-190875a8426e,Africa/Freetown,OTAuto02,b99df4a4-2bf5-4c08-9483-bd636470bc11,b99df4a4-2bf5-4c08-9483-bd636470bc11
262e62a1-6501-4076-9e75-5e5c7b1fe2bb,assessmentChangeVendorArchived_20260406060607-4ed5vj,5075,06e64ceb-85f0-488a-b1a1-6390292046d5,Vendor_20260406060607-4ed5vj,1867,Vendors,50,AUTO,Under Review,,,,,,,https://Assessment/Assessment/262e62a1-6501-4076-9e75-5e5c7b1fe2bb,Asia/Atyrau,OTAuto02,b99df4a4-2bf5-4c08-9483-bd636470bc11,b99df4a4-2bf5-4c08-9483-bd636470bc11
61ac07da-33e0-431f-934f-58ea06ace72b,assessmentChangeVendorArchived_20260406060620-tsf49h,5080,7d19e9a4-936e-48cb-8f88-28ac1f2b3f2a,Vendor_20260406060620-tsf49h,1869,Vendors,50,AUTO,Under Review,,,,,,,https://Assessment/Assessment/61ac07da-33e0-431f-934f-58ea06ace72b,Asia/Atyrau,OTAuto02,b99df4a4-2bf5-4c08-9483-bd636470bc11,b99df4a4-2bf5-4c08-9483-bd636470bc11
b2beff6b-efa1-4a63-a81f-356d8433118f,assessmentChangeParentVendorCompleted_20260406060607-4ed5vj,5073,06e64ceb-85f0-488a-b1a1-6390292046d5,Vendor_20260406060607-4ed5vj,1867,Vendors,50,AUTO,Completed,2026-04-06T11:06:13.000+00:00,2026-04-06,2026,April,04,Quarter 2,https://Assessment/Assessment/b2beff6b-efa1-4a63-a81f-356d8433118f,Asia/Atyrau,OTAuto02,b99df4a4-2bf5-4c08-9483-bd636470bc11,b99df4a4-2bf5-4c08-9483-bd636470bc11
b3f4731e-db7f-4792-8e88-6ff79a3e859f,assessmentChangeParentVendorCompleted_20260406060600-2e7gue,5069,01e9c2d9-7167-4a4b-bcac-03a8c5c93469,Vendor_20260406060600-2e7gue,1865,Vendors,50,AUTO,Completed,2026-04-06T11:06:07.000+00:00,2026-04-06,2026,April,04,Quarter 2,https://Assessment/Assessment/b3f4731e-db7f-4792-8e88-6ff79a3e859f,Asia/Atyrau,OTAuto02,b99df4a4-2bf5-4c08-9483-bd636470bc11,b99df4a4-2bf5-4c08-9483-bd636470bc11
b4dd1431-523e-47b2-a17f-08b44f2e398d,assessmentChangeParentVendorCompleted_20260406060620-tsf49h,5079,7d19e9a4-936e-48cb-8f88-28ac1f2b3f2a,Vendor_20260406060620-tsf49h,1869,Vendors,50,AUTO,Completed,2026-04-06T11:06:27.000+00:00,2026-04-06,2026,April,04,Quarter 2,https://Assessment/Assessment/b4dd1431-523e-47b2-a17f-08b44f2e398d,Asia/Atyrau,OTAuto02,b99df4a4-2bf5-4c08-9483-bd636470bc11,b99df4a4-2bf5-4c08-9483-bd636470bc11
cf344b63-b38b-4e7c-adcf-f936879b11c0,assessmentChangeVendorArchived_20260406060600-2e7gue,5070,01e9c2d9-7167-4a4b-bcac-03a8c5c93469,Vendor_20260406060600-2e7gue,1865,Vendors,50,AUTO,Under Review,,,,,,,https://Assessment/Assessment/cf344b63-b38b-4e7c-adcf-f936879b11c0,Asia/Atyrau,OTAuto02,b99df4a4-2bf5-4c08-9483-bd636470bc11,b99df4a4-2bf5-4c08-9483-bd636470bc11
598590c0-365c-469b-9d07-0ef7a5f6977b,assessmentChangeParentVendorCompleted_20260406050819-exyrab,5054,8d089a4f-b86d-4310-b65d-ac88e1342a63,Vendor_20260406050819-exyrab,1855,Vendors,50,AUTO,Completed,2026-04-06T10:08:26.000+00:00,2026-04-06,2026,April,04,Quarter 2,https://Assessment/Assessment/598590c0-365c-469b-9d07-0ef7a5f6977b,Asia/Atyrau,OTAuto02,b99df4a4-2bf5-4c08-9483-bd636470bc11,b99df4a4-2bf5-4c08-9483-bd636470bc11
f61568cb-9350-403b-ac60-1bdeca9b94d6,assessmentChangeParentVendorCompleted_20260406050825-yihm7j,5056,2a99bd54-3d50-4f13-8e33-d5aae32b0ae8,Vendor_20260406050825-yihm7j,1857,Vendors,50,AUTO,Completed,2026-04-06T10:08:31.000+00:00,2026-04-06,2026,April,04,Quarter 2,https://Assessment/Assessment/f61568cb-9350-403b-ac60-1bdeca9b94d6,Asia/Atyrau,OTAuto02,b99df4a4-2bf5-4c08-9483-bd636470bc11,b99df4a4-2bf5-4c08-9483-bd636470bc11
05b378e2-1363-4caa-8f38-c8dc0dac4ba6,assessmentChangeVendorArchived_20260406050825-yihm7j,5060,2a99bd54-3d50-4f13-8e33-d5aae32b0ae8,Vendor_20260406050825-yihm7j,1857,Vendors,50,AUTO,Under Review,,,,,,,https://Assessment/Assessment/05b378e2-1363-4caa-8f38-c8dc0dac4ba6,Asia/Atyrau,OTAuto02,b99df4a4-2bf5-4c08-9483-bd636470bc11,b99df4a4-2bf5-4c08-9483-bd636470bc11
4db51685-5e9d-4ffc-bbd4-f848e887230c,assessmentChangeVendorArchived_20260406050819-exyrab,5055,8d089a4f-b86d-4310-b65d-ac88e1342a63,Vendor_20260406050819-exyrab,1855,Vendors,50,AUTO,Under Review,,,,,,,https://Assessment/Assessment/4db51685-5e9d-4ffc-bbd4-f848e887230c,Asia/Atyrau,OTAuto02,b99df4a4-2bf5-4c08-9483-bd636470bc11,b99df4a4-2bf5-4c08-9483-bd636470bc11
2ff49a64-39a8-464b-b41e-154af2a1f361,assessmentChangeParentVendorCompleted_20260406055429-y7yx7e,5064,25d0ba96-d31d-4265-96aa-11c122eb8b61,Vendor_20260406055429-y7yx7e,1860,Vendors,50,AUTO,Completed,2026-04-06T10:54:38.000+00:00,2026-04-06,2026,April,04,Quarter 2,https://Assessment/Assessment/2ff49a64-39a8-464b-b41e-154af2a1f361,Asia/Atyrau,OTAuto02,b99df4a4-2bf5-4c08-9483-bd636470bc11,b99df4a4-2bf5-4c08-9483-bd636470bc11
4d894285-2a4d-40fc-ac96-190875a8426e,assessmentChangeVendorArchived_20260406055429-y7yx7e,5065,25d0ba96-d31d-4265-96aa-11c122eb8b61,Vendor_20260406055429-y7yx7e,1860,Vendors,50,AUTO,Under Review,,,,,,,https://Assessment/Assessment/4d894285-2a4d-40fc-ac96-190875a8426e,Asia/Atyrau,OTAuto02,b99df4a4-2bf5-4c08-9483-bd636470bc11,b99df4a4-2bf5-4c08-9483-bd636470bc11
262e62a1-6501-4076-9e75-5e5c7b1fe2bb,assessmentChangeVendorArchived_20260406060607-4ed5vj,5075,06e64ceb-85f0-488a-b1a1-6390292046d5,Vendor_20260406060607-4ed5vj,1867,Vendors,50,AUTO,Under Review,,,,,,,https://Assessment/Assessment/262e62a1-6501-4076-9e75-5e5c7b1fe2bb,America/Santo_Domingo,OTAuto02,b99df4a4-2bf5-4c08-9483-bd636470bc11,b99df4a4-2bf5-4c08-9483-bd636470bc11
61ac07da-33e0-431f-934f-58ea06ace72b,assessmentChangeVendorArchived_20260406060620-tsf49h,5080,7d19e9a4-936e-48cb-8f88-28ac1f2b3f2a,Vendor_20260406060620-tsf49h,1869,Vendors,50,AUTO,Under Review,,,,,,,https://Assessment/Assessment/61ac07da-33e0-431f-934f-58ea06ace72b,America/Santo_Domingo,OTAuto02,b99df4a4-2bf5-4c08-9483-bd636470bc11,b99df4a4-2bf5-4c08-9483-bd636470bc11
b2beff6b-efa1-4a63-a81f-356d8433118f,assessmentChangeParentVendorCompleted_20260406060607-4ed5vj,5073,06e64ceb-85f0-488a-b1a1-6390292046d5,Vendor_20260406060607-4ed5vj,1867,Vendors,50,AUTO,Completed,2026-04-06T02:06:13.000+00:00,2026-04-06,2026,April,04,Quarter 2,https://Assessment/Assessment/b2beff6b-efa1-4a63-a81f-356d8433118f,America/Santo_Domingo,OTAuto02,b99df4a4-2bf5-4c08-9483-bd636470bc11,b99df4a4-2bf5-4c08-9483-bd636470bc11
b3f4731e-db7f-4792-8e88-6ff79a3e859f,assessmentChangeParentVendorCompleted_20260406060600-2e7gue,5069,01e9c2d9-7167-4a4b-bcac-03a8c5c93469,Vendor_20260406060600-2e7gue,1865,Vendors,50,AUTO,Completed,2026-04-06T02:06:07.000+00:00,2026-04-06,2026,April,04,Quarter 2,https://Assessment/Assessment/b3f4731e-db7f-4792-8e88-6ff79a3e859f,America/Santo_Domingo,OTAuto02,b99df4a4-2bf5-4c08-9483-bd636470bc11,b99df4a4-2bf5-4c08-9483-bd636470bc11
b4dd1431-523e-47b2-a17f-08b44f2e398d,assessmentChangeParentVendorCompleted_20260406060620-tsf49h,5079,7d19e9a4-936e-48cb-8f88-28ac1f2b3f2a,Vendor_20260406060620-tsf49h,1869,Vendors,50,AUTO,Completed,2026-04-06T02:06:27.000+00:00,2026-04-06,2026,April,04,Quarter 2,https://Assessment/Assessment/b4dd1431-523e-47b2-a17f-08b44f2e398d,America/Santo_Domingo,OTAuto02,b99df4a4-2bf5-4c08-9483-bd636470bc11,b99df4a4-2bf5-4c08-9483-bd636470bc11
cf344b63-b38b-4e7c-adcf-f936879b11c0,assessmentChangeVendorArchived_20260406060600-2e7gue,5070,01e9c2d9-7167-4a4b-bcac-03a8c5c93469,Vendor_20260406060600-2e7gue,1865,Vendors,50,AUTO,Under Review,,,,,,,https://Assessment/Assessment/cf344b63-b38b-4e7c-adcf-f936879b11c0,America/Santo_Domingo,OTAuto02,b99df4a4-2bf5-4c08-9483-bd636470bc11,b99df4a4-2bf5-4c08-9483-bd636470bc11
598590c0-365c-469b-9d07-0ef7a5f6977b,assessmentChangeParentVendorCompleted_20260406050819-exyrab,5054,8d089a4f-b86d-4310-b65d-ac88e1342a63,Vendor_20260406050819-exyrab,1855,Vendors,50,AUTO,Completed,2026-04-06T01:08:26.000+00:00,2026-04-06,2026,April,04,Quarter 2,https://Assessment/Assessment/598590c0-365c-469b-9d07-0ef7a5f6977b,America/Santo_Domingo,OTAuto02,b99df4a4-2bf5-4c08-9483-bd636470bc11,b99df4a4-2bf5-4c08-9483-bd636470bc11
f61568cb-9350-403b-ac60-1bdeca9b94d6,assessmentChangeParentVendorCompleted_20260406050825-yihm7j,5056,2a99bd54-3d50-4f13-8e33-d5aae32b0ae8,Vendor_20260406050825-yihm7j,1857,Vendors,50,AUTO,Completed,2026-04-06T01:08:31.000+00:00,2026-04-06,2026,April,04,Quarter 2,https://Assessment/Assessment/f61568cb-9350-403b-ac60-1bdeca9b94d6,America/Santo_Domingo,OTAuto02,b99df4a4-2bf5-4c08-9483-bd636470bc11,b99df4a4-2bf5-4c08-9483-bd636470bc11
05b378e2-1363-4caa-8f38-c8dc0dac4ba6,assessmentChangeVendorArchived_20260406050825-yihm7j,5060,2a99bd54-3d50-4f13-8e33-d5aae32b0ae8,Vendor_20260406050825-yihm7j,1857,Vendors,50,AUTO,Under Review,,,,,,,https://Assessment/Assessment/05b378e2-1363-4caa-8f38-c8dc0dac4ba6,America/Santo_Domingo,OTAuto02,b99df4a4-2bf5-4c08-9483-bd636470bc11,b99df4a4-2bf5-4c08-9483-bd636470bc11
4db51685-5e9d-4ffc-bbd4-f848e887230c,assessmentChangeVendorArchived_20260406050819-exyrab,5055,8d089a4f-b86d-4310-b65d-ac88e1342a63,Vendor_20260406050819-exyrab,1855,Vendors,50,AUTO,Under Review,,,,,,,https://Assessment/Assessment/4db51685-5e9d-4ffc-bbd4-f848e887230c,America/Santo_Domingo,OTAuto02,b99df4a4-2bf5-4c08-9483-bd636470bc11,b99df4a4-2bf5-4c08-9483-bd636470bc11
2ff49a64-39a8-464b-b41e-154af2a1f361,assessmentChangeParentVendorCompleted_20260406055429-y7yx7e,5064,25d0ba96-d31d-4265-96aa-11c122eb8b61,Vendor_20260406055429-y7yx7e,1860,Vendors,50,AUTO,Completed,2026-04-06T01:54:38.000+00:00,2026-04-06,2026,April,04,Quarter 2,https://Assessment/Assessment/2ff49a64-39a8-464b-b41e-154af2a1f361,America/Santo_Domingo,OTAuto02,b99df4a4-2bf5-4c08-9483-bd636470bc11,b99df4a4-2bf5-4c08-9483-bd636470bc11
4d894285-2a4d-40fc-ac96-190875a8426e,assessmentChangeVendorArchived_20260406055429-y7yx7e,5065,25d0ba96-d31d-4265-96aa-11c122eb8b61,Vendor_20260406055429-y7yx7e,1860,Vendors,50,AUTO,Under Review,,,,,,,https://Assessment/Assessment/4d894285-2a4d-40fc-ac96-190875a8426e,America/Santo_Domingo,OTAuto02,b99df4a4-2bf5-4c08-9483-bd636470bc11,b99df4a4-2bf5-4c08-9483-bd636470bc11
262e62a1-6501-4076-9e75-5e5c7b1fe2bb,assessmentChangeVendorArchived_20260406060607-4ed5vj,5075,06e64ceb-85f0-488a-b1a1-6390292046d5,Vendor_20260406060607-4ed5vj,1867,Vendors,50,AUTO,Under Review,,,,,,,https://Assessment/Assessment/262e62a1-6501-4076-9e75-5e5c7b1fe2bb,Asia/Macau,OTAuto02,b99df4a4-2bf5-4c08-9483-bd636470bc11,b99df4a4-2bf5-4c08-9483-bd636470bc11
61ac07da-33e0-431f-934f-58ea06ace72b,assessmentChangeVendorArchived_20260406060620-tsf49h,5080,7d19e9a4-936e-48cb-8f88-28ac1f2b3f2a,Vendor_20260406060620-tsf49h,1869,Vendors,50,AUTO,Under Review,,,,,,,https://Assessment/Assessment/61ac07da-33e0-431f-934f-58ea06ace72b,Asia/Macau,OTAuto02,b99df4a4-2bf5-4c08-9483-bd636470bc11,b99df4a4-2bf5-4c08-9483-bd636470bc11
b2beff6b-efa1-4a63-a81f-356d8433118f,assessmentChangeParentVendorCompleted_20260406060607-4ed5vj,5073,06e64ceb-85f0-488a-b1a1-6390292046d5,Vendor_20260406060607-4ed5vj,1867,Vendors,50,AUTO,Completed,2026-04-06T14:06:13.000+00:00,2026-04-06,2026,April,04,Quarter 2,https://Assessment/Assessment/b2beff6b-efa1-4a63-a81f-356d8433118f,Asia/Macau,OTAuto02,b99df4a4-2bf5-4c08-9483-bd636470bc11,b99df4a4-2bf5-4c08-9483-bd636470bc11
b3f4731e-db7f-4792-8e88-6ff79a3e859f,assessmentChangeParentVendorCompleted_20260406060600-2e7gue,5069,01e9c2d9-7167-4a4b-bcac-03a8c5c93469,Vendor_20260406060600-2e7gue,1865,Vendors,50,AUTO,Completed,2026-04-06T14:06:07.000+00:00,2026-04-06,2026,April,04,Quarter 2,https://Assessment/Assessment/b3f4731e-db7f-4792-8e88-6ff79a3e859f,Asia/Macau,OTAuto02,b99df4a4-2bf5-4c08-9483-bd636470bc11,b99df4a4-2bf5-4c08-9483-bd636470bc11
b4dd1431-523e-47b2-a17f-08b44f2e398d,assessmentChangeParentVendorCompleted_20260406060620-tsf49h,5079,7d19e9a4-936e-48cb-8f88-28ac1f2b3f2a,Vendor_20260406060620-tsf49h,1869,Vendors,50,AUTO,Completed,2026-04-06T14:06:27.000+00:00,2026-04-06,2026,April,04,Quarter 2,https://Assessment/Assessment/b4dd1431-523e-47b2-a17f-08b44f2e398d,Asia/Macau,OTAuto02,b99df4a4-2bf5-4c08-9483-bd636470bc11,b99df4a4-2bf5-4c08-9483-bd636470bc11
cf344b63-b38b-4e7c-adcf-f936879b11c0,assessmentChangeVendorArchived_20260406060600-2e7gue,5070,01e9c2d9-7167-4a4b-bcac-03a8c5c93469,Vendor_20260406060600-2e7gue,1865,Vendors,50,AUTO,Under Review,,,,,,,https://Assessment/Assessment/cf344b63-b38b-4e7c-adcf-f936879b11c0,Asia/Macau,OTAuto02,b99df4a4-2bf5-4c08-9483-bd636470bc11,b99df4a4-2bf5-4c08-9483-bd636470bc11
598590c0-365c-469b-9d07-0ef7a5f6977b,assessmentChangeParentVendorCompleted_20260406050819-exyrab,5054,8d089a4f-b86d-4310-b65d-ac88e1342a63,Vendor_20260406050819-exyrab,1855,Vendors,50,AUTO,Completed,2026-04-06T13:08:26.000+00:00,2026-04-06,2026,April,04,Quarter 2,https://Assessment/Assessment/598590c0-365c-469b-9d07-0ef7a5f6977b,Asia/Macau,OTAuto02,b99df4a4-2bf5-4c08-9483-bd636470bc11,b99df4a4-2bf5-4c08-9483-bd636470bc11
f61568cb-9350-403b-ac60-1bdeca9b94d6,assessmentChangeParentVendorCompleted_20260406050825-yihm7j,5056,2a99bd54-3d50-4f13-8e33-d5aae32b0ae8,Vendor_20260406050825-yihm7j,1857,Vendors,50,AUTO,Completed,2026-04-06T13:08:31.000+00:00,2026-04-06,2026,April,04,Quarter 2,https://Assessment/Assessment/f61568cb-9350-403b-ac60-1bdeca9b94d6,Asia/Macau,OTAuto02,b99df4a4-2bf5-4c08-9483-bd636470bc11,b99df4a4-2bf5-4c08-9483-bd636470bc11
05b378e2-1363-4caa-8f38-c8dc0dac4ba6,assessmentChangeVendorArchived_20260406050825-yihm7j,5060,2a99bd54-3d50-4f13-8e33-d5aae32b0ae8,Vendor_20260406050825-yihm7j,1857,Vendors,50,AUTO,Under Review,,,,,,,https://Assessment/Assessment/05b378e2-1363-4caa-8f38-c8dc0dac4ba6,Asia/Macau,OTAuto02,b99df4a4-2bf5-4c08-9483-bd636470bc11,b99df4a4-2bf5-4c08-9483-bd636470bc11
4db51685-5e9d-4ffc-bbd4-f848e887230c,assessmentChangeVendorArchived_20260406050819-exyrab,5055,8d089a4f-b86d-4310-b65d-ac88e1342a63,Vendor_20260406050819-exyrab,1855,Vendors,50,AUTO,Under Review,,,,,,,https://Assessment/Assessment/4db51685-5e9d-4ffc-bbd4-f848e887230c,Asia/Macau,OTAuto02,b99df4a4-2bf5-4c08-9483-bd636470bc11,b99df4a4-2bf5-4c08-9483-bd636470bc11
2ff49a64-39a8-464b-b41e-154af2a1f361,assessmentChangeParentVendorCompleted_20260406055429-y7yx7e,5064,25d0ba96-d31d-4265-96aa-11c122eb8b61,Vendor_20260406055429-y7yx7e,1860,Vendors,50,AUTO,Completed,2026-04-06T13:54:38.000+00:00,2026-04-06,2026,April,04,Quarter 2,https://Assessment/Assessment/2ff49a64-39a8-464b-b41e-154af2a1f361,Asia/Macau,OTAuto02,b99df4a4-2bf5-4c08-9483-bd636470bc11,b99df4a4-2bf5-4c08-9483-bd636470bc11
4d894285-2a4d-40fc-ac96-190875a8426e,assessmentChangeVendorArchived_20260406055429-y7yx7e,5065,25d0ba96-d31d-4265-96aa-11c122eb8b61,Vendor_20260406055429-y7yx7e,1860,Vendors,50,AUTO,Under Review,,,,,,,https://Assessment/Assessment/4d894285-2a4d-40fc-ac96-190875a8426e,Asia/Macau,OTAuto02,b99df4a4-2bf5-4c08-9483-bd636470bc11,b99df4a4-2bf5-4c08-9483-bd636470bc11
262e62a1-6501-4076-9e75-5e5c7b1fe2bb,assessmentChangeVendorArchived_20260406060607-4ed5vj,5075,06e64ceb-85f0-488a-b1a1-6390292046d5,Vendor_20260406060607-4ed5vj,1867,Vendors,50,AUTO,Under Review,,,,,,,https://Assessment/Assessment/262e62a1-6501-4076-9e75-5e5c7b1fe2bb,America/Bahia_Banderas,OTAuto02,b99df4a4-2bf5-4c08-9483-bd636470bc11,b99df4a4-2bf5-4c08-9483-bd636470bc11
61ac07da-33e0-431f-934f-58ea06ace72b,assessmentChangeVendorArchived_20260406060620-tsf49h,5080,7d19e9a4-936e-48cb-8f88-28ac1f2b3f2a,Vendor_20260406060620-tsf49h,1869,Vendors,50,AUTO,Under Review,,,,,,,https://Assessment/Assessment/61ac07da-33e0-431f-934f-58ea06ace72b,America/Bahia_Banderas,OTAuto02,b99df4a4-2bf5-4c08-9483-bd636470bc11,b99df4a4-2bf5-4c08-9483-bd636470bc11
b2beff6b-efa1-4a63-a81f-356d8433118f,assessmentChangeParentVendorCompleted_20260406060607-4ed5vj,5073,06e64ceb-85f0-488a-b1a1-6390292046d5,Vendor_20260406060607-4ed5vj,1867,Vendors,50,AUTO,Completed,2026-04-06T00:06:13.000+00:00,2026-04-06,2026,April,04,Quarter 2,https://Assessment/Assessment/b2beff6b-efa1-4a63-a81f-356d8433118f,America/Bahia_Banderas,OTAuto02,b99df4a4-2bf5-4c08-9483-bd636470bc11,b99df4a4-2bf5-4c08-9483-bd636470bc11
b3f4731e-db7f-4792-8e88-6ff79a3e859f,assessmentChangeParentVendorCompleted_20260406060600-2e7gue,5069,01e9c2d9-7167-4a4b-bcac-03a8c5c93469,Vendor_20260406060600-2e7gue,1865,Vendors,50,AUTO,Completed,2026-04-06T00:06:07.000+00:00,2026-04-06,2026,April,04,Quarter 2,https://Assessment/Assessment/b3f4731e-db7f-4792-8e88-6ff79a3e859f,America/Bahia_Banderas,OTAuto02,b99df4a4-2bf5-4c08-9483-bd636470bc11,b99df4a4-2bf5-4c08-9483-bd636470bc11
b4dd1431-523e-47b2-a17f-08b44f2e398d,assessmentChangeParentVendorCompleted_20260406060620-tsf49h,5079,7d19e9a4-936e-48cb-8f88-28ac1f2b3f2a,Vendor_20260406060620-tsf49h,1869,Vendors,50,AUTO,Completed,2026-04-06T00:06:27.000+00:00,2026-04-06,2026,April,04,Quarter 2,https://Assessment/Assessment/b4dd1431-523e-47b2-a17f-08b44f2e398d,America/Bahia_Banderas,OTAuto02,b99df4a4-2bf5-4c08-9483-bd636470bc11,b99df4a4-2bf5-4c08-9483-bd636470bc11
cf344b63-b38b-4e7c-adcf-f936879b11c0,assessmentChangeVendorArchived_20260406060600-2e7gue,5070,01e9c2d9-7167-4a4b-bcac-03a8c5c93469,Vendor_20260406060600-2e7gue,1865,Vendors,50,AUTO,Under Review,,,,,,,https://Assessment/Assessment/cf344b63-b38b-4e7c-adcf-f936879b11c0,America/Bahia_Banderas,OTAuto02,b99df4a4-2bf5-4c08-9483-bd636470bc11,b99df4a4-2bf5-4c08-9483-bd636470bc11
598590c0-365c-469b-9d07-0ef7a5f6977b,assessmentChangeParentVendorCompleted_20260406050819-exyrab,5054,8d089a4f-b86d-4310-b65d-ac88e1342a63,Vendor_20260406050819-exyrab,1855,Vendors,50,AUTO,Completed,2026-04-05T23:08:26.000+00:00,2026-04-05,2026,April,04,Quarter 2,https://Assessment/Assessment/598590c0-365c-469b-9d07-0ef7a5f6977b,America/Bahia_Banderas,OTAuto02,b99df4a4-2bf5-4c08-9483-bd636470bc11,b99df4a4-2bf5-4c08-9483-bd636470bc11
f61568cb-9350-403b-ac60-1bdeca9b94d6,assessmentChangeParentVendorCompleted_20260406050825-yihm7j,5056,2a99bd54-3d50-4f13-8e33-d5aae32b0ae8,Vendor_20260406050825-yihm7j,1857,Vendors,50,AUTO,Completed,2026-04-05T23:08:31.000+00:00,2026-04-05,2026,April,04,Quarter 2,https://Assessment/Assessment/f61568cb-9350-403b-ac60-1bdeca9b94d6,America/Bahia_Banderas,OTAuto02,b99df4a4-2bf5-4c08-9483-bd636470bc11,b99df4a4-2bf5-4c08-9483-bd636470bc11
05b378e2-1363-4caa-8f38-c8dc0dac4ba6,assessmentChangeVendorArchived_20260406050825-yihm7j,5060,2a99bd54-3d50-4f13-8e33-d5aae32b0ae8,Vendor_20260406050825-yihm7j,1857,Vendors,50,AUTO,Under Review,,,,,,,https://Assessment/Assessment/05b378e2-1363-4caa-8f38-c8dc0dac4ba6,America/Bahia_Banderas,OTAuto02,b99df4a4-2bf5-4c08-9483-bd636470bc11,b99df4a4-2bf5-4c08-9483-bd636470bc11
4db51685-5e9d-4ffc-bbd4-f848e887230c,assessmentChangeVendorArchived_20260406050819-exyrab,5055,8d089a4f-b86d-4310-b65d-ac88e1342a63,Vendor_20260406050819-exyrab,1855,Vendors,50,AUTO,Under Review,,,,,,,https://Assessment/Assessment/4db51685-5e9d-4ffc-bbd4-f848e887230c,America/Bahia_Banderas,OTAuto02,b99df4a4-2bf5-4c08-9483-bd636470bc11,b99df4a4-2bf5-4c08-9483-bd636470bc11
2ff49a64-39a8-464b-b41e-154af2a1f361,assessmentChangeParentVendorCompleted_20260406055429-y7yx7e,5064,25d0ba96-d31d-4265-96aa-11c122eb8b61,Vendor_20260406055429-y7yx7e,1860,Vendors,50,AUTO,Completed,2026-04-05T23:54:38.000+00:00,2026-04-05,2026,April,04,Quarter 2,https://Assessment/Assessment/2ff49a64-39a8-464b-b41e-154af2a1f361,America/Bahia_Banderas,OTAuto02,b99df4a4-2bf5-4c08-9483-bd636470bc11,b99df4a4-2bf5-4c08-9483-bd636470bc11
4d894285-2a4d-40fc-ac96-190875a8426e,assessmentChangeVendorArchived_20260406055429-y7yx7e,5065,25d0ba96-d31d-4265-96aa-11c122eb8b61,Vendor_20260406055429-y7yx7e,1860,Vendors,50,AUTO,Under Review,,,,,,,https://Assessment/Assessment/4d894285-2a4d-40fc-ac96-190875a8426e,America/Bahia_Banderas,OTAuto02,b99df4a4-2bf5-4c08-9483-bd636470bc11,b99df4a4-2bf5-4c08-9483-bd636470bc11
262e62a1-6501-4076-9e75-5e5c7b1fe2bb,assessmentChangeVendorArchived_20260406060607-4ed5vj,5075,06e64ceb-85f0-488a-b1a1-6390292046d5,Vendor_20260406060607-4ed5vj,1867,Vendors,50,AUTO,Under Review,,,,,,,https://Assessment/Assessment/262e62a1-6501-4076-9e75-5e5c7b1fe2bb,Antarctica/Rothera,OTAuto02,b99df4a4-2bf5-4c08-9483-bd636470bc11,b99df4a4-2bf5-4c08-9483-bd636470bc11
61ac07da-33e0-431f-934f-58ea06ace72b,assessmentChangeVendorArchived_20260406060620-tsf49h,5080,7d19e9a4-936e-48cb-8f88-28ac1f2b3f2a,Vendor_20260406060620-tsf49h,1869,Vendors,50,AUTO,Under Review,,,,,,,https://Assessment/Assessment/61ac07da-33e0-431f-934f-58ea06ace72b,Antarctica/Rothera,OTAuto02,b99df4a4-2bf5-4c08-9483-bd636470bc11,b99df4a4-2bf5-4c08-9483-bd636470bc11
b2beff6b-efa1-4a63-a81f-356d8433118f,assessmentChangeParentVendorCompleted_20260406060607-4ed5vj,5073,06e64ceb-85f0-488a-b1a1-6390292046d5,Vendor_20260406060607-4ed5vj,1867,Vendors,50,AUTO,Completed,2026-04-06T03:06:13.000+00:00,2026-04-06,2026,April,04,Quarter 2,https://Assessment/Assessment/b2beff6b-efa1-4a63-a81f-356d8433118f,Antarctica/Rothera,OTAuto02,b99df4a4-2bf5-4c08-9483-bd636470bc11,b99df4a4-2bf5-4c08-9483-bd636470bc11
b3f4731e-db7f-4792-8e88-6ff79a3e859f,assessmentChangeParentVendorCompleted_20260406060600-2e7gue,5069,01e9c2d9-7167-4a4b-bcac-03a8c5c93469,Vendor_20260406060600-2e7gue,1865,Vendors,50,AUTO,Completed,2026-04-06T03:06:07.000+00:00,2026-04-06,2026,April,04,Quarter 2,https://Assessment/Assessment/b3f4731e-db7f-4792-8e88-6ff79a3e859f,Antarctica/Rothera,OTAuto02,b99df4a4-2bf5-4c08-9483-bd636470bc11,b99df4a4-2bf5-4c08-9483-bd636470bc11
b4dd1431-523e-47b2-a17f-08b44f2e398d,assessmentChangeParentVendorCompleted_20260406060620-tsf49h,5079,7d19e9a4-936e-48cb-8f88-28ac1f2b3f2a,Vendor_20260406060620-tsf49h,1869,Vendors,50,AUTO,Completed,2026-04-06T03:06:27.000+00:00,2026-04-06,2026,April,04,Quarter 2,https://Assessment/Assessment/b4dd1431-523e-47b2-a17f-08b44f2e398d,Antarctica/Rothera,OTAuto02,b99df4a4-2bf5-4c08-9483-bd636470bc11,b99df4a4-2bf5-4c08-9483-bd636470bc11
cf344b63-b38b-4e7c-adcf-f936879b11c0,assessmentChangeVendorArchived_20260406060600-2e7gue,5070,01e9c2d9-7167-4a4b-bcac-03a8c5c93469,Vendor_20260406060600-2e7gue,1865,Vendors,50,AUTO,Under Review,,,,,,,https://Assessment/Assessment/cf344b63-b38b-4e7c-adcf-f936879b11c0,Antarctica/Rothera,OTAuto02,b99df4a4-2bf5-4c08-9483-bd636470bc11,b99df4a4-2bf5-4c08-9483-bd636470bc11
598590c0-365c-469b-9d07-0ef7a5f6977b,assessmentChangeParentVendorCompleted_20260406050819-exyrab,5054,8d089a4f-b86d-4310-b65d-ac88e1342a63,Vendor_20260406050819-exyrab,1855,Vendors,50,AUTO,Completed,2026-04-06T02:08:26.000+00:00,2026-04-06,2026,April,04,Quarter 2,https://Assessment/Assessment/598590c0-365c-469b-9d07-0ef7a5f6977b,Antarctica/Rothera,OTAuto02,b99df4a4-2bf5-4c08-9483-bd636470bc11,b99df4a4-2bf5-4c08-9483-bd636470bc11
f61568cb-9350-403b-ac60-1bdeca9b94d6,assessmentChangeParentVendorCompleted_20260406050825-yihm7j,5056,2a99bd54-3d50-4f13-8e33-d5aae32b0ae8,Vendor_20260406050825-yihm7j,1857,Vendors,50,AUTO,Completed,2026-04-06T02:08:31.000+00:00,2026-04-06,2026,April,04,Quarter 2,https://Assessment/Assessment/f61568cb-9350-403b-ac60-1bdeca9b94d6,Antarctica/Rothera,OTAuto02,b99df4a4-2bf5-4c08-9483-bd636470bc11,b99df4a4-2bf5-4c08-9483-bd636470bc11
05b378e2-1363-4caa-8f38-c8dc0dac4ba6,assessmentChangeVendorArchived_20260406050825-yihm7j,5060,2a99bd54-3d50-4f13-8e33-d5aae32b0ae8,Vendor_20260406050825-yihm7j,1857,Vendors,50,AUTO,Under Review,,,,,,,https://Assessment/Assessment/05b378e2-1363-4caa-8f38-c8dc0dac4ba6,Antarctica/Rothera,OTAuto02,b99df4a4-2bf5-4c08-9483-bd636470bc11,b99df4a4-2bf5-4c08-9483-bd636470bc11
4db51685-5e9d-4ffc-bbd4-f848e887230c,assessmentChangeVendorArchived_20260406050819-exyrab,5055,8d089a4f-b86d-4310-b65d-ac88e1342a63,Vendor_20260406050819-exyrab,1855,Vendors,50,AUTO,Under Review,,,,,,,https://Assessment/Assessment/4db51685-5e9d-4ffc-bbd4-f848e887230c,Antarctica/Rothera,OTAuto02,b99df4a4-2bf5-4c08-9483-bd636470bc11,b99df4a4-2bf5-4c08-9483-bd636470bc11
2ff49a64-39a8-464b-b41e-154af2a1f361,assessmentChangeParentVendorCompleted_20260406055429-y7yx7e,5064,25d0ba96-d31d-4265-96aa-11c122eb8b61,Vendor_20260406055429-y7yx7e,1860,Vendors,50,AUTO,Completed,2026-04-06T02:54:38.000+00:00,2026-04-06,2026,April,04,Quarter 2,https://Assessment/Assessment/2ff49a64-39a8-464b-b41e-154af2a1f361,Antarctica/Rothera,OTAuto02,b99df4a4-2bf5-4c08-9483-bd636470bc11,b99df4a4-2bf5-4c08-9483-bd636470bc11
4d894285-2a4d-40fc-ac96-190875a8426e,assessmentChangeVendorArchived_20260406055429-y7yx7e,5065,25d0ba96-d31d-4265-96aa-11c122eb8b61,Vendor_20260406055429-y7yx7e,1860,Vendors,50,AUTO,Under Review,,,,,,,https://Assessment/Assessment/4d894285-2a4d-40fc-ac96-190875a8426e,Antarctica/Rothera,OTAuto02,b99df4a4-2bf5-4c08-9483-bd636470bc11,b99df4a4-2bf5-4c08-9483-bd636470bc11
1b3fb8fe-c207-4d4a-a7e8-31963603a502,automation_project_78083_7167265,58,e95e028f-cab0-442a-ba81-1d510604eb9c,,,Assets,20,PRIMARY_PURPOSE,Not Started,,,,,,,https://Assessment/Assessment/1b3fb8fe-c207-4d4a-a7e8-31963603a502,Antarctica/South_Pole,OTAuto02,b99df4a4-2bf5-4c08-9483-bd636470bc11,b99df4a4-2bf5-4c08-9483-bd636470bc11
4995e3cf-cd02-452d-a2a4-65c8f710f2d3,automation_project_78083_9554296,85,460c6b26-de16-4e18-9100-fd83d62e016b,,,Assets,20,PRIMARY_PURPOSE,Not Started,,,,,,,https://Assessment/Assessment/4995e3cf-cd02-452d-a2a4-65c8f710f2d3,Antarctica/South_Pole,OTAuto02,b99df4a4-2bf5-4c08-9483-bd636470bc11,b99df4a4-2bf5-4c08-9483-bd636470bc11
7e25d345-7be6-48ca-8768-0c8c4cd755ee,Automated_Assessment_02_4744_19032026,79,a267ea80-3916-41fb-a34d-1b327c973735,,,Assets,20,PRIMARY_PURPOSE,Not Started,,,,,,,https://Assessment/Assessment/7e25d345-7be6-48ca-8768-0c8c4cd755ee,Antarctica/South_Pole,OTAuto02,b99df4a4-2bf5-4c08-9483-bd636470bc11,b99df4a4-2bf5-4c08-9483-bd636470bc11
abe9aee9-a634-4ec8-a409-e2a92058362f,!PA-1_4468112 - automation_template_4468112,45,e6a422c5-d580-4423-816d-e3fda52400ee,,,Processing Activities,30,PRIMARY_PURPOSE,Not Started,,,,,,,https://Assessment/Assessment/abe9aee9-a634-4ec8-a409-e2a92058362f,Antarctica/South_Pole,OTAuto02,b99df4a4-2bf5-4c08-9483-bd636470bc11,b99df4a4-2bf5-4c08-9483-bd636470bc11
d68092ae-debb-4714-9336-f654cf46c7ea,Automated_Assessment_74921_3886327,56,f59f7e23-6143-45b4-b830-6ebeada9bb60,,,Assets,20,PRIMARY_PURPOSE,Not Started,,,,,,,https://Assessment/Assessment/d68092ae-debb-4714-9336-f654cf46c7ea,Antarctica/South_Pole,OTAuto02,b99df4a4-2bf5-4c08-9483-bd636470bc11,b99df4a4-2bf5-4c08-9483-bd636470bc11
db40c97e-2385-47d5-b650-ba05af44f97f,Inventory_Assessment_6752211,8,db1c3796-a06e-4b72-ad6f-eb25c2be146e,,,Assets,20,AUTO,Under Review,,,,,,,https://Assessment/Assessment/db40c97e-2385-47d5-b650-ba05af44f97f,Antarctica/South_Pole,OTAuto02,b99df4a4-2bf5-4c08-9483-bd636470bc11,b99df4a4-2bf5-4c08-9483-bd636470bc11
e20b0cd2-243b-4b06-ac67-bc6f2b9e173d,Automated_Assessment_7591_19032026_1,22,89eb0087-49ae-49b6-a985-30256574ac02,,,Assets,20,AUTO,Completed,2026-03-20T05:15:24.000+00:00,2026-03-20,2026,March,03,Quarter 1,https://Assessment/Assessment/e20b0cd2-243b-4b06-ac67-bc6f2b9e173d,Antarctica/South_Pole,OTAuto02,b99df4a4-2bf5-4c08-9483-bd636470bc11,b99df4a4-2bf5-4c08-9483-bd636470bc11
ef944c94-323b-426f-9315-afe78f33ab2a,Automated_Assessment_759219032026_1,23,8a28bac3-56e1-4407-a1c5-a5de33779422,,,Assets,20,AUTO,Completed,2026-03-20T05:15:24.000+00:00,2026-03-20,2026,March,03,Quarter 1,https://Assessment/Assessment/ef944c94-323b-426f-9315-afe78f33ab2a,Antarctica/South_Pole,OTAuto02,b99df4a4-2bf5-4c08-9483-bd636470bc11,b99df4a4-2bf5-4c08-9483-bd636470bc11
f47b5bba-9497-40a4-b4f6-58908ccdbee6,Automated_Assessment_2563585,80,41d77556-99c4-4391-a44a-6ffca7a515ab,,,Assets,20,AUTO,Completed,2026-03-20T05:25:14.000+00:00,2026-03-20,2026,March,03,Quarter 1,https://Assessment/Assessment/f47b5bba-9497-40a4-b4f6-58908ccdbee6,Antarctica/South_Pole,OTAuto02,b99df4a4-2bf5-4c08-9483-bd636470bc11,b99df4a4-2bf5-4c08-9483-bd636470bc11
f47b5bba-9497-40a4-b4f6-58908ccdbee6,Automated_Assessment_2563585,80,0d17c47b-48a7-47c2-9ef2-b427c1ae5130,,,Processing Activities,30,AUTO,Completed,2026-03-20T05:25:14.000+00:00,2026-03-20,2026,March,03,Quarter 1,https://Assessment/Assessment/f47b5bba-9497-40a4-b4f6-58908ccdbee6,Antarctica/South_Pole,OTAuto02,b99df4a4-2bf5-4c08-9483-bd636470bc11,b99df4a4-2bf5-4c08-9483-bd636470bc11
902c7da2-19a9-4da9-992d-f6c1e124ca93,Assessment_7635_19032026,103,16f14edd-b00f-4b4b-b1c7-0e1a33587185,,,Assets,20,AUTO,Under Review,,,,,,,https://Assessment/Assessment/902c7da2-19a9-4da9-992d-f6c1e124ca93,Antarctica/South_Pole,OTAuto02,b99df4a4-2bf5-4c08-9483-bd636470bc11,b99df4a4-2bf5-4c08-9483-bd636470bc11
cfeb53e8-f3be-4d96-844a-8a018c9f62c8,automated_assessment_40684_9866344,109,a0806845-70f9-4b9c-a0e3-5cdac35a9fad,,,Assets,20,PRIMARY_PURPOSE,Not Started,,,,,,,https://Assessment/Assessment/cfeb53e8-f3be-4d96-844a-8a018c9f62c8,Antarctica/South_Pole,OTAuto02,b99df4a4-2bf5-4c08-9483-bd636470bc11,b99df4a4-2bf5-4c08-9483-bd636470bc11
17d130b1-ca43-443e-8663-f0680fda63ce,assessment_43465_8061300,312,3f820885-7b78-4ac1-808e-f110ba36f033,,,Processing Activities,30,AUTO,Completed,2026-03-20T06:06:45.000+00:00,2026-03-20,2026,March,03,Quarter 1,https://Assessment/Assessment/17d130b1-ca43-443e-8663-f0680fda63ce,Antarctica/South_Pole,OTAuto02,b99df4a4-2bf5-4c08-9483-bd636470bc11,b99df4a4-2bf5-4c08-9483-bd636470bc11
24a718bf-56be-4dac-9cf9-679da0074753,assessment_39526_2_19032026,296,61d9a959-cae4-4230-b9e1-06aa9d182780,,,Processing Activities,30,AUTO,Completed,2026-03-20T06:05:48.000+00:00,2026-03-20,2026,March,03,Quarter 1,https://Assessment/Assessment/24a718bf-56be-4dac-9cf9-679da0074753,Antarctica/South_Pole,OTAuto02,b99df4a4-2bf5-4c08-9483-bd636470bc11,b99df4a4-2bf5-4c08-9483-bd636470bc11
24a718bf-56be-4dac-9cf9-679da0074753,assessment_39526_2_19032026,296,a08e94e6-0d27-4823-8f3b-ee63bb3a2db6,,,Assets,20,AUTO,Completed,2026-03-20T06:05:48.000+00:00,2026-03-20,2026,March,03,Quarter 1,https://Assessment/Assessment/24a718bf-56be-4dac-9cf9-679da0074753,Antarctica/South_Pole,OTAuto02,b99df4a4-2bf5-4c08-9483-bd636470bc11,b99df4a4-2bf5-4c08-9483-bd636470bc11
75751666-bdfd-443e-b361-e96bff186277,Inventory_38868_Assessment_19032026,271,95254ab4-8538-4b50-bab5-8e918644e9ef,,,Assets,20,AUTO,Under Review,,,,,,,https://Assessment/Assessment/75751666-bdfd-443e-b361-e96bff186277,Antarctica/South_Pole,OTAuto02,b99df4a4-2bf5-4c08-9483-bd636470bc11,b99df4a4-2bf5-4c08-9483-bd636470bc11
75751666-bdfd-443e-b361-e96bff186277,Inventory_38868_Assessment_19032026,271,0ebe800b-1ccb-47ac-a220-8dc7445f8911,,,Assets,20,AUTO,Under Review,,,,,,,https://Assessment/Assessment/75751666-bdfd-443e-b361-e96bff186277,Antarctica/South_Pole,OTAuto02,b99df4a4-2bf5-4c08-9483-bd636470bc11,b99df4a4-2bf5-4c08-9483-bd636470bc11
9b13b7d4-c98a-4107-9a7f-e29d73e87e71,assessment_1_2495693,289,49ba6c60-b6bb-4408-810d-8646824e6ca4,,,Assets,20,PRIMARY_PURPOSE,Not Started,,,,,,,https://Assessment/Assessment/9b13b7d4-c98a-4107-9a7f-e29d73e87e71,Antarctica/South_Pole,OTAuto02,b99df4a4-2bf5-4c08-9483-bd636470bc11,b99df4a4-2bf5-4c08-9483-bd636470bc11
e07a8204-ab89-460e-a848-75ec3f560c96,assessment_2_2495693,291,79ce8266-019d-4715-8ce0-6ab19ea693fc,,,Assets,20,PRIMARY_PURPOSE,Not Started,,,,,,,https://Assessment/Assessment/e07a8204-ab89-460e-a848-75ec3f560c96,Antarctica/South_Pole,OTAuto02,b99df4a4-2bf5-4c08-9483-bd636470bc11,b99df4a4-2bf5-4c08-9483-bd636470bc11
32fff418-5f3f-44b8-9de8-465407932610,automation_project_42830_227065,216,573de514-9f66-446b-a819-6ab2b5cefc59,,,Assets,20,AUTO,Completed,2026-03-20T05:51:12.000+00:00,2026-03-20,2026,March,03,Quarter 1,https://Assessment/Assessment/32fff418-5f3f-44b8-9de8-465407932610,Antarctica/South_Pole,OTAuto02,b99df4a4-2bf5-4c08-9483-bd636470bc11,b99df4a4-2bf5-4c08-9483-bd636470bc11
dc34ad1f-0fdd-4de3-b52d-14c6dd901e2d,automation_assessment_427362,217,d51a5558-3037-4956-8d96-8f6496a262a2,,,Entities,60,PRIMARY_PURPOSE,Not Started,,,,,,,https://Assessment/Assessment/dc34ad1f-0fdd-4de3-b52d-14c6dd901e2d,Antarctica/South_Pole,OTAuto02,b99df4a4-2bf5-4c08-9483-bd636470bc11,b99df4a4-2bf5-4c08-9483-bd636470bc11
4dcf7f27-4cac-49fa-a923-fa94d69852a6,automation_project_42837_150703,183,0a757681-e814-492a-be5f-be55eff5c78a,,,Vendors,50,AUTO,Completed,2026-03-20T05:48:37.000+00:00,2026-03-20,2026,March,03,Quarter 1,https://Assessment/Assessment/4dcf7f27-4cac-49fa-a923-fa94d69852a6,Antarctica/South_Pole,OTAuto02,b99df4a4-2bf5-4c08-9483-bd636470bc11,b99df4a4-2bf5-4c08-9483-bd636470bc11
0b2b0ebb-71bf-452f-b8b0-dc73fa7fbdea,automation_project_42836_5538703,166,19a02a97-697b-4d1c-98d4-89432a7ea4d2,,,Assets,20,AUTO,Completed,2026-03-20T05:47:27.000+00:00,2026-03-20,2026,March,03,Quarter 1,https://Assessment/Assessment/0b2b0ebb-71bf-452f-b8b0-dc73fa7fbdea,Antarctica/South_Pole,OTAuto02,b99df4a4-2bf5-4c08-9483-bd636470bc11,b99df4a4-2bf5-4c08-9483-bd636470bc11
55e3e7e0-486d-478c-aa1c-a386dffec88d,automation_project_36427_19032026,207,66cd6083-2bea-4258-bd0f-7ded2612380e,,,Assets,20,AUTO,Under Review,,,,,,,https://Assessment/Assessment/55e3e7e0-486d-478c-aa1c-a386dffec88d,Antarctica/South_Pole,OTAuto02,b99df4a4-2bf5-4c08-9483-bd636470bc11,b99df4a4-2bf5-4c08-9483-bd636470bc11
c6991e13-5357-47aa-bc59-4f54b4ddc007,Automated_Assessment_7608_19032026,213,f58ed495-d198-4bc8-9333-9c7c7410a7e4,,,Assets,20,AUTO,Under Review,,,,,,,https://Assessment/Assessment/c6991e13-5357-47aa-bc59-4f54b4ddc007,Antarctica/South_Pole,OTAuto02,b99df4a4-2bf5-4c08-9483-bd636470bc11,b99df4a4-2bf5-4c08-9483-bd636470bc11
56d77ba8-8dd6-4c65-a4bf-097a490552b7,assessment_1_3602574,259,49ae7dc7-6247-4a63-a0a5-07080e7429e4,,,Processing Activities,30,PRIMARY_PURPOSE,Not Started,,,,,,,https://Assessment/Assessment/56d77ba8-8dd6-4c65-a4bf-097a490552b7,Antarctica/South_Pole,OTAuto02,b99df4a4-2bf5-4c08-9483-bd636470bc11,b99df4a4-2bf5-4c08-9483-bd636470bc11
63890659-9dfa-4e46-acb6-f5bbaeb30fc2,Automated_Assessment_7607_19032026,230,f34512cf-949d-4e42-9b63-1f8e28eb1745,,,Assets,20,AUTO,Under Review,,,,,,,https://Assessment/Assessment/63890659-9dfa-4e46-acb6-f5bbaeb30fc2,Antarctica/South_Pole,OTAuto02,b99df4a4-2bf5-4c08-9483-bd636470bc11,b99df4a4-2bf5-4c08-9483-bd636470bc11
a41fc6f1-f749-4e6e-85d5-b0412871944d,Automated_Assessment_7180_19032026,240,c141e9b2-ddd7-4490-9e92-173ccb697006,,,Processing Activities,30,AUTO,Under Review,,,,,,,https://Assessment/Assessment/a41fc6f1-f749-4e6e-85d5-b0412871944d,Antarctica/South_Pole,OTAuto02,b99df4a4-2bf5-4c08-9483-bd636470bc11,b99df4a4-2bf5-4c08-9483-bd636470bc11
06dc8a3d-93f3-4439-bdea-c1e5d1d5fc8e,automation_project_42840_9028858,347,af6b191f-b7db-4908-a3f3-5373ba6bbf6d,,,Assets,20,AUTO,Completed,2026-03-20T06:12:26.000+00:00,2026-03-20,2026,March,03,Quarter 1,https://Assessment/Assessment/06dc8a3d-93f3-4439-bdea-c1e5d1d5fc8e,Antarctica/South_Pole,OTAuto02,b99df4a4-2bf5-4c08-9483-bd636470bc11,b99df4a4-2bf5-4c08-9483-bd636470bc11
06dc8a3d-93f3-4439-bdea-c1e5d1d5fc8e,automation_project_42840_9028858,347,18300c89-ade5-490c-aefa-06ca91d7561a,,,Assets,20,AUTO,Completed,2026-03-20T06:12:26.000+00:00,2026-03-20,2026,March,03,Quarter 1,https://Assessment/Assessment/06dc8a3d-93f3-4439-bdea-c1e5d1d5fc8e,Antarctica/South_Pole,OTAuto02,b99df4a4-2bf5-4c08-9483-bd636470bc11,b99df4a4-2bf5-4c08-9483-bd636470bc11
138e67bd-8595-476c-900f-7cb016f60f45,automation_project_42843_4716816,313,572b7526-44fa-4cdd-a4ab-d5b4631f208c,,,Vendors,50,AUTO,Completed,2026-03-20T06:07:49.000+00:00,2026-03-20,2026,March,03,Quarter 1,https://Assessment/Assessment/138e67bd-8595-476c-900f-7cb016f60f45,Antarctica/South_Pole,OTAuto02,b99df4a4-2bf5-4c08-9483-bd636470bc11,b99df4a4-2bf5-4c08-9483-bd636470bc11
138e67bd-8595-476c-900f-7cb016f60f45,automation_project_42843_4716816,313,abd6ff6a-de66-4e4a-93f1-a20587a6c4ba,,,Vendors,50,AUTO,Completed,2026-03-20T06:07:49.000+00:00,2026-03-20,2026,March,03,Quarter 1,https://Assessment/Assessment/138e67bd-8595-476c-900f-7cb016f60f45,Antarctica/South_Pole,OTAuto02,b99df4a4-2bf5-4c08-9483-bd636470bc11,b99df4a4-2bf5-4c08-9483-bd636470bc11
bc4f96ce-e437-4a58-b409-54c1f985b645,assessment_43465_6291137,345,639e5884-3e41-4a92-965b-b83afcf63295,,,Processing Activities,30,AUTO,Completed,2026-03-20T06:10:45.000+00:00,2026-03-20,2026,March,03,Quarter 1,https://Assessment/Assessment/bc4f96ce-e437-4a58-b409-54c1f985b645,Antarctica/South_Pole,OTAuto02,b99df4a4-2bf5-4c08-9483-bd636470bc11,b99df4a4-2bf5-4c08-9483-bd636470bc11
cee60151-ccb4-4980-ac6e-31ab727e34e9,Automated_Assessment_68587_1132672,326,d5b61def-0dc9-4812-8b86-1835159c0e41,,,Assets,20,PRIMARY_PURPOSE,In Progress,,,,,,,https://Assessment/Assessment/cee60151-ccb4-4980-ac6e-31ab727e34e9,Antarctica/South_Pole,OTAuto02,b99df4a4-2bf5-4c08-9483-bd636470bc11,b99df4a4-2bf5-4c08-9483-bd636470bc11
e73c3e74-d943-455d-b283-b0fb0cfd4666,automated_assessment_Bulk_1_7365663,328,a067aae9-7185-4f8e-9583-ec5adec0f4ac,,,Assets,20,PRIMARY_PURPOSE,In Progress,,,,,,,https://Assessment/Assessment/e73c3e74-d943-455d-b283-b0fb0cfd4666,Antarctica/South_Pole,OTAuto02,b99df4a4-2bf5-4c08-9483-bd636470bc11,b99df4a4-2bf5-4c08-9483-bd636470bc11
7afe55bc-caa0-4fc9-9d80-0d5fe19d7a95,asset_1170_19032026,174,9c2da744-21e7-4245-9ca5-495a3d8f7088,,,Assets,20,PRIMARY_PURPOSE,Not Started,,,,,,,https://Assessment/Assessment/7afe55bc-caa0-4fc9-9d80-0d5fe19d7a95,Antarctica/South_Pole,OTAuto02,b99df4a4-2bf5-4c08-9483-bd636470bc11,b99df4a4-2bf5-4c08-9483-bd636470bc11
7bced51f-7618-4cd7-8f29-d2d6381c4a46,Automated_Assessment_8200779,142,16ce9253-a897-489f-8b73-b8fd2db2089a,,,Assets,20,PRIMARY_PURPOSE,Not Started,,,,,,,https://Assessment/Assessment/7bced51f-7618-4cd7-8f29-d2d6381c4a46,Antarctica/South_Pole,OTAuto02,b99df4a4-2bf5-4c08-9483-bd636470bc11,b99df4a4-2bf5-4c08-9483-bd636470bc11
33ce612e-e570-42e7-8a8f-7a6812f6d28d,automation_project_42844_571243,150,45a5b4dc-0b0f-485a-b302-046e46cf0efa,,,Processing Activities,30,AUTO,Completed,2026-03-20T05:39:37.000+00:00,2026-03-20,2026,March,03,Quarter 1,https://Assessment/Assessment/33ce612e-e570-42e7-8a8f-7a6812f6d28d,Antarctica/South_Pole,OTAuto02,b99df4a4-2bf5-4c08-9483-bd636470bc11,b99df4a4-2bf5-4c08-9483-bd636470bc11
33ce612e-e570-42e7-8a8f-7a6812f6d28d,automation_project_42844_571243,150,baea7a86-26c9-4673-bc2b-2ae871e696f1,,,Processing Activities,30,AUTO,Completed,2026-03-20T05:39:37.000+00:00,2026-03-20,2026,March,03,Quarter 1,https://Assessment/Assessment/33ce612e-e570-42e7-8a8f-7a6812f6d28d,Antarctica/South_Pole,OTAuto02,b99df4a4-2bf5-4c08-9483-bd636470bc11,b99df4a4-2bf5-4c08-9483-bd636470bc11
666960b7-f018-4b61-bb19-271cc1e51c8c,assessment_1174_19032026,169,f63d24d6-e8b9-423c-9f89-6916fd24aca6,,,Assets,20,AUTO,Under Review,,,,,,,https://Assessment/Assessment/666960b7-f018-4b61-bb19-271cc1e51c8c,Antarctica/South_Pole,OTAuto02,b99df4a4-2bf5-4c08-9483-bd636470bc11,b99df4a4-2bf5-4c08-9483-bd636470bc11
a8af9cb0-7942-4e1a-82d4-59505ada9723,assessment_43465_9547758,175,64157f47-4d1a-4b36-a16b-eb123f8adc54,,,Assets,20,AUTO,Completed,2026-03-20T05:43:18.000+00:00,2026-03-20,2026,March,03,Quarter 1,https://Assessment/Assessment/a8af9cb0-7942-4e1a-82d4-59505ada9723,Antarctica/South_Pole,OTAuto02,b99df4a4-2bf5-4c08-9483-bd636470bc11,b99df4a4-2bf5-4c08-9483-bd636470bc11
2058af04-4da2-471c-b00b-fbf9544dd54d,Automated_Assessment_68691_3010920,177,95d84e35-a342-41cb-8299-734a36fbc8cb,,,Assets,20,PRIMARY_PURPOSE,Completed,2026-03-20T05:43:36.000+00:00,2026-03-20,2026,March,03,Quarter 1,https://Assessment/Assessment/2058af04-4da2-471c-b00b-fbf9544dd54d,Antarctica/South_Pole,OTAuto02,b99df4a4-2bf5-4c08-9483-bd636470bc11,b99df4a4-2bf5-4c08-9483-bd636470bc11
f11dc346-787e-46eb-b65c-01b9ae37b2e4,Automated_Assessment_2956184,140,16f80b25-51c2-45e6-92ee-0edd0d61ec18,,,Assets,20,AUTO,Under Review,,,,,,,https://Assessment/Assessment/f11dc346-787e-46eb-b65c-01b9ae37b2e4,Antarctica/South_Pole,OTAuto02,b99df4a4-2bf5-4c08-9483-bd636470bc11,b99df4a4-2bf5-4c08-9483-bd636470bc11
631930ed-0e89-4314-8237-1909bcb9fb6f,Risk_Assessment_7507_19032026,164,60cbad18-de70-46da-ba5e-87a20b867d2e,,,Assets,20,AUTO,Under Review,,,,,,,https://Assessment/Assessment/631930ed-0e89-4314-8237-1909bcb9fb6f,Antarctica/South_Pole,OTAuto02,b99df4a4-2bf5-4c08-9483-bd636470bc11,b99df4a4-2bf5-4c08-9483-bd636470bc11
05baa95e-43e3-4de4-a547-084c0a2c5cc9,assessment_1_1952760,366,4da982e7-9a3e-4e5b-b6fb-5fd813736f9c,,,Assets,20,PRIMARY_PURPOSE,Not Started,,,,,,,https://Assessment/Assessment/05baa95e-43e3-4de4-a547-084c0a2c5cc9,Antarctica/South_Pole,OTAuto02,b99df4a4-2bf5-4c08-9483-bd636470bc11,b99df4a4-2bf5-4c08-9483-bd636470bc11
db1e2e77-f445-403e-8234-106a0ba3a3da,Assessment_41139_8439036,394,d081b0f9-d7a3-4ee3-bf07-eb71251b7f9b,,,Processing Activities,30,AUTO,Completed,2026-03-20T06:25:13.000+00:00,2026-03-20,2026,March,03,Quarter 1,https://Assessment/Assessment/db1e2e77-f445-403e-8234-106a0ba3a3da,Antarctica/South_Pole,OTAuto02,b99df4a4-2bf5-4c08-9483-bd636470bc11,b99df4a4-2bf5-4c08-9483-bd636470bc11
11bc8c79-83ce-425d-8af4-7fe4618270c0,automation_project_42832_4826473,390,dd02c13a-4ccf-4288-807b-85eda1ec4a17,,,Processing Activities,30,AUTO,Completed,2026-03-20T06:26:22.000+00:00,2026-03-20,2026,March,03,Quarter 1,https://Assessment/Assessment/11bc8c79-83ce-425d-8af4-7fe4618270c0,Antarctica/South_Pole,OTAuto02,b99df4a4-2bf5-4c08-9483-bd636470bc11,b99df4a4-2bf5-4c08-9483-bd636470bc11
db1e2e77-f445-403e-8234-106a0ba3a3da,Assessment_41139_8439036,394,9a04be59-fae8-4a75-bcc8-8864a61a8922,,,Assets,20,AUTO,Completed,2026-03-20T06:25:13.000+00:00,2026-03-20,2026,March,03,Quarter 1,https://Assessment/Assessment/db1e2e77-f445-403e-8234-106a0ba3a3da,Antarctica/South_Pole,OTAuto02,b99df4a4-2bf5-4c08-9483-bd636470bc11,b99df4a4-2bf5-4c08-9483-bd636470bc11
bcdde726-874a-4a77-8859-75506a91f243,automation_project_42831_1484371,379,17d67a53-3920-4726-8a53-c0e07435e263,,,Vendors,50,AUTO,Completed,2026-03-20T06:24:42.000+00:00,2026-03-20,2026,March,03,Quarter 1,https://Assessment/Assessment/bcdde726-874a-4a77-8859-75506a91f243,Antarctica/South_Pole,OTAuto02,b99df4a4-2bf5-4c08-9483-bd636470bc11,b99df4a4-2bf5-4c08-9483-bd636470bc11
fc541012-c9f6-4961-bece-a0830ca87e2f,processing-activities_41163_4994536,404,3573d057-4e26-4fcf-8e0f-8392d8755b9e,,,Processing Activities,30,PRIMARY_PURPOSE,Completed,2026-03-20T06:27:56.000+00:00,2026-03-20,2026,March,03,Quarter 1,https://Assessment/Assessment/fc541012-c9f6-4961-bece-a0830ca87e2f,Antarctica/South_Pole,OTAuto02,b99df4a4-2bf5-4c08-9483-bd636470bc11,b99df4a4-2bf5-4c08-9483-bd636470bc11
3ba5e3bd-c8cd-4d5d-8290-b530c0184193,assessmentExportResponses_4326765,417,d57bdf06-000c-4010-80fd-bea7ae9c5139,,,Assets,20,PRIMARY_PURPOSE,Under Review,,,,,,,https://Assessment/Assessment/3ba5e3bd-c8cd-4d5d-8290-b530c0184193,Antarctica/South_Pole,OTAuto02,b99df4a4-2bf5-4c08-9483-bd636470bc11,b99df4a4-2bf5-4c08-9483-bd636470bc11
0e334559-ee25-4464-890b-38d8825475d6,asset_7630671 - automation_template_7630671,466,2f7a3ab2-b27e-4df5-9f9c-b6f0e17e10a3,,,Assets,20,PRIMARY_PURPOSE,Not Started,,,,,,,https://Assessment/Assessment/0e334559-ee25-4464-890b-38d8825475d6,Antarctica/South_Pole,OTAuto02,b99df4a4-2bf5-4c08-9483-bd636470bc11,b99df4a4-2bf5-4c08-9483-bd636470bc11
2387481e-327d-4bf7-b867-4d93d721e5f3,asset_41165_01_386074,472,a5f8b68b-adfa-42c7-be8e-1dbf4d476933,,,Assets,20,PRIMARY_PURPOSE,Completed,2026-03-20T06:44:31.000+00:00,2026-03-20,2026,March,03,Quarter 1,https://Assessment/Assessment/2387481e-327d-4bf7-b867-4d93d721e5f3,Antarctica/South_Pole,OTAuto02,b99df4a4-2bf5-4c08-9483-bd636470bc11,b99df4a4-2bf5-4c08-9483-bd636470bc11
7910dc5a-b2e0-4765-98e8-72911db61a27,asset_1354781 - automation_template_7630671,467,792944ba-825e-438f-9de0-491b4989d45f,,,Assets,20,PRIMARY_PURPOSE,Not Started,,,,,,,https://Assessment/Assessment/7910dc5a-b2e0-4765-98e8-72911db61a27,Antarctica/South_Pole,OTAuto02,b99df4a4-2bf5-4c08-9483-bd636470bc11,b99df4a4-2bf5-4c08-9483-bd636470bc11
2eda4e7a-58a4-4a2e-ad3a-aa836942da99,automated_assessment_40643_8386608,535,af6d97ae-2933-46a0-9959-e9397272865a,,,Assets,20,PRIMARY_PURPOSE,Not Started,,,,,,,https://Assessment/Assessment/2eda4e7a-58a4-4a2e-ad3a-aa836942da99,Antarctica/South_Pole,OTAuto02,b99df4a4-2bf5-4c08-9483-bd636470bc11,b99df4a4-2bf5-4c08-9483-bd636470bc11
561f82d5-4fe6-411f-b530-d6fddff4e472,assessment_1041485,544,a9408a7a-23de-43ae-a6da-535fb4040c20,,,Assets,20,AUTO,Completed,2026-03-20T07:11:51.000+00:00,2026-03-20,2026,March,03,Quarter 1,https://Assessment/Assessment/561f82d5-4fe6-411f-b530-d6fddff4e472,Antarctica/South_Pole,OTAuto02,b99df4a4-2bf5-4c08-9483-bd636470bc11,b99df4a4-2bf5-4c08-9483-bd636470bc11
095003e7-967a-4690-a0e5-10f7913ba016,automation_project_42838_3199877,602,182e2f13-d581-410c-bf98-59fc89e3e43a,,,Processing Activities,30,AUTO,Completed,2026-03-20T07:24:15.000+00:00,2026-03-20,2026,March,03,Quarter 1,https://Assessment/Assessment/095003e7-967a-4690-a0e5-10f7913ba016,Antarctica/South_Pole,OTAuto02,b99df4a4-2bf5-4c08-9483-bd636470bc11,b99df4a4-2bf5-4c08-9483-bd636470bc11
0b1b81b2-1379-4dc3-8387-d7c76e835498,vendor_9230793 - automation_template_2865658,576,3b8aa360-ab24-4d60-b328-038bfe57cbaa,,,Vendors,50,PRIMARY_PURPOSE,Not Started,,,,,,,https://Assessment/Assessment/0b1b81b2-1379-4dc3-8387-d7c76e835498,Antarctica/South_Pole,OTAuto02,b99df4a4-2bf5-4c08-9483-bd636470bc11,b99df4a4-2bf5-4c08-9483-bd636470bc11
0be0eb7a-5721-4c2b-8098-31c413f72e83,vendor_2292747 - automation_template_2865658,563,9e9f92ed-3f90-4013-af8e-5dbbcf7f5fb6,,,Vendors,50,PRIMARY_PURPOSE,Not Started,,,,,,,https://Assessment/Assessment/0be0eb7a-5721-4c2b-8098-31c413f72e83,Antarctica/South_Pole,OTAuto02,b99df4a4-2bf5-4c08-9483-bd636470bc11,b99df4a4-2bf5-4c08-9483-bd636470bc11
1deb78b5-3a0f-4344-8ce6-95ebc815dd13,vendor_7898244 - automation_template_2865658,571,dd58a961-650d-4db8-b0dd-3def13aee999,,,Vendors,50,PRIMARY_PURPOSE,Not Started,,,,,,,https://Assessment/Assessment/1deb78b5-3a0f-4344-8ce6-95ebc815dd13,Antarctica/South_Pole,OTAuto02,b99df4a4-2bf5-4c08-9483-bd636470bc11,b99df4a4-2bf5-4c08-9483-bd636470bc11
1ef98297-7bba-4423-8e14-2f3d3404a659,vendor_7898244 - automation_template_2865658,572,dd58a961-650d-4db8-b0dd-3def13aee999,,,Vendors,50,PRIMARY_PURPOSE,Not Started,,,,,,,https://Assessment/Assessment/1ef98297-7bba-4423-8e14-2f3d3404a659,Antarctica/South_Pole,OTAuto02,b99df4a4-2bf5-4c08-9483-bd636470bc11,b99df4a4-2bf5-4c08-9483-bd636470bc11
1f0cb01c-2cd0-4d37-8b57-da955f3f3f0b,vendor_9230793 - automation_template_2865658,575,3b8aa360-ab24-4d60-b328-038bfe57cbaa,,,Vendors,50,PRIMARY_PURPOSE,Not Started,,,,,,,https://Assessment/Assessment/1f0cb01c-2cd0-4d37-8b57-da955f3f3f0b,Antarctica/South_Pole,OTAuto02,b99df4a4-2bf5-4c08-9483-bd636470bc11,b99df4a4-2bf5-4c08-9483-bd636470bc11
2383e719-cf27-49b0-bba7-55780efc5f0c,vendor_123_19032026 - automation_template_2865658,566,12d844da-bf1e-4008-a2ca-55d70e43ee8f,,,Vendors,50,PRIMARY_PURPOSE,Not Started,,,,,,,https://Assessment/Assessment/2383e719-cf27-49b0-bba7-55780efc5f0c,Antarctica/South_Pole,OTAuto02,b99df4a4-2bf5-4c08-9483-bd636470bc11,b99df4a4-2bf5-4c08-9483-bd636470bc11
2a2ac148-f646-47f3-9663-46e6ea5c3159,vendor_6177895 - automation_template_2865658,570,8b5e03b5-3fc8-49c1-950d-53074a494a00,,,Vendors,50,PRIMARY_PURPOSE,Not Started,,,,,,,https://Assessment/Assessment/2a2ac148-f646-47f3-9663-46e6ea5c3159,Antarctica/South_Pole,OTAuto02,b99df4a4-2bf5-4c08-9483-bd636470bc11,b99df4a4-2bf5-4c08-9483-bd636470bc11
32d194fa-4808-41ac-9133-23601cbf4b9d,vendor_2089232 - automation_template_2865658,562,e23f80cc-6608-4134-ae80-61f17bede5d6,,,Vendors,50,PRIMARY_PURPOSE,Not Started,,,,,,,https://Assessment/Assessment/32d194fa-4808-41ac-9133-23601cbf4b9d,Antarctica/South_Pole,OTAuto02,b99df4a4-2bf5-4c08-9483-bd636470bc11,b99df4a4-2bf5-4c08-9483-bd636470bc11
43293420-2846-45fd-acc0-4cb258959c04,vendor_6530177 - automation_template_2865658,573,cfa973d7-c167-4eed-a9d9-e59003ca606f,,,Vendors,50,PRIMARY_PURPOSE,Not Started,,,,,,,https://Assessment/Assessment/43293420-2846-45fd-acc0-4cb258959c04,Antarctica/South_Pole,OTAuto02,b99df4a4-2bf5-4c08-9483-bd636470bc11,b99df4a4-2bf5-4c08-9483-bd636470bc11
4bde5f3a-3028-4898-b68b-2225d8440e4b,assessment_1_2219821,633,f710aa8f-83b7-4d4a-bcbd-167eba7f401a,,,Assets,20,PRIMARY_PURPOSE,Not Started,,,,,,,https://Assessment/Assessment/4bde5f3a-3028-4898-b68b-2225d8440e4b,Antarctica/South_Pole,OTAuto02,b99df4a4-2bf5-4c08-9483-bd636470bc11,b99df4a4-2bf5-4c08-9483-bd636470bc11
58c35df8-e44c-46a2-96b5-785eeeea9e75,vendor_2865658 - automation_template_2865658,569,36563716-7802-4833-8639-14db508cbc6c,,,Vendors,50,PRIMARY_PURPOSE,Not Started,,,,,,,https://Assessment/Assessment/58c35df8-e44c-46a2-96b5-785eeeea9e75,Antarctica/South_Pole,OTAuto02,b99df4a4-2bf5-4c08-9483-bd636470bc11,b99df4a4-2bf5-4c08-9483-bd636470bc11
5e7c4260-cf73-44e5-bc23-7ab214dd1050,vendor_6530177 - automation_template_2865658,574,cfa973d7-c167-4eed-a9d9-e59003ca606f,,,Vendors,50,PRIMARY_PURPOSE,Not Started,,,,,,,https://Assessment/Assessment/5e7c4260-cf73-44e5-bc23-7ab214dd1050,Antarctica/South_Pole,OTAuto02,b99df4a4-2bf5-4c08-9483-bd636470bc11,b99df4a4-2bf5-4c08-9483-bd636470bc11
70510162-63fb-45c1-8a46-5cfcc8f464cc,assessment_43642_5437860,632,4bdd24ae-620f-4236-97d1-6aa0ab59ce39,,,Processing Activities,30,AUTO,Completed,2026-03-20T07:29:21.000+00:00,2026-03-20,2026,March,03,Quarter 1,https://Assessment/Assessment/70510162-63fb-45c1-8a46-5cfcc8f464cc,Antarctica/South_Pole,OTAuto02,b99df4a4-2bf5-4c08-9483-bd636470bc11,b99df4a4-2bf5-4c08-9483-bd636470bc11
801c27e9-5558-4c3e-9f4e-b719c3c12695,vendor_745188 - automation_template_2865658,567,ccd65819-3c26-4b10-b7cf-dae26cea7db8,,,Vendors,50,PRIMARY_PURPOSE,Not Started,,,,,,,https://Assessment/Assessment/801c27e9-5558-4c3e-9f4e-b719c3c12695,Antarctica/South_Pole,OTAuto02,b99df4a4-2bf5-4c08-9483-bd636470bc11,b99df4a4-2bf5-4c08-9483-bd636470bc11
8371e785-49f6-4082-bf91-46eac41b7f30,Inventory_Assessment_9053925,605,65442ff8-683e-4fb4-a47d-53f09a9e2ed1,,,Assets,20,AUTO,Under Review,,,,,,,https://Assessment/Assessment/8371e785-49f6-4082-bf91-46eac41b7f30,Antarctica/South_Pole,OTAuto02,b99df4a4-2bf5-4c08-9483-bd636470bc11,b99df4a4-2bf5-4c08-9483-bd636470bc11
a04e67f4-6075-447c-b65d-bcc40208582b,vendor_745188 - automation_template_2865658,568,ccd65819-3c26-4b10-b7cf-dae26cea7db8,,,Vendors,50,PRIMARY_PURPOSE,Not Started,,,,,,,https://Assessment/Assessment/a04e67f4-6075-447c-b65d-bcc40208582b,Antarctica/South_Pole,OTAuto02,b99df4a4-2bf5-4c08-9483-bd636470bc11,b99df4a4-2bf5-4c08-9483-bd636470bc11
bcc34ee5-6f3c-4c9c-900c-9825149b5fba,assessment_4274531,640,22b07ef3-bbcc-494a-8418-50c80ea1a3d5,,,Assets,20,AUTO,Completed,2026-03-20T07:31:15.000+00:00,2026-03-20,2026,March,03,Quarter 1,https://Assessment/Assessment/bcc34ee5-6f3c-4c9c-900c-9825149b5fba,Antarctica/South_Pole,OTAuto02,b99df4a4-2bf5-4c08-9483-bd636470bc11,b99df4a4-2bf5-4c08-9483-bd636470bc11
c19a0332-dbea-4447-99ac-ecc57af054cc,vendor1_19032026 - automation_template_2865658,565,72e99282-0dea-4b62-88fc-4cab04d6054d,,,Vendors,50,PRIMARY_PURPOSE,Not Started,,,,,,,https://Assessment/Assessment/c19a0332-dbea-4447-99ac-ecc57af054cc,Antarctica/South_Pole,OTAuto02,b99df4a4-2bf5-4c08-9483-bd636470bc11,b99df4a4-2bf5-4c08-9483-bd636470bc11
c649414f-244e-4209-ad3f-7af1658bb21b,vendor_2089232 - automation_template_2865658,564,e23f80cc-6608-4134-ae80-61f17bede5d6,,,Vendors,50,PRIMARY_PURPOSE,Not Started,,,,,,,https://Assessment/Assessment/c649414f-244e-4209-ad3f-7af1658bb21b,Antarctica/South_Pole,OTAuto02,b99df4a4-2bf5-4c08-9483-bd636470bc11,b99df4a4-2bf5-4c08-9483-bd636470bc11
c9a76e4f-799f-4de6-be23-e426f70299bd,vendor_75_19032026 - automation_template_2865658,577,50ad24d7-9f41-4e5d-b0ac-3ccdae37ff2a,,,Vendors,50,PRIMARY_PURPOSE,Not Started,,,,,,,https://Assessment/Assessment/c9a76e4f-799f-4de6-be23-e426f70299bd,Antarctica/South_Pole,OTAuto02,b99df4a4-2bf5-4c08-9483-bd636470bc11,b99df4a4-2bf5-4c08-9483-bd636470bc11
ddf07146-39eb-4d67-b59d-0b007821fff8,vendor_75_19032026 - automation_template_2865658,578,50ad24d7-9f41-4e5d-b0ac-3ccdae37ff2a,,,Vendors,50,PRIMARY_PURPOSE,Not Started,,,,,,,https://Assessment/Assessment/ddf07146-39eb-4d67-b59d-0b007821fff8,Antarctica/South_Pole,OTAuto02,b99df4a4-2bf5-4c08-9483-bd636470bc11,b99df4a4-2bf5-4c08-9483-bd636470bc11
55e8e37e-88b9-4588-a91e-49b2bbf3ce34,processing-activities_41140_5856010,758,9f31357e-3818-4797-b618-146365dacd99,,,Processing Activities,30,PRIMARY_PURPOSE,Completed,2026-03-20T08:08:18.000+00:00,2026-03-20,2026,March,03,Quarter 1,https://Assessment/Assessment/55e8e37e-88b9-4588-a91e-49b2bbf3ce34,Antarctica/South_Pole,OTAuto02,b99df4a4-2bf5-4c08-9483-bd636470bc11,b99df4a4-2bf5-4c08-9483-bd636470bc11
766333ea-d6c7-4a52-9512-1f20144569f3,automation_assessment_806782,792,e618b529-1f83-497f-8697-83e4ef4d7e85,,,Processing Activities,30,PRIMARY_PURPOSE,Completed,2026-03-20T08:18:48.000+00:00,2026-03-20,2026,March,03,Quarter 1,https://Assessment/Assessment/766333ea-d6c7-4a52-9512-1f20144569f3,Antarctica/South_Pole,OTAuto02,b99df4a4-2bf5-4c08-9483-bd636470bc11,b99df4a4-2bf5-4c08-9483-bd636470bc11
5122d75e-030d-4c40-b377-a9800688b635,Automated_assessment_2227960,830,d2a8648d-d934-4fa5-8ef0-02dd76579e1a,,,Processing Activities,30,AUTO,Completed,2026-03-20T08:30:30.000+00:00,2026-03-20,2026,March,03,Quarter 1,https://Assessment/Assessment/5122d75e-030d-4c40-b377-a9800688b635,Antarctica/South_Pole,OTAuto02,b99df4a4-2bf5-4c08-9483-bd636470bc11,b99df4a4-2bf5-4c08-9483-bd636470bc11
5f270dd8-c5f9-46a9-bff0-842a433e32a9,assessment_43465_991176,822,586e9c96-5b47-4dba-9985-73d3d56f9b13,,,Processing Activities,30,AUTO,Completed,2026-03-20T08:27:59.000+00:00,2026-03-20,2026,March,03,Quarter 1,https://Assessment/Assessment/5f270dd8-c5f9-46a9-bff0-842a433e32a9,Antarctica/South_Pole,OTAuto02,b99df4a4-2bf5-4c08-9483-bd636470bc11,b99df4a4-2bf5-4c08-9483-bd636470bc11
5a9a6e14-fa7d-4c71-adbb-6c52c03d58f9,asset_assessment_4926315,821,a2309b31-c90e-47d0-93b4-c2d18f97ce9c,,,Assets,20,AUTO,Under Review,,,,,,,https://Assessment/Assessment/5a9a6e14-fa7d-4c71-adbb-6c52c03d58f9,Antarctica/South_Pole,OTAuto02,b99df4a4-2bf5-4c08-9483-bd636470bc11,b99df4a4-2bf5-4c08-9483-bd636470bc11
5f270dd8-c5f9-46a9-bff0-842a433e32a9,assessment_43465_991176,822,70d5f88f-f876-4d60-b192-bb1275748acb,,,Assets,20,AUTO,Completed,2026-03-20T08:27:59.000+00:00,2026-03-20,2026,March,03,Quarter 1,https://Assessment/Assessment/5f270dd8-c5f9-46a9-bff0-842a433e32a9,Antarctica/South_Pole,OTAuto02,b99df4a4-2bf5-4c08-9483-bd636470bc11,b99df4a4-2bf5-4c08-9483-bd636470bc11
5a9a6e14-fa7d-4c71-adbb-6c52c03d58f9,asset_assessment_4926315,821,837f360b-fc6e-4e11-bfe9-3f5dc21854ae,,,Assets,20,PRIMARY_PURPOSE,Under Review,,,,,,,https://Assessment/Assessment/5a9a6e14-fa7d-4c71-adbb-6c52c03d58f9,Antarctica/South_Pole,OTAuto02,b99df4a4-2bf5-4c08-9483-bd636470bc11,b99df4a4-2bf5-4c08-9483-bd636470bc11
5a9a6e14-fa7d-4c71-adbb-6c52c03d58f9,asset_assessment_4926315,821,524e62fd-5aa0-46c3-b5ed-2b9567b831ba,,,Entities,60,AUTO,Under Review,,,,,,,https://Assessment/Assessment/5a9a6e14-fa7d-4c71-adbb-6c52c03d58f9,Antarctica/South_Pole,OTAuto02,b99df4a4-2bf5-4c08-9483-bd636470bc11,b99df4a4-2bf5-4c08-9483-bd636470bc11
5a9a6e14-fa7d-4c71-adbb-6c52c03d58f9,asset_assessment_4926315,821,b64f8de2-ded6-4c5a-aa09-2f5bd4f867a0,,,Vendors,50,AUTO,Under Review,,,,,,,https://Assessment/Assessment/5a9a6e14-fa7d-4c71-adbb-6c52c03d58f9,Antarctica/South_Pole,OTAuto02,b99df4a4-2bf5-4c08-9483-bd636470bc11,b99df4a4-2bf5-4c08-9483-bd636470bc11
5a9a6e14-fa7d-4c71-adbb-6c52c03d58f9,asset_assessment_4926315,821,c7b27c1f-e96d-4a8c-8212-b7dd28221ce0,,,Processing Activities,30,AUTO,Under Review,,,,,,,https://Assessment/Assessment/5a9a6e14-fa7d-4c71-adbb-6c52c03d58f9,Antarctica/South_Pole,OTAuto02,b99df4a4-2bf5-4c08-9483-bd636470bc11,b99df4a4-2bf5-4c08-9483-bd636470bc11
3c3e950c-b809-4834-b474-a73a37597126,assessment_5615245,833,f042517a-af66-4775-a295-0c96100229eb,,,Assets,20,PRIMARY_PURPOSE,Completed,2026-03-20T08:34:24.000+00:00,2026-03-20,2026,March,03,Quarter 1,https://Assessment/Assessment/3c3e950c-b809-4834-b474-a73a37597126,Antarctica/South_Pole,OTAuto02,b99df4a4-2bf5-4c08-9483-bd636470bc11,b99df4a4-2bf5-4c08-9483-bd636470bc11
06690da4-0fa4-4e80-8589-d30ef6d76a41,assessment_1_3747425,867,2f2f9652-0b20-4627-96cd-bfedde6db2f4,,,Assets,20,PRIMARY_PURPOSE,Completed,2026-03-20T08:42:26.000+00:00,2026-03-20,2026,March,03,Quarter 1,https://Assessment/Assessment/06690da4-0fa4-4e80-8589-d30ef6d76a41,Antarctica/South_Pole,OTAuto02,b99df4a4-2bf5-4c08-9483-bd636470bc11,b99df4a4-2bf5-4c08-9483-bd636470bc11
a71ef742-15f9-494a-b3f7-4fe62b4728f3,assessment_2_3747425,868,980db526-63e1-4086-b0e8-098ab1d43f98,,,Assets,20,PRIMARY_PURPOSE,Not Started,,,,,,,https://Assessment/Assessment/a71ef742-15f9-494a-b3f7-4fe62b4728f3,Antarctica/South_Pole,OTAuto02,b99df4a4-2bf5-4c08-9483-bd636470bc11,b99df4a4-2bf5-4c08-9483-bd636470bc11
10bf6ddd-da2d-4611-b550-f7dc63164d9d,Automated_Assessment_4989427,852,d04481cb-b839-487a-83a8-e855b833b9be,,,Assets,20,AUTO,Completed,2026-03-20T08:39:10.000+00:00,2026-03-20,2026,March,03,Quarter 1,https://Assessment/Assessment/10bf6ddd-da2d-4611-b550-f7dc63164d9d,Antarctica/South_Pole,OTAuto02,b99df4a4-2bf5-4c08-9483-bd636470bc11,b99df4a4-2bf5-4c08-9483-bd636470bc11
b33d8120-18d6-40e8-ba15-aad629c74549,automated_assessment_40683_1352200,930,db7838c3-5f51-4c3f-b63e-2e2a6da88d29,,,Vendors,50,PRIMARY_PURPOSE,Not Started,,,,,,,https://Assessment/Assessment/b33d8120-18d6-40e8-ba15-aad629c74549,Antarctica/South_Pole,OTAuto02,b99df4a4-2bf5-4c08-9483-bd636470bc11,b99df4a4-2bf5-4c08-9483-bd636470bc11
219743ba-069c-4ed5-a152-d2cde5907cf5,Automated_Assessment_68694_3165949,1017,d8638b9a-f90c-42ff-a5de-fe3836716524,,,Vendors,50,PRIMARY_PURPOSE,Under Review,,,,,,,https://Assessment/Assessment/219743ba-069c-4ed5-a152-d2cde5907cf5,Antarctica/South_Pole,OTAuto02,b99df4a4-2bf5-4c08-9483-bd636470bc11,b99df4a4-2bf5-4c08-9483-bd636470bc11
30dbd386-126f-4814-b6b1-9b86ff405dc2,Inventory_01_Assessment_1137087,1018,e4022d36-987b-470a-9fc9-4e085c02d247,,,Assets,20,AUTO,Under Review,,,,,,,https://Assessment/Assessment/30dbd386-126f-4814-b6b1-9b86ff405dc2,Antarctica/South_Pole,OTAuto02,b99df4a4-2bf5-4c08-9483-bd636470bc11,b99df4a4-2bf5-4c08-9483-bd636470bc11
cad8564d-d475-454a-86a2-beabb6931574,assessment_43465_6822598,1020,2a673b17-2d66-4c7e-acc9-b14785d25e69,,,Assets,20,AUTO,Completed,2026-03-20T09:19:29.000+00:00,2026-03-20,2026,March,03,Quarter 1,https://Assessment/Assessment/cad8564d-d475-454a-86a2-beabb6931574,Antarctica/South_Pole,OTAuto02,b99df4a4-2bf5-4c08-9483-bd636470bc11,b99df4a4-2bf5-4c08-9483-bd636470bc11
219743ba-069c-4ed5-a152-d2cde5907cf5,Automated_Assessment_68694_3165949,1017,4ea70554-ae25-4742-80e2-e573873d62d1,,,Assets,20,AUTO,Under Review,,,,,,,https://Assessment/Assessment/219743ba-069c-4ed5-a152-d2cde5907cf5,Antarctica/South_Pole,OTAuto02,b99df4a4-2bf5-4c08-9483-bd636470bc11,b99df4a4-2bf5-4c08-9483-bd636470bc11
24dc51a9-65b6-4e27-b692-66108ec9e96c,assessment_43642_8166862,1025,acc93659-64fc-4d31-867b-26a07830be2d,,,Processing Activities,30,AUTO,Completed,2026-03-20T09:22:44.000+00:00,2026-03-20,2026,March,03,Quarter 1,https://Assessment/Assessment/24dc51a9-65b6-4e27-b692-66108ec9e96c,Antarctica/South_Pole,OTAuto02,b99df4a4-2bf5-4c08-9483-bd636470bc11,b99df4a4-2bf5-4c08-9483-bd636470bc11
1fdaf9af-0099-4223-ae1d-3b2e40fb37e3,assessment_446130,1037,0e237c8a-850d-4cf0-bb7a-009f1b863535,,,Assets,20,PRIMARY_PURPOSE,In Progress,,,,,,,https://Assessment/Assessment/1fdaf9af-0099-4223-ae1d-3b2e40fb37e3,Antarctica/South_Pole,OTAuto02,b99df4a4-2bf5-4c08-9483-bd636470bc11,b99df4a4-2bf5-4c08-9483-bd636470bc11
8403d60f-c3dc-4d6d-b31a-43f9124345b7,assessment_1_2129186,1071,5b28f1af-d2d9-404d-86c6-994b62120d5c,,,Assets,20,PRIMARY_PURPOSE,Not Started,,,,,,,https://Assessment/Assessment/8403d60f-c3dc-4d6d-b31a-43f9124345b7,Antarctica/South_Pole,OTAuto02,b99df4a4-2bf5-4c08-9483-bd636470bc11,b99df4a4-2bf5-4c08-9483-bd636470bc11
9559eea3-ab6f-4c6b-80ac-a53c36a09153,Bulk_Assessment_deadline_reminder_8021004,1137,0a42871a-6df9-4d10-b84a-1791230cbfc7,,,Vendors,50,PRIMARY_PURPOSE,Not Started,,,,,,,https://Assessment/Assessment/9559eea3-ab6f-4c6b-80ac-a53c36a09153,Antarctica/South_Pole,OTAuto02,b99df4a4-2bf5-4c08-9483-bd636470bc11,b99df4a4-2bf5-4c08-9483-bd636470bc11
8013c4b2-64bf-48f3-9a8d-e0f47297b23d,automated_assessment_9363987,1153,15127ad1-2bbf-4946-afbb-2aa68982f508,,,Assets,20,PRIMARY_PURPOSE,Completed,2026-03-20T09:59:20.000+00:00,2026-03-20,2026,March,03,Quarter 1,https://Assessment/Assessment/8013c4b2-64bf-48f3-9a8d-e0f47297b23d,Antarctica/South_Pole,OTAuto02,b99df4a4-2bf5-4c08-9483-bd636470bc11,b99df4a4-2bf5-4c08-9483-bd636470bc11
061aa1f1-1ab0-47ce-acc4-9caab8a9ea28,automated_assessment_9363987 - Template_9363987,1154,15127ad1-2bbf-4946-afbb-2aa68982f508,,,Assets,20,PRIMARY_PURPOSE,Not Started,,,,,,,https://Assessment/Assessment/061aa1f1-1ab0-47ce-acc4-9caab8a9ea28,Antarctica/South_Pole,OTAuto02,b99df4a4-2bf5-4c08-9483-bd636470bc11,b99df4a4-2bf5-4c08-9483-bd636470bc11
a3a6f59c-a88f-4ee0-aec9-84e0aeaa8e6f,assessment_43465_6009622,1191,eb310f31-6a3d-4168-8067-568c12541530,,,Assets,20,AUTO,Completed,2026-03-20T10:09:54.000+00:00,2026-03-20,2026,March,03,Quarter 1,https://Assessment/Assessment/a3a6f59c-a88f-4ee0-aec9-84e0aeaa8e6f,Antarctica/South_Pole,OTAuto02,b99df4a4-2bf5-4c08-9483-bd636470bc11,b99df4a4-2bf5-4c08-9483-bd636470bc11
a3a6f59c-a88f-4ee0-aec9-84e0aeaa8e6f,assessment_43465_6009622,1191,0a2291b9-d61b-497f-aa86-c0facb528877,,,Processing Activities,30,AUTO,Completed,2026-03-20T10:09:54.000+00:00,2026-03-20,2026,March,03,Quarter 1,https://Assessment/Assessment/a3a6f59c-a88f-4ee0-aec9-84e0aeaa8e6f,Antarctica/South_Pole,OTAuto02,b99df4a4-2bf5-4c08-9483-bd636470bc11,b99df4a4-2bf5-4c08-9483-bd636470bc11
214d8706-a4fc-49fb-b475-3e7fb38a181f,pa_1_3126088,1207,639ea40a-fcfe-45c5-89d7-692f66ddace3,,,Processing Activities,30,PRIMARY_PURPOSE,Not Started,,,,,,,https://Assessment/Assessment/214d8706-a4fc-49fb-b475-3e7fb38a181f,Antarctica/South_Pole,OTAuto02,b99df4a4-2bf5-4c08-9483-bd636470bc11,b99df4a4-2bf5-4c08-9483-bd636470bc11
777c8884-885e-4a9b-8b5f-2e0ea9fe2533,a_5806616,1216,cee3eba7-2dea-451f-b28d-30f8e51f0f2c,,,Vendors,50,PRIMARY_PURPOSE,In Progress,,,,,,,https://Assessment/Assessment/777c8884-885e-4a9b-8b5f-2e0ea9fe2533,Antarctica/South_Pole,OTAuto02,b99df4a4-2bf5-4c08-9483-bd636470bc11,b99df4a4-2bf5-4c08-9483-bd636470bc11
1403cf86-9c0e-4ad3-9d6b-95cf2fe6750a,Assessment_834821,1231,11be8b56-e2ca-4639-a43b-48d802efe0c3,,,Vendors,50,PRIMARY_PURPOSE,Not Started,,,,,,,https://Assessment/Assessment/1403cf86-9c0e-4ad3-9d6b-95cf2fe6750a,Antarctica/South_Pole,OTAuto02,b99df4a4-2bf5-4c08-9483-bd636470bc11,b99df4a4-2bf5-4c08-9483-bd636470bc11
1416c866-bf80-4577-9b01-72171901b028,Automated_Assessment_58589_8749140,1226,d4d343da-a334-4ce3-889f-5a15d4c5dd4c,,,Processing Activities,30,MANUAL,Not Started,,,,,,,https://Assessment/Assessment/1416c866-bf80-4577-9b01-72171901b028,Antarctica/South_Pole,OTAuto02,b99df4a4-2bf5-4c08-9483-bd636470bc11,b99df4a4-2bf5-4c08-9483-bd636470bc11
4e401e02-2db6-49a5-a1cf-4ee2497ee2ae,Engagement_Assessment_529920,1232,3f43d3e4-3c2c-47b0-ab30-d4e850033443,,,Vendors,50,PRIMARY_PURPOSE,Not Started,,,,,,,https://Assessment/Assessment/4e401e02-2db6-49a5-a1cf-4ee2497ee2ae,Antarctica/South_Pole,OTAuto02,b99df4a4-2bf5-4c08-9483-bd636470bc11,b99df4a4-2bf5-4c08-9483-bd636470bc11
bd12587a-fcd7-4382-9159-0b2222c9d3fa,v_1177930 - t_1177930,1215,b9ff076d-c7c3-4de7-aff5-3c131793e6a5,,,Vendors,50,PRIMARY_PURPOSE,Not Started,,,,,,,https://Assessment/Assessment/bd12587a-fcd7-4382-9159-0b2222c9d3fa,Antarctica/South_Pole,OTAuto02,b99df4a4-2bf5-4c08-9483-bd636470bc11,b99df4a4-2bf5-4c08-9483-bd636470bc11
ae3d72c7-9b9f-4e4f-8384-809f15f5896b,assessment_5272265,1211,86a9ea8d-5918-41db-99f3-4c271887ad67,,,Vendors,50,PRIMARY_PURPOSE,Under Review,,,,,,,https://Assessment/Assessment/ae3d72c7-9b9f-4e4f-8384-809f15f5896b,Antarctica/South_Pole,OTAuto02,b99df4a4-2bf5-4c08-9483-bd636470bc11,b99df4a4-2bf5-4c08-9483-bd636470bc11
e3d67b2c-0726-41e4-8aaf-7de07a4bf26c,Launched_Temp2_5883473,1202,8ada1546-d4dc-4e0b-bbec-eddd85b60932,,,Assets,20,AUTO,Completed,2026-03-20T10:59:39.000+00:00,2026-03-20,2026,March,03,Quarter 1,https://Assessment/Assessment/e3d67b2c-0726-41e4-8aaf-7de07a4bf26c,Antarctica/South_Pole,OTAuto02,b99df4a4-2bf5-4c08-9483-bd636470bc11,b99df4a4-2bf5-4c08-9483-bd636470bc11
4048c66e-ba89-4b1f-a4cb-e9fb7f4d0241,assessment_copy_5272265,1214,86a9ea8d-5918-41db-99f3-4c271887ad67,,,Vendors,50,PRIMARY_PURPOSE,Under Review,,,,,,,https://Assessment/Assessment/4048c66e-ba89-4b1f-a4cb-e9fb7f4d0241,Antarctica/South_Pole,OTAuto02,b99df4a4-2bf5-4c08-9483-bd636470bc11,b99df4a4-2bf5-4c08-9483-bd636470bc11
1416c866-bf80-4577-9b01-72171901b028,Automated_Assessment_58589_8749140,1226,72eca2e9-93c4-44ad-96ff-eed8fcaa7ff7,,,Processing Activities,30,MANUAL,Not Started,,,,,,,https://Assessment/Assessment/1416c866-bf80-4577-9b01-72171901b028,Antarctica/South_Pole,OTAuto02,b99df4a4-2bf5-4c08-9483-bd636470bc11,b99df4a4-2bf5-4c08-9483-bd636470bc11
24a864f5-2e1d-4ba6-80fb-7e6e874a1639,assesment_23_3126088,1205,639ea40a-fcfe-45c5-89d7-692f66ddace3,,,Processing Activities,30,AUTO,Completed,2026-03-20T11:00:57.000+00:00,2026-03-20,2026,March,03,Quarter 1,https://Assessment/Assessment/24a864f5-2e1d-4ba6-80fb-7e6e874a1639,Antarctica/South_Pole,OTAuto02,b99df4a4-2bf5-4c08-9483-bd636470bc11,b99df4a4-2bf5-4c08-9483-bd636470bc11
b183325f-41ae-4436-b7b2-68d0510feece,a_3216552,1208,060b10c2-537d-4003-980e-26f557fc72a6,,,Vendors,50,PRIMARY_PURPOSE,Not Started,,,,,,,https://Assessment/Assessment/b183325f-41ae-4436-b7b2-68d0510feece,Antarctica/South_Pole,OTAuto02,b99df4a4-2bf5-4c08-9483-bd636470bc11,b99df4a4-2bf5-4c08-9483-bd636470bc11
e3d67b2c-0726-41e4-8aaf-7de07a4bf26c,Launched_Temp2_5883473,1202,bdafb8f2-2beb-496f-826b-f5d4630903f4,,,Vendors,50,AUTO,Completed,2026-03-20T10:59:39.000+00:00,2026-03-20,2026,March,03,Quarter 1,https://Assessment/Assessment/e3d67b2c-0726-41e4-8aaf-7de07a4bf26c,Antarctica/South_Pole,OTAuto02,b99df4a4-2bf5-4c08-9483-bd636470bc11,b99df4a4-2bf5-4c08-9483-bd636470bc11
e3d67b2c-0726-41e4-8aaf-7de07a4bf26c,Launched_Temp2_5883473,1202,5658bfc3-ba81-481a-a2df-9644d3d1ebc6,,,Processing Activities,30,AUTO,Completed,2026-03-20T10:59:39.000+00:00,2026-03-20,2026,March,03,Quarter 1,https://Assessment/Assessment/e3d67b2c-0726-41e4-8aaf-7de07a4bf26c,Antarctica/South_Pole,OTAuto02,b99df4a4-2bf5-4c08-9483-bd636470bc11,b99df4a4-2bf5-4c08-9483-bd636470bc11
09185ad9-272a-4ca9-a52d-8ac043bbf201,assessment_3316626,1244,ea83dcb5-941b-498c-a459-e15971fbbac3,,,Vendors,50,AUTO,Completed,2026-03-20T11:25:31.000+00:00,2026-03-20,2026,March,03,Quarter 1,https://Assessment/Assessment/09185ad9-272a-4ca9-a52d-8ac043bbf201,Antarctica/South_Pole,OTAuto02,b99df4a4-2bf5-4c08-9483-bd636470bc11,b99df4a4-2bf5-4c08-9483-bd636470bc11
1ff54324-9294-476d-b87d-363263d80817,assessment_2411_2_6639076,1240,d6e8e705-33e1-4af2-a447-fad1aaf208e9,,,Vendors,50,PRIMARY_PURPOSE,Not Started,,,,,,,https://Assessment/Assessment/1ff54324-9294-476d-b87d-363263d80817,Antarctica/South_Pole,OTAuto02,b99df4a4-2bf5-4c08-9483-bd636470bc11,b99df4a4-2bf5-4c08-9483-bd636470bc11
43eb09a5-3adb-439e-a3c9-788115300442,pa_78089_184344_edit,1233,a9d9b73d-a1e8-4db9-859d-1bf54483db06,,,Processing Activities,30,PRIMARY_PURPOSE,Under Review,,,,,,,https://Assessment/Assessment/43eb09a5-3adb-439e-a3c9-788115300442,Antarctica/South_Pole,OTAuto02,b99df4a4-2bf5-4c08-9483-bd636470bc11,b99df4a4-2bf5-4c08-9483-bd636470bc11
5e920c76-7044-464d-b760-532fef6bef60,Assessment_name_random_name,1242,0ba6807a-b9d3-4ea6-a280-304a0ab6b42c,,,Vendors,50,PRIMARY_PURPOSE,Under Review,,,,,,,https://Assessment/Assessment/5e920c76-7044-464d-b760-532fef6bef60,Antarctica/South_Pole,OTAuto02,b99df4a4-2bf5-4c08-9483-bd636470bc11,b99df4a4-2bf5-4c08-9483-bd636470bc11
993004d5-8b20-4bdc-b8b2-7c02e3ff6b15,asset_78089_184344,1234,b8475be1-1cb9-4ee1-87c0-159a0151db5e,,,Assets,20,PRIMARY_PURPOSE,Under Review,,,,,,,https://Assessment/Assessment/993004d5-8b20-4bdc-b8b2-7c02e3ff6b15,Antarctica/South_Pole,OTAuto02,b99df4a4-2bf5-4c08-9483-bd636470bc11,b99df4a4-2bf5-4c08-9483-bd636470bc11
a19378c0-8b23-4d58-8a18-ee0c55ccf964,assessment_9076118,1247,273c25d2-45a0-4e8d-9c9a-0b3ddf293310,,,Vendors,50,PRIMARY_PURPOSE,Not Started,,,,,,,https://Assessment/Assessment/a19378c0-8b23-4d58-8a18-ee0c55ccf964,Antarctica/South_Pole,OTAuto02,b99df4a4-2bf5-4c08-9483-bd636470bc11,b99df4a4-2bf5-4c08-9483-bd636470bc11
f9ed83f8-0bb5-4846-a1b1-4fec5be17596,automation_assessment_7141031,1224,73e3db62-6bd6-4481-bf16-36fb97c460c0,,,Vendors,50,PRIMARY_PURPOSE,Completed,2026-03-20T11:19:33.000+00:00,2026-03-20,2026,March,03,Quarter 1,https://Assessment/Assessment/f9ed83f8-0bb5-4846-a1b1-4fec5be17596,Antarctica/South_Pole,OTAuto02,b99df4a4-2bf5-4c08-9483-bd636470bc11,b99df4a4-2bf5-4c08-9483-bd636470bc11
25165c99-1eb9-43d5-ae28-b7aeb9b5b677,AssessmentName_6948366,1249,aadfbdd3-5c90-4bf0-baa0-b74c47c2c3d0,,,Vendors,50,PRIMARY_PURPOSE,Completed,2026-03-20T11:28:59.000+00:00,2026-03-20,2026,March,03,Quarter 1,https://Assessment/Assessment/25165c99-1eb9-43d5-ae28-b7aeb9b5b677,Antarctica/South_Pole,OTAuto02,b99df4a4-2bf5-4c08-9483-bd636470bc11,b99df4a4-2bf5-4c08-9483-bd636470bc11
3ff798be-1a7b-429b-ba25-09ba16a592c1,reassess_assessment_2666165,1254,a06d50be-4922-451c-9725-85874edc74b4,,,Vendors,50,PRIMARY_PURPOSE,Not Started,,,,,,,https://Assessment/Assessment/3ff798be-1a7b-429b-ba25-09ba16a592c1,Antarctica/South_Pole,OTAuto02,b99df4a4-2bf5-4c08-9483-bd636470bc11,b99df4a4-2bf5-4c08-9483-bd636470bc11
4a054c12-cc65-4c56-9b25-84ec1b68d574,assessment1_3316626,1250,ea83dcb5-941b-498c-a459-e15971fbbac3,,,Vendors,50,AUTO,Completed,2026-03-20T11:30:17.000+00:00,2026-03-20,2026,March,03,Quarter 1,https://Assessment/Assessment/4a054c12-cc65-4c56-9b25-84ec1b68d574,Antarctica/South_Pole,OTAuto02,b99df4a4-2bf5-4c08-9483-bd636470bc11,b99df4a4-2bf5-4c08-9483-bd636470bc11
610cea19-e2fc-44ac-a176-895ddfda5d2a,assessment_3405220,1253,a3be1bb3-7b89-4528-bb90-93af3447e71d,,,Vendors,50,PRIMARY_PURPOSE,Not Started,,,,,,,https://Assessment/Assessment/610cea19-e2fc-44ac-a176-895ddfda5d2a,Antarctica/South_Pole,OTAuto02,b99df4a4-2bf5-4c08-9483-bd636470bc11,b99df4a4-2bf5-4c08-9483-bd636470bc11
b41b5ee9-e883-401f-9481-e2cb9a171ac3,a_2666165,1251,a06d50be-4922-451c-9725-85874edc74b4,,,Vendors,50,PRIMARY_PURPOSE,Completed,2026-03-20T11:34:02.000+00:00,2026-03-20,2026,March,03,Quarter 1,https://Assessment/Assessment/b41b5ee9-e883-401f-9481-e2cb9a171ac3,Antarctica/South_Pole,OTAuto02,b99df4a4-2bf5-4c08-9483-bd636470bc11,b99df4a4-2bf5-4c08-9483-bd636470bc11
ea60e9bf-f718-4428-96dd-dd8ea7cd86d7,vendor_7461242 - wf_template_7461242,1252,a55c246d-d9a7-4369-bd0d-cd9683c1ccce,,,Vendors,50,PRIMARY_PURPOSE,Not Started,,,,,,,https://Assessment/Assessment/ea60e9bf-f718-4428-96dd-dd8ea7cd86d7,Antarctica/South_Pole,OTAuto02,b99df4a4-2bf5-4c08-9483-bd636470bc11,b99df4a4-2bf5-4c08-9483-bd636470bc11
295945e9-93bc-40ce-88ef-35bbcbdfbba2,a_2549531,1260,5825c01d-22ed-4c85-bd35-f13e269bda8d,,,Vendors,50,PRIMARY_PURPOSE,Completed,2026-03-20T11:43:28.000+00:00,2026-03-20,2026,March,03,Quarter 1,https://Assessment/Assessment/295945e9-93bc-40ce-88ef-35bbcbdfbba2,Antarctica/South_Pole,OTAuto02,b99df4a4-2bf5-4c08-9483-bd636470bc11,b99df4a4-2bf5-4c08-9483-bd636470bc11
5b39439f-43d2-412e-a576-4250a84506a3,a_3669801,1255,9c35a94c-1128-4e98-b34b-9988dc0d0ae5,,,Vendors,50,PRIMARY_PURPOSE,Under Review,,,,,,,https://Assessment/Assessment/5b39439f-43d2-412e-a576-4250a84506a3,Antarctica/South_Pole,OTAuto02,b99df4a4-2bf5-4c08-9483-bd636470bc11,b99df4a4-2bf5-4c08-9483-bd636470bc11
691a00ab-b490-40b8-9500-19d3dc5ad848,assessment_2116050,1256,21895990-08ff-4581-963f-c155447bf9ad,,,Vendors,50,PRIMARY_PURPOSE,Under Review,,,,,,,https://Assessment/Assessment/691a00ab-b490-40b8-9500-19d3dc5ad848,Antarctica/South_Pole,OTAuto02,b99df4a4-2bf5-4c08-9483-bd636470bc11,b99df4a4-2bf5-4c08-9483-bd636470bc11
f410b002-aca6-4838-8920-69489325d188,v_2305510 - t1_2305510,1257,bb49411e-629b-49ac-8e77-177cc9330fee,,,Vendors,50,PRIMARY_PURPOSE,Not Started,,,,,,,https://Assessment/Assessment/f410b002-aca6-4838-8920-69489325d188,Antarctica/South_Pole,OTAuto02,b99df4a4-2bf5-4c08-9483-bd636470bc11,b99df4a4-2bf5-4c08-9483-bd636470bc11
a671a918-ff2c-48fb-9deb-b1923f892da5,AssessmentName_4088898,1263,c23f6d1b-5890-497e-b651-6426f7095ed4,,,Vendors,50,PRIMARY_PURPOSE,Completed,2026-03-20T11:46:29.000+00:00,2026-03-20,2026,March,03,Quarter 1,https://Assessment/Assessment/a671a918-ff2c-48fb-9deb-b1923f892da5,Antarctica/South_Pole,OTAuto02,b99df4a4-2bf5-4c08-9483-bd636470bc11,b99df4a4-2bf5-4c08-9483-bd636470bc11
3c2050e7-3e66-47c5-9785-7be5e403fd6b,assessment1_1416741,1268,22921a71-669d-4f7b-9b24-d682bc693364,,,Vendors,50,PRIMARY_PURPOSE,Completed,2026-03-20T11:47:16.000+00:00,2026-03-20,2026,March,03,Quarter 1,https://Assessment/Assessment/3c2050e7-3e66-47c5-9785-7be5e403fd6b,Antarctica/South_Pole,OTAuto02,b99df4a4-2bf5-4c08-9483-bd636470bc11,b99df4a4-2bf5-4c08-9483-bd636470bc11
0b662af6-2eac-472c-b3ea-1c8959e6aa7c,pa_1501_9987438,1270,116f5c97-9572-45cd-bd93-7e245b268948,,,Assets,20,AUTO,Completed,2026-03-20T11:48:04.000+00:00,2026-03-20,2026,March,03,Quarter 1,https://Assessment/Assessment/0b662af6-2eac-472c-b3ea-1c8959e6aa7c,Antarctica/South_Pole,OTAuto02,b99df4a4-2bf5-4c08-9483-bd636470bc11,b99df4a4-2bf5-4c08-9483-bd636470bc11
bf71e3b0-8ac1-4bba-85d9-2a253ad575f4,assessment_9641541,1258,732d9267-7c66-41c2-a0f8-10c480e84f06,,,Vendors,50,AUTO,Completed,2026-03-20T11:46:42.000+00:00,2026-03-20,2026,March,03,Quarter 1,https://Assessment/Assessment/bf71e3b0-8ac1-4bba-85d9-2a253ad575f4,Antarctica/South_Pole,OTAuto02,b99df4a4-2bf5-4c08-9483-bd636470bc11,b99df4a4-2bf5-4c08-9483-bd636470bc11
db40d464-5ac3-49c0-8f08-3fc93cd07796,assessment2_1416741,1271,22921a71-669d-4f7b-9b24-d682bc693364,,,Vendors,50,PRIMARY_PURPOSE,Completed,2026-03-20T11:49:22.000+00:00,2026-03-20,2026,March,03,Quarter 1,https://Assessment/Assessment/db40d464-5ac3-49c0-8f08-3fc93cd07796,Antarctica/South_Pole,OTAuto02,b99df4a4-2bf5-4c08-9483-bd636470bc11,b99df4a4-2bf5-4c08-9483-bd636470bc11
0b662af6-2eac-472c-b3ea-1c8959e6aa7c,pa_1501_9987438,1270,3210e46c-73fc-4dfb-88b8-a3a4ad31e2f8,,,Assets,20,AUTO,Completed,2026-03-20T11:48:04.000+00:00,2026-03-20,2026,March,03,Quarter 1,https://Assessment/Assessment/0b662af6-2eac-472c-b3ea-1c8959e6aa7c,Antarctica/South_Pole,OTAuto02,b99df4a4-2bf5-4c08-9483-bd636470bc11,b99df4a4-2bf5-4c08-9483-bd636470bc11
0b662af6-2eac-472c-b3ea-1c8959e6aa7c,pa_1501_9987438,1270,8d370bf4-fd98-46cb-9514-7179ba209625,,,Assets,20,AUTO,Completed,2026-03-20T11:48:04.000+00:00,2026-03-20,2026,March,03,Quarter 1,https://Assessment/Assessment/0b662af6-2eac-472c-b3ea-1c8959e6aa7c,Antarctica/South_Pole,OTAuto02,b99df4a4-2bf5-4c08-9483-bd636470bc11,b99df4a4-2bf5-4c08-9483-bd636470bc11
0b662af6-2eac-472c-b3ea-1c8959e6aa7c,pa_1501_9987438,1270,9a2a8baa-549a-4e1e-8c5c-ee5e8a127dec,,,Processing Activities,30,PRIMARY_PURPOSE,Completed,2026-03-20T11:48:04.000+00:00,2026-03-20,2026,March,03,Quarter 1,https://Assessment/Assessment/0b662af6-2eac-472c-b3ea-1c8959e6aa7c,Antarctica/South_Pole,OTAuto02,b99df4a4-2bf5-4c08-9483-bd636470bc11,b99df4a4-2bf5-4c08-9483-bd636470bc11
b81ad9a2-fe5b-4e5e-a822-4146615ecdb6,a_7983927,1269,4acd86cf-d78b-4a62-a4c8-0071eeeba5a7,,,Vendors,50,PRIMARY_PURPOSE,Under Review,,,,,,,https://Assessment/Assessment/b81ad9a2-fe5b-4e5e-a822-4146615ecdb6,Antarctica/South_Pole,OTAuto02,b99df4a4-2bf5-4c08-9483-bd636470bc11,b99df4a4-2bf5-4c08-9483-bd636470bc11
dae462eb-59b2-4308-b10d-cc171ba6550f,pa_1_8653814 - vrmAssessments_template_8653814,1288,88fc236e-c453-4e1e-984c-87e139f5efc2,,,Processing Activities,30,PRIMARY_PURPOSE,Not Started,,,,,,,https://Assessment/Assessment/dae462eb-59b2-4308-b10d-cc171ba6550f,Antarctica/South_Pole,OTAuto02,b99df4a4-2bf5-4c08-9483-bd636470bc11,b99df4a4-2bf5-4c08-9483-bd636470bc11
7a41c517-9f4b-42e0-913e-07aff332a8c9,Automated_Assessment_5283735,1277,22c9229e-f6f3-4fec-b6c1-44bc4c757fad,,,Assets,20,AUTO,Completed,2026-03-20T11:52:46.000+00:00,2026-03-20,2026,March,03,Quarter 1,https://Assessment/Assessment/7a41c517-9f4b-42e0-913e-07aff332a8c9,Antarctica/South_Pole,OTAuto02,b99df4a4-2bf5-4c08-9483-bd636470bc11,b99df4a4-2bf5-4c08-9483-bd636470bc11
7454d03f-2bec-4e2f-b332-1c187b8d4ff9,a_5018553,1284,cf8b85a9-fd93-40d1-9a71-2144b1f678f7,,,Vendors,50,PRIMARY_PURPOSE,In Progress,,,,,,,https://Assessment/Assessment/7454d03f-2bec-4e2f-b332-1c187b8d4ff9,Antarctica/South_Pole,OTAuto02,b99df4a4-2bf5-4c08-9483-bd636470bc11,b99df4a4-2bf5-4c08-9483-bd636470bc11
38beaa67-e179-4361-be85-a73e348f1ce0,automation_template_3283815_Assessment,1278,499e37a3-250b-4bf6-be43-ecfa2e190f4e,,,Vendors,50,PRIMARY_PURPOSE,Under Review,,,,,,,https://Assessment/Assessment/38beaa67-e179-4361-be85-a73e348f1ce0,Antarctica/South_Pole,OTAuto02,b99df4a4-2bf5-4c08-9483-bd636470bc11,b99df4a4-2bf5-4c08-9483-bd636470bc11
cecf2f77-9fe6-435f-8cb9-57e53fd91ffe,a_7145043,1282,60769696-dd64-4a6d-8118-90318481cf5f,,,Vendors,50,PRIMARY_PURPOSE,Under Review,,,,,,,https://Assessment/Assessment/cecf2f77-9fe6-435f-8cb9-57e53fd91ffe,Antarctica/South_Pole,OTAuto02,b99df4a4-2bf5-4c08-9483-bd636470bc11,b99df4a4-2bf5-4c08-9483-bd636470bc11
1352687e-dc8a-4bf8-bc1e-0111b9664fe2,Assessment_name_6530282,1292,d4b61daa-8774-474f-9aa4-a126ba3a3ee1,,,Vendors,50,PRIMARY_PURPOSE,Under Review,,,,,,,https://Assessment/Assessment/1352687e-dc8a-4bf8-bc1e-0111b9664fe2,Antarctica/South_Pole,OTAuto02,b99df4a4-2bf5-4c08-9483-bd636470bc11,b99df4a4-2bf5-4c08-9483-bd636470bc11
e5cc2108-51e7-4139-ae90-9f0cc6b19d2c,Automated_Assessment_9714215,1294,5497663a-198d-4a65-95cf-ec4f84772cb2,,,Processing Activities,30,AUTO,Under Review,,,,,,,https://Assessment/Assessment/e5cc2108-51e7-4139-ae90-9f0cc6b19d2c,Antarctica/South_Pole,OTAuto02,b99df4a4-2bf5-4c08-9483-bd636470bc11,b99df4a4-2bf5-4c08-9483-bd636470bc11
e5cc2108-51e7-4139-ae90-9f0cc6b19d2c,Automated_Assessment_9714215,1294,4b5ddde2-8344-4501-af66-26096dab2cc8,,,Assets,20,AUTO,Under Review,,,,,,,https://Assessment/Assessment/e5cc2108-51e7-4139-ae90-9f0cc6b19d2c,Antarctica/South_Pole,OTAuto02,b99df4a4-2bf5-4c08-9483-bd636470bc11,b99df4a4-2bf5-4c08-9483-bd636470bc11
e8a2dbd3-743a-4a01-bcee-a64adbb01958,v_3408750 - t_3408750,1293,5a81a95a-d814-4018-9e6a-28fbceb9e172,,,Vendors,50,PRIMARY_PURPOSE,Not Started,,,,,,,https://Assessment/Assessment/e8a2dbd3-743a-4a01-bcee-a64adbb01958,Antarctica/South_Pole,OTAuto02,b99df4a4-2bf5-4c08-9483-bd636470bc11,b99df4a4-2bf5-4c08-9483-bd636470bc11
9acbdfa4-fe2f-4e9e-be94-f652611b7fed,Assessment_4656334,1291,75ef8bc5-ff8a-434b-86ee-e452d66e9876,,,Vendors,50,PRIMARY_PURPOSE,Under Review,,,,,,,https://Assessment/Assessment/9acbdfa4-fe2f-4e9e-be94-f652611b7fed,Antarctica/South_Pole,OTAuto02,b99df4a4-2bf5-4c08-9483-bd636470bc11,b99df4a4-2bf5-4c08-9483-bd636470bc11
97c3f091-4e37-45d7-9965-2cfa6929fb7c,assessmentExportResponses_1647455,1299,cf4bda4f-08e2-49ab-a0e6-c11df38a9c09,,,Vendors,50,PRIMARY_PURPOSE,Not Started,,,,,,,https://Assessment/Assessment/97c3f091-4e37-45d7-9965-2cfa6929fb7c,Antarctica/South_Pole,OTAuto02,b99df4a4-2bf5-4c08-9483-bd636470bc11,b99df4a4-2bf5-4c08-9483-bd636470bc11
2795ebf8-565a-44c6-86d0-eb7b56cb28e4,V_7764752 - automation_template_2953109,1306,192e5f28-f96f-44f4-90c0-e32b0a311368,,,Vendors,50,PRIMARY_PURPOSE,Not Started,,,,,,,https://Assessment/Assessment/2795ebf8-565a-44c6-86d0-eb7b56cb28e4,Antarctica/South_Pole,OTAuto02,b99df4a4-2bf5-4c08-9483-bd636470bc11,b99df4a4-2bf5-4c08-9483-bd636470bc11
5f38b080-1fe6-4c48-ba09-90622aa50f87,v_2666165 - automation_template_2953109,1305,a06d50be-4922-451c-9725-85874edc74b4,,,Vendors,50,PRIMARY_PURPOSE,Not Started,,,,,,,https://Assessment/Assessment/5f38b080-1fe6-4c48-ba09-90622aa50f87,Antarctica/South_Pole,OTAuto02,b99df4a4-2bf5-4c08-9483-bd636470bc11,b99df4a4-2bf5-4c08-9483-bd636470bc11
7ad99084-5264-4a43-901a-aef9162363a4,vendor_1_1205812 - vrmAssessments_template_1205812,1308,ec230eb2-c704-4481-b7a9-d44ea1de8be1,,,Vendors,50,PRIMARY_PURPOSE,Not Started,,,,,,,https://Assessment/Assessment/7ad99084-5264-4a43-901a-aef9162363a4,Antarctica/South_Pole,OTAuto02,b99df4a4-2bf5-4c08-9483-bd636470bc11,b99df4a4-2bf5-4c08-9483-bd636470bc11
f43d149d-e25e-4abf-9200-ce205e8b34dd,v_5993072 - automation_template_2953109,1307,f056945f-d31b-4245-9471-b9577afa99f3,,,Vendors,50,PRIMARY_PURPOSE,Not Started,,,,,,,https://Assessment/Assessment/f43d149d-e25e-4abf-9200-ce205e8b34dd,Antarctica/South_Pole,OTAuto02,b99df4a4-2bf5-4c08-9483-bd636470bc11,b99df4a4-2bf5-4c08-9483-bd636470bc11
f883a9ab-1e88-41d1-8f93-0c7975e9472b,assessment_7152979,1297,6a210320-0a44-4faa-aaf7-689cea61e22f,,,Vendors,50,PRIMARY_PURPOSE,In Progress,,,,,,,https://Assessment/Assessment/f883a9ab-1e88-41d1-8f93-0c7975e9472b,Antarctica/South_Pole,OTAuto02,b99df4a4-2bf5-4c08-9483-bd636470bc11,b99df4a4-2bf5-4c08-9483-bd636470bc11
60acc81c-3a39-4b1c-a98c-13b959190f8c,Vendor_7141031 - automation_template_2953109,1303,73e3db62-6bd6-4481-bf16-36fb97c460c0,,,Vendors,50,PRIMARY_PURPOSE,Not Started,,,,,,,https://Assessment/Assessment/60acc81c-3a39-4b1c-a98c-13b959190f8c,Antarctica/South_Pole,OTAuto02,b99df4a4-2bf5-4c08-9483-bd636470bc11,b99df4a4-2bf5-4c08-9483-bd636470bc11
dc15c45f-c539-4fa8-8bae-8275e4c0ca7e,Assessment_8733759,1300,c70efce9-85ed-4652-9f99-0e3c8c40c0b9,,,Vendors,50,PRIMARY_PURPOSE,Not Started,,,,,,,https://Assessment/Assessment/dc15c45f-c539-4fa8-8bae-8275e4c0ca7e,Antarctica/South_Pole,OTAuto02,b99df4a4-2bf5-4c08-9483-bd636470bc11,b99df4a4-2bf5-4c08-9483-bd636470bc11
1c5df6da-7e0a-440e-a1ff-f956856fd0c7,v_5534144 - automation_template_2953109,1302,2341c58e-db68-4d33-808f-4213422ac0fa,,,Vendors,50,PRIMARY_PURPOSE,Not Started,,,,,,,https://Assessment/Assessment/1c5df6da-7e0a-440e-a1ff-f956856fd0c7,Antarctica/South_Pole,OTAuto02,b99df4a4-2bf5-4c08-9483-bd636470bc11,b99df4a4-2bf5-4c08-9483-bd636470bc11
c0b5c758-ed6f-4aed-97a2-480ce83bbfd3,Vendor1_2953109 - automation_template_2953109,1304,c025ee8d-3aca-424a-a070-d8a9ba9ed343,,,Vendors,50,PRIMARY_PURPOSE,Not Started,,,,,,,https://Assessment/Assessment/c0b5c758-ed6f-4aed-97a2-480ce83bbfd3,Antarctica/South_Pole,OTAuto02,b99df4a4-2bf5-4c08-9483-bd636470bc11,b99df4a4-2bf5-4c08-9483-bd636470bc11
08c16fc2-40da-4597-8d3e-4b90f7723d8a,Vendor7_2953109 - automation_template_2953109,1321,aa9e953d-eecc-438a-a477-74bb85c58d6a,,,Vendors,50,PRIMARY_PURPOSE,Not Started,,,,,,,https://Assessment/Assessment/08c16fc2-40da-4597-8d3e-4b90f7723d8a,Antarctica/South_Pole,OTAuto02,b99df4a4-2bf5-4c08-9483-bd636470bc11,b99df4a4-2bf5-4c08-9483-bd636470bc11
13be20b5-9492-4ff6-b4b9-0f88b282c9e8,a_7375665,1320,6bb0f0b3-d8ba-4a3d-ae9a-81efe50d32e4,,,Vendors,50,PRIMARY_PURPOSE,Completed,2026-03-20T12:19:40.000+00:00,2026-03-20,2026,March,03,Quarter 1,https://Assessment/Assessment/13be20b5-9492-4ff6-b4b9-0f88b282c9e8,Antarctica/South_Pole,OTAuto02,b99df4a4-2bf5-4c08-9483-bd636470bc11,b99df4a4-2bf5-4c08-9483-bd636470bc11
13be20b5-9492-4ff6-b4b9-0f88b282c9e8,a_7375665,1320,a94a885c-6bcc-4e8b-af04-72a17bdd59fb,,,Vendors,50,AUTO,Completed,2026-03-20T12:19:40.000+00:00,2026-03-20,2026,March,03,Quarter 1,https://Assessment/Assessment/13be20b5-9492-4ff6-b4b9-0f88b282c9e8,Antarctica/South_Pole,OTAuto02,b99df4a4-2bf5-4c08-9483-bd636470bc11,b99df4a4-2bf5-4c08-9483-bd636470bc11
289cb98f-32ec-4c1a-a9ae-a18f62ab00b0,V_5599140 - automation_template_2953109,1318,4a052f1d-b39e-4baa-9f87-0d4cded125ad,,,Vendors,50,PRIMARY_PURPOSE,Not Started,,,,,,,https://Assessment/Assessment/289cb98f-32ec-4c1a-a9ae-a18f62ab00b0,Antarctica/South_Pole,OTAuto02,b99df4a4-2bf5-4c08-9483-bd636470bc11,b99df4a4-2bf5-4c08-9483-bd636470bc11
30f6095a-e0d4-4d71-93b2-d2938f24e1eb,Vendor5_2953109 - automation_template_2953109,1315,7683a37a-85aa-4a5e-9cf5-7639c7dd3c0e,,,Vendors,50,PRIMARY_PURPOSE,Not Started,,,,,,,https://Assessment/Assessment/30f6095a-e0d4-4d71-93b2-d2938f24e1eb,Antarctica/South_Pole,OTAuto02,b99df4a4-2bf5-4c08-9483-bd636470bc11,b99df4a4-2bf5-4c08-9483-bd636470bc11
43f15f52-e075-4aed-a580-3ab4a1c01aeb,v_7375665 - t_7375665,1322,6bb0f0b3-d8ba-4a3d-ae9a-81efe50d32e4,,,Vendors,50,PRIMARY_PURPOSE,Not Started,,,,,,,https://Assessment/Assessment/43f15f52-e075-4aed-a580-3ab4a1c01aeb,Antarctica/South_Pole,OTAuto02,b99df4a4-2bf5-4c08-9483-bd636470bc11,b99df4a4-2bf5-4c08-9483-bd636470bc11
52d25005-02d1-4f30-92dc-b04c36306617,Vendor2_2953109 - automation_template_2953109,1309,2e75da3e-acdd-481d-a8f3-e88326f9b623,,,Vendors,50,PRIMARY_PURPOSE,Not Started,,,,,,,https://Assessment/Assessment/52d25005-02d1-4f30-92dc-b04c36306617,Antarctica/South_Pole,OTAuto02,b99df4a4-2bf5-4c08-9483-bd636470bc11,b99df4a4-2bf5-4c08-9483-bd636470bc11
72b0e4b6-42f4-4b7e-89b7-6051d72cad95,vendor_91609_local_7962376,1311,e4be1058-18f9-4086-91f0-59002863c6dc,,,Vendors,50,PRIMARY_PURPOSE,Not Started,,,,,,,https://Assessment/Assessment/72b0e4b6-42f4-4b7e-89b7-6051d72cad95,Antarctica/South_Pole,OTAuto02,b99df4a4-2bf5-4c08-9483-bd636470bc11,b99df4a4-2bf5-4c08-9483-bd636470bc11
7e439901-dc62-46c4-9857-da8e479c1249,Vendor4_2953109 - automation_template_2953109,1313,8f9d6108-c509-4831-a32c-334985b4d4b2,,,Vendors,50,PRIMARY_PURPOSE,Not Started,,,,,,,https://Assessment/Assessment/7e439901-dc62-46c4-9857-da8e479c1249,Antarctica/South_Pole,OTAuto02,b99df4a4-2bf5-4c08-9483-bd636470bc11,b99df4a4-2bf5-4c08-9483-bd636470bc11
9798915c-c7d9-4142-b892-1ffa37369b0d,Vendor6_2953109 - automation_template_2953109,1316,cd77bf42-3cbd-4e36-8909-c74ba11376c5,,,Vendors,50,PRIMARY_PURPOSE,Not Started,,,,,,,https://Assessment/Assessment/9798915c-c7d9-4142-b892-1ffa37369b0d,Antarctica/South_Pole,OTAuto02,b99df4a4-2bf5-4c08-9483-bd636470bc11,b99df4a4-2bf5-4c08-9483-bd636470bc11
a5b33f0a-4cfd-4f20-b417-cfa555d02da9,V_3162675 - automation_template_2953109,1317,b8203e0a-a5eb-4775-b2a3-cbfa89dbebbe,,,Vendors,50,PRIMARY_PURPOSE,Not Started,,,,,,,https://Assessment/Assessment/a5b33f0a-4cfd-4f20-b417-cfa555d02da9,Antarctica/South_Pole,OTAuto02,b99df4a4-2bf5-4c08-9483-bd636470bc11,b99df4a4-2bf5-4c08-9483-bd636470bc11
b6532e61-6393-481e-95af-3aa08d6c6f0a,automation_assessment_6457173,1312,b4113d8d-8ceb-474f-8040-6e36ddf4b8bd,,,Vendors,50,PRIMARY_PURPOSE,Completed,2026-03-20T12:17:23.000+00:00,2026-03-20,2026,March,03,Quarter 1,https://Assessment/Assessment/b6532e61-6393-481e-95af-3aa08d6c6f0a,Antarctica/South_Pole,OTAuto02,b99df4a4-2bf5-4c08-9483-bd636470bc11,b99df4a4-2bf5-4c08-9483-bd636470bc11
bc60071c-40e4-43aa-b45e-6be42befb202,Vendor8_2953109 - automation_template_2953109,1323,9af02504-1d95-4795-8f7d-d4bc305d9562,,,Vendors,50,PRIMARY_PURPOSE,Not Started,,,,,,,https://Assessment/Assessment/bc60071c-40e4-43aa-b45e-6be42befb202,Antarctica/South_Pole,OTAuto02,b99df4a4-2bf5-4c08-9483-bd636470bc11,b99df4a4-2bf5-4c08-9483-bd636470bc11
f6a547bb-0a9b-44bf-b2bd-05625a013d0e,Vendor3_2953109 - automation_template_2953109,1310,4b6f8374-772a-4d96-aca5-edaf143130da,,,Vendors,50,PRIMARY_PURPOSE,Not Started,,,,,,,https://Assessment/Assessment/f6a547bb-0a9b-44bf-b2bd-05625a013d0e,Antarctica/South_Pole,OTAuto02,b99df4a4-2bf5-4c08-9483-bd636470bc11,b99df4a4-2bf5-4c08-9483-bd636470bc11
4ca39a97-df18-44f9-ae3b-b7fa83244ed1,v_6743286 - wf_template_6743286,1330,a4b138ae-2360-4382-8275-469084d0701a,,,Vendors,50,PRIMARY_PURPOSE,Not Started,,,,,,,https://Assessment/Assessment/4ca39a97-df18-44f9-ae3b-b7fa83244ed1,Antarctica/South_Pole,OTAuto02,b99df4a4-2bf5-4c08-9483-bd636470bc11,b99df4a4-2bf5-4c08-9483-bd636470bc11
a57656b4-6112-4bcc-91be-e4c4ea5f4aa6,Vendor9_2953109 - automation_template_2953109,1325,20e81b3c-4e01-4ad1-bc47-10743eabf06f,,,Vendors,50,PRIMARY_PURPOSE,Not Started,,,,,,,https://Assessment/Assessment/a57656b4-6112-4bcc-91be-e4c4ea5f4aa6,Antarctica/South_Pole,OTAuto02,b99df4a4-2bf5-4c08-9483-bd636470bc11,b99df4a4-2bf5-4c08-9483-bd636470bc11
629961e3-f6ba-4d40-964a-e9295741f672,Vendor10_2953109 - automation_template_2953109,1326,364ee472-d64f-4a96-92f9-d5c38bd4808b,,,Vendors,50,PRIMARY_PURPOSE,Not Started,,,,,,,https://Assessment/Assessment/629961e3-f6ba-4d40-964a-e9295741f672,Antarctica/South_Pole,OTAuto02,b99df4a4-2bf5-4c08-9483-bd636470bc11,b99df4a4-2bf5-4c08-9483-bd636470bc11
088e61b8-c95c-4ee3-b223-398bc790d878,Assessment_tisgfid,1328,a4509b67-eaba-407e-9f6b-7804187bc18f,,,Vendors,50,PRIMARY_PURPOSE,Under Review,,,,,,,https://Assessment/Assessment/088e61b8-c95c-4ee3-b223-398bc790d878,Antarctica/South_Pole,OTAuto02,b99df4a4-2bf5-4c08-9483-bd636470bc11,b99df4a4-2bf5-4c08-9483-bd636470bc11
63a3b5c9-68bd-40f9-9965-fdaf1c6c9ba1,AssessmentName_6339134,1332,37a50c6f-6b79-4baf-813b-c3ca4715ef92,,,Vendors,50,AUTO,Completed,2026-03-20T12:28:32.000+00:00,2026-03-20,2026,March,03,Quarter 1,https://Assessment/Assessment/63a3b5c9-68bd-40f9-9965-fdaf1c6c9ba1,Antarctica/South_Pole,OTAuto02,b99df4a4-2bf5-4c08-9483-bd636470bc11,b99df4a4-2bf5-4c08-9483-bd636470bc11
a9b0f2e4-7639-4196-9c6d-88707b0c6ecf,Inventory_101346_assessment_730587,1324,c431c398-3ecb-49e0-b394-3c58c99b6467,,,Entities,60,AUTO,Completed,2026-03-20T12:21:40.000+00:00,2026-03-20,2026,March,03,Quarter 1,https://Assessment/Assessment/a9b0f2e4-7639-4196-9c6d-88707b0c6ecf,Antarctica/South_Pole,OTAuto02,b99df4a4-2bf5-4c08-9483-bd636470bc11,b99df4a4-2bf5-4c08-9483-bd636470bc11
58592d26-5090-4b97-9cc9-931eaea2fe3e,aaNotLinked_5699577,1344,18a0fb1b-b431-4eb7-8c68-4d6219e70fdc,,,Vendors,50,PRIMARY_PURPOSE,Completed,2026-03-20T12:33:47.000+00:00,2026-03-20,2026,March,03,Quarter 1,https://Assessment/Assessment/58592d26-5090-4b97-9cc9-931eaea2fe3e,Antarctica/South_Pole,OTAuto02,b99df4a4-2bf5-4c08-9483-bd636470bc11,b99df4a4-2bf5-4c08-9483-bd636470bc11
eb388995-a44f-4f79-a413-49ebc9a22500,a_6129191,1340,4c205a14-bfae-489c-89d6-9418d4a8270e,,,Vendors,50,PRIMARY_PURPOSE,In Progress,,,,,,,https://Assessment/Assessment/eb388995-a44f-4f79-a413-49ebc9a22500,Antarctica/South_Pole,OTAuto02,b99df4a4-2bf5-4c08-9483-bd636470bc11,b99df4a4-2bf5-4c08-9483-bd636470bc11
048f05f8-807f-4c03-a7a9-1c9d4c8195c8,assets_1_2560338 - vrmAssessments_template_2560338,1331,3c16ecb3-3b8c-44a1-b317-f6df6f8bc11a,,,Assets,20,PRIMARY_PURPOSE,Not Started,,,,,,,https://Assessment/Assessment/048f05f8-807f-4c03-a7a9-1c9d4c8195c8,Antarctica/South_Pole,OTAuto02,b99df4a4-2bf5-4c08-9483-bd636470bc11,b99df4a4-2bf5-4c08-9483-bd636470bc11
56999e68-1c52-4ffd-9082-0834ef488e78,asset_3696_7942460,1345,149b1e1e-e393-4e45-85c6-abd6ee9e93f1,,,Assets,20,PRIMARY_PURPOSE,Under Review,,,,,,,https://Assessment/Assessment/56999e68-1c52-4ffd-9082-0834ef488e78,Antarctica/South_Pole,OTAuto02,b99df4a4-2bf5-4c08-9483-bd636470bc11,b99df4a4-2bf5-4c08-9483-bd636470bc11
82ef7bab-5c35-47d2-981f-7d83041a4b9c,a_7040873,1335,e4c0cbc3-1560-414f-8444-c27fc53314ad,,,Vendors,50,PRIMARY_PURPOSE,Completed,2026-03-20T12:29:23.000+00:00,2026-03-20,2026,March,03,Quarter 1,https://Assessment/Assessment/82ef7bab-5c35-47d2-981f-7d83041a4b9c,Antarctica/South_Pole,OTAuto02,b99df4a4-2bf5-4c08-9483-bd636470bc11,b99df4a4-2bf5-4c08-9483-bd636470bc11
b8873144-6941-4fee-8838-fde13679bd57,v_3677381 - t2_3677381,1341,b6469ebf-a2f2-4374-80b2-5a352ef4b801,,,Vendors,50,PRIMARY_PURPOSE,Not Started,,,,,,,https://Assessment/Assessment/b8873144-6941-4fee-8838-fde13679bd57,Antarctica/South_Pole,OTAuto02,b99df4a4-2bf5-4c08-9483-bd636470bc11,b99df4a4-2bf5-4c08-9483-bd636470bc11
86a68c40-835c-4a95-9893-a22dc2ff28e1,assessmentExportResponses_491726,1358,77bc9878-5df6-4736-8fe1-553a3f9be4d2,,,Vendors,50,PRIMARY_PURPOSE,Not Started,,,,,,,https://Assessment/Assessment/86a68c40-835c-4a95-9893-a22dc2ff28e1,Antarctica/South_Pole,OTAuto02,b99df4a4-2bf5-4c08-9483-bd636470bc11,b99df4a4-2bf5-4c08-9483-bd636470bc11
7a6372d1-7aa9-4f7b-9e0b-6d111410e1a5,aaLinked_5699577,1348,18a0fb1b-b431-4eb7-8c68-4d6219e70fdc,,,Vendors,50,PRIMARY_PURPOSE,Completed,2026-03-20T12:37:36.000+00:00,2026-03-20,2026,March,03,Quarter 1,https://Assessment/Assessment/7a6372d1-7aa9-4f7b-9e0b-6d111410e1a5,Antarctica/South_Pole,OTAuto02,b99df4a4-2bf5-4c08-9483-bd636470bc11,b99df4a4-2bf5-4c08-9483-bd636470bc11
2d55c76a-7ddb-4805-b5af-eb9f745962b6,a_5370892,1352,e0812469-7114-4ba6-9913-b20fb9fabb8b,,,Vendors,50,PRIMARY_PURPOSE,Completed,2026-03-20T12:38:11.000+00:00,2026-03-20,2026,March,03,Quarter 1,https://Assessment/Assessment/2d55c76a-7ddb-4805-b5af-eb9f745962b6,Antarctica/South_Pole,OTAuto02,b99df4a4-2bf5-4c08-9483-bd636470bc11,b99df4a4-2bf5-4c08-9483-bd636470bc11
fbfde2b4-de6f-4bcd-b3d7-89ed0c4fe2a0,AssessmentName_6674396,1359,f9bbd297-8f80-4897-82a1-81a27c20ca97,,,Vendors,50,PRIMARY_PURPOSE,Completed,2026-03-20T12:42:33.000+00:00,2026-03-20,2026,March,03,Quarter 1,https://Assessment/Assessment/fbfde2b4-de6f-4bcd-b3d7-89ed0c4fe2a0,Antarctica/South_Pole,OTAuto02,b99df4a4-2bf5-4c08-9483-bd636470bc11,b99df4a4-2bf5-4c08-9483-bd636470bc11
0e8d6b28-100b-4f01-9573-ee77fecbadd6,Inventory_Assessment_3321404,1360,881d7c07-32a4-4048-b18c-dbc8b7fc8bfe,,,Assets,20,PRIMARY_PURPOSE,Not Started,,,,,,,https://Assessment/Assessment/0e8d6b28-100b-4f01-9573-ee77fecbadd6,Antarctica/South_Pole,OTAuto02,b99df4a4-2bf5-4c08-9483-bd636470bc11,b99df4a4-2bf5-4c08-9483-bd636470bc11
e6999ac6-8890-4991-81ae-d8ac9685eb4c,assets_1_4435166 - vrmAssessments_template_4435166,1361,f03e2e31-3c70-461d-8ac8-547baf212a5b,,,Assets,20,PRIMARY_PURPOSE,Not Started,,,,,,,https://Assessment/Assessment/e6999ac6-8890-4991-81ae-d8ac9685eb4c,Antarctica/South_Pole,OTAuto02,b99df4a4-2bf5-4c08-9483-bd636470bc11,b99df4a4-2bf5-4c08-9483-bd636470bc11
3c17fb06-353f-493d-96a9-c6b1fce2cc92,a_7380159,1365,3c6e65ae-7f6f-4b94-8222-861dda98bad0,,,Vendors,50,PRIMARY_PURPOSE,Completed,2026-03-20T12:53:41.000+00:00,2026-03-20,2026,March,03,Quarter 1,https://Assessment/Assessment/3c17fb06-353f-493d-96a9-c6b1fce2cc92,Antarctica/South_Pole,OTAuto02,b99df4a4-2bf5-4c08-9483-bd636470bc11,b99df4a4-2bf5-4c08-9483-bd636470bc11
b9371593-2fd9-44ad-ac5a-a00931203346,automation_assessment_1060036,1366,1a111608-e5ee-4a64-8c70-9166823e62bd,,,Vendors,50,PRIMARY_PURPOSE,Completed,2026-03-20T12:54:00.000+00:00,2026-03-20,2026,March,03,Quarter 1,https://Assessment/Assessment/b9371593-2fd9-44ad-ac5a-a00931203346,Antarctica/South_Pole,OTAuto02,b99df4a4-2bf5-4c08-9483-bd636470bc11,b99df4a4-2bf5-4c08-9483-bd636470bc11
02c3584f-30bb-4904-90f4-d4f134947cfb,entity_92689_447106,1374,c808f226-5c71-412f-9c01-aa708287646c,,,Entities,60,PRIMARY_PURPOSE,Completed,2026-03-20T13:00:48.000+00:00,2026-03-20,2026,March,03,Quarter 1,https://Assessment/Assessment/02c3584f-30bb-4904-90f4-d4f134947cfb,Antarctica/South_Pole,OTAuto02,b99df4a4-2bf5-4c08-9483-bd636470bc11,b99df4a4-2bf5-4c08-9483-bd636470bc11
02c3584f-30bb-4904-90f4-d4f134947cfb,entity_92689_447106,1374,5ef4ba77-f3a4-4f00-bb56-35b0d8e8683a,,,Vendors,50,AUTO,Completed,2026-03-20T13:00:48.000+00:00,2026-03-20,2026,March,03,Quarter 1,https://Assessment/Assessment/02c3584f-30bb-4904-90f4-d4f134947cfb,Antarctica/South_Pole,OTAuto02,b99df4a4-2bf5-4c08-9483-bd636470bc11,b99df4a4-2bf5-4c08-9483-bd636470bc11
46720add-6406-46fe-9264-fd324b2e76ea,Assessment_3749436,1371,0b9a3ff2-a7ef-4646-9848-2f95d8918c62,,,Vendors,50,PRIMARY_PURPOSE,In Progress,,,,,,,https://Assessment/Assessment/46720add-6406-46fe-9264-fd324b2e76ea,Antarctica/South_Pole,OTAuto02,b99df4a4-2bf5-4c08-9483-bd636470bc11,b99df4a4-2bf5-4c08-9483-bd636470bc11
83162b25-846f-40ef-84e5-94110f6a0367,automation_assessment_incident_inventory_linkage_1176502,1372,1dd01ef1-da56-46c2-850a-02cac37bdecf,,,Assets,20,AUTO,Completed,2026-03-20T13:01:44.000+00:00,2026-03-20,2026,March,03,Quarter 1,https://Assessment/Assessment/83162b25-846f-40ef-84e5-94110f6a0367,Antarctica/South_Pole,OTAuto02,b99df4a4-2bf5-4c08-9483-bd636470bc11,b99df4a4-2bf5-4c08-9483-bd636470bc11
0772f88e-52f8-4306-9d8f-a106e0a9cf31,pa_75069_master_5753735,1380,362426a9-ee96-4034-acce-0047f6ca9ad1,,,Processing Activities,30,PRIMARY_PURPOSE,Completed,2026-03-20T13:04:09.000+00:00,2026-03-20,2026,March,03,Quarter 1,https://Assessment/Assessment/0772f88e-52f8-4306-9d8f-a106e0a9cf31,Antarctica/South_Pole,OTAuto02,b99df4a4-2bf5-4c08-9483-bd636470bc11,b99df4a4-2bf5-4c08-9483-bd636470bc11
0dd0eb0d-5a97-40e0-96d8-3256e0aee026,assessment 3460820,1381,90a3b553-d6b4-435c-8465-5c03e5f68192,,,Vendors,50,PRIMARY_PURPOSE,Completed,2026-03-20T13:04:09.000+00:00,2026-03-20,2026,March,03,Quarter 1,https://Assessment/Assessment/0dd0eb0d-5a97-40e0-96d8-3256e0aee026,Antarctica/South_Pole,OTAuto02,b99df4a4-2bf5-4c08-9483-bd636470bc11,b99df4a4-2bf5-4c08-9483-bd636470bc11
15cf2427-2306-4d79-9d1b-4fbaf2d1ce0b,v_7289172 - t_7289172,1392,33c483bf-6d46-479d-b7fb-426562187595,,,Vendors,50,PRIMARY_PURPOSE,Not Started,,,,,,,https://Assessment/Assessment/15cf2427-2306-4d79-9d1b-4fbaf2d1ce0b,Antarctica/South_Pole,OTAuto02,b99df4a4-2bf5-4c08-9483-bd636470bc11,b99df4a4-2bf5-4c08-9483-bd636470bc11
1ce9fd68-a760-439a-9908-8cd2424f3b96,v_7569204 - t_7569204,1391,e8ac695e-3b29-42bd-be4a-33bd974865a9,,,Vendors,50,PRIMARY_PURPOSE,Not Started,,,,,,,https://Assessment/Assessment/1ce9fd68-a760-439a-9908-8cd2424f3b96,Antarctica/South_Pole,OTAuto02,b99df4a4-2bf5-4c08-9483-bd636470bc11,b99df4a4-2bf5-4c08-9483-bd636470bc11
242f56a1-d956-41d2-b61b-7de038d91e33,vendor_78096_1910561_edit,1386,b839fe6a-1f98-4713-ace1-fdcbe777f2e2,,,Vendors,50,PRIMARY_PURPOSE,Under Review,,,,,,,https://Assessment/Assessment/242f56a1-d956-41d2-b61b-7de038d91e33,Antarctica/South_Pole,OTAuto02,b99df4a4-2bf5-4c08-9483-bd636470bc11,b99df4a4-2bf5-4c08-9483-bd636470bc11
441ea907-5c81-4b5f-90e7-f43fdc9e260f,automated_assessment_3841_1464152,1398,b88632b8-6193-4cb9-a4e5-755698080381,,,Vendors,50,AUTO,Completed,2026-03-20T13:20:45.000+00:00,2026-03-20,2026,March,03,Quarter 1,https://Assessment/Assessment/441ea907-5c81-4b5f-90e7-f43fdc9e260f,Antarctica/South_Pole,OTAuto02,b99df4a4-2bf5-4c08-9483-bd636470bc11,b99df4a4-2bf5-4c08-9483-bd636470bc11
441ea907-5c81-4b5f-90e7-f43fdc9e260f,automated_assessment_3841_1464152,1398,32763ee2-db66-4363-8701-946cf9809494,,,Entities,60,AUTO,Completed,2026-03-20T13:20:45.000+00:00,2026-03-20,2026,March,03,Quarter 1,https://Assessment/Assessment/441ea907-5c81-4b5f-90e7-f43fdc9e260f,Antarctica/South_Pole,OTAuto02,b99df4a4-2bf5-4c08-9483-bd636470bc11,b99df4a4-2bf5-4c08-9483-bd636470bc11
441ea907-5c81-4b5f-90e7-f43fdc9e260f,automated_assessment_3841_1464152,1398,4f1e16cd-42e5-49f4-ba17-41aecbdb845b,,,Assets,20,PRIMARY_PURPOSE,Completed,2026-03-20T13:20:45.000+00:00,2026-03-20,2026,March,03,Quarter 1,https://Assessment/Assessment/441ea907-5c81-4b5f-90e7-f43fdc9e260f,Antarctica/South_Pole,OTAuto02,b99df4a4-2bf5-4c08-9483-bd636470bc11,b99df4a4-2bf5-4c08-9483-bd636470bc11
441ea907-5c81-4b5f-90e7-f43fdc9e260f,automated_assessment_3841_1464152,1398,872f2350-840e-4b66-9b93-ebffceb96a2e,,,Assets,20,AUTO,Completed,2026-03-20T13:20:45.000+00:00,2026-03-20,2026,March,03,Quarter 1,https://Assessment/Assessment/441ea907-5c81-4b5f-90e7-f43fdc9e260f,Antarctica/South_Pole,OTAuto02,b99df4a4-2bf5-4c08-9483-bd636470bc11,b99df4a4-2bf5-4c08-9483-bd636470bc11
441ea907-5c81-4b5f-90e7-f43fdc9e260f,automated_assessment_3841_1464152,1398,469dfc14-e7b4-44e6-91bb-4a0cfc0dace7,,,Processing Activities,30,AUTO,Completed,2026-03-20T13:20:45.000+00:00,2026-03-20,2026,March,03,Quarter 1,https://Assessment/Assessment/441ea907-5c81-4b5f-90e7-f43fdc9e260f,Antarctica/South_Pole,OTAuto02,b99df4a4-2bf5-4c08-9483-bd636470bc11,b99df4a4-2bf5-4c08-9483-bd636470bc11
441ea907-5c81-4b5f-90e7-f43fdc9e260f,automated_assessment_3841_1464152,1398,86ee8215-249c-46ac-b3f3-f1399707ffb9,,,Assets,20,AUTO,Completed,2026-03-20T13:20:45.000+00:00,2026-03-20,2026,March,03,Quarter 1,https://Assessment/Assessment/441ea907-5c81-4b5f-90e7-f43fdc9e260f,Antarctica/South_Pole,OTAuto02,b99df4a4-2bf5-4c08-9483-bd636470bc11,b99df4a4-2bf5-4c08-9483-bd636470bc11
441ea907-5c81-4b5f-90e7-f43fdc9e260f,automated_assessment_3841_1464152,1398,9d7a6219-3b7d-4739-9155-fe1f6edb94e2,,,Vendors,50,AUTO,Completed,2026-03-20T13:20:45.000+00:00,2026-03-20,2026,March,03,Quarter 1,https://Assessment/Assessment/441ea907-5c81-4b5f-90e7-f43fdc9e260f,Antarctica/South_Pole,OTAuto02,b99df4a4-2bf5-4c08-9483-bd636470bc11,b99df4a4-2bf5-4c08-9483-bd636470bc11
6f7f02f8-ce9c-49b2-b68b-267f90de3877,assessmentChangeVendorArchived_4019917,1394,a324e54e-f119-4bba-84fd-e852c3c97313,,,Vendors,50,AUTO,Under Review,,,,,,,https://Assessment/Assessment/6f7f02f8-ce9c-49b2-b68b-267f90de3877,Antarctica/South_Pole,OTAuto02,b99df4a4-2bf5-4c08-9483-bd636470bc11,b99df4a4-2bf5-4c08-9483-bd636470bc11
74a9687e-0649-44df-ba78-fae6b6268129,assessmentChangeParentVendorCompleted_4019917,1393,a324e54e-f119-4bba-84fd-e852c3c97313,,,Vendors,50,AUTO,Completed,2026-03-20T13:15:24.000+00:00,2026-03-20,2026,March,03,Quarter 1,https://Assessment/Assessment/74a9687e-0649-44df-ba78-fae6b6268129,Antarctica/South_Pole,OTAuto02,b99df4a4-2bf5-4c08-9483-bd636470bc11,b99df4a4-2bf5-4c08-9483-bd636470bc11
785dcb67-b717-47ad-a7ae-f728ca080aa3,a_869524,1406,0ccbce8b-cde4-41e8-ba2b-abf1c03a6d1c,,,Vendors,50,PRIMARY_PURPOSE,Under Review,,,,,,,https://Assessment/Assessment/785dcb67-b717-47ad-a7ae-f728ca080aa3,Antarctica/South_Pole,OTAuto02,b99df4a4-2bf5-4c08-9483-bd636470bc11,b99df4a4-2bf5-4c08-9483-bd636470bc11
7d3cb7b9-9351-400b-934c-8ce52c741306,entity_78096_1910561,1387,b1595f61-c6e1-4739-a43f-be1a3ee14a45,,,Entities,60,PRIMARY_PURPOSE,Under Review,,,,,,,https://Assessment/Assessment/7d3cb7b9-9351-400b-934c-8ce52c741306,Antarctica/South_Pole,OTAuto02,b99df4a4-2bf5-4c08-9483-bd636470bc11,b99df4a4-2bf5-4c08-9483-bd636470bc11
9b348851-b095-4908-8946-ef8adca4b6f2,asset_75069_master_5753735,1379,bdeec07f-a510-4977-98d0-6073e7d3cb89,,,Assets,20,PRIMARY_PURPOSE,Completed,2026-03-20T13:04:00.000+00:00,2026-03-20,2026,March,03,Quarter 1,https://Assessment/Assessment/9b348851-b095-4908-8946-ef8adca4b6f2,Antarctica/South_Pole,OTAuto02,b99df4a4-2bf5-4c08-9483-bd636470bc11,b99df4a4-2bf5-4c08-9483-bd636470bc11
a1a3464b-160c-4c8e-9a9f-4cfea31af2df,automation_1_assessment_1822127,1407,46ae349f-9743-419a-a2a5-43fe4ed01ee9,,,Processing Activities,30,AUTO,Under Review,,,,,,,https://Assessment/Assessment/a1a3464b-160c-4c8e-9a9f-4cfea31af2df,Antarctica/South_Pole,OTAuto02,b99df4a4-2bf5-4c08-9483-bd636470bc11,b99df4a4-2bf5-4c08-9483-bd636470bc11
ba9b3354-0ff1-4064-83db-cd749213331a,automation_1_assessment_3875345,1403,9f07e222-ca5c-4241-a297-a0b04ac2ac1e,,,Assets,20,PRIMARY_PURPOSE,Not Started,,,,,,,https://Assessment/Assessment/ba9b3354-0ff1-4064-83db-cd749213331a,Antarctica/South_Pole,OTAuto02,b99df4a4-2bf5-4c08-9483-bd636470bc11,b99df4a4-2bf5-4c08-9483-bd636470bc11
c4c4d52e-9f7d-4379-951a-a61eb4b58ab0,a_8092271,1384,1b3f06d5-548e-4af6-9e8b-984af1ecf8ee,,,Vendors,50,PRIMARY_PURPOSE,Under Review,,,,,,,https://Assessment/Assessment/c4c4d52e-9f7d-4379-951a-a61eb4b58ab0,Antarctica/South_Pole,OTAuto02,b99df4a4-2bf5-4c08-9483-bd636470bc11,b99df4a4-2bf5-4c08-9483-bd636470bc11
d36b02cd-7974-4639-90d9-57d6e8ab1d33,AssessmentName_6491298,1390,50fc20b8-a4d6-4713-bb57-ce6ef03e4385,,,Vendors,50,PRIMARY_PURPOSE,Completed,2026-03-20T13:10:44.000+00:00,2026-03-20,2026,March,03,Quarter 1,https://Assessment/Assessment/d36b02cd-7974-4639-90d9-57d6e8ab1d33,Antarctica/South_Pole,OTAuto02,b99df4a4-2bf5-4c08-9483-bd636470bc11,b99df4a4-2bf5-4c08-9483-bd636470bc11
d430e98c-42ce-4ab8-889a-4e95862f5a49,a_6358592,1402,41f874d7-c8d5-4379-9c40-73c1ee192a1f,,,Vendors,50,PRIMARY_PURPOSE,In Progress,,,,,,,https://Assessment/Assessment/d430e98c-42ce-4ab8-889a-4e95862f5a49,Antarctica/South_Pole,OTAuto02,b99df4a4-2bf5-4c08-9483-bd636470bc11,b99df4a4-2bf5-4c08-9483-bd636470bc11
f047ba85-1f00-4e06-b057-1ff1ea2866e3,assessment_8043096,1383,649107d3-4ec6-4151-bd0f-8c83f0902189,,,Vendors,50,AUTO,Completed,2026-03-20T13:09:00.000+00:00,2026-03-20,2026,March,03,Quarter 1,https://Assessment/Assessment/f047ba85-1f00-4e06-b057-1ff1ea2866e3,Antarctica/South_Pole,OTAuto02,b99df4a4-2bf5-4c08-9483-bd636470bc11,b99df4a4-2bf5-4c08-9483-bd636470bc11
7da41a0b-4947-4401-98b7-338c995bb502,Vendor_3093026 - automation_template_3093026,1423,184637c8-e55f-447b-8c17-8d6edc60c6a3,,,Vendors,50,PRIMARY_PURPOSE,Not Started,,,,,,,https://Assessment/Assessment/7da41a0b-4947-4401-98b7-338c995bb502,Antarctica/South_Pole,OTAuto02,b99df4a4-2bf5-4c08-9483-bd636470bc11,b99df4a4-2bf5-4c08-9483-bd636470bc11
c8bcfb4a-d3a6-4bb4-a7d6-a651c1c4f330,a-8754493,1416,2c709259-1a37-45e2-a50f-3e6108caf6fd,,,Vendors,50,PRIMARY_PURPOSE,Under Review,,,,,,,https://Assessment/Assessment/c8bcfb4a-d3a6-4bb4-a7d6-a651c1c4f330,Antarctica/South_Pole,OTAuto02,b99df4a4-2bf5-4c08-9483-bd636470bc11,b99df4a4-2bf5-4c08-9483-bd636470bc11
0bd65119-260b-43c5-8143-c3cae1287c2a,Assessment_1522819,1412,ea231d08-ee36-458c-bda9-a021b8db2556,,,Vendors,50,PRIMARY_PURPOSE,Under Review,,,,,,,https://Assessment/Assessment/0bd65119-260b-43c5-8143-c3cae1287c2a,Antarctica/South_Pole,OTAuto02,b99df4a4-2bf5-4c08-9483-bd636470bc11,b99df4a4-2bf5-4c08-9483-bd636470bc11
1393ea33-068c-4cf4-8a0a-96d91c9896bb,v_4812624 - t_4812624,1410,ec4f7fed-637c-43a0-a580-6aaef95a1bb6,,,Vendors,50,PRIMARY_PURPOSE,Under Review,,,,,,,https://Assessment/Assessment/1393ea33-068c-4cf4-8a0a-96d91c9896bb,Antarctica/South_Pole,OTAuto02,b99df4a4-2bf5-4c08-9483-bd636470bc11,b99df4a4-2bf5-4c08-9483-bd636470bc11
f02e3041-6a53-4a1f-9f86-007708c0e7e3,vendor_3106028 - automation_template_3093026,1422,ddda885f-9e43-4744-a779-07e1a850d983,,,Vendors,50,PRIMARY_PURPOSE,Not Started,,,,,,,https://Assessment/Assessment/f02e3041-6a53-4a1f-9f86-007708c0e7e3,Antarctica/South_Pole,OTAuto02,b99df4a4-2bf5-4c08-9483-bd636470bc11,b99df4a4-2bf5-4c08-9483-bd636470bc11
b012b481-7034-482b-a1db-fac82b31277f,AssessmentName_5437964,1424,5b03a3dc-6d6a-4496-acef-4996f2a1ff78,,,Vendors,50,PRIMARY_PURPOSE,Completed,2026-03-20T13:39:26.000+00:00,2026-03-20,2026,March,03,Quarter 1,https://Assessment/Assessment/b012b481-7034-482b-a1db-fac82b31277f,Antarctica/South_Pole,OTAuto02,b99df4a4-2bf5-4c08-9483-bd636470bc11,b99df4a4-2bf5-4c08-9483-bd636470bc11
3c396809-3cb1-4942-8a8c-5d5d062ca8ff,assessment_91582_1_2843743,1415,c88cadfb-5350-45c5-aaf6-2a6eaf08d2ce,,,Processing Activities,30,MANUAL,In Progress,,,,,,,https://Assessment/Assessment/3c396809-3cb1-4942-8a8c-5d5d062ca8ff,Antarctica/South_Pole,OTAuto02,b99df4a4-2bf5-4c08-9483-bd636470bc11,b99df4a4-2bf5-4c08-9483-bd636470bc11
cf7a804b-0348-4351-aae7-1afe22a348cc,v_17153 - t_17153,1420,df3c53d6-8692-4b08-b541-f1286095e6b4,,,Vendors,50,PRIMARY_PURPOSE,Not Started,,,,,,,https://Assessment/Assessment/cf7a804b-0348-4351-aae7-1afe22a348cc,Antarctica/South_Pole,OTAuto02,b99df4a4-2bf5-4c08-9483-bd636470bc11,b99df4a4-2bf5-4c08-9483-bd636470bc11
01ee85a9-e1b1-4931-84b9-5409e1292a27,Automated_Assessment_269555,1441,78522f4c-3e7b-4d2e-bf3d-7199c5dd781a,,,Processing Activities,30,MANUAL,Completed,2026-03-20T13:54:03.000+00:00,2026-03-20,2026,March,03,Quarter 1,https://Assessment/Assessment/01ee85a9-e1b1-4931-84b9-5409e1292a27,Antarctica/South_Pole,OTAuto02,b99df4a4-2bf5-4c08-9483-bd636470bc11,b99df4a4-2bf5-4c08-9483-bd636470bc11
60537994-3ae2-4f05-850d-e9e30405e89f,pa_77876_local_6939287,1436,2822cf0d-ba64-42da-8037-e25b07caefc8,,,Processing Activities,30,PRIMARY_PURPOSE,Completed,2026-03-20T13:48:17.000+00:00,2026-03-20,2026,March,03,Quarter 1,https://Assessment/Assessment/60537994-3ae2-4f05-850d-e9e30405e89f,Antarctica/South_Pole,OTAuto02,b99df4a4-2bf5-4c08-9483-bd636470bc11,b99df4a4-2bf5-4c08-9483-bd636470bc11
97892087-d31b-4c15-af58-5632b8573a8c,Risk_Adding_Assessment_490249,1437,1326875f-4f4c-415a-8284-e2070bb6bbff,,,Assets,20,AUTO,Completed,2026-03-20T13:49:22.000+00:00,2026-03-20,2026,March,03,Quarter 1,https://Assessment/Assessment/97892087-d31b-4c15-af58-5632b8573a8c,Antarctica/South_Pole,OTAuto02,b99df4a4-2bf5-4c08-9483-bd636470bc11,b99df4a4-2bf5-4c08-9483-bd636470bc11
acc208f5-318e-4916-847b-44c125f1da64,asset_77876_local_6939287,1435,c0cf31e9-1d3c-4859-8131-e0800bfb6847,,,Assets,20,PRIMARY_PURPOSE,Completed,2026-03-20T13:48:08.000+00:00,2026-03-20,2026,March,03,Quarter 1,https://Assessment/Assessment/acc208f5-318e-4916-847b-44c125f1da64,Antarctica/South_Pole,OTAuto02,b99df4a4-2bf5-4c08-9483-bd636470bc11,b99df4a4-2bf5-4c08-9483-bd636470bc11
b4735f96-b13d-4cb1-89d1-b24c27a0301a,assessment_92279_1_9484930,1439,9843faf4-5c84-4e83-b78e-a3c1707cd024,,,Assets,20,MANUAL,In Progress,,,,,,,https://Assessment/Assessment/b4735f96-b13d-4cb1-89d1-b24c27a0301a,Antarctica/South_Pole,OTAuto02,b99df4a4-2bf5-4c08-9483-bd636470bc11,b99df4a4-2bf5-4c08-9483-bd636470bc11
55865618-2e49-4227-a6c7-d5788a5f475b,v_8959952 - t_8959952,1458,98bc05ae-04d1-4b6b-89e2-2b229256cb7c,,,Vendors,50,PRIMARY_PURPOSE,Not Started,,,,,,,https://Assessment/Assessment/55865618-2e49-4227-a6c7-d5788a5f475b,Antarctica/South_Pole,OTAuto02,b99df4a4-2bf5-4c08-9483-bd636470bc11,b99df4a4-2bf5-4c08-9483-bd636470bc11
6e8dc20a-55f8-4629-ad58-a2dc9c89d653,asset_2741_7117104,1459,785fe1c0-54c3-48f7-83ea-47d23bf6c9c0,,,Assets,20,PRIMARY_PURPOSE,Not Started,,,,,,,https://Assessment/Assessment/6e8dc20a-55f8-4629-ad58-a2dc9c89d653,Antarctica/South_Pole,OTAuto02,b99df4a4-2bf5-4c08-9483-bd636470bc11,b99df4a4-2bf5-4c08-9483-bd636470bc11
7fc64d59-4225-436a-b910-17c5483e81bc,entity_2_1916896,1448,714015df-63f3-4d9d-ab76-c958ff742d55,,,Entities,60,PRIMARY_PURPOSE,Completed,2026-03-20T14:00:16.000+00:00,2026-03-20,2026,March,03,Quarter 1,https://Assessment/Assessment/7fc64d59-4225-436a-b910-17c5483e81bc,Antarctica/South_Pole,OTAuto02,b99df4a4-2bf5-4c08-9483-bd636470bc11,b99df4a4-2bf5-4c08-9483-bd636470bc11
765faa0f-d94c-4915-9e07-9d88cfdb8b91,Inventory_Assessment_3024629,1443,4bf6fa75-fa77-4553-b7ad-15da9eec2b03,,,Vendors,50,PRIMARY_PURPOSE,Not Started,,,,,,,https://Assessment/Assessment/765faa0f-d94c-4915-9e07-9d88cfdb8b91,Antarctica/South_Pole,OTAuto02,b99df4a4-2bf5-4c08-9483-bd636470bc11,b99df4a4-2bf5-4c08-9483-bd636470bc11
c796242e-87a8-4a3a-85af-ee7c0a0d8031,automation_assessment_7116992,1453,c235e343-fd02-4c08-8741-759604bf586b,,,Assets,20,PRIMARY_PURPOSE,Not Started,,,,,,,https://Assessment/Assessment/c796242e-87a8-4a3a-85af-ee7c0a0d8031,Antarctica/South_Pole,OTAuto02,b99df4a4-2bf5-4c08-9483-bd636470bc11,b99df4a4-2bf5-4c08-9483-bd636470bc11
42e8969f-1846-4aca-a6b5-dbc502df8c2f,automated_assessment_61811_1916896,1446,cbd84d13-1b61-4fce-ae53-29b3d87bb05b,,,Entities,60,PRIMARY_PURPOSE,Under Review,,,,,,,https://Assessment/Assessment/42e8969f-1846-4aca-a6b5-dbc502df8c2f,Antarctica/South_Pole,OTAuto02,b99df4a4-2bf5-4c08-9483-bd636470bc11,b99df4a4-2bf5-4c08-9483-bd636470bc11
32af1fdf-56f1-41ec-9e15-ed8fec432cb3,a_9109512,1457,324fdec3-c051-4588-a8df-fe34e6dcf61f,,,Vendors,50,AUTO,Completed,2026-03-20T14:05:49.000+00:00,2026-03-20,2026,March,03,Quarter 1,https://Assessment/Assessment/32af1fdf-56f1-41ec-9e15-ed8fec432cb3,Antarctica/South_Pole,OTAuto02,b99df4a4-2bf5-4c08-9483-bd636470bc11,b99df4a4-2bf5-4c08-9483-bd636470bc11
b2afc909-9946-4758-bf85-1abc66cdbcaf,assessment_1_6178398,1467,2759121a-0c1f-47a1-9d3c-4520f0304db3,,,Entities,60,PRIMARY_PURPOSE,Completed,2026-03-20T14:28:01.000+00:00,2026-03-20,2026,March,03,Quarter 1,https://Assessment/Assessment/b2afc909-9946-4758-bf85-1abc66cdbcaf,Antarctica/South_Pole,OTAuto02,b99df4a4-2bf5-4c08-9483-bd636470bc11,b99df4a4-2bf5-4c08-9483-bd636470bc11
8864d1cc-5a9e-47fb-9abd-18f440e42730,assessment_59428_5170984,1478,b174e3e0-4c51-46fc-9db7-8ef5e3d5b00c,,,Vendors,50,AUTO,Completed,2026-03-20T14:39:57.000+00:00,2026-03-20,2026,March,03,Quarter 1,https://Assessment/Assessment/8864d1cc-5a9e-47fb-9abd-18f440e42730,Antarctica/South_Pole,OTAuto02,b99df4a4-2bf5-4c08-9483-bd636470bc11,b99df4a4-2bf5-4c08-9483-bd636470bc11
8864d1cc-5a9e-47fb-9abd-18f440e42730,assessment_59428_5170984,1478,84232562-4ace-4a9e-a6d4-1007feb6d528,,,Assets,20,AUTO,Completed,2026-03-20T14:39:57.000+00:00,2026-03-20,2026,March,03,Quarter 1,https://Assessment/Assessment/8864d1cc-5a9e-47fb-9abd-18f440e42730,Antarctica/South_Pole,OTAuto02,b99df4a4-2bf5-4c08-9483-bd636470bc11,b99df4a4-2bf5-4c08-9483-bd636470bc11
c5dd85ce-d159-4f4a-bb6e-34b781775670,LaunchAssessment_4226470,1490,69367265-daf6-4e77-90b0-fb95094a4ed7,,,Assets,20,AUTO,Completed,2026-03-20T14:57:54.000+00:00,2026-03-20,2026,March,03,Quarter 1,https://Assessment/Assessment/c5dd85ce-d159-4f4a-bb6e-34b781775670,Antarctica/South_Pole,OTAuto02,b99df4a4-2bf5-4c08-9483-bd636470bc11,b99df4a4-2bf5-4c08-9483-bd636470bc11
30be7f3d-b271-47dd-973c-7c82a20fa48d,inventory_inheritance_assessment_4916700,1501,df047a89-01cc-4cac-931f-5bca2b0997ac,,,Entities,60,AUTO,Completed,2026-03-20T15:19:38.000+00:00,2026-03-20,2026,March,03,Quarter 1,https://Assessment/Assessment/30be7f3d-b271-47dd-973c-7c82a20fa48d,Antarctica/South_Pole,OTAuto02,b99df4a4-2bf5-4c08-9483-bd636470bc11,b99df4a4-2bf5-4c08-9483-bd636470bc11
30be7f3d-b271-47dd-973c-7c82a20fa48d,inventory_inheritance_assessment_4916700,1501,3032d7a4-1364-4f4f-bc88-7dd0b7c36d66,,,Processing Activities,30,AUTO,Completed,2026-03-20T15:19:38.000+00:00,2026-03-20,2026,March,03,Quarter 1,https://Assessment/Assessment/30be7f3d-b271-47dd-973c-7c82a20fa48d,Antarctica/South_Pole,OTAuto02,b99df4a4-2bf5-4c08-9483-bd636470bc11,b99df4a4-2bf5-4c08-9483-bd636470bc11
30be7f3d-b271-47dd-973c-7c82a20fa48d,inventory_inheritance_assessment_4916700,1501,1bffb2f9-ca77-4796-b75f-671cc76c7d17,,,Assets,20,AUTO,Completed,2026-03-20T15:19:38.000+00:00,2026-03-20,2026,March,03,Quarter 1,https://Assessment/Assessment/30be7f3d-b271-47dd-973c-7c82a20fa48d,Antarctica/South_Pole,OTAuto02,b99df4a4-2bf5-4c08-9483-bd636470bc11,b99df4a4-2bf5-4c08-9483-bd636470bc11
30be7f3d-b271-47dd-973c-7c82a20fa48d,inventory_inheritance_assessment_4916700,1501,c420de74-3b33-4d52-9989-ef4460c4f36d,,,Vendors,50,AUTO,Completed,2026-03-20T15:19:38.000+00:00,2026-03-20,2026,March,03,Quarter 1,https://Assessment/Assessment/30be7f3d-b271-47dd-973c-7c82a20fa48d,Antarctica/South_Pole,OTAuto02,b99df4a4-2bf5-4c08-9483-bd636470bc11,b99df4a4-2bf5-4c08-9483-bd636470bc11
8e7de03b-5f20-4cdd-a3e9-2fc7f1c325c8,newAssessment_4916700,1504,c420de74-3b33-4d52-9989-ef4460c4f36d,,,Vendors,50,AUTO,Under Review,,,,,,,https://Assessment/Assessment/8e7de03b-5f20-4cdd-a3e9-2fc7f1c325c8,Antarctica/South_Pole,OTAuto02,b99df4a4-2bf5-4c08-9483-bd636470bc11,b99df4a4-2bf5-4c08-9483-bd636470bc11
8e7de03b-5f20-4cdd-a3e9-2fc7f1c325c8,newAssessment_4916700,1504,10e76d56-a5d0-4b97-9694-3c2327fd7dae,,,Assets,20,AUTO,Under Review,,,,,,,https://Assessment/Assessment/8e7de03b-5f20-4cdd-a3e9-2fc7f1c325c8,Antarctica/South_Pole,OTAuto02,b99df4a4-2bf5-4c08-9483-bd636470bc11,b99df4a4-2bf5-4c08-9483-bd636470bc11
8e7de03b-5f20-4cdd-a3e9-2fc7f1c325c8,newAssessment_4916700,1504,df047a89-01cc-4cac-931f-5bca2b0997ac,,,Entities,60,AUTO,Under Review,,,,,,,https://Assessment/Assessment/8e7de03b-5f20-4cdd-a3e9-2fc7f1c325c8,Antarctica/South_Pole,OTAuto02,b99df4a4-2bf5-4c08-9483-bd636470bc11,b99df4a4-2bf5-4c08-9483-bd636470bc11
8e7de03b-5f20-4cdd-a3e9-2fc7f1c325c8,newAssessment_4916700,1504,a577b3ad-cb5b-4724-96cc-7792f3374874,,,Entities,60,AUTO,Under Review,,,,,,,https://Assessment/Assessment/8e7de03b-5f20-4cdd-a3e9-2fc7f1c325c8,Antarctica/South_Pole,OTAuto02,b99df4a4-2bf5-4c08-9483-bd636470bc11,b99df4a4-2bf5-4c08-9483-bd636470bc11
8e7de03b-5f20-4cdd-a3e9-2fc7f1c325c8,newAssessment_4916700,1504,ed2869d9-e809-4bfb-a99c-1ba4bc6ad029,,,Vendors,50,AUTO,Under Review,,,,,,,https://Assessment/Assessment/8e7de03b-5f20-4cdd-a3e9-2fc7f1c325c8,Antarctica/South_Pole,OTAuto02,b99df4a4-2bf5-4c08-9483-bd636470bc11,b99df4a4-2bf5-4c08-9483-bd636470bc11
8e7de03b-5f20-4cdd-a3e9-2fc7f1c325c8,newAssessment_4916700,1504,1bffb2f9-ca77-4796-b75f-671cc76c7d17,,,Assets,20,AUTO,Under Review,,,,,,,https://Assessment/Assessment/8e7de03b-5f20-4cdd-a3e9-2fc7f1c325c8,Antarctica/South_Pole,OTAuto02,b99df4a4-2bf5-4c08-9483-bd636470bc11,b99df4a4-2bf5-4c08-9483-bd636470bc11
8e7de03b-5f20-4cdd-a3e9-2fc7f1c325c8,newAssessment_4916700,1504,3032d7a4-1364-4f4f-bc88-7dd0b7c36d66,,,Processing Activities,30,AUTO,Under Review,,,,,,,https://Assessment/Assessment/8e7de03b-5f20-4cdd-a3e9-2fc7f1c325c8,Antarctica/South_Pole,OTAuto02,b99df4a4-2bf5-4c08-9483-bd636470bc11,b99df4a4-2bf5-4c08-9483-bd636470bc11
8e7de03b-5f20-4cdd-a3e9-2fc7f1c325c8,newAssessment_4916700,1504,e48f19de-4542-4c57-8573-18cb216a22ab,,,Processing Activities,30,AUTO,Under Review,,,,,,,https://Assessment/Assessment/8e7de03b-5f20-4cdd-a3e9-2fc7f1c325c8,Antarctica/South_Pole,OTAuto02,b99df4a4-2bf5-4c08-9483-bd636470bc11,b99df4a4-2bf5-4c08-9483-bd636470bc11
8f705bac-ad5a-46e1-91d7-5712166fbcd9,a_8822666,1523,882fb0ee-0673-4903-9af3-b7980cb7fedb,,,Assets,20,AUTO,Completed,2026-03-20T18:23:54.000+00:00,2026-03-20,2026,March,03,Quarter 1,https://Assessment/Assessment/8f705bac-ad5a-46e1-91d7-5712166fbcd9,Antarctica/South_Pole,OTAuto02,b99df4a4-2bf5-4c08-9483-bd636470bc11,b99df4a4-2bf5-4c08-9483-bd636470bc11
33fb20ba-26af-4a22-8811-16bace43495b,a_1812219,1532,cf5d9d94-ec19-451b-be97-82d5666935a2,,,Assets,20,AUTO,Under Review,,,,,,,https://Assessment/Assessment/33fb20ba-26af-4a22-8811-16bace43495b,Antarctica/South_Pole,OTAuto02,b99df4a4-2bf5-4c08-9483-bd636470bc11,b99df4a4-2bf5-4c08-9483-bd636470bc11
a234c4d8-ab52-4467-bc25-dc6ed20305d1,a_2104701,1531,e1deeb7b-7840-4079-aec4-6aca7fb8f687,,,Assets,20,AUTO,Completed,2026-03-20T18:48:15.000+00:00,2026-03-20,2026,March,03,Quarter 1,https://Assessment/Assessment/a234c4d8-ab52-4467-bc25-dc6ed20305d1,Antarctica/South_Pole,OTAuto02,b99df4a4-2bf5-4c08-9483-bd636470bc11,b99df4a4-2bf5-4c08-9483-bd636470bc11
06f43647-8313-4e26-a754-4a65c3cf381d,a_1105645,1539,d45e5820-1f9f-4bc1-b941-de4966569c69,,,Assets,20,AUTO,Under Review,,,,,,,https://Assessment/Assessment/06f43647-8313-4e26-a754-4a65c3cf381d,Antarctica/South_Pole,OTAuto02,b99df4a4-2bf5-4c08-9483-bd636470bc11,b99df4a4-2bf5-4c08-9483-bd636470bc11
660e42bf-2e7f-48df-a2bd-f9bdd632eae3,a_5355409,1541,6a6d1ed0-9740-48ad-be0b-ff7052e8cdb6,,,Assets,20,AUTO,Under Review,,,,,,,https://Assessment/Assessment/660e42bf-2e7f-48df-a2bd-f9bdd632eae3,Antarctica/South_Pole,OTAuto02,b99df4a4-2bf5-4c08-9483-bd636470bc11,b99df4a4-2bf5-4c08-9483-bd636470bc11
0823564a-40ee-438f-b5e0-6e87a65f8c43,asset_01_94483_8832916,1549,72524881-5821-4dee-b2d7-71f62d0479d5,,,Assets,20,PRIMARY_PURPOSE,Not Started,,,,,,,https://Assessment/Assessment/0823564a-40ee-438f-b5e0-6e87a65f8c43,Antarctica/South_Pole,OTAuto02,b99df4a4-2bf5-4c08-9483-bd636470bc11,b99df4a4-2bf5-4c08-9483-bd636470bc11
14bce157-cbb6-44c4-b2cd-f0024b28261f,asset_05_94483_8832916,1553,90cf2934-4b2f-4b88-8769-1f91058cd775,,,Assets,20,PRIMARY_PURPOSE,Not Started,,,,,,,https://Assessment/Assessment/14bce157-cbb6-44c4-b2cd-f0024b28261f,Antarctica/South_Pole,OTAuto02,b99df4a4-2bf5-4c08-9483-bd636470bc11,b99df4a4-2bf5-4c08-9483-bd636470bc11
1b4ae123-55b0-4ebf-a935-bc89ce266a3b,asset_06_94483_8832916,1554,33023112-d9c9-420d-9769-4dbf5b03f206,,,Assets,20,PRIMARY_PURPOSE,Not Started,,,,,,,https://Assessment/Assessment/1b4ae123-55b0-4ebf-a935-bc89ce266a3b,Antarctica/South_Pole,OTAuto02,b99df4a4-2bf5-4c08-9483-bd636470bc11,b99df4a4-2bf5-4c08-9483-bd636470bc11
27ff8f9a-21b3-49cc-9e56-3824f8231f33,asset_04_94483_8832916,1552,7ccc38e4-de63-4109-a533-cc4912eb3b4e,,,Assets,20,PRIMARY_PURPOSE,Not Started,,,,,,,https://Assessment/Assessment/27ff8f9a-21b3-49cc-9e56-3824f8231f33,Antarctica/South_Pole,OTAuto02,b99df4a4-2bf5-4c08-9483-bd636470bc11,b99df4a4-2bf5-4c08-9483-bd636470bc11
3607c551-e929-4146-8442-786d86d33ed0,asset_08_94483_8832916,1556,02a16015-2e4f-4a0c-8d6f-588d2f269524,,,Assets,20,PRIMARY_PURPOSE,Not Started,,,,,,,https://Assessment/Assessment/3607c551-e929-4146-8442-786d86d33ed0,Antarctica/South_Pole,OTAuto02,b99df4a4-2bf5-4c08-9483-bd636470bc11,b99df4a4-2bf5-4c08-9483-bd636470bc11
3e8165e9-28a4-4c06-937f-0e38a969bb86,asset_10_94483_8832916,1558,2ecf8166-61a2-4177-abb0-fc4c14af7a44,,,Assets,20,PRIMARY_PURPOSE,Not Started,,,,,,,https://Assessment/Assessment/3e8165e9-28a4-4c06-937f-0e38a969bb86,Antarctica/South_Pole,OTAuto02,b99df4a4-2bf5-4c08-9483-bd636470bc11,b99df4a4-2bf5-4c08-9483-bd636470bc11
523fe96d-4d88-4ba3-867b-a2c13dadd33d,asset_02_94483_8832916,1550,2f9a7afa-4649-452f-bb98-ff4260d92d49,,,Assets,20,PRIMARY_PURPOSE,Not Started,,,,,,,https://Assessment/Assessment/523fe96d-4d88-4ba3-867b-a2c13dadd33d,Antarctica/South_Pole,OTAuto02,b99df4a4-2bf5-4c08-9483-bd636470bc11,b99df4a4-2bf5-4c08-9483-bd636470bc11
7fdeceb9-fd32-4be1-9db3-148fd2c4f6bc,asset_07_94483_8832916,1555,64d31afc-37a8-4c13-a647-b57e7aaf1cd6,,,Assets,20,PRIMARY_PURPOSE,Not Started,,,,,,,https://Assessment/Assessment/7fdeceb9-fd32-4be1-9db3-148fd2c4f6bc,Antarctica/South_Pole,OTAuto02,b99df4a4-2bf5-4c08-9483-bd636470bc11,b99df4a4-2bf5-4c08-9483-bd636470bc11
ace6d0d7-c30c-4ea4-aea8-542e70da0306,asset_11_94483_8832916,1559,9c02e124-9c90-47e6-a6b2-942f47f09f0e,,,Assets,20,PRIMARY_PURPOSE,Not Started,,,,,,,https://Assessment/Assessment/ace6d0d7-c30c-4ea4-aea8-542e70da0306,Antarctica/South_Pole,OTAuto02,b99df4a4-2bf5-4c08-9483-bd636470bc11,b99df4a4-2bf5-4c08-9483-bd636470bc11
bd8cbfbe-f449-4645-88c4-b060a861baaf,asset_94483_8832916,1560,d853964d-f5fd-4bf8-9c87-99fdd7df7efa,,,Assets,20,PRIMARY_PURPOSE,Not Started,,,,,,,https://Assessment/Assessment/bd8cbfbe-f449-4645-88c4-b060a861baaf,Antarctica/South_Pole,OTAuto02,b99df4a4-2bf5-4c08-9483-bd636470bc11,b99df4a4-2bf5-4c08-9483-bd636470bc11
e5012d28-4115-4754-a2b0-a7315052ca43,asset_09_94483_8832916,1557,0fd5ce27-a9da-41ab-b28a-2bcc12a8b8d6,,,Assets,20,PRIMARY_PURPOSE,Not Started,,,,,,,https://Assessment/Assessment/e5012d28-4115-4754-a2b0-a7315052ca43,Antarctica/South_Pole,OTAuto02,b99df4a4-2bf5-4c08-9483-bd636470bc11,b99df4a4-2bf5-4c08-9483-bd636470bc11
e8a981b0-d0c2-476a-8f66-e800d27ef76a,asset_03_94483_8832916,1551,5c72c1f1-31e0-49aa-b2fa-33ca0a98548f,,,Assets,20,PRIMARY_PURPOSE,Not Started,,,,,,,https://Assessment/Assessment/e8a981b0-d0c2-476a-8f66-e800d27ef76a,Antarctica/South_Pole,OTAuto02,b99df4a4-2bf5-4c08-9483-bd636470bc11,b99df4a4-2bf5-4c08-9483-bd636470bc11
6c576cf5-1cc5-49fb-ab3b-92ec30d9f94e,Assessment3_name_4399213,1276,8b19b0b8-e173-4a0b-8c7c-a9991a920bf1,,,Vendors,50,PRIMARY_PURPOSE,Under Review,,,,,,,https://Assessment/Assessment/6c576cf5-1cc5-49fb-ab3b-92ec30d9f94e,Antarctica/South_Pole,OTAuto02,b99df4a4-2bf5-4c08-9483-bd636470bc11,b99df4a4-2bf5-4c08-9483-bd636470bc11
a06799ef-e49d-482b-9f88-06e568194101,vendor_69054_657346,1426,f9887a69-9aea-4050-8990-e3b9c3c3a3c3,,,Vendors,50,PRIMARY_PURPOSE,Under Review,,,,,,,https://Assessment/Assessment/a06799ef-e49d-482b-9f88-06e568194101,Antarctica/South_Pole,OTAuto02,b99df4a4-2bf5-4c08-9483-bd636470bc11,b99df4a4-2bf5-4c08-9483-bd636470bc11
cbfab19c-0d00-4361-b619-e329b8942753,Inventory_63681_Assessment_1736327,1272,61235dd5-ab3d-42c7-a7fa-0a741a1d1e9c,,,Assets,20,AUTO,Under Review,,,,,,,https://Assessment/Assessment/cbfab19c-0d00-4361-b619-e329b8942753,Antarctica/South_Pole,OTAuto02,b99df4a4-2bf5-4c08-9483-bd636470bc11,b99df4a4-2bf5-4c08-9483-bd636470bc11
01503de4-5bfb-4722-9323-e025aefc9536,automation_assessment_3106028,1377,ddda885f-9e43-4744-a779-07e1a850d983,,,Vendors,50,AUTO,Completed,2026-03-20T13:05:30.000+00:00,2026-03-20,2026,March,03,Quarter 1,https://Assessment/Assessment/01503de4-5bfb-4722-9323-e025aefc9536,Antarctica/South_Pole,OTAuto02,b99df4a4-2bf5-4c08-9483-bd636470bc11,b99df4a4-2bf5-4c08-9483-bd636470bc11
1c7e72c8-7b33-4a35-886a-64368a737fbd,a_3093026,1421,184637c8-e55f-447b-8c17-8d6edc60c6a3,,,Vendors,50,PRIMARY_PURPOSE,Completed,2026-03-20T13:36:16.000+00:00,2026-03-20,2026,March,03,Quarter 1,https://Assessment/Assessment/1c7e72c8-7b33-4a35-886a-64368a737fbd,Antarctica/South_Pole,OTAuto02,b99df4a4-2bf5-4c08-9483-bd636470bc11,b99df4a4-2bf5-4c08-9483-bd636470bc11
901ca8fe-5fd2-41cb-963a-143d958eba3c,Assessment2_name_4399213,1275,8b19b0b8-e173-4a0b-8c7c-a9991a920bf1,,,Vendors,50,PRIMARY_PURPOSE,Under Review,,,,,,,https://Assessment/Assessment/901ca8fe-5fd2-41cb-963a-143d958eba3c,Antarctica/South_Pole,OTAuto02,b99df4a4-2bf5-4c08-9483-bd636470bc11,b99df4a4-2bf5-4c08-9483-bd636470bc11
f077dd2b-5ec8-40ec-b33a-84b69279be15,Assessment_name_2287066,1369,bfbb3127-c132-48c1-80ec-06bcf8c5b1ec,,,Vendors,50,PRIMARY_PURPOSE,Under Review,,,,,,,https://Assessment/Assessment/f077dd2b-5ec8-40ec-b33a-84b69279be15,Antarctica/South_Pole,OTAuto02,b99df4a4-2bf5-4c08-9483-bd636470bc11,b99df4a4-2bf5-4c08-9483-bd636470bc11
af2d41b2-72d9-4fca-a578-d0b49d69dd65,Assessment_3197444,1218,81659868-b0fd-4c5e-a1d1-4169cd3f5df9,,,Vendors,50,PRIMARY_PURPOSE,Completed,2026-03-20T11:15:31.000+00:00,2026-03-20,2026,March,03,Quarter 1,https://Assessment/Assessment/af2d41b2-72d9-4fca-a578-d0b49d69dd65,Antarctica/South_Pole,OTAuto02,b99df4a4-2bf5-4c08-9483-bd636470bc11,b99df4a4-2bf5-4c08-9483-bd636470bc11
a71f9214-837e-4c7a-8aa9-48e17da2a6f7,Assessment2_name_2287066,1370,7f07abab-0ddc-4df7-bfa3-2377685726a2,,,Vendors,50,PRIMARY_PURPOSE,Under Review,,,,,,,https://Assessment/Assessment/a71f9214-837e-4c7a-8aa9-48e17da2a6f7,Antarctica/South_Pole,OTAuto02,b99df4a4-2bf5-4c08-9483-bd636470bc11,b99df4a4-2bf5-4c08-9483-bd636470bc11
55175f78-8179-4b3b-bf48-f464dfbcf167,Assessment_name_feafhut,1460,e50c3626-7af1-4e42-9492-56fd7c368e11,,,Vendors,50,PRIMARY_PURPOSE,Under Review,,,,,,,https://Assessment/Assessment/55175f78-8179-4b3b-bf48-f464dfbcf167,Antarctica/South_Pole,OTAuto02,b99df4a4-2bf5-4c08-9483-bd636470bc11,b99df4a4-2bf5-4c08-9483-bd636470bc11
8794512e-f948-48a5-a33d-fa93cd79de58,Assessment_name_ogcuamw,1425,2a0d2d26-319b-4e3f-87e5-937ef0489eae,,,Vendors,50,PRIMARY_PURPOSE,Under Review,,,,,,,https://Assessment/Assessment/8794512e-f948-48a5-a33d-fa93cd79de58,Antarctica/South_Pole,OTAuto02,b99df4a4-2bf5-4c08-9483-bd636470bc11,b99df4a4-2bf5-4c08-9483-bd636470bc11
8e931387-d4ca-46bf-9ff5-f21375ab390e,Assessment_name_4399213,1274,98a860fc-1791-4446-9f36-37375415cf3f,,,Vendors,50,PRIMARY_PURPOSE,Under Review,,,,,,,https://Assessment/Assessment/8e931387-d4ca-46bf-9ff5-f21375ab390e,Antarctica/South_Pole,OTAuto02,b99df4a4-2bf5-4c08-9483-bd636470bc11,b99df4a4-2bf5-4c08-9483-bd636470bc11
f136ed98-c408-43f4-ab56-6987d78aaee4,automated_assessment_60725_7765109,813,bfa7997b-1e89-402a-a32e-4a0034fea10b,,,Assets,20,AUTO,Under Review,,,,,,,https://Assessment/Assessment/f136ed98-c408-43f4-ab56-6987d78aaee4,Antarctica/South_Pole,OTAuto02,b99df4a4-2bf5-4c08-9483-bd636470bc11,b99df4a4-2bf5-4c08-9483-bd636470bc11
788b4a80-889d-481c-9e5c-d06a6fb6afb3,automated_vendor_assessment_58863_1724874,171,41cd34f8-9936-4ec1-abd4-adffbaf68435,,,Vendors,50,PRIMARY_PURPOSE,Not Started,,,,,,,https://Assessment/Assessment/788b4a80-889d-481c-9e5c-d06a6fb6afb3,Antarctica/South_Pole,OTAuto02,b99df4a4-2bf5-4c08-9483-bd636470bc11,b99df4a4-2bf5-4c08-9483-bd636470bc11
3f85ad27-71ec-480b-8529-05a1d4a7e1e3,engagement_assessment_9885679,1229,cab17af2-f164-4d2c-a7bd-9123074fe2c9,,,Vendors,50,AUTO,Completed,2026-03-20T11:16:52.000+00:00,2026-03-20,2026,March,03,Quarter 1,https://Assessment/Assessment/3f85ad27-71ec-480b-8529-05a1d4a7e1e3,Antarctica/South_Pole,OTAuto02,b99df4a4-2bf5-4c08-9483-bd636470bc11,b99df4a4-2bf5-4c08-9483-bd636470bc11
4897fc1a-e14b-4c7c-a380-4d0b6eb73fc9,Inventory_assessment_7167806,1171,6fe0fae6-f9b4-4b83-b570-8975080f3267,,,Assets,20,AUTO,Completed,2026-03-20T10:05:02.000+00:00,2026-03-20,2026,March,03,Quarter 1,https://Assessment/Assessment/4897fc1a-e14b-4c7c-a380-4d0b6eb73fc9,Antarctica/South_Pole,OTAuto02,b99df4a4-2bf5-4c08-9483-bd636470bc11,b99df4a4-2bf5-4c08-9483-bd636470bc11
7494d56c-fd65-451a-aa3f-0576b218bc74,Assessment_6128022,1212,8838cd73-2eff-4615-85aa-37c6ca708fcc,,,Vendors,50,PRIMARY_PURPOSE,Completed,2026-03-20T11:06:37.000+00:00,2026-03-20,2026,March,03,Quarter 1,https://Assessment/Assessment/7494d56c-fd65-451a-aa3f-0576b218bc74,Antarctica/South_Pole,OTAuto02,b99df4a4-2bf5-4c08-9483-bd636470bc11,b99df4a4-2bf5-4c08-9483-bd636470bc11
4a859507-c751-47e5-9a6c-847ef5e67508,Automated_Assessment_6377043,998,e8370256-d3d0-4a98-a40d-bf7d677fa49d,,,Assets,20,AUTO,Under Review,,,,,,,https://Assessment/Assessment/4a859507-c751-47e5-9a6c-847ef5e67508,Antarctica/South_Pole,OTAuto02,b99df4a4-2bf5-4c08-9483-bd636470bc11,b99df4a4-2bf5-4c08-9483-bd636470bc11
92b85757-10d9-425d-976d-f1364151a87f,Inventory_assessment_6599468,845,ae465cdc-5c35-4c42-ae23-0c466d0976cd,,,Assets,20,AUTO,Under Review,,,,,,,https://Assessment/Assessment/92b85757-10d9-425d-976d-f1364151a87f,Antarctica/South_Pole,OTAuto02,b99df4a4-2bf5-4c08-9483-bd636470bc11,b99df4a4-2bf5-4c08-9483-bd636470bc11
74431c21-f3bc-41a8-93a1-f43d82d637e4,a_5597516,1262,7bad0576-7909-4277-b607-8e8427a8b986,,,Vendors,50,PRIMARY_PURPOSE,Under Review,,,,,,,https://Assessment/Assessment/74431c21-f3bc-41a8-93a1-f43d82d637e4,Antarctica/South_Pole,OTAuto02,b99df4a4-2bf5-4c08-9483-bd636470bc11,b99df4a4-2bf5-4c08-9483-bd636470bc11
ff36a15a-beab-422a-8a05-62deeefe96cd,Automated_Assessment_3151957,1565,2d6902f4-d1f7-40e1-bde4-0116e045318b,,,Assets,20,AUTO,Under Review,,,,,,,https://Assessment/Assessment/ff36a15a-beab-422a-8a05-62deeefe96cd,Antarctica/South_Pole,OTAuto02,b99df4a4-2bf5-4c08-9483-bd636470bc11,b99df4a4-2bf5-4c08-9483-bd636470bc11
ff36a15a-beab-422a-8a05-62deeefe96cd,Automated_Assessment_3151957,1565,f20d799c-2e46-4971-a410-1d45674645a9,,,Assets,20,AUTO,Under Review,,,,,,,https://Assessment/Assessment/ff36a15a-beab-422a-8a05-62deeefe96cd,Antarctica/South_Pole,OTAuto02,b99df4a4-2bf5-4c08-9483-bd636470bc11,b99df4a4-2bf5-4c08-9483-bd636470bc11
9c371e76-107e-4f55-b419-dbf5465f8b77,automation_project_40689_5474730,811,6f7d612e-9c55-4e1a-bdd0-98d4a4f3f3f0,,,Assets,20,AUTO,Under Review,,,,,,,https://Assessment/Assessment/9c371e76-107e-4f55-b419-dbf5465f8b77,Antarctica/South_Pole,OTAuto02,b99df4a4-2bf5-4c08-9483-bd636470bc11,b99df4a4-2bf5-4c08-9483-bd636470bc11
5707b893-783b-4bc3-b161-f6108b06be8a,automation_assessment_6060603,748,dd343599-6c9c-48f2-8db9-0150dd826576,,,Assets,20,PRIMARY_PURPOSE,Completed,2026-03-20T08:09:36.000+00:00,2026-03-20,2026,March,03,Quarter 1,https://Assessment/Assessment/5707b893-783b-4bc3-b161-f6108b06be8a,Antarctica/South_Pole,OTAuto02,b99df4a4-2bf5-4c08-9483-bd636470bc11,b99df4a4-2bf5-4c08-9483-bd636470bc11
6a23167e-f097-4cfc-a91b-6a3c0a34e9c1,automation_assessment_7066226,659,37f63829-61bf-49b2-ac51-34fae37a8034,,,Vendors,50,PRIMARY_PURPOSE,Under Review,,,,,,,https://Assessment/Assessment/6a23167e-f097-4cfc-a91b-6a3c0a34e9c1,Antarctica/South_Pole,OTAuto02,b99df4a4-2bf5-4c08-9483-bd636470bc11,b99df4a4-2bf5-4c08-9483-bd636470bc11
d34832f9-d234-4621-a0a7-fb11a02f7b2f,automation_assessment_2_2075848,661,fba839e6-ffad-4b6b-a427-62ad357a93b8,,,Assets,20,PRIMARY_PURPOSE,Under Review,,,,,,,https://Assessment/Assessment/d34832f9-d234-4621-a0a7-fb11a02f7b2f,Antarctica/South_Pole,OTAuto02,b99df4a4-2bf5-4c08-9483-bd636470bc11,b99df4a4-2bf5-4c08-9483-bd636470bc11
f8f78224-ae44-4da1-9ab6-0110f70fa851,automation_assessment_1_2075848,651,fba839e6-ffad-4b6b-a427-62ad357a93b8,,,Assets,20,PRIMARY_PURPOSE,Under Review,,,,,,,https://Assessment/Assessment/f8f78224-ae44-4da1-9ab6-0110f70fa851,Antarctica/South_Pole,OTAuto02,b99df4a4-2bf5-4c08-9483-bd636470bc11,b99df4a4-2bf5-4c08-9483-bd636470bc11
e0ccfe31-443f-4573-9e2e-bdb20ca38286,automation_project_42884_7673751,642,6658b320-400a-485c-b8de-d1ce94ee3e3f,,,Assets,20,AUTO,Under Review,,,,,,,https://Assessment/Assessment/e0ccfe31-443f-4573-9e2e-bdb20ca38286,Antarctica/South_Pole,OTAuto02,b99df4a4-2bf5-4c08-9483-bd636470bc11,b99df4a4-2bf5-4c08-9483-bd636470bc11
6b8c3ed8-4edc-43ac-a76e-64e3d996cd1d,automated_assessment_58873_19032026,278,dbe7e7eb-9bf4-4430-a1b3-687ae92b6d75,,,Assets,20,AUTO,Under Review,,,,,,,https://Assessment/Assessment/6b8c3ed8-4edc-43ac-a76e-64e3d996cd1d,Antarctica/South_Pole,OTAuto02,b99df4a4-2bf5-4c08-9483-bd636470bc11,b99df4a4-2bf5-4c08-9483-bd636470bc11
e0282621-50ac-45fd-91bf-9a7f4d9da952,assessment_1_9145418,638,32078c60-36cf-45a1-aa46-1350dfd8cbdf,,,Assets,20,PRIMARY_PURPOSE,Completed,2026-03-20T07:31:18.000+00:00,2026-03-20,2026,March,03,Quarter 1,https://Assessment/Assessment/e0282621-50ac-45fd-91bf-9a7f4d9da952,Antarctica/South_Pole,OTAuto02,b99df4a4-2bf5-4c08-9483-bd636470bc11,b99df4a4-2bf5-4c08-9483-bd636470bc11
9620c3aa-f6b4-4a82-80cc-299338a8b8c7,Automated_Assessment_2_7956884,380,d64e6756-6664-41f7-89b3-7326728c764c,,,Assets,20,AUTO,Completed,2026-03-20T06:24:15.000+00:00,2026-03-20,2026,March,03,Quarter 1,https://Assessment/Assessment/9620c3aa-f6b4-4a82-80cc-299338a8b8c7,Antarctica/South_Pole,OTAuto02,b99df4a4-2bf5-4c08-9483-bd636470bc11,b99df4a4-2bf5-4c08-9483-bd636470bc11
37134967-acde-4c32-938a-33d2f5a0b3bf,automation_project_65188_19032026,124,aa529d17-2f6e-4352-b968-564494360268,,,Entities,60,AUTO,Under Review,,,,,,,https://Assessment/Assessment/37134967-acde-4c32-938a-33d2f5a0b3bf,Antarctica/South_Pole,OTAuto02,b99df4a4-2bf5-4c08-9483-bd636470bc11,b99df4a4-2bf5-4c08-9483-bd636470bc11
e395c1c9-9f42-4611-b915-9b370119c886,automation_project_42865_4230568,173,d8612027-af4a-4fab-9425-6bb099d55d22,,,Assets,20,AUTO,Under Review,,,,,,,https://Assessment/Assessment/e395c1c9-9f42-4611-b915-9b370119c886,Antarctica/South_Pole,OTAuto02,b99df4a4-2bf5-4c08-9483-bd636470bc11,b99df4a4-2bf5-4c08-9483-bd636470bc11
f5ce06bf-f3d6-4303-b7f9-9293077583b0,assessment_19032026,125,6d3d6b8f-d1d6-4bb0-be5a-b0971d10b320,,,Assets,20,AUTO,Under Review,,,,,,,https://Assessment/Assessment/f5ce06bf-f3d6-4303-b7f9-9293077583b0,Antarctica/South_Pole,OTAuto02,b99df4a4-2bf5-4c08-9483-bd636470bc11,b99df4a4-2bf5-4c08-9483-bd636470bc11
04f0775d-e0f4-4e4b-a335-a571a6f11ef2,Inventory_Assessment_5395108,26,e8ed4625-6727-43ad-a907-901a4090f03b,,,Assets,20,AUTO,Completed,2026-03-20T05:16:42.000+00:00,2026-03-20,2026,March,03,Quarter 1,https://Assessment/Assessment/04f0775d-e0f4-4e4b-a335-a571a6f11ef2,Antarctica/South_Pole,OTAuto02,b99df4a4-2bf5-4c08-9483-bd636470bc11,b99df4a4-2bf5-4c08-9483-bd636470bc11
9a8e1f46-f9d5-4ba0-a650-872f2a4edf2e,Inventory_01_Assessment_5395108,29,e8ed4625-6727-43ad-a907-901a4090f03b,,,Assets,20,AUTO,Under Review,,,,,,,https://Assessment/Assessment/9a8e1f46-f9d5-4ba0-a650-872f2a4edf2e,Antarctica/South_Pole,OTAuto02,b99df4a4-2bf5-4c08-9483-bd636470bc11,b99df4a4-2bf5-4c08-9483-bd636470bc11
f15b9791-291e-41cc-8e76-8daa0cbb6e73,assessment_43465_5856149,1594,b6592a69-976e-4692-a679-12bd30d7bbb5,,,Assets,20,AUTO,Completed,2026-03-25T06:10:05.000+00:00,2026-03-25,2026,March,03,Quarter 1,https://Assessment/Assessment/f15b9791-291e-41cc-8e76-8daa0cbb6e73,Antarctica/South_Pole,OTAuto02,b99df4a4-2bf5-4c08-9483-bd636470bc11,b99df4a4-2bf5-4c08-9483-bd636470bc11
f15b9791-291e-41cc-8e76-8daa0cbb6e73,assessment_43465_5856149,1594,365fca98-ef99-496d-a828-cc60b3fb24f5,,,Processing Activities,30,AUTO,Completed,2026-03-25T06:10:05.000+00:00,2026-03-25,2026,March,03,Quarter 1,https://Assessment/Assessment/f15b9791-291e-41cc-8e76-8daa0cbb6e73,Antarctica/South_Pole,OTAuto02,b99df4a4-2bf5-4c08-9483-bd636470bc11,b99df4a4-2bf5-4c08-9483-bd636470bc11
682f2388-c70f-4f44-9b82-e989d4f56684,Automated_Assessment_68691_2472036,1613,48b885d2-d070-444d-9f72-b01f3e35d37a,,,Assets,20,PRIMARY_PURPOSE,Completed,2026-03-25T06:13:36.000+00:00,2026-03-25,2026,March,03,Quarter 1,https://Assessment/Assessment/682f2388-c70f-4f44-9b82-e989d4f56684,Antarctica/South_Pole,OTAuto02,b99df4a4-2bf5-4c08-9483-bd636470bc11,b99df4a4-2bf5-4c08-9483-bd636470bc11
169a8505-3219-4dfe-8c42-7f4a185c9a64,asset_1170_24032026,1641,0e0ba8b6-cf88-4448-8bfa-a491baacba71,,,Assets,20,PRIMARY_PURPOSE,Not Started,,,,,,,https://Assessment/Assessment/169a8505-3219-4dfe-8c42-7f4a185c9a64,Antarctica/South_Pole,OTAuto02,b99df4a4-2bf5-4c08-9483-bd636470bc11,b99df4a4-2bf5-4c08-9483-bd636470bc11
772c2e15-2d91-4c09-b889-60731c5ff578,Assessment_7635_24032026,1634,26493ce7-6efe-4480-9902-4f38512d0971,,,Assets,20,AUTO,Under Review,,,,,,,https://Assessment/Assessment/772c2e15-2d91-4c09-b889-60731c5ff578,Antarctica/South_Pole,OTAuto02,b99df4a4-2bf5-4c08-9483-bd636470bc11,b99df4a4-2bf5-4c08-9483-bd636470bc11
9ca21b4e-b51d-40c3-95be-423d3ad10463,Automated_Assessment_6612926,1623,4b2422fb-aaf0-40da-b3ae-fe8cc4d45ea1,,,Assets,20,AUTO,Under Review,,,,,,,https://Assessment/Assessment/9ca21b4e-b51d-40c3-95be-423d3ad10463,Antarctica/South_Pole,OTAuto02,b99df4a4-2bf5-4c08-9483-bd636470bc11,b99df4a4-2bf5-4c08-9483-bd636470bc11
cae9a172-30b2-4268-a85d-061f1a5319df,Inventory_38868_Assessment_24032026,1624,01f63677-93bc-418c-a5a2-502710d57877,,,Assets,20,AUTO,Under Review,,,,,,,https://Assessment/Assessment/cae9a172-30b2-4268-a85d-061f1a5319df,Antarctica/South_Pole,OTAuto02,b99df4a4-2bf5-4c08-9483-bd636470bc11,b99df4a4-2bf5-4c08-9483-bd636470bc11
cae9a172-30b2-4268-a85d-061f1a5319df,Inventory_38868_Assessment_24032026,1624,cad9a3ce-a631-4840-8579-fa304b8fa768,,,Assets,20,AUTO,Under Review,,,,,,,https://Assessment/Assessment/cae9a172-30b2-4268-a85d-061f1a5319df,Antarctica/South_Pole,OTAuto02,b99df4a4-2bf5-4c08-9483-bd636470bc11,b99df4a4-2bf5-4c08-9483-bd636470bc11
e12ddf7c-9fd0-4c0f-982a-7241e18d9bed,Risk_Assessment_7507_24032026,1700,7f0fba07-98d8-417f-aa6b-aa1fb510a844,,,Assets,20,AUTO,Under Review,,,,,,,https://Assessment/Assessment/e12ddf7c-9fd0-4c0f-982a-7241e18d9bed,Antarctica/South_Pole,OTAuto02,b99df4a4-2bf5-4c08-9483-bd636470bc11,b99df4a4-2bf5-4c08-9483-bd636470bc11
65e365d3-026e-47c3-8c16-f23cd0d3ebe4,Automated_Assessment_759224032026_1,1738,bdec117a-70a9-4f9e-91be-ddd5f40eb60f,,,Assets,20,AUTO,Completed,2026-03-25T06:38:21.000+00:00,2026-03-25,2026,March,03,Quarter 1,https://Assessment/Assessment/65e365d3-026e-47c3-8c16-f23cd0d3ebe4,Antarctica/South_Pole,OTAuto02,b99df4a4-2bf5-4c08-9483-bd636470bc11,b99df4a4-2bf5-4c08-9483-bd636470bc11
85230ca5-7da9-4ace-9163-4beded39e80f,Automated_Assessment_7591_24032026_1,1728,541542b2-3bfc-4bbb-b675-2fbe78dd20d3,,,Assets,20,AUTO,Completed,2026-03-25T06:35:06.000+00:00,2026-03-25,2026,March,03,Quarter 1,https://Assessment/Assessment/85230ca5-7da9-4ace-9163-4beded39e80f,Antarctica/South_Pole,OTAuto02,b99df4a4-2bf5-4c08-9483-bd636470bc11,b99df4a4-2bf5-4c08-9483-bd636470bc11
6e2673ee-bf24-4c91-b93b-4f3aef3e54ef,automated_assessment_40643_8230019,1768,22bf4356-41b7-482d-9e88-546c5c97ec6f,,,Assets,20,PRIMARY_PURPOSE,Not Started,,,,,,,https://Assessment/Assessment/6e2673ee-bf24-4c91-b93b-4f3aef3e54ef,Antarctica/South_Pole,OTAuto02,b99df4a4-2bf5-4c08-9483-bd636470bc11,b99df4a4-2bf5-4c08-9483-bd636470bc11
828a2a29-d32a-4b98-a5f3-45290dfa201d,Automated_Assessment_8190218,1749,7c1ff5ee-dbfb-4a33-bdeb-a852dca86af0,,,Assets,20,PRIMARY_PURPOSE,Not Started,,,,,,,https://Assessment/Assessment/828a2a29-d32a-4b98-a5f3-45290dfa201d,Antarctica/South_Pole,OTAuto02,b99df4a4-2bf5-4c08-9483-bd636470bc11,b99df4a4-2bf5-4c08-9483-bd636470bc11
d7956c68-e429-42be-895d-f83daaf0a273,automation_project_36427_24032026,1755,35d414fb-6672-4ff9-8dde-dd60d6cf2ef3,,,Assets,20,AUTO,Under Review,,,,,,,https://Assessment/Assessment/d7956c68-e429-42be-895d-f83daaf0a273,Antarctica/South_Pole,OTAuto02,b99df4a4-2bf5-4c08-9483-bd636470bc11,b99df4a4-2bf5-4c08-9483-bd636470bc11
e069617f-d2b0-4a47-8af0-5e1d205e8680,Assessment_8835643,1736,5ed27049-6918-4cdf-ac2d-10aba237a7ab,,,Assets,20,AUTO,Under Review,,,,,,,https://Assessment/Assessment/e069617f-d2b0-4a47-8af0-5e1d205e8680,Antarctica/South_Pole,OTAuto02,b99df4a4-2bf5-4c08-9483-bd636470bc11,b99df4a4-2bf5-4c08-9483-bd636470bc11
4c5fe4fc-e6a3-43af-b5f3-d44f9fadfae4,!PA-1_4741197 - automation_template_4741197,1779,85ffc397-9e8c-4221-98b7-502e3743c577,,,Processing Activities,30,PRIMARY_PURPOSE,Not Started,,,,,,,https://Assessment/Assessment/4c5fe4fc-e6a3-43af-b5f3-d44f9fadfae4,Antarctica/South_Pole,OTAuto02,b99df4a4-2bf5-4c08-9483-bd636470bc11,b99df4a4-2bf5-4c08-9483-bd636470bc11
6401a97f-b278-4e76-907f-eb6b33ca323a,Automated_Assessment_02_4744_24032026,1791,f14ce875-1276-4e37-a4c1-0b36ad065f69,,,Assets,20,PRIMARY_PURPOSE,Not Started,,,,,,,https://Assessment/Assessment/6401a97f-b278-4e76-907f-eb6b33ca323a,Antarctica/South_Pole,OTAuto02,b99df4a4-2bf5-4c08-9483-bd636470bc11,b99df4a4-2bf5-4c08-9483-bd636470bc11
02ebf1df-3cba-40bf-bc63-c12355818a81,automation_project_42832_2308669,1777,e759297e-50e2-4751-87f1-9808dbb71c5b,,,Processing Activities,30,AUTO,Completed,2026-03-25T06:47:54.000+00:00,2026-03-25,2026,March,03,Quarter 1,https://Assessment/Assessment/02ebf1df-3cba-40bf-bc63-c12355818a81,Antarctica/South_Pole,OTAuto02,b99df4a4-2bf5-4c08-9483-bd636470bc11,b99df4a4-2bf5-4c08-9483-bd636470bc11
11ded774-a33a-4440-9b5a-ec0a1e7d2f69,Automated_Assessment_7180_24032026,1769,a66ad799-a9de-4be6-a8f2-484c15647726,,,Processing Activities,30,AUTO,Under Review,,,,,,,https://Assessment/Assessment/11ded774-a33a-4440-9b5a-ec0a1e7d2f69,Antarctica/South_Pole,OTAuto02,b99df4a4-2bf5-4c08-9483-bd636470bc11,b99df4a4-2bf5-4c08-9483-bd636470bc11
021f10ef-0520-42c1-b0a8-2856f3f31b63,Automated_Assessment_68587_2346857,1782,c407d184-ec8c-46d7-aa4b-2f11ea16a475,,,Assets,20,PRIMARY_PURPOSE,In Progress,,,,,,,https://Assessment/Assessment/021f10ef-0520-42c1-b0a8-2856f3f31b63,Antarctica/South_Pole,OTAuto02,b99df4a4-2bf5-4c08-9483-bd636470bc11,b99df4a4-2bf5-4c08-9483-bd636470bc11
8915dbdc-c1f5-49bf-a5fb-7b2d222d6fe5,automation_project_42831_7344200,1761,e1dcf254-3853-47ed-855a-19c9908cd49e,,,Vendors,50,AUTO,Completed,2026-03-25T06:45:04.000+00:00,2026-03-25,2026,March,03,Quarter 1,https://Assessment/Assessment/8915dbdc-c1f5-49bf-a5fb-7b2d222d6fe5,Antarctica/South_Pole,OTAuto02,b99df4a4-2bf5-4c08-9483-bd636470bc11,b99df4a4-2bf5-4c08-9483-bd636470bc11
05e57daf-b662-4386-a5b1-efa857423cf1,Automated_Assessment_7608_24032026,1804,81c55452-5336-4ea4-8666-cb8c05b16550,,,Assets,20,AUTO,Under Review,,,,,,,https://Assessment/Assessment/05e57daf-b662-4386-a5b1-efa857423cf1,Antarctica/South_Pole,OTAuto02,b99df4a4-2bf5-4c08-9483-bd636470bc11,b99df4a4-2bf5-4c08-9483-bd636470bc11
15f2828e-5a68-4db1-8d41-826045056756,Automated_Assessment_7607_24032026,1819,998988b1-14bf-4961-9303-75680a76e0a2,,,Assets,20,AUTO,Under Review,,,,,,,https://Assessment/Assessment/15f2828e-5a68-4db1-8d41-826045056756,Antarctica/South_Pole,OTAuto02,b99df4a4-2bf5-4c08-9483-bd636470bc11,b99df4a4-2bf5-4c08-9483-bd636470bc11
460a3dd1-fcfe-4895-9356-2c7cf40c01c8,automation_project_42837_2788593,1793,fbae58c0-b7ec-4001-96f6-793ebf379c4a,,,Vendors,50,AUTO,Completed,2026-03-25T06:53:10.000+00:00,2026-03-25,2026,March,03,Quarter 1,https://Assessment/Assessment/460a3dd1-fcfe-4895-9356-2c7cf40c01c8,Antarctica/South_Pole,OTAuto02,b99df4a4-2bf5-4c08-9483-bd636470bc11,b99df4a4-2bf5-4c08-9483-bd636470bc11
0c040c53-1991-4ef8-a8f1-022d380ac751,automated_assessment_5292652 - Template_5292652,1829,400597d4-8832-4249-8cb0-85fc2a318be4,,,Assets,20,PRIMARY_PURPOSE,Not Started,,,,,,,https://Assessment/Assessment/0c040c53-1991-4ef8-a8f1-022d380ac751,Antarctica/South_Pole,OTAuto02,b99df4a4-2bf5-4c08-9483-bd636470bc11,b99df4a4-2bf5-4c08-9483-bd636470bc11
2e03eac3-b7ab-45e8-b67c-84efbd462f90,automated_assessment_5292652,1827,400597d4-8832-4249-8cb0-85fc2a318be4,,,Assets,20,PRIMARY_PURPOSE,Completed,2026-03-25T06:55:29.000+00:00,2026-03-25,2026,March,03,Quarter 1,https://Assessment/Assessment/2e03eac3-b7ab-45e8-b67c-84efbd462f90,Antarctica/South_Pole,OTAuto02,b99df4a4-2bf5-4c08-9483-bd636470bc11,b99df4a4-2bf5-4c08-9483-bd636470bc11
3141e2b2-3baf-441d-b5e1-365ce0e02c09,Assessment_41139_3488192,2003,44baebd0-cf46-46c8-be33-aa936596edf5,,,Processing Activities,30,AUTO,Completed,2026-03-25T07:44:43.000+00:00,2026-03-25,2026,March,03,Quarter 1,https://Assessment/Assessment/3141e2b2-3baf-441d-b5e1-365ce0e02c09,Antarctica/South_Pole,OTAuto02,b99df4a4-2bf5-4c08-9483-bd636470bc11,b99df4a4-2bf5-4c08-9483-bd636470bc11
3141e2b2-3baf-441d-b5e1-365ce0e02c09,Assessment_41139_3488192,2003,84115316-e562-49cc-b7b1-3eb078936a89,,,Assets,20,AUTO,Completed,2026-03-25T07:44:43.000+00:00,2026-03-25,2026,March,03,Quarter 1,https://Assessment/Assessment/3141e2b2-3baf-441d-b5e1-365ce0e02c09,Antarctica/South_Pole,OTAuto02,b99df4a4-2bf5-4c08-9483-bd636470bc11,b99df4a4-2bf5-4c08-9483-bd636470bc11
5d83c980-22cc-4fd7-93cd-d25aa39b0bcb,asset_7000724 - automation_template_7000724,1903,5a0821e1-763f-449d-a225-3f6e8a9f7d1c,,,Assets,20,PRIMARY_PURPOSE,Not Started,,,,,,,https://Assessment/Assessment/5d83c980-22cc-4fd7-93cd-d25aa39b0bcb,Antarctica/South_Pole,OTAuto02,b99df4a4-2bf5-4c08-9483-bd636470bc11,b99df4a4-2bf5-4c08-9483-bd636470bc11
6880f10a-aacb-4ab3-a488-6085a2801680,automation_project_42843_7572993,1958,da569f1f-4ec5-4711-b3b1-8ad0cc3af9e8,,,Vendors,50,AUTO,Completed,2026-03-25T07:30:36.000+00:00,2026-03-25,2026,March,03,Quarter 1,https://Assessment/Assessment/6880f10a-aacb-4ab3-a488-6085a2801680,Antarctica/South_Pole,OTAuto02,b99df4a4-2bf5-4c08-9483-bd636470bc11,b99df4a4-2bf5-4c08-9483-bd636470bc11
6880f10a-aacb-4ab3-a488-6085a2801680,automation_project_42843_7572993,1958,b2f815db-3b5c-4f75-ae00-4e70969dc7d5,,,Vendors,50,AUTO,Completed,2026-03-25T07:30:36.000+00:00,2026-03-25,2026,March,03,Quarter 1,https://Assessment/Assessment/6880f10a-aacb-4ab3-a488-6085a2801680,Antarctica/South_Pole,OTAuto02,b99df4a4-2bf5-4c08-9483-bd636470bc11,b99df4a4-2bf5-4c08-9483-bd636470bc11
6a7cd20b-ea05-4d50-98af-1a06a38097f9,assessment_43465_887261,1911,a66a89d7-2180-48dd-9aed-27bd07fe8e1f,,,Assets,20,AUTO,Completed,2026-03-25T07:15:35.000+00:00,2026-03-25,2026,March,03,Quarter 1,https://Assessment/Assessment/6a7cd20b-ea05-4d50-98af-1a06a38097f9,Antarctica/South_Pole,OTAuto02,b99df4a4-2bf5-4c08-9483-bd636470bc11,b99df4a4-2bf5-4c08-9483-bd636470bc11
951c350e-e501-4f82-8889-f5f93d5735d0,assessment_1174_24032026,1883,af5c4876-4695-4bbd-a4de-7ea2045b6d9c,,,Assets,20,AUTO,Under Review,,,,,,,https://Assessment/Assessment/951c350e-e501-4f82-8889-f5f93d5735d0,Antarctica/South_Pole,OTAuto02,b99df4a4-2bf5-4c08-9483-bd636470bc11,b99df4a4-2bf5-4c08-9483-bd636470bc11
99aa1078-ec41-46b3-a909-c97d94213fc7,assessment_5411226,2025,b8140720-3c5f-4488-bbee-21de5ae39952,,,Assets,20,PRIMARY_PURPOSE,In Progress,,,,,,,https://Assessment/Assessment/99aa1078-ec41-46b3-a909-c97d94213fc7,Antarctica/South_Pole,OTAuto02,b99df4a4-2bf5-4c08-9483-bd636470bc11,b99df4a4-2bf5-4c08-9483-bd636470bc11
baeaf219-900c-40a1-a42d-c2d73971a51d,assessment_43465_6453683,1902,a585b3e3-1c70-4bbb-81ff-53e906a5eb5a,,,Processing Activities,30,AUTO,Completed,2026-03-25T07:12:25.000+00:00,2026-03-25,2026,March,03,Quarter 1,https://Assessment/Assessment/baeaf219-900c-40a1-a42d-c2d73971a51d,Antarctica/South_Pole,OTAuto02,b99df4a4-2bf5-4c08-9483-bd636470bc11,b99df4a4-2bf5-4c08-9483-bd636470bc11
c5a9caf6-bb5c-44b6-9441-53cb0c529af3,assessment_39526_2_24032026,1899,e8e4e84e-3967-4c89-9ba3-147f1c54d09c,,,Processing Activities,30,AUTO,Completed,2026-03-25T07:12:37.000+00:00,2026-03-25,2026,March,03,Quarter 1,https://Assessment/Assessment/c5a9caf6-bb5c-44b6-9441-53cb0c529af3,Antarctica/South_Pole,OTAuto02,b99df4a4-2bf5-4c08-9483-bd636470bc11,b99df4a4-2bf5-4c08-9483-bd636470bc11
c5a9caf6-bb5c-44b6-9441-53cb0c529af3,assessment_39526_2_24032026,1899,af4e18f8-fde0-429d-95f7-f40a043591b8,,,Assets,20,AUTO,Completed,2026-03-25T07:12:37.000+00:00,2026-03-25,2026,March,03,Quarter 1,https://Assessment/Assessment/c5a9caf6-bb5c-44b6-9441-53cb0c529af3,Antarctica/South_Pole,OTAuto02,b99df4a4-2bf5-4c08-9483-bd636470bc11,b99df4a4-2bf5-4c08-9483-bd636470bc11
1b8d1555-d579-4042-9342-3da6525131f7,automation_project_42840_5562716,2060,b57f67c3-d755-4ad9-a1b4-59a4a768a24f,,,Assets,20,AUTO,Completed,2026-03-25T08:03:41.000+00:00,2026-03-25,2026,March,03,Quarter 1,https://Assessment/Assessment/1b8d1555-d579-4042-9342-3da6525131f7,Antarctica/South_Pole,OTAuto02,b99df4a4-2bf5-4c08-9483-bd636470bc11,b99df4a4-2bf5-4c08-9483-bd636470bc11
2c92a8ab-c7ce-418e-91a6-6b22b6161400,vendor_123_24032026 - automation_template_2694199,2037,14afd2e9-af53-4de5-aa9d-8063f32f9519,,,Vendors,50,PRIMARY_PURPOSE,Not Started,,,,,,,https://Assessment/Assessment/2c92a8ab-c7ce-418e-91a6-6b22b6161400,Antarctica/South_Pole,OTAuto02,b99df4a4-2bf5-4c08-9483-bd636470bc11,b99df4a4-2bf5-4c08-9483-bd636470bc11
f8320335-1580-468b-8575-9602a9c394e0,vendor_858464 - automation_template_2694199,2038,60d685c0-7a51-4589-8d32-9cb38802c237,,,Vendors,50,PRIMARY_PURPOSE,Not Started,,,,,,,https://Assessment/Assessment/f8320335-1580-468b-8575-9602a9c394e0,Antarctica/South_Pole,OTAuto02,b99df4a4-2bf5-4c08-9483-bd636470bc11,b99df4a4-2bf5-4c08-9483-bd636470bc11
244b3ca5-81e7-44f9-a009-0eacd0b99f8f,vendor_9590410 - automation_template_2694199,2035,2efb35e2-e933-427b-81d4-0a0ff983591b,,,Vendors,50,PRIMARY_PURPOSE,Not Started,,,,,,,https://Assessment/Assessment/244b3ca5-81e7-44f9-a009-0eacd0b99f8f,Antarctica/South_Pole,OTAuto02,b99df4a4-2bf5-4c08-9483-bd636470bc11,b99df4a4-2bf5-4c08-9483-bd636470bc11
4fb4554a-e884-4d25-abd6-5acc55e1bff5,vendor_2694199 - automation_template_2694199,2033,9d307b50-455e-443d-b38f-e8913c1cfa3f,,,Vendors,50,PRIMARY_PURPOSE,Not Started,,,,,,,https://Assessment/Assessment/4fb4554a-e884-4d25-abd6-5acc55e1bff5,Antarctica/South_Pole,OTAuto02,b99df4a4-2bf5-4c08-9483-bd636470bc11,b99df4a4-2bf5-4c08-9483-bd636470bc11
1b8d1555-d579-4042-9342-3da6525131f7,automation_project_42840_5562716,2060,6730aba8-eab2-4fc1-880f-840696df6582,,,Assets,20,AUTO,Completed,2026-03-25T08:03:41.000+00:00,2026-03-25,2026,March,03,Quarter 1,https://Assessment/Assessment/1b8d1555-d579-4042-9342-3da6525131f7,Antarctica/South_Pole,OTAuto02,b99df4a4-2bf5-4c08-9483-bd636470bc11,b99df4a4-2bf5-4c08-9483-bd636470bc11
2a724df8-7982-45b5-9689-a2be7253360f,assessmentExportResponses_3088056,2046,e85ab038-7cee-4c5a-9f35-d04822f9fc6c,,,Assets,20,PRIMARY_PURPOSE,Under Review,,,,,,,https://Assessment/Assessment/2a724df8-7982-45b5-9689-a2be7253360f,Antarctica/South_Pole,OTAuto02,b99df4a4-2bf5-4c08-9483-bd636470bc11,b99df4a4-2bf5-4c08-9483-bd636470bc11
9a15cb50-1bdc-4605-a2e3-f7e038cabca0,vendor1_24032026 - automation_template_2694199,2034,7f0d50af-efad-4234-bbcb-4eaf6411afa0,,,Vendors,50,PRIMARY_PURPOSE,Not Started,,,,,,,https://Assessment/Assessment/9a15cb50-1bdc-4605-a2e3-f7e038cabca0,Antarctica/South_Pole,OTAuto02,b99df4a4-2bf5-4c08-9483-bd636470bc11,b99df4a4-2bf5-4c08-9483-bd636470bc11
6af4c94b-be4d-4713-9355-63dd98bf236c,vendor_3412216 - automation_template_2694199,2032,3433e222-199c-4925-abe7-4a9d493b45bd,,,Vendors,50,PRIMARY_PURPOSE,Not Started,,,,,,,https://Assessment/Assessment/6af4c94b-be4d-4713-9355-63dd98bf236c,Antarctica/South_Pole,OTAuto02,b99df4a4-2bf5-4c08-9483-bd636470bc11,b99df4a4-2bf5-4c08-9483-bd636470bc11
b97ab55c-aea9-412b-949d-0b81b57b4239,vendor_75_24032026 - automation_template_2694199,2036,c5ca91a1-cbc9-4f38-ae7e-cf89adb0ed8b,,,Vendors,50,PRIMARY_PURPOSE,Not Started,,,,,,,https://Assessment/Assessment/b97ab55c-aea9-412b-949d-0b81b57b4239,Antarctica/South_Pole,OTAuto02,b99df4a4-2bf5-4c08-9483-bd636470bc11,b99df4a4-2bf5-4c08-9483-bd636470bc11
a9d794c1-c628-49ea-9f5f-e4b1b3f6375a,automation_project_78083_9339183,2045,31f82492-d148-4b44-ab66-7041f58853ec,,,Assets,20,PRIMARY_PURPOSE,Not Started,,,,,,,https://Assessment/Assessment/a9d794c1-c628-49ea-9f5f-e4b1b3f6375a,Antarctica/South_Pole,OTAuto02,b99df4a4-2bf5-4c08-9483-bd636470bc11,b99df4a4-2bf5-4c08-9483-bd636470bc11
e22b0a60-af16-49eb-88e9-b738fc4279d0,automation_assessment_5798706,2099,ee72f230-84a0-4488-b077-55547462f56d,,,Processing Activities,30,PRIMARY_PURPOSE,Completed,2026-03-25T08:14:04.000+00:00,2026-03-25,2026,March,03,Quarter 1,https://Assessment/Assessment/e22b0a60-af16-49eb-88e9-b738fc4279d0,Antarctica/South_Pole,OTAuto02,b99df4a4-2bf5-4c08-9483-bd636470bc11,b99df4a4-2bf5-4c08-9483-bd636470bc11
a4b0b344-5a8b-4c6a-bcb7-5c52628d8628,assessment_43642_7730700,2121,ca715a93-1970-4b4b-bad0-29ad7eb52b50,,,Processing Activities,30,AUTO,Completed,2026-03-25T08:18:32.000+00:00,2026-03-25,2026,March,03,Quarter 1,https://Assessment/Assessment/a4b0b344-5a8b-4c6a-bcb7-5c52628d8628,Antarctica/South_Pole,OTAuto02,b99df4a4-2bf5-4c08-9483-bd636470bc11,b99df4a4-2bf5-4c08-9483-bd636470bc11
c1d68e81-da3b-402a-b396-67e9e7ff7c26,automation_project_42830_681270,2061,335ed262-dd86-496e-979a-545c654d16f5,,,Assets,20,AUTO,Completed,2026-03-25T08:05:10.000+00:00,2026-03-25,2026,March,03,Quarter 1,https://Assessment/Assessment/c1d68e81-da3b-402a-b396-67e9e7ff7c26,Antarctica/South_Pole,OTAuto02,b99df4a4-2bf5-4c08-9483-bd636470bc11,b99df4a4-2bf5-4c08-9483-bd636470bc11
39d7b26e-cc54-4c93-aafa-4a3006a9aaa1,automation_project_42836_6367177,2084,644b9557-3b7b-4530-a990-620f98ac057f,,,Assets,20,AUTO,Completed,2026-03-25T08:13:57.000+00:00,2026-03-25,2026,March,03,Quarter 1,https://Assessment/Assessment/39d7b26e-cc54-4c93-aafa-4a3006a9aaa1,Antarctica/South_Pole,OTAuto02,b99df4a4-2bf5-4c08-9483-bd636470bc11,b99df4a4-2bf5-4c08-9483-bd636470bc11
28448baf-c55b-4052-ba25-4e0a36b09a80,assessment_9365080,2213,5bb60a47-7451-4055-96ed-4cfda3430c79,,,Assets,20,AUTO,Completed,2026-03-25T08:40:01.000+00:00,2026-03-25,2026,March,03,Quarter 1,https://Assessment/Assessment/28448baf-c55b-4052-ba25-4e0a36b09a80,Antarctica/South_Pole,OTAuto02,b99df4a4-2bf5-4c08-9483-bd636470bc11,b99df4a4-2bf5-4c08-9483-bd636470bc11
396921ae-1fda-4c2d-a406-88f3c7a665c9,automation_project_42838_6012391,2259,0672d24a-cb91-4550-837c-48a2ad13c33a,,,Processing Activities,30,AUTO,Completed,2026-03-25T08:51:00.000+00:00,2026-03-25,2026,March,03,Quarter 1,https://Assessment/Assessment/396921ae-1fda-4c2d-a406-88f3c7a665c9,Antarctica/South_Pole,OTAuto02,b99df4a4-2bf5-4c08-9483-bd636470bc11,b99df4a4-2bf5-4c08-9483-bd636470bc11
b97884df-5f19-41c8-8f2a-4c6b505d0671,asset_41165_01_982754,2253,fc5a35bb-c6a4-437f-a9a7-b3ceab427076,,,Assets,20,PRIMARY_PURPOSE,Completed,2026-03-25T08:45:41.000+00:00,2026-03-25,2026,March,03,Quarter 1,https://Assessment/Assessment/b97884df-5f19-41c8-8f2a-4c6b505d0671,Antarctica/South_Pole,OTAuto02,b99df4a4-2bf5-4c08-9483-bd636470bc11,b99df4a4-2bf5-4c08-9483-bd636470bc11
c41ccb63-02c7-4486-b8ee-2dd7ff1b5bc5,assessment_43465_2539967,2280,81b2e60b-5606-4b5b-96bc-aabd12906000,,,Assets,20,AUTO,Completed,2026-03-25T08:52:41.000+00:00,2026-03-25,2026,March,03,Quarter 1,https://Assessment/Assessment/c41ccb63-02c7-4486-b8ee-2dd7ff1b5bc5,Antarctica/South_Pole,OTAuto02,b99df4a4-2bf5-4c08-9483-bd636470bc11,b99df4a4-2bf5-4c08-9483-bd636470bc11
ec81bfb0-9e02-41d6-b1d4-4e7ca6e61717,processing-activities_41140_9495686,2287,b9b84907-16a9-4bcc-ab95-5ee17de8734f,,,Processing Activities,30,PRIMARY_PURPOSE,Completed,2026-03-25T08:55:19.000+00:00,2026-03-25,2026,March,03,Quarter 1,https://Assessment/Assessment/ec81bfb0-9e02-41d6-b1d4-4e7ca6e61717,Antarctica/South_Pole,OTAuto02,b99df4a4-2bf5-4c08-9483-bd636470bc11,b99df4a4-2bf5-4c08-9483-bd636470bc11
4e7d128c-b310-44d3-b05a-72e29c6d4779,assessment_3389809,2294,0de3856a-6cdb-4146-9a73-142cf19d9a0a,,,Assets,20,AUTO,Completed,2026-03-25T08:59:26.000+00:00,2026-03-25,2026,March,03,Quarter 1,https://Assessment/Assessment/4e7d128c-b310-44d3-b05a-72e29c6d4779,Antarctica/South_Pole,OTAuto02,b99df4a4-2bf5-4c08-9483-bd636470bc11,b99df4a4-2bf5-4c08-9483-bd636470bc11
092a829f-40e1-4445-b4b8-4092a98b799d,assessment_6918470,2282,a602183f-93e3-4002-b304-1aee8da9108a,,,Assets,20,AUTO,Completed,2026-03-25T08:56:05.000+00:00,2026-03-25,2026,March,03,Quarter 1,https://Assessment/Assessment/092a829f-40e1-4445-b4b8-4092a98b799d,Antarctica/South_Pole,OTAuto02,b99df4a4-2bf5-4c08-9483-bd636470bc11,b99df4a4-2bf5-4c08-9483-bd636470bc11
6062e452-2d2e-4e97-8e13-fbb4a0cee21d,Automated_assessment_2627769,2333,e12d1719-cd8e-4bc3-b46d-e067a86b87d0,,,Processing Activities,30,AUTO,Completed,2026-03-25T09:11:41.000+00:00,2026-03-25,2026,March,03,Quarter 1,https://Assessment/Assessment/6062e452-2d2e-4e97-8e13-fbb4a0cee21d,Antarctica/South_Pole,OTAuto02,b99df4a4-2bf5-4c08-9483-bd636470bc11,b99df4a4-2bf5-4c08-9483-bd636470bc11
33cf3e09-b17f-4752-b88e-9cfcfcae4896,automation_assessment_8615663,2369,8f77d761-f5b1-4cd3-8d39-2976d77f7075,,,Entities,60,PRIMARY_PURPOSE,Not Started,,,,,,,https://Assessment/Assessment/33cf3e09-b17f-4752-b88e-9cfcfcae4896,Antarctica/South_Pole,OTAuto02,b99df4a4-2bf5-4c08-9483-bd636470bc11,b99df4a4-2bf5-4c08-9483-bd636470bc11
3e4e9da3-a893-4c39-a048-d7ca0484cbb9,assessment_5993015,2344,d0b54a8f-f421-4efa-b76e-bb626ba1fa15,,,Assets,20,PRIMARY_PURPOSE,Completed,2026-03-25T09:17:51.000+00:00,2026-03-25,2026,March,03,Quarter 1,https://Assessment/Assessment/3e4e9da3-a893-4c39-a048-d7ca0484cbb9,Antarctica/South_Pole,OTAuto02,b99df4a4-2bf5-4c08-9483-bd636470bc11,b99df4a4-2bf5-4c08-9483-bd636470bc11
4ef49e4e-b7b7-4e3c-a57b-c8f40f9e98b1,assessment_1_7212100,2391,c847a47a-9cbf-46d4-b67f-39d848c00992,,,Assets,20,PRIMARY_PURPOSE,Not Started,,,,,,,https://Assessment/Assessment/4ef49e4e-b7b7-4e3c-a57b-c8f40f9e98b1,Antarctica/South_Pole,OTAuto02,b99df4a4-2bf5-4c08-9483-bd636470bc11,b99df4a4-2bf5-4c08-9483-bd636470bc11
b56c2f29-fb43-4dab-a6a2-143790ed2d3b,assessment_2_3766628,2377,aa8bcd2e-7d33-4a9b-9674-ba1878a1214e,,,Assets,20,PRIMARY_PURPOSE,Not Started,,,,,,,https://Assessment/Assessment/b56c2f29-fb43-4dab-a6a2-143790ed2d3b,Antarctica/South_Pole,OTAuto02,b99df4a4-2bf5-4c08-9483-bd636470bc11,b99df4a4-2bf5-4c08-9483-bd636470bc11
887fd384-e5fc-41a1-9604-050e08885867,assessment_2_7212100,2392,9b4b5740-4638-45e1-b809-9de9ad26c8e7,,,Assets,20,PRIMARY_PURPOSE,Not Started,,,,,,,https://Assessment/Assessment/887fd384-e5fc-41a1-9604-050e08885867,Antarctica/South_Pole,OTAuto02,b99df4a4-2bf5-4c08-9483-bd636470bc11,b99df4a4-2bf5-4c08-9483-bd636470bc11
e70cbf73-2cb0-4cc6-93fe-5ce7b26ec4ed,automated_assessment_Bulk_1_4817643,2396,02c76556-d8f5-4794-bc96-3f1d0b332b27,,,Assets,20,PRIMARY_PURPOSE,In Progress,,,,,,,https://Assessment/Assessment/e70cbf73-2cb0-4cc6-93fe-5ce7b26ec4ed,Antarctica/South_Pole,OTAuto02,b99df4a4-2bf5-4c08-9483-bd636470bc11,b99df4a4-2bf5-4c08-9483-bd636470bc11
f2255d79-7774-4b3e-b7b4-625dd12309ee,assessment_43642_8826673,2346,add2fc1f-3890-41fb-af84-598d5a99e1ad,,,Processing Activities,30,AUTO,Completed,2026-03-25T09:16:56.000+00:00,2026-03-25,2026,March,03,Quarter 1,https://Assessment/Assessment/f2255d79-7774-4b3e-b7b4-625dd12309ee,Antarctica/South_Pole,OTAuto02,b99df4a4-2bf5-4c08-9483-bd636470bc11,b99df4a4-2bf5-4c08-9483-bd636470bc11
909b5d0e-39c7-4b35-993a-14c95eff900a,assessment_1_3766628,2376,f23c8283-f24b-4ac5-a6e3-a9b8c6f585f4,,,Assets,20,PRIMARY_PURPOSE,Completed,2026-03-25T09:24:45.000+00:00,2026-03-25,2026,March,03,Quarter 1,https://Assessment/Assessment/909b5d0e-39c7-4b35-993a-14c95eff900a,Antarctica/South_Pole,OTAuto02,b99df4a4-2bf5-4c08-9483-bd636470bc11,b99df4a4-2bf5-4c08-9483-bd636470bc11
460f0945-8479-4394-896d-763ef233a229,automated_assessment_40683_6622916,2423,b645fe42-e730-48ad-bc7b-cb7fc92e292d,,,Vendors,50,PRIMARY_PURPOSE,Not Started,,,,,,,https://Assessment/Assessment/460f0945-8479-4394-896d-763ef233a229,Antarctica/South_Pole,OTAuto02,b99df4a4-2bf5-4c08-9483-bd636470bc11,b99df4a4-2bf5-4c08-9483-bd636470bc11
4836686e-83ab-47ef-b258-2f65668529e1,automation_project_42844_3902618,2487,1cd1f4f7-1201-4781-85d6-f4fb1e358c46,,,Processing Activities,30,AUTO,Completed,2026-03-25T09:55:38.000+00:00,2026-03-25,2026,March,03,Quarter 1,https://Assessment/Assessment/4836686e-83ab-47ef-b258-2f65668529e1,Antarctica/South_Pole,OTAuto02,b99df4a4-2bf5-4c08-9483-bd636470bc11,b99df4a4-2bf5-4c08-9483-bd636470bc11
7a791ce6-e5bf-48df-894d-2e1d9aa439d2,Inventory_Assessment_8641828,2470,c29ed0bd-3715-4fef-891a-154da492cc9e,,,Assets,20,AUTO,Under Review,,,,,,,https://Assessment/Assessment/7a791ce6-e5bf-48df-894d-2e1d9aa439d2,Antarctica/South_Pole,OTAuto02,b99df4a4-2bf5-4c08-9483-bd636470bc11,b99df4a4-2bf5-4c08-9483-bd636470bc11
4836686e-83ab-47ef-b258-2f65668529e1,automation_project_42844_3902618,2487,9629ebff-f0b9-4bb9-ae18-3b4b534648e9,,,Processing Activities,30,AUTO,Completed,2026-03-25T09:55:38.000+00:00,2026-03-25,2026,March,03,Quarter 1,https://Assessment/Assessment/4836686e-83ab-47ef-b258-2f65668529e1,Antarctica/South_Pole,OTAuto02,b99df4a4-2bf5-4c08-9483-bd636470bc11,b99df4a4-2bf5-4c08-9483-bd636470bc11
2de17b3a-47d3-46a3-b377-8788a83401a9,automation_template_1482994_Assessment,2989,04fa8c86-1fee-44ce-bce2-b83acc5f08a1,,,Vendors,50,PRIMARY_PURPOSE,Under Review,,,,,,,https://Assessment/Assessment/2de17b3a-47d3-46a3-b377-8788a83401a9,Antarctica/South_Pole,OTAuto02,b99df4a4-2bf5-4c08-9483-bd636470bc11,b99df4a4-2bf5-4c08-9483-bd636470bc11
3afef51e-1d24-4d78-8690-097552dcd883,Assessment_5820889,3003,17db01da-f4da-4bcc-a7d7-62949ab13a16,,,Vendors,50,PRIMARY_PURPOSE,Under Review,,,,,,,https://Assessment/Assessment/3afef51e-1d24-4d78-8690-097552dcd883,Antarctica/South_Pole,OTAuto02,b99df4a4-2bf5-4c08-9483-bd636470bc11,b99df4a4-2bf5-4c08-9483-bd636470bc11
4b6813ad-f095-4c89-a0d0-acc486135177,assessment_1552809,2988,38eef9ed-5935-47e4-a5fc-0767d1c4a8a9,,,Vendors,50,AUTO,Completed,2026-03-25T14:23:41.000+00:00,2026-03-25,2026,March,03,Quarter 1,https://Assessment/Assessment/4b6813ad-f095-4c89-a0d0-acc486135177,Antarctica/South_Pole,OTAuto02,b99df4a4-2bf5-4c08-9483-bd636470bc11,b99df4a4-2bf5-4c08-9483-bd636470bc11
4f7de351-bd80-47a2-b990-b5709cf5db2b,Inventory_Assessment_3142142,2998,6075e84a-0399-4ee8-af4e-ae74986aa053,,,Vendors,50,PRIMARY_PURPOSE,Not Started,,,,,,,https://Assessment/Assessment/4f7de351-bd80-47a2-b990-b5709cf5db2b,Antarctica/South_Pole,OTAuto02,b99df4a4-2bf5-4c08-9483-bd636470bc11,b99df4a4-2bf5-4c08-9483-bd636470bc11
5dcd6d95-4097-404f-9572-02951feb8e4c,v_3338381 - t_3338381,3007,66754386-a9a6-4dfb-b2bd-1b5e50f256db,,,Vendors,50,PRIMARY_PURPOSE,Not Started,,,,,,,https://Assessment/Assessment/5dcd6d95-4097-404f-9572-02951feb8e4c,Antarctica/South_Pole,OTAuto02,b99df4a4-2bf5-4c08-9483-bd636470bc11,b99df4a4-2bf5-4c08-9483-bd636470bc11
6d59a3e3-8188-4dd6-b96f-000302814911,a_1317519,2996,c80aa849-e782-4b5b-9a59-4a47067a3c4d,,,Vendors,50,PRIMARY_PURPOSE,Under Review,,,,,,,https://Assessment/Assessment/6d59a3e3-8188-4dd6-b96f-000302814911,Antarctica/South_Pole,OTAuto02,b99df4a4-2bf5-4c08-9483-bd636470bc11,b99df4a4-2bf5-4c08-9483-bd636470bc11
773dafc1-a6fc-4750-bb30-fceaa67d43cc,asset_77876_local_666215,2985,9dc38bf7-8995-4015-944b-6cdb12b05b88,,,Assets,20,PRIMARY_PURPOSE,Completed,2026-03-25T14:21:19.000+00:00,2026-03-25,2026,March,03,Quarter 1,https://Assessment/Assessment/773dafc1-a6fc-4750-bb30-fceaa67d43cc,Antarctica/South_Pole,OTAuto02,b99df4a4-2bf5-4c08-9483-bd636470bc11,b99df4a4-2bf5-4c08-9483-bd636470bc11
78a6c6ab-fa28-41a6-a795-ae467238e458,automation_1_assessment_488189,2991,b66ca2c4-1b38-459c-a4c4-704c137d280d,,,Processing Activities,30,AUTO,Under Review,,,,,,,https://Assessment/Assessment/78a6c6ab-fa28-41a6-a795-ae467238e458,Antarctica/South_Pole,OTAuto02,b99df4a4-2bf5-4c08-9483-bd636470bc11,b99df4a4-2bf5-4c08-9483-bd636470bc11
93e17022-bc5e-45aa-9a3c-963dbcd20489,a_2325601,3004,eb97d0ad-c9b0-417d-b354-368c0b7f5628,,,Vendors,50,PRIMARY_PURPOSE,Not Started,,,,,,,https://Assessment/Assessment/93e17022-bc5e-45aa-9a3c-963dbcd20489,Antarctica/South_Pole,OTAuto02,b99df4a4-2bf5-4c08-9483-bd636470bc11,b99df4a4-2bf5-4c08-9483-bd636470bc11
a73a564c-db25-4e33-807c-4526a50c0864,assesment_23_4129237,3006,1ec93996-b9b6-42fd-bd30-893627cfc4fa,,,Processing Activities,30,AUTO,Completed,2026-03-25T14:38:42.000+00:00,2026-03-25,2026,March,03,Quarter 1,https://Assessment/Assessment/a73a564c-db25-4e33-807c-4526a50c0864,Antarctica/South_Pole,OTAuto02,b99df4a4-2bf5-4c08-9483-bd636470bc11,b99df4a4-2bf5-4c08-9483-bd636470bc11
b56163c8-970e-4db8-a0cd-6ec444dd828b,pa_1_4129237,3008,1ec93996-b9b6-42fd-bd30-893627cfc4fa,,,Processing Activities,30,PRIMARY_PURPOSE,Not Started,,,,,,,https://Assessment/Assessment/b56163c8-970e-4db8-a0cd-6ec444dd828b,Antarctica/South_Pole,OTAuto02,b99df4a4-2bf5-4c08-9483-bd636470bc11,b99df4a4-2bf5-4c08-9483-bd636470bc11
bc64888f-c4a9-44e1-aef8-cd82c6637d05,Engagement_Assessment_8176439,3013,fc65ad0e-16e7-4352-90a3-e78223524985,,,Vendors,50,PRIMARY_PURPOSE,Not Started,,,,,,,https://Assessment/Assessment/bc64888f-c4a9-44e1-aef8-cd82c6637d05,Antarctica/South_Pole,OTAuto02,b99df4a4-2bf5-4c08-9483-bd636470bc11,b99df4a4-2bf5-4c08-9483-bd636470bc11
c2853bc4-c990-4d04-8259-866043ad8beb,pa_77876_local_666215,2986,f0f9ef83-8c52-4155-89f0-a37c83aaeef3,,,Processing Activities,30,PRIMARY_PURPOSE,Completed,2026-03-25T14:21:27.000+00:00,2026-03-25,2026,March,03,Quarter 1,https://Assessment/Assessment/c2853bc4-c990-4d04-8259-866043ad8beb,Antarctica/South_Pole,OTAuto02,b99df4a4-2bf5-4c08-9483-bd636470bc11,b99df4a4-2bf5-4c08-9483-bd636470bc11
ce772f0a-47b4-4009-9f92-ae2e382fe6e2,assessment1_1552809,2995,38eef9ed-5935-47e4-a5fc-0767d1c4a8a9,,,Vendors,50,AUTO,Completed,2026-03-25T14:28:15.000+00:00,2026-03-25,2026,March,03,Quarter 1,https://Assessment/Assessment/ce772f0a-47b4-4009-9f92-ae2e382fe6e2,Antarctica/South_Pole,OTAuto02,b99df4a4-2bf5-4c08-9483-bd636470bc11,b99df4a4-2bf5-4c08-9483-bd636470bc11
21f1ce32-859e-4724-ad61-bf845afc68e4,Inventory_Assessment_1465058,2531,b6ba33d1-7dec-4319-bcaa-d71849410221,,,Assets,20,AUTO,Under Review,,,,,,,https://Assessment/Assessment/21f1ce32-859e-4724-ad61-bf845afc68e4,Antarctica/South_Pole,OTAuto02,b99df4a4-2bf5-4c08-9483-bd636470bc11,b99df4a4-2bf5-4c08-9483-bd636470bc11
247e9ef3-088d-48c7-a685-12de4cf456bc,processing-activities_41163_9151011,2543,121b6c72-dac4-4951-9b79-e5219bab948f,,,Processing Activities,30,PRIMARY_PURPOSE,Completed,2026-03-25T10:14:52.000+00:00,2026-03-25,2026,March,03,Quarter 1,https://Assessment/Assessment/247e9ef3-088d-48c7-a685-12de4cf456bc,Antarctica/South_Pole,OTAuto02,b99df4a4-2bf5-4c08-9483-bd636470bc11,b99df4a4-2bf5-4c08-9483-bd636470bc11
87d6dd8a-a5ac-41b0-97d5-56992bf13063,automation_assessment_5709050,3016,f36b379f-d91e-49be-aca9-fc91021dd08c,,,Vendors,50,PRIMARY_PURPOSE,In Progress,,,,,,,https://Assessment/Assessment/87d6dd8a-a5ac-41b0-97d5-56992bf13063,Antarctica/South_Pole,OTAuto02,b99df4a4-2bf5-4c08-9483-bd636470bc11,b99df4a4-2bf5-4c08-9483-bd636470bc11
b47a9dc3-f5e3-4c1f-a4f2-1cbdc96b5c44,automation_assessment_1954504,3015,0dc1ac31-83a0-4853-ac76-35024c535d8c,,,Vendors,50,PRIMARY_PURPOSE,Completed,2026-03-25T14:45:09.000+00:00,2026-03-25,2026,March,03,Quarter 1,https://Assessment/Assessment/b47a9dc3-f5e3-4c1f-a4f2-1cbdc96b5c44,Antarctica/South_Pole,OTAuto02,b99df4a4-2bf5-4c08-9483-bd636470bc11,b99df4a4-2bf5-4c08-9483-bd636470bc11
eb239f4c-9b5a-460b-aebf-b56d63e85336,vendor_2908984 - wf_template_2908984,3026,febed68b-0181-474f-aa48-369ad726e1ed,,,Vendors,50,PRIMARY_PURPOSE,Not Started,,,,,,,https://Assessment/Assessment/eb239f4c-9b5a-460b-aebf-b56d63e85336,Antarctica/South_Pole,OTAuto02,b99df4a4-2bf5-4c08-9483-bd636470bc11,b99df4a4-2bf5-4c08-9483-bd636470bc11
7cc811a7-d9ff-40ea-a3bd-d5ac3f6d3cb4,assessment_6354768,3025,71a0510c-676d-4542-9670-6d105d356762,,,Vendors,50,PRIMARY_PURPOSE,Under Review,,,,,,,https://Assessment/Assessment/7cc811a7-d9ff-40ea-a3bd-d5ac3f6d3cb4,Antarctica/South_Pole,OTAuto02,b99df4a4-2bf5-4c08-9483-bd636470bc11,b99df4a4-2bf5-4c08-9483-bd636470bc11
f1b6abe3-5ab3-4146-b814-cc031c2a7e5a,assessment_copy_6354768,3029,71a0510c-676d-4542-9670-6d105d356762,,,Vendors,50,PRIMARY_PURPOSE,Under Review,,,,,,,https://Assessment/Assessment/f1b6abe3-5ab3-4146-b814-cc031c2a7e5a,Antarctica/South_Pole,OTAuto02,b99df4a4-2bf5-4c08-9483-bd636470bc11,b99df4a4-2bf5-4c08-9483-bd636470bc11
6aa18176-9d8f-4bec-96e4-16a92c693906,automation_assessment_3661006,3028,12363d92-ddee-4265-ac30-8245bb1f21e1,,,Vendors,50,PRIMARY_PURPOSE,Completed,2026-03-25T14:58:43.000+00:00,2026-03-25,2026,March,03,Quarter 1,https://Assessment/Assessment/6aa18176-9d8f-4bec-96e4-16a92c693906,Antarctica/South_Pole,OTAuto02,b99df4a4-2bf5-4c08-9483-bd636470bc11,b99df4a4-2bf5-4c08-9483-bd636470bc11
dddf1ad2-56ec-454c-a3e7-5c9902676329,assessment_43465_8028742,2596,b23bb9c0-4483-4af0-9d6e-6ba8597f4407,,,Processing Activities,30,AUTO,Completed,2026-03-25T10:33:11.000+00:00,2026-03-25,2026,March,03,Quarter 1,https://Assessment/Assessment/dddf1ad2-56ec-454c-a3e7-5c9902676329,Antarctica/South_Pole,OTAuto02,b99df4a4-2bf5-4c08-9483-bd636470bc11,b99df4a4-2bf5-4c08-9483-bd636470bc11
cae33510-7f83-47ac-a7f3-842ddee5261d,Automated_Assessment_74921_7543810,2590,fb76dd27-671c-459d-aed3-7e6e815d349b,,,Assets,20,PRIMARY_PURPOSE,Not Started,,,,,,,https://Assessment/Assessment/cae33510-7f83-47ac-a7f3-842ddee5261d,Antarctica/South_Pole,OTAuto02,b99df4a4-2bf5-4c08-9483-bd636470bc11,b99df4a4-2bf5-4c08-9483-bd636470bc11
0fedfefc-556b-4e29-92e8-038caef560b5,Assessment_3934722,2927,e82505ad-b678-4213-b124-40a54bcb34a5,,,Vendors,50,PRIMARY_PURPOSE,Under Review,,,,,,,https://Assessment/Assessment/0fedfefc-556b-4e29-92e8-038caef560b5,Antarctica/South_Pole,OTAuto02,b99df4a4-2bf5-4c08-9483-bd636470bc11,b99df4a4-2bf5-4c08-9483-bd636470bc11
b90085d2-4bb8-4c89-a709-c010fd8c62a9,a_7863242,2933,17c89c16-4a18-47e7-898c-f036f8be46d5,,,Vendors,50,PRIMARY_PURPOSE,In Progress,,,,,,,https://Assessment/Assessment/b90085d2-4bb8-4c89-a709-c010fd8c62a9,Antarctica/South_Pole,OTAuto02,b99df4a4-2bf5-4c08-9483-bd636470bc11,b99df4a4-2bf5-4c08-9483-bd636470bc11
d4c77c97-9631-4099-8b86-166e6397a1bf,assessment2_4991706,2915,0e95eb5a-1d27-4bd4-b0ea-21bdb65345b3,,,Vendors,50,PRIMARY_PURPOSE,Completed,2026-03-25T13:34:14.000+00:00,2026-03-25,2026,March,03,Quarter 1,https://Assessment/Assessment/d4c77c97-9631-4099-8b86-166e6397a1bf,Antarctica/South_Pole,OTAuto02,b99df4a4-2bf5-4c08-9483-bd636470bc11,b99df4a4-2bf5-4c08-9483-bd636470bc11
e4cd1ff4-01b6-407f-bd93-4ef1d0feb8ac,Inventory_Assessment_9182942,2922,b2375e94-7fda-4722-ab08-c5329a7d5f71,,,Assets,20,PRIMARY_PURPOSE,Not Started,,,,,,,https://Assessment/Assessment/e4cd1ff4-01b6-407f-bd93-4ef1d0feb8ac,Antarctica/South_Pole,OTAuto02,b99df4a4-2bf5-4c08-9483-bd636470bc11,b99df4a4-2bf5-4c08-9483-bd636470bc11
428be66f-352a-4fba-8a45-39b2ce703d52,automated_assessment_40684_9518652,2697,0c46c957-a1c5-41e7-bdb7-79cbda924afa,,,Assets,20,PRIMARY_PURPOSE,Not Started,,,,,,,https://Assessment/Assessment/428be66f-352a-4fba-8a45-39b2ce703d52,Antarctica/South_Pole,OTAuto02,b99df4a4-2bf5-4c08-9483-bd636470bc11,b99df4a4-2bf5-4c08-9483-bd636470bc11
