entityTypeReference,entityId,entityNumber,entityName,stageId,workflowId,workflow,stage,createdBy,updatedBy,createdDateTime,createdDate,createdYear,createdMonth,createdMonthNumber,createdQuarter,updatedDateTime,updatedDate,updatedYear,updatedMonth,updatedMonthNumber,updatedQuarter,timeZoneID,orgId,orgName,parentOrgID,createdByUserEmail
073ad6da-f78b-4609-a92b-ea13714501b5,automation_project_7575_19032026,25,OneTrust Automation,79f09a0f-fbd7-4439-9e1e-d48abe62c98e,https://Assessment/Assessment/073ad6da-f78b-4609-a92b-ea13714501b5,OTAuto02,b99df4a4-2bf5-4c08-9483-bd636470bc11,b99df4a4-2bf5-4c08-9483-bd636470bc11
1bbdbdf4-814a-477a-8420-bccfd9a7f910,Automated_Assessment_5179474,40,OneTrust Automation,79f09a0f-fbd7-4439-9e1e-d48abe62c98e,https://Assessment/Assessment/1bbdbdf4-814a-477a-8420-bccfd9a7f910,OTAuto02,b99df4a4-2bf5-4c08-9483-bd636470bc11,b99df4a4-2bf5-4c08-9483-bd636470bc11
303a55a2-a3f1-4b68-be75-207a10929507,Copy_Automated_Assessment_53866_2081577 - Template_2081577,78,OneTrust Automation,79f09a0f-fbd7-4439-9e1e-d48abe62c98e,https://Assessment/Assessment/303a55a2-a3f1-4b68-be75-207a10929507,OTAuto02,b99df4a4-2bf5-4c08-9483-bd636470bc11,b99df4a4-2bf5-4c08-9483-bd636470bc11
303a55a2-a3f1-4b68-be75-207a10929507,Copy_Automated_Assessment_53866_2081577 - Template_2081577,78,privacyofficer user,aa5e22c6-dc4f-473f-8aa5-46753f07d37d,https://Assessment/Assessment/303a55a2-a3f1-4b68-be75-207a10929507,OTAuto02,b99df4a4-2bf5-4c08-9483-bd636470bc11,b99df4a4-2bf5-4c08-9483-bd636470bc11
3ffe5af2-e5fd-403d-ab8b-3d81dd571ac3,automation_project_33958_2390304,13,OneTrust Automation,79f09a0f-fbd7-4439-9e1e-d48abe62c98e,https://Assessment/Assessment/3ffe5af2-e5fd-403d-ab8b-3d81dd571ac3,OTAuto02,b99df4a4-2bf5-4c08-9483-bd636470bc11,b99df4a4-2bf5-4c08-9483-bd636470bc11
4995e3cf-cd02-452d-a2a4-65c8f710f2d3,automation_project_78083_9554296,85,OneTrust Automation,79f09a0f-fbd7-4439-9e1e-d48abe62c98e,https://Assessment/Assessment/4995e3cf-cd02-452d-a2a4-65c8f710f2d3,OTAuto02,b99df4a4-2bf5-4c08-9483-bd636470bc11,b99df4a4-2bf5-4c08-9483-bd636470bc11
53fc0239-a99e-4b86-9d0c-ac1b6f968bf1,Assessment_For_On_submission_9815408,38,OneTrust Automation,79f09a0f-fbd7-4439-9e1e-d48abe62c98e,https://Assessment/Assessment/53fc0239-a99e-4b86-9d0c-ac1b6f968bf1,OTAuto02,b99df4a4-2bf5-4c08-9483-bd636470bc11,b99df4a4-2bf5-4c08-9483-bd636470bc11
5a7187b7-c95f-494d-9949-609154c59b29,Automated_Assessment_02_4744_19032026,76,OneTrust Automation,79f09a0f-fbd7-4439-9e1e-d48abe62c98e,https://Assessment/Assessment/5a7187b7-c95f-494d-9949-609154c59b29,OTAuto02,b99df4a4-2bf5-4c08-9483-bd636470bc11,b99df4a4-2bf5-4c08-9483-bd636470bc11
5a7187b7-c95f-494d-9949-609154c59b29,Automated_Assessment_02_4744_19032026,76,privacyofficer user,aa5e22c6-dc4f-473f-8aa5-46753f07d37d,https://Assessment/Assessment/5a7187b7-c95f-494d-9949-609154c59b29,OTAuto02,b99df4a4-2bf5-4c08-9483-bd636470bc11,b99df4a4-2bf5-4c08-9483-bd636470bc11
69f9549a-b7ed-4010-81bc-084bb9faf625,Assessment_7543473,37,OneTrust Automation,79f09a0f-fbd7-4439-9e1e-d48abe62c98e,https://Assessment/Assessment/69f9549a-b7ed-4010-81bc-084bb9faf625,OTAuto02,b99df4a4-2bf5-4c08-9483-bd636470bc11,b99df4a4-2bf5-4c08-9483-bd636470bc11
7e25d345-7be6-48ca-8768-0c8c4cd755ee,Automated_Assessment_02_4744_19032026,79,OneTrust Automation,79f09a0f-fbd7-4439-9e1e-d48abe62c98e,https://Assessment/Assessment/7e25d345-7be6-48ca-8768-0c8c4cd755ee,OTAuto02,b99df4a4-2bf5-4c08-9483-bd636470bc11,b99df4a4-2bf5-4c08-9483-bd636470bc11
7e25d345-7be6-48ca-8768-0c8c4cd755ee,Automated_Assessment_02_4744_19032026,79,privacyofficer user,aa5e22c6-dc4f-473f-8aa5-46753f07d37d,https://Assessment/Assessment/7e25d345-7be6-48ca-8768-0c8c4cd755ee,OTAuto02,b99df4a4-2bf5-4c08-9483-bd636470bc11,b99df4a4-2bf5-4c08-9483-bd636470bc11
8b3be94c-7d60-4a05-b0b4-8b3e71e896ca,Automated_Assessment_03_4758_19032026,48,OneTrust Automation,79f09a0f-fbd7-4439-9e1e-d48abe62c98e,https://Assessment/Assessment/8b3be94c-7d60-4a05-b0b4-8b3e71e896ca,OTAuto02,b99df4a4-2bf5-4c08-9483-bd636470bc11,b99df4a4-2bf5-4c08-9483-bd636470bc11
aaced56f-e79f-4d55-ba11-ab38bc5d7269,Automated_Assessment_53866_2081577,65,privacyofficer user,aa5e22c6-dc4f-473f-8aa5-46753f07d37d,https://Assessment/Assessment/aaced56f-e79f-4d55-ba11-ab38bc5d7269,OTAuto02,b99df4a4-2bf5-4c08-9483-bd636470bc11,b99df4a4-2bf5-4c08-9483-bd636470bc11
ad45e6ea-8054-4118-9572-326ed9621ade,Automated_Assessment_02_4758_19032026,47,privacyofficer user,aa5e22c6-dc4f-473f-8aa5-46753f07d37d,https://Assessment/Assessment/ad45e6ea-8054-4118-9572-326ed9621ade,OTAuto02,b99df4a4-2bf5-4c08-9483-bd636470bc11,b99df4a4-2bf5-4c08-9483-bd636470bc11
cdf6cbdb-1368-40d0-85e6-ab142bc1eaa0,assessment_2_8279553,51,user1fn_8279553 user1ln_8279553,4a61db04-df2d-4399-94db-39ee658724aa,https://Assessment/Assessment/cdf6cbdb-1368-40d0-85e6-ab142bc1eaa0,OTAuto02,b99df4a4-2bf5-4c08-9483-bd636470bc11,b99df4a4-2bf5-4c08-9483-bd636470bc11
d3edebee-845d-4438-ae3b-80b95e18b6e7,Automated_Assessment_4744_19032026,75,OneTrust Automation,79f09a0f-fbd7-4439-9e1e-d48abe62c98e,https://Assessment/Assessment/d3edebee-845d-4438-ae3b-80b95e18b6e7,OTAuto02,b99df4a4-2bf5-4c08-9483-bd636470bc11,b99df4a4-2bf5-4c08-9483-bd636470bc11
d3edebee-845d-4438-ae3b-80b95e18b6e7,Automated_Assessment_4744_19032026,75,privacyofficer user,aa5e22c6-dc4f-473f-8aa5-46753f07d37d,https://Assessment/Assessment/d3edebee-845d-4438-ae3b-80b95e18b6e7,OTAuto02,b99df4a4-2bf5-4c08-9483-bd636470bc11,b99df4a4-2bf5-4c08-9483-bd636470bc11
d68092ae-debb-4714-9336-f654cf46c7ea,Automated_Assessment_74921_3886327,56,OneTrust Automation,79f09a0f-fbd7-4439-9e1e-d48abe62c98e,https://Assessment/Assessment/d68092ae-debb-4714-9336-f654cf46c7ea,OTAuto02,b99df4a4-2bf5-4c08-9483-bd636470bc11,b99df4a4-2bf5-4c08-9483-bd636470bc11
dad0bd17-dba2-4c9a-8da4-2633a73f2bb5,Automated_Assessment_96352_7580369,73,OneTrust Automation,79f09a0f-fbd7-4439-9e1e-d48abe62c98e,https://Assessment/Assessment/dad0bd17-dba2-4c9a-8da4-2633a73f2bb5,OTAuto02,b99df4a4-2bf5-4c08-9483-bd636470bc11,b99df4a4-2bf5-4c08-9483-bd636470bc11
db40c97e-2385-47d5-b650-ba05af44f97f,Inventory_Assessment_6752211,8,OneTrust Automation,79f09a0f-fbd7-4439-9e1e-d48abe62c98e,https://Assessment/Assessment/db40c97e-2385-47d5-b650-ba05af44f97f,OTAuto02,b99df4a4-2bf5-4c08-9483-bd636470bc11,b99df4a4-2bf5-4c08-9483-bd636470bc11
dd9f9312-b6d1-4ebd-a317-16c283f2b26e,Automated_Assessment_6208047,43,OneTrust Automation,79f09a0f-fbd7-4439-9e1e-d48abe62c98e,https://Assessment/Assessment/dd9f9312-b6d1-4ebd-a317-16c283f2b26e,OTAuto02,b99df4a4-2bf5-4c08-9483-bd636470bc11,b99df4a4-2bf5-4c08-9483-bd636470bc11
e20b0cd2-243b-4b06-ac67-bc6f2b9e173d,Automated_Assessment_7591_19032026_1,22,OneTrust Automation,79f09a0f-fbd7-4439-9e1e-d48abe62c98e,https://Assessment/Assessment/e20b0cd2-243b-4b06-ac67-bc6f2b9e173d,OTAuto02,b99df4a4-2bf5-4c08-9483-bd636470bc11,b99df4a4-2bf5-4c08-9483-bd636470bc11
e4feac42-8afe-4fa8-9f82-6a79ffc0f0b5,Automated_Assessment_two_1456191,24,OneTrust Automation,79f09a0f-fbd7-4439-9e1e-d48abe62c98e,https://Assessment/Assessment/e4feac42-8afe-4fa8-9f82-6a79ffc0f0b5,OTAuto02,b99df4a4-2bf5-4c08-9483-bd636470bc11,b99df4a4-2bf5-4c08-9483-bd636470bc11
eb4ff909-d752-4a6f-af85-3b7e168a41f6,Inventory_1184_Assessment_19032026,27,OneTrust Automation,79f09a0f-fbd7-4439-9e1e-d48abe62c98e,https://Assessment/Assessment/eb4ff909-d752-4a6f-af85-3b7e168a41f6,OTAuto02,b99df4a4-2bf5-4c08-9483-bd636470bc11,b99df4a4-2bf5-4c08-9483-bd636470bc11
ef944c94-323b-426f-9315-afe78f33ab2a,Automated_Assessment_759219032026_1,23,OneTrust Automation,79f09a0f-fbd7-4439-9e1e-d48abe62c98e,https://Assessment/Assessment/ef944c94-323b-426f-9315-afe78f33ab2a,OTAuto02,b99df4a4-2bf5-4c08-9483-bd636470bc11,b99df4a4-2bf5-4c08-9483-bd636470bc11
f47b5bba-9497-40a4-b4f6-58908ccdbee6,Automated_Assessment_2563585,80,OneTrust Automation,79f09a0f-fbd7-4439-9e1e-d48abe62c98e,https://Assessment/Assessment/f47b5bba-9497-40a4-b4f6-58908ccdbee6,OTAuto02,b99df4a4-2bf5-4c08-9483-bd636470bc11,b99df4a4-2bf5-4c08-9483-bd636470bc11
f9ba276c-9fff-4b10-bc3c-02fab5307249,Automated_Assessment_01_4744_19032026,77,privacyofficer user,aa5e22c6-dc4f-473f-8aa5-46753f07d37d,https://Assessment/Assessment/f9ba276c-9fff-4b10-bc3c-02fab5307249,OTAuto02,b99df4a4-2bf5-4c08-9483-bd636470bc11,b99df4a4-2bf5-4c08-9483-bd636470bc11
f9ba276c-9fff-4b10-bc3c-02fab5307249,Automated_Assessment_01_4744_19032026,77,OneTrust Automation,79f09a0f-fbd7-4439-9e1e-d48abe62c98e,https://Assessment/Assessment/f9ba276c-9fff-4b10-bc3c-02fab5307249,OTAuto02,b99df4a4-2bf5-4c08-9483-bd636470bc11,b99df4a4-2bf5-4c08-9483-bd636470bc11
fa3b7b30-e4df-4341-b9cb-b2f3b0d945c7,Copy_Automated_Assessment_53866_2081577,74,OneTrust Automation,79f09a0f-fbd7-4439-9e1e-d48abe62c98e,https://Assessment/Assessment/fa3b7b30-e4df-4341-b9cb-b2f3b0d945c7,OTAuto02,b99df4a4-2bf5-4c08-9483-bd636470bc11,b99df4a4-2bf5-4c08-9483-bd636470bc11
fa3b7b30-e4df-4341-b9cb-b2f3b0d945c7,Copy_Automated_Assessment_53866_2081577,74,privacyofficer user,aa5e22c6-dc4f-473f-8aa5-46753f07d37d,https://Assessment/Assessment/fa3b7b30-e4df-4341-b9cb-b2f3b0d945c7,OTAuto02,b99df4a4-2bf5-4c08-9483-bd636470bc11,b99df4a4-2bf5-4c08-9483-bd636470bc11
029a2e03-bf93-495c-b805-b12c4b7474a6,automation_project_42834_9793949,95,OneTrust Automation,79f09a0f-fbd7-4439-9e1e-d48abe62c98e,https://Assessment/Assessment/029a2e03-bf93-495c-b805-b12c4b7474a6,OTAuto02,b99df4a4-2bf5-4c08-9483-bd636470bc11,b99df4a4-2bf5-4c08-9483-bd636470bc11
09c845de-24c4-4b0c-87a7-8e27b7d30c2b,Automated_Assessment_1305028,113,privacyofficer user,aa5e22c6-dc4f-473f-8aa5-46753f07d37d,https://Assessment/Assessment/09c845de-24c4-4b0c-87a7-8e27b7d30c2b,OTAuto02,b99df4a4-2bf5-4c08-9483-bd636470bc11,b99df4a4-2bf5-4c08-9483-bd636470bc11
31edeb5b-6d46-4926-bf32-cd6d74febf12,Automated_Assessment_7542_19032026,107,OneTrust Automation,79f09a0f-fbd7-4439-9e1e-d48abe62c98e,https://Assessment/Assessment/31edeb5b-6d46-4926-bf32-cd6d74febf12,OTAuto02,b99df4a4-2bf5-4c08-9483-bd636470bc11,b99df4a4-2bf5-4c08-9483-bd636470bc11
6de73611-8ff6-410f-8307-85734f6a4da3,assessment_2_TCT_19032026,102,OneTrust Automation,79f09a0f-fbd7-4439-9e1e-d48abe62c98e,https://Assessment/Assessment/6de73611-8ff6-410f-8307-85734f6a4da3,OTAuto02,b99df4a4-2bf5-4c08-9483-bd636470bc11,b99df4a4-2bf5-4c08-9483-bd636470bc11
8c708b19-343d-463f-a494-c79c7f109acd,Assessment_2417_19032026,88,OneTrust Automation,79f09a0f-fbd7-4439-9e1e-d48abe62c98e,https://Assessment/Assessment/8c708b19-343d-463f-a494-c79c7f109acd,OTAuto02,b99df4a4-2bf5-4c08-9483-bd636470bc11,b99df4a4-2bf5-4c08-9483-bd636470bc11
cfeb53e8-f3be-4d96-844a-8a018c9f62c8,automated_assessment_40684_9866344,109,OneTrust Automation,79f09a0f-fbd7-4439-9e1e-d48abe62c98e,https://Assessment/Assessment/cfeb53e8-f3be-4d96-844a-8a018c9f62c8,OTAuto02,b99df4a4-2bf5-4c08-9483-bd636470bc11,b99df4a4-2bf5-4c08-9483-bd636470bc11
e169ff0a-b16a-42ae-810d-db4bc4a9db3e,Automated_Assessment_70973_9059061,100,OneTrust Automation,79f09a0f-fbd7-4439-9e1e-d48abe62c98e,https://Assessment/Assessment/e169ff0a-b16a-42ae-810d-db4bc4a9db3e,OTAuto02,b99df4a4-2bf5-4c08-9483-bd636470bc11,b99df4a4-2bf5-4c08-9483-bd636470bc11
0c479bac-4c1a-4357-a3c3-93cd916c2547,Assessment_For_On_submission_19032026_parent_1 - Template_19032026_child,200,OneTrust Automation,79f09a0f-fbd7-4439-9e1e-d48abe62c98e,https://Assessment/Assessment/0c479bac-4c1a-4357-a3c3-93cd916c2547,OTAuto02,b99df4a4-2bf5-4c08-9483-bd636470bc11,b99df4a4-2bf5-4c08-9483-bd636470bc11
13c56667-9c95-4465-9adb-24d9333a514d,Automated_Assessment_1_7220670,184,OneTrust Automation,79f09a0f-fbd7-4439-9e1e-d48abe62c98e,https://Assessment/Assessment/13c56667-9c95-4465-9adb-24d9333a514d,OTAuto02,b99df4a4-2bf5-4c08-9483-bd636470bc11,b99df4a4-2bf5-4c08-9483-bd636470bc11
174c4ba5-0321-4add-b5d1-2bd8a92ed1eb,a_Assessment_7626_19032026,161,OneTrust Automation,79f09a0f-fbd7-4439-9e1e-d48abe62c98e,https://Assessment/Assessment/174c4ba5-0321-4add-b5d1-2bd8a92ed1eb,OTAuto02,b99df4a4-2bf5-4c08-9483-bd636470bc11,b99df4a4-2bf5-4c08-9483-bd636470bc11
2058af04-4da2-471c-b00b-fbf9544dd54d,Automated_Assessment_68691_3010920,177,OneTrust Automation,79f09a0f-fbd7-4439-9e1e-d48abe62c98e,https://Assessment/Assessment/2058af04-4da2-471c-b00b-fbf9544dd54d,OTAuto02,b99df4a4-2bf5-4c08-9483-bd636470bc11,b99df4a4-2bf5-4c08-9483-bd636470bc11
2423eb43-5245-403e-a38d-87a77e7b4a02,Assessment_Auto_1_97766_19032026,132,OneTrust Automation,79f09a0f-fbd7-4439-9e1e-d48abe62c98e,https://Assessment/Assessment/2423eb43-5245-403e-a38d-87a77e7b4a02,OTAuto02,b99df4a4-2bf5-4c08-9483-bd636470bc11,b99df4a4-2bf5-4c08-9483-bd636470bc11
25db5d38-25c1-467b-9431-6a4a4c980b82,A_assessment_7626_19032026,160,OneTrust Automation,79f09a0f-fbd7-4439-9e1e-d48abe62c98e,https://Assessment/Assessment/25db5d38-25c1-467b-9431-6a4a4c980b82,OTAuto02,b99df4a4-2bf5-4c08-9483-bd636470bc11,b99df4a4-2bf5-4c08-9483-bd636470bc11
2728d3aa-f877-4dee-8509-d0f2d1af6f0a,Automated_Assessment_1250_19032026,185,OneTrust Automation,79f09a0f-fbd7-4439-9e1e-d48abe62c98e,https://Assessment/Assessment/2728d3aa-f877-4dee-8509-d0f2d1af6f0a,OTAuto02,b99df4a4-2bf5-4c08-9483-bd636470bc11,b99df4a4-2bf5-4c08-9483-bd636470bc11
289c632d-c9d0-49db-9f20-68ce1e69b9c1,Automated_Assessment_6412360,176,OneTrust Automation,79f09a0f-fbd7-4439-9e1e-d48abe62c98e,https://Assessment/Assessment/289c632d-c9d0-49db-9f20-68ce1e69b9c1,OTAuto02,b99df4a4-2bf5-4c08-9483-bd636470bc11,b99df4a4-2bf5-4c08-9483-bd636470bc11
33ce612e-e570-42e7-8a8f-7a6812f6d28d,automation_project_42844_571243,150,OneTrust Automation,79f09a0f-fbd7-4439-9e1e-d48abe62c98e,https://Assessment/Assessment/33ce612e-e570-42e7-8a8f-7a6812f6d28d,OTAuto02,b99df4a4-2bf5-4c08-9483-bd636470bc11,b99df4a4-2bf5-4c08-9483-bd636470bc11
4475341c-75e7-4419-91bf-2105d0a65aba,Assessment_Auto_1_1291_19032026,153,OneTrust Automation,79f09a0f-fbd7-4439-9e1e-d48abe62c98e,https://Assessment/Assessment/4475341c-75e7-4419-91bf-2105d0a65aba,OTAuto02,b99df4a4-2bf5-4c08-9483-bd636470bc11,b99df4a4-2bf5-4c08-9483-bd636470bc11
50bc0d2b-7ba8-4c39-9e8f-1bc10cd66a8e,Assessment_For_On_submission_19032026_parent_1,199,OneTrust Automation,79f09a0f-fbd7-4439-9e1e-d48abe62c98e,https://Assessment/Assessment/50bc0d2b-7ba8-4c39-9e8f-1bc10cd66a8e,OTAuto02,b99df4a4-2bf5-4c08-9483-bd636470bc11,b99df4a4-2bf5-4c08-9483-bd636470bc11
6094581a-fb4a-4357-a63f-05d832a0dfe9,Assessment_Auto_2_1291_19032026,154,OneTrust Automation,79f09a0f-fbd7-4439-9e1e-d48abe62c98e,https://Assessment/Assessment/6094581a-fb4a-4357-a63f-05d832a0dfe9,OTAuto02,b99df4a4-2bf5-4c08-9483-bd636470bc11,b99df4a4-2bf5-4c08-9483-bd636470bc11
631930ed-0e89-4314-8237-1909bcb9fb6f,Risk_Assessment_7507_19032026,164,OneTrust Automation,79f09a0f-fbd7-4439-9e1e-d48abe62c98e,https://Assessment/Assessment/631930ed-0e89-4314-8237-1909bcb9fb6f,OTAuto02,b99df4a4-2bf5-4c08-9483-bd636470bc11,b99df4a4-2bf5-4c08-9483-bd636470bc11
666960b7-f018-4b61-bb19-271cc1e51c8c,assessment_1174_19032026,169,OneTrust Automation,79f09a0f-fbd7-4439-9e1e-d48abe62c98e,https://Assessment/Assessment/666960b7-f018-4b61-bb19-271cc1e51c8c,OTAuto02,b99df4a4-2bf5-4c08-9483-bd636470bc11,b99df4a4-2bf5-4c08-9483-bd636470bc11
6b3e2e72-284e-4fe3-86af-2b82058725aa,B_Assessment_7626_19032026,162,OneTrust Automation,79f09a0f-fbd7-4439-9e1e-d48abe62c98e,https://Assessment/Assessment/6b3e2e72-284e-4fe3-86af-2b82058725aa,OTAuto02,b99df4a4-2bf5-4c08-9483-bd636470bc11,b99df4a4-2bf5-4c08-9483-bd636470bc11
7576b6e8-8c0b-4afa-a8b1-bec681661653,Assessment_8167495,123,user_1_8167495 PO,747126de-97ad-4ed9-9630-786c0be70746,https://Assessment/Assessment/7576b6e8-8c0b-4afa-a8b1-bec681661653,OTAuto02,b99df4a4-2bf5-4c08-9483-bd636470bc11,b99df4a4-2bf5-4c08-9483-bd636470bc11
76d8a250-c347-47a3-b396-5f92356b616f,Automated_Assessment_7626_19032026,158,OneTrust Automation,79f09a0f-fbd7-4439-9e1e-d48abe62c98e,https://Assessment/Assessment/76d8a250-c347-47a3-b396-5f92356b616f,OTAuto02,b99df4a4-2bf5-4c08-9483-bd636470bc11,b99df4a4-2bf5-4c08-9483-bd636470bc11
7afe55bc-caa0-4fc9-9d80-0d5fe19d7a95,asset_1170_19032026,174,OneTrust Automation,79f09a0f-fbd7-4439-9e1e-d48abe62c98e,https://Assessment/Assessment/7afe55bc-caa0-4fc9-9d80-0d5fe19d7a95,OTAuto02,b99df4a4-2bf5-4c08-9483-bd636470bc11,b99df4a4-2bf5-4c08-9483-bd636470bc11
7b3a48cd-e4a7-4cbb-8534-bd41714a7e8f,Automated_Assessment_4740_19032026,156,OneTrust Automation,79f09a0f-fbd7-4439-9e1e-d48abe62c98e,https://Assessment/Assessment/7b3a48cd-e4a7-4cbb-8534-bd41714a7e8f,OTAuto02,b99df4a4-2bf5-4c08-9483-bd636470bc11,b99df4a4-2bf5-4c08-9483-bd636470bc11
7bced51f-7618-4cd7-8f29-d2d6381c4a46,Automated_Assessment_8200779,142,OneTrust Automation,79f09a0f-fbd7-4439-9e1e-d48abe62c98e,https://Assessment/Assessment/7bced51f-7618-4cd7-8f29-d2d6381c4a46,OTAuto02,b99df4a4-2bf5-4c08-9483-bd636470bc11,b99df4a4-2bf5-4c08-9483-bd636470bc11
80aa76fc-37ef-4c15-bca8-ee510dc53262,Automated_Assessment_4740_02_19032026,159,OneTrust Automation,79f09a0f-fbd7-4439-9e1e-d48abe62c98e,https://Assessment/Assessment/80aa76fc-37ef-4c15-bca8-ee510dc53262,OTAuto02,b99df4a4-2bf5-4c08-9483-bd636470bc11,b99df4a4-2bf5-4c08-9483-bd636470bc11
8a7e6096-691a-44e7-9be5-2240178e20b3,Automated_Assessment_2013_9848743,172,OneTrust Automation,79f09a0f-fbd7-4439-9e1e-d48abe62c98e,https://Assessment/Assessment/8a7e6096-691a-44e7-9be5-2240178e20b3,OTAuto02,b99df4a4-2bf5-4c08-9483-bd636470bc11,b99df4a4-2bf5-4c08-9483-bd636470bc11
9abe0df2-26e5-4947-a963-3a8525ba916a,Z_Assessment_7626_19032026,163,OneTrust Automation,79f09a0f-fbd7-4439-9e1e-d48abe62c98e,https://Assessment/Assessment/9abe0df2-26e5-4947-a963-3a8525ba916a,OTAuto02,b99df4a4-2bf5-4c08-9483-bd636470bc11,b99df4a4-2bf5-4c08-9483-bd636470bc11
9e7eeede-33d3-459b-aa87-e559e951dca7,assessment_42255_9601015,138,OneTrust Automation,79f09a0f-fbd7-4439-9e1e-d48abe62c98e,https://Assessment/Assessment/9e7eeede-33d3-459b-aa87-e559e951dca7,OTAuto02,b99df4a4-2bf5-4c08-9483-bd636470bc11,b99df4a4-2bf5-4c08-9483-bd636470bc11
a8af9cb0-7942-4e1a-82d4-59505ada9723,assessment_43465_9547758,175,OneTrust Automation,79f09a0f-fbd7-4439-9e1e-d48abe62c98e,https://Assessment/Assessment/a8af9cb0-7942-4e1a-82d4-59505ada9723,OTAuto02,b99df4a4-2bf5-4c08-9483-bd636470bc11,b99df4a4-2bf5-4c08-9483-bd636470bc11
b13d7078-950b-48a2-b1ea-d3508f8c829c,Automated_Assessment_7220670,182,OneTrust Automation,79f09a0f-fbd7-4439-9e1e-d48abe62c98e,https://Assessment/Assessment/b13d7078-950b-48a2-b1ea-d3508f8c829c,OTAuto02,b99df4a4-2bf5-4c08-9483-bd636470bc11,b99df4a4-2bf5-4c08-9483-bd636470bc11
b68c9508-6a6a-4d7f-bb19-0cdfb6d0dd36,Automated_Assessment_4740_01_19032026,157,OneTrust Automation,79f09a0f-fbd7-4439-9e1e-d48abe62c98e,https://Assessment/Assessment/b68c9508-6a6a-4d7f-bb19-0cdfb6d0dd36,OTAuto02,b99df4a4-2bf5-4c08-9483-bd636470bc11,b99df4a4-2bf5-4c08-9483-bd636470bc11
c8c2986e-f8c3-45cc-ba8d-e5a812adc5b7,Assessment_Auto_2_97766_19032026,134,OneTrust Automation,79f09a0f-fbd7-4439-9e1e-d48abe62c98e,https://Assessment/Assessment/c8c2986e-f8c3-45cc-ba8d-e5a812adc5b7,OTAuto02,b99df4a4-2bf5-4c08-9483-bd636470bc11,b99df4a4-2bf5-4c08-9483-bd636470bc11
e62cd819-d8dd-4f72-9bac-387e9ad874fe,Risk_Assessment_7507_19032026_new,167,OneTrust Automation,79f09a0f-fbd7-4439-9e1e-d48abe62c98e,https://Assessment/Assessment/e62cd819-d8dd-4f72-9bac-387e9ad874fe,OTAuto02,b99df4a4-2bf5-4c08-9483-bd636470bc11,b99df4a4-2bf5-4c08-9483-bd636470bc11
f11dc346-787e-46eb-b65c-01b9ae37b2e4,Automated_Assessment_2956184,140,OneTrust Automation,79f09a0f-fbd7-4439-9e1e-d48abe62c98e,https://Assessment/Assessment/f11dc346-787e-46eb-b65c-01b9ae37b2e4,OTAuto02,b99df4a4-2bf5-4c08-9483-bd636470bc11,b99df4a4-2bf5-4c08-9483-bd636470bc11
f3346d4d-6130-43fc-8d31-91e790220867,assessmentExportResponses_1128_19032026,143,OneTrust Automation,79f09a0f-fbd7-4439-9e1e-d48abe62c98e,https://Assessment/Assessment/f3346d4d-6130-43fc-8d31-91e790220867,OTAuto02,b99df4a4-2bf5-4c08-9483-bd636470bc11,b99df4a4-2bf5-4c08-9483-bd636470bc11
0b2b0ebb-71bf-452f-b8b0-dc73fa7fbdea,automation_project_42836_5538703,166,OneTrust Automation,79f09a0f-fbd7-4439-9e1e-d48abe62c98e,https://Assessment/Assessment/0b2b0ebb-71bf-452f-b8b0-dc73fa7fbdea,OTAuto02,b99df4a4-2bf5-4c08-9483-bd636470bc11,b99df4a4-2bf5-4c08-9483-bd636470bc11
32fff418-5f3f-44b8-9de8-465407932610,automation_project_42830_227065,216,OneTrust Automation,79f09a0f-fbd7-4439-9e1e-d48abe62c98e,https://Assessment/Assessment/32fff418-5f3f-44b8-9de8-465407932610,OTAuto02,b99df4a4-2bf5-4c08-9483-bd636470bc11,b99df4a4-2bf5-4c08-9483-bd636470bc11
4dcf7f27-4cac-49fa-a923-fa94d69852a6,automation_project_42837_150703,183,OneTrust Automation,79f09a0f-fbd7-4439-9e1e-d48abe62c98e,https://Assessment/Assessment/4dcf7f27-4cac-49fa-a923-fa94d69852a6,OTAuto02,b99df4a4-2bf5-4c08-9483-bd636470bc11,b99df4a4-2bf5-4c08-9483-bd636470bc11
55e3e7e0-486d-478c-aa1c-a386dffec88d,automation_project_36427_19032026,207,OneTrust Automation,79f09a0f-fbd7-4439-9e1e-d48abe62c98e,https://Assessment/Assessment/55e3e7e0-486d-478c-aa1c-a386dffec88d,OTAuto02,b99df4a4-2bf5-4c08-9483-bd636470bc11,b99df4a4-2bf5-4c08-9483-bd636470bc11
5bfc2716-30c9-4d2e-aff2-26d1a509b155,automation_assessment_8792312,228,OneTrust Automation,79f09a0f-fbd7-4439-9e1e-d48abe62c98e,https://Assessment/Assessment/5bfc2716-30c9-4d2e-aff2-26d1a509b155,OTAuto02,b99df4a4-2bf5-4c08-9483-bd636470bc11,b99df4a4-2bf5-4c08-9483-bd636470bc11
5e6f7263-2537-4a0b-add2-f7e48f8f79fd,Automated_Assessment_4833223,206,OneTrust Automation,79f09a0f-fbd7-4439-9e1e-d48abe62c98e,https://Assessment/Assessment/5e6f7263-2537-4a0b-add2-f7e48f8f79fd,OTAuto02,b99df4a4-2bf5-4c08-9483-bd636470bc11,b99df4a4-2bf5-4c08-9483-bd636470bc11
6904e905-29f4-4dce-a4eb-9e4f5e8b3709,Assessment_For_On_submission_19032026_parent_2,201,OneTrust Automation,79f09a0f-fbd7-4439-9e1e-d48abe62c98e,https://Assessment/Assessment/6904e905-29f4-4dce-a4eb-9e4f5e8b3709,OTAuto02,b99df4a4-2bf5-4c08-9483-bd636470bc11,b99df4a4-2bf5-4c08-9483-bd636470bc11
70e8a277-b999-44ef-818f-1cbea7cede85,assessment_41816_1_19032026,205,OneTrust Automation,79f09a0f-fbd7-4439-9e1e-d48abe62c98e,https://Assessment/Assessment/70e8a277-b999-44ef-818f-1cbea7cede85,OTAuto02,b99df4a4-2bf5-4c08-9483-bd636470bc11,b99df4a4-2bf5-4c08-9483-bd636470bc11
7d5fd8a3-9877-4599-9e4f-8edf8da0b0f4,Assessment_AA53512_19032026,215,OneTrust Automation,79f09a0f-fbd7-4439-9e1e-d48abe62c98e,https://Assessment/Assessment/7d5fd8a3-9877-4599-9e4f-8edf8da0b0f4,OTAuto02,b99df4a4-2bf5-4c08-9483-bd636470bc11,b99df4a4-2bf5-4c08-9483-bd636470bc11
7fd579fa-a276-41f9-8021-d8814594df55,assessmentExportResponses_8626755,221,OneTrust Automation,79f09a0f-fbd7-4439-9e1e-d48abe62c98e,https://Assessment/Assessment/7fd579fa-a276-41f9-8021-d8814594df55,OTAuto02,b99df4a4-2bf5-4c08-9483-bd636470bc11,b99df4a4-2bf5-4c08-9483-bd636470bc11
90a95a38-ee34-4e84-9cfa-ca130a95be36,Assessment_For_On_submission_19032026_parent_2 - Template_19032026_child,203,OneTrust Automation,79f09a0f-fbd7-4439-9e1e-d48abe62c98e,https://Assessment/Assessment/90a95a38-ee34-4e84-9cfa-ca130a95be36,OTAuto02,b99df4a4-2bf5-4c08-9483-bd636470bc11,b99df4a4-2bf5-4c08-9483-bd636470bc11
a0448273-5939-4b49-b09e-579b41425ea0,automated_assessment_19032026,224,OneTrust Automation,79f09a0f-fbd7-4439-9e1e-d48abe62c98e,https://Assessment/Assessment/a0448273-5939-4b49-b09e-579b41425ea0,OTAuto02,b99df4a4-2bf5-4c08-9483-bd636470bc11,b99df4a4-2bf5-4c08-9483-bd636470bc11
dc34ad1f-0fdd-4de3-b52d-14c6dd901e2d,automation_assessment_427362,217,OneTrust Automation,79f09a0f-fbd7-4439-9e1e-d48abe62c98e,https://Assessment/Assessment/dc34ad1f-0fdd-4de3-b52d-14c6dd901e2d,OTAuto02,b99df4a4-2bf5-4c08-9483-bd636470bc11,b99df4a4-2bf5-4c08-9483-bd636470bc11
de54d0e6-b295-46ac-9d8c-b8d3c07e5b76,Assessment_1210_19032026,208,OneTrust Automation,79f09a0f-fbd7-4439-9e1e-d48abe62c98e,https://Assessment/Assessment/de54d0e6-b295-46ac-9d8c-b8d3c07e5b76,OTAuto02,b99df4a4-2bf5-4c08-9483-bd636470bc11,b99df4a4-2bf5-4c08-9483-bd636470bc11
fb5da29d-c149-4761-9d4d-c31f9022b8b1,Assessment_1210_2_19032026,209,OneTrust Automation,79f09a0f-fbd7-4439-9e1e-d48abe62c98e,https://Assessment/Assessment/fb5da29d-c149-4761-9d4d-c31f9022b8b1,OTAuto02,b99df4a4-2bf5-4c08-9483-bd636470bc11,b99df4a4-2bf5-4c08-9483-bd636470bc11
a0388013-fff5-4457-abe6-fd37a02086d9,Automated_Assessment_516526,229,OneTrust Automation,79f09a0f-fbd7-4439-9e1e-d48abe62c98e,https://Assessment/Assessment/a0388013-fff5-4457-abe6-fd37a02086d9,OTAuto02,b99df4a4-2bf5-4c08-9483-bd636470bc11,b99df4a4-2bf5-4c08-9483-bd636470bc11
bcb154a0-32a9-4595-ac27-0a7d5efa1180,Automated_Assessment_68753_3687077,268,OneTrust Automation,79f09a0f-fbd7-4439-9e1e-d48abe62c98e,https://Assessment/Assessment/bcb154a0-32a9-4595-ac27-0a7d5efa1180,OTAuto02,b99df4a4-2bf5-4c08-9483-bd636470bc11,b99df4a4-2bf5-4c08-9483-bd636470bc11
6c0f3c9c-27aa-4092-a849-68d09400dde7,automation1_assessment_60537_19032026,267,OneTrust Automation,79f09a0f-fbd7-4439-9e1e-d48abe62c98e,https://Assessment/Assessment/6c0f3c9c-27aa-4092-a849-68d09400dde7,OTAuto02,b99df4a4-2bf5-4c08-9483-bd636470bc11,b99df4a4-2bf5-4c08-9483-bd636470bc11
40d2c061-1348-47cd-878e-f322404eec99,assessment_4006_19032026,236,OneTrust Automation,79f09a0f-fbd7-4439-9e1e-d48abe62c98e,https://Assessment/Assessment/40d2c061-1348-47cd-878e-f322404eec99,OTAuto02,b99df4a4-2bf5-4c08-9483-bd636470bc11,b99df4a4-2bf5-4c08-9483-bd636470bc11
e075d913-27d8-4128-a1b4-eb645dab6a4c,automation_assessment_1659_9624063,239,user1fn_1659_9624063 user1ln_1659_9624063,45f32ac8-aa0c-445a-a15d-5b27834b6e89,https://Assessment/Assessment/e075d913-27d8-4128-a1b4-eb645dab6a4c,OTAuto02,b99df4a4-2bf5-4c08-9483-bd636470bc11,b99df4a4-2bf5-4c08-9483-bd636470bc11
bae6c6e3-18f5-4b1f-8246-1b5562b2a1b7,automation_project_7532_19032026,256,OneTrust Automation,79f09a0f-fbd7-4439-9e1e-d48abe62c98e,https://Assessment/Assessment/bae6c6e3-18f5-4b1f-8246-1b5562b2a1b7,OTAuto02,b99df4a4-2bf5-4c08-9483-bd636470bc11,b99df4a4-2bf5-4c08-9483-bd636470bc11
d898d0b1-c0e0-4feb-b01a-b3b42ee80b58,Automated_Assessment_7540_19032026,234,OneTrust Automation,79f09a0f-fbd7-4439-9e1e-d48abe62c98e,https://Assessment/Assessment/d898d0b1-c0e0-4feb-b01a-b3b42ee80b58,OTAuto02,b99df4a4-2bf5-4c08-9483-bd636470bc11,b99df4a4-2bf5-4c08-9483-bd636470bc11
499418de-0a2f-4a39-993d-0d48e92755c9,assessment_1_65025_19032026,242,OneTrust Automation,79f09a0f-fbd7-4439-9e1e-d48abe62c98e,https://Assessment/Assessment/499418de-0a2f-4a39-993d-0d48e92755c9,OTAuto02,b99df4a4-2bf5-4c08-9483-bd636470bc11,b99df4a4-2bf5-4c08-9483-bd636470bc11
56d77ba8-8dd6-4c65-a4bf-097a490552b7,assessment_1_3602574,259,OneTrust Automation,79f09a0f-fbd7-4439-9e1e-d48abe62c98e,https://Assessment/Assessment/56d77ba8-8dd6-4c65-a4bf-097a490552b7,OTAuto02,b99df4a4-2bf5-4c08-9483-bd636470bc11,b99df4a4-2bf5-4c08-9483-bd636470bc11
a41fc6f1-f749-4e6e-85d5-b0412871944d,Automated_Assessment_7180_19032026,240,OneTrust Automation,79f09a0f-fbd7-4439-9e1e-d48abe62c98e,https://Assessment/Assessment/a41fc6f1-f749-4e6e-85d5-b0412871944d,OTAuto02,b99df4a4-2bf5-4c08-9483-bd636470bc11,b99df4a4-2bf5-4c08-9483-bd636470bc11
e3727358-e896-4c28-98bb-f8b62059fea9,Automated_Assessment_02_8761252,245,OneTrust Automation,79f09a0f-fbd7-4439-9e1e-d48abe62c98e,https://Assessment/Assessment/e3727358-e896-4c28-98bb-f8b62059fea9,OTAuto02,b99df4a4-2bf5-4c08-9483-bd636470bc11,b99df4a4-2bf5-4c08-9483-bd636470bc11
17d130b1-ca43-443e-8663-f0680fda63ce,assessment_43465_8061300,312,OneTrust Automation,79f09a0f-fbd7-4439-9e1e-d48abe62c98e,https://Assessment/Assessment/17d130b1-ca43-443e-8663-f0680fda63ce,OTAuto02,b99df4a4-2bf5-4c08-9483-bd636470bc11,b99df4a4-2bf5-4c08-9483-bd636470bc11
1bb89237-45cd-45a6-9b75-ea7b2a11d0fc,Assessment_7124966,269,OneTrust Automation,79f09a0f-fbd7-4439-9e1e-d48abe62c98e,https://Assessment/Assessment/1bb89237-45cd-45a6-9b75-ea7b2a11d0fc,OTAuto02,b99df4a4-2bf5-4c08-9483-bd636470bc11,b99df4a4-2bf5-4c08-9483-bd636470bc11
24a718bf-56be-4dac-9cf9-679da0074753,assessment_39526_2_19032026,296,OneTrust Automation,79f09a0f-fbd7-4439-9e1e-d48abe62c98e,https://Assessment/Assessment/24a718bf-56be-4dac-9cf9-679da0074753,OTAuto02,b99df4a4-2bf5-4c08-9483-bd636470bc11,b99df4a4-2bf5-4c08-9483-bd636470bc11
32103ae5-0f3f-49d9-9663-b0958ae33845,assessment_39526_1_19032026_cogoldajrvmzgawhqjcpfopqavukdzkjsetprwuxndpvlsdfpgnmkliqijbnstrhmzmszrxcmylfwvuumycnhncxznoabacrkxsj,286,OneTrust Automation,79f09a0f-fbd7-4439-9e1e-d48abe62c98e,https://Assessment/Assessment/32103ae5-0f3f-49d9-9663-b0958ae33845,OTAuto02,b99df4a4-2bf5-4c08-9483-bd636470bc11,b99df4a4-2bf5-4c08-9483-bd636470bc11
549b8ff7-5c65-4ac0-a267-9a7125f09080,automation4_assessment_60537_19032026,308,OneTrust Automation,79f09a0f-fbd7-4439-9e1e-d48abe62c98e,https://Assessment/Assessment/549b8ff7-5c65-4ac0-a267-9a7125f09080,OTAuto02,b99df4a4-2bf5-4c08-9483-bd636470bc11,b99df4a4-2bf5-4c08-9483-bd636470bc11
68ea1068-d5b7-455b-8822-37b0073a568d,Assessment_Auto_1_97777_19032026,322,OneTrust Automation,79f09a0f-fbd7-4439-9e1e-d48abe62c98e,https://Assessment/Assessment/68ea1068-d5b7-455b-8822-37b0073a568d,OTAuto02,b99df4a4-2bf5-4c08-9483-bd636470bc11,b99df4a4-2bf5-4c08-9483-bd636470bc11
6cdf8784-b20f-4d59-853f-9b55a6d57e69,automation_project_42480_1756982,307,OneTrust Automation,79f09a0f-fbd7-4439-9e1e-d48abe62c98e,https://Assessment/Assessment/6cdf8784-b20f-4d59-853f-9b55a6d57e69,OTAuto02,b99df4a4-2bf5-4c08-9483-bd636470bc11,b99df4a4-2bf5-4c08-9483-bd636470bc11
75751666-bdfd-443e-b361-e96bff186277,Inventory_38868_Assessment_19032026,271,OneTrust Automation,79f09a0f-fbd7-4439-9e1e-d48abe62c98e,https://Assessment/Assessment/75751666-bdfd-443e-b361-e96bff186277,OTAuto02,b99df4a4-2bf5-4c08-9483-bd636470bc11,b99df4a4-2bf5-4c08-9483-bd636470bc11
9b13b7d4-c98a-4107-9a7f-e29d73e87e71,assessment_1_2495693,289,OneTrust Automation,79f09a0f-fbd7-4439-9e1e-d48abe62c98e,https://Assessment/Assessment/9b13b7d4-c98a-4107-9a7f-e29d73e87e71,OTAuto02,b99df4a4-2bf5-4c08-9483-bd636470bc11,b99df4a4-2bf5-4c08-9483-bd636470bc11
c0521834-7a5f-4660-8893-f6da9c55e1de,automation2_assessment_60537_19032026,273,OneTrust Automation,79f09a0f-fbd7-4439-9e1e-d48abe62c98e,https://Assessment/Assessment/c0521834-7a5f-4660-8893-f6da9c55e1de,OTAuto02,b99df4a4-2bf5-4c08-9483-bd636470bc11,b99df4a4-2bf5-4c08-9483-bd636470bc11
e07a8204-ab89-460e-a848-75ec3f560c96,assessment_2_2495693,291,OneTrust Automation,79f09a0f-fbd7-4439-9e1e-d48abe62c98e,https://Assessment/Assessment/e07a8204-ab89-460e-a848-75ec3f560c96,OTAuto02,b99df4a4-2bf5-4c08-9483-bd636470bc11,b99df4a4-2bf5-4c08-9483-bd636470bc11
e1d2dd6b-3730-413d-a20c-f826ed4ac9f4,automation3_assessment_60537_19032026,285,OneTrust Automation,79f09a0f-fbd7-4439-9e1e-d48abe62c98e,https://Assessment/Assessment/e1d2dd6b-3730-413d-a20c-f826ed4ac9f4,OTAuto02,b99df4a4-2bf5-4c08-9483-bd636470bc11,b99df4a4-2bf5-4c08-9483-bd636470bc11
e5df9ec3-fa01-4985-ad65-45772bae77da,automation3_assessment_60537_19032026 - automation1_template_60537_19032026,295,OneTrust Automation,79f09a0f-fbd7-4439-9e1e-d48abe62c98e,https://Assessment/Assessment/e5df9ec3-fa01-4985-ad65-45772bae77da,OTAuto02,b99df4a4-2bf5-4c08-9483-bd636470bc11,b99df4a4-2bf5-4c08-9483-bd636470bc11
06dc8a3d-93f3-4439-bdea-c1e5d1d5fc8e,automation_project_42840_9028858,347,OneTrust Automation,79f09a0f-fbd7-4439-9e1e-d48abe62c98e,https://Assessment/Assessment/06dc8a3d-93f3-4439-bdea-c1e5d1d5fc8e,OTAuto02,b99df4a4-2bf5-4c08-9483-bd636470bc11,b99df4a4-2bf5-4c08-9483-bd636470bc11
138e67bd-8595-476c-900f-7cb016f60f45,automation_project_42843_4716816,313,OneTrust Automation,79f09a0f-fbd7-4439-9e1e-d48abe62c98e,https://Assessment/Assessment/138e67bd-8595-476c-900f-7cb016f60f45,OTAuto02,b99df4a4-2bf5-4c08-9483-bd636470bc11,b99df4a4-2bf5-4c08-9483-bd636470bc11
2781ca11-07a7-4f8d-8281-97d94e449740,Assessment_Auto_4_97777_19032026,325,OneTrust Automation,79f09a0f-fbd7-4439-9e1e-d48abe62c98e,https://Assessment/Assessment/2781ca11-07a7-4f8d-8281-97d94e449740,OTAuto02,b99df4a4-2bf5-4c08-9483-bd636470bc11,b99df4a4-2bf5-4c08-9483-bd636470bc11
2c6c64c1-3ac5-434d-a770-32a363022b1e,Assessment_Auto_2_97777_19032026,323,OneTrust Automation,79f09a0f-fbd7-4439-9e1e-d48abe62c98e,https://Assessment/Assessment/2c6c64c1-3ac5-434d-a770-32a363022b1e,OTAuto02,b99df4a4-2bf5-4c08-9483-bd636470bc11,b99df4a4-2bf5-4c08-9483-bd636470bc11
9722b1de-843f-4039-838e-e80906548fd0,Automated_Assessment_1109_19032026,331,OneTrust Automation,79f09a0f-fbd7-4439-9e1e-d48abe62c98e,https://Assessment/Assessment/9722b1de-843f-4039-838e-e80906548fd0,OTAuto02,b99df4a4-2bf5-4c08-9483-bd636470bc11,b99df4a4-2bf5-4c08-9483-bd636470bc11
9c9c81a7-0952-4976-b6df-0122f7fdc35b,Assessment_Auto_3_97777_19032026,324,OneTrust Automation,79f09a0f-fbd7-4439-9e1e-d48abe62c98e,https://Assessment/Assessment/9c9c81a7-0952-4976-b6df-0122f7fdc35b,OTAuto02,b99df4a4-2bf5-4c08-9483-bd636470bc11,b99df4a4-2bf5-4c08-9483-bd636470bc11
aba01c11-9cd9-404e-b851-2b01d65570eb,Automated_Assessment_7418065,315,privacyofficer user,aa5e22c6-dc4f-473f-8aa5-46753f07d37d,https://Assessment/Assessment/aba01c11-9cd9-404e-b851-2b01d65570eb,OTAuto02,b99df4a4-2bf5-4c08-9483-bd636470bc11,b99df4a4-2bf5-4c08-9483-bd636470bc11
b12fedd9-89cb-4929-a17e-d7e4bb10909a,Assessment_30058_7160678,348,privacyofficer user,aa5e22c6-dc4f-473f-8aa5-46753f07d37d,https://Assessment/Assessment/b12fedd9-89cb-4929-a17e-d7e4bb10909a,OTAuto02,b99df4a4-2bf5-4c08-9483-bd636470bc11,b99df4a4-2bf5-4c08-9483-bd636470bc11
bc4f96ce-e437-4a58-b409-54c1f985b645,assessment_43465_6291137,345,OneTrust Automation,79f09a0f-fbd7-4439-9e1e-d48abe62c98e,https://Assessment/Assessment/bc4f96ce-e437-4a58-b409-54c1f985b645,OTAuto02,b99df4a4-2bf5-4c08-9483-bd636470bc11,b99df4a4-2bf5-4c08-9483-bd636470bc11
cee60151-ccb4-4980-ac6e-31ab727e34e9,Automated_Assessment_68587_1132672,326,OneTrust Automation,79f09a0f-fbd7-4439-9e1e-d48abe62c98e,https://Assessment/Assessment/cee60151-ccb4-4980-ac6e-31ab727e34e9,OTAuto02,b99df4a4-2bf5-4c08-9483-bd636470bc11,b99df4a4-2bf5-4c08-9483-bd636470bc11
cf6bea02-7128-4e98-8e74-32079e141fd8,Assessment_7580_19032026,344,OneTrust Automation,79f09a0f-fbd7-4439-9e1e-d48abe62c98e,https://Assessment/Assessment/cf6bea02-7128-4e98-8e74-32079e141fd8,OTAuto02,b99df4a4-2bf5-4c08-9483-bd636470bc11,b99df4a4-2bf5-4c08-9483-bd636470bc11
e73c3e74-d943-455d-b283-b0fb0cfd4666,automated_assessment_Bulk_1_7365663,328,OneTrust Automation,79f09a0f-fbd7-4439-9e1e-d48abe62c98e,https://Assessment/Assessment/e73c3e74-d943-455d-b283-b0fb0cfd4666,OTAuto02,b99df4a4-2bf5-4c08-9483-bd636470bc11,b99df4a4-2bf5-4c08-9483-bd636470bc11
f5067ba5-9953-436c-8849-ee3856f8165f,Automated_Assessment_02_5171547,340,OneTrust Automation,79f09a0f-fbd7-4439-9e1e-d48abe62c98e,https://Assessment/Assessment/f5067ba5-9953-436c-8849-ee3856f8165f,OTAuto02,b99df4a4-2bf5-4c08-9483-bd636470bc11,b99df4a4-2bf5-4c08-9483-bd636470bc11
cee0b44c-d184-4313-ade3-c2860612facb,Assessment_5250521,369,OneTrust Automation,79f09a0f-fbd7-4439-9e1e-d48abe62c98e,https://Assessment/Assessment/cee0b44c-d184-4313-ade3-c2860612facb,OTAuto02,b99df4a4-2bf5-4c08-9483-bd636470bc11,b99df4a4-2bf5-4c08-9483-bd636470bc11
b65cd708-0405-4cfd-9714-00a3e647014d,Automated_Assessment_65056_658820,371,OneTrust Automation,79f09a0f-fbd7-4439-9e1e-d48abe62c98e,https://Assessment/Assessment/b65cd708-0405-4cfd-9714-00a3e647014d,OTAuto02,b99df4a4-2bf5-4c08-9483-bd636470bc11,b99df4a4-2bf5-4c08-9483-bd636470bc11
c6d1108f-0d6e-496e-b198-401c471ef5bd,automation_project_42833_6300990,351,OneTrust Automation,79f09a0f-fbd7-4439-9e1e-d48abe62c98e,https://Assessment/Assessment/c6d1108f-0d6e-496e-b198-401c471ef5bd,OTAuto02,b99df4a4-2bf5-4c08-9483-bd636470bc11,b99df4a4-2bf5-4c08-9483-bd636470bc11
b7bb3e24-59fd-4465-ae57-7b6399bf6b68,automation_assessment_6827396,377,OneTrust Automation,79f09a0f-fbd7-4439-9e1e-d48abe62c98e,https://Assessment/Assessment/b7bb3e24-59fd-4465-ae57-7b6399bf6b68,OTAuto02,b99df4a4-2bf5-4c08-9483-bd636470bc11,b99df4a4-2bf5-4c08-9483-bd636470bc11
05baa95e-43e3-4de4-a547-084c0a2c5cc9,assessment_1_1952760,366,OneTrust Automation,79f09a0f-fbd7-4439-9e1e-d48abe62c98e,https://Assessment/Assessment/05baa95e-43e3-4de4-a547-084c0a2c5cc9,OTAuto02,b99df4a4-2bf5-4c08-9483-bd636470bc11,b99df4a4-2bf5-4c08-9483-bd636470bc11
11bc8c79-83ce-425d-8af4-7fe4618270c0,automation_project_42832_4826473,390,OneTrust Automation,79f09a0f-fbd7-4439-9e1e-d48abe62c98e,https://Assessment/Assessment/11bc8c79-83ce-425d-8af4-7fe4618270c0,OTAuto02,b99df4a4-2bf5-4c08-9483-bd636470bc11,b99df4a4-2bf5-4c08-9483-bd636470bc11
1d0e1a2b-b0eb-4f65-9060-059bf4420e16,Automated_Assessment_3036941,405,OneTrust Automation,79f09a0f-fbd7-4439-9e1e-d48abe62c98e,https://Assessment/Assessment/1d0e1a2b-b0eb-4f65-9060-059bf4420e16,OTAuto02,b99df4a4-2bf5-4c08-9483-bd636470bc11,b99df4a4-2bf5-4c08-9483-bd636470bc11
6f65c673-53f7-44ff-ba39-764b10ce6aa9,Automated_Assessment_4045956,388,OneTrust Automation,79f09a0f-fbd7-4439-9e1e-d48abe62c98e,https://Assessment/Assessment/6f65c673-53f7-44ff-ba39-764b10ce6aa9,OTAuto02,b99df4a4-2bf5-4c08-9483-bd636470bc11,b99df4a4-2bf5-4c08-9483-bd636470bc11
b8e45c3e-f9d1-4df0-b34d-776bc275d2cc,Automated_Assessment_1_4045956,396,OneTrust Automation,79f09a0f-fbd7-4439-9e1e-d48abe62c98e,https://Assessment/Assessment/b8e45c3e-f9d1-4df0-b34d-776bc275d2cc,OTAuto02,b99df4a4-2bf5-4c08-9483-bd636470bc11,b99df4a4-2bf5-4c08-9483-bd636470bc11
ba08cd4f-e7cd-49af-926e-6524c9a3703c,Assessment_40077_2793529,398,OneTrust Automation,79f09a0f-fbd7-4439-9e1e-d48abe62c98e,https://Assessment/Assessment/ba08cd4f-e7cd-49af-926e-6524c9a3703c,OTAuto02,b99df4a4-2bf5-4c08-9483-bd636470bc11,b99df4a4-2bf5-4c08-9483-bd636470bc11
bcdde726-874a-4a77-8859-75506a91f243,automation_project_42831_1484371,379,OneTrust Automation,79f09a0f-fbd7-4439-9e1e-d48abe62c98e,https://Assessment/Assessment/bcdde726-874a-4a77-8859-75506a91f243,OTAuto02,b99df4a4-2bf5-4c08-9483-bd636470bc11,b99df4a4-2bf5-4c08-9483-bd636470bc11
cef432d6-1eca-4817-9a1e-aef69ee35487,Automated_Assessment_4745397,406,OneTrust Automation,79f09a0f-fbd7-4439-9e1e-d48abe62c98e,https://Assessment/Assessment/cef432d6-1eca-4817-9a1e-aef69ee35487,OTAuto02,b99df4a4-2bf5-4c08-9483-bd636470bc11,b99df4a4-2bf5-4c08-9483-bd636470bc11
db1e2e77-f445-403e-8234-106a0ba3a3da,Assessment_41139_8439036,394,OneTrust Automation,79f09a0f-fbd7-4439-9e1e-d48abe62c98e,https://Assessment/Assessment/db1e2e77-f445-403e-8234-106a0ba3a3da,OTAuto02,b99df4a4-2bf5-4c08-9483-bd636470bc11,b99df4a4-2bf5-4c08-9483-bd636470bc11
eff0dc69-b1b7-4684-8edc-8e0abb001cfc,Automated_Assessment_5525_2704970,378,OneTrust Automation,79f09a0f-fbd7-4439-9e1e-d48abe62c98e,https://Assessment/Assessment/eff0dc69-b1b7-4684-8edc-8e0abb001cfc,OTAuto02,b99df4a4-2bf5-4c08-9483-bd636470bc11,b99df4a4-2bf5-4c08-9483-bd636470bc11
f205988f-e639-4280-913d-ea1064e03e57,automated_assessment_3491_9218749,383,privacyofficer user,aa5e22c6-dc4f-473f-8aa5-46753f07d37d,https://Assessment/Assessment/f205988f-e639-4280-913d-ea1064e03e57,OTAuto02,b99df4a4-2bf5-4c08-9483-bd636470bc11,b99df4a4-2bf5-4c08-9483-bd636470bc11
f205988f-e639-4280-913d-ea1064e03e57,automated_assessment_3491_9218749,383,OneTrust Automation,79f09a0f-fbd7-4439-9e1e-d48abe62c98e,https://Assessment/Assessment/f205988f-e639-4280-913d-ea1064e03e57,OTAuto02,b99df4a4-2bf5-4c08-9483-bd636470bc11,b99df4a4-2bf5-4c08-9483-bd636470bc11
fc541012-c9f6-4961-bece-a0830ca87e2f,processing-activities_41163_4994536,404,privacyofficer user,aa5e22c6-dc4f-473f-8aa5-46753f07d37d,https://Assessment/Assessment/fc541012-c9f6-4961-bece-a0830ca87e2f,OTAuto02,b99df4a4-2bf5-4c08-9483-bd636470bc11,b99df4a4-2bf5-4c08-9483-bd636470bc11
248588c7-9f38-4ab5-92f2-e161230a6ce4,assessment_40780_2739127,414,OneTrust Automation,79f09a0f-fbd7-4439-9e1e-d48abe62c98e,https://Assessment/Assessment/248588c7-9f38-4ab5-92f2-e161230a6ce4,OTAuto02,b99df4a4-2bf5-4c08-9483-bd636470bc11,b99df4a4-2bf5-4c08-9483-bd636470bc11
3ba5e3bd-c8cd-4d5d-8290-b530c0184193,assessmentExportResponses_4326765,417,OneTrust Automation,79f09a0f-fbd7-4439-9e1e-d48abe62c98e,https://Assessment/Assessment/3ba5e3bd-c8cd-4d5d-8290-b530c0184193,OTAuto02,b99df4a4-2bf5-4c08-9483-bd636470bc11,b99df4a4-2bf5-4c08-9483-bd636470bc11
41b61fbe-62b6-42b2-9915-b8bcbecc6472,automation_control_assessment_6530177,410,privacyofficer user,aa5e22c6-dc4f-473f-8aa5-46753f07d37d,https://Assessment/Assessment/41b61fbe-62b6-42b2-9915-b8bcbecc6472,OTAuto02,b99df4a4-2bf5-4c08-9483-bd636470bc11,b99df4a4-2bf5-4c08-9483-bd636470bc11
7e50cf11-96dd-43b0-9dc1-2256c8b11a3b,Automated_Assessment_7513294,422,OneTrust Automation,79f09a0f-fbd7-4439-9e1e-d48abe62c98e,https://Assessment/Assessment/7e50cf11-96dd-43b0-9dc1-2256c8b11a3b,OTAuto02,b99df4a4-2bf5-4c08-9483-bd636470bc11,b99df4a4-2bf5-4c08-9483-bd636470bc11
83bed76c-aa5f-4ae0-ab17-1729aa9c3fd2,Automated_Assessment_63076_1497112,427,OneTrust Automation,79f09a0f-fbd7-4439-9e1e-d48abe62c98e,https://Assessment/Assessment/83bed76c-aa5f-4ae0-ab17-1729aa9c3fd2,OTAuto02,b99df4a4-2bf5-4c08-9483-bd636470bc11,b99df4a4-2bf5-4c08-9483-bd636470bc11
89c7a860-fa99-47e7-9622-f5e337806a48,Assessment_1_8635093,421,OneTrust Automation,79f09a0f-fbd7-4439-9e1e-d48abe62c98e,https://Assessment/Assessment/89c7a860-fa99-47e7-9622-f5e337806a48,OTAuto02,b99df4a4-2bf5-4c08-9483-bd636470bc11,b99df4a4-2bf5-4c08-9483-bd636470bc11
ea34cd2b-1901-46c9-8706-2dc9d111f6be,Assessment_1_1401121,413,OneTrust Automation,79f09a0f-fbd7-4439-9e1e-d48abe62c98e,https://Assessment/Assessment/ea34cd2b-1901-46c9-8706-2dc9d111f6be,OTAuto02,b99df4a4-2bf5-4c08-9483-bd636470bc11,b99df4a4-2bf5-4c08-9483-bd636470bc11
89decbc9-eab8-47a2-82e5-8ab8d3c4a986,Automated_Assessment_57362_3238795,454,OneTrust Automation,79f09a0f-fbd7-4439-9e1e-d48abe62c98e,https://Assessment/Assessment/89decbc9-eab8-47a2-82e5-8ab8d3c4a986,OTAuto02,b99df4a4-2bf5-4c08-9483-bd636470bc11,b99df4a4-2bf5-4c08-9483-bd636470bc11
cca4bc36-cf42-45e4-a90b-f660fee602cb,Automated_Assessment_6393065,442,OneTrust Automation,79f09a0f-fbd7-4439-9e1e-d48abe62c98e,https://Assessment/Assessment/cca4bc36-cf42-45e4-a90b-f660fee602cb,OTAuto02,b99df4a4-2bf5-4c08-9483-bd636470bc11,b99df4a4-2bf5-4c08-9483-bd636470bc11
d2ff457e-bda6-4b1a-b523-b2c245044f7e,Automated_Assessment_9074141,441,OneTrust Automation,79f09a0f-fbd7-4439-9e1e-d48abe62c98e,https://Assessment/Assessment/d2ff457e-bda6-4b1a-b523-b2c245044f7e,OTAuto02,b99df4a4-2bf5-4c08-9483-bd636470bc11,b99df4a4-2bf5-4c08-9483-bd636470bc11
1f4ebcc6-dba0-400b-a60e-fbba17a458d1,Automated_Assessment_8742875,440,privacyofficer user,aa5e22c6-dc4f-473f-8aa5-46753f07d37d,https://Assessment/Assessment/1f4ebcc6-dba0-400b-a60e-fbba17a458d1,OTAuto02,b99df4a4-2bf5-4c08-9483-bd636470bc11,b99df4a4-2bf5-4c08-9483-bd636470bc11
051eaed9-d425-490a-ab4f-87fc43f7249d,Automated_Assessment_5923325,485,privacyofficer user,aa5e22c6-dc4f-473f-8aa5-46753f07d37d,https://Assessment/Assessment/051eaed9-d425-490a-ab4f-87fc43f7249d,OTAuto02,b99df4a4-2bf5-4c08-9483-bd636470bc11,b99df4a4-2bf5-4c08-9483-bd636470bc11
05e1a9f4-c9da-49c8-96ad-7179bb15a8eb,Inventory_Assessment_5453446 - Template_5453446,492,OneTrust Automation,79f09a0f-fbd7-4439-9e1e-d48abe62c98e,https://Assessment/Assessment/05e1a9f4-c9da-49c8-96ad-7179bb15a8eb,OTAuto02,b99df4a4-2bf5-4c08-9483-bd636470bc11,b99df4a4-2bf5-4c08-9483-bd636470bc11
2387481e-327d-4bf7-b867-4d93d721e5f3,asset_41165_01_386074,472,privacyofficer user,aa5e22c6-dc4f-473f-8aa5-46753f07d37d,https://Assessment/Assessment/2387481e-327d-4bf7-b867-4d93d721e5f3,OTAuto02,b99df4a4-2bf5-4c08-9483-bd636470bc11,b99df4a4-2bf5-4c08-9483-bd636470bc11
5213178f-7139-423b-968a-ea48ec7e1c43,Automated_Assessment_6668471,479,privacyofficer user,aa5e22c6-dc4f-473f-8aa5-46753f07d37d,https://Assessment/Assessment/5213178f-7139-423b-968a-ea48ec7e1c43,OTAuto02,b99df4a4-2bf5-4c08-9483-bd636470bc11,b99df4a4-2bf5-4c08-9483-bd636470bc11
646fd1e8-42e1-40af-8666-34e6d896a2d7,automation_project_78083_9834962,487,OneTrust Automation,79f09a0f-fbd7-4439-9e1e-d48abe62c98e,https://Assessment/Assessment/646fd1e8-42e1-40af-8666-34e6d896a2d7,OTAuto02,b99df4a4-2bf5-4c08-9483-bd636470bc11,b99df4a4-2bf5-4c08-9483-bd636470bc11
6c9b267a-2699-4320-b6c2-d524ec001ad4,Assessment_1_5234746,468,OneTrust Automation,79f09a0f-fbd7-4439-9e1e-d48abe62c98e,https://Assessment/Assessment/6c9b267a-2699-4320-b6c2-d524ec001ad4,OTAuto02,b99df4a4-2bf5-4c08-9483-bd636470bc11,b99df4a4-2bf5-4c08-9483-bd636470bc11
962982cc-574b-494d-9660-476aac16faed,Automated_Assessment_8903026,473,OneTrust Automation,79f09a0f-fbd7-4439-9e1e-d48abe62c98e,https://Assessment/Assessment/962982cc-574b-494d-9660-476aac16faed,OTAuto02,b99df4a4-2bf5-4c08-9483-bd636470bc11,b99df4a4-2bf5-4c08-9483-bd636470bc11
9a9ff45f-56ad-4b73-85a1-12606365f897,automation_project_42480_8069884,476,OneTrust Automation,79f09a0f-fbd7-4439-9e1e-d48abe62c98e,https://Assessment/Assessment/9a9ff45f-56ad-4b73-85a1-12606365f897,OTAuto02,b99df4a4-2bf5-4c08-9483-bd636470bc11,b99df4a4-2bf5-4c08-9483-bd636470bc11
a821ecee-d420-419a-9612-987a98fe99e9,automated_assessment_9237858,493,OneTrust Automation,79f09a0f-fbd7-4439-9e1e-d48abe62c98e,https://Assessment/Assessment/a821ecee-d420-419a-9612-987a98fe99e9,OTAuto02,b99df4a4-2bf5-4c08-9483-bd636470bc11,b99df4a4-2bf5-4c08-9483-bd636470bc11
acb94bdc-ed04-44cf-a267-ff061d8ede92,Automated_Assessment_7548484,445,OneTrust Automation,79f09a0f-fbd7-4439-9e1e-d48abe62c98e,https://Assessment/Assessment/acb94bdc-ed04-44cf-a267-ff061d8ede92,OTAuto02,b99df4a4-2bf5-4c08-9483-bd636470bc11,b99df4a4-2bf5-4c08-9483-bd636470bc11
bf28e62a-6ef4-482a-9e3e-2430129c383f,automated_assessment_40201_322878,464,OneTrust Automation,79f09a0f-fbd7-4439-9e1e-d48abe62c98e,https://Assessment/Assessment/bf28e62a-6ef4-482a-9e3e-2430129c383f,OTAuto02,b99df4a4-2bf5-4c08-9483-bd636470bc11,b99df4a4-2bf5-4c08-9483-bd636470bc11
cd8a2f2d-2d29-4915-9447-a7f50ca5257e,Automated_Assessment_2781937,495,OneTrust Automation,79f09a0f-fbd7-4439-9e1e-d48abe62c98e,https://Assessment/Assessment/cd8a2f2d-2d29-4915-9447-a7f50ca5257e,OTAuto02,b99df4a4-2bf5-4c08-9483-bd636470bc11,b99df4a4-2bf5-4c08-9483-bd636470bc11
cf372f64-91fe-4c74-a1e4-ca6746bab6c4,Automated_Assessment_9395745,489,OneTrust Automation,79f09a0f-fbd7-4439-9e1e-d48abe62c98e,https://Assessment/Assessment/cf372f64-91fe-4c74-a1e4-ca6746bab6c4,OTAuto02,b99df4a4-2bf5-4c08-9483-bd636470bc11,b99df4a4-2bf5-4c08-9483-bd636470bc11
e2834971-c691-4875-b340-fe167b941d28,Automated_Assessment_68751_6046113,469,OneTrust Automation,79f09a0f-fbd7-4439-9e1e-d48abe62c98e,https://Assessment/Assessment/e2834971-c691-4875-b340-fe167b941d28,OTAuto02,b99df4a4-2bf5-4c08-9483-bd636470bc11,b99df4a4-2bf5-4c08-9483-bd636470bc11
3dc8f62d-a2b6-448f-b43b-46eeba7bdea1,Assessment_1944484,499,OneTrust Automation,79f09a0f-fbd7-4439-9e1e-d48abe62c98e,https://Assessment/Assessment/3dc8f62d-a2b6-448f-b43b-46eeba7bdea1,OTAuto02,b99df4a4-2bf5-4c08-9483-bd636470bc11,b99df4a4-2bf5-4c08-9483-bd636470bc11
0f078b7a-a064-444d-a56b-d8c49aee11c0,automation_assessment_49311_1516454,512,OneTrust Automation,79f09a0f-fbd7-4439-9e1e-d48abe62c98e,https://Assessment/Assessment/0f078b7a-a064-444d-a56b-d8c49aee11c0,OTAuto02,b99df4a4-2bf5-4c08-9483-bd636470bc11,b99df4a4-2bf5-4c08-9483-bd636470bc11
80225a93-d391-4693-9ce3-4b347cd7402a,Automated_Assessment_9359290,515,OneTrust Automation,79f09a0f-fbd7-4439-9e1e-d48abe62c98e,https://Assessment/Assessment/80225a93-d391-4693-9ce3-4b347cd7402a,OTAuto02,b99df4a4-2bf5-4c08-9483-bd636470bc11,b99df4a4-2bf5-4c08-9483-bd636470bc11
b72b0299-8809-4839-a59f-3f5e1caf5bce,automation_project_42835_4730863,516,OneTrust Automation,79f09a0f-fbd7-4439-9e1e-d48abe62c98e,https://Assessment/Assessment/b72b0299-8809-4839-a59f-3f5e1caf5bce,OTAuto02,b99df4a4-2bf5-4c08-9483-bd636470bc11,b99df4a4-2bf5-4c08-9483-bd636470bc11
179169b1-a4e5-4c0b-869f-8e7886c5b4f4,Automated_Assessment_68753_8973283,527,OneTrust Automation,79f09a0f-fbd7-4439-9e1e-d48abe62c98e,https://Assessment/Assessment/179169b1-a4e5-4c0b-869f-8e7886c5b4f4,OTAuto02,b99df4a4-2bf5-4c08-9483-bd636470bc11,b99df4a4-2bf5-4c08-9483-bd636470bc11
2eda4e7a-58a4-4a2e-ad3a-aa836942da99,automated_assessment_40643_8386608,535,OneTrust Automation,79f09a0f-fbd7-4439-9e1e-d48abe62c98e,https://Assessment/Assessment/2eda4e7a-58a4-4a2e-ad3a-aa836942da99,OTAuto02,b99df4a4-2bf5-4c08-9483-bd636470bc11,b99df4a4-2bf5-4c08-9483-bd636470bc11
8c2f728e-e11f-4ff6-abc7-b34b4eac75e0,Assessment_01_4197915,522,user2_4197915 last_4197915,84625691-2959-4844-8ef3-1a18eae6059d,https://Assessment/Assessment/8c2f728e-e11f-4ff6-abc7-b34b4eac75e0,OTAuto02,b99df4a4-2bf5-4c08-9483-bd636470bc11,b99df4a4-2bf5-4c08-9483-bd636470bc11
990e0513-76ca-40ab-ba95-b73b01a8ad6c,assessment_42253_9677085,548,OneTrust Automation,79f09a0f-fbd7-4439-9e1e-d48abe62c98e,https://Assessment/Assessment/990e0513-76ca-40ab-ba95-b73b01a8ad6c,OTAuto02,b99df4a4-2bf5-4c08-9483-bd636470bc11,b99df4a4-2bf5-4c08-9483-bd636470bc11
a69bade9-6867-403f-ade9-cc28505e0791,assessment_1_5633969 - Template_5633969,554,OneTrust Automation,79f09a0f-fbd7-4439-9e1e-d48abe62c98e,https://Assessment/Assessment/a69bade9-6867-403f-ade9-cc28505e0791,asset_org_1,6b055818-7a4a-497c-a9ba-407530f4a17d,6b055818-7a4a-497c-a9ba-407530f4a17d
a69bade9-6867-403f-ade9-cc28505e0791,assessment_1_5633969 - Template_5633969,554,OneTrust Automation,79f09a0f-fbd7-4439-9e1e-d48abe62c98e,https://Assessment/Assessment/a69bade9-6867-403f-ade9-cc28505e0791,asset_org_1,6b055818-7a4a-497c-a9ba-407530f4a17d,b99df4a4-2bf5-4c08-9483-bd636470bc11
b33cb346-0825-4f15-95db-9e6c6134be25,assessment_9738141,549,OneTrust Automation,79f09a0f-fbd7-4439-9e1e-d48abe62c98e,https://Assessment/Assessment/b33cb346-0825-4f15-95db-9e6c6134be25,OTAuto02,b99df4a4-2bf5-4c08-9483-bd636470bc11,b99df4a4-2bf5-4c08-9483-bd636470bc11
a69bade9-6867-403f-ade9-cc28505e0791,assessment_1_5633969 - Template_5633969,554,user_5633969 PO,ccc02cfa-82e2-4aad-9027-ae39227632d6,https://Assessment/Assessment/a69bade9-6867-403f-ade9-cc28505e0791,asset_org_1,6b055818-7a4a-497c-a9ba-407530f4a17d,6b055818-7a4a-497c-a9ba-407530f4a17d
a69bade9-6867-403f-ade9-cc28505e0791,assessment_1_5633969 - Template_5633969,554,user_5633969 PO,ccc02cfa-82e2-4aad-9027-ae39227632d6,https://Assessment/Assessment/a69bade9-6867-403f-ade9-cc28505e0791,asset_org_1,6b055818-7a4a-497c-a9ba-407530f4a17d,b99df4a4-2bf5-4c08-9483-bd636470bc11
048f02c2-e6ed-4193-bd95-757476ac7ba0,assessment_2242092,597,OneTrust Automation,79f09a0f-fbd7-4439-9e1e-d48abe62c98e,https://Assessment/Assessment/048f02c2-e6ed-4193-bd95-757476ac7ba0,OTAuto02,b99df4a4-2bf5-4c08-9483-bd636470bc11,b99df4a4-2bf5-4c08-9483-bd636470bc11
095003e7-967a-4690-a0e5-10f7913ba016,automation_project_42838_3199877,602,OneTrust Automation,79f09a0f-fbd7-4439-9e1e-d48abe62c98e,https://Assessment/Assessment/095003e7-967a-4690-a0e5-10f7913ba016,OTAuto02,b99df4a4-2bf5-4c08-9483-bd636470bc11,b99df4a4-2bf5-4c08-9483-bd636470bc11
227add16-aa2f-48a5-aa10-e5c34f0a8627,assessment_1_2242092,598,OneTrust Automation,79f09a0f-fbd7-4439-9e1e-d48abe62c98e,https://Assessment/Assessment/227add16-aa2f-48a5-aa10-e5c34f0a8627,OTAuto02,b99df4a4-2bf5-4c08-9483-bd636470bc11,b99df4a4-2bf5-4c08-9483-bd636470bc11
24c8c567-ba13-4e3a-9359-b4c68a6fa6c5,Automated_Assessment_7175981,643,OneTrust Automation,79f09a0f-fbd7-4439-9e1e-d48abe62c98e,https://Assessment/Assessment/24c8c567-ba13-4e3a-9359-b4c68a6fa6c5,OTAuto02,b99df4a4-2bf5-4c08-9483-bd636470bc11,b99df4a4-2bf5-4c08-9483-bd636470bc11
4bde5f3a-3028-4898-b68b-2225d8440e4b,assessment_1_2219821,633,OneTrust Automation,79f09a0f-fbd7-4439-9e1e-d48abe62c98e,https://Assessment/Assessment/4bde5f3a-3028-4898-b68b-2225d8440e4b,OTAuto02,b99df4a4-2bf5-4c08-9483-bd636470bc11,b99df4a4-2bf5-4c08-9483-bd636470bc11
50f7eadc-77e4-46e2-9891-0b7590e730ad,Automated_Assessment_4995229,607,OneTrust Automation,79f09a0f-fbd7-4439-9e1e-d48abe62c98e,https://Assessment/Assessment/50f7eadc-77e4-46e2-9891-0b7590e730ad,OTAuto02,b99df4a4-2bf5-4c08-9483-bd636470bc11,b99df4a4-2bf5-4c08-9483-bd636470bc11
70510162-63fb-45c1-8a46-5cfcc8f464cc,assessment_43642_5437860,632,OneTrust Automation,79f09a0f-fbd7-4439-9e1e-d48abe62c98e,https://Assessment/Assessment/70510162-63fb-45c1-8a46-5cfcc8f464cc,OTAuto02,b99df4a4-2bf5-4c08-9483-bd636470bc11,b99df4a4-2bf5-4c08-9483-bd636470bc11
7574c518-5f36-4e3c-93b0-d0e3d506197a,assessment_approved_2242092,594,OneTrust Automation,79f09a0f-fbd7-4439-9e1e-d48abe62c98e,https://Assessment/Assessment/7574c518-5f36-4e3c-93b0-d0e3d506197a,OTAuto02,b99df4a4-2bf5-4c08-9483-bd636470bc11,b99df4a4-2bf5-4c08-9483-bd636470bc11
8371e785-49f6-4082-bf91-46eac41b7f30,Inventory_Assessment_9053925,605,OneTrust Automation,79f09a0f-fbd7-4439-9e1e-d48abe62c98e,https://Assessment/Assessment/8371e785-49f6-4082-bf91-46eac41b7f30,OTAuto02,b99df4a4-2bf5-4c08-9483-bd636470bc11,b99df4a4-2bf5-4c08-9483-bd636470bc11
8f5eb625-de4d-402f-b302-f3302d6ff8df,automated_assessment_63304_2322060,586,OneTrust Automation,79f09a0f-fbd7-4439-9e1e-d48abe62c98e,https://Assessment/Assessment/8f5eb625-de4d-402f-b302-f3302d6ff8df,OTAuto02,b99df4a4-2bf5-4c08-9483-bd636470bc11,b99df4a4-2bf5-4c08-9483-bd636470bc11
8f7ad10b-4e4a-499f-9b39-024afeff5aa2,Automated_Assessment_61301_2486675,627,privacyofficer user,aa5e22c6-dc4f-473f-8aa5-46753f07d37d,https://Assessment/Assessment/8f7ad10b-4e4a-499f-9b39-024afeff5aa2,OTAuto02,b99df4a4-2bf5-4c08-9483-bd636470bc11,b99df4a4-2bf5-4c08-9483-bd636470bc11
b27b746f-1904-415b-9373-eb476b42049e,assessment_4274531 - Template_1_4274531,641,OneTrust Automation,79f09a0f-fbd7-4439-9e1e-d48abe62c98e,https://Assessment/Assessment/b27b746f-1904-415b-9373-eb476b42049e,OTAuto02,b99df4a4-2bf5-4c08-9483-bd636470bc11,b99df4a4-2bf5-4c08-9483-bd636470bc11
bcb7b417-746f-4aaa-bb47-ad661eaa3e75,assessment_rejected_2242092,595,OneTrust Automation,79f09a0f-fbd7-4439-9e1e-d48abe62c98e,https://Assessment/Assessment/bcb7b417-746f-4aaa-bb47-ad661eaa3e75,OTAuto02,b99df4a4-2bf5-4c08-9483-bd636470bc11,b99df4a4-2bf5-4c08-9483-bd636470bc11
bcc34ee5-6f3c-4c9c-900c-9825149b5fba,assessment_4274531,640,OneTrust Automation,79f09a0f-fbd7-4439-9e1e-d48abe62c98e,https://Assessment/Assessment/bcc34ee5-6f3c-4c9c-900c-9825149b5fba,OTAuto02,b99df4a4-2bf5-4c08-9483-bd636470bc11,b99df4a4-2bf5-4c08-9483-bd636470bc11
cb3bfb33-6731-4562-90dc-8cef0641c1d2,assessment_42286_4005585,587,OneTrust Automation,79f09a0f-fbd7-4439-9e1e-d48abe62c98e,https://Assessment/Assessment/cb3bfb33-6731-4562-90dc-8cef0641c1d2,OTAuto02,b99df4a4-2bf5-4c08-9483-bd636470bc11,b99df4a4-2bf5-4c08-9483-bd636470bc11
f826477d-563f-412d-8d2d-b33301447c2d,assessment_42284_2104079,623,OneTrust Automation,79f09a0f-fbd7-4439-9e1e-d48abe62c98e,https://Assessment/Assessment/f826477d-563f-412d-8d2d-b33301447c2d,OTAuto02,b99df4a4-2bf5-4c08-9483-bd636470bc11,b99df4a4-2bf5-4c08-9483-bd636470bc11
054306fa-f88c-42ee-8479-c677b46977c1,Section_Assigned_Assessment_7140534,666,OneTrust Automation,79f09a0f-fbd7-4439-9e1e-d48abe62c98e,https://Assessment/Assessment/054306fa-f88c-42ee-8479-c677b46977c1,OTAuto02,b99df4a4-2bf5-4c08-9483-bd636470bc11,b99df4a4-2bf5-4c08-9483-bd636470bc11
dcca7215-16d6-4571-9b71-d8fafc7202f8,assessment_42339_9496215,668,OneTrust Automation,79f09a0f-fbd7-4439-9e1e-d48abe62c98e,https://Assessment/Assessment/dcca7215-16d6-4571-9b71-d8fafc7202f8,OTAuto02,b99df4a4-2bf5-4c08-9483-bd636470bc11,b99df4a4-2bf5-4c08-9483-bd636470bc11
f5df1d30-bcf6-438d-9b06-992a7090a46b,Automated_Assessment_4428_5397182,652,OneTrust Automation,79f09a0f-fbd7-4439-9e1e-d48abe62c98e,https://Assessment/Assessment/f5df1d30-bcf6-438d-9b06-992a7090a46b,OTAuto02,b99df4a4-2bf5-4c08-9483-bd636470bc11,b99df4a4-2bf5-4c08-9483-bd636470bc11
c7564611-add8-45c4-bbe4-11fea0274818,Section_Assigned_Assessment_01_7140534,667,OneTrust Automation,79f09a0f-fbd7-4439-9e1e-d48abe62c98e,https://Assessment/Assessment/c7564611-add8-45c4-bbe4-11fea0274818,OTAuto02,b99df4a4-2bf5-4c08-9483-bd636470bc11,b99df4a4-2bf5-4c08-9483-bd636470bc11
d3138e9c-ca06-40dd-89ba-171cde58c061,Automated_01_9409292,681,OneTrust Automation,79f09a0f-fbd7-4439-9e1e-d48abe62c98e,https://Assessment/Assessment/d3138e9c-ca06-40dd-89ba-171cde58c061,OTAuto02,b99df4a4-2bf5-4c08-9483-bd636470bc11,b99df4a4-2bf5-4c08-9483-bd636470bc11
b8f7e991-3350-4c4c-a1ed-2697f9eaace0,Automated_9409292,679,OneTrust Automation,79f09a0f-fbd7-4439-9e1e-d48abe62c98e,https://Assessment/Assessment/b8f7e991-3350-4c4c-a1ed-2697f9eaace0,OTAuto02,b99df4a4-2bf5-4c08-9483-bd636470bc11,b99df4a4-2bf5-4c08-9483-bd636470bc11
60aeb4b2-3788-4f81-8f2f-01553480ba7f,Assessment_1731428,697,OneTrust Automation,79f09a0f-fbd7-4439-9e1e-d48abe62c98e,https://Assessment/Assessment/60aeb4b2-3788-4f81-8f2f-01553480ba7f,OTAuto02,b99df4a4-2bf5-4c08-9483-bd636470bc11,b99df4a4-2bf5-4c08-9483-bd636470bc11
13b3f72e-60df-41a4-828b-7ba7adcf50c6,assessment_42295_623141,712,OneTrust Automation,79f09a0f-fbd7-4439-9e1e-d48abe62c98e,https://Assessment/Assessment/13b3f72e-60df-41a4-828b-7ba7adcf50c6,OTAuto02,b99df4a4-2bf5-4c08-9483-bd636470bc11,b99df4a4-2bf5-4c08-9483-bd636470bc11
318ed121-10f5-425d-9bdb-e42f952425c1,assessment_1353801,701,OneTrust Automation,79f09a0f-fbd7-4439-9e1e-d48abe62c98e,https://Assessment/Assessment/318ed121-10f5-425d-9bdb-e42f952425c1,OTAuto02,b99df4a4-2bf5-4c08-9483-bd636470bc11,b99df4a4-2bf5-4c08-9483-bd636470bc11
318ed121-10f5-425d-9bdb-e42f952425c1,assessment_1353801,701,privacyofficer user,aa5e22c6-dc4f-473f-8aa5-46753f07d37d,https://Assessment/Assessment/318ed121-10f5-425d-9bdb-e42f952425c1,OTAuto02,b99df4a4-2bf5-4c08-9483-bd636470bc11,b99df4a4-2bf5-4c08-9483-bd636470bc11
e35200fa-db70-4c2b-b95b-3be7c8596206,Assessment_92455_7380670,703,OneTrust Automation,79f09a0f-fbd7-4439-9e1e-d48abe62c98e,https://Assessment/Assessment/e35200fa-db70-4c2b-b95b-3be7c8596206,OTAuto02,b99df4a4-2bf5-4c08-9483-bd636470bc11,b99df4a4-2bf5-4c08-9483-bd636470bc11
7b074a64-bb6c-40ae-a97b-850ede4e7956,automation_project_65635_7507651 - automation_template_1_65635_7507651,740,privacyofficer user,aa5e22c6-dc4f-473f-8aa5-46753f07d37d,https://Assessment/Assessment/7b074a64-bb6c-40ae-a97b-850ede4e7956,OTAuto02,b99df4a4-2bf5-4c08-9483-bd636470bc11,b99df4a4-2bf5-4c08-9483-bd636470bc11
efe2ce56-77b0-4301-8e21-31ae0123ac14,Automated_Assessment_97124_1059292,723,OneTrust Automation,79f09a0f-fbd7-4439-9e1e-d48abe62c98e,https://Assessment/Assessment/efe2ce56-77b0-4301-8e21-31ae0123ac14,OTAuto02,b99df4a4-2bf5-4c08-9483-bd636470bc11,b99df4a4-2bf5-4c08-9483-bd636470bc11
6a73f2df-2803-4a35-bbcc-444020aa4ffb,automation_assessment_40862_6797848,726,OneTrust Automation,79f09a0f-fbd7-4439-9e1e-d48abe62c98e,https://Assessment/Assessment/6a73f2df-2803-4a35-bbcc-444020aa4ffb,OTAuto02,b99df4a4-2bf5-4c08-9483-bd636470bc11,b99df4a4-2bf5-4c08-9483-bd636470bc11
12d00d61-4798-4eca-b56c-ffe914fa2ca2,automation_project_65635_7507651 - automation_template_2_65635_7507651,741,privacyofficer user,aa5e22c6-dc4f-473f-8aa5-46753f07d37d,https://Assessment/Assessment/12d00d61-4798-4eca-b56c-ffe914fa2ca2,OTAuto02,b99df4a4-2bf5-4c08-9483-bd636470bc11,b99df4a4-2bf5-4c08-9483-bd636470bc11
38ca7395-14e8-40de-82d2-8d5aabbf4dae,Assessment_1_5800037,750,OneTrust Automation,79f09a0f-fbd7-4439-9e1e-d48abe62c98e,https://Assessment/Assessment/38ca7395-14e8-40de-82d2-8d5aabbf4dae,OTAuto02,b99df4a4-2bf5-4c08-9483-bd636470bc11,b99df4a4-2bf5-4c08-9483-bd636470bc11
128f3704-5dca-459c-8a5d-9b077a777947,automation_project_33552_5832060,755,OneTrust Automation,79f09a0f-fbd7-4439-9e1e-d48abe62c98e,https://Assessment/Assessment/128f3704-5dca-459c-8a5d-9b077a777947,OTAuto02,b99df4a4-2bf5-4c08-9483-bd636470bc11,b99df4a4-2bf5-4c08-9483-bd636470bc11
55e8e37e-88b9-4588-a91e-49b2bbf3ce34,processing-activities_41140_5856010,758,OneTrust Automation,79f09a0f-fbd7-4439-9e1e-d48abe62c98e,https://Assessment/Assessment/55e8e37e-88b9-4588-a91e-49b2bbf3ce34,OTAuto02,b99df4a4-2bf5-4c08-9483-bd636470bc11,b99df4a4-2bf5-4c08-9483-bd636470bc11
b8b290e5-2d92-4ac3-8176-4a33b30c2423,assessment_42281_3183207,760,OneTrust Automation,79f09a0f-fbd7-4439-9e1e-d48abe62c98e,https://Assessment/Assessment/b8b290e5-2d92-4ac3-8176-4a33b30c2423,OTAuto02,b99df4a4-2bf5-4c08-9483-bd636470bc11,b99df4a4-2bf5-4c08-9483-bd636470bc11
c2d67349-506f-4fd2-91ff-f092da471a0c,Assessment_92459_6835137,757,OneTrust Automation,79f09a0f-fbd7-4439-9e1e-d48abe62c98e,https://Assessment/Assessment/c2d67349-506f-4fd2-91ff-f092da471a0c,OTAuto02,b99df4a4-2bf5-4c08-9483-bd636470bc11,b99df4a4-2bf5-4c08-9483-bd636470bc11
12e2e159-5eab-40dc-8c27-9256d847a6f7,automated_assessment_3491_193209,788,privacyofficer user,aa5e22c6-dc4f-473f-8aa5-46753f07d37d,https://Assessment/Assessment/12e2e159-5eab-40dc-8c27-9256d847a6f7,OTAuto02,b99df4a4-2bf5-4c08-9483-bd636470bc11,b99df4a4-2bf5-4c08-9483-bd636470bc11
12e2e159-5eab-40dc-8c27-9256d847a6f7,automated_assessment_3491_193209,788,OneTrust Automation,79f09a0f-fbd7-4439-9e1e-d48abe62c98e,https://Assessment/Assessment/12e2e159-5eab-40dc-8c27-9256d847a6f7,OTAuto02,b99df4a4-2bf5-4c08-9483-bd636470bc11,b99df4a4-2bf5-4c08-9483-bd636470bc11
766333ea-d6c7-4a52-9512-1f20144569f3,automation_assessment_806782,792,OneTrust Automation,79f09a0f-fbd7-4439-9e1e-d48abe62c98e,https://Assessment/Assessment/766333ea-d6c7-4a52-9512-1f20144569f3,OTAuto02,b99df4a4-2bf5-4c08-9483-bd636470bc11,b99df4a4-2bf5-4c08-9483-bd636470bc11
d3ef8c7e-016c-42cb-914b-37eba8a1aa2d,Automated_Assessment_571886,790,OneTrust Automation,79f09a0f-fbd7-4439-9e1e-d48abe62c98e,https://Assessment/Assessment/d3ef8c7e-016c-42cb-914b-37eba8a1aa2d,OTAuto02,b99df4a4-2bf5-4c08-9483-bd636470bc11,b99df4a4-2bf5-4c08-9483-bd636470bc11
de13e7c3-40a5-414c-bca5-3cf14d6c7d39,assessment_40794_7761501,773,OneTrust Automation,79f09a0f-fbd7-4439-9e1e-d48abe62c98e,https://Assessment/Assessment/de13e7c3-40a5-414c-bca5-3cf14d6c7d39,OTAuto02,b99df4a4-2bf5-4c08-9483-bd636470bc11,b99df4a4-2bf5-4c08-9483-bd636470bc11
482c337c-00e6-4c88-9eb0-952fd73d3b24,assessment_1_8734377,805,privacyofficer user,aa5e22c6-dc4f-473f-8aa5-46753f07d37d,https://Assessment/Assessment/482c337c-00e6-4c88-9eb0-952fd73d3b24,OTAuto02,b99df4a4-2bf5-4c08-9483-bd636470bc11,b99df4a4-2bf5-4c08-9483-bd636470bc11
d484e5c8-f81d-43a2-801e-96f6d9193906,assessment_2_8734377,808,OneTrust Automation,79f09a0f-fbd7-4439-9e1e-d48abe62c98e,https://Assessment/Assessment/d484e5c8-f81d-43a2-801e-96f6d9193906,OTAuto02,b99df4a4-2bf5-4c08-9483-bd636470bc11,b99df4a4-2bf5-4c08-9483-bd636470bc11
0466ed7e-755a-4059-8e7c-3099552a7e3b,assessment_1_8734377 - Parent_Template_34091_8734377,807,privacyofficer user,aa5e22c6-dc4f-473f-8aa5-46753f07d37d,https://Assessment/Assessment/0466ed7e-755a-4059-8e7c-3099552a7e3b,OTAuto02,b99df4a4-2bf5-4c08-9483-bd636470bc11,b99df4a4-2bf5-4c08-9483-bd636470bc11
ce083a09-20af-4e82-9407-3593d2e3694b,Automated_Assessment_8134824,809,OneTrust Automation,79f09a0f-fbd7-4439-9e1e-d48abe62c98e,https://Assessment/Assessment/ce083a09-20af-4e82-9407-3593d2e3694b,OTAuto02,b99df4a4-2bf5-4c08-9483-bd636470bc11,b99df4a4-2bf5-4c08-9483-bd636470bc11
dd35561e-9e51-4243-967a-9d95c44a1ac6,Automated_Assessment_3808206,802,OneTrust Automation,79f09a0f-fbd7-4439-9e1e-d48abe62c98e,https://Assessment/Assessment/dd35561e-9e51-4243-967a-9d95c44a1ac6,OTAuto02,b99df4a4-2bf5-4c08-9483-bd636470bc11,b99df4a4-2bf5-4c08-9483-bd636470bc11
2b15b2ef-d8cd-49b7-ad8a-886e8274837b,assessment_1_7605191,832,OneTrust Automation,79f09a0f-fbd7-4439-9e1e-d48abe62c98e,https://Assessment/Assessment/2b15b2ef-d8cd-49b7-ad8a-886e8274837b,OTAuto02,b99df4a4-2bf5-4c08-9483-bd636470bc11,b99df4a4-2bf5-4c08-9483-bd636470bc11
4d8fd430-210a-4671-a03d-0216bb2de21c,I heard you like Mudkipz 3385789,826,OneTrust Automation,79f09a0f-fbd7-4439-9e1e-d48abe62c98e,https://Assessment/Assessment/4d8fd430-210a-4671-a03d-0216bb2de21c,OTAuto02,b99df4a4-2bf5-4c08-9483-bd636470bc11,b99df4a4-2bf5-4c08-9483-bd636470bc11
5122d75e-030d-4c40-b377-a9800688b635,Automated_assessment_2227960,830,OneTrust Automation,79f09a0f-fbd7-4439-9e1e-d48abe62c98e,https://Assessment/Assessment/5122d75e-030d-4c40-b377-a9800688b635,OTAuto02,b99df4a4-2bf5-4c08-9483-bd636470bc11,b99df4a4-2bf5-4c08-9483-bd636470bc11
5a9a6e14-fa7d-4c71-adbb-6c52c03d58f9,asset_assessment_4926315,821,privacyofficer user,aa5e22c6-dc4f-473f-8aa5-46753f07d37d,https://Assessment/Assessment/5a9a6e14-fa7d-4c71-adbb-6c52c03d58f9,OTAuto02,b99df4a4-2bf5-4c08-9483-bd636470bc11,b99df4a4-2bf5-4c08-9483-bd636470bc11
5f270dd8-c5f9-46a9-bff0-842a433e32a9,assessment_43465_991176,822,OneTrust Automation,79f09a0f-fbd7-4439-9e1e-d48abe62c98e,https://Assessment/Assessment/5f270dd8-c5f9-46a9-bff0-842a433e32a9,OTAuto02,b99df4a4-2bf5-4c08-9483-bd636470bc11,b99df4a4-2bf5-4c08-9483-bd636470bc11
3c3e950c-b809-4834-b474-a73a37597126,assessment_5615245,833,OneTrust Automation,79f09a0f-fbd7-4439-9e1e-d48abe62c98e,https://Assessment/Assessment/3c3e950c-b809-4834-b474-a73a37597126,OTAuto02,b99df4a4-2bf5-4c08-9483-bd636470bc11,b99df4a4-2bf5-4c08-9483-bd636470bc11
4cb184d3-917a-4ce6-9f0c-7ee7b7a3e7ab,Automated_Assessment_4320114,849,OneTrust Automation,79f09a0f-fbd7-4439-9e1e-d48abe62c98e,https://Assessment/Assessment/4cb184d3-917a-4ce6-9f0c-7ee7b7a3e7ab,OTAuto02,b99df4a4-2bf5-4c08-9483-bd636470bc11,b99df4a4-2bf5-4c08-9483-bd636470bc11
6d53b90a-90e8-4e8d-b6f3-87f46417316f,Assessment_35307_7614233,848,OneTrust Automation,79f09a0f-fbd7-4439-9e1e-d48abe62c98e,https://Assessment/Assessment/6d53b90a-90e8-4e8d-b6f3-87f46417316f,OTAuto02,b99df4a4-2bf5-4c08-9483-bd636470bc11,b99df4a4-2bf5-4c08-9483-bd636470bc11
353e0f32-2748-4e63-b4b1-3f09daa9508c,Automated_Assessment_512874,843,OneTrust Automation,79f09a0f-fbd7-4439-9e1e-d48abe62c98e,https://Assessment/Assessment/353e0f32-2748-4e63-b4b1-3f09daa9508c,OTAuto02,b99df4a4-2bf5-4c08-9483-bd636470bc11,b99df4a4-2bf5-4c08-9483-bd636470bc11
908717fa-c30a-4fdd-b53c-a337254ff086,assessmentExportResponses_7760678,853,OneTrust Automation,79f09a0f-fbd7-4439-9e1e-d48abe62c98e,https://Assessment/Assessment/908717fa-c30a-4fdd-b53c-a337254ff086,OTAuto02,b99df4a4-2bf5-4c08-9483-bd636470bc11,b99df4a4-2bf5-4c08-9483-bd636470bc11
d197fb1e-8b7e-445d-9f87-e93364282828,Assessment_92453_4752528,837,OneTrust Automation,79f09a0f-fbd7-4439-9e1e-d48abe62c98e,https://Assessment/Assessment/d197fb1e-8b7e-445d-9f87-e93364282828,OTAuto02,b99df4a4-2bf5-4c08-9483-bd636470bc11,b99df4a4-2bf5-4c08-9483-bd636470bc11
06690da4-0fa4-4e80-8589-d30ef6d76a41,assessment_1_3747425,867,privacyofficer user,aa5e22c6-dc4f-473f-8aa5-46753f07d37d,https://Assessment/Assessment/06690da4-0fa4-4e80-8589-d30ef6d76a41,OTAuto02,b99df4a4-2bf5-4c08-9483-bd636470bc11,b99df4a4-2bf5-4c08-9483-bd636470bc11
7be17a64-9d48-48bb-b868-3d8ae85cc72f,Automated_Assessment_3310589,860,privacyofficer user,aa5e22c6-dc4f-473f-8aa5-46753f07d37d,https://Assessment/Assessment/7be17a64-9d48-48bb-b868-3d8ae85cc72f,OTAuto02,b99df4a4-2bf5-4c08-9483-bd636470bc11,b99df4a4-2bf5-4c08-9483-bd636470bc11
b671bc23-530f-4dea-bd8f-28688f3db57f,Assessment_9889721,863,OneTrust Automation,79f09a0f-fbd7-4439-9e1e-d48abe62c98e,https://Assessment/Assessment/b671bc23-530f-4dea-bd8f-28688f3db57f,OTAuto02,b99df4a4-2bf5-4c08-9483-bd636470bc11,b99df4a4-2bf5-4c08-9483-bd636470bc11
a71ef742-15f9-494a-b3f7-4fe62b4728f3,assessment_2_3747425,868,privacyofficer user,aa5e22c6-dc4f-473f-8aa5-46753f07d37d,https://Assessment/Assessment/a71ef742-15f9-494a-b3f7-4fe62b4728f3,OTAuto02,b99df4a4-2bf5-4c08-9483-bd636470bc11,b99df4a4-2bf5-4c08-9483-bd636470bc11
d0167113-7373-4f91-99c4-8ab99a48ebc7,Automated_Assessment_8338551,862,OneTrust Automation,79f09a0f-fbd7-4439-9e1e-d48abe62c98e,https://Assessment/Assessment/d0167113-7373-4f91-99c4-8ab99a48ebc7,OTAuto02,b99df4a4-2bf5-4c08-9483-bd636470bc11,b99df4a4-2bf5-4c08-9483-bd636470bc11
10bf6ddd-da2d-4611-b550-f7dc63164d9d,Automated_Assessment_4989427,852,OneTrust Automation,79f09a0f-fbd7-4439-9e1e-d48abe62c98e,https://Assessment/Assessment/10bf6ddd-da2d-4611-b550-f7dc63164d9d,OTAuto02,b99df4a4-2bf5-4c08-9483-bd636470bc11,b99df4a4-2bf5-4c08-9483-bd636470bc11
9324f0b3-9c3d-49de-b6b2-0de4b0ced736,Automated_Assessment_68753_2336361,886,OneTrust Automation,79f09a0f-fbd7-4439-9e1e-d48abe62c98e,https://Assessment/Assessment/9324f0b3-9c3d-49de-b6b2-0de4b0ced736,OTAuto02,b99df4a4-2bf5-4c08-9483-bd636470bc11,b99df4a4-2bf5-4c08-9483-bd636470bc11
235cb1bf-a66a-4967-89de-a60f88eacd1f,assessment_42318_9597758,880,OneTrust Automation,79f09a0f-fbd7-4439-9e1e-d48abe62c98e,https://Assessment/Assessment/235cb1bf-a66a-4967-89de-a60f88eacd1f,OTAuto02,b99df4a4-2bf5-4c08-9483-bd636470bc11,b99df4a4-2bf5-4c08-9483-bd636470bc11
ef713376-55fe-4564-9aa0-41bc0da429a3,Assessment_For_On_submission_6880943,901,OneTrust Automation,79f09a0f-fbd7-4439-9e1e-d48abe62c98e,https://Assessment/Assessment/ef713376-55fe-4564-9aa0-41bc0da429a3,OTAuto02,b99df4a4-2bf5-4c08-9483-bd636470bc11,b99df4a4-2bf5-4c08-9483-bd636470bc11
4a57ac2d-a63c-4529-933b-06d0f4466022,Automated_Assessment_53871_8534672 - Template_8534672,944,privacyofficer user,aa5e22c6-dc4f-473f-8aa5-46753f07d37d,https://Assessment/Assessment/4a57ac2d-a63c-4529-933b-06d0f4466022,OTAuto02,b99df4a4-2bf5-4c08-9483-bd636470bc11,b99df4a4-2bf5-4c08-9483-bd636470bc11
b33d8120-18d6-40e8-ba15-aad629c74549,automated_assessment_40683_1352200,930,OneTrust Automation,79f09a0f-fbd7-4439-9e1e-d48abe62c98e,https://Assessment/Assessment/b33d8120-18d6-40e8-ba15-aad629c74549,OTAuto02,b99df4a4-2bf5-4c08-9483-bd636470bc11,b99df4a4-2bf5-4c08-9483-bd636470bc11
38a9c162-ebe4-474b-b7db-0cf8b74a2562,assessment_8124601,933,OneTrust Automation,79f09a0f-fbd7-4439-9e1e-d48abe62c98e,https://Assessment/Assessment/38a9c162-ebe4-474b-b7db-0cf8b74a2562,OTAuto02,b99df4a4-2bf5-4c08-9483-bd636470bc11,b99df4a4-2bf5-4c08-9483-bd636470bc11
6d4c13c2-d21d-4f48-a06a-475178e53a9b,Automated_Assessment_53871_8534672,936,privacyofficer user,aa5e22c6-dc4f-473f-8aa5-46753f07d37d,https://Assessment/Assessment/6d4c13c2-d21d-4f48-a06a-475178e53a9b,OTAuto02,b99df4a4-2bf5-4c08-9483-bd636470bc11,b99df4a4-2bf5-4c08-9483-bd636470bc11
323e9564-46bb-4bb6-8726-3a919b3cec5e,Automated_Assessment_2917137,919,OneTrust Automation,79f09a0f-fbd7-4439-9e1e-d48abe62c98e,https://Assessment/Assessment/323e9564-46bb-4bb6-8726-3a919b3cec5e,OTAuto02,b99df4a4-2bf5-4c08-9483-bd636470bc11,b99df4a4-2bf5-4c08-9483-bd636470bc11
ee2ea1e9-e36f-4b71-bc2e-0e69c2bab3d5,automation_assessment_1821044,931,automated_1821044 user_1821044,4dd76c48-f138-4c8d-9c5c-e49b7505ac7a,https://Assessment/Assessment/ee2ea1e9-e36f-4b71-bc2e-0e69c2bab3d5,OTAuto02,b99df4a4-2bf5-4c08-9483-bd636470bc11,b99df4a4-2bf5-4c08-9483-bd636470bc11
ee2ea1e9-e36f-4b71-bc2e-0e69c2bab3d5,automation_assessment_1821044,931,privacyofficer user,aa5e22c6-dc4f-473f-8aa5-46753f07d37d,https://Assessment/Assessment/ee2ea1e9-e36f-4b71-bc2e-0e69c2bab3d5,OTAuto02,b99df4a4-2bf5-4c08-9483-bd636470bc11,b99df4a4-2bf5-4c08-9483-bd636470bc11
cdf23ec0-3a9f-4688-93db-613c787ef3e0,Automated_Assessment_2390405,942,privacyofficer user,aa5e22c6-dc4f-473f-8aa5-46753f07d37d,https://Assessment/Assessment/cdf23ec0-3a9f-4688-93db-613c787ef3e0,OTAuto02,b99df4a4-2bf5-4c08-9483-bd636470bc11,b99df4a4-2bf5-4c08-9483-bd636470bc11
28112cd8-b486-4ea4-a539-c45719fa01f3,Inventory_Assessment_1_42641_4163123,968,OneTrust Automation,79f09a0f-fbd7-4439-9e1e-d48abe62c98e,https://Assessment/Assessment/28112cd8-b486-4ea4-a539-c45719fa01f3,OTAuto02,b99df4a4-2bf5-4c08-9483-bd636470bc11,b99df4a4-2bf5-4c08-9483-bd636470bc11
e475c53e-6357-4b29-9460-aa722a396898,Automated_Assessment_718681,973,OneTrust Automation,79f09a0f-fbd7-4439-9e1e-d48abe62c98e,https://Assessment/Assessment/e475c53e-6357-4b29-9460-aa722a396898,OTAuto02,b99df4a4-2bf5-4c08-9483-bd636470bc11,b99df4a4-2bf5-4c08-9483-bd636470bc11
5c874502-a9bb-42cc-9505-fc509a185c5b,Copy_Automated_Assessment_53871_8534672,947,privacyofficer user,aa5e22c6-dc4f-473f-8aa5-46753f07d37d,https://Assessment/Assessment/5c874502-a9bb-42cc-9505-fc509a185c5b,OTAuto02,b99df4a4-2bf5-4c08-9483-bd636470bc11,b99df4a4-2bf5-4c08-9483-bd636470bc11
0371655f-0ddc-4462-8823-ac07807b93ab,Automated_Assessment_4513537,955,OneTrust Automation,79f09a0f-fbd7-4439-9e1e-d48abe62c98e,https://Assessment/Assessment/0371655f-0ddc-4462-8823-ac07807b93ab,OTAuto02,b99df4a4-2bf5-4c08-9483-bd636470bc11,b99df4a4-2bf5-4c08-9483-bd636470bc11
56b446f0-8e72-4239-b18a-ba97a84b838c,assessment_6825954,946,OneTrust Automation,79f09a0f-fbd7-4439-9e1e-d48abe62c98e,https://Assessment/Assessment/56b446f0-8e72-4239-b18a-ba97a84b838c,OTAuto02,b99df4a4-2bf5-4c08-9483-bd636470bc11,b99df4a4-2bf5-4c08-9483-bd636470bc11
77fb8305-1ae4-4fa4-bda6-f03183eb9415,Copy_Automated_Assessment_53871_8534672 - Template_8534672,952,privacyofficer user,aa5e22c6-dc4f-473f-8aa5-46753f07d37d,https://Assessment/Assessment/77fb8305-1ae4-4fa4-bda6-f03183eb9415,OTAuto02,b99df4a4-2bf5-4c08-9483-bd636470bc11,b99df4a4-2bf5-4c08-9483-bd636470bc11
b17b50ee-cf0e-4fb9-9032-541da2ef0029,assessmentExportResponses_1870156,982,OneTrust Automation,79f09a0f-fbd7-4439-9e1e-d48abe62c98e,https://Assessment/Assessment/b17b50ee-cf0e-4fb9-9032-541da2ef0029,OTAuto02,b99df4a4-2bf5-4c08-9483-bd636470bc11,b99df4a4-2bf5-4c08-9483-bd636470bc11
b980846b-2598-487a-9de8-e4f432f7fd20,Automated_Assessment_6730559,978,OneTrust Automation,79f09a0f-fbd7-4439-9e1e-d48abe62c98e,https://Assessment/Assessment/b980846b-2598-487a-9de8-e4f432f7fd20,OTAuto02,b99df4a4-2bf5-4c08-9483-bd636470bc11,b99df4a4-2bf5-4c08-9483-bd636470bc11
cad8564d-d475-454a-86a2-beabb6931574,assessment_43465_6822598,1020,OneTrust Automation,79f09a0f-fbd7-4439-9e1e-d48abe62c98e,https://Assessment/Assessment/cad8564d-d475-454a-86a2-beabb6931574,OTAuto02,b99df4a4-2bf5-4c08-9483-bd636470bc11,b99df4a4-2bf5-4c08-9483-bd636470bc11
219743ba-069c-4ed5-a152-d2cde5907cf5,Automated_Assessment_68694_3165949,1017,OneTrust Automation,79f09a0f-fbd7-4439-9e1e-d48abe62c98e,https://Assessment/Assessment/219743ba-069c-4ed5-a152-d2cde5907cf5,OTAuto02,b99df4a4-2bf5-4c08-9483-bd636470bc11,b99df4a4-2bf5-4c08-9483-bd636470bc11
3f473051-a32c-4443-aebc-7abdf620f5b2,Automated_Assessment_57991_1152396,988,privacyofficer user,aa5e22c6-dc4f-473f-8aa5-46753f07d37d,https://Assessment/Assessment/3f473051-a32c-4443-aebc-7abdf620f5b2,OTAuto02,b99df4a4-2bf5-4c08-9483-bd636470bc11,b99df4a4-2bf5-4c08-9483-bd636470bc11
1436e05a-7246-4589-ae54-23b9831436d3,assessment_3912080,1008,OneTrust Automation,79f09a0f-fbd7-4439-9e1e-d48abe62c98e,https://Assessment/Assessment/1436e05a-7246-4589-ae54-23b9831436d3,OTAuto02,b99df4a4-2bf5-4c08-9483-bd636470bc11,b99df4a4-2bf5-4c08-9483-bd636470bc11
30dbd386-126f-4814-b6b1-9b86ff405dc2,Inventory_01_Assessment_1137087,1018,OneTrust Automation,79f09a0f-fbd7-4439-9e1e-d48abe62c98e,https://Assessment/Assessment/30dbd386-126f-4814-b6b1-9b86ff405dc2,OTAuto02,b99df4a4-2bf5-4c08-9483-bd636470bc11,b99df4a4-2bf5-4c08-9483-bd636470bc11
af6a90bd-a2e9-4720-a307-3888571506bd,assessment_3912080 - Template_3912080_1,1015,OneTrust Automation,79f09a0f-fbd7-4439-9e1e-d48abe62c98e,https://Assessment/Assessment/af6a90bd-a2e9-4720-a307-3888571506bd,OTAuto02,b99df4a4-2bf5-4c08-9483-bd636470bc11,b99df4a4-2bf5-4c08-9483-bd636470bc11
24dc51a9-65b6-4e27-b692-66108ec9e96c,assessment_43642_8166862,1025,OneTrust Automation,79f09a0f-fbd7-4439-9e1e-d48abe62c98e,https://Assessment/Assessment/24dc51a9-65b6-4e27-b692-66108ec9e96c,OTAuto02,b99df4a4-2bf5-4c08-9483-bd636470bc11,b99df4a4-2bf5-4c08-9483-bd636470bc11
896abc2d-9e58-455d-b41b-ca9c1fc26979,Assessment_1_7019050,1030,OneTrust Automation,79f09a0f-fbd7-4439-9e1e-d48abe62c98e,https://Assessment/Assessment/896abc2d-9e58-455d-b41b-ca9c1fc26979,OTAuto02,b99df4a4-2bf5-4c08-9483-bd636470bc11,b99df4a4-2bf5-4c08-9483-bd636470bc11
1fdaf9af-0099-4223-ae1d-3b2e40fb37e3,assessment_446130,1037,OneTrust Automation,79f09a0f-fbd7-4439-9e1e-d48abe62c98e,https://Assessment/Assessment/1fdaf9af-0099-4223-ae1d-3b2e40fb37e3,OTAuto02,b99df4a4-2bf5-4c08-9483-bd636470bc11,b99df4a4-2bf5-4c08-9483-bd636470bc11
6bc67ec6-432a-449e-8009-f8c824b8397f,Automated_Assessment_7144960,1051,OneTrust Automation,79f09a0f-fbd7-4439-9e1e-d48abe62c98e,https://Assessment/Assessment/6bc67ec6-432a-449e-8009-f8c824b8397f,OTAuto02,b99df4a4-2bf5-4c08-9483-bd636470bc11,b99df4a4-2bf5-4c08-9483-bd636470bc11
dfbbfd32-0644-46b5-9f43-1b5b942071aa,Assessment_3390941,1066,OneTrust Automation,79f09a0f-fbd7-4439-9e1e-d48abe62c98e,https://Assessment/Assessment/dfbbfd32-0644-46b5-9f43-1b5b942071aa,OTAuto02,b99df4a4-2bf5-4c08-9483-bd636470bc11,b99df4a4-2bf5-4c08-9483-bd636470bc11
8403d60f-c3dc-4d6d-b31a-43f9124345b7,assessment_1_2129186,1071,OneTrust Automation,79f09a0f-fbd7-4439-9e1e-d48abe62c98e,https://Assessment/Assessment/8403d60f-c3dc-4d6d-b31a-43f9124345b7,OTAuto02,b99df4a4-2bf5-4c08-9483-bd636470bc11,b99df4a4-2bf5-4c08-9483-bd636470bc11
88ba85a8-e0f9-49d5-a447-bf8f73b73fe9,automation_project_42471_9892964,1099,OneTrust Automation,79f09a0f-fbd7-4439-9e1e-d48abe62c98e,https://Assessment/Assessment/88ba85a8-e0f9-49d5-a447-bf8f73b73fe9,OTAuto02,b99df4a4-2bf5-4c08-9483-bd636470bc11,b99df4a4-2bf5-4c08-9483-bd636470bc11
679af6f8-76d8-4811-8e2c-17fa27197a98,Assessment_For_On_submission_9736753,1086,OneTrust Automation,79f09a0f-fbd7-4439-9e1e-d48abe62c98e,https://Assessment/Assessment/679af6f8-76d8-4811-8e2c-17fa27197a98,OTAuto02,b99df4a4-2bf5-4c08-9483-bd636470bc11,b99df4a4-2bf5-4c08-9483-bd636470bc11
02841241-c9ad-468f-aa09-f58b33aeac45,Assessment_1_8392587,1105,OneTrust Automation,79f09a0f-fbd7-4439-9e1e-d48abe62c98e,https://Assessment/Assessment/02841241-c9ad-468f-aa09-f58b33aeac45,OTAuto02,b99df4a4-2bf5-4c08-9483-bd636470bc11,b99df4a4-2bf5-4c08-9483-bd636470bc11
07430b8f-0efd-4352-a5bb-4e7c73722e37,Assessment_2_1454145,1088,OneTrust Automation,79f09a0f-fbd7-4439-9e1e-d48abe62c98e,https://Assessment/Assessment/07430b8f-0efd-4352-a5bb-4e7c73722e37,OTAuto02,b99df4a4-2bf5-4c08-9483-bd636470bc11,b99df4a4-2bf5-4c08-9483-bd636470bc11
24e9bbca-26d0-42c5-9f3c-aff8265782a9,assessment_43642_3708789,1101,OneTrust Automation,79f09a0f-fbd7-4439-9e1e-d48abe62c98e,https://Assessment/Assessment/24e9bbca-26d0-42c5-9f3c-aff8265782a9,OTAuto02,b99df4a4-2bf5-4c08-9483-bd636470bc11,b99df4a4-2bf5-4c08-9483-bd636470bc11
8049ae36-ac0e-47da-813a-c1db1671d317,automation_project_42926_7115172,1103,OneTrust Automation,79f09a0f-fbd7-4439-9e1e-d48abe62c98e,https://Assessment/Assessment/8049ae36-ac0e-47da-813a-c1db1671d317,OTAuto02,b99df4a4-2bf5-4c08-9483-bd636470bc11,b99df4a4-2bf5-4c08-9483-bd636470bc11
c369e5db-4e1c-484d-9363-950472b9e7d1,automation_project_42926_1_7115172,1111,OneTrust Automation,79f09a0f-fbd7-4439-9e1e-d48abe62c98e,https://Assessment/Assessment/c369e5db-4e1c-484d-9363-950472b9e7d1,OTAuto02,b99df4a4-2bf5-4c08-9483-bd636470bc11,b99df4a4-2bf5-4c08-9483-bd636470bc11
fa1707e0-557e-4428-b1fd-da28815f61fa,Automated_Assessment_6429500,1093,privacyofficer user,aa5e22c6-dc4f-473f-8aa5-46753f07d37d,https://Assessment/Assessment/fa1707e0-557e-4428-b1fd-da28815f61fa,OTAuto02,b99df4a4-2bf5-4c08-9483-bd636470bc11,b99df4a4-2bf5-4c08-9483-bd636470bc11
853eca15-654a-4c2f-ad7a-1aae27ec446d,automation_project_42926_3_7115172,1135,OneTrust Automation,79f09a0f-fbd7-4439-9e1e-d48abe62c98e,https://Assessment/Assessment/853eca15-654a-4c2f-ad7a-1aae27ec446d,OTAuto02,b99df4a4-2bf5-4c08-9483-bd636470bc11,b99df4a4-2bf5-4c08-9483-bd636470bc11
5b4b47a6-fb58-43d9-ad20-931991d34ccf,automation_project_42926_2_7115172,1120,OneTrust Automation,79f09a0f-fbd7-4439-9e1e-d48abe62c98e,https://Assessment/Assessment/5b4b47a6-fb58-43d9-ad20-931991d34ccf,OTAuto02,b99df4a4-2bf5-4c08-9483-bd636470bc11,b99df4a4-2bf5-4c08-9483-bd636470bc11
9559eea3-ab6f-4c6b-80ac-a53c36a09153,Bulk_Assessment_deadline_reminder_8021004,1137,OneTrust Automation,79f09a0f-fbd7-4439-9e1e-d48abe62c98e,https://Assessment/Assessment/9559eea3-ab6f-4c6b-80ac-a53c36a09153,OTAuto02,b99df4a4-2bf5-4c08-9483-bd636470bc11,b99df4a4-2bf5-4c08-9483-bd636470bc11
8013c4b2-64bf-48f3-9a8d-e0f47297b23d,automated_assessment_9363987,1153,OneTrust Automation,79f09a0f-fbd7-4439-9e1e-d48abe62c98e,https://Assessment/Assessment/8013c4b2-64bf-48f3-9a8d-e0f47297b23d,OTAuto02,b99df4a4-2bf5-4c08-9483-bd636470bc11,b99df4a4-2bf5-4c08-9483-bd636470bc11
95539184-54b9-4999-b5a7-c5a04793797d,assessment_6738210,1148,OneTrust Automation,79f09a0f-fbd7-4439-9e1e-d48abe62c98e,https://Assessment/Assessment/95539184-54b9-4999-b5a7-c5a04793797d,OTAuto02,b99df4a4-2bf5-4c08-9483-bd636470bc11,b99df4a4-2bf5-4c08-9483-bd636470bc11
061aa1f1-1ab0-47ce-acc4-9caab8a9ea28,automated_assessment_9363987 - Template_9363987,1154,OneTrust Automation,79f09a0f-fbd7-4439-9e1e-d48abe62c98e,https://Assessment/Assessment/061aa1f1-1ab0-47ce-acc4-9caab8a9ea28,OTAuto02,b99df4a4-2bf5-4c08-9483-bd636470bc11,b99df4a4-2bf5-4c08-9483-bd636470bc11
a3a6f59c-a88f-4ee0-aec9-84e0aeaa8e6f,assessment_43465_6009622,1191,OneTrust Automation,79f09a0f-fbd7-4439-9e1e-d48abe62c98e,https://Assessment/Assessment/a3a6f59c-a88f-4ee0-aec9-84e0aeaa8e6f,OTAuto02,b99df4a4-2bf5-4c08-9483-bd636470bc11,b99df4a4-2bf5-4c08-9483-bd636470bc11
1403cf86-9c0e-4ad3-9d6b-95cf2fe6750a,Assessment_834821,1231,privacyofficer user,aa5e22c6-dc4f-473f-8aa5-46753f07d37d,https://Assessment/Assessment/1403cf86-9c0e-4ad3-9d6b-95cf2fe6750a,OTAuto02,b99df4a4-2bf5-4c08-9483-bd636470bc11,b99df4a4-2bf5-4c08-9483-bd636470bc11
1416c866-bf80-4577-9b01-72171901b028,Automated_Assessment_58589_8749140,1226,OneTrust Automation,79f09a0f-fbd7-4439-9e1e-d48abe62c98e,https://Assessment/Assessment/1416c866-bf80-4577-9b01-72171901b028,OTAuto02,b99df4a4-2bf5-4c08-9483-bd636470bc11,b99df4a4-2bf5-4c08-9483-bd636470bc11
214d8706-a4fc-49fb-b475-3e7fb38a181f,pa_1_3126088,1207,OneTrust Automation,79f09a0f-fbd7-4439-9e1e-d48abe62c98e,https://Assessment/Assessment/214d8706-a4fc-49fb-b475-3e7fb38a181f,OTAuto02,b99df4a4-2bf5-4c08-9483-bd636470bc11,b99df4a4-2bf5-4c08-9483-bd636470bc11
24a864f5-2e1d-4ba6-80fb-7e6e874a1639,assesment_23_3126088,1205,OneTrust Automation,79f09a0f-fbd7-4439-9e1e-d48abe62c98e,https://Assessment/Assessment/24a864f5-2e1d-4ba6-80fb-7e6e874a1639,OTAuto02,b99df4a4-2bf5-4c08-9483-bd636470bc11,b99df4a4-2bf5-4c08-9483-bd636470bc11
4048c66e-ba89-4b1f-a4cb-e9fb7f4d0241,assessment_copy_5272265,1214,OneTrust Automation,79f09a0f-fbd7-4439-9e1e-d48abe62c98e,https://Assessment/Assessment/4048c66e-ba89-4b1f-a4cb-e9fb7f4d0241,OTAuto02,b99df4a4-2bf5-4c08-9483-bd636470bc11,b99df4a4-2bf5-4c08-9483-bd636470bc11
ae3d72c7-9b9f-4e4f-8384-809f15f5896b,assessment_5272265,1211,OneTrust Automation,79f09a0f-fbd7-4439-9e1e-d48abe62c98e,https://Assessment/Assessment/ae3d72c7-9b9f-4e4f-8384-809f15f5896b,OTAuto02,b99df4a4-2bf5-4c08-9483-bd636470bc11,b99df4a4-2bf5-4c08-9483-bd636470bc11
db529ae7-49d8-4c72-9f49-254d31e3ccd9,Automated_Assessment_5525_4643151,1213,OneTrust Automation,79f09a0f-fbd7-4439-9e1e-d48abe62c98e,https://Assessment/Assessment/db529ae7-49d8-4c72-9f49-254d31e3ccd9,OTAuto02,b99df4a4-2bf5-4c08-9483-bd636470bc11,b99df4a4-2bf5-4c08-9483-bd636470bc11
09185ad9-272a-4ca9-a52d-8ac043bbf201,assessment_3316626,1244,OneTrust Automation,79f09a0f-fbd7-4439-9e1e-d48abe62c98e,https://Assessment/Assessment/09185ad9-272a-4ca9-a52d-8ac043bbf201,OTAuto02,b99df4a4-2bf5-4c08-9483-bd636470bc11,b99df4a4-2bf5-4c08-9483-bd636470bc11
1ff54324-9294-476d-b87d-363263d80817,assessment_2411_2_6639076,1240,OneTrust Automation,79f09a0f-fbd7-4439-9e1e-d48abe62c98e,https://Assessment/Assessment/1ff54324-9294-476d-b87d-363263d80817,OTAuto02,b99df4a4-2bf5-4c08-9483-bd636470bc11,b99df4a4-2bf5-4c08-9483-bd636470bc11
43eb09a5-3adb-439e-a3c9-788115300442,pa_78089_184344_edit,1233,privacyofficer user,aa5e22c6-dc4f-473f-8aa5-46753f07d37d,https://Assessment/Assessment/43eb09a5-3adb-439e-a3c9-788115300442,OTAuto02,b99df4a4-2bf5-4c08-9483-bd636470bc11,b99df4a4-2bf5-4c08-9483-bd636470bc11
43eb09a5-3adb-439e-a3c9-788115300442,pa_78089_184344_edit,1233,OneTrust Automation,79f09a0f-fbd7-4439-9e1e-d48abe62c98e,https://Assessment/Assessment/43eb09a5-3adb-439e-a3c9-788115300442,OTAuto02,b99df4a4-2bf5-4c08-9483-bd636470bc11,b99df4a4-2bf5-4c08-9483-bd636470bc11
6be26b2c-286d-4e11-a62d-ac0f258aba12,assessment_engagement_01_8829184,1246,privacyofficer user,aa5e22c6-dc4f-473f-8aa5-46753f07d37d,https://Assessment/Assessment/6be26b2c-286d-4e11-a62d-ac0f258aba12,asset_org_1,6b055818-7a4a-497c-a9ba-407530f4a17d,6b055818-7a4a-497c-a9ba-407530f4a17d
6be26b2c-286d-4e11-a62d-ac0f258aba12,assessment_engagement_01_8829184,1246,privacyofficer user,aa5e22c6-dc4f-473f-8aa5-46753f07d37d,https://Assessment/Assessment/6be26b2c-286d-4e11-a62d-ac0f258aba12,asset_org_1,6b055818-7a4a-497c-a9ba-407530f4a17d,b99df4a4-2bf5-4c08-9483-bd636470bc11
7d16a518-5b41-4d92-9097-373bca9305bb,automation_1_assessment_1239639,1245,OneTrust Automation,79f09a0f-fbd7-4439-9e1e-d48abe62c98e,https://Assessment/Assessment/7d16a518-5b41-4d92-9097-373bca9305bb,OTAuto02,b99df4a4-2bf5-4c08-9483-bd636470bc11,b99df4a4-2bf5-4c08-9483-bd636470bc11
993004d5-8b20-4bdc-b8b2-7c02e3ff6b15,asset_78089_184344,1234,OneTrust Automation,79f09a0f-fbd7-4439-9e1e-d48abe62c98e,https://Assessment/Assessment/993004d5-8b20-4bdc-b8b2-7c02e3ff6b15,OTAuto02,b99df4a4-2bf5-4c08-9483-bd636470bc11,b99df4a4-2bf5-4c08-9483-bd636470bc11
f9ed83f8-0bb5-4846-a1b1-4fec5be17596,automation_assessment_7141031,1224,privacyofficer user,aa5e22c6-dc4f-473f-8aa5-46753f07d37d,https://Assessment/Assessment/f9ed83f8-0bb5-4846-a1b1-4fec5be17596,OTAuto02,b99df4a4-2bf5-4c08-9483-bd636470bc11,b99df4a4-2bf5-4c08-9483-bd636470bc11
25165c99-1eb9-43d5-ae28-b7aeb9b5b677,AssessmentName_6948366,1249,InternalUserFirstName_6948366 InternalUserLastName,d44fc7da-4a55-4bd4-83cb-52bde40af8ed,https://Assessment/Assessment/25165c99-1eb9-43d5-ae28-b7aeb9b5b677,OTAuto02,b99df4a4-2bf5-4c08-9483-bd636470bc11,b99df4a4-2bf5-4c08-9483-bd636470bc11
25165c99-1eb9-43d5-ae28-b7aeb9b5b677,AssessmentName_6948366,1249,OneTrust Automation,79f09a0f-fbd7-4439-9e1e-d48abe62c98e,https://Assessment/Assessment/25165c99-1eb9-43d5-ae28-b7aeb9b5b677,OTAuto02,b99df4a4-2bf5-4c08-9483-bd636470bc11,b99df4a4-2bf5-4c08-9483-bd636470bc11
4a054c12-cc65-4c56-9b25-84ec1b68d574,assessment1_3316626,1250,OneTrust Automation,79f09a0f-fbd7-4439-9e1e-d48abe62c98e,https://Assessment/Assessment/4a054c12-cc65-4c56-9b25-84ec1b68d574,OTAuto02,b99df4a4-2bf5-4c08-9483-bd636470bc11,b99df4a4-2bf5-4c08-9483-bd636470bc11
5b39439f-43d2-412e-a576-4250a84506a3,a_3669801,1255,OneTrust Automation,79f09a0f-fbd7-4439-9e1e-d48abe62c98e,https://Assessment/Assessment/5b39439f-43d2-412e-a576-4250a84506a3,OTAuto02,b99df4a4-2bf5-4c08-9483-bd636470bc11,b99df4a4-2bf5-4c08-9483-bd636470bc11
8f3bf22e-5bcf-4db0-85d0-55d07f073041,automation_1_assessment_5256259,1261,OneTrust Automation,79f09a0f-fbd7-4439-9e1e-d48abe62c98e,https://Assessment/Assessment/8f3bf22e-5bcf-4db0-85d0-55d07f073041,OTAuto02,b99df4a4-2bf5-4c08-9483-bd636470bc11,b99df4a4-2bf5-4c08-9483-bd636470bc11
a671a918-ff2c-48fb-9deb-b1923f892da5,AssessmentName_4088898,1263,AnyUser_4088898 AnyUser,b5a24aca-0d9f-4a56-bd1b-ba3f077fc148,https://Assessment/Assessment/a671a918-ff2c-48fb-9deb-b1923f892da5,OTAuto02,b99df4a4-2bf5-4c08-9483-bd636470bc11,b99df4a4-2bf5-4c08-9483-bd636470bc11
a671a918-ff2c-48fb-9deb-b1923f892da5,AssessmentName_4088898,1263,OneTrust Automation,79f09a0f-fbd7-4439-9e1e-d48abe62c98e,https://Assessment/Assessment/a671a918-ff2c-48fb-9deb-b1923f892da5,OTAuto02,b99df4a4-2bf5-4c08-9483-bd636470bc11,b99df4a4-2bf5-4c08-9483-bd636470bc11
0b662af6-2eac-472c-b3ea-1c8959e6aa7c,pa_1501_9987438,1270,OneTrust Automation,79f09a0f-fbd7-4439-9e1e-d48abe62c98e,https://Assessment/Assessment/0b662af6-2eac-472c-b3ea-1c8959e6aa7c,OTAuto02,b99df4a4-2bf5-4c08-9483-bd636470bc11,b99df4a4-2bf5-4c08-9483-bd636470bc11
7a41c517-9f4b-42e0-913e-07aff332a8c9,Automated_Assessment_5283735,1277,OneTrust Automation,79f09a0f-fbd7-4439-9e1e-d48abe62c98e,https://Assessment/Assessment/7a41c517-9f4b-42e0-913e-07aff332a8c9,OTAuto02,b99df4a4-2bf5-4c08-9483-bd636470bc11,b99df4a4-2bf5-4c08-9483-bd636470bc11
e8a2dbd3-743a-4a01-bcee-a64adbb01958,v_3408750 - t_3408750,1293,OneTrust Automation,79f09a0f-fbd7-4439-9e1e-d48abe62c98e,https://Assessment/Assessment/e8a2dbd3-743a-4a01-bcee-a64adbb01958,OTAuto02,b99df4a4-2bf5-4c08-9483-bd636470bc11,b99df4a4-2bf5-4c08-9483-bd636470bc11
1352687e-dc8a-4bf8-bc1e-0111b9664fe2,Assessment_name_6530282,1292,OneTrust Automation,79f09a0f-fbd7-4439-9e1e-d48abe62c98e,https://Assessment/Assessment/1352687e-dc8a-4bf8-bc1e-0111b9664fe2,OTAuto02,b99df4a4-2bf5-4c08-9483-bd636470bc11,b99df4a4-2bf5-4c08-9483-bd636470bc11
e5cc2108-51e7-4139-ae90-9f0cc6b19d2c,Automated_Assessment_9714215,1294,OneTrust Automation,79f09a0f-fbd7-4439-9e1e-d48abe62c98e,https://Assessment/Assessment/e5cc2108-51e7-4139-ae90-9f0cc6b19d2c,OTAuto02,b99df4a4-2bf5-4c08-9483-bd636470bc11,b99df4a4-2bf5-4c08-9483-bd636470bc11
97c3f091-4e37-45d7-9965-2cfa6929fb7c,assessmentExportResponses_1647455,1299,OneTrust Automation,79f09a0f-fbd7-4439-9e1e-d48abe62c98e,https://Assessment/Assessment/97c3f091-4e37-45d7-9965-2cfa6929fb7c,OTAuto02,b99df4a4-2bf5-4c08-9483-bd636470bc11,b99df4a4-2bf5-4c08-9483-bd636470bc11
dc15c45f-c539-4fa8-8bae-8275e4c0ca7e,Assessment_8733759,1300,privacyofficer user,aa5e22c6-dc4f-473f-8aa5-46753f07d37d,https://Assessment/Assessment/dc15c45f-c539-4fa8-8bae-8275e4c0ca7e,OTAuto02,b99df4a4-2bf5-4c08-9483-bd636470bc11,b99df4a4-2bf5-4c08-9483-bd636470bc11
f883a9ab-1e88-41d1-8f93-0c7975e9472b,assessment_7152979,1297,privacyofficer user,aa5e22c6-dc4f-473f-8aa5-46753f07d37d,https://Assessment/Assessment/f883a9ab-1e88-41d1-8f93-0c7975e9472b,OTAuto02,b99df4a4-2bf5-4c08-9483-bd636470bc11,b99df4a4-2bf5-4c08-9483-bd636470bc11
13be20b5-9492-4ff6-b4b9-0f88b282c9e8,a_7375665,1320,OneTrust Automation,79f09a0f-fbd7-4439-9e1e-d48abe62c98e,https://Assessment/Assessment/13be20b5-9492-4ff6-b4b9-0f88b282c9e8,OTAuto02,b99df4a4-2bf5-4c08-9483-bd636470bc11,b99df4a4-2bf5-4c08-9483-bd636470bc11
43f15f52-e075-4aed-a580-3ab4a1c01aeb,v_7375665 - t_7375665,1322,OneTrust Automation,79f09a0f-fbd7-4439-9e1e-d48abe62c98e,https://Assessment/Assessment/43f15f52-e075-4aed-a580-3ab4a1c01aeb,OTAuto02,b99df4a4-2bf5-4c08-9483-bd636470bc11,b99df4a4-2bf5-4c08-9483-bd636470bc11
72b0e4b6-42f4-4b7e-89b7-6051d72cad95,vendor_91609_local_7962376,1311,OneTrust Automation,79f09a0f-fbd7-4439-9e1e-d48abe62c98e,https://Assessment/Assessment/72b0e4b6-42f4-4b7e-89b7-6051d72cad95,OTAuto02,b99df4a4-2bf5-4c08-9483-bd636470bc11,b99df4a4-2bf5-4c08-9483-bd636470bc11
b6532e61-6393-481e-95af-3aa08d6c6f0a,automation_assessment_6457173,1312,privacyofficer user,aa5e22c6-dc4f-473f-8aa5-46753f07d37d,https://Assessment/Assessment/b6532e61-6393-481e-95af-3aa08d6c6f0a,OTAuto02,b99df4a4-2bf5-4c08-9483-bd636470bc11,b99df4a4-2bf5-4c08-9483-bd636470bc11
835b0ab6-e0de-4377-b9da-653f0b80b7a4,Automated_Assessment_525_3733012 - Incident_Template1_525_3733012,1338,OneTrust Automation,79f09a0f-fbd7-4439-9e1e-d48abe62c98e,https://Assessment/Assessment/835b0ab6-e0de-4377-b9da-653f0b80b7a4,OTAuto02,b99df4a4-2bf5-4c08-9483-bd636470bc11,b99df4a4-2bf5-4c08-9483-bd636470bc11
2f4fb7fa-b82b-49b1-8f47-450ef54e2bf5,automation_assessment_724712,1327,FirstName_724712 LastName_724712,de16bb4e-9a0c-45a6-b33e-b18b6be7f274,https://Assessment/Assessment/2f4fb7fa-b82b-49b1-8f47-450ef54e2bf5,OTAuto02,b99df4a4-2bf5-4c08-9483-bd636470bc11,b99df4a4-2bf5-4c08-9483-bd636470bc11
4502c33b-7ab7-48a4-a5ba-cffaae271864,Automated_Assessment_525_3733012,1337,OneTrust Automation,79f09a0f-fbd7-4439-9e1e-d48abe62c98e,https://Assessment/Assessment/4502c33b-7ab7-48a4-a5ba-cffaae271864,OTAuto02,b99df4a4-2bf5-4c08-9483-bd636470bc11,b99df4a4-2bf5-4c08-9483-bd636470bc11
82ef7bab-5c35-47d2-981f-7d83041a4b9c,a_7040873,1335,privacyofficer user,aa5e22c6-dc4f-473f-8aa5-46753f07d37d,https://Assessment/Assessment/82ef7bab-5c35-47d2-981f-7d83041a4b9c,OTAuto02,b99df4a4-2bf5-4c08-9483-bd636470bc11,b99df4a4-2bf5-4c08-9483-bd636470bc11
1812e777-801d-4b81-ab66-e510715c794a,assessment_71516_129491,1329,OneTrust Automation,79f09a0f-fbd7-4439-9e1e-d48abe62c98e,https://Assessment/Assessment/1812e777-801d-4b81-ab66-e510715c794a,OTAuto02,b99df4a4-2bf5-4c08-9483-bd636470bc11,b99df4a4-2bf5-4c08-9483-bd636470bc11
56999e68-1c52-4ffd-9082-0834ef488e78,asset_3696_7942460,1345,OneTrust Automation,79f09a0f-fbd7-4439-9e1e-d48abe62c98e,https://Assessment/Assessment/56999e68-1c52-4ffd-9082-0834ef488e78,OTAuto02,b99df4a4-2bf5-4c08-9483-bd636470bc11,b99df4a4-2bf5-4c08-9483-bd636470bc11
7bfb5c24-4924-403c-8e94-3b86cd89c9a7,Automated_Assessment_525_3733012 - Incident_Template1_525_3733012,1339,OneTrust Automation,79f09a0f-fbd7-4439-9e1e-d48abe62c98e,https://Assessment/Assessment/7bfb5c24-4924-403c-8e94-3b86cd89c9a7,OTAuto02,b99df4a4-2bf5-4c08-9483-bd636470bc11,b99df4a4-2bf5-4c08-9483-bd636470bc11
a9b0f2e4-7639-4196-9c6d-88707b0c6ecf,Inventory_101346_assessment_730587,1324,OneTrust Automation,79f09a0f-fbd7-4439-9e1e-d48abe62c98e,https://Assessment/Assessment/a9b0f2e4-7639-4196-9c6d-88707b0c6ecf,OTAuto02,b99df4a4-2bf5-4c08-9483-bd636470bc11,b99df4a4-2bf5-4c08-9483-bd636470bc11
58592d26-5090-4b97-9cc9-931eaea2fe3e,aaNotLinked_5699577,1344,OneTrust Automation,79f09a0f-fbd7-4439-9e1e-d48abe62c98e,https://Assessment/Assessment/58592d26-5090-4b97-9cc9-931eaea2fe3e,OTAuto02,b99df4a4-2bf5-4c08-9483-bd636470bc11,b99df4a4-2bf5-4c08-9483-bd636470bc11
9d5e6a73-90bf-41b2-bf72-cb9067da5266,Test_assessmentExport_8927204,1336,OneTrust Automation,79f09a0f-fbd7-4439-9e1e-d48abe62c98e,https://Assessment/Assessment/9d5e6a73-90bf-41b2-bf72-cb9067da5266,OTAuto02,b99df4a4-2bf5-4c08-9483-bd636470bc11,b99df4a4-2bf5-4c08-9483-bd636470bc11
a6858147-da45-459f-b2fd-e2805d9e2393,Assessment_4221435,1333,OneTrust Automation,79f09a0f-fbd7-4439-9e1e-d48abe62c98e,https://Assessment/Assessment/a6858147-da45-459f-b2fd-e2805d9e2393,OTAuto02,b99df4a4-2bf5-4c08-9483-bd636470bc11,b99df4a4-2bf5-4c08-9483-bd636470bc11
fbfde2b4-de6f-4bcd-b3d7-89ed0c4fe2a0,AssessmentName_6674396,1359,OneTrust Automation,79f09a0f-fbd7-4439-9e1e-d48abe62c98e,https://Assessment/Assessment/fbfde2b4-de6f-4bcd-b3d7-89ed0c4fe2a0,OTAuto02,b99df4a4-2bf5-4c08-9483-bd636470bc11,b99df4a4-2bf5-4c08-9483-bd636470bc11
7a6372d1-7aa9-4f7b-9e0b-6d111410e1a5,aaLinked_5699577,1348,OneTrust Automation,79f09a0f-fbd7-4439-9e1e-d48abe62c98e,https://Assessment/Assessment/7a6372d1-7aa9-4f7b-9e0b-6d111410e1a5,OTAuto02,b99df4a4-2bf5-4c08-9483-bd636470bc11,b99df4a4-2bf5-4c08-9483-bd636470bc11
fbfde2b4-de6f-4bcd-b3d7-89ed0c4fe2a0,AssessmentName_6674396,1359,InternalUserFirstName_6674396 InternalUserLastName,ed84771f-8913-40a1-a692-5797702e1615,https://Assessment/Assessment/fbfde2b4-de6f-4bcd-b3d7-89ed0c4fe2a0,OTAuto02,b99df4a4-2bf5-4c08-9483-bd636470bc11,b99df4a4-2bf5-4c08-9483-bd636470bc11
86a68c40-835c-4a95-9893-a22dc2ff28e1,assessmentExportResponses_491726,1358,OneTrust Automation,79f09a0f-fbd7-4439-9e1e-d48abe62c98e,https://Assessment/Assessment/86a68c40-835c-4a95-9893-a22dc2ff28e1,OTAuto02,b99df4a4-2bf5-4c08-9483-bd636470bc11,b99df4a4-2bf5-4c08-9483-bd636470bc11
0e8d6b28-100b-4f01-9573-ee77fecbadd6,Inventory_Assessment_3321404,1360,OneTrust Automation,79f09a0f-fbd7-4439-9e1e-d48abe62c98e,https://Assessment/Assessment/0e8d6b28-100b-4f01-9573-ee77fecbadd6,OTAuto02,b99df4a4-2bf5-4c08-9483-bd636470bc11,b99df4a4-2bf5-4c08-9483-bd636470bc11
4203735b-42f4-4fb9-a26a-8764fff88f3e,Automated_Assessment_1_2997022,1363,OneTrust Automation,79f09a0f-fbd7-4439-9e1e-d48abe62c98e,https://Assessment/Assessment/4203735b-42f4-4fb9-a26a-8764fff88f3e,OTAuto02,b99df4a4-2bf5-4c08-9483-bd636470bc11,b99df4a4-2bf5-4c08-9483-bd636470bc11
8e8a683e-6b71-4a98-a1f3-a92101df5dbc,assessment_1_5045917,1362,OneTrust Automation,79f09a0f-fbd7-4439-9e1e-d48abe62c98e,https://Assessment/Assessment/8e8a683e-6b71-4a98-a1f3-a92101df5dbc,OTAuto02,b99df4a4-2bf5-4c08-9483-bd636470bc11,b99df4a4-2bf5-4c08-9483-bd636470bc11
b9371593-2fd9-44ad-ac5a-a00931203346,automation_assessment_1060036,1366,privacyofficer user,aa5e22c6-dc4f-473f-8aa5-46753f07d37d,https://Assessment/Assessment/b9371593-2fd9-44ad-ac5a-a00931203346,OTAuto02,b99df4a4-2bf5-4c08-9483-bd636470bc11,b99df4a4-2bf5-4c08-9483-bd636470bc11
b9371593-2fd9-44ad-ac5a-a00931203346,automation_assessment_1060036,1366,OneTrust Automation,79f09a0f-fbd7-4439-9e1e-d48abe62c98e,https://Assessment/Assessment/b9371593-2fd9-44ad-ac5a-a00931203346,OTAuto02,b99df4a4-2bf5-4c08-9483-bd636470bc11,b99df4a4-2bf5-4c08-9483-bd636470bc11
ff46c734-30fd-40a2-80d5-f6330c4ad2c2,Assessment_4180_551773,1364,OneTrust Automation,79f09a0f-fbd7-4439-9e1e-d48abe62c98e,https://Assessment/Assessment/ff46c734-30fd-40a2-80d5-f6330c4ad2c2,OTAuto02,b99df4a4-2bf5-4c08-9483-bd636470bc11,b99df4a4-2bf5-4c08-9483-bd636470bc11
02c3584f-30bb-4904-90f4-d4f134947cfb,entity_92689_447106,1374,OneTrust Automation,79f09a0f-fbd7-4439-9e1e-d48abe62c98e,https://Assessment/Assessment/02c3584f-30bb-4904-90f4-d4f134947cfb,OTAuto02,b99df4a4-2bf5-4c08-9483-bd636470bc11,b99df4a4-2bf5-4c08-9483-bd636470bc11
bd632a07-f1d7-4af6-a7bb-1a6f33c99539,Automated_Assessment_8600993,1375,OneTrust Automation,79f09a0f-fbd7-4439-9e1e-d48abe62c98e,https://Assessment/Assessment/bd632a07-f1d7-4af6-a7bb-1a6f33c99539,OTAuto02,b99df4a4-2bf5-4c08-9483-bd636470bc11,b99df4a4-2bf5-4c08-9483-bd636470bc11
6f7f02f8-ce9c-49b2-b68b-267f90de3877,assessmentChangeVendorArchived_4019917,1394,OneTrust Automation,79f09a0f-fbd7-4439-9e1e-d48abe62c98e,https://Assessment/Assessment/6f7f02f8-ce9c-49b2-b68b-267f90de3877,OTAuto02,b99df4a4-2bf5-4c08-9483-bd636470bc11,b99df4a4-2bf5-4c08-9483-bd636470bc11
0dd0eb0d-5a97-40e0-96d8-3256e0aee026,assessment 3460820,1381,OneTrust Automation,79f09a0f-fbd7-4439-9e1e-d48abe62c98e,https://Assessment/Assessment/0dd0eb0d-5a97-40e0-96d8-3256e0aee026,OTAuto02,b99df4a4-2bf5-4c08-9483-bd636470bc11,b99df4a4-2bf5-4c08-9483-bd636470bc11
ba9b3354-0ff1-4064-83db-cd749213331a,automation_1_assessment_3875345,1403,OneTrust Automation,79f09a0f-fbd7-4439-9e1e-d48abe62c98e,https://Assessment/Assessment/ba9b3354-0ff1-4064-83db-cd749213331a,OTAuto02,b99df4a4-2bf5-4c08-9483-bd636470bc11,b99df4a4-2bf5-4c08-9483-bd636470bc11
7d3cb7b9-9351-400b-934c-8ce52c741306,entity_78096_1910561,1387,OneTrust Automation,79f09a0f-fbd7-4439-9e1e-d48abe62c98e,https://Assessment/Assessment/7d3cb7b9-9351-400b-934c-8ce52c741306,OTAuto02,b99df4a4-2bf5-4c08-9483-bd636470bc11,b99df4a4-2bf5-4c08-9483-bd636470bc11
d36b02cd-7974-4639-90d9-57d6e8ab1d33,AssessmentName_6491298,1390,AnyUser_6491298 AnyUser,6745f655-ae17-4a93-906f-6cb50fcc770a,https://Assessment/Assessment/d36b02cd-7974-4639-90d9-57d6e8ab1d33,OTAuto02,b99df4a4-2bf5-4c08-9483-bd636470bc11,b99df4a4-2bf5-4c08-9483-bd636470bc11
6c04095b-e772-40d7-9218-dee1f501d50a,assessmentChangeVendorArchived1_4019917,1395,OneTrust Automation,79f09a0f-fbd7-4439-9e1e-d48abe62c98e,https://Assessment/Assessment/6c04095b-e772-40d7-9218-dee1f501d50a,OTAuto02,b99df4a4-2bf5-4c08-9483-bd636470bc11,b99df4a4-2bf5-4c08-9483-bd636470bc11
a1a3464b-160c-4c8e-9a9f-4cfea31af2df,automation_1_assessment_1822127,1407,OneTrust Automation,79f09a0f-fbd7-4439-9e1e-d48abe62c98e,https://Assessment/Assessment/a1a3464b-160c-4c8e-9a9f-4cfea31af2df,OTAuto02,b99df4a4-2bf5-4c08-9483-bd636470bc11,b99df4a4-2bf5-4c08-9483-bd636470bc11
242f56a1-d956-41d2-b61b-7de038d91e33,vendor_78096_1910561_edit,1386,privacyofficer user,aa5e22c6-dc4f-473f-8aa5-46753f07d37d,https://Assessment/Assessment/242f56a1-d956-41d2-b61b-7de038d91e33,OTAuto02,b99df4a4-2bf5-4c08-9483-bd636470bc11,b99df4a4-2bf5-4c08-9483-bd636470bc11
d36b02cd-7974-4639-90d9-57d6e8ab1d33,AssessmentName_6491298,1390,OneTrust Automation,79f09a0f-fbd7-4439-9e1e-d48abe62c98e,https://Assessment/Assessment/d36b02cd-7974-4639-90d9-57d6e8ab1d33,OTAuto02,b99df4a4-2bf5-4c08-9483-bd636470bc11,b99df4a4-2bf5-4c08-9483-bd636470bc11
74a9687e-0649-44df-ba78-fae6b6268129,assessmentChangeParentVendorCompleted_4019917,1393,OneTrust Automation,79f09a0f-fbd7-4439-9e1e-d48abe62c98e,https://Assessment/Assessment/74a9687e-0649-44df-ba78-fae6b6268129,OTAuto02,b99df4a4-2bf5-4c08-9483-bd636470bc11,b99df4a4-2bf5-4c08-9483-bd636470bc11
0772f88e-52f8-4306-9d8f-a106e0a9cf31,pa_75069_master_5753735,1380,OneTrust Automation,79f09a0f-fbd7-4439-9e1e-d48abe62c98e,https://Assessment/Assessment/0772f88e-52f8-4306-9d8f-a106e0a9cf31,OTAuto02,b99df4a4-2bf5-4c08-9483-bd636470bc11,b99df4a4-2bf5-4c08-9483-bd636470bc11
42f8de17-26c9-4606-85a5-51c36f193f92,Automated_Assessment_5886548,1385,OneTrust Automation,79f09a0f-fbd7-4439-9e1e-d48abe62c98e,https://Assessment/Assessment/42f8de17-26c9-4606-85a5-51c36f193f92,OTAuto02,b99df4a4-2bf5-4c08-9483-bd636470bc11,b99df4a4-2bf5-4c08-9483-bd636470bc11
242f56a1-d956-41d2-b61b-7de038d91e33,vendor_78096_1910561_edit,1386,OneTrust Automation,79f09a0f-fbd7-4439-9e1e-d48abe62c98e,https://Assessment/Assessment/242f56a1-d956-41d2-b61b-7de038d91e33,OTAuto02,b99df4a4-2bf5-4c08-9483-bd636470bc11,b99df4a4-2bf5-4c08-9483-bd636470bc11
9b348851-b095-4908-8946-ef8adca4b6f2,asset_75069_master_5753735,1379,OneTrust Automation,79f09a0f-fbd7-4439-9e1e-d48abe62c98e,https://Assessment/Assessment/9b348851-b095-4908-8946-ef8adca4b6f2,OTAuto02,b99df4a4-2bf5-4c08-9483-bd636470bc11,b99df4a4-2bf5-4c08-9483-bd636470bc11
0bd65119-260b-43c5-8143-c3cae1287c2a,Assessment_1522819,1412,OneTrust Automation,79f09a0f-fbd7-4439-9e1e-d48abe62c98e,https://Assessment/Assessment/0bd65119-260b-43c5-8143-c3cae1287c2a,OTAuto02,b99df4a4-2bf5-4c08-9483-bd636470bc11,b99df4a4-2bf5-4c08-9483-bd636470bc11
3c396809-3cb1-4942-8a8c-5d5d062ca8ff,assessment_91582_1_2843743,1415,OneTrust Automation,79f09a0f-fbd7-4439-9e1e-d48abe62c98e,https://Assessment/Assessment/3c396809-3cb1-4942-8a8c-5d5d062ca8ff,OTAuto02,b99df4a4-2bf5-4c08-9483-bd636470bc11,b99df4a4-2bf5-4c08-9483-bd636470bc11
b012b481-7034-482b-a1db-fac82b31277f,AssessmentName_5437964,1424,InternalUserFirstName_5437964 InternalUserLastName,b456b6d0-bdad-443b-aa9c-00868a5c3d5d,https://Assessment/Assessment/b012b481-7034-482b-a1db-fac82b31277f,OTAuto02,b99df4a4-2bf5-4c08-9483-bd636470bc11,b99df4a4-2bf5-4c08-9483-bd636470bc11
b012b481-7034-482b-a1db-fac82b31277f,AssessmentName_5437964,1424,OneTrust Automation,79f09a0f-fbd7-4439-9e1e-d48abe62c98e,https://Assessment/Assessment/b012b481-7034-482b-a1db-fac82b31277f,OTAuto02,b99df4a4-2bf5-4c08-9483-bd636470bc11,b99df4a4-2bf5-4c08-9483-bd636470bc11
dc22d614-d641-4921-9b5f-1c5bab13e023,Automated_1_Assessment_5223940,1411,OneTrust Automation,79f09a0f-fbd7-4439-9e1e-d48abe62c98e,https://Assessment/Assessment/dc22d614-d641-4921-9b5f-1c5bab13e023,OTAuto02,b99df4a4-2bf5-4c08-9483-bd636470bc11,b99df4a4-2bf5-4c08-9483-bd636470bc11
dc7622a1-912f-44aa-ad34-ada5908f4c23,asset_test_respondent_new_4613627,1409,OneTrust Automation,79f09a0f-fbd7-4439-9e1e-d48abe62c98e,https://Assessment/Assessment/dc7622a1-912f-44aa-ad34-ada5908f4c23,OTAuto02,b99df4a4-2bf5-4c08-9483-bd636470bc11,b99df4a4-2bf5-4c08-9483-bd636470bc11
01ee85a9-e1b1-4931-84b9-5409e1292a27,Automated_Assessment_269555,1441,OneTrust Automation,79f09a0f-fbd7-4439-9e1e-d48abe62c98e,https://Assessment/Assessment/01ee85a9-e1b1-4931-84b9-5409e1292a27,OTAuto02,b99df4a4-2bf5-4c08-9483-bd636470bc11,b99df4a4-2bf5-4c08-9483-bd636470bc11
60537994-3ae2-4f05-850d-e9e30405e89f,pa_77876_local_6939287,1436,OneTrust Automation,79f09a0f-fbd7-4439-9e1e-d48abe62c98e,https://Assessment/Assessment/60537994-3ae2-4f05-850d-e9e30405e89f,OTAuto02,b99df4a4-2bf5-4c08-9483-bd636470bc11,b99df4a4-2bf5-4c08-9483-bd636470bc11
97892087-d31b-4c15-af58-5632b8573a8c,Risk_Adding_Assessment_490249,1437,OneTrust Automation,79f09a0f-fbd7-4439-9e1e-d48abe62c98e,https://Assessment/Assessment/97892087-d31b-4c15-af58-5632b8573a8c,OTAuto02,b99df4a4-2bf5-4c08-9483-bd636470bc11,b99df4a4-2bf5-4c08-9483-bd636470bc11
acc208f5-318e-4916-847b-44c125f1da64,asset_77876_local_6939287,1435,OneTrust Automation,79f09a0f-fbd7-4439-9e1e-d48abe62c98e,https://Assessment/Assessment/acc208f5-318e-4916-847b-44c125f1da64,OTAuto02,b99df4a4-2bf5-4c08-9483-bd636470bc11,b99df4a4-2bf5-4c08-9483-bd636470bc11
b4735f96-b13d-4cb1-89d1-b24c27a0301a,assessment_92279_1_9484930,1439,OneTrust Automation,79f09a0f-fbd7-4439-9e1e-d48abe62c98e,https://Assessment/Assessment/b4735f96-b13d-4cb1-89d1-b24c27a0301a,OTAuto02,b99df4a4-2bf5-4c08-9483-bd636470bc11,b99df4a4-2bf5-4c08-9483-bd636470bc11
b504ba93-90d0-4cc8-96f7-fb4dacd913f0,Assessment_2294_9734337,1434,OneTrust Automation,79f09a0f-fbd7-4439-9e1e-d48abe62c98e,https://Assessment/Assessment/b504ba93-90d0-4cc8-96f7-fb4dacd913f0,OTAuto02,b99df4a4-2bf5-4c08-9483-bd636470bc11,b99df4a4-2bf5-4c08-9483-bd636470bc11
e9992581-532d-486a-92a1-ad8a0d2fb41a,Test_Assessment_Export_TPDD-TC-224_7796264,1447,OneTrust Automation,79f09a0f-fbd7-4439-9e1e-d48abe62c98e,https://Assessment/Assessment/e9992581-532d-486a-92a1-ad8a0d2fb41a,OTAuto02,b99df4a4-2bf5-4c08-9483-bd636470bc11,b99df4a4-2bf5-4c08-9483-bd636470bc11
765faa0f-d94c-4915-9e07-9d88cfdb8b91,Inventory_Assessment_3024629,1443,OneTrust Automation,79f09a0f-fbd7-4439-9e1e-d48abe62c98e,https://Assessment/Assessment/765faa0f-d94c-4915-9e07-9d88cfdb8b91,OTAuto02,b99df4a4-2bf5-4c08-9483-bd636470bc11,b99df4a4-2bf5-4c08-9483-bd636470bc11
c796242e-87a8-4a3a-85af-ee7c0a0d8031,automation_assessment_7116992,1453,OneTrust Automation,79f09a0f-fbd7-4439-9e1e-d48abe62c98e,https://Assessment/Assessment/c796242e-87a8-4a3a-85af-ee7c0a0d8031,OTAuto02,b99df4a4-2bf5-4c08-9483-bd636470bc11,b99df4a4-2bf5-4c08-9483-bd636470bc11
00253147-7432-4e64-a1d5-2fbc87709a7e,assessment_38134_2196572,1456,OneTrust Automation,79f09a0f-fbd7-4439-9e1e-d48abe62c98e,https://Assessment/Assessment/00253147-7432-4e64-a1d5-2fbc87709a7e,OTAuto02,b99df4a4-2bf5-4c08-9483-bd636470bc11,b99df4a4-2bf5-4c08-9483-bd636470bc11
6e8dc20a-55f8-4629-ad58-a2dc9c89d653,asset_2741_7117104,1459,privacyofficer user,aa5e22c6-dc4f-473f-8aa5-46753f07d37d,https://Assessment/Assessment/6e8dc20a-55f8-4629-ad58-a2dc9c89d653,OTAuto02,b99df4a4-2bf5-4c08-9483-bd636470bc11,b99df4a4-2bf5-4c08-9483-bd636470bc11
7f0e0f78-3642-42fe-b6f0-08d95d0c311f,Assessment_Vendor_4253_499096,1444,OneTrust Automation,79f09a0f-fbd7-4439-9e1e-d48abe62c98e,https://Assessment/Assessment/7f0e0f78-3642-42fe-b6f0-08d95d0c311f,OTAuto02,b99df4a4-2bf5-4c08-9483-bd636470bc11,b99df4a4-2bf5-4c08-9483-bd636470bc11
114d0fa9-eff9-4f67-ba43-6aaa37d2db16,Automated_Assessment_1_6613502,1466,OneTrust Automation,79f09a0f-fbd7-4439-9e1e-d48abe62c98e,https://Assessment/Assessment/114d0fa9-eff9-4f67-ba43-6aaa37d2db16,OTAuto02,b99df4a4-2bf5-4c08-9483-bd636470bc11,b99df4a4-2bf5-4c08-9483-bd636470bc11
11fc01af-e995-40a6-8c8a-839a9bafaf41,Automated_Assessment_6613502,1465,OneTrust Automation,79f09a0f-fbd7-4439-9e1e-d48abe62c98e,https://Assessment/Assessment/11fc01af-e995-40a6-8c8a-839a9bafaf41,OTAuto02,b99df4a4-2bf5-4c08-9483-bd636470bc11,b99df4a4-2bf5-4c08-9483-bd636470bc11
15101fba-632c-4611-8b6c-8fc81ab869d3,control_2957083_1_assessment_2957083,1463,OneTrust Automation,79f09a0f-fbd7-4439-9e1e-d48abe62c98e,https://Assessment/Assessment/15101fba-632c-4611-8b6c-8fc81ab869d3,OTAuto02,b99df4a4-2bf5-4c08-9483-bd636470bc11,b99df4a4-2bf5-4c08-9483-bd636470bc11
b2afc909-9946-4758-bf85-1abc66cdbcaf,assessment_1_6178398,1467,OneTrust Automation,79f09a0f-fbd7-4439-9e1e-d48abe62c98e,https://Assessment/Assessment/b2afc909-9946-4758-bf85-1abc66cdbcaf,OTAuto02,b99df4a4-2bf5-4c08-9483-bd636470bc11,b99df4a4-2bf5-4c08-9483-bd636470bc11
600c4d19-7883-4493-b1f9-70cc2bd2cfa8,Automated_Assessment_5790178,1472,OneTrust Automation,79f09a0f-fbd7-4439-9e1e-d48abe62c98e,https://Assessment/Assessment/600c4d19-7883-4493-b1f9-70cc2bd2cfa8,OTAuto02,b99df4a4-2bf5-4c08-9483-bd636470bc11,b99df4a4-2bf5-4c08-9483-bd636470bc11
64f02ffe-b284-49f2-8265-1d8ea7eb8207,Automated_Assessment_01_5165836,1473,privacyofficer user,aa5e22c6-dc4f-473f-8aa5-46753f07d37d,https://Assessment/Assessment/64f02ffe-b284-49f2-8265-1d8ea7eb8207,OTAuto02,b99df4a4-2bf5-4c08-9483-bd636470bc11,b99df4a4-2bf5-4c08-9483-bd636470bc11
64f02ffe-b284-49f2-8265-1d8ea7eb8207,Automated_Assessment_01_5165836,1473,OneTrust Automation,79f09a0f-fbd7-4439-9e1e-d48abe62c98e,https://Assessment/Assessment/64f02ffe-b284-49f2-8265-1d8ea7eb8207,OTAuto02,b99df4a4-2bf5-4c08-9483-bd636470bc11,b99df4a4-2bf5-4c08-9483-bd636470bc11
79eb79cc-1384-43dd-83a6-8b93c4568e7a,Automated_Assessment_02_5165836,1474,OneTrust Automation,79f09a0f-fbd7-4439-9e1e-d48abe62c98e,https://Assessment/Assessment/79eb79cc-1384-43dd-83a6-8b93c4568e7a,OTAuto02,b99df4a4-2bf5-4c08-9483-bd636470bc11,b99df4a4-2bf5-4c08-9483-bd636470bc11
79eb79cc-1384-43dd-83a6-8b93c4568e7a,Automated_Assessment_02_5165836,1474,privacyofficer user,aa5e22c6-dc4f-473f-8aa5-46753f07d37d,https://Assessment/Assessment/79eb79cc-1384-43dd-83a6-8b93c4568e7a,OTAuto02,b99df4a4-2bf5-4c08-9483-bd636470bc11,b99df4a4-2bf5-4c08-9483-bd636470bc11
8864d1cc-5a9e-47fb-9abd-18f440e42730,assessment_59428_5170984,1478,OneTrust Automation,79f09a0f-fbd7-4439-9e1e-d48abe62c98e,https://Assessment/Assessment/8864d1cc-5a9e-47fb-9abd-18f440e42730,OTAuto02,b99df4a4-2bf5-4c08-9483-bd636470bc11,b99df4a4-2bf5-4c08-9483-bd636470bc11
30be7f3d-b271-47dd-973c-7c82a20fa48d,inventory_inheritance_assessment_4916700,1501,OneTrust Automation,79f09a0f-fbd7-4439-9e1e-d48abe62c98e,https://Assessment/Assessment/30be7f3d-b271-47dd-973c-7c82a20fa48d,OTAuto02,b99df4a4-2bf5-4c08-9483-bd636470bc11,b99df4a4-2bf5-4c08-9483-bd636470bc11
836d2820-6d5a-44c8-bfa9-d19ba54d3c61,Automated_Assessment_2013_8855091,1507,OneTrust Automation,79f09a0f-fbd7-4439-9e1e-d48abe62c98e,https://Assessment/Assessment/836d2820-6d5a-44c8-bfa9-d19ba54d3c61,OTAuto02,b99df4a4-2bf5-4c08-9483-bd636470bc11,b99df4a4-2bf5-4c08-9483-bd636470bc11
247f67d8-0058-4f8a-b442-461a1e804794,Automated_Assessment_2013_5775020,1512,OneTrust Automation,79f09a0f-fbd7-4439-9e1e-d48abe62c98e,https://Assessment/Assessment/247f67d8-0058-4f8a-b442-461a1e804794,OTAuto02,b99df4a4-2bf5-4c08-9483-bd636470bc11,b99df4a4-2bf5-4c08-9483-bd636470bc11
a2001ddf-cb80-4aba-8baf-2e580383aac9,Assessment_For_On_submission_5945272,1513,OneTrust Automation,79f09a0f-fbd7-4439-9e1e-d48abe62c98e,https://Assessment/Assessment/a2001ddf-cb80-4aba-8baf-2e580383aac9,OTAuto02,b99df4a4-2bf5-4c08-9483-bd636470bc11,b99df4a4-2bf5-4c08-9483-bd636470bc11
d2c81a36-5e08-42d3-b7b9-f4f9f89f2a81,a_8822666 - t1_8822666,1524,OneTrust Automation,79f09a0f-fbd7-4439-9e1e-d48abe62c98e,https://Assessment/Assessment/d2c81a36-5e08-42d3-b7b9-f4f9f89f2a81,OTAuto02,b99df4a4-2bf5-4c08-9483-bd636470bc11,b99df4a4-2bf5-4c08-9483-bd636470bc11
0d3bdec1-905c-45d4-bfd7-4043a378c476,Automated_Assessment_65056_9724310,1525,OneTrust Automation,79f09a0f-fbd7-4439-9e1e-d48abe62c98e,https://Assessment/Assessment/0d3bdec1-905c-45d4-bfd7-4043a378c476,OTAuto02,b99df4a4-2bf5-4c08-9483-bd636470bc11,b99df4a4-2bf5-4c08-9483-bd636470bc11
5f31535b-e57f-4c31-90bc-907dc21bd9ff,Assessment_For_On_submission_348644,1517,OneTrust Automation,79f09a0f-fbd7-4439-9e1e-d48abe62c98e,https://Assessment/Assessment/5f31535b-e57f-4c31-90bc-907dc21bd9ff,OTAuto02,b99df4a4-2bf5-4c08-9483-bd636470bc11,b99df4a4-2bf5-4c08-9483-bd636470bc11
8f705bac-ad5a-46e1-91d7-5712166fbcd9,a_8822666,1523,OneTrust Automation,79f09a0f-fbd7-4439-9e1e-d48abe62c98e,https://Assessment/Assessment/8f705bac-ad5a-46e1-91d7-5712166fbcd9,OTAuto02,b99df4a4-2bf5-4c08-9483-bd636470bc11,b99df4a4-2bf5-4c08-9483-bd636470bc11
62a74e75-7b60-469f-ba5b-c3137344a3d6,Assessment_For_On_submission_6942139,1515,OneTrust Automation,79f09a0f-fbd7-4439-9e1e-d48abe62c98e,https://Assessment/Assessment/62a74e75-7b60-469f-ba5b-c3137344a3d6,OTAuto02,b99df4a4-2bf5-4c08-9483-bd636470bc11,b99df4a4-2bf5-4c08-9483-bd636470bc11
33fb20ba-26af-4a22-8811-16bace43495b,a_1812219,1532,OneTrust Automation,79f09a0f-fbd7-4439-9e1e-d48abe62c98e,https://Assessment/Assessment/33fb20ba-26af-4a22-8811-16bace43495b,OTAuto02,b99df4a4-2bf5-4c08-9483-bd636470bc11,b99df4a4-2bf5-4c08-9483-bd636470bc11
718439dd-1ade-4759-86c0-5b1cc044d3a9,a_2104701 - t1_2104701,1533,OneTrust Automation,79f09a0f-fbd7-4439-9e1e-d48abe62c98e,https://Assessment/Assessment/718439dd-1ade-4759-86c0-5b1cc044d3a9,OTAuto02,b99df4a4-2bf5-4c08-9483-bd636470bc11,b99df4a4-2bf5-4c08-9483-bd636470bc11
a234c4d8-ab52-4467-bc25-dc6ed20305d1,a_2104701,1531,OneTrust Automation,79f09a0f-fbd7-4439-9e1e-d48abe62c98e,https://Assessment/Assessment/a234c4d8-ab52-4467-bc25-dc6ed20305d1,OTAuto02,b99df4a4-2bf5-4c08-9483-bd636470bc11,b99df4a4-2bf5-4c08-9483-bd636470bc11
00ad994d-9995-4a05-895c-4116d3d352a9,Automated_Assessment_4168863,1538,OneTrust Automation,79f09a0f-fbd7-4439-9e1e-d48abe62c98e,https://Assessment/Assessment/00ad994d-9995-4a05-895c-4116d3d352a9,OTAuto02,b99df4a4-2bf5-4c08-9483-bd636470bc11,b99df4a4-2bf5-4c08-9483-bd636470bc11
06f43647-8313-4e26-a754-4a65c3cf381d,a_1105645,1539,OneTrust Automation,79f09a0f-fbd7-4439-9e1e-d48abe62c98e,https://Assessment/Assessment/06f43647-8313-4e26-a754-4a65c3cf381d,OTAuto02,b99df4a4-2bf5-4c08-9483-bd636470bc11,b99df4a4-2bf5-4c08-9483-bd636470bc11
660e42bf-2e7f-48df-a2bd-f9bdd632eae3,a_5355409,1541,OneTrust Automation,79f09a0f-fbd7-4439-9e1e-d48abe62c98e,https://Assessment/Assessment/660e42bf-2e7f-48df-a2bd-f9bdd632eae3,OTAuto02,b99df4a4-2bf5-4c08-9483-bd636470bc11,b99df4a4-2bf5-4c08-9483-bd636470bc11
bfa4e834-01a3-4e19-9af6-c4bb7fa8889f,project_instance_1639671 - template_1639671,1544,OneTrust Automation,79f09a0f-fbd7-4439-9e1e-d48abe62c98e,https://Assessment/Assessment/bfa4e834-01a3-4e19-9af6-c4bb7fa8889f,OTAuto02,b99df4a4-2bf5-4c08-9483-bd636470bc11,b99df4a4-2bf5-4c08-9483-bd636470bc11
682b1c1c-dcd0-412c-b195-bb91e92313e3,automation_project_TCT_9187458,1529,OneTrust Automation,79f09a0f-fbd7-4439-9e1e-d48abe62c98e,https://Assessment/Assessment/682b1c1c-dcd0-412c-b195-bb91e92313e3,OTAuto02,b99df4a4-2bf5-4c08-9483-bd636470bc11,b99df4a4-2bf5-4c08-9483-bd636470bc11
71396c30-31e9-4fc7-876e-6d94cc3526c9,automation_project_TCT_3665194,1537,OneTrust Automation,79f09a0f-fbd7-4439-9e1e-d48abe62c98e,https://Assessment/Assessment/71396c30-31e9-4fc7-876e-6d94cc3526c9,OTAuto02,b99df4a4-2bf5-4c08-9483-bd636470bc11,b99df4a4-2bf5-4c08-9483-bd636470bc11
c971c096-116b-4f5f-9307-e3f43c085f45,automation_project_TCT_652354,1534,OneTrust Automation,79f09a0f-fbd7-4439-9e1e-d48abe62c98e,https://Assessment/Assessment/c971c096-116b-4f5f-9307-e3f43c085f45,OTAuto02,b99df4a4-2bf5-4c08-9483-bd636470bc11,b99df4a4-2bf5-4c08-9483-bd636470bc11
0273f39b-6cce-40de-a26b-42460d59e786,automation_project_TCT_2635357,1520,OneTrust Automation,79f09a0f-fbd7-4439-9e1e-d48abe62c98e,https://Assessment/Assessment/0273f39b-6cce-40de-a26b-42460d59e786,OTAuto02,b99df4a4-2bf5-4c08-9483-bd636470bc11,b99df4a4-2bf5-4c08-9483-bd636470bc11
06277f67-5ce6-4456-850e-4bb2e998cd06,automation_project_TCT_5679998,1527,OneTrust Automation,79f09a0f-fbd7-4439-9e1e-d48abe62c98e,https://Assessment/Assessment/06277f67-5ce6-4456-850e-4bb2e998cd06,OTAuto02,b99df4a4-2bf5-4c08-9483-bd636470bc11,b99df4a4-2bf5-4c08-9483-bd636470bc11
93ec4163-362f-4b69-bc0e-afc14e8b5130,automation_project_TCT_3990417,1514,OneTrust Automation,79f09a0f-fbd7-4439-9e1e-d48abe62c98e,https://Assessment/Assessment/93ec4163-362f-4b69-bc0e-afc14e8b5130,OTAuto02,b99df4a4-2bf5-4c08-9483-bd636470bc11,b99df4a4-2bf5-4c08-9483-bd636470bc11
01503de4-5bfb-4722-9323-e025aefc9536,automation_assessment_3106028,1377,OneTrust Automation,79f09a0f-fbd7-4439-9e1e-d48abe62c98e,https://Assessment/Assessment/01503de4-5bfb-4722-9323-e025aefc9536,OTAuto02,b99df4a4-2bf5-4c08-9483-bd636470bc11,b99df4a4-2bf5-4c08-9483-bd636470bc11
5a356ec5-f7ce-46c8-999e-48f56ad3b8e5,automated_assessment_52430_7277236,736,SubOrg_1_User_2_7277236 PrivacyOfficer,945b200b-c37e-406f-a19c-60e78a60691a,https://Assessment/Assessment/5a356ec5-f7ce-46c8-999e-48f56ad3b8e5,OTAuto02,b99df4a4-2bf5-4c08-9483-bd636470bc11,b99df4a4-2bf5-4c08-9483-bd636470bc11
a06799ef-e49d-482b-9f88-06e568194101,vendor_69054_657346,1426,OneTrust Automation,79f09a0f-fbd7-4439-9e1e-d48abe62c98e,https://Assessment/Assessment/a06799ef-e49d-482b-9f88-06e568194101,OTAuto02,b99df4a4-2bf5-4c08-9483-bd636470bc11,b99df4a4-2bf5-4c08-9483-bd636470bc11
cbfab19c-0d00-4361-b619-e329b8942753,Inventory_63681_Assessment_1736327,1272,OneTrust Automation,79f09a0f-fbd7-4439-9e1e-d48abe62c98e,https://Assessment/Assessment/cbfab19c-0d00-4361-b619-e329b8942753,OTAuto02,b99df4a4-2bf5-4c08-9483-bd636470bc11,b99df4a4-2bf5-4c08-9483-bd636470bc11
f1c1440e-9b11-4a61-8450-a8ae85f82575,Assessment_727_7333914,1241,OneTrust Automation,79f09a0f-fbd7-4439-9e1e-d48abe62c98e,https://Assessment/Assessment/f1c1440e-9b11-4a61-8450-a8ae85f82575,OTAuto02,b99df4a4-2bf5-4c08-9483-bd636470bc11,b99df4a4-2bf5-4c08-9483-bd636470bc11
20b5aad5-83ad-44d9-8d9e-dcb7414b3f40,automated_assessment_58863_1724874,129,OneTrust Automation,79f09a0f-fbd7-4439-9e1e-d48abe62c98e,https://Assessment/Assessment/20b5aad5-83ad-44d9-8d9e-dcb7414b3f40,OTAuto02,b99df4a4-2bf5-4c08-9483-bd636470bc11,b99df4a4-2bf5-4c08-9483-bd636470bc11
fc6374a4-de6e-46e7-a125-bd9be2b8e151,automation_assessment_40862_9248691,1505,OneTrust Automation,79f09a0f-fbd7-4439-9e1e-d48abe62c98e,https://Assessment/Assessment/fc6374a4-de6e-46e7-a125-bd9be2b8e151,OTAuto02,b99df4a4-2bf5-4c08-9483-bd636470bc11,b99df4a4-2bf5-4c08-9483-bd636470bc11
1375ecb3-5017-4bd9-bb73-ccae83e8eb5e,automated_assessment_72139_2082623,887,OneTrust Automation,79f09a0f-fbd7-4439-9e1e-d48abe62c98e,https://Assessment/Assessment/1375ecb3-5017-4bd9-bb73-ccae83e8eb5e,OTAuto02,b99df4a4-2bf5-4c08-9483-bd636470bc11,b99df4a4-2bf5-4c08-9483-bd636470bc11
c61fde81-0c45-467b-9b7b-3795afa38b2b,automated_assessment_58880_9469965,634,SubOrg_2_User_2_9469965 PrivacyOfficer,c905869e-4802-476e-97dc-d18b7be1ce6c,https://Assessment/Assessment/c61fde81-0c45-467b-9b7b-3795afa38b2b,OTAuto02,b99df4a4-2bf5-4c08-9483-bd636470bc11,b99df4a4-2bf5-4c08-9483-bd636470bc11
f136ed98-c408-43f4-ab56-6987d78aaee4,automated_assessment_60725_7765109,813,SubOrg_1_User_2_7765109 PrivacyOfficer,f9bb14b0-b959-453f-bf51-a37f3bd5e719,https://Assessment/Assessment/f136ed98-c408-43f4-ab56-6987d78aaee4,OTAuto02,b99df4a4-2bf5-4c08-9483-bd636470bc11,b99df4a4-2bf5-4c08-9483-bd636470bc11
2bd7def3-137f-4dd9-837a-d1f20f5689eb,automated_assessment_71266_7942860,423,OneTrust Automation,79f09a0f-fbd7-4439-9e1e-d48abe62c98e,https://Assessment/Assessment/2bd7def3-137f-4dd9-837a-d1f20f5689eb,OTAuto02,b99df4a4-2bf5-4c08-9483-bd636470bc11,b99df4a4-2bf5-4c08-9483-bd636470bc11
ef797f9e-a8c1-44ca-ad5f-14045c31c162,assessment_2082623,883,OneTrust Automation,79f09a0f-fbd7-4439-9e1e-d48abe62c98e,https://Assessment/Assessment/ef797f9e-a8c1-44ca-ad5f-14045c31c162,OTAuto02,b99df4a4-2bf5-4c08-9483-bd636470bc11,b99df4a4-2bf5-4c08-9483-bd636470bc11
dab6a761-bf78-448a-a82d-8148aba1d314,Risk_Adding_Assessment_7565462,1192,OneTrust Automation,79f09a0f-fbd7-4439-9e1e-d48abe62c98e,https://Assessment/Assessment/dab6a761-bf78-448a-a82d-8148aba1d314,OTAuto02,b99df4a4-2bf5-4c08-9483-bd636470bc11,b99df4a4-2bf5-4c08-9483-bd636470bc11
389df6e7-9895-48be-a9b8-56293195524d,automation_project_33958_8750294,1145,OneTrust Automation,79f09a0f-fbd7-4439-9e1e-d48abe62c98e,https://Assessment/Assessment/389df6e7-9895-48be-a9b8-56293195524d,OTAuto02,b99df4a4-2bf5-4c08-9483-bd636470bc11,b99df4a4-2bf5-4c08-9483-bd636470bc11
320e4a13-b229-4023-9ebf-2e75f5bd713c,automated_assessment_2047164,1038,OneTrust Automation,79f09a0f-fbd7-4439-9e1e-d48abe62c98e,https://Assessment/Assessment/320e4a13-b229-4023-9ebf-2e75f5bd713c,OTAuto02,b99df4a4-2bf5-4c08-9483-bd636470bc11,b99df4a4-2bf5-4c08-9483-bd636470bc11
7494d56c-fd65-451a-aa3f-0576b218bc74,Assessment_6128022,1212,privacyofficer user,aa5e22c6-dc4f-473f-8aa5-46753f07d37d,https://Assessment/Assessment/7494d56c-fd65-451a-aa3f-0576b218bc74,OTAuto02,b99df4a4-2bf5-4c08-9483-bd636470bc11,b99df4a4-2bf5-4c08-9483-bd636470bc11
18638256-9d93-4d7a-9b43-f683a1a7e032,automation_project_42848_8201623,855,OneTrust Automation,79f09a0f-fbd7-4439-9e1e-d48abe62c98e,https://Assessment/Assessment/18638256-9d93-4d7a-9b43-f683a1a7e032,OTAuto02,b99df4a4-2bf5-4c08-9483-bd636470bc11,b99df4a4-2bf5-4c08-9483-bd636470bc11
d9fedff2-e09c-46f7-8ab6-ef75a68ed53f,automation_assessment_02_5510317,846,OneTrust Automation,79f09a0f-fbd7-4439-9e1e-d48abe62c98e,https://Assessment/Assessment/d9fedff2-e09c-46f7-8ab6-ef75a68ed53f,OTAuto02,b99df4a4-2bf5-4c08-9483-bd636470bc11,b99df4a4-2bf5-4c08-9483-bd636470bc11
fe61d14f-8c8f-4cb8-b002-334eac32ff25,automation_project_33958_3348723,881,OneTrust Automation,79f09a0f-fbd7-4439-9e1e-d48abe62c98e,https://Assessment/Assessment/fe61d14f-8c8f-4cb8-b002-334eac32ff25,OTAuto02,b99df4a4-2bf5-4c08-9483-bd636470bc11,b99df4a4-2bf5-4c08-9483-bd636470bc11
7aff5ab1-4a16-47a1-8642-c646a67a7585,Risk_Adding_Assessment_45488_477243,986,privacyofficer user,aa5e22c6-dc4f-473f-8aa5-46753f07d37d,https://Assessment/Assessment/7aff5ab1-4a16-47a1-8642-c646a67a7585,OTAuto02,b99df4a4-2bf5-4c08-9483-bd636470bc11,b99df4a4-2bf5-4c08-9483-bd636470bc11
cbf63c80-ee6d-4be1-8954-f6d132379184,automation_project_33958_9455294,917,OneTrust Automation,79f09a0f-fbd7-4439-9e1e-d48abe62c98e,https://Assessment/Assessment/cbf63c80-ee6d-4be1-8954-f6d132379184,OTAuto02,b99df4a4-2bf5-4c08-9483-bd636470bc11,b99df4a4-2bf5-4c08-9483-bd636470bc11
2d3f0e84-5bc8-4f3f-8dc6-ac2f0f3333e9,automation_project_TCT_5832671,839,OneTrust Automation,79f09a0f-fbd7-4439-9e1e-d48abe62c98e,https://Assessment/Assessment/2d3f0e84-5bc8-4f3f-8dc6-ac2f0f3333e9,OTAuto02,b99df4a4-2bf5-4c08-9483-bd636470bc11,b99df4a4-2bf5-4c08-9483-bd636470bc11
56a3332b-0f30-4d62-88e6-155489b7a037,Risk_Adding_Assessment_6913666,939,privacyofficer user,aa5e22c6-dc4f-473f-8aa5-46753f07d37d,https://Assessment/Assessment/56a3332b-0f30-4d62-88e6-155489b7a037,OTAuto02,b99df4a4-2bf5-4c08-9483-bd636470bc11,b99df4a4-2bf5-4c08-9483-bd636470bc11
ff36a15a-beab-422a-8a05-62deeefe96cd,Automated_Assessment_3151957,1565,OneTrust Automation,79f09a0f-fbd7-4439-9e1e-d48abe62c98e,https://Assessment/Assessment/ff36a15a-beab-422a-8a05-62deeefe96cd,OTAuto02,b99df4a4-2bf5-4c08-9483-bd636470bc11,b99df4a4-2bf5-4c08-9483-bd636470bc11
f4a01e04-21f8-40a2-938a-4de4a5a5cf8d,project_instance_1607241 - template_1607241,1569,OneTrust Automation,79f09a0f-fbd7-4439-9e1e-d48abe62c98e,https://Assessment/Assessment/f4a01e04-21f8-40a2-938a-4de4a5a5cf8d,OTAuto02,b99df4a4-2bf5-4c08-9483-bd636470bc11,b99df4a4-2bf5-4c08-9483-bd636470bc11
6e315786-5b14-419b-9e1a-31cdad7c4886,automation_project_33958_4724678,817,OneTrust Automation,79f09a0f-fbd7-4439-9e1e-d48abe62c98e,https://Assessment/Assessment/6e315786-5b14-419b-9e1a-31cdad7c4886,OTAuto02,b99df4a4-2bf5-4c08-9483-bd636470bc11,b99df4a4-2bf5-4c08-9483-bd636470bc11
9c371e76-107e-4f55-b419-dbf5465f8b77,automation_project_40689_5474730,811,OneTrust Automation,79f09a0f-fbd7-4439-9e1e-d48abe62c98e,https://Assessment/Assessment/9c371e76-107e-4f55-b419-dbf5465f8b77,OTAuto02,b99df4a4-2bf5-4c08-9483-bd636470bc11,b99df4a4-2bf5-4c08-9483-bd636470bc11
d1984ff0-84b0-4d16-8ec0-8c27ba9b32d1,automation_project_33958_4599255,810,OneTrust Automation,79f09a0f-fbd7-4439-9e1e-d48abe62c98e,https://Assessment/Assessment/d1984ff0-84b0-4d16-8ec0-8c27ba9b32d1,OTAuto02,b99df4a4-2bf5-4c08-9483-bd636470bc11,b99df4a4-2bf5-4c08-9483-bd636470bc11
4e701496-87ed-46a6-b067-1879d75723ac,automation_assessment_8281844,796,OneTrust Automation,79f09a0f-fbd7-4439-9e1e-d48abe62c98e,https://Assessment/Assessment/4e701496-87ed-46a6-b067-1879d75723ac,OTAuto02,b99df4a4-2bf5-4c08-9483-bd636470bc11,b99df4a4-2bf5-4c08-9483-bd636470bc11
58cc6101-7726-4b41-99b7-a34e7ed7ed66,automation_assessment_8075693,1563,OneTrust Automation,79f09a0f-fbd7-4439-9e1e-d48abe62c98e,https://Assessment/Assessment/58cc6101-7726-4b41-99b7-a34e7ed7ed66,OTAuto02,b99df4a4-2bf5-4c08-9483-bd636470bc11,b99df4a4-2bf5-4c08-9483-bd636470bc11
5707b893-783b-4bc3-b161-f6108b06be8a,automation_assessment_6060603,748,OneTrust Automation,79f09a0f-fbd7-4439-9e1e-d48abe62c98e,https://Assessment/Assessment/5707b893-783b-4bc3-b161-f6108b06be8a,OTAuto02,b99df4a4-2bf5-4c08-9483-bd636470bc11,b99df4a4-2bf5-4c08-9483-bd636470bc11
424dda77-4588-4bf5-83ee-a93f6578bf7c,Risk_Adding_Assessment_9065453,742,OneTrust Automation,79f09a0f-fbd7-4439-9e1e-d48abe62c98e,https://Assessment/Assessment/424dda77-4588-4bf5-83ee-a93f6578bf7c,OTAuto02,b99df4a4-2bf5-4c08-9483-bd636470bc11,b99df4a4-2bf5-4c08-9483-bd636470bc11
4cd63f3b-ec14-4d18-b6bf-50dde2969e5e,Risk_Assessment_4126642,749,OneTrust Automation,79f09a0f-fbd7-4439-9e1e-d48abe62c98e,https://Assessment/Assessment/4cd63f3b-ec14-4d18-b6bf-50dde2969e5e,OTAuto02,b99df4a4-2bf5-4c08-9483-bd636470bc11,b99df4a4-2bf5-4c08-9483-bd636470bc11
27cd30b6-1052-4f55-abf3-958ae0fd2184,automation_assessment_7809567,626,OneTrust Automation,79f09a0f-fbd7-4439-9e1e-d48abe62c98e,https://Assessment/Assessment/27cd30b6-1052-4f55-abf3-958ae0fd2184,OTAuto02,b99df4a4-2bf5-4c08-9483-bd636470bc11,b99df4a4-2bf5-4c08-9483-bd636470bc11
2d77c321-5ed5-44c6-8f64-8c98b42486f3,automation_project_42848_8009634,671,OneTrust Automation,79f09a0f-fbd7-4439-9e1e-d48abe62c98e,https://Assessment/Assessment/2d77c321-5ed5-44c6-8f64-8c98b42486f3,OTAuto02,b99df4a4-2bf5-4c08-9483-bd636470bc11,b99df4a4-2bf5-4c08-9483-bd636470bc11
a4f22450-cc6e-4c41-a829-6f9e6654542a,automation_assessment_2307612,682,OneTrust Automation,79f09a0f-fbd7-4439-9e1e-d48abe62c98e,https://Assessment/Assessment/a4f22450-cc6e-4c41-a829-6f9e6654542a,OTAuto02,b99df4a4-2bf5-4c08-9483-bd636470bc11,b99df4a4-2bf5-4c08-9483-bd636470bc11
f8f78224-ae44-4da1-9ab6-0110f70fa851,automation_assessment_1_2075848,651,OneTrust Automation,79f09a0f-fbd7-4439-9e1e-d48abe62c98e,https://Assessment/Assessment/f8f78224-ae44-4da1-9ab6-0110f70fa851,OTAuto02,b99df4a4-2bf5-4c08-9483-bd636470bc11,b99df4a4-2bf5-4c08-9483-bd636470bc11
ea7547ee-f81f-4cb2-baa1-26df3c7e6335,automation_project_65635_7507651,739,privacyofficer user,aa5e22c6-dc4f-473f-8aa5-46753f07d37d,https://Assessment/Assessment/ea7547ee-f81f-4cb2-baa1-26df3c7e6335,OTAuto02,b99df4a4-2bf5-4c08-9483-bd636470bc11,b99df4a4-2bf5-4c08-9483-bd636470bc11
d34832f9-d234-4621-a0a7-fb11a02f7b2f,automation_assessment_2_2075848,661,OneTrust Automation,79f09a0f-fbd7-4439-9e1e-d48abe62c98e,https://Assessment/Assessment/d34832f9-d234-4621-a0a7-fb11a02f7b2f,OTAuto02,b99df4a4-2bf5-4c08-9483-bd636470bc11,b99df4a4-2bf5-4c08-9483-bd636470bc11
0b24dfc0-e4f8-426d-a137-b7acb50f2972,automation_assessment_7411547,688,OneTrust Automation,79f09a0f-fbd7-4439-9e1e-d48abe62c98e,https://Assessment/Assessment/0b24dfc0-e4f8-426d-a137-b7acb50f2972,OTAuto02,b99df4a4-2bf5-4c08-9483-bd636470bc11,b99df4a4-2bf5-4c08-9483-bd636470bc11
e0ccfe31-443f-4573-9e2e-bdb20ca38286,automation_project_42884_7673751,642,privacyofficer user,aa5e22c6-dc4f-473f-8aa5-46753f07d37d,https://Assessment/Assessment/e0ccfe31-443f-4573-9e2e-bdb20ca38286,OTAuto02,b99df4a4-2bf5-4c08-9483-bd636470bc11,b99df4a4-2bf5-4c08-9483-bd636470bc11
f129b418-ad33-4b3f-8e78-7a63c63dc59f,automation_project_33958_4547913,704,OneTrust Automation,79f09a0f-fbd7-4439-9e1e-d48abe62c98e,https://Assessment/Assessment/f129b418-ad33-4b3f-8e78-7a63c63dc59f,OTAuto02,b99df4a4-2bf5-4c08-9483-bd636470bc11,b99df4a4-2bf5-4c08-9483-bd636470bc11
0ecf2260-56ad-4673-a057-ad4bdc8e9a17,!assessment_40886_8578312,582,OneTrust Automation,79f09a0f-fbd7-4439-9e1e-d48abe62c98e,https://Assessment/Assessment/0ecf2260-56ad-4673-a057-ad4bdc8e9a17,OTAuto02,b99df4a4-2bf5-4c08-9483-bd636470bc11,b99df4a4-2bf5-4c08-9483-bd636470bc11
243dea0f-63a9-4471-9425-13a7f8303377,Automated_Assessment_7579445,556,OneTrust Automation,79f09a0f-fbd7-4439-9e1e-d48abe62c98e,https://Assessment/Assessment/243dea0f-63a9-4471-9425-13a7f8303377,OTAuto02,b99df4a4-2bf5-4c08-9483-bd636470bc11,b99df4a4-2bf5-4c08-9483-bd636470bc11
673223d8-b6f4-456e-b2db-4905c0a5499a,Risk_Control_Assessment_1771884,616,privacyofficer user,aa5e22c6-dc4f-473f-8aa5-46753f07d37d,https://Assessment/Assessment/673223d8-b6f4-456e-b2db-4905c0a5499a,OTAuto02,b99df4a4-2bf5-4c08-9483-bd636470bc11,b99df4a4-2bf5-4c08-9483-bd636470bc11
a3b4b448-def0-4b81-aab5-4688a00ac11e,automation_project_33958_7787529,455,OneTrust Automation,79f09a0f-fbd7-4439-9e1e-d48abe62c98e,https://Assessment/Assessment/a3b4b448-def0-4b81-aab5-4688a00ac11e,OTAuto02,b99df4a4-2bf5-4c08-9483-bd636470bc11,b99df4a4-2bf5-4c08-9483-bd636470bc11
0e3bd641-6523-4438-8c72-1161ad0f8cb9,automation_assessment_56916_2889676,505,SubOrg_1_User_56916_1_2889676 PrivacyOfficer,908429f3-3bde-41d9-9c96-c1e60cee40c7,https://Assessment/Assessment/0e3bd641-6523-4438-8c72-1161ad0f8cb9,OTAuto02,b99df4a4-2bf5-4c08-9483-bd636470bc11,b99df4a4-2bf5-4c08-9483-bd636470bc11
6b8c3ed8-4edc-43ac-a76e-64e3d996cd1d,automated_assessment_58873_19032026,278,SubOrg_1_User_2_19032026 PrivacyOfficer,2fa50b95-e2b4-4e2e-9809-ee1f6c24a4fe,https://Assessment/Assessment/6b8c3ed8-4edc-43ac-a76e-64e3d996cd1d,OTAuto02,b99df4a4-2bf5-4c08-9483-bd636470bc11,b99df4a4-2bf5-4c08-9483-bd636470bc11
9e832628-2406-41f1-bf2c-eab4cdee93a4,automation_project_33958_9656255,439,OneTrust Automation,79f09a0f-fbd7-4439-9e1e-d48abe62c98e,https://Assessment/Assessment/9e832628-2406-41f1-bf2c-eab4cdee93a4,OTAuto02,b99df4a4-2bf5-4c08-9483-bd636470bc11,b99df4a4-2bf5-4c08-9483-bd636470bc11
e0282621-50ac-45fd-91bf-9a7f4d9da952,assessment_1_9145418,638,OneTrust Automation,79f09a0f-fbd7-4439-9e1e-d48abe62c98e,https://Assessment/Assessment/e0282621-50ac-45fd-91bf-9a7f4d9da952,OTAuto02,b99df4a4-2bf5-4c08-9483-bd636470bc11,b99df4a4-2bf5-4c08-9483-bd636470bc11
737b82a7-43cd-4b4c-a988-6e5d8fda54c7,Assessment_2392369,373,privacyofficer user,aa5e22c6-dc4f-473f-8aa5-46753f07d37d,https://Assessment/Assessment/737b82a7-43cd-4b4c-a988-6e5d8fda54c7,OTAuto02,b99df4a4-2bf5-4c08-9483-bd636470bc11,b99df4a4-2bf5-4c08-9483-bd636470bc11
9620c3aa-f6b4-4a82-80cc-299338a8b8c7,Automated_Assessment_2_7956884,380,OneTrust Automation,79f09a0f-fbd7-4439-9e1e-d48abe62c98e,https://Assessment/Assessment/9620c3aa-f6b4-4a82-80cc-299338a8b8c7,OTAuto02,b99df4a4-2bf5-4c08-9483-bd636470bc11,b99df4a4-2bf5-4c08-9483-bd636470bc11
504d660c-b81f-4709-a2ca-2f9645ed0644,automation_project_33958_8153183,341,OneTrust Automation,79f09a0f-fbd7-4439-9e1e-d48abe62c98e,https://Assessment/Assessment/504d660c-b81f-4709-a2ca-2f9645ed0644,OTAuto02,b99df4a4-2bf5-4c08-9483-bd636470bc11,b99df4a4-2bf5-4c08-9483-bd636470bc11
84e3db53-97fc-4b0d-a6a0-64d3fc3b992a,automation_project_42848_745774,395,OneTrust Automation,79f09a0f-fbd7-4439-9e1e-d48abe62c98e,https://Assessment/Assessment/84e3db53-97fc-4b0d-a6a0-64d3fc3b992a,OTAuto02,b99df4a4-2bf5-4c08-9483-bd636470bc11,b99df4a4-2bf5-4c08-9483-bd636470bc11
21cca3b3-6b7d-41b8-8608-46e7c07b71fd,Automated_Assessment_9769708,255,OneTrust Automation,79f09a0f-fbd7-4439-9e1e-d48abe62c98e,https://Assessment/Assessment/21cca3b3-6b7d-41b8-8608-46e7c07b71fd,OTAuto02,b99df4a4-2bf5-4c08-9483-bd636470bc11,b99df4a4-2bf5-4c08-9483-bd636470bc11
6f1107c2-bb98-4b42-96f3-0769fbce5f46,automation_project_33958_6892797,287,OneTrust Automation,79f09a0f-fbd7-4439-9e1e-d48abe62c98e,https://Assessment/Assessment/6f1107c2-bb98-4b42-96f3-0769fbce5f46,OTAuto02,b99df4a4-2bf5-4c08-9483-bd636470bc11,b99df4a4-2bf5-4c08-9483-bd636470bc11
95fd9aa5-8788-4dd9-8f8a-aad96affe02e,automation_assessment_5601712,359,OneTrust Automation,79f09a0f-fbd7-4439-9e1e-d48abe62c98e,https://Assessment/Assessment/95fd9aa5-8788-4dd9-8f8a-aad96affe02e,OTAuto02,b99df4a4-2bf5-4c08-9483-bd636470bc11,b99df4a4-2bf5-4c08-9483-bd636470bc11
491737fb-cd7b-462f-b4b5-bf83c8f9d1cc,project_instance_343033 - template_343033,1578,OneTrust Automation,79f09a0f-fbd7-4439-9e1e-d48abe62c98e,https://Assessment/Assessment/491737fb-cd7b-462f-b4b5-bf83c8f9d1cc,OTAuto02,b99df4a4-2bf5-4c08-9483-bd636470bc11,b99df4a4-2bf5-4c08-9483-bd636470bc11
1ef7a64e-9507-4ea0-9202-fa44bbbd1b5b,assessment2_19032026,127,OneTrust Automation,79f09a0f-fbd7-4439-9e1e-d48abe62c98e,https://Assessment/Assessment/1ef7a64e-9507-4ea0-9202-fa44bbbd1b5b,OTAuto02,b99df4a4-2bf5-4c08-9483-bd636470bc11,b99df4a4-2bf5-4c08-9483-bd636470bc11
37134967-acde-4c32-938a-33d2f5a0b3bf,automation_project_65188_19032026,124,OneTrust Automation,79f09a0f-fbd7-4439-9e1e-d48abe62c98e,https://Assessment/Assessment/37134967-acde-4c32-938a-33d2f5a0b3bf,OTAuto02,b99df4a4-2bf5-4c08-9483-bd636470bc11,b99df4a4-2bf5-4c08-9483-bd636470bc11
da376684-f36d-41bc-9c77-8a9175027d5e,Automated_Assessment_4739_19032026,136,edit2_19032026 user_19032026,1a05180b-9ab8-47a2-87c8-da8c1db908b5,https://Assessment/Assessment/da376684-f36d-41bc-9c77-8a9175027d5e,OTAuto02,b99df4a4-2bf5-4c08-9483-bd636470bc11,b99df4a4-2bf5-4c08-9483-bd636470bc11
fa7c3ef0-af22-4698-b7c0-055a4ba48965,automation_assessment_19032026,219,OneTrust Automation,79f09a0f-fbd7-4439-9e1e-d48abe62c98e,https://Assessment/Assessment/fa7c3ef0-af22-4698-b7c0-055a4ba48965,OTAuto02,b99df4a4-2bf5-4c08-9483-bd636470bc11,b99df4a4-2bf5-4c08-9483-bd636470bc11
66f61fb1-3817-4683-b126-5ec4c0d4adbd,Risk_Adding_Assessment_175124,126,OneTrust Automation,79f09a0f-fbd7-4439-9e1e-d48abe62c98e,https://Assessment/Assessment/66f61fb1-3817-4683-b126-5ec4c0d4adbd,OTAuto02,b99df4a4-2bf5-4c08-9483-bd636470bc11,b99df4a4-2bf5-4c08-9483-bd636470bc11
f7447b7d-6528-423a-8393-11dbd1357aba,Automated_Assessment_02_4739_19032026,141,edit2_19032026 user_19032026,1a05180b-9ab8-47a2-87c8-da8c1db908b5,https://Assessment/Assessment/f7447b7d-6528-423a-8393-11dbd1357aba,OTAuto02,b99df4a4-2bf5-4c08-9483-bd636470bc11,b99df4a4-2bf5-4c08-9483-bd636470bc11
cb1ca3bc-386b-4d97-aa3b-e06fe40253d9,automation_project_39954_2054789,211,OneTrust Automation,79f09a0f-fbd7-4439-9e1e-d48abe62c98e,https://Assessment/Assessment/cb1ca3bc-386b-4d97-aa3b-e06fe40253d9,OTAuto02,b99df4a4-2bf5-4c08-9483-bd636470bc11,b99df4a4-2bf5-4c08-9483-bd636470bc11
a792362a-d3b2-46a2-871b-261c29528694,Automated_Assessment_01_4739_19032026,137,edit1_19032026 user_19032026,438d0f1f-004f-4835-91cf-b4281c2b9a7f,https://Assessment/Assessment/a792362a-d3b2-46a2-871b-261c29528694,OTAuto02,b99df4a4-2bf5-4c08-9483-bd636470bc11,b99df4a4-2bf5-4c08-9483-bd636470bc11
271d9172-d6dc-4a6b-90c5-86c1bfa9566d,automation_assessment_4301248,204,OneTrust Automation,79f09a0f-fbd7-4439-9e1e-d48abe62c98e,https://Assessment/Assessment/271d9172-d6dc-4a6b-90c5-86c1bfa9566d,OTAuto02,b99df4a4-2bf5-4c08-9483-bd636470bc11,b99df4a4-2bf5-4c08-9483-bd636470bc11
f5ce06bf-f3d6-4303-b7f9-9293077583b0,assessment_19032026,125,OneTrust Automation,79f09a0f-fbd7-4439-9e1e-d48abe62c98e,https://Assessment/Assessment/f5ce06bf-f3d6-4303-b7f9-9293077583b0,OTAuto02,b99df4a4-2bf5-4c08-9483-bd636470bc11,b99df4a4-2bf5-4c08-9483-bd636470bc11
a792362a-d3b2-46a2-871b-261c29528694,Automated_Assessment_01_4739_19032026,137,edit2_19032026 user_19032026,1a05180b-9ab8-47a2-87c8-da8c1db908b5,https://Assessment/Assessment/a792362a-d3b2-46a2-871b-261c29528694,OTAuto02,b99df4a4-2bf5-4c08-9483-bd636470bc11,b99df4a4-2bf5-4c08-9483-bd636470bc11
b80c1670-bce5-4906-a6a9-ea6456da837a,Assessment_Risk_7528_19032026,231,OneTrust Automation,79f09a0f-fbd7-4439-9e1e-d48abe62c98e,https://Assessment/Assessment/b80c1670-bce5-4906-a6a9-ea6456da837a,OTAuto02,b99df4a4-2bf5-4c08-9483-bd636470bc11,b99df4a4-2bf5-4c08-9483-bd636470bc11
d80c74b9-f6a3-4056-a14e-a85adaadda86,Risk_Adding_Assessment_9738928,147,privacyofficer user,aa5e22c6-dc4f-473f-8aa5-46753f07d37d,https://Assessment/Assessment/d80c74b9-f6a3-4056-a14e-a85adaadda86,OTAuto02,b99df4a4-2bf5-4c08-9483-bd636470bc11,b99df4a4-2bf5-4c08-9483-bd636470bc11
e395c1c9-9f42-4611-b915-9b370119c886,automation_project_42865_4230568,173,OneTrust Automation,79f09a0f-fbd7-4439-9e1e-d48abe62c98e,https://Assessment/Assessment/e395c1c9-9f42-4611-b915-9b370119c886,OTAuto02,b99df4a4-2bf5-4c08-9483-bd636470bc11,b99df4a4-2bf5-4c08-9483-bd636470bc11
7ca54638-f51e-4587-a1e8-b3bf0ff07d47,Automated_Assessment_783923,83,OneTrust Automation,79f09a0f-fbd7-4439-9e1e-d48abe62c98e,https://Assessment/Assessment/7ca54638-f51e-4587-a1e8-b3bf0ff07d47,OTAuto02,b99df4a4-2bf5-4c08-9483-bd636470bc11,b99df4a4-2bf5-4c08-9483-bd636470bc11
a2c38f67-ef8c-4467-879b-42d3160b6901,Risk_Adding_Assessment_4236024,50,OneTrust Automation,79f09a0f-fbd7-4439-9e1e-d48abe62c98e,https://Assessment/Assessment/a2c38f67-ef8c-4467-879b-42d3160b6901,OTAuto02,b99df4a4-2bf5-4c08-9483-bd636470bc11,b99df4a4-2bf5-4c08-9483-bd636470bc11
061f0dc5-4959-4b87-9485-38f05008c09c,automation_assessment_8895653,84,OneTrust Automation,79f09a0f-fbd7-4439-9e1e-d48abe62c98e,https://Assessment/Assessment/061f0dc5-4959-4b87-9485-38f05008c09c,OTAuto02,b99df4a4-2bf5-4c08-9483-bd636470bc11,b99df4a4-2bf5-4c08-9483-bd636470bc11
47127be2-f129-460d-883c-2ab6d0b799f6,Automated_Assessment_02_4741_19032026,94,OneTrust Automation,79f09a0f-fbd7-4439-9e1e-d48abe62c98e,https://Assessment/Assessment/47127be2-f129-460d-883c-2ab6d0b799f6,OTAuto02,b99df4a4-2bf5-4c08-9483-bd636470bc11,b99df4a4-2bf5-4c08-9483-bd636470bc11
1793f75c-34c8-48c1-9e3f-853b6dabb6c5,Risk_Assessment_9964889,72,OneTrust Automation,79f09a0f-fbd7-4439-9e1e-d48abe62c98e,https://Assessment/Assessment/1793f75c-34c8-48c1-9e3f-853b6dabb6c5,OTAuto02,b99df4a4-2bf5-4c08-9483-bd636470bc11,b99df4a4-2bf5-4c08-9483-bd636470bc11
4e6218d0-2f94-4be3-9f05-9699ed5acd8e,automation_project_33958_6947335,96,OneTrust Automation,79f09a0f-fbd7-4439-9e1e-d48abe62c98e,https://Assessment/Assessment/4e6218d0-2f94-4be3-9f05-9699ed5acd8e,OTAuto02,b99df4a4-2bf5-4c08-9483-bd636470bc11,b99df4a4-2bf5-4c08-9483-bd636470bc11
fc8d4ace-8303-4254-813e-5c2eaf649775,Risk_Adding_Assessment_39967_3523025,101,OneTrust Automation,79f09a0f-fbd7-4439-9e1e-d48abe62c98e,https://Assessment/Assessment/fc8d4ace-8303-4254-813e-5c2eaf649775,OTAuto02,b99df4a4-2bf5-4c08-9483-bd636470bc11,b99df4a4-2bf5-4c08-9483-bd636470bc11
50732cba-7cff-4cbc-96ec-c92dc75d548c,Risk_Assessment_5841_19032026,44,OneTrust Automation,79f09a0f-fbd7-4439-9e1e-d48abe62c98e,https://Assessment/Assessment/50732cba-7cff-4cbc-96ec-c92dc75d548c,OTAuto02,b99df4a4-2bf5-4c08-9483-bd636470bc11,b99df4a4-2bf5-4c08-9483-bd636470bc11
82553d7f-3e2c-416a-a092-c8ac021510a4,Automated_Assessment_01_4741_19032026,93,OneTrust Automation,79f09a0f-fbd7-4439-9e1e-d48abe62c98e,https://Assessment/Assessment/82553d7f-3e2c-416a-a092-c8ac021510a4,OTAuto02,b99df4a4-2bf5-4c08-9483-bd636470bc11,b99df4a4-2bf5-4c08-9483-bd636470bc11
89111fc6-2187-4c4e-b473-012dce28f500,automation_assessment_59984_19032026,82,OneTrust Automation,79f09a0f-fbd7-4439-9e1e-d48abe62c98e,https://Assessment/Assessment/89111fc6-2187-4c4e-b473-012dce28f500,OTAuto02,b99df4a4-2bf5-4c08-9483-bd636470bc11,b99df4a4-2bf5-4c08-9483-bd636470bc11
9c5e4443-ad20-4353-b872-efa192dd78f7,Automated_Assessment_4741_19032026,91,OneTrust Automation,79f09a0f-fbd7-4439-9e1e-d48abe62c98e,https://Assessment/Assessment/9c5e4443-ad20-4353-b872-efa192dd78f7,OTAuto02,b99df4a4-2bf5-4c08-9483-bd636470bc11,b99df4a4-2bf5-4c08-9483-bd636470bc11
04f0775d-e0f4-4e4b-a335-a571a6f11ef2,Inventory_Assessment_5395108,26,OneTrust Automation,79f09a0f-fbd7-4439-9e1e-d48abe62c98e,https://Assessment/Assessment/04f0775d-e0f4-4e4b-a335-a571a6f11ef2,OTAuto02,b99df4a4-2bf5-4c08-9483-bd636470bc11,b99df4a4-2bf5-4c08-9483-bd636470bc11
85fa8076-4f46-43f0-b4a3-7ee8362b6437,automation_project_33958_1457640,4,OneTrust Automation,79f09a0f-fbd7-4439-9e1e-d48abe62c98e,https://Assessment/Assessment/85fa8076-4f46-43f0-b4a3-7ee8362b6437,OTAuto02,b99df4a4-2bf5-4c08-9483-bd636470bc11,b99df4a4-2bf5-4c08-9483-bd636470bc11
9a8e1f46-f9d5-4ba0-a650-872f2a4edf2e,Inventory_01_Assessment_5395108,29,OneTrust Automation,79f09a0f-fbd7-4439-9e1e-d48abe62c98e,https://Assessment/Assessment/9a8e1f46-f9d5-4ba0-a650-872f2a4edf2e,OTAuto02,b99df4a4-2bf5-4c08-9483-bd636470bc11,b99df4a4-2bf5-4c08-9483-bd636470bc11
d95b2b8b-68da-4854-874a-bc68d5db7c5b,assessment_43642_6892937,1595,OneTrust Automation,79f09a0f-fbd7-4439-9e1e-d48abe62c98e,https://Assessment/Assessment/d95b2b8b-68da-4854-874a-bc68d5db7c5b,OTAuto02,b99df4a4-2bf5-4c08-9483-bd636470bc11,b99df4a4-2bf5-4c08-9483-bd636470bc11
f15b9791-291e-41cc-8e76-8daa0cbb6e73,assessment_43465_5856149,1594,OneTrust Automation,79f09a0f-fbd7-4439-9e1e-d48abe62c98e,https://Assessment/Assessment/f15b9791-291e-41cc-8e76-8daa0cbb6e73,OTAuto02,b99df4a4-2bf5-4c08-9483-bd636470bc11,b99df4a4-2bf5-4c08-9483-bd636470bc11
12701c01-4ddc-4d06-a855-57eb30058c65,automation_project_7575_24032026,1607,OneTrust Automation,79f09a0f-fbd7-4439-9e1e-d48abe62c98e,https://Assessment/Assessment/12701c01-4ddc-4d06-a855-57eb30058c65,OTAuto02,b99df4a4-2bf5-4c08-9483-bd636470bc11,b99df4a4-2bf5-4c08-9483-bd636470bc11
12984429-4ceb-4468-abd6-6a66c459ef42,assessmentExportResponses_1128_24032026,1619,OneTrust Automation,79f09a0f-fbd7-4439-9e1e-d48abe62c98e,https://Assessment/Assessment/12984429-4ceb-4468-abd6-6a66c459ef42,OTAuto02,b99df4a4-2bf5-4c08-9483-bd636470bc11,b99df4a4-2bf5-4c08-9483-bd636470bc11
25527cf4-cfca-4081-a28e-861f5db0067e,B_Assessment_7626_24032026,1606,OneTrust Automation,79f09a0f-fbd7-4439-9e1e-d48abe62c98e,https://Assessment/Assessment/25527cf4-cfca-4081-a28e-861f5db0067e,OTAuto02,b99df4a4-2bf5-4c08-9483-bd636470bc11,b99df4a4-2bf5-4c08-9483-bd636470bc11
40222578-1381-405a-8b86-de46b7923b40,Z_Assessment_7626_24032026,1608,OneTrust Automation,79f09a0f-fbd7-4439-9e1e-d48abe62c98e,https://Assessment/Assessment/40222578-1381-405a-8b86-de46b7923b40,OTAuto02,b99df4a4-2bf5-4c08-9483-bd636470bc11,b99df4a4-2bf5-4c08-9483-bd636470bc11
41f861d7-8438-4784-8800-0d09e70cbc76,Assessment_7580_24032026,1602,OneTrust Automation,79f09a0f-fbd7-4439-9e1e-d48abe62c98e,https://Assessment/Assessment/41f861d7-8438-4784-8800-0d09e70cbc76,OTAuto02,b99df4a4-2bf5-4c08-9483-bd636470bc11,b99df4a4-2bf5-4c08-9483-bd636470bc11
