entityTypeReference,entityId,entityNumber,entityName,stageId,workflowId,workflow,stage,createdBy,updatedBy,createdDateTime,createdDate,createdYear,createdMonth,createdMonthNumber,createdQuarter,updatedDateTime,updatedDate,updatedYear,updatedMonth,updatedMonthNumber,updatedQuarter,timeZoneID,orgId,orgName,parentOrgID,createdByUserEmail
7f984aaa-1f3c-4b67-96ba-afba02994358,02b19c94-20d2-464f-a50d-8dd5389fce3a,7f984aaa-1f3c-4b67-96ba-afba02994358,Vendor_4075775,vendors,21bad894-7c51-4492-a24d-5dfa0c41dfda,,contracts,DirectParentChild,31b9567e-2f0e-40f5-8cf3-a0bad2148999,InventoryLinking.DirectParentChildNameKey,,,2026-03-25T00:35:29.000+00:00,,2026-03-25T12:48:44.895+00:00,2026-03-25T12:53:16.111+00:00,True,e40yx52dkbjpcqazimno9yvh4k
f789ea41-a3ea-4d84-9baf-049ec1d42634,0383b846-70eb-4039-9ec7-fe37c095d7c3,f789ea41-a3ea-4d84-9baf-049ec1d42634,V_2872282,vendors,f3a4a1f1-22e4-45bb-b639-e4a9963dd4b7,,contracts,DirectParentChild,31b9567e-2f0e-40f5-8cf3-a0bad2148999,InventoryLinking.DirectParentChildNameKey,,,2026-03-25T02:31:25.000+00:00,,2026-03-25T12:48:29.082+00:00,2026-03-25T12:53:16.111+00:00,True,e40yx52dkbjpcqazimno9yvh4k
9fee88e2-1fbe-4483-bd85-83652571fab1,03eb3fd4-9727-4368-9972-df70a4d5c98a,9fee88e2-1fbe-4483-bd85-83652571fab1,Vendor_1074186,vendors,c78500c7-22fc-4b26-b9fd-f801808af964,,engagements,DirectParentChild,31b9567e-2f0e-40f5-8cf3-a0bad2148999,InventoryLinking.DirectParentChildNameKey,,,2026-03-25T01:09:08.000+00:00,,2026-03-25T12:48:30.164+00:00,2026-03-25T12:53:16.111+00:00,True,e40yx52dkbjpcqazimno9yvh4k
a357b263-7704-44f2-87af-a31ac8c86e01,08455cea-b293-49d0-9d2f-30be5c056ae3,a357b263-7704-44f2-87af-a31ac8c86e01,V_6733540,vendors,6b264102-f4f0-4d9a-a5f6-74f3e4efe445,,engagements,DirectParentChild,31b9567e-2f0e-40f5-8cf3-a0bad2148999,InventoryLinking.DirectParentChildNameKey,,,2026-03-25T01:13:47.000+00:00,,2026-03-25T12:48:28.981+00:00,2026-03-25T12:53:16.111+00:00,True,e40yx52dkbjpcqazimno9yvh4k
5c7d754e-6acf-4616-926c-a1614daeb9b3,0b288164-2eef-49ca-88f0-841bca3ae564,5c7d754e-6acf-4616-926c-a1614daeb9b3,v1_1412496,vendors,e9d1879e-8449-433d-9b0c-0262f39cfb15,,engagements,DirectParentChild,31b9567e-2f0e-40f5-8cf3-a0bad2148999,InventoryLinking.DirectParentChildNameKey,,,2026-03-25T01:54:21.000+00:00,,2026-03-25T12:48:34.731+00:00,2026-03-25T12:53:16.111+00:00,True,e40yx52dkbjpcqazimno9yvh4k
cebf10b9-505c-4875-a4ca-fe8523810b3a,0c0c7e66-8677-4fc8-a959-f511ba40dfc4,cebf10b9-505c-4875-a4ca-fe8523810b3a,Vendor_4102505,vendors,038de16e-12b5-4319-909a-0827d2c267f4,,engagements,DirectParentChild,31b9567e-2f0e-40f5-8cf3-a0bad2148999,InventoryLinking.DirectParentChildNameKey,,,2026-03-25T00:26:22.000+00:00,,2026-03-25T12:48:41.019+00:00,2026-03-25T12:53:16.111+00:00,True,e40yx52dkbjpcqazimno9yvh4k
3abfae88-a967-4dc9-b95a-49c79967a519,0cc9de64-b932-4c5f-82e4-9d1b23fbc34f,3abfae88-a967-4dc9-b95a-49c79967a519,Vendor_439795,vendors,dd495a73-c160-456c-8810-1137292616cf,,contracts,DirectParentChild,31b9567e-2f0e-40f5-8cf3-a0bad2148999,InventoryLinking.DirectParentChildNameKey,,,2026-03-25T02:35:00.000+00:00,,2026-03-25T12:48:44.753+00:00,2026-03-25T12:53:16.111+00:00,True,e40yx52dkbjpcqazimno9yvh4k
b738f671-3719-414a-a18f-4677b12cf74b,0e42e5b5-efc4-4411-912b-0916608d144f,b738f671-3719-414a-a18f-4677b12cf74b,Vendor_719767,vendors,5e9f2ce5-9d01-4749-9e19-7f7c10d06b0f,,engagements,DirectParentChild,31b9567e-2f0e-40f5-8cf3-a0bad2148999,InventoryLinking.DirectParentChildNameKey,,,2026-03-25T01:25:52.000+00:00,,2026-03-25T12:49:01.046+00:00,2026-03-25T12:53:16.111+00:00,True,e40yx52dkbjpcqazimno9yvh4k
3b36c285-db09-4e98-87df-b2df73985c55,0fe7b780-f9a4-4747-94b5-ee5d3357a5de,3b36c285-db09-4e98-87df-b2df73985c55,Vendor_9116234,vendors,56087e32-a60f-4eca-803f-aa552e50ae3a,,engagements,DirectParentChild,31b9567e-2f0e-40f5-8cf3-a0bad2148999,InventoryLinking.DirectParentChildNameKey,,,2026-03-25T02:02:36.000+00:00,,2026-03-25T12:49:12.453+00:00,2026-03-25T12:53:16.111+00:00,True,e40yx52dkbjpcqazimno9yvh4k
b738f671-3719-414a-a18f-4677b12cf74b,0fefa0cd-d2a9-49ab-9bbf-dc7711dc7012,b738f671-3719-414a-a18f-4677b12cf74b,Vendor_719767,vendors,2e65e1b9-8d5a-4ffd-a6ba-10078ba066d7,,engagements,DirectParentChild,31b9567e-2f0e-40f5-8cf3-a0bad2148999,InventoryLinking.DirectParentChildNameKey,,,2026-03-25T01:25:53.000+00:00,,2026-03-25T12:49:01.237+00:00,2026-03-25T12:53:16.111+00:00,True,e40yx52dkbjpcqazimno9yvh4k
f35eea7a-5616-4429-bf50-1fd841bad52e,15b8ae13-73fa-409d-a6ca-7bf974944940,f35eea7a-5616-4429-bf50-1fd841bad52e,Vendor_3567258,vendors,ea8c0817-599a-4215-bc27-c2427bc45e74,,engagements,DirectParentChild,31b9567e-2f0e-40f5-8cf3-a0bad2148999,InventoryLinking.DirectParentChildNameKey,,,2026-03-25T01:39:41.000+00:00,,2026-03-25T12:48:45.569+00:00,2026-03-25T12:53:16.111+00:00,True,e40yx52dkbjpcqazimno9yvh4k
6cf237d2-f2ff-484b-9a51-7e430bae627b,179d78a3-bbdf-4987-87fd-427d5f15c24c,6cf237d2-f2ff-484b-9a51-7e430bae627b,V_5977422,vendors,0b83a48d-4fb7-4598-8218-83dfae11605a,,contracts,DirectParentChild,31b9567e-2f0e-40f5-8cf3-a0bad2148999,InventoryLinking.DirectParentChildNameKey,,,2026-03-25T01:33:27.000+00:00,,2026-03-25T12:48:27.296+00:00,2026-03-25T12:53:16.111+00:00,True,e40yx52dkbjpcqazimno9yvh4k
cfbb9327-927e-40fd-87a0-6fda9c3e1cec,19321a09-8254-4da5-b9e2-19177fe8cd15,cfbb9327-927e-40fd-87a0-6fda9c3e1cec,v_2110989,vendors,79d33edf-ff4c-4686-a6ac-1978be4bcfbc,,engagements,DirectParentChild,31b9567e-2f0e-40f5-8cf3-a0bad2148999,InventoryLinking.DirectParentChildNameKey,,,2026-03-25T02:09:35.000+00:00,,2026-03-25T12:48:29.226+00:00,2026-03-25T12:53:16.111+00:00,True,e40yx52dkbjpcqazimno9yvh4k
65bbc7a4-76a6-4576-b2f4-385f31d75cfb,1c4526a0-f5e1-4922-a419-9968f825353f,65bbc7a4-76a6-4576-b2f4-385f31d75cfb,v_8315488,vendors,c43ca6e5-5ba0-47c9-8e0f-465b5e539cc1,,contracts,DirectParentChild,31b9567e-2f0e-40f5-8cf3-a0bad2148999,InventoryLinking.DirectParentChildNameKey,,,2026-03-25T00:06:07.000+00:00,,2026-03-25T12:48:28.646+00:00,2026-03-25T12:53:16.111+00:00,True,e40yx52dkbjpcqazimno9yvh4k
b738f671-3719-414a-a18f-4677b12cf74b,21bf9806-5f23-4eac-bfec-000ae527a98a,b738f671-3719-414a-a18f-4677b12cf74b,Vendor_719767,vendors,48f7d838-0232-4bdc-948a-0e103d61ffd3,,engagements,DirectParentChild,31b9567e-2f0e-40f5-8cf3-a0bad2148999,InventoryLinking.DirectParentChildNameKey,,,2026-03-25T01:25:54.000+00:00,,2026-03-25T12:49:00.966+00:00,2026-03-25T12:53:16.111+00:00,True,e40yx52dkbjpcqazimno9yvh4k
54974c65-0801-424b-8acc-e0341aa760b6,265fea70-8d46-4265-91fa-7157c83346ed,54974c65-0801-424b-8acc-e0341aa760b6,v_5867435,vendors,e4863c7f-ca1b-46b9-8cd4-d5492e254cd5,,contracts,DirectParentChild,31b9567e-2f0e-40f5-8cf3-a0bad2148999,InventoryLinking.DirectParentChildNameKey,,,2026-03-25T02:55:34.000+00:00,,2026-03-25T12:48:27.415+00:00,2026-03-25T12:53:16.111+00:00,True,e40yx52dkbjpcqazimno9yvh4k
88beee21-f158-462c-ac7c-1e206a7847c7,274dc551-586a-4383-8048-47a11f7e61a5,88beee21-f158-462c-ac7c-1e206a7847c7,Vendor_209_24032026_1,vendors,522ec0e6-fdba-46d2-8267-3eafc07165e2,,engagements,DirectParentChild,31b9567e-2f0e-40f5-8cf3-a0bad2148999,InventoryLinking.DirectParentChildNameKey,,,2026-03-24T17:10:50.000+00:00,,2026-03-25T12:48:39.656+00:00,2026-03-25T12:53:16.111+00:00,True,e40yx52dkbjpcqazimno9yvh4k
4682c249-6f8e-4488-bf2a-6d0236438911,284d01f4-3c19-48cc-9d7b-98ba4754abf6,4682c249-6f8e-4488-bf2a-6d0236438911,v_6426411,vendors,50f41821-7e9a-4961-8a11-ded7d0bdd01f,,engagements,DirectParentChild,31b9567e-2f0e-40f5-8cf3-a0bad2148999,InventoryLinking.DirectParentChildNameKey,,,2026-03-25T00:46:41.000+00:00,,2026-03-25T12:48:29.630+00:00,2026-03-25T12:53:16.111+00:00,True,e40yx52dkbjpcqazimno9yvh4k
011e487c-a5d4-44a9-b8fa-4905bcfe3431,289060ea-ab74-4a6d-8044-08aba35ade41,011e487c-a5d4-44a9-b8fa-4905bcfe3431,V_1302179,vendors,6a30f394-27cf-46d7-8a56-a264ddc87afb,,engagements,DirectParentChild,31b9567e-2f0e-40f5-8cf3-a0bad2148999,InventoryLinking.DirectParentChildNameKey,,,2026-03-25T00:47:31.000+00:00,,2026-03-25T12:48:22.415+00:00,2026-03-25T12:53:16.111+00:00,True,e40yx52dkbjpcqazimno9yvh4k
f7d6c9ef-7b78-4c59-92b7-5791b59e0495,297071ce-8987-41a2-8a08-f4d850c19ced,f7d6c9ef-7b78-4c59-92b7-5791b59e0495,V_1483553,vendors,43604ce3-fc1f-4c2c-aab2-2edd283be197,,engagements,DirectParentChild,31b9567e-2f0e-40f5-8cf3-a0bad2148999,InventoryLinking.DirectParentChildNameKey,,,2026-03-25T01:11:24.000+00:00,,2026-03-25T12:48:22.653+00:00,2026-03-25T12:53:16.111+00:00,True,e40yx52dkbjpcqazimno9yvh4k
915b0f9d-c4ed-438c-a7ba-bd4d45f3f175,2b36680a-a97b-4498-87ce-244d66728034,915b0f9d-c4ed-438c-a7ba-bd4d45f3f175,v1_2223505,vendors,b5aadd84-506e-479a-b355-1aedcf4f07e9,,engagements,DirectParentChild,31b9567e-2f0e-40f5-8cf3-a0bad2148999,InventoryLinking.DirectParentChildNameKey,,,2026-03-25T02:42:07.000+00:00,,2026-03-25T12:48:30.291+00:00,2026-03-25T12:53:16.111+00:00,True,e40yx52dkbjpcqazimno9yvh4k
247fb275-8c2b-4364-a9b5-9ee571af4ce8,2b8b1a35-d4fd-474c-b892-b8cef6c163a1,247fb275-8c2b-4364-a9b5-9ee571af4ce8,V_9778000,vendors,e3d307c6-b457-40a5-ab1b-dba41116003c,,engagements,DirectParentChild,31b9567e-2f0e-40f5-8cf3-a0bad2148999,InventoryLinking.DirectParentChildNameKey,,,2026-03-25T01:53:18.000+00:00,,2026-03-25T12:48:30.492+00:00,2026-03-25T12:53:16.111+00:00,True,e40yx52dkbjpcqazimno9yvh4k
e2b3008e-e751-40b3-8bc9-7adf60c30947,2e7db095-4471-4f20-a361-6e0ede70dcba,e2b3008e-e751-40b3-8bc9-7adf60c30947,Vendor_pbi_8777258,vendors,542be94a-1a32-4ef2-a14c-2619e7dd2861,,engagements,DirectParentChild,31b9567e-2f0e-40f5-8cf3-a0bad2148999,InventoryLinking.DirectParentChildNameKey,,,2026-03-25T02:08:20.000+00:00,,2026-03-25T12:49:12.099+00:00,2026-03-25T12:53:16.111+00:00,True,e40yx52dkbjpcqazimno9yvh4k
4fd69e92-3b17-4ac0-be89-950439c7322e,316bba1b-3cc3-45b2-a69b-ec219b9c4844,4fd69e92-3b17-4ac0-be89-950439c7322e,v_2_kxwviak,vendors,54c2f589-3b56-4eb8-bbfe-e4a43575b588,,engagements,DirectParentChild,31b9567e-2f0e-40f5-8cf3-a0bad2148999,InventoryLinking.DirectParentChildNameKey,,,2026-03-25T00:39:56.000+00:00,,2026-03-25T12:48:29.749+00:00,2026-03-25T12:53:16.111+00:00,True,e40yx52dkbjpcqazimno9yvh4k
1a859177-0f2e-4089-96bd-aeb34c4e2b3d,334bc791-baea-4c9c-9873-8f1e620fbbba,1a859177-0f2e-4089-96bd-aeb34c4e2b3d,Vendor_174_3534395,vendors,6b1d53f0-5cf7-46fa-8697-36c0ca783ebc,,engagements,DirectParentChild,31b9567e-2f0e-40f5-8cf3-a0bad2148999,InventoryLinking.DirectParentChildNameKey,,,2026-03-24T19:05:07.000+00:00,,2026-03-25T12:48:35.231+00:00,2026-03-25T12:53:16.111+00:00,True,e40yx52dkbjpcqazimno9yvh4k
56619332-2ad3-4923-aee7-26b9b04ab365,3666a258-87db-4dbc-91eb-89727c6d957b,56619332-2ad3-4923-aee7-26b9b04ab365,v_6097164,vendors,96e99c2b-cb2c-42ee-989e-e4ba6070d95b,,engagements,DirectParentChild,31b9567e-2f0e-40f5-8cf3-a0bad2148999,InventoryLinking.DirectParentChildNameKey,,,2026-03-25T02:50:46.000+00:00,,2026-03-25T12:48:29.372+00:00,2026-03-25T12:53:16.111+00:00,True,e40yx52dkbjpcqazimno9yvh4k
cebf10b9-505c-4875-a4ca-fe8523810b3a,3a8d49e1-c4e7-43c2-a3ef-970d6cb2bf1f,cebf10b9-505c-4875-a4ca-fe8523810b3a,Vendor_4102505,vendors,54d82667-1869-4c6a-86ac-eb58eb0c8f71,,engagements,DirectParentChild,31b9567e-2f0e-40f5-8cf3-a0bad2148999,InventoryLinking.DirectParentChildNameKey,,,2026-03-25T00:26:26.000+00:00,,2026-03-25T12:48:40.929+00:00,2026-03-25T12:53:16.111+00:00,True,e40yx52dkbjpcqazimno9yvh4k
38eef9ed-5935-47e4-a5fc-0767d1c4a8a9,3e47b201-8887-41e4-8102-606fb57384f1,38eef9ed-5935-47e4-a5fc-0767d1c4a8a9,v_1552809,vendors,0472d73e-964f-482d-bf1c-36e508fbb5a8,,engagements,DirectParentChild,31b9567e-2f0e-40f5-8cf3-a0bad2148999,InventoryLinking.DirectParentChildNameKey,,,2026-03-25T01:23:09.000+00:00,,2026-03-25T12:48:21.852+00:00,2026-03-25T12:53:16.111+00:00,True,e40yx52dkbjpcqazimno9yvh4k
20899601-bab0-49ed-8002-a7d91c1aa19d,42818c01-adc3-48d7-b930-5f7575d3eae0,20899601-bab0-49ed-8002-a7d91c1aa19d,V_4566251,vendors,6ba72ae6-6259-452f-bf38-29877af6d83b,,contracts,DirectParentChild,31b9567e-2f0e-40f5-8cf3-a0bad2148999,InventoryLinking.DirectParentChildNameKey,,,2026-03-25T00:51:05.000+00:00,,2026-03-25T12:48:29.496+00:00,2026-03-25T12:53:16.111+00:00,True,e40yx52dkbjpcqazimno9yvh4k
915b0f9d-c4ed-438c-a7ba-bd4d45f3f175,43b9e06f-f6f0-41a5-976c-f23163f433f2,915b0f9d-c4ed-438c-a7ba-bd4d45f3f175,v1_2223505,vendors,3a6ae72a-1710-4090-9e37-7052b1109ad6,,engagements,DirectParentChild,31b9567e-2f0e-40f5-8cf3-a0bad2148999,InventoryLinking.DirectParentChildNameKey,,,2026-03-25T02:42:07.000+00:00,,2026-03-25T12:48:30.375+00:00,2026-03-25T12:53:16.111+00:00,True,e40yx52dkbjpcqazimno9yvh4k
dcf1df8a-b96d-450d-8551-30bcb1b1ef49,465c2d2b-205f-4bb8-85ed-3757a6cc6756,dcf1df8a-b96d-450d-8551-30bcb1b1ef49,v_9638255,vendors,ea8f5b90-03fc-45ef-b209-95aefd558c68,,contracts,DirectParentChild,31b9567e-2f0e-40f5-8cf3-a0bad2148999,InventoryLinking.DirectParentChildNameKey,,,2026-03-25T00:06:02.000+00:00,,2026-03-25T12:48:30.010+00:00,2026-03-25T12:53:16.111+00:00,True,e40yx52dkbjpcqazimno9yvh4k
2551d5be-f2c4-4bad-921d-5a75358ae20e,487b7d53-6f8e-46cc-9d3e-f234be55faf8,2551d5be-f2c4-4bad-921d-5a75358ae20e,v_8750234,vendors,ebb83056-e05e-4337-9d28-308b5385e6c4,,engagements,DirectParentChild,31b9567e-2f0e-40f5-8cf3-a0bad2148999,InventoryLinking.DirectParentChildNameKey,,,2026-03-25T02:52:13.000+00:00,,2026-03-25T12:48:28.864+00:00,2026-03-25T12:53:16.111+00:00,True,e40yx52dkbjpcqazimno9yvh4k
03e9013e-234c-41ac-9343-2aa28f234900,48f356d9-536a-4cc5-90d0-1bf95e939898,03e9013e-234c-41ac-9343-2aa28f234900,V_490191,vendors,9dfd6244-d83b-4f9c-9338-943b741c91fe,,contracts,DirectParentChild,31b9567e-2f0e-40f5-8cf3-a0bad2148999,InventoryLinking.DirectParentChildNameKey,,,2026-03-25T02:07:09.000+00:00,,2026-03-25T12:48:27.688+00:00,2026-03-25T12:53:16.111+00:00,True,e40yx52dkbjpcqazimno9yvh4k
88625e68-38e7-426b-97a3-b029c6329749,49d18bfc-6c89-4e60-a5a4-2776cc623e62,88625e68-38e7-426b-97a3-b029c6329749,Vendor_9488027,vendors,868c5423-8c23-4f9d-ae87-fdf188ee1872,,engagements,DirectParentChild,31b9567e-2f0e-40f5-8cf3-a0bad2148999,InventoryLinking.DirectParentChildNameKey,,,2026-03-25T02:29:52.000+00:00,,2026-03-25T12:49:16.425+00:00,2026-03-25T12:53:16.111+00:00,True,e40yx52dkbjpcqazimno9yvh4k
2dd1bfb4-898b-488c-b1da-64d2caa4b3ea,4b30b29d-749b-4421-a11a-475477425717,2dd1bfb4-898b-488c-b1da-64d2caa4b3ea,V1_3377790,vendors,13ea7366-6d50-4913-9b9d-4d1830818aec,,engagements,DirectParentChild,31b9567e-2f0e-40f5-8cf3-a0bad2148999,InventoryLinking.DirectParentChildNameKey,,,2026-03-25T01:00:41.000+00:00,,2026-03-25T12:48:34.151+00:00,2026-03-25T12:53:16.111+00:00,True,e40yx52dkbjpcqazimno9yvh4k
0658f6b8-53b1-4d80-b5ce-3510d56dce23,51fcd3df-9c5a-47a4-9bbe-a344ef13838c,0658f6b8-53b1-4d80-b5ce-3510d56dce23,Vendor_8390746,vendors,f082bcb2-8eb4-4e04-8311-23636dbcafb7,,engagements,DirectParentChild,31b9567e-2f0e-40f5-8cf3-a0bad2148999,InventoryLinking.DirectParentChildNameKey,,,2026-03-25T00:04:55.000+00:00,,2026-03-25T12:49:05.009+00:00,2026-03-25T12:53:16.111+00:00,True,e40yx52dkbjpcqazimno9yvh4k
88625e68-38e7-426b-97a3-b029c6329749,52e793bf-d616-47b8-a95e-fb614dcd5cc6,88625e68-38e7-426b-97a3-b029c6329749,Vendor_9488027,vendors,ca042a8d-c368-4270-83c6-fcd0cbd17c6b,,engagements,DirectParentChild,31b9567e-2f0e-40f5-8cf3-a0bad2148999,InventoryLinking.DirectParentChildNameKey,,,2026-03-25T02:29:51.000+00:00,,2026-03-25T12:49:16.514+00:00,2026-03-25T12:53:16.111+00:00,True,e40yx52dkbjpcqazimno9yvh4k
5fe65844-d2aa-4109-b7a4-d54404807d9e,5ca89792-c1e7-4e34-8a1d-022e31bf7375,5fe65844-d2aa-4109-b7a4-d54404807d9e,Vendor_2753670,vendors,cf4558d9-9b6d-4851-9396-d29d5ffb2298,,engagements,DirectParentChild,31b9567e-2f0e-40f5-8cf3-a0bad2148999,InventoryLinking.DirectParentChildNameKey,,,2026-03-25T02:56:43.000+00:00,,2026-03-25T12:48:40.559+00:00,2026-03-25T12:53:16.111+00:00,True,e40yx52dkbjpcqazimno9yvh4k
bad06aba-65da-493e-bcd2-8677a1f15879,5cdc0cd2-8455-49f9-8987-ae657c4ea1c9,bad06aba-65da-493e-bcd2-8677a1f15879,v1_1935079,vendors,0b398d8c-4680-4aa8-818f-147de9ac8a84,,engagements,DirectParentChild,31b9567e-2f0e-40f5-8cf3-a0bad2148999,InventoryLinking.DirectParentChildNameKey,,,2026-03-25T02:41:51.000+00:00,,2026-03-25T12:48:34.378+00:00,2026-03-25T12:53:16.111+00:00,True,e40yx52dkbjpcqazimno9yvh4k
0233df0e-1986-4af9-8756-aebc2c2c249d,5e646546-a975-48b1-8bd9-6d93ac9351de,0233df0e-1986-4af9-8756-aebc2c2c249d,v_1717277,vendors,da3b1e2c-fe49-445e-abb1-80a71cc90562,,contracts,DirectParentChild,31b9567e-2f0e-40f5-8cf3-a0bad2148999,InventoryLinking.DirectParentChildNameKey,,,2026-03-25T01:46:11.000+00:00,,2026-03-25T12:48:26.307+00:00,2026-03-25T12:53:16.111+00:00,True,e40yx52dkbjpcqazimno9yvh4k
087b342b-5bf0-41d3-8885-a9ec6f0a6224,608c90b0-6bb3-453a-b832-a60ae3bf0944,087b342b-5bf0-41d3-8885-a9ec6f0a6224,Vendor_6607284,vendors,6d863081-8188-4804-a0f4-191a51c65ffa,,engagements,DirectParentChild,31b9567e-2f0e-40f5-8cf3-a0bad2148999,InventoryLinking.DirectParentChildNameKey,,,2026-03-25T00:15:53.000+00:00,,2026-03-25T12:48:53.160+00:00,2026-03-25T12:53:16.111+00:00,True,e40yx52dkbjpcqazimno9yvh4k
38eef9ed-5935-47e4-a5fc-0767d1c4a8a9,63be4211-c6a1-43a1-b44c-1b1f16c8e785,38eef9ed-5935-47e4-a5fc-0767d1c4a8a9,v_1552809,vendors,5eceff06-6fe1-401c-85a5-4cbdcd943b9a,,engagements,DirectParentChild,31b9567e-2f0e-40f5-8cf3-a0bad2148999,InventoryLinking.DirectParentChildNameKey,,,2026-03-25T01:27:44.000+00:00,,2026-03-25T12:48:21.580+00:00,2026-03-25T12:53:16.111+00:00,True,e40yx52dkbjpcqazimno9yvh4k
7e4275cf-ca48-4366-9894-09cba039c362,65229468-73f3-4308-8527-a3b25f6a78bd,7e4275cf-ca48-4366-9894-09cba039c362,v_3930943,vendors,c3cb9ec4-30f1-4ff2-b102-a47a5f649b48,,engagements,DirectParentChild,31b9567e-2f0e-40f5-8cf3-a0bad2148999,InventoryLinking.DirectParentChildNameKey,,,2026-03-25T00:53:36.000+00:00,,2026-03-25T12:48:28.522+00:00,2026-03-25T12:53:16.111+00:00,True,e40yx52dkbjpcqazimno9yvh4k
5fe65844-d2aa-4109-b7a4-d54404807d9e,6682eec6-0153-428c-aa8f-6459d84b9d45,5fe65844-d2aa-4109-b7a4-d54404807d9e,Vendor_2753670,vendors,5fd2dd7e-042e-43c0-bc2a-64394708d66a,,engagements,DirectParentChild,31b9567e-2f0e-40f5-8cf3-a0bad2148999,InventoryLinking.DirectParentChildNameKey,,,2026-03-25T02:56:42.000+00:00,,2026-03-25T12:48:40.648+00:00,2026-03-25T12:53:16.111+00:00,True,e40yx52dkbjpcqazimno9yvh4k
bad06aba-65da-493e-bcd2-8677a1f15879,66af465b-3be1-4559-ac13-8ed92a5bee7a,bad06aba-65da-493e-bcd2-8677a1f15879,v1_1935079,vendors,83aca085-99e3-4930-9db7-8f783e7d1df1,,engagements,DirectParentChild,31b9567e-2f0e-40f5-8cf3-a0bad2148999,InventoryLinking.DirectParentChildNameKey,,,2026-03-25T02:38:32.000+00:00,,2026-03-25T12:48:34.306+00:00,2026-03-25T12:53:16.111+00:00,True,e40yx52dkbjpcqazimno9yvh4k
84eba8da-c9ef-4f4b-bb38-2bc76adeb6ea,6be70ff1-4a36-42ee-8480-7494fe144c35,84eba8da-c9ef-4f4b-bb38-2bc76adeb6ea,Vendor_209_24032026_2,vendors,af32faff-d783-4b5b-aa53-3392f1d8af27,,engagements,DirectParentChild,31b9567e-2f0e-40f5-8cf3-a0bad2148999,InventoryLinking.DirectParentChildNameKey,,,2026-03-24T17:10:55.000+00:00,,2026-03-25T12:48:39.988+00:00,2026-03-25T12:53:16.111+00:00,True,e40yx52dkbjpcqazimno9yvh4k
0ce4caa3-dbbb-468d-9b12-d8df20226cea,6d9ba0ff-2759-4f93-957b-85466368c544,0ce4caa3-dbbb-468d-9b12-d8df20226cea,Vendor_163_5630565,vendors,e1a2fe75-20f8-4b6a-9f2d-8712ca402e1b,,engagements,DirectParentChild,31b9567e-2f0e-40f5-8cf3-a0bad2148999,InventoryLinking.DirectParentChildNameKey,,,2026-03-25T10:05:47.000+00:00,,2026-03-25T12:48:30.634+00:00,2026-03-25T12:53:16.111+00:00,True,e40yx52dkbjpcqazimno9yvh4k
7718a39f-6ad3-42b7-beff-68577bb0beb4,6ee1ffb5-2561-4096-839d-11658cbc4237,7718a39f-6ad3-42b7-beff-68577bb0beb4,Vendor_1859052,vendors,2cea0b62-498a-4df3-8ad1-547ba00374b8,,engagements,DirectParentChild,31b9567e-2f0e-40f5-8cf3-a0bad2148999,InventoryLinking.DirectParentChildNameKey,,,2026-03-25T02:15:54.000+00:00,,2026-03-25T12:48:35.102+00:00,2026-03-25T12:53:16.111+00:00,True,e40yx52dkbjpcqazimno9yvh4k
f301530c-d629-45c4-8281-c1f6395a50cf,6ff9e04a-ba12-4a46-b5ef-180cba0ef701,f301530c-d629-45c4-8281-c1f6395a50cf,v_7825485,vendors,7cc10631-1534-4cf0-a2e0-4e13983b9bc1,,contracts,DirectParentChild,31b9567e-2f0e-40f5-8cf3-a0bad2148999,InventoryLinking.DirectParentChildNameKey,,,2026-03-25T00:28:47.000+00:00,,2026-03-25T12:48:27.860+00:00,2026-03-25T12:53:16.111+00:00,True,e40yx52dkbjpcqazimno9yvh4k
cb0c37f7-7584-43bc-9aa1-a789dda8094d,70e73d0a-512b-408c-afa0-c92f68c7468a,cb0c37f7-7584-43bc-9aa1-a789dda8094d,Vendor_7840854,vendors,09fb3a29-26db-4d0f-b410-cd15b12857dc,,engagements,DirectParentChild,31b9567e-2f0e-40f5-8cf3-a0bad2148999,InventoryLinking.DirectParentChildNameKey,,,2026-03-25T01:47:25.000+00:00,,2026-03-25T12:49:00.821+00:00,2026-03-25T12:53:16.111+00:00,True,e40yx52dkbjpcqazimno9yvh4k
a8c93b57-de08-4c1c-bfd9-3e5dd796339b,71a72756-7830-4bd7-bf1d-adb225381b57,a8c93b57-de08-4c1c-bfd9-3e5dd796339b,v_8100484,vendors,5eb2d0d5-01c7-4d68-9c38-ca5b816791b8,,engagements,DirectParentChild,31b9567e-2f0e-40f5-8cf3-a0bad2148999,InventoryLinking.DirectParentChildNameKey,,,2026-03-25T01:12:31.000+00:00,,2026-03-25T12:48:28.062+00:00,2026-03-25T12:53:16.111+00:00,True,e40yx52dkbjpcqazimno9yvh4k
011e487c-a5d4-44a9-b8fa-4905bcfe3431,749da954-62e7-43c7-ad79-86c6d4ebee06,011e487c-a5d4-44a9-b8fa-4905bcfe3431,V_1302179,vendors,8e25b573-f6dd-4d44-a156-8bf77ce2ffe6,,engagements,DirectParentChild,31b9567e-2f0e-40f5-8cf3-a0bad2148999,InventoryLinking.DirectParentChildNameKey,,,2026-03-25T00:47:31.000+00:00,,2026-03-25T12:48:22.507+00:00,2026-03-25T12:53:16.111+00:00,True,e40yx52dkbjpcqazimno9yvh4k
c7e19bbb-8940-49c8-98ec-e44569640270,781636f8-b98e-45f1-9f0a-8f7a44827acc,c7e19bbb-8940-49c8-98ec-e44569640270,Vendor_9966939,vendors,7ede77b4-0d1e-4a02-be26-cdad948c2760,,engagements,DirectParentChild,31b9567e-2f0e-40f5-8cf3-a0bad2148999,InventoryLinking.DirectParentChildNameKey,,,2026-03-25T00:36:51.000+00:00,,2026-03-25T12:49:08.502+00:00,2026-03-25T12:53:16.111+00:00,True,e40yx52dkbjpcqazimno9yvh4k
969f89ad-12be-48fa-90c6-91f5b0f7a7c1,798c970a-8210-4b99-b9e4-65fbe458cc82,969f89ad-12be-48fa-90c6-91f5b0f7a7c1,v_57559,vendors,9ca802fa-7b4f-49fc-8804-7e8494f06e5c,,contracts,DirectParentChild,31b9567e-2f0e-40f5-8cf3-a0bad2148999,InventoryLinking.DirectParentChildNameKey,,,2026-03-25T02:20:07.000+00:00,,2026-03-25T12:48:27.534+00:00,2026-03-25T12:53:16.111+00:00,True,e40yx52dkbjpcqazimno9yvh4k
3b36c285-db09-4e98-87df-b2df73985c55,7a01f7b8-fd86-4ad9-85dd-a737b3e10194,3b36c285-db09-4e98-87df-b2df73985c55,Vendor_9116234,vendors,60ffc55f-4719-468f-8e8b-4f7a019edd6a,,engagements,DirectParentChild,31b9567e-2f0e-40f5-8cf3-a0bad2148999,InventoryLinking.DirectParentChildNameKey,,,2026-03-25T02:02:35.000+00:00,,2026-03-25T12:49:12.376+00:00,2026-03-25T12:53:16.111+00:00,True,e40yx52dkbjpcqazimno9yvh4k
f7e3b3f1-2994-4f54-9de9-89b21ca5fcf1,7a6e0294-ef5a-48b5-ade4-9ead0647c4ac,f7e3b3f1-2994-4f54-9de9-89b21ca5fcf1,Vendor_163_3929596,vendors,71e7c6d4-e5db-4af2-aec0-f729bb3f6aab,,engagements,DirectParentChild,31b9567e-2f0e-40f5-8cf3-a0bad2148999,InventoryLinking.DirectParentChildNameKey,,,2026-03-25T02:22:36.000+00:00,,2026-03-25T12:48:34.986+00:00,2026-03-25T12:53:16.111+00:00,True,e40yx52dkbjpcqazimno9yvh4k
7f984aaa-1f3c-4b67-96ba-afba02994358,813766e1-cdf0-4bf9-86e6-cbe509b9c187,7f984aaa-1f3c-4b67-96ba-afba02994358,Vendor_4075775,vendors,a123fa1a-dd76-419a-a404-e1b53d72c91f,,contracts,DirectParentChild,31b9567e-2f0e-40f5-8cf3-a0bad2148999,InventoryLinking.DirectParentChildNameKey,,,2026-03-25T00:33:48.000+00:00,,2026-03-25T12:48:44.977+00:00,2026-03-25T12:53:16.111+00:00,True,e40yx52dkbjpcqazimno9yvh4k
95f74039-baf1-4c12-ad9d-bfc011dca49e,82aafbe6-85a9-414a-b32f-2e1fecc0fdfe,95f74039-baf1-4c12-ad9d-bfc011dca49e,Vendor_163_7333819,vendors,04f27b89-2fcc-4c34-892e-5c30087e6257,,engagements,DirectParentChild,31b9567e-2f0e-40f5-8cf3-a0bad2148999,InventoryLinking.DirectParentChildNameKey,,,2026-03-24T18:46:49.000+00:00,,2026-03-25T12:48:34.845+00:00,2026-03-25T12:53:16.111+00:00,True,e40yx52dkbjpcqazimno9yvh4k
0cbbafae-368c-45d3-8412-df3d1886a965,82d6eca0-678e-4511-8d17-9470ba742d93,0cbbafae-368c-45d3-8412-df3d1886a965,V_537528,vendors,3009a952-ae5e-40b4-909d-57935cf3324f,,engagements,DirectParentChild,31b9567e-2f0e-40f5-8cf3-a0bad2148999,InventoryLinking.DirectParentChildNameKey,,,2026-03-25T02:40:30.000+00:00,,2026-03-25T12:48:26.664+00:00,2026-03-25T12:53:16.111+00:00,True,e40yx52dkbjpcqazimno9yvh4k
b78d941d-4f7c-4da4-9ebb-31501e6b7d9d,83c27f10-625a-4357-8acf-92ef3a849395,b78d941d-4f7c-4da4-9ebb-31501e6b7d9d,Vendor_2422927,vendors,25a1e0b7-b5e5-42ff-821d-bd28948c65db,,engagements,DirectParentChild,31b9567e-2f0e-40f5-8cf3-a0bad2148999,InventoryLinking.DirectParentChildNameKey,,,2026-03-25T02:59:16.000+00:00,,2026-03-25T12:48:40.428+00:00,2026-03-25T12:53:16.111+00:00,True,e40yx52dkbjpcqazimno9yvh4k
d07d2d92-27ab-4788-bb20-ab6579d90d68,88b3f6dd-6346-4393-bd72-97efa4c58c0c,d07d2d92-27ab-4788-bb20-ab6579d90d68,Vendor_176_130103,vendors,911c9084-1465-4ea0-be67-72aed8a0758b,,engagements,DirectParentChild,31b9567e-2f0e-40f5-8cf3-a0bad2148999,InventoryLinking.DirectParentChildNameKey,,,2026-03-24T17:10:35.000+00:00,,2026-03-25T12:48:35.406+00:00,2026-03-25T12:53:16.111+00:00,True,e40yx52dkbjpcqazimno9yvh4k
e239da11-fd33-4ee0-adf8-a4ac54add332,898bf1f8-e853-4768-b990-4cf3c715a388,e239da11-fd33-4ee0-adf8-a4ac54add332,Vendor_8867751,vendors,616a0163-51bb-4db1-86be-031057502f91,,engagements,DirectParentChild,31b9567e-2f0e-40f5-8cf3-a0bad2148999,InventoryLinking.DirectParentChildNameKey,,,2026-03-25T02:20:15.000+00:00,,2026-03-25T12:49:16.649+00:00,2026-03-25T12:53:16.111+00:00,True,e40yx52dkbjpcqazimno9yvh4k
17c89c16-4a18-47e7-898c-f036f8be46d5,8dbac6a1-29d0-40c5-a04a-f3d46a2fc7ba,17c89c16-4a18-47e7-898c-f036f8be46d5,v_7863242,vendors,b28e1ee1-36e7-4307-8957-f1d938fe8d37,,contracts,DirectParentChild,31b9567e-2f0e-40f5-8cf3-a0bad2148999,InventoryLinking.DirectParentChildNameKey,,,2026-03-25T00:44:59.000+00:00,,2026-03-25T12:48:26.767+00:00,2026-03-25T12:53:16.111+00:00,True,e40yx52dkbjpcqazimno9yvh4k
3b36c285-db09-4e98-87df-b2df73985c55,91a81e3d-2488-4404-984d-70337a88bfc5,3b36c285-db09-4e98-87df-b2df73985c55,Vendor_9116234,vendors,5d49da51-7c8d-4a8c-a793-763b2d9dd2de,,engagements,DirectParentChild,31b9567e-2f0e-40f5-8cf3-a0bad2148999,InventoryLinking.DirectParentChildNameKey,,,2026-03-25T02:03:27.000+00:00,,2026-03-25T12:49:12.291+00:00,2026-03-25T12:53:16.111+00:00,True,e40yx52dkbjpcqazimno9yvh4k
b738f671-3719-414a-a18f-4677b12cf74b,9c89e11e-ca19-4b54-a881-a65235a1e418,b738f671-3719-414a-a18f-4677b12cf74b,Vendor_719767,vendors,9610e4fe-101f-4320-9c36-79ab95d887a0,,engagements,DirectParentChild,31b9567e-2f0e-40f5-8cf3-a0bad2148999,InventoryLinking.DirectParentChildNameKey,,,2026-03-25T01:25:53.000+00:00,,2026-03-25T12:49:01.149+00:00,2026-03-25T12:53:16.111+00:00,True,e40yx52dkbjpcqazimno9yvh4k
38eef9ed-5935-47e4-a5fc-0767d1c4a8a9,a01f8a2b-77ff-4314-b8ef-4c97f8e92b26,38eef9ed-5935-47e4-a5fc-0767d1c4a8a9,v_1552809,vendors,f4d947c1-ac1b-4a70-9e5f-0eb6c8bd2ecd,,engagements,DirectParentChild,31b9567e-2f0e-40f5-8cf3-a0bad2148999,InventoryLinking.DirectParentChildNameKey,,,2026-03-25T01:27:44.000+00:00,,2026-03-25T12:48:21.670+00:00,2026-03-25T12:53:16.111+00:00,True,e40yx52dkbjpcqazimno9yvh4k
654e12bf-c7af-4f51-a71f-2bce7c3fd48a,a1048b20-c78e-4439-b271-f46038051d97,654e12bf-c7af-4f51-a71f-2bce7c3fd48a,Vendor_3022488,vendors,503ef897-ca11-4b34-82d4-7b258cacd1a6,,contracts,DirectParentChild,31b9567e-2f0e-40f5-8cf3-a0bad2148999,InventoryLinking.DirectParentChildNameKey,,,2026-03-25T01:45:46.000+00:00,,2026-03-25T12:48:35.924+00:00,2026-03-25T12:53:16.111+00:00,True,e40yx52dkbjpcqazimno9yvh4k
a7ac6cde-b0dc-4415-a14f-6744f01307bc,a3adc970-512a-4af8-a5d8-748a43aac47f,a7ac6cde-b0dc-4415-a14f-6744f01307bc,vendor_67_24032026,vendors,31b582b4-334c-4460-bcb1-6f8c27d153fa,,contracts,DirectParentChild,31b9567e-2f0e-40f5-8cf3-a0bad2148999,InventoryLinking.DirectParentChildNameKey,,,2026-03-24T17:56:53.000+00:00,,2026-03-25T12:48:53.561+00:00,2026-03-25T12:53:16.111+00:00,True,e40yx52dkbjpcqazimno9yvh4k
62dcdddd-08d4-4ea4-8d6b-97cc3ad16172,a724d4a2-6502-4b13-9272-438ad2e386b6,62dcdddd-08d4-4ea4-8d6b-97cc3ad16172,Vendor_163_7795138,vendors,b865c7ba-e810-4ca7-a0d1-d45b4e043c71,,engagements,DirectParentChild,31b9567e-2f0e-40f5-8cf3-a0bad2148999,InventoryLinking.DirectParentChildNameKey,,,2026-03-25T04:01:15.000+00:00,,2026-03-25T12:48:34.512+00:00,2026-03-25T12:53:16.111+00:00,True,e40yx52dkbjpcqazimno9yvh4k
fc65ad0e-16e7-4352-90a3-e78223524985,aa9d782c-b351-4dfd-a198-c5da9b6a4513,fc65ad0e-16e7-4352-90a3-e78223524985,vendor_8176439,vendors,cc1d4230-2407-43ee-ae42-f022aa280483,,engagements,DirectParentChild,31b9567e-2f0e-40f5-8cf3-a0bad2148999,InventoryLinking.DirectParentChildNameKey,,,2026-03-25T01:40:59.000+00:00,,2026-03-25T12:49:00.615+00:00,2026-03-25T12:53:16.111+00:00,True,e40yx52dkbjpcqazimno9yvh4k
88beee21-f158-462c-ac7c-1e206a7847c7,ab3e48dd-a66d-4a83-8c6b-3a87e3b62e89,88beee21-f158-462c-ac7c-1e206a7847c7,Vendor_209_24032026_1,vendors,8aa1f0a2-8acd-45a8-8ce3-4dacc65b8d82,,engagements,DirectParentChild,31b9567e-2f0e-40f5-8cf3-a0bad2148999,InventoryLinking.DirectParentChildNameKey,,,2026-03-24T17:10:49.000+00:00,,2026-03-25T12:48:39.569+00:00,2026-03-25T12:53:16.111+00:00,True,e40yx52dkbjpcqazimno9yvh4k
84eba8da-c9ef-4f4b-bb38-2bc76adeb6ea,ab922659-1a92-4044-b256-989e4e3d200e,84eba8da-c9ef-4f4b-bb38-2bc76adeb6ea,Vendor_209_24032026_2,vendors,35b4ad7e-25a7-49f8-a0a8-82c0aa16917a,,engagements,DirectParentChild,31b9567e-2f0e-40f5-8cf3-a0bad2148999,InventoryLinking.DirectParentChildNameKey,,,2026-03-24T17:10:55.000+00:00,,2026-03-25T12:48:40.068+00:00,2026-03-25T12:53:16.111+00:00,True,e40yx52dkbjpcqazimno9yvh4k
7e4275cf-ca48-4366-9894-09cba039c362,adcd0329-7294-4330-b4ef-347c5e1a5265,7e4275cf-ca48-4366-9894-09cba039c362,v_3930943,vendors,18be9d48-3252-4bac-8dfc-136037a21ecd,,contracts,DirectParentChild,31b9567e-2f0e-40f5-8cf3-a0bad2148999,InventoryLinking.DirectParentChildNameKey,,,2026-03-25T00:53:36.000+00:00,,2026-03-25T12:48:28.431+00:00,2026-03-25T12:53:16.111+00:00,True,e40yx52dkbjpcqazimno9yvh4k
b195f7eb-8266-4a4d-bd87-60cc22ab04be,ae4fe314-7dca-4692-8d53-a863f131a9e4,b195f7eb-8266-4a4d-bd87-60cc22ab04be,vendor_9411460,vendors,d5eef058-d706-4fec-9119-96a92a1facab,,engagements,DirectParentChild,31b9567e-2f0e-40f5-8cf3-a0bad2148999,InventoryLinking.DirectParentChildNameKey,,,2026-03-25T01:37:58.000+00:00,,2026-03-25T12:49:05.177+00:00,2026-03-25T12:53:16.111+00:00,True,e40yx52dkbjpcqazimno9yvh4k
b738f671-3719-414a-a18f-4677b12cf74b,aea5a393-dd42-469c-9a0c-f99e2bcdc5d2,b738f671-3719-414a-a18f-4677b12cf74b,Vendor_719767,vendors,b7febbfd-b51d-435b-9049-f3d9fea94e66,,engagements,DirectParentChild,31b9567e-2f0e-40f5-8cf3-a0bad2148999,InventoryLinking.DirectParentChildNameKey,,,2026-03-25T01:25:52.000+00:00,,2026-03-25T12:49:01.326+00:00,2026-03-25T12:53:16.111+00:00,True,e40yx52dkbjpcqazimno9yvh4k
12363d92-ddee-4265-ac30-8245bb1f21e1,aea6d2d0-820e-4dcb-bbd7-77a1f6f5a50f,12363d92-ddee-4265-ac30-8245bb1f21e1,Vendor_3661006,vendors,6c0d248f-bd2c-4fe8-85b3-d0015930c6f0,,engagements,DirectParentChild,31b9567e-2f0e-40f5-8cf3-a0bad2148999,InventoryLinking.DirectParentChildNameKey,,,2026-03-25T01:53:32.000+00:00,,2026-03-25T12:48:45.100+00:00,2026-03-25T12:53:16.111+00:00,True,e40yx52dkbjpcqazimno9yvh4k
2551d5be-f2c4-4bad-921d-5a75358ae20e,af49c38e-09bc-4fbe-815c-69bf61568a98,2551d5be-f2c4-4bad-921d-5a75358ae20e,v_8750234,vendors,825315cb-5b75-46d9-a667-6f88e9b8ffa8,,contracts,DirectParentChild,31b9567e-2f0e-40f5-8cf3-a0bad2148999,InventoryLinking.DirectParentChildNameKey,,,2026-03-25T02:52:13.000+00:00,,2026-03-25T12:48:28.781+00:00,2026-03-25T12:53:16.111+00:00,True,e40yx52dkbjpcqazimno9yvh4k
9df933df-25ff-4a4d-943a-ce48f327217e,b1c95108-09c9-4e38-a87f-d205b80b8f8f,9df933df-25ff-4a4d-943a-ce48f327217e,Vendor_pbi_24032026,vendors,9cfc68e1-1b77-4a19-87ec-11ce716c0146,,engagements,DirectParentChild,31b9567e-2f0e-40f5-8cf3-a0bad2148999,InventoryLinking.DirectParentChildNameKey,,,2026-03-24T17:10:47.000+00:00,,2026-03-25T12:49:12.611+00:00,2026-03-25T12:53:16.111+00:00,True,e40yx52dkbjpcqazimno9yvh4k
524a01f5-3416-4e20-b561-3f6b0060b16a,b2c1834e-3552-4a1e-b2d1-7cb1682ec454,524a01f5-3416-4e20-b561-3f6b0060b16a,Vendor_2029728,vendors,8487fb8b-5247-4fcd-bf66-2ab738f85922,,engagements,DirectParentChild,31b9567e-2f0e-40f5-8cf3-a0bad2148999,InventoryLinking.DirectParentChildNameKey,,,2026-03-25T02:10:36.000+00:00,,2026-03-25T12:48:40.204+00:00,2026-03-25T12:53:16.111+00:00,True,e40yx52dkbjpcqazimno9yvh4k
728da3e2-40fe-49c3-8d5c-93a829c654c8,b42255c0-4d3e-4781-b22f-ba215008a1a6,728da3e2-40fe-49c3-8d5c-93a829c654c8,Vendor_7322411,vendors,830ec8de-cdb1-4a96-92f1-07de9536750c,,engagements,DirectParentChild,31b9567e-2f0e-40f5-8cf3-a0bad2148999,InventoryLinking.DirectParentChildNameKey,,,2026-03-25T01:56:41.000+00:00,,2026-03-25T12:48:53.439+00:00,2026-03-25T12:53:16.111+00:00,True,e40yx52dkbjpcqazimno9yvh4k
72dad810-d0fe-497a-9444-b671d2ba9115,b4d3d9ac-d8c1-4cef-a2b6-5673fdb04384,72dad810-d0fe-497a-9444-b671d2ba9115,v_3085108,vendors,714c4136-b554-4072-b70c-b0b9cc543beb,,contracts,DirectParentChild,31b9567e-2f0e-40f5-8cf3-a0bad2148999,InventoryLinking.DirectParentChildNameKey,,,2026-03-25T00:51:12.000+00:00,,2026-03-25T12:48:29.873+00:00,2026-03-25T12:53:16.111+00:00,True,e40yx52dkbjpcqazimno9yvh4k
b3b7372f-e48c-4e40-836d-a0eab7aaa275,b5483f3c-3991-48e9-bafb-510e5c8148c7,b3b7372f-e48c-4e40-836d-a0eab7aaa275,Vendor_4682619,vendors,f53303a6-2c6c-4167-bfa8-025e2f1911d9,,engagements,DirectParentChild,31b9567e-2f0e-40f5-8cf3-a0bad2148999,InventoryLinking.DirectParentChildNameKey,,,2026-03-25T01:51:48.000+00:00,,2026-03-25T12:48:44.570+00:00,2026-03-25T12:53:16.111+00:00,True,e40yx52dkbjpcqazimno9yvh4k
77657a7c-9be8-4d32-98bc-8ce51dda871a,b73443ef-91bd-4c34-ab1d-82bb53e11265,77657a7c-9be8-4d32-98bc-8ce51dda871a,v_1_kxwviak,vendors,a96e92f6-8fdf-4d6b-8c5d-b25718db164e,,engagements,DirectParentChild,31b9567e-2f0e-40f5-8cf3-a0bad2148999,InventoryLinking.DirectParentChildNameKey,,,2026-03-25T00:39:50.000+00:00,,2026-03-25T12:48:22.019+00:00,2026-03-25T12:53:16.111+00:00,True,e40yx52dkbjpcqazimno9yvh4k
cd3af2a7-2f57-467b-a99b-726244a9b26e,b8da0892-7944-4dc8-9fda-5f698343c7b9,cd3af2a7-2f57-467b-a99b-726244a9b26e,Vendor_163_7539923,vendors,1335b9f0-c60b-49b6-a0cd-338b50ff0fc6,,engagements,DirectParentChild,31b9567e-2f0e-40f5-8cf3-a0bad2148999,InventoryLinking.DirectParentChildNameKey,,,2026-03-25T11:34:08.000+00:00,,2026-03-25T12:48:34.624+00:00,2026-03-25T12:53:16.111+00:00,True,e40yx52dkbjpcqazimno9yvh4k
88625e68-38e7-426b-97a3-b029c6329749,bbb4113c-b4f5-4b35-a1c0-01d33588e8f2,88625e68-38e7-426b-97a3-b029c6329749,Vendor_9488027,vendors,0dadf30c-a610-4431-a641-373d08675195,,engagements,DirectParentChild,31b9567e-2f0e-40f5-8cf3-a0bad2148999,InventoryLinking.DirectParentChildNameKey,,,2026-03-25T02:29:52.000+00:00,,2026-03-25T12:49:16.349+00:00,2026-03-25T12:53:16.111+00:00,True,e40yx52dkbjpcqazimno9yvh4k
701f5f79-bf0c-4f5b-8c71-a07244ab410f,bd1a9aa5-d886-458f-a3db-84fcda85f128,701f5f79-bf0c-4f5b-8c71-a07244ab410f,Vendor_6029261,vendors,21f71072-8ce1-4f73-9ba2-364e7cfe1c3e,,engagements,DirectParentChild,31b9567e-2f0e-40f5-8cf3-a0bad2148999,InventoryLinking.DirectParentChildNameKey,,,2026-03-24T18:22:46.000+00:00,,2026-03-25T12:48:52.592+00:00,2026-03-25T12:53:16.111+00:00,True,e40yx52dkbjpcqazimno9yvh4k
71a0510c-676d-4542-9670-6d105d356762,bf37befc-de9a-4cce-887c-1662107e7381,71a0510c-676d-4542-9670-6d105d356762,v_6354768,vendors,d15d2ef4-9699-4e72-8c4c-8841ee1d41fc,,contracts,DirectParentChild,31b9567e-2f0e-40f5-8cf3-a0bad2148999,InventoryLinking.DirectParentChildNameKey,,,2026-03-25T01:49:47.000+00:00,,2026-03-25T12:48:27.036+00:00,2026-03-25T12:53:16.111+00:00,True,e40yx52dkbjpcqazimno9yvh4k
38eef9ed-5935-47e4-a5fc-0767d1c4a8a9,c0290d67-a3e3-4adc-8e71-4fa854a183ee,38eef9ed-5935-47e4-a5fc-0767d1c4a8a9,v_1552809,vendors,09d3c2be-63e0-490e-afd9-4a93674b2c7c,,engagements,DirectParentChild,31b9567e-2f0e-40f5-8cf3-a0bad2148999,InventoryLinking.DirectParentChildNameKey,,,2026-03-25T01:23:09.000+00:00,,2026-03-25T12:48:21.762+00:00,2026-03-25T12:53:16.111+00:00,True,e40yx52dkbjpcqazimno9yvh4k
88beee21-f158-462c-ac7c-1e206a7847c7,c2e4c393-999f-42ce-8b2c-fd6f8c11203e,88beee21-f158-462c-ac7c-1e206a7847c7,Vendor_209_24032026_1,vendors,579d12ed-a505-4d60-8dec-00745a0b02d4,,engagements,DirectParentChild,31b9567e-2f0e-40f5-8cf3-a0bad2148999,InventoryLinking.DirectParentChildNameKey,,,2026-03-24T17:10:51.000+00:00,,2026-03-25T12:48:39.842+00:00,2026-03-25T12:53:16.111+00:00,True,e40yx52dkbjpcqazimno9yvh4k
b852b667-043b-4d68-b3cc-6eba9d67a1cb,c3199db1-3cef-4c7f-967e-d613ab293c80,b852b667-043b-4d68-b3cc-6eba9d67a1cb,Vendor_2584189,vendors,af2912e5-b497-4a16-9936-253bf7520a45,,engagements,DirectParentChild,31b9567e-2f0e-40f5-8cf3-a0bad2148999,InventoryLinking.DirectParentChildNameKey,,,2026-03-25T02:54:27.000+00:00,,2026-03-25T12:48:40.758+00:00,2026-03-25T12:53:16.111+00:00,True,e40yx52dkbjpcqazimno9yvh4k
99140883-4ed0-42e8-93e0-329261c7586e,c61c670a-7192-4391-9847-926328df9cd0,99140883-4ed0-42e8-93e0-329261c7586e,v_7201204,vendors,baaa46b6-7752-42ce-95ea-7aeae6dda516,,engagements,DirectParentChild,31b9567e-2f0e-40f5-8cf3-a0bad2148999,InventoryLinking.DirectParentChildNameKey,,,2026-03-25T02:28:55.000+00:00,,2026-03-25T12:48:28.184+00:00,2026-03-25T12:53:16.111+00:00,True,e40yx52dkbjpcqazimno9yvh4k
71a0510c-676d-4542-9670-6d105d356762,c6325052-b693-4a19-97f5-2c32aedfa344,71a0510c-676d-4542-9670-6d105d356762,v_6354768,vendors,27988f50-2b44-45ed-bd16-5c09d75a1726,,engagements,DirectParentChild,31b9567e-2f0e-40f5-8cf3-a0bad2148999,InventoryLinking.DirectParentChildNameKey,,,2026-03-25T01:49:47.000+00:00,,2026-03-25T12:48:27.127+00:00,2026-03-25T12:53:16.111+00:00,True,e40yx52dkbjpcqazimno9yvh4k
88beee21-f158-462c-ac7c-1e206a7847c7,d175adb7-6394-4b92-bd79-8b69c8323a9d,88beee21-f158-462c-ac7c-1e206a7847c7,Vendor_209_24032026_1,vendors,85d1ce65-507d-4a0b-9750-2f216ee2d8d1,,engagements,DirectParentChild,31b9567e-2f0e-40f5-8cf3-a0bad2148999,InventoryLinking.DirectParentChildNameKey,,,2026-03-24T17:10:49.000+00:00,,2026-03-25T12:48:39.754+00:00,2026-03-25T12:53:16.111+00:00,True,e40yx52dkbjpcqazimno9yvh4k
39f1289a-ca25-45d9-88ad-3e9e0f387edb,d44856e4-fa2f-4daf-a41e-99af0e1a311f,39f1289a-ca25-45d9-88ad-3e9e0f387edb,Vendor_891295,vendors,70d22981-27d4-48dc-8205-83973f56a875,,engagements,DirectParentChild,31b9567e-2f0e-40f5-8cf3-a0bad2148999,InventoryLinking.DirectParentChildNameKey,,,2026-03-25T02:58:39.000+00:00,,2026-03-25T12:49:16.185+00:00,2026-03-25T12:53:16.111+00:00,True,e40yx52dkbjpcqazimno9yvh4k
be809cb6-a237-419f-bece-fd5210142a6b,d7f7b764-184f-4d95-9e67-1701510d8cd3,be809cb6-a237-419f-bece-fd5210142a6b,Vendor_6044914,vendors,b8ffb5bc-b742-4bb7-aeb1-ab606957fb4e,,engagements,DirectParentChild,31b9567e-2f0e-40f5-8cf3-a0bad2148999,InventoryLinking.DirectParentChildNameKey,,,2026-03-25T06:24:35.000+00:00,,2026-03-25T12:48:52.715+00:00,2026-03-25T12:53:16.111+00:00,True,e40yx52dkbjpcqazimno9yvh4k
04fa8c86-1fee-44ce-bce2-b83acc5f08a1,dd58daa1-d22e-4ce0-b06b-74f173d011da,04fa8c86-1fee-44ce-bce2-b83acc5f08a1,v_1482994,vendors,a595a23e-d16a-457c-9df5-61565c5b85be,,engagements,DirectParentChild,31b9567e-2f0e-40f5-8cf3-a0bad2148999,InventoryLinking.DirectParentChildNameKey,,,2026-03-25T01:22:28.000+00:00,,2026-03-25T12:48:22.144+00:00,2026-03-25T12:53:16.111+00:00,True,e40yx52dkbjpcqazimno9yvh4k
7f3a9d29-86dd-4a72-a93e-7a9ea52c3792,decd8f73-9ae1-4bf4-871d-b2bd684a3670,7f3a9d29-86dd-4a72-a93e-7a9ea52c3792,v_5799876,vendors,43ab85a8-c630-4281-adb0-44c1ae1d1c7d,,contracts,DirectParentChild,31b9567e-2f0e-40f5-8cf3-a0bad2148999,InventoryLinking.DirectParentChildNameKey,,,2026-03-25T03:10:24.000+00:00,,2026-03-25T12:48:26.538+00:00,2026-03-25T12:53:16.111+00:00,True,e40yx52dkbjpcqazimno9yvh4k
b7aefb1b-a1a3-40af-b13d-247ee177c5fd,e843c3e3-fde7-44e8-85bd-6a3fc8d0b346,b7aefb1b-a1a3-40af-b13d-247ee177c5fd,Vendor_5718264,vendors,fc169be5-0f66-4a9b-98f6-155ccaf21f91,,engagements,DirectParentChild,31b9567e-2f0e-40f5-8cf3-a0bad2148999,InventoryLinking.DirectParentChildNameKey,,,2026-03-25T02:22:36.000+00:00,,2026-03-25T12:48:52.872+00:00,2026-03-25T12:53:16.111+00:00,True,e40yx52dkbjpcqazimno9yvh4k
a8c93b57-de08-4c1c-bfd9-3e5dd796339b,ebc3609e-247d-41f5-958a-666183da127c,a8c93b57-de08-4c1c-bfd9-3e5dd796339b,v_8100484,vendors,98389879-bbe6-48e2-b796-da21451b809f,,contracts,DirectParentChild,31b9567e-2f0e-40f5-8cf3-a0bad2148999,InventoryLinking.DirectParentChildNameKey,,,2026-03-25T01:12:32.000+00:00,,2026-03-25T12:48:27.978+00:00,2026-03-25T12:53:16.111+00:00,True,e40yx52dkbjpcqazimno9yvh4k
2dac725f-1f1c-48cc-8e60-4bc1ece4da47,ed91a999-971e-4de9-92d7-2c80abb7795f,2dac725f-1f1c-48cc-8e60-4bc1ece4da47,Vendor10_5799249,vendors,8d25f322-11d3-4af6-81bb-b66e302e17d0,,contracts,DirectParentChild,31b9567e-2f0e-40f5-8cf3-a0bad2148999,InventoryLinking.DirectParentChildNameKey,,,2026-03-25T01:04:05.000+00:00,,2026-03-25T12:49:16.990+00:00,2026-03-25T12:53:16.111+00:00,True,e40yx52dkbjpcqazimno9yvh4k
12363d92-ddee-4265-ac30-8245bb1f21e1,efafe915-ab50-462a-832f-7e7fb7a2ba14,12363d92-ddee-4265-ac30-8245bb1f21e1,Vendor_3661006,vendors,ae97e59e-1d98-4704-8dea-e699ee327fec,,contracts,DirectParentChild,31b9567e-2f0e-40f5-8cf3-a0bad2148999,InventoryLinking.DirectParentChildNameKey,,,2026-03-25T01:53:33.000+00:00,,2026-03-25T12:48:45.184+00:00,2026-03-25T12:53:16.111+00:00,True,e40yx52dkbjpcqazimno9yvh4k
63388ea5-a91c-4371-b8ee-2bd073f08362,f33bb72d-1986-4080-bd9b-6f6dff136527,63388ea5-a91c-4371-b8ee-2bd073f08362,VendorName_891899,vendors,8851c175-24a5-46e8-be58-5ab679cd6441,,engagements,DirectParentChild,31b9567e-2f0e-40f5-8cf3-a0bad2148999,InventoryLinking.DirectParentChildNameKey,,,2026-03-25T02:12:34.000+00:00,,2026-03-25T12:49:17.176+00:00,2026-03-25T12:53:16.111+00:00,True,e40yx52dkbjpcqazimno9yvh4k
a8a0993d-c776-4657-b9f4-d55f6a3d42f8,f66ea163-94d7-4739-9a0d-5b1dabc27de4,a8a0993d-c776-4657-b9f4-d55f6a3d42f8,v_6552109,vendors,30db31ff-0994-4b36-9368-b1a8af79862f,,engagements,DirectParentChild,31b9567e-2f0e-40f5-8cf3-a0bad2148999,InventoryLinking.DirectParentChildNameKey,,,2026-03-25T00:31:29.000+00:00,,2026-03-25T12:48:28.327+00:00,2026-03-25T12:53:16.111+00:00,True,e40yx52dkbjpcqazimno9yvh4k
728da3e2-40fe-49c3-8d5c-93a829c654c8,f711d307-1ba4-4bbe-9a09-0cafa0425c68,728da3e2-40fe-49c3-8d5c-93a829c654c8,Vendor_7322411,vendors,5a1f452a-cc13-4097-bc66-52f9a75ecc0d,,engagements,DirectParentChild,31b9567e-2f0e-40f5-8cf3-a0bad2148999,InventoryLinking.DirectParentChildNameKey,,,2026-03-25T01:58:04.000+00:00,,2026-03-25T12:48:53.354+00:00,2026-03-25T12:53:16.111+00:00,True,e40yx52dkbjpcqazimno9yvh4k
03f8677c-a969-44e5-8316-5c9d61f2f0d2,fa63dc5f-a479-4f62-ba42-aec9ed959ff9,03f8677c-a969-44e5-8316-5c9d61f2f0d2,V_4988004,vendors,fcec77a0-54ab-4bef-bf0b-955fe7bad415,,engagements,DirectParentChild,31b9567e-2f0e-40f5-8cf3-a0bad2148999,InventoryLinking.DirectParentChildNameKey,,,2026-03-25T00:43:52.000+00:00,,2026-03-25T12:48:26.893+00:00,2026-03-25T12:53:16.111+00:00,True,e40yx52dkbjpcqazimno9yvh4k
c47f1f0c-1662-4f88-8dfa-4bb7e81d2650,fd01528a-127e-4f50-99de-6d8d3d14ff42,c47f1f0c-1662-4f88-8dfa-4bb7e81d2650,Vendor_3380153,vendors,b250578a-cd03-4e9e-91af-dd13f9b3f946,,engagements,DirectParentChild,31b9567e-2f0e-40f5-8cf3-a0bad2148999,InventoryLinking.DirectParentChildNameKey,,,2026-03-25T02:58:00.000+00:00,,2026-03-25T12:48:35.739+00:00,2026-03-25T12:53:16.111+00:00,True,e40yx52dkbjpcqazimno9yvh4k
499e37a3-250b-4bf6-be43-ecfa2e190f4e,7dbebca2-1a80-4d37-9630-bca020eaf365,499e37a3-250b-4bf6-be43-ecfa2e190f4e,v_3283815,vendors,2ec2459d-d358-4368-a5a0-4b9f6c5abbb6,,engagements,DirectParentChild,31b9567e-2f0e-40f5-8cf3-a0bad2148999,InventoryLinking.DirectParentChildNameKey,,,2026-03-19T22:51:14.000+00:00,,2026-03-19T22:51:14.789+00:00,2026-03-19T22:56:09.850+00:00,False,e40yx52dkbjpcqazimno9yvh4k
360ae94c-60d6-4e4e-b644-9f86441492f1,f9f38e79-ba4b-4091-922a-514e3a92f81e,360ae94c-60d6-4e4e-b644-9f86441492f1,Vendor_1775980,vendors,465a0452-13d9-469d-8d75-fbf246addcc4,,engagements,DirectParentChild,31b9567e-2f0e-40f5-8cf3-a0bad2148999,InventoryLinking.DirectParentChildNameKey,,,2026-03-20T00:41:22.000+00:00,,2026-03-20T00:45:55.176+00:00,2026-03-20T00:50:21.754+00:00,True,e40yx52dkbjpcqazimno9yvh4k
360ae94c-60d6-4e4e-b644-9f86441492f1,6f4e5ae4-558c-4770-bf07-adbdf093bc75,360ae94c-60d6-4e4e-b644-9f86441492f1,Vendor_1775980,vendors,985d1d21-6c3c-4dbf-9fc4-fb3221bcda4d,,engagements,DirectParentChild,31b9567e-2f0e-40f5-8cf3-a0bad2148999,InventoryLinking.DirectParentChildNameKey,,,2026-03-20T00:41:21.000+00:00,,2026-03-20T00:44:26.381+00:00,2026-03-20T00:48:18.826+00:00,True,e40yx52dkbjpcqazimno9yvh4k
4d277a57-01ca-4edf-b3e9-30e4db6710c2,00d3852d-b351-4e3d-ac9d-5650114c4e02,4d277a57-01ca-4edf-b3e9-30e4db6710c2,Vendor_5212753,vendors,06b58372-a9a3-4214-856f-9487f300179e,,engagements,DirectParentChild,31b9567e-2f0e-40f5-8cf3-a0bad2148999,InventoryLinking.DirectParentChildNameKey,,,2026-03-19T22:19:20.000+00:00,,2026-03-20T13:26:53.310+00:00,2026-03-20T13:30:09.613+00:00,True,e40yx52dkbjpcqazimno9yvh4k
dc5a7f92-88a3-48f2-aaf9-72a998603cda,10114ee9-d17c-42ae-8ef0-0de2480f9673,dc5a7f92-88a3-48f2-aaf9-72a998603cda,Vendor_3206624,vendors,2c257ab3-68b0-4f84-a086-8040ffebfb1c,,engagements,DirectParentChild,31b9567e-2f0e-40f5-8cf3-a0bad2148999,InventoryLinking.DirectParentChildNameKey,,,2026-03-19T23:53:40.000+00:00,,2026-03-20T13:27:07.276+00:00,2026-03-20T13:30:09.613+00:00,True,e40yx52dkbjpcqazimno9yvh4k
cdcc44f2-fd2c-4648-b4fd-547783101e43,168f2b02-9150-4758-92c7-89c8c8340126,cdcc44f2-fd2c-4648-b4fd-547783101e43,Vendor_5872194,vendors,bc3ad644-6d09-4706-b7b9-4dcb4cc7a339,,engagements,DirectParentChild,31b9567e-2f0e-40f5-8cf3-a0bad2148999,InventoryLinking.DirectParentChildNameKey,,,2026-03-19T16:57:37.000+00:00,,2026-03-20T13:27:29.710+00:00,2026-03-20T13:30:09.613+00:00,True,e40yx52dkbjpcqazimno9yvh4k
18eb1a88-8144-4eb1-8695-2d8943cd6c22,16f17a02-b1f8-496d-8d62-1a0c1addb128,18eb1a88-8144-4eb1-8695-2d8943cd6c22,Vendor_6415330,vendors,2c1b6cf2-4f92-4516-ac0a-3f845ea0788c,,engagements,DirectParentChild,31b9567e-2f0e-40f5-8cf3-a0bad2148999,InventoryLinking.DirectParentChildNameKey,,,2026-03-19T23:21:15.000+00:00,,2026-03-20T13:27:29.845+00:00,2026-03-20T13:30:09.613+00:00,True,e40yx52dkbjpcqazimno9yvh4k
6ee31473-49f5-4f74-8c93-e2b9448840ec,1d583b8c-a3dc-4415-838f-6e7097ccccad,6ee31473-49f5-4f74-8c93-e2b9448840ec,Vendor_9693547,vendors,bdbc6fee-ccbd-4559-a1c8-80bf0c39f943,,engagements,DirectParentChild,31b9567e-2f0e-40f5-8cf3-a0bad2148999,InventoryLinking.DirectParentChildNameKey,,,2026-03-20T00:10:18.000+00:00,,2026-03-20T13:27:46.038+00:00,2026-03-20T13:30:09.613+00:00,True,e40yx52dkbjpcqazimno9yvh4k
ee1c0e00-3598-4b05-8390-fcc469f6e3b6,1e3e6e6f-7d2c-43fe-91ba-355182e081e3,ee1c0e00-3598-4b05-8390-fcc469f6e3b6,Vendor_451368,vendors,b44a7bda-114c-411c-98fc-61b4c7794190,,engagements,DirectParentChild,31b9567e-2f0e-40f5-8cf3-a0bad2148999,InventoryLinking.DirectParentChildNameKey,,,2026-03-19T23:28:00.000+00:00,,2026-03-20T13:26:52.626+00:00,2026-03-20T13:30:09.613+00:00,True,e40yx52dkbjpcqazimno9yvh4k
584aba1d-a09c-48ff-be25-a1810b60f046,244c7e75-acdd-4879-916b-4e527d153216,584aba1d-a09c-48ff-be25-a1810b60f046,Vendor_pbi_774156,vendors,006573b3-ce9d-4e06-b9f6-939e6038dec8,,engagements,DirectParentChild,31b9567e-2f0e-40f5-8cf3-a0bad2148999,InventoryLinking.DirectParentChildNameKey,,,2026-03-19T23:15:18.000+00:00,,2026-03-20T13:27:46.302+00:00,2026-03-20T13:30:09.613+00:00,True,e40yx52dkbjpcqazimno9yvh4k
0b90f55a-2436-4e74-8f4b-d929fb5407f2,2ae571ca-6262-4abe-ae24-e718526bb10b,0b90f55a-2436-4e74-8f4b-d929fb5407f2,Vendor_4767310,vendors,e053794b-03f6-485a-8b9c-07279e7506ae,,engagements,DirectParentChild,31b9567e-2f0e-40f5-8cf3-a0bad2148999,InventoryLinking.DirectParentChildNameKey,,,2026-03-20T01:01:38.000+00:00,,2026-03-20T13:27:07.791+00:00,2026-03-20T13:30:09.613+00:00,True,e40yx52dkbjpcqazimno9yvh4k
364ee472-d64f-4a96-92f9-d5c38bd4808b,2c963c66-97b1-4262-97cd-c1d5e0b7a6e9,364ee472-d64f-4a96-92f9-d5c38bd4808b,Vendor10_2953109,vendors,a5ea5aa8-a24d-447e-b8ef-9173b2f81b38,,contracts,DirectParentChild,31b9567e-2f0e-40f5-8cf3-a0bad2148999,InventoryLinking.DirectParentChildNameKey,,,2026-03-19T23:22:05.000+00:00,,2026-03-20T13:27:49.728+00:00,2026-03-20T13:30:09.613+00:00,True,e40yx52dkbjpcqazimno9yvh4k
31458e34-782c-4f87-8449-48244fe652c5,30bdcc17-4b92-421a-b0d3-6bccae063984,31458e34-782c-4f87-8449-48244fe652c5,Vendor_7371644,vendors,803ae9f8-a3b5-428c-a303-10e11dc9d96c,,engagements,DirectParentChild,31b9567e-2f0e-40f5-8cf3-a0bad2148999,InventoryLinking.DirectParentChildNameKey,,,2026-03-19T22:27:34.000+00:00,,2026-03-20T13:27:18.720+00:00,2026-03-20T13:30:09.613+00:00,True,e40yx52dkbjpcqazimno9yvh4k
7307b60f-fbe6-40e1-84b6-c4a790b5bb90,313b7916-58a1-478d-b815-590bf89ecfa6,7307b60f-fbe6-40e1-84b6-c4a790b5bb90,Vendor_9645581,vendors,3856eae1-9b3f-47ba-a161-027153920cb8,,engagements,DirectParentChild,31b9567e-2f0e-40f5-8cf3-a0bad2148999,InventoryLinking.DirectParentChildNameKey,,,2026-03-19T22:19:22.000+00:00,,2026-03-20T13:27:44.943+00:00,2026-03-20T13:30:09.613+00:00,True,e40yx52dkbjpcqazimno9yvh4k
1098c0c0-546a-4391-80c7-e0fe9d4371a6,3959561f-e6fc-4a18-98d8-15ac55dc41e9,1098c0c0-546a-4391-80c7-e0fe9d4371a6,vendor_67_19032026,vendors,7984612f-636b-46be-b7c3-e40397012e7a,,contracts,DirectParentChild,31b9567e-2f0e-40f5-8cf3-a0bad2148999,InventoryLinking.DirectParentChildNameKey,,,2026-03-19T16:59:23.000+00:00,,2026-03-20T13:27:40.834+00:00,2026-03-20T13:30:09.613+00:00,True,e40yx52dkbjpcqazimno9yvh4k
8bfa2eb9-a60b-413c-b215-867f0f40f39f,42f5b5bb-a301-4967-a10c-f2bb10b2a96c,8bfa2eb9-a60b-413c-b215-867f0f40f39f,Vendor_6024760,vendors,3ae94421-ef27-41a4-a49c-7e090369c58a,,contracts,DirectParentChild,31b9567e-2f0e-40f5-8cf3-a0bad2148999,InventoryLinking.DirectParentChildNameKey,,,2026-03-19T23:38:28.000+00:00,,2026-03-20T13:27:29.377+00:00,2026-03-20T13:30:09.613+00:00,True,e40yx52dkbjpcqazimno9yvh4k
a324e54e-f119-4bba-84fd-e852c3c97313,487da5f8-8f69-42a2-afbb-69979001b323,a324e54e-f119-4bba-84fd-e852c3c97313,Vendor_4019917,vendors,5b36f28d-7567-4a24-bf8f-5c92eae4c72f,,engagements,DirectParentChild,31b9567e-2f0e-40f5-8cf3-a0bad2148999,InventoryLinking.DirectParentChildNameKey,,,2026-03-20T00:15:09.000+00:00,,2026-03-20T13:26:51.478+00:00,2026-03-20T13:30:09.613+00:00,True,e40yx52dkbjpcqazimno9yvh4k
d2d270b0-5ee1-4c39-bb03-e0b2c85715c1,542c819e-8512-40a3-8878-5625f2d609fa,d2d270b0-5ee1-4c39-bb03-e0b2c85715c1,Vendor_8903916,vendors,0774d3b8-c05a-4c2e-a02b-6814b2f61eff,,engagements,DirectParentChild,31b9567e-2f0e-40f5-8cf3-a0bad2148999,InventoryLinking.DirectParentChildNameKey,,,2026-03-20T00:07:35.000+00:00,,2026-03-20T13:27:45.557+00:00,2026-03-20T13:30:09.613+00:00,True,e40yx52dkbjpcqazimno9yvh4k
73e3db62-6bd6-4481-bf16-36fb97c460c0,55a9091d-3298-4526-bbcf-59ef2761d552,73e3db62-6bd6-4481-bf16-36fb97c460c0,Vendor_7141031,vendors,6eed64ed-c478-4654-b0ea-bab8f47d6f2c,,engagements,DirectParentChild,31b9567e-2f0e-40f5-8cf3-a0bad2148999,InventoryLinking.DirectParentChildNameKey,,,2026-03-19T22:14:37.000+00:00,,2026-03-20T13:27:29.499+00:00,2026-03-20T13:30:09.613+00:00,True,e40yx52dkbjpcqazimno9yvh4k
73e3db62-6bd6-4481-bf16-36fb97c460c0,5ce868f0-cea3-4bdb-a361-b81ad90cc747,73e3db62-6bd6-4481-bf16-36fb97c460c0,Vendor_7141031,vendors,2af06d62-0a32-4370-b917-1cd0ea58a3e8,,contracts,DirectParentChild,31b9567e-2f0e-40f5-8cf3-a0bad2148999,InventoryLinking.DirectParentChildNameKey,,,2026-03-19T22:14:38.000+00:00,,2026-03-20T13:27:29.590+00:00,2026-03-20T13:30:09.613+00:00,True,e40yx52dkbjpcqazimno9yvh4k
3f43d3e4-3c2c-47b0-ab30-d4e850033443,647a4139-2194-4ad7-96f8-bc92f33be7b9,3f43d3e4-3c2c-47b0-ab30-d4e850033443,vendor_529920,vendors,0a861181-46a5-4881-bfac-9216ae098c83,,engagements,DirectParentChild,31b9567e-2f0e-40f5-8cf3-a0bad2148999,InventoryLinking.DirectParentChildNameKey,,,2026-03-19T22:18:36.000+00:00,,2026-03-20T13:27:07.607+00:00,2026-03-20T13:30:09.613+00:00,True,e40yx52dkbjpcqazimno9yvh4k
451a0ed9-834f-49f2-aca6-f0a738324c11,68bd261b-b0b6-4295-a67b-c42f240e3c42,451a0ed9-834f-49f2-aca6-f0a738324c11,Vendor_6597148,vendors,3ae7d9f2-c419-49d3-a6f0-cd8bb87c9211,,engagements,DirectParentChild,31b9567e-2f0e-40f5-8cf3-a0bad2148999,InventoryLinking.DirectParentChildNameKey,,,2026-03-20T00:51:58.000+00:00,,2026-03-20T13:27:37.199+00:00,2026-03-20T13:30:09.613+00:00,True,e40yx52dkbjpcqazimno9yvh4k
7307b60f-fbe6-40e1-84b6-c4a790b5bb90,6a99f786-d011-4540-a5e5-0d57868df0e9,7307b60f-fbe6-40e1-84b6-c4a790b5bb90,Vendor_9645581,vendors,15990151-cf17-406f-9e4e-8a96f880a549,,engagements,DirectParentChild,31b9567e-2f0e-40f5-8cf3-a0bad2148999,InventoryLinking.DirectParentChildNameKey,,,2026-03-19T22:18:27.000+00:00,,2026-03-20T13:27:44.857+00:00,2026-03-20T13:30:09.613+00:00,True,e40yx52dkbjpcqazimno9yvh4k
7868678f-1406-41bc-b343-aed706786416,7521cc4b-e345-4222-8915-c0b4dd4a830c,7868678f-1406-41bc-b343-aed706786416,vendor_966217,vendors,2d502820-ef42-45f2-84c3-bb33f82e1f9a,,engagements,DirectParentChild,31b9567e-2f0e-40f5-8cf3-a0bad2148999,InventoryLinking.DirectParentChildNameKey,,,2026-03-19T23:27:39.000+00:00,,2026-03-20T13:27:45.916+00:00,2026-03-20T13:30:09.613+00:00,True,e40yx52dkbjpcqazimno9yvh4k
ff2fd26d-9dc2-455f-a8ab-5501253a18a8,7ad18f9f-fb45-4c1c-8ebb-657ae713ed66,ff2fd26d-9dc2-455f-a8ab-5501253a18a8,Vendor_5338851,vendors,97a50d49-05d2-4409-8bf2-c720935269fe,,engagements,DirectParentChild,31b9567e-2f0e-40f5-8cf3-a0bad2148999,InventoryLinking.DirectParentChildNameKey,,,2026-03-20T00:20:53.000+00:00,,2026-03-20T13:27:00.478+00:00,2026-03-20T13:30:09.613+00:00,True,e40yx52dkbjpcqazimno9yvh4k
8bfa2eb9-a60b-413c-b215-867f0f40f39f,95c510c6-361f-47e0-bf4b-195a050eab76,8bfa2eb9-a60b-413c-b215-867f0f40f39f,Vendor_6024760,vendors,fc6e7517-7d08-49b0-a546-9b8623162cff,,contracts,DirectParentChild,31b9567e-2f0e-40f5-8cf3-a0bad2148999,InventoryLinking.DirectParentChildNameKey,,,2026-03-19T23:40:17.000+00:00,,2026-03-20T13:27:29.312+00:00,2026-03-20T13:30:09.613+00:00,True,e40yx52dkbjpcqazimno9yvh4k
dc5a7f92-88a3-48f2-aaf9-72a998603cda,a497adfe-57cb-4d4c-b667-287b9da05f1f,dc5a7f92-88a3-48f2-aaf9-72a998603cda,Vendor_3206624,vendors,7216efbe-84fb-4ad1-97d7-4836549672ad,,engagements,DirectParentChild,31b9567e-2f0e-40f5-8cf3-a0bad2148999,InventoryLinking.DirectParentChildNameKey,,,2026-03-19T23:54:40.000+00:00,,2026-03-20T13:27:07.357+00:00,2026-03-20T13:30:09.613+00:00,True,e40yx52dkbjpcqazimno9yvh4k
ff2fd26d-9dc2-455f-a8ab-5501253a18a8,a526ec41-6b99-4f77-badf-3b24de7ad099,ff2fd26d-9dc2-455f-a8ab-5501253a18a8,Vendor_5338851,vendors,099bbc93-1449-4672-927a-25e74812573b,,engagements,DirectParentChild,31b9567e-2f0e-40f5-8cf3-a0bad2148999,InventoryLinking.DirectParentChildNameKey,,,2026-03-20T00:20:53.000+00:00,,2026-03-20T13:26:59.747+00:00,2026-03-20T13:30:09.613+00:00,True,e40yx52dkbjpcqazimno9yvh4k
66428f18-f7ce-4776-b7fe-5274bc0c5eb7,b463067a-9c49-4bc3-9b36-31a6d10cd99b,66428f18-f7ce-4776-b7fe-5274bc0c5eb7,Vendor_4895987,vendors,4a1be88a-374d-43bd-91a9-7f3d7f2c28c2,,engagements,DirectParentChild,31b9567e-2f0e-40f5-8cf3-a0bad2148999,InventoryLinking.DirectParentChildNameKey,,,2026-03-20T00:28:28.000+00:00,,2026-03-20T13:27:02.337+00:00,2026-03-20T13:30:09.613+00:00,True,e40yx52dkbjpcqazimno9yvh4k
ff418a8e-8927-4fa3-8c02-94da3e33dd0d,b47a4acc-7184-4a3a-9ee8-ac68310b5928,ff418a8e-8927-4fa3-8c02-94da3e33dd0d,Vendor_345693,vendors,ab71c0e5-9733-4ad5-93fc-90672622f1b8,,engagements,DirectParentChild,31b9567e-2f0e-40f5-8cf3-a0bad2148999,InventoryLinking.DirectParentChildNameKey,,,2026-03-20T00:53:54.000+00:00,,2026-03-20T13:26:56.627+00:00,2026-03-20T13:30:09.613+00:00,True,e40yx52dkbjpcqazimno9yvh4k
2b9b841f-6505-468f-aa46-b7b078ac2d68,ba8edf14-d27c-414f-808c-b3bb3529c6ed,2b9b841f-6505-468f-aa46-b7b078ac2d68,Vendor_7339229,vendors,53f232e9-8119-4892-ab21-faa2b77034cc,,engagements,DirectParentChild,31b9567e-2f0e-40f5-8cf3-a0bad2148999,InventoryLinking.DirectParentChildNameKey,,,2026-03-20T00:15:48.000+00:00,,2026-03-20T13:27:11.432+00:00,2026-03-20T13:30:09.613+00:00,True,e40yx52dkbjpcqazimno9yvh4k
e527f359-d323-41bf-b9ce-3a952e5a2d05,bb3b345a-35e1-477d-9509-9d86ed42feca,e527f359-d323-41bf-b9ce-3a952e5a2d05,Vendor_5424672,vendors,c461820e-ecc4-4580-82c2-6907b976401c,,engagements,DirectParentChild,31b9567e-2f0e-40f5-8cf3-a0bad2148999,InventoryLinking.DirectParentChildNameKey,,,2026-03-20T00:59:45.000+00:00,,2026-03-20T13:26:58.394+00:00,2026-03-20T13:30:09.613+00:00,True,e40yx52dkbjpcqazimno9yvh4k
21acc0d2-9cbf-43a6-a3e3-c0561d0dc5c3,bed1b0bd-fa82-4594-aea9-f6054d57aeb3,21acc0d2-9cbf-43a6-a3e3-c0561d0dc5c3,Vendor_9693547,vendors,e2d254d7-530f-42a6-bba4-6401cb218e00,,contracts,DirectParentChild,31b9567e-2f0e-40f5-8cf3-a0bad2148999,InventoryLinking.DirectParentChildNameKey,,,2026-03-20T00:09:39.000+00:00,,2026-03-20T13:27:45.155+00:00,2026-03-20T13:30:09.613+00:00,True,e40yx52dkbjpcqazimno9yvh4k
ff2fd26d-9dc2-455f-a8ab-5501253a18a8,c7679b50-951b-490c-a90d-70b4c8f1a03e,ff2fd26d-9dc2-455f-a8ab-5501253a18a8,Vendor_5338851,vendors,d202e0a2-ee3c-4b18-b8d8-9280624f45c6,,engagements,DirectParentChild,31b9567e-2f0e-40f5-8cf3-a0bad2148999,InventoryLinking.DirectParentChildNameKey,,,2026-03-20T00:20:54.000+00:00,,2026-03-20T13:27:02.178+00:00,2026-03-20T13:30:09.613+00:00,True,e40yx52dkbjpcqazimno9yvh4k
4d277a57-01ca-4edf-b3e9-30e4db6710c2,cd65b972-37b6-4268-8d55-593f21787dda,4d277a57-01ca-4edf-b3e9-30e4db6710c2,Vendor_5212753,vendors,4d444995-74d2-4492-91f5-bb36f7095c9c,,engagements,DirectParentChild,31b9567e-2f0e-40f5-8cf3-a0bad2148999,InventoryLinking.DirectParentChildNameKey,,,2026-03-19T22:19:21.000+00:00,,2026-03-20T13:26:54.964+00:00,2026-03-20T13:30:09.613+00:00,True,e40yx52dkbjpcqazimno9yvh4k
77e50cd2-6a9d-4748-af94-a38f5447ff11,e61bb359-4ca6-47e2-8f55-1c99cf7297ea,77e50cd2-6a9d-4748-af94-a38f5447ff11,Vendor_pbi_19032026,vendors,27aefb0f-04d4-44e7-89fc-30060abef965,,engagements,DirectParentChild,31b9567e-2f0e-40f5-8cf3-a0bad2148999,InventoryLinking.DirectParentChildNameKey,,,2026-03-19T16:20:46.000+00:00,,2026-03-20T13:27:46.467+00:00,2026-03-20T13:30:09.613+00:00,True,e40yx52dkbjpcqazimno9yvh4k
6981ae82-82f0-450d-af7c-5cda102877f6,eac42b81-9a99-47ba-b6fb-738416cbe5c8,6981ae82-82f0-450d-af7c-5cda102877f6,Vendor_8523466,vendors,8b37ebc9-97b2-47f3-9480-d3f2051ee632,,engagements,DirectParentChild,31b9567e-2f0e-40f5-8cf3-a0bad2148999,InventoryLinking.DirectParentChildNameKey,,,2026-03-20T00:15:24.000+00:00,,2026-03-20T13:27:45.358+00:00,2026-03-20T13:30:09.613+00:00,True,e40yx52dkbjpcqazimno9yvh4k
37a50c6f-6b79-4baf-813b-c3ca4715ef92,ec6dded4-fc99-4778-804e-00b0cade579f,37a50c6f-6b79-4baf-813b-c3ca4715ef92,VendorName_6339134,vendors,ae55eb6f-04f8-4451-a184-402a12bb71b2,,engagements,DirectParentChild,31b9567e-2f0e-40f5-8cf3-a0bad2148999,InventoryLinking.DirectParentChildNameKey,,,2026-03-19T23:28:16.000+00:00,,2026-03-20T13:27:50.070+00:00,2026-03-20T13:30:09.613+00:00,True,e40yx52dkbjpcqazimno9yvh4k
7307b60f-fbe6-40e1-84b6-c4a790b5bb90,fbc597c3-582c-472c-b6d1-b7e5704aa7d4,7307b60f-fbe6-40e1-84b6-c4a790b5bb90,Vendor_9645581,vendors,b4d0ca9a-9ab5-4a87-8cd3-5acd39468699,,engagements,DirectParentChild,31b9567e-2f0e-40f5-8cf3-a0bad2148999,InventoryLinking.DirectParentChildNameKey,,,2026-03-19T22:18:28.000+00:00,,2026-03-20T13:27:45.015+00:00,2026-03-20T13:30:09.613+00:00,True,e40yx52dkbjpcqazimno9yvh4k
cf8b85a9-fd93-40d1-9a71-2144b1f678f7,0973fb28-0152-4f92-b60d-6dc495636a0f,cf8b85a9-fd93-40d1-9a71-2144b1f678f7,Vendor_5018553,vendors,6830bcae-dc49-4d4f-88eb-b998378ba0be,,engagements,DirectParentChild,31b9567e-2f0e-40f5-8cf3-a0bad2148999,InventoryLinking.DirectParentChildNameKey,,,2026-03-19T22:55:54.000+00:00,,2026-03-20T13:26:33.155+00:00,2026-03-20T13:28:41.023+00:00,True,e40yx52dkbjpcqazimno9yvh4k
05828099-1edd-46f5-88f1-1ca5215f4cd8,16b40115-30bb-4469-99d0-281bc1f8233b,05828099-1edd-46f5-88f1-1ca5215f4cd8,Vendor_209_19032026_1,vendors,e83d93b4-f3cb-400f-8c4c-5998730973b7,,engagements,DirectParentChild,31b9567e-2f0e-40f5-8cf3-a0bad2148999,InventoryLinking.DirectParentChildNameKey,,,2026-03-19T16:17:42.000+00:00,,2026-03-20T13:26:24.092+00:00,2026-03-20T13:28:41.023+00:00,True,e40yx52dkbjpcqazimno9yvh4k
1583c1c7-40d3-4529-b58c-04599694e003,1826e69e-790b-4c6a-9b06-dc40b688dafd,1583c1c7-40d3-4529-b58c-04599694e003,Vendor_2375032,vendors,6b91da2f-3022-4350-9fef-089aab37a7e8,,engagements,DirectParentChild,31b9567e-2f0e-40f5-8cf3-a0bad2148999,InventoryLinking.DirectParentChildNameKey,,,2026-03-19T22:02:45.000+00:00,,2026-03-20T13:26:31.993+00:00,2026-03-20T13:28:41.023+00:00,True,e40yx52dkbjpcqazimno9yvh4k
cf8b85a9-fd93-40d1-9a71-2144b1f678f7,2770f202-0f5f-4021-b022-82b9ae3fda9b,cf8b85a9-fd93-40d1-9a71-2144b1f678f7,Vendor_5018553,vendors,a4020882-31a4-4462-a8bf-077182e1b1fd,,engagements,DirectParentChild,31b9567e-2f0e-40f5-8cf3-a0bad2148999,InventoryLinking.DirectParentChildNameKey,,,2026-03-19T22:55:57.000+00:00,,2026-03-20T13:26:34.740+00:00,2026-03-20T13:28:41.023+00:00,True,e40yx52dkbjpcqazimno9yvh4k
d7a40944-183f-4630-bee8-21c27f689179,2d90d47b-86fe-4c60-a322-3cb5732b67fb,d7a40944-183f-4630-bee8-21c27f689179,Vendor_1737131,vendors,2e340a02-8d0b-40e3-86d2-cc8aa1acb422,,engagements,DirectParentChild,31b9567e-2f0e-40f5-8cf3-a0bad2148999,InventoryLinking.DirectParentChildNameKey,,,2026-03-19T23:49:26.000+00:00,,2026-03-20T13:25:23.678+00:00,2026-03-20T13:28:41.023+00:00,True,e40yx52dkbjpcqazimno9yvh4k
e86288ab-78fe-4216-a28b-b9df72910600,41b8a736-747a-412d-af0f-994a7d7886fe,e86288ab-78fe-4216-a28b-b9df72910600,Vendor_2670395,vendors,08c9b453-893f-492b-ac10-a3be79913087,,engagements,DirectParentChild,31b9567e-2f0e-40f5-8cf3-a0bad2148999,InventoryLinking.DirectParentChildNameKey,,,2026-03-19T22:56:56.000+00:00,,2026-03-20T13:26:29.130+00:00,2026-03-20T13:28:41.023+00:00,True,e40yx52dkbjpcqazimno9yvh4k
05828099-1edd-46f5-88f1-1ca5215f4cd8,4c9cf291-ec3a-4832-96e9-a4443a733a6e,05828099-1edd-46f5-88f1-1ca5215f4cd8,Vendor_209_19032026_1,vendors,b815ec60-1d27-4193-9b3a-aa85dcc8d292,,engagements,DirectParentChild,31b9567e-2f0e-40f5-8cf3-a0bad2148999,InventoryLinking.DirectParentChildNameKey,,,2026-03-19T16:17:40.000+00:00,,2026-03-20T13:26:27.789+00:00,2026-03-20T13:28:41.023+00:00,True,e40yx52dkbjpcqazimno9yvh4k
44f2729c-1117-4667-8042-4ea90028365f,5a01ff46-fdae-4214-a247-55a36f5b4609,44f2729c-1117-4667-8042-4ea90028365f,Vendor_174_6140083,vendors,3b9ea5a4-608b-45dc-a3fb-ddfb8e059b42,,engagements,DirectParentChild,31b9567e-2f0e-40f5-8cf3-a0bad2148999,InventoryLinking.DirectParentChildNameKey,,,2026-03-19T16:17:36.000+00:00,,2026-03-20T13:25:20.082+00:00,2026-03-20T13:28:41.023+00:00,True,e40yx52dkbjpcqazimno9yvh4k
cb1e3a92-c555-4cc5-a7ce-ca6994f8bf14,5c28c4d2-5685-42c7-9d6b-d18808b59b42,cb1e3a92-c555-4cc5-a7ce-ca6994f8bf14,Vendor_1762501,vendors,d1b538b2-f93e-42e6-998a-dacd5bb7b40c,,engagements,DirectParentChild,31b9567e-2f0e-40f5-8cf3-a0bad2148999,InventoryLinking.DirectParentChildNameKey,,,2026-03-19T22:28:45.000+00:00,,2026-03-20T13:25:20.715+00:00,2026-03-20T13:28:41.023+00:00,True,e40yx52dkbjpcqazimno9yvh4k
05828099-1edd-46f5-88f1-1ca5215f4cd8,71e366bc-65ea-4ce9-b7f9-3a5ab5c4f744,05828099-1edd-46f5-88f1-1ca5215f4cd8,Vendor_209_19032026_1,vendors,99d126ba-b28a-487f-bcdb-03930a3cd1e6,,engagements,DirectParentChild,31b9567e-2f0e-40f5-8cf3-a0bad2148999,InventoryLinking.DirectParentChildNameKey,,,2026-03-19T16:17:41.000+00:00,,2026-03-20T13:26:25.229+00:00,2026-03-20T13:28:41.023+00:00,True,e40yx52dkbjpcqazimno9yvh4k
7ecef4f2-4c05-4550-bd56-3b2ad433ab60,73d640d9-d5d9-41ab-8b99-2a186b88ed6c,7ecef4f2-4c05-4550-bd56-3b2ad433ab60,Vendor_209_19032026_2,vendors,bc48b022-16dd-47e9-9687-6d225fd63f33,,engagements,DirectParentChild,31b9567e-2f0e-40f5-8cf3-a0bad2148999,InventoryLinking.DirectParentChildNameKey,,,2026-03-19T16:17:46.000+00:00,,2026-03-20T13:26:02.963+00:00,2026-03-20T13:28:41.023+00:00,True,e40yx52dkbjpcqazimno9yvh4k
69d38c4b-7ff1-45a7-9246-35b72982773a,7b227926-5c1a-45e9-ae95-8a2f5b56dd33,69d38c4b-7ff1-45a7-9246-35b72982773a,Vendor_163_4992699,vendors,057f21d0-4bcd-473f-94f4-19316becc0a2,,engagements,DirectParentChild,31b9567e-2f0e-40f5-8cf3-a0bad2148999,InventoryLinking.DirectParentChildNameKey,,,2026-03-19T16:30:35.000+00:00,,2026-03-20T13:25:21.948+00:00,2026-03-20T13:28:41.023+00:00,True,e40yx52dkbjpcqazimno9yvh4k
c838d022-e7f4-4620-b8f1-bd841148bc31,b306ecbd-8ee3-4264-be1f-cf4ce507db9d,c838d022-e7f4-4620-b8f1-bd841148bc31,Vendor_3344223,vendors,0b7e2f73-4368-4711-a90f-381866aa420a,,contracts,DirectParentChild,31b9567e-2f0e-40f5-8cf3-a0bad2148999,InventoryLinking.DirectParentChildNameKey,,,2026-03-19T23:30:53.000+00:00,,2026-03-20T13:26:35.415+00:00,2026-03-20T13:28:41.023+00:00,True,e40yx52dkbjpcqazimno9yvh4k
e86288ab-78fe-4216-a28b-b9df72910600,b96a801e-869c-4c95-91eb-b16656b3abf4,e86288ab-78fe-4216-a28b-b9df72910600,Vendor_2670395,vendors,cf63863d-d527-4365-a9ac-262589b3f6cd,,engagements,DirectParentChild,31b9567e-2f0e-40f5-8cf3-a0bad2148999,InventoryLinking.DirectParentChildNameKey,,,2026-03-19T22:56:56.000+00:00,,2026-03-20T13:26:31.317+00:00,2026-03-20T13:28:41.023+00:00,True,e40yx52dkbjpcqazimno9yvh4k
e86288ab-78fe-4216-a28b-b9df72910600,b9a070b5-86ff-4e41-b5ec-28770fb6ddcc,e86288ab-78fe-4216-a28b-b9df72910600,Vendor_2670395,vendors,0fe3f2cc-1f32-4479-b9b1-e10fd33dae3f,,engagements,DirectParentChild,31b9567e-2f0e-40f5-8cf3-a0bad2148999,InventoryLinking.DirectParentChildNameKey,,,2026-03-19T22:56:55.000+00:00,,2026-03-20T13:26:28.039+00:00,2026-03-20T13:28:41.023+00:00,True,e40yx52dkbjpcqazimno9yvh4k
e86288ab-78fe-4216-a28b-b9df72910600,c50738c6-ca65-4435-a329-a20b629126c8,e86288ab-78fe-4216-a28b-b9df72910600,Vendor_2670395,vendors,1ea99643-66d0-4e4c-9ef6-f252fdf66c56,,engagements,DirectParentChild,31b9567e-2f0e-40f5-8cf3-a0bad2148999,InventoryLinking.DirectParentChildNameKey,,,2026-03-19T22:56:54.000+00:00,,2026-03-20T13:26:29.804+00:00,2026-03-20T13:28:41.023+00:00,True,e40yx52dkbjpcqazimno9yvh4k
05828099-1edd-46f5-88f1-1ca5215f4cd8,d75db2b1-eb7b-41ed-902b-9a6f9511047c,05828099-1edd-46f5-88f1-1ca5215f4cd8,Vendor_209_19032026_1,vendors,2307c284-fc67-4f42-a078-301b9e8a68be,,engagements,DirectParentChild,31b9567e-2f0e-40f5-8cf3-a0bad2148999,InventoryLinking.DirectParentChildNameKey,,,2026-03-19T16:17:40.000+00:00,,2026-03-20T13:26:25.891+00:00,2026-03-20T13:28:41.023+00:00,True,e40yx52dkbjpcqazimno9yvh4k
e86288ab-78fe-4216-a28b-b9df72910600,e6ac0a61-9d20-4ffd-8f76-3a979f4473c8,e86288ab-78fe-4216-a28b-b9df72910600,Vendor_2670395,vendors,fec1feb8-3812-4435-ae22-e9d278cd530f,,engagements,DirectParentChild,31b9567e-2f0e-40f5-8cf3-a0bad2148999,InventoryLinking.DirectParentChildNameKey,,,2026-03-19T22:56:54.000+00:00,,2026-03-20T13:26:28.119+00:00,2026-03-20T13:28:41.023+00:00,True,e40yx52dkbjpcqazimno9yvh4k
7ecef4f2-4c05-4550-bd56-3b2ad433ab60,f75d285a-da6f-4ad2-8425-f5fa50081323,7ecef4f2-4c05-4550-bd56-3b2ad433ab60,Vendor_209_19032026_2,vendors,48fe8653-3f94-40e5-a383-124e4bcaa23a,,engagements,DirectParentChild,31b9567e-2f0e-40f5-8cf3-a0bad2148999,InventoryLinking.DirectParentChildNameKey,,,2026-03-19T16:17:46.000+00:00,,2026-03-20T13:26:03.653+00:00,2026-03-20T13:28:41.023+00:00,True,e40yx52dkbjpcqazimno9yvh4k
2341c58e-db68-4d33-808f-4213422ac0fa,0b00685c-69d0-4c40-83ea-66e6fb8c2813,2341c58e-db68-4d33-808f-4213422ac0fa,v_5534144,vendors,48187888-6c89-485e-9e88-cce4614232ed,,engagements,DirectParentChild,31b9567e-2f0e-40f5-8cf3-a0bad2148999,InventoryLinking.DirectParentChildNameKey,,,2026-03-19T22:19:41.000+00:00,,2026-03-20T13:24:48.938+00:00,2026-03-20T13:26:45.747+00:00,True,e40yx52dkbjpcqazimno9yvh4k
4a052f1d-b39e-4baa-9f87-0d4cded125ad,1716242d-1acf-4e4a-94bb-c622245cff78,4a052f1d-b39e-4baa-9f87-0d4cded125ad,V_5599140,vendors,6a402c29-fa7a-46e1-aafc-71e1d3031c70,,contracts,DirectParentChild,31b9567e-2f0e-40f5-8cf3-a0bad2148999,InventoryLinking.DirectParentChildNameKey,,,2026-03-19T23:17:28.000+00:00,,2026-03-20T13:24:21.131+00:00,2026-03-20T13:26:45.747+00:00,True,e40yx52dkbjpcqazimno9yvh4k
e202ceb7-5943-42c2-a1ef-6f025f7a4a32,1afc9cce-30f0-436f-9abc-34670c0f9a4e,e202ceb7-5943-42c2-a1ef-6f025f7a4a32,V_6269129,vendors,9427d20b-d503-41b5-8b46-678d3ea7658d,,engagements,DirectParentChild,31b9567e-2f0e-40f5-8cf3-a0bad2148999,InventoryLinking.DirectParentChildNameKey,,,2026-03-19T23:09:09.000+00:00,,2026-03-20T13:24:24.011+00:00,2026-03-20T13:26:45.747+00:00,True,e40yx52dkbjpcqazimno9yvh4k
81753c3f-e88e-4905-ba7b-a3a47c61123f,1fb7193b-8e77-46e8-b22e-7029f4e51733,81753c3f-e88e-4905-ba7b-a3a47c61123f,V_3542762,vendors,d967573d-2c07-4939-8711-d631d8096f75,,engagements,DirectParentChild,31b9567e-2f0e-40f5-8cf3-a0bad2148999,InventoryLinking.DirectParentChildNameKey,,,2026-03-19T22:02:11.000+00:00,,2026-03-20T13:24:50.150+00:00,2026-03-20T13:26:45.747+00:00,True,e40yx52dkbjpcqazimno9yvh4k
2c709259-1a37-45e2-a50f-3e6108caf6fd,2564ca19-aa43-4e98-8ca8-02661d26c554,2c709259-1a37-45e2-a50f-3e6108caf6fd,v_8754493,vendors,841d9d5d-e1bd-4fd7-9cef-cf7ee87bce63,,contracts,DirectParentChild,31b9567e-2f0e-40f5-8cf3-a0bad2148999,InventoryLinking.DirectParentChildNameKey,,,2026-03-20T00:31:40.000+00:00,,2026-03-20T13:24:39.227+00:00,2026-03-20T13:26:45.747+00:00,True,e40yx52dkbjpcqazimno9yvh4k
c15513d0-a186-4a42-867c-79339a17f9ad,2881fc75-e5d8-4f09-92d1-8595037817f9,c15513d0-a186-4a42-867c-79339a17f9ad,Vendor_163_5551837,vendors,deca0639-6f71-4721-8a5c-f232a9bfcdd3,,engagements,DirectParentChild,31b9567e-2f0e-40f5-8cf3-a0bad2148999,InventoryLinking.DirectParentChildNameKey,,,2026-03-20T02:22:22.000+00:00,,2026-03-20T13:25:00.954+00:00,2026-03-20T13:26:45.747+00:00,True,e40yx52dkbjpcqazimno9yvh4k
5f5866cb-7637-4478-ac45-d22a3cfce9d1,30232553-c88a-4ecb-b230-c918f2ce6a42,5f5866cb-7637-4478-ac45-d22a3cfce9d1,v1_9482368,vendors,2c62c36b-43eb-4463-a41a-92e957fa794f,,engagements,DirectParentChild,31b9567e-2f0e-40f5-8cf3-a0bad2148999,InventoryLinking.DirectParentChildNameKey,,,2026-03-19T23:18:55.000+00:00,,2026-03-20T13:24:38.652+00:00,2026-03-20T13:26:45.747+00:00,True,e40yx52dkbjpcqazimno9yvh4k
86a9ea8d-5918-41db-99f3-4c271887ad67,34143e39-efa2-4d05-b576-ecf42c55a9a8,86a9ea8d-5918-41db-99f3-4c271887ad67,v_5272265,vendors,b0719476-de3f-45d1-9391-05c763dd3ba8,,contracts,DirectParentChild,31b9567e-2f0e-40f5-8cf3-a0bad2148999,InventoryLinking.DirectParentChildNameKey,,,2026-03-19T22:02:43.000+00:00,,2026-03-20T13:24:41.182+00:00,2026-03-20T13:26:45.747+00:00,True,e40yx52dkbjpcqazimno9yvh4k
2341c58e-db68-4d33-808f-4213422ac0fa,3c0e5809-5374-47c5-a59e-381e698236dd,2341c58e-db68-4d33-808f-4213422ac0fa,v_5534144,vendors,cc6095e9-aa33-43a5-a593-cb4a640abf23,,contracts,DirectParentChild,31b9567e-2f0e-40f5-8cf3-a0bad2148999,InventoryLinking.DirectParentChildNameKey,,,2026-03-19T22:19:42.000+00:00,,2026-03-20T13:24:48.124+00:00,2026-03-20T13:26:45.747+00:00,True,e40yx52dkbjpcqazimno9yvh4k
cf4bda4f-08e2-49ab-a0e6-c11df38a9c09,41d61ab0-0100-4ed9-adc5-f59ab2659ee7,cf4bda4f-08e2-49ab-a0e6-c11df38a9c09,v_1647455,vendors,a604a7b1-649f-43de-af47-d97d5cf73e7a,,engagements,DirectParentChild,31b9567e-2f0e-40f5-8cf3-a0bad2148999,InventoryLinking.DirectParentChildNameKey,,,2026-03-19T23:08:08.000+00:00,,2026-03-20T13:23:57.947+00:00,2026-03-20T13:26:45.747+00:00,True,e40yx52dkbjpcqazimno9yvh4k
ea83dcb5-941b-498c-a459-e15971fbbac3,429ed9d4-17e4-42c0-a91c-435f3de26d80,ea83dcb5-941b-498c-a459-e15971fbbac3,v_3316626,vendors,18048830-b3f5-4397-9bbb-c8db65dc09fe,,engagements,DirectParentChild,31b9567e-2f0e-40f5-8cf3-a0bad2148999,InventoryLinking.DirectParentChildNameKey,,,2026-03-19T22:24:59.000+00:00,,2026-03-20T13:24:43.020+00:00,2026-03-20T13:26:45.747+00:00,True,e40yx52dkbjpcqazimno9yvh4k
c70efce9-85ed-4652-9f99-0e3c8c40c0b9,44bc808f-39f0-4b65-ac62-99b1bb7fa1ac,c70efce9-85ed-4652-9f99-0e3c8c40c0b9,v_8733759,vendors,60f1be9b-58a2-4a08-a371-c501923aa917,,engagements,DirectParentChild,31b9567e-2f0e-40f5-8cf3-a0bad2148999,InventoryLinking.DirectParentChildNameKey,,,2026-03-19T23:11:10.000+00:00,,2026-03-20T13:24:39.043+00:00,2026-03-20T13:26:45.747+00:00,True,e40yx52dkbjpcqazimno9yvh4k
7bad0576-7909-4277-b607-8e8427a8b986,4ff69bb0-3c2c-4337-af7e-9605d54a1ea2,7bad0576-7909-4277-b607-8e8427a8b986,v_5597516,vendors,7cfd820b-8eb5-493d-b857-d83c2ef571a8,,contracts,DirectParentChild,31b9567e-2f0e-40f5-8cf3-a0bad2148999,InventoryLinking.DirectParentChildNameKey,,,2026-03-19T22:42:49.000+00:00,,2026-03-20T13:24:46.977+00:00,2026-03-20T13:26:45.747+00:00,True,e40yx52dkbjpcqazimno9yvh4k
41f874d7-c8d5-4379-9c40-73c1ee192a1f,52544485-4e99-4d09-b31e-a0ab15969047,41f874d7-c8d5-4379-9c40-73c1ee192a1f,v_6358592,vendors,76113a07-dd76-40de-9ab7-12880cf8cdf3,,contracts,DirectParentChild,31b9567e-2f0e-40f5-8cf3-a0bad2148999,InventoryLinking.DirectParentChildNameKey,,,2026-03-20T00:18:06.000+00:00,,2026-03-20T13:24:32.873+00:00,2026-03-20T13:26:45.747+00:00,True,e40yx52dkbjpcqazimno9yvh4k
ea83dcb5-941b-498c-a459-e15971fbbac3,61510f4a-5726-4417-af7b-67f39f34c6f3,ea83dcb5-941b-498c-a459-e15971fbbac3,v_3316626,vendors,b7f43fda-23a7-40ab-b012-e9230a0c181d,,engagements,DirectParentChild,31b9567e-2f0e-40f5-8cf3-a0bad2148999,InventoryLinking.DirectParentChildNameKey,,,2026-03-19T22:24:59.000+00:00,,2026-03-20T13:24:44.755+00:00,2026-03-20T13:26:45.747+00:00,True,e40yx52dkbjpcqazimno9yvh4k
18a0fb1b-b431-4eb7-8c68-4d6219e70fdc,63520b43-b70e-4b4c-9ebf-df59c787c0c8,18a0fb1b-b431-4eb7-8c68-4d6219e70fdc,V_5699577,vendors,818c105f-95af-4414-9d44-8e758fc1981b,,engagements,DirectParentChild,31b9567e-2f0e-40f5-8cf3-a0bad2148999,InventoryLinking.DirectParentChildNameKey,,,2026-03-19T23:31:23.000+00:00,,2026-03-20T13:24:35.824+00:00,2026-03-20T13:26:45.747+00:00,True,e40yx52dkbjpcqazimno9yvh4k
b8203e0a-a5eb-4775-b2a3-cbfa89dbebbe,720d0f2a-56b5-40d7-ad66-1f7c689267c3,b8203e0a-a5eb-4775-b2a3-cbfa89dbebbe,V_3162675,vendors,3a508162-51bb-40c3-bce0-95a65ccbd463,,contracts,DirectParentChild,31b9567e-2f0e-40f5-8cf3-a0bad2148999,InventoryLinking.DirectParentChildNameKey,,,2026-03-19T23:17:59.000+00:00,,2026-03-20T13:23:45.665+00:00,2026-03-20T13:26:45.747+00:00,True,e40yx52dkbjpcqazimno9yvh4k
a06d50be-4922-451c-9725-85874edc74b4,76dbbdc4-6151-4140-a0b7-486da86f47e6,a06d50be-4922-451c-9725-85874edc74b4,v_2666165,vendors,bc104176-3fca-472e-9105-f6043a07b5b4,,contracts,DirectParentChild,31b9567e-2f0e-40f5-8cf3-a0bad2148999,InventoryLinking.DirectParentChildNameKey,,,2026-03-19T22:31:36.000+00:00,,2026-03-20T13:23:48.022+00:00,2026-03-20T13:26:45.747+00:00,True,e40yx52dkbjpcqazimno9yvh4k
192e5f28-f96f-44f4-90c0-e32b0a311368,78c5d32e-d807-443e-b24e-0f27cb1bd69f,192e5f28-f96f-44f4-90c0-e32b0a311368,V_7764752,vendors,d961e1fd-05c8-4da8-ba01-b1c991c05f0f,,contracts,DirectParentChild,31b9567e-2f0e-40f5-8cf3-a0bad2148999,InventoryLinking.DirectParentChildNameKey,,,2026-03-19T23:10:30.000+00:00,,2026-03-20T13:24:36.622+00:00,2026-03-20T13:26:45.747+00:00,True,e40yx52dkbjpcqazimno9yvh4k
d4b61daa-8774-474f-9aa4-a126ba3a3ee1,7e623ebd-685f-4486-b2ff-660ffa1a22f2,d4b61daa-8774-474f-9aa4-a126ba3a3ee1,v1_6530282,vendors,f84fdb51-198b-43a6-ad86-9564f3b10530,,engagements,DirectParentChild,31b9567e-2f0e-40f5-8cf3-a0bad2148999,InventoryLinking.DirectParentChildNameKey,,,2026-03-19T23:00:23.000+00:00,,2026-03-20T13:24:09.573+00:00,2026-03-20T13:26:45.747+00:00,True,e40yx52dkbjpcqazimno9yvh4k
7654ce1d-86a7-4127-83ae-d89c96e55c8d,8c46c5cf-36a9-444a-b613-35ac67a1d1cf,7654ce1d-86a7-4127-83ae-d89c96e55c8d,V_3495926,vendors,aab8aba3-d5d6-4655-9147-b6cddb6e12ee,,engagements,DirectParentChild,31b9567e-2f0e-40f5-8cf3-a0bad2148999,InventoryLinking.DirectParentChildNameKey,,,2026-03-20T00:35:40.000+00:00,,2026-03-20T13:24:39.345+00:00,2026-03-20T13:26:45.747+00:00,True,e40yx52dkbjpcqazimno9yvh4k
0cb36f94-4506-4bd5-8e46-680ca0a203f4,98b65c68-eb3f-4663-83ac-9e1690c61cb7,0cb36f94-4506-4bd5-8e46-680ca0a203f4,Vendor_163_6860643,vendors,c7dfda05-1628-4f90-a200-ac8176999723,,engagements,DirectParentChild,31b9567e-2f0e-40f5-8cf3-a0bad2148999,InventoryLinking.DirectParentChildNameKey,,,2026-03-20T03:28:32.000+00:00,,2026-03-20T13:24:58.594+00:00,2026-03-20T13:26:45.747+00:00,True,e40yx52dkbjpcqazimno9yvh4k
53d65b93-0773-4c50-a879-2623256ed89a,9a9db6ed-5185-4486-870c-990596467777,53d65b93-0773-4c50-a879-2623256ed89a,V_8829184,vendors,a4a27b1b-4018-4ead-818c-0dc2ed4f08a0,,engagements,DirectParentChild,31b9567e-2f0e-40f5-8cf3-a0bad2148999,InventoryLinking.DirectParentChildNameKey,,,2026-03-19T22:26:01.000+00:00,,2026-03-20T13:24:38.863+00:00,2026-03-20T13:26:45.747+00:00,True,e40yx52dkbjpcqazimno9yvh4k
7a466e96-48df-4de8-8857-4f5ea483e776,9ccaa4d8-8a8e-433e-b423-9c5e2120f492,7a466e96-48df-4de8-8857-4f5ea483e776,v1_6977134,vendors,d3e74098-6e22-48d9-ab79-d6ef98b7d66f,,engagements,DirectParentChild,31b9567e-2f0e-40f5-8cf3-a0bad2148999,InventoryLinking.DirectParentChildNameKey,,,2026-03-20T00:32:36.000+00:00,,2026-03-20T13:24:22.390+00:00,2026-03-20T13:26:45.747+00:00,True,e40yx52dkbjpcqazimno9yvh4k
3c686ec4-6a49-4c91-9cd1-53634de5f066,9cecf290-1bf0-4b97-afb3-359ed39f4f2b,3c686ec4-6a49-4c91-9cd1-53634de5f066,v_1_nxguwml,vendors,7c2230d8-e816-45cf-a178-3db09a9ec0e5,,engagements,DirectParentChild,31b9567e-2f0e-40f5-8cf3-a0bad2148999,InventoryLinking.DirectParentChildNameKey,,,2026-03-19T22:46:18.000+00:00,,2026-03-20T13:24:08.831+00:00,2026-03-20T13:26:45.747+00:00,True,e40yx52dkbjpcqazimno9yvh4k
5f5866cb-7637-4478-ac45-d22a3cfce9d1,9ef25ec6-dd46-4e38-97ac-15c859695fe9,5f5866cb-7637-4478-ac45-d22a3cfce9d1,v1_9482368,vendors,224ba2d0-f8fc-4d93-8fa6-d08e467632ff,,engagements,DirectParentChild,31b9567e-2f0e-40f5-8cf3-a0bad2148999,InventoryLinking.DirectParentChildNameKey,,,2026-03-19T23:18:54.000+00:00,,2026-03-20T13:24:38.475+00:00,2026-03-20T13:26:45.747+00:00,True,e40yx52dkbjpcqazimno9yvh4k
18a0fb1b-b431-4eb7-8c68-4d6219e70fdc,b10ae28c-6a85-4531-bbf7-96db503cc61d,18a0fb1b-b431-4eb7-8c68-4d6219e70fdc,V_5699577,vendors,b2439287-97ff-4b28-acb2-06f100d146d8,,engagements,DirectParentChild,31b9567e-2f0e-40f5-8cf3-a0bad2148999,InventoryLinking.DirectParentChildNameKey,,,2026-03-19T23:31:25.000+00:00,,2026-03-20T13:24:34.719+00:00,2026-03-20T13:26:45.747+00:00,True,e40yx52dkbjpcqazimno9yvh4k
ea83dcb5-941b-498c-a459-e15971fbbac3,b3ddde78-f5f5-4a28-9e24-67f12770a98c,ea83dcb5-941b-498c-a459-e15971fbbac3,v_3316626,vendors,e591c18d-f2b2-4db2-ac2a-7700da9cdf30,,engagements,DirectParentChild,31b9567e-2f0e-40f5-8cf3-a0bad2148999,InventoryLinking.DirectParentChildNameKey,,,2026-03-19T22:29:44.000+00:00,,2026-03-20T13:24:43.561+00:00,2026-03-20T13:26:45.747+00:00,True,e40yx52dkbjpcqazimno9yvh4k
324fdec3-c051-4588-a8df-fe34e6dcf61f,b87a2789-9466-4abd-8705-59010de58573,324fdec3-c051-4588-a8df-fe34e6dcf61f,v_9109512,vendors,c14760b2-1ea6-49f1-a23d-7d6cdced81e7,,contracts,DirectParentChild,31b9567e-2f0e-40f5-8cf3-a0bad2148999,InventoryLinking.DirectParentChildNameKey,,,2026-03-20T01:03:20.000+00:00,,2026-03-20T13:24:12.679+00:00,2026-03-20T13:26:45.747+00:00,True,e40yx52dkbjpcqazimno9yvh4k
09a35d0d-824c-45d8-87ec-aa3d2efab734,ba0c18a5-2a0a-4565-b74a-995da4e2d039,09a35d0d-824c-45d8-87ec-aa3d2efab734,V_1410305,vendors,bc6c1894-d43e-4ff3-b5f6-0c76bb3b627d,,engagements,DirectParentChild,31b9567e-2f0e-40f5-8cf3-a0bad2148999,InventoryLinking.DirectParentChildNameKey,,,2026-03-19T23:00:23.000+00:00,,2026-03-20T13:23:59.632+00:00,2026-03-20T13:26:45.747+00:00,True,e40yx52dkbjpcqazimno9yvh4k
3775baab-6daa-41cc-87f3-2ffa57c65c8c,bce791b8-adbc-459d-9667-4c6d8e6399bf,3775baab-6daa-41cc-87f3-2ffa57c65c8c,Vendor_176_8935172,vendors,52d04e49-eaa5-4c1b-93fe-85a1ef98623b,,engagements,DirectParentChild,31b9567e-2f0e-40f5-8cf3-a0bad2148999,InventoryLinking.DirectParentChildNameKey,,,2026-03-19T16:24:19.000+00:00,,2026-03-20T13:24:59.274+00:00,2026-03-20T13:26:45.747+00:00,True,e40yx52dkbjpcqazimno9yvh4k
0b9a3ff2-a7ef-4646-9848-2f95d8918c62,c6f775bc-5cff-406f-bde1-dddb0e006e2a,0b9a3ff2-a7ef-4646-9848-2f95d8918c62,V_3749436,vendors,6c31933e-68c4-4c8b-9379-f65f9adfa1e9,,contracts,DirectParentChild,31b9567e-2f0e-40f5-8cf3-a0bad2148999,InventoryLinking.DirectParentChildNameKey,,,2026-03-19T23:57:38.000+00:00,,2026-03-20T13:24:39.999+00:00,2026-03-20T13:26:45.747+00:00,True,e40yx52dkbjpcqazimno9yvh4k
86a9ea8d-5918-41db-99f3-4c271887ad67,ddc1e696-cbb0-41c0-8b06-fc74c9da55e7,86a9ea8d-5918-41db-99f3-4c271887ad67,v_5272265,vendors,c8ab4975-dd9e-4e23-9fef-049e7bc51e45,,engagements,DirectParentChild,31b9567e-2f0e-40f5-8cf3-a0bad2148999,InventoryLinking.DirectParentChildNameKey,,,2026-03-19T22:02:43.000+00:00,,2026-03-20T13:24:41.703+00:00,2026-03-20T13:26:45.747+00:00,True,e40yx52dkbjpcqazimno9yvh4k
a06d50be-4922-451c-9725-85874edc74b4,e88cc2e9-25b6-477d-9613-2893d9c60838,a06d50be-4922-451c-9725-85874edc74b4,v_2666165,vendors,9d5d11a5-88ab-4a79-8d76-b939b4e0a8d7,,engagements,DirectParentChild,31b9567e-2f0e-40f5-8cf3-a0bad2148999,InventoryLinking.DirectParentChildNameKey,,,2026-03-19T22:31:35.000+00:00,,2026-03-20T13:23:47.370+00:00,2026-03-20T13:26:45.747+00:00,True,e40yx52dkbjpcqazimno9yvh4k
30d130b7-b9aa-4ad1-92ad-cd643e315805,ec3197bf-97d7-470f-bc69-60caf64e585b,30d130b7-b9aa-4ad1-92ad-cd643e315805,V1_4221435,vendors,8adbe357-63e3-4979-bae7-a0100232656b,,engagements,DirectParentChild,31b9567e-2f0e-40f5-8cf3-a0bad2148999,InventoryLinking.DirectParentChildNameKey,,,2026-03-19T23:27:32.000+00:00,,2026-03-20T13:24:33.521+00:00,2026-03-20T13:26:45.747+00:00,True,e40yx52dkbjpcqazimno9yvh4k
f056945f-d31b-4245-9471-b9577afa99f3,ec4f3cdd-91ae-4b98-bcbb-beb32d84e188,f056945f-d31b-4245-9471-b9577afa99f3,v_5993072,vendors,7ddce519-f178-49b1-8348-b163c9d2ce27,,contracts,DirectParentChild,31b9567e-2f0e-40f5-8cf3-a0bad2148999,InventoryLinking.DirectParentChildNameKey,,,2026-03-19T22:18:45.000+00:00,,2026-03-20T13:24:20.425+00:00,2026-03-20T13:26:45.747+00:00,True,e40yx52dkbjpcqazimno9yvh4k
d4b61daa-8774-474f-9aa4-a126ba3a3ee1,f137a769-baa5-40d8-ae4f-ddc066e902b7,d4b61daa-8774-474f-9aa4-a126ba3a3ee1,v1_6530282,vendors,f2946d94-923d-4a7c-9a3a-578483333951,,engagements,DirectParentChild,31b9567e-2f0e-40f5-8cf3-a0bad2148999,InventoryLinking.DirectParentChildNameKey,,,2026-03-19T23:03:43.000+00:00,,2026-03-20T13:24:10.805+00:00,2026-03-20T13:26:45.747+00:00,True,e40yx52dkbjpcqazimno9yvh4k
324fdec3-c051-4588-a8df-fe34e6dcf61f,f1e13319-5837-42d7-94f5-361af4f0f1a8,324fdec3-c051-4588-a8df-fe34e6dcf61f,v_9109512,vendors,9f520baf-c26d-46e6-b72d-e53d81f667d7,,engagements,DirectParentChild,31b9567e-2f0e-40f5-8cf3-a0bad2148999,InventoryLinking.DirectParentChildNameKey,,,2026-03-20T01:03:14.000+00:00,,2026-03-20T13:24:12.464+00:00,2026-03-20T13:26:45.747+00:00,True,e40yx52dkbjpcqazimno9yvh4k
ea83dcb5-941b-498c-a459-e15971fbbac3,f41a9dbf-a686-429a-a0c7-911f47183a50,ea83dcb5-941b-498c-a459-e15971fbbac3,v_3316626,vendors,87d14b17-343f-4ef0-be76-87ecdd022c7d,,engagements,DirectParentChild,31b9567e-2f0e-40f5-8cf3-a0bad2148999,InventoryLinking.DirectParentChildNameKey,,,2026-03-19T22:29:45.000+00:00,,2026-03-20T13:24:46.308+00:00,2026-03-20T13:26:45.747+00:00,True,e40yx52dkbjpcqazimno9yvh4k
81659868-b0fd-4c5e-a1d1-4169cd3f5df9,1eb85de8-b285-4a93-9ff4-ad024298159b,81659868-b0fd-4c5e-a1d1-4169cd3f5df9,V_3197444,vendors,a2aa9a46-084d-4852-90ae-858b56798b61,,contracts,DirectParentChild,31b9567e-2f0e-40f5-8cf3-a0bad2148999,InventoryLinking.DirectParentChildNameKey,,,2026-03-19T22:15:30.000+00:00,,2026-03-20T13:23:43.787+00:00,2026-03-20T13:25:08.025+00:00,True,e40yx52dkbjpcqazimno9yvh4k
81659868-b0fd-4c5e-a1d1-4169cd3f5df9,b994d99e-1cfd-4bca-aff5-ea2b314ef38f,81659868-b0fd-4c5e-a1d1-4169cd3f5df9,V_3197444,vendors,1882d26a-1c9c-45dd-ad45-c597ee313349,,engagements,DirectParentChild,31b9567e-2f0e-40f5-8cf3-a0bad2148999,InventoryLinking.DirectParentChildNameKey,,,2026-03-19T22:15:30.000+00:00,,2026-03-20T13:23:44.378+00:00,2026-03-20T13:25:08.025+00:00,True,e40yx52dkbjpcqazimno9yvh4k
e41ce521-638c-40ab-94bc-d44da314fc5d,bba1e693-8256-4b42-bf60-d3035ed86940,e41ce521-638c-40ab-94bc-d44da314fc5d,v_2_nxguwml,vendors,70259704-df4c-413c-b99b-d6469e69afc3,,engagements,DirectParentChild,31b9567e-2f0e-40f5-8cf3-a0bad2148999,InventoryLinking.DirectParentChildNameKey,,,2026-03-19T22:46:23.000+00:00,,2026-03-20T13:23:42.031+00:00,2026-03-20T13:25:08.025+00:00,True,e40yx52dkbjpcqazimno9yvh4k
7aa99bb8-36a2-48bc-b805-526beb4a7abf,46116a2a-577c-4d48-b901-08d22a9c77f8,7aa99bb8-36a2-48bc-b805-526beb4a7abf,Vendor_2462421,vendors,59812329-7f23-46b1-8914-6e7303488b36,,engagements,DirectParentChild,31b9567e-2f0e-40f5-8cf3-a0bad2148999,InventoryLinking.DirectParentChildNameKey,,,2026-03-19T22:08:13.000+00:00,,2026-03-19T22:10:23.301+00:00,2026-03-19T22:23:28.174+00:00,True,e40yx52dkbjpcqazimno9yvh4k
11be8b56-e2ca-4639-a43b-48d802efe0c3,5b790311-8865-4472-b8f2-7b016e0a158a,11be8b56-e2ca-4639-a43b-48d802efe0c3,v_834821,vendors,ac4f4c88-6c93-4e3f-b08c-b676851d03ba,,engagements,DirectParentChild,31b9567e-2f0e-40f5-8cf3-a0bad2148999,InventoryLinking.DirectParentChildNameKey,,,2026-03-19T22:17:45.000+00:00,,2026-03-19T22:17:45.466+00:00,2026-03-19T22:23:28.174+00:00,False,e40yx52dkbjpcqazimno9yvh4k
cab17af2-f164-4d2c-a7bd-9123074fe2c9,a0672a75-338c-4561-b5f2-bc07a9d8946a,cab17af2-f164-4d2c-a7bd-9123074fe2c9,Vendor_9885679,vendors,127b4155-30f3-4bc7-b87c-52707c25509a,,engagements,DirectParentChild,31b9567e-2f0e-40f5-8cf3-a0bad2148999,InventoryLinking.DirectParentChildNameKey,,,2026-03-19T22:02:11.000+00:00,,2026-03-19T22:18:45.776+00:00,2026-03-19T22:23:28.174+00:00,True,e40yx52dkbjpcqazimno9yvh4k
8838cd73-2eff-4615-85aa-37c6ca708fcc,482a68a2-435a-420d-a424-c908e0d34b25,8838cd73-2eff-4615-85aa-37c6ca708fcc,v_6128022,vendors,0c32a7a7-b3be-41d1-a096-d20d91b8e0b7,,engagements,DirectParentChild,31b9567e-2f0e-40f5-8cf3-a0bad2148999,InventoryLinking.DirectParentChildNameKey,,,2026-03-19T22:04:06.000+00:00,,2026-03-19T22:04:06.214+00:00,2026-03-19T22:18:29.802+00:00,False,e40yx52dkbjpcqazimno9yvh4k
09592db8-7cbb-40be-83b8-516bf248e003,593df492-d57f-4336-9ea6-f0663717e83a,09592db8-7cbb-40be-83b8-516bf248e003,,,ef4d331f-6fdd-4c52-a9e8-47b54f9f58d2,,,DirectParentChild,31b9567e-2f0e-40f5-8cf3-a0bad2148999,InventoryLinking.DirectParentChildNameKey,,,,,2026-03-19T22:48:47.330+00:00,2026-03-19T22:52:17.747+00:00,True,e40yx52dkbjpcqazimno9yvh4k
732d9267-7c66-41c2-a0f8-10c480e84f06,adf69cf5-b702-4156-a44a-d82ba216fe74,732d9267-7c66-41c2-a0f8-10c480e84f06,v_9641541,vendors,16ccc798-2241-4c36-be6e-38562a3bfcda,,engagements,DirectParentChild,31b9567e-2f0e-40f5-8cf3-a0bad2148999,InventoryLinking.DirectParentChildNameKey,,,2026-03-19T22:40:24.000+00:00,,2026-03-19T22:47:12.642+00:00,2026-03-19T22:52:17.747+00:00,True,e40yx52dkbjpcqazimno9yvh4k
8acb1b5f-6b0b-43d3-bbda-2c4d41a4cf4d,9abe83b5-884e-4017-b73f-148605bad960,8acb1b5f-6b0b-43d3-bbda-2c4d41a4cf4d,v1_6579174,vendors,a853a857-70ca-4540-a53d-5198e0446bcd,,contracts,DirectParentChild,31b9567e-2f0e-40f5-8cf3-a0bad2148999,InventoryLinking.DirectParentChildNameKey,,,2026-03-19T22:41:10.000+00:00,,2026-03-19T22:43:12.556+00:00,2026-03-19T22:49:14.700+00:00,True,e40yx52dkbjpcqazimno9yvh4k
8acb1b5f-6b0b-43d3-bbda-2c4d41a4cf4d,a1216b2e-443b-4f55-8a46-1bbbbfc2a811,8acb1b5f-6b0b-43d3-bbda-2c4d41a4cf4d,v1_6579174,vendors,b79e1b88-dfb8-4734-b939-ef84bfac421f,,engagements,DirectParentChild,31b9567e-2f0e-40f5-8cf3-a0bad2148999,InventoryLinking.DirectParentChildNameKey,,,2026-03-19T22:41:10.000+00:00,,2026-03-19T22:43:11.344+00:00,2026-03-19T22:49:14.700+00:00,True,e40yx52dkbjpcqazimno9yvh4k
20e81b3c-4e01-4ad1-bc47-10743eabf06f,3c58512d-ca68-472a-b5d7-3563d963aac4,20e81b3c-4e01-4ad1-bc47-10743eabf06f,Vendor9_2953109,vendors,a3f499da-e095-4cac-b98c-e03c395d0e3b,,contracts,DirectParentChild,31b9567e-2f0e-40f5-8cf3-a0bad2148999,InventoryLinking.DirectParentChildNameKey,,,2026-03-19T23:20:52.000+00:00,,2026-03-19T23:22:03.686+00:00,2026-03-19T23:26:33.437+00:00,True,e40yx52dkbjpcqazimno9yvh4k
aa9e953d-eecc-438a-a477-74bb85c58d6a,97bca90e-4e63-4e5e-b071-ecf7c2e76198,aa9e953d-eecc-438a-a477-74bb85c58d6a,,,dd78551f-b181-4647-be30-676717c5cdc9,,,DirectParentChild,31b9567e-2f0e-40f5-8cf3-a0bad2148999,InventoryLinking.DirectParentChildNameKey,,,,,2026-03-19T23:19:38.890+00:00,2026-03-19T23:24:11.767+00:00,True,e40yx52dkbjpcqazimno9yvh4k
9af02504-1d95-4795-8f7d-d4bc305d9562,d40d61d7-e3fc-4eb6-902c-9242d7abe984,9af02504-1d95-4795-8f7d-d4bc305d9562,,,0cd80644-06e1-4638-b85a-608638e25d46,,,DirectParentChild,31b9567e-2f0e-40f5-8cf3-a0bad2148999,InventoryLinking.DirectParentChildNameKey,,,,,2026-03-19T23:20:51.738+00:00,2026-03-19T23:24:11.767+00:00,True,e40yx52dkbjpcqazimno9yvh4k
cd77bf42-3cbd-4e36-8909-c74ba11376c5,e3e463bb-f8f5-4d81-89f6-93a8bf2872d9,cd77bf42-3cbd-4e36-8909-c74ba11376c5,Vendor6_2953109,vendors,b02215a1-5984-41c4-9b5f-ebbb3dc1cc9e,,contracts,DirectParentChild,31b9567e-2f0e-40f5-8cf3-a0bad2148999,InventoryLinking.DirectParentChildNameKey,,,2026-03-19T23:17:15.000+00:00,,2026-03-19T23:18:25.756+00:00,2026-03-19T23:24:11.767+00:00,True,e40yx52dkbjpcqazimno9yvh4k
4b6f8374-772a-4d96-aca5-edaf143130da,05e25280-4822-457b-aef4-ce1174a6dae7,4b6f8374-772a-4d96-aca5-edaf143130da,Vendor3_2953109,vendors,cf086e77-0040-46c0-82a7-262faf8e3b70,,contracts,DirectParentChild,31b9567e-2f0e-40f5-8cf3-a0bad2148999,InventoryLinking.DirectParentChildNameKey,,,2026-03-19T23:13:35.000+00:00,,2026-03-19T23:14:46.931+00:00,2026-03-19T23:21:15.296+00:00,True,e40yx52dkbjpcqazimno9yvh4k
8f9d6108-c509-4831-a32c-334985b4d4b2,895b262c-7d44-436e-9d3a-3bbb8a6e50e6,8f9d6108-c509-4831-a32c-334985b4d4b2,,,24feb7e9-dd46-4962-8e82-5530f2eaf250,,,DirectParentChild,31b9567e-2f0e-40f5-8cf3-a0bad2148999,InventoryLinking.DirectParentChildNameKey,,,,,2026-03-19T23:16:00.690+00:00,2026-03-19T23:21:15.296+00:00,True,e40yx52dkbjpcqazimno9yvh4k
7683a37a-85aa-4a5e-9cf5-7639c7dd3c0e,d18ffb01-ab93-4ebe-a295-5a21bd1dc09d,7683a37a-85aa-4a5e-9cf5-7639c7dd3c0e,,,9583a404-ec28-422c-a6e7-6c0a998ad564,,,DirectParentChild,31b9567e-2f0e-40f5-8cf3-a0bad2148999,InventoryLinking.DirectParentChildNameKey,,,,,2026-03-19T23:17:13.390+00:00,2026-03-19T23:21:15.296+00:00,True,e40yx52dkbjpcqazimno9yvh4k
c025ee8d-3aca-424a-a070-d8a9ba9ed343,098cafa5-eb6f-4f95-857b-0564ed790ae8,c025ee8d-3aca-424a-a070-d8a9ba9ed343,,,eb648cc7-282f-4a65-b8ca-ca5c577b562f,,,DirectParentChild,31b9567e-2f0e-40f5-8cf3-a0bad2148999,InventoryLinking.DirectParentChildNameKey,,,,,2026-03-19T23:12:38.486+00:00,2026-03-19T23:17:13.200+00:00,True,e40yx52dkbjpcqazimno9yvh4k
2e75da3e-acdd-481d-a8f3-e88326f9b623,822e948b-3385-4c3e-80ad-a03413c69057,2e75da3e-acdd-481d-a8f3-e88326f9b623,,,becacdef-1c72-492d-b0c5-9ccb85373e5a,,,DirectParentChild,31b9567e-2f0e-40f5-8cf3-a0bad2148999,InventoryLinking.DirectParentChildNameKey,,,,,2026-03-19T23:13:33.348+00:00,2026-03-19T23:17:13.200+00:00,True,e40yx52dkbjpcqazimno9yvh4k
07cb31f0-a26f-4d4b-8c15-3c8c9a94e972,10b4834f-5df5-46b2-a58a-0047f17af961,07cb31f0-a26f-4d4b-8c15-3c8c9a94e972,,,72830727-4134-4769-b16f-3a93657aad21,,,DirectParentChild,31b9567e-2f0e-40f5-8cf3-a0bad2148999,InventoryLinking.DirectParentChildNameKey,,,,,2026-03-20T00:16:47.558+00:00,2026-03-20T00:29:56.555+00:00,True,e40yx52dkbjpcqazimno9yvh4k
649107d3-4ec6-4151-bd0f-8c83f0902189,197a5b92-de68-4926-85c3-39e100cb4695,649107d3-4ec6-4151-bd0f-8c83f0902189,v_8043096,vendors,5d81427c-7fbd-4b84-b868-32bdbe732b44,,engagements,DirectParentChild,31b9567e-2f0e-40f5-8cf3-a0bad2148999,InventoryLinking.DirectParentChildNameKey,,,2026-03-20T00:04:06.000+00:00,,2026-03-20T00:09:49.724+00:00,2026-03-20T00:29:56.555+00:00,True,e40yx52dkbjpcqazimno9yvh4k
0ccbce8b-cde4-41e8-ba2b-abf1c03a6d1c,5c177b77-216d-4acf-ab08-a76e5fbb2f99,0ccbce8b-cde4-41e8-ba2b-abf1c03a6d1c,,,97eadd5d-8049-4c4b-bc2e-05c57319ec11,,,DirectParentChild,31b9567e-2f0e-40f5-8cf3-a0bad2148999,InventoryLinking.DirectParentChildNameKey,,,,,2026-03-20T00:23:47.520+00:00,2026-03-20T00:29:56.555+00:00,True,e40yx52dkbjpcqazimno9yvh4k
07cb31f0-a26f-4d4b-8c15-3c8c9a94e972,922230ff-c990-4c7b-8e9a-943546575742,07cb31f0-a26f-4d4b-8c15-3c8c9a94e972,,,b34660ed-0323-47e1-b899-470a7a2d2e37,,,DirectParentChild,31b9567e-2f0e-40f5-8cf3-a0bad2148999,InventoryLinking.DirectParentChildNameKey,,,,,2026-03-20T00:16:47.623+00:00,2026-03-20T00:29:56.555+00:00,True,e40yx52dkbjpcqazimno9yvh4k
07cb31f0-a26f-4d4b-8c15-3c8c9a94e972,93f019f9-2b3e-4f44-bee0-b8031359bf68,07cb31f0-a26f-4d4b-8c15-3c8c9a94e972,,,32393c89-6541-44dd-ac93-3a666a95c023,,,DirectParentChild,31b9567e-2f0e-40f5-8cf3-a0bad2148999,InventoryLinking.DirectParentChildNameKey,,,,,2026-03-20T00:16:47.692+00:00,2026-03-20T00:29:56.555+00:00,True,e40yx52dkbjpcqazimno9yvh4k
0ccbce8b-cde4-41e8-ba2b-abf1c03a6d1c,c8f23aac-491f-489c-b397-6a48faa321a6,0ccbce8b-cde4-41e8-ba2b-abf1c03a6d1c,,,89dfd495-8a84-4fa0-ab58-6f32d63b3e92,,,DirectParentChild,31b9567e-2f0e-40f5-8cf3-a0bad2148999,InventoryLinking.DirectParentChildNameKey,,,,,2026-03-20T00:23:47.712+00:00,2026-03-20T00:29:56.555+00:00,True,e40yx52dkbjpcqazimno9yvh4k
07cb31f0-a26f-4d4b-8c15-3c8c9a94e972,edb6aa92-75da-4d6d-a5d5-d071420f1eb9,07cb31f0-a26f-4d4b-8c15-3c8c9a94e972,,,6b51eef3-6770-475e-8c6e-290ee2eb8a15,,,DirectParentChild,31b9567e-2f0e-40f5-8cf3-a0bad2148999,InventoryLinking.DirectParentChildNameKey,,,,,2026-03-20T00:16:47.764+00:00,2026-03-20T00:29:56.555+00:00,True,e40yx52dkbjpcqazimno9yvh4k
83f2749b-7751-4268-8f20-d398596d335e,280fca5c-304b-4263-aa35-b3fc172ecbe3,83f2749b-7751-4268-8f20-d398596d335e,V_2091956,vendors,37368fb6-5504-4579-8508-f73f6b69eba8,,contracts,DirectParentChild,31b9567e-2f0e-40f5-8cf3-a0bad2148999,InventoryLinking.DirectParentChildNameKey,,,2026-03-20T00:02:22.000+00:00,,2026-03-20T00:03:37.947+00:00,2026-03-20T00:24:42.549+00:00,True,e40yx52dkbjpcqazimno9yvh4k
f5795c10-f128-414d-90f2-28db5ccea590,79146bef-dacc-47d2-8cbd-02b912e15296,f5795c10-f128-414d-90f2-28db5ccea590,,,fc652f8f-d63a-4f22-a913-8c1471e18292,,,DirectParentChild,31b9567e-2f0e-40f5-8cf3-a0bad2148999,InventoryLinking.DirectParentChildNameKey,,,,,2026-03-20T00:06:46.984+00:00,2026-03-20T00:24:42.549+00:00,True,e40yx52dkbjpcqazimno9yvh4k
396565b9-97f9-40a9-8696-30b553815e03,7466ae13-23cc-4766-b04d-ca40dad892df,396565b9-97f9-40a9-8696-30b553815e03,,,a00ed6a6-cbca-4daa-9208-3d35ee2f2723,,,DirectParentChild,31b9567e-2f0e-40f5-8cf3-a0bad2148999,InventoryLinking.DirectParentChildNameKey,,,,,2026-03-19T16:26:52.228+00:00,2026-03-19T16:33:16.949+00:00,True,e40yx52dkbjpcqazimno9yvh4k
396565b9-97f9-40a9-8696-30b553815e03,d594f567-f9c0-4583-948a-a4b0e952f927,396565b9-97f9-40a9-8696-30b553815e03,,,5a5a5a42-227f-4623-8703-6317ca0012fd,,,DirectParentChild,31b9567e-2f0e-40f5-8cf3-a0bad2148999,InventoryLinking.DirectParentChildNameKey,,,,,2026-03-19T16:26:52.131+00:00,2026-03-19T16:33:16.949+00:00,True,e40yx52dkbjpcqazimno9yvh4k
31458e34-782c-4f87-8449-48244fe652c5,bc5f8308-579d-4af9-8c1a-1f7839f1619d,31458e34-782c-4f87-8449-48244fe652c5,,,b52490cb-e264-4c73-a4be-e414a1a5b547,,,DirectParentChild,31b9567e-2f0e-40f5-8cf3-a0bad2148999,InventoryLinking.DirectParentChildNameKey,,,,,2026-03-19T22:27:11.739+00:00,2026-03-19T22:33:16.579+00:00,True,e40yx52dkbjpcqazimno9yvh4k
31458e34-782c-4f87-8449-48244fe652c5,d903769c-bf5a-43f6-acc0-d1fbe19424e6,31458e34-782c-4f87-8449-48244fe652c5,,,fe441c7f-30d1-4259-8b60-fd3a0e917afc,,,DirectParentChild,31b9567e-2f0e-40f5-8cf3-a0bad2148999,InventoryLinking.DirectParentChildNameKey,,,,,2026-03-19T22:27:22.107+00:00,2026-03-19T22:33:16.579+00:00,True,e40yx52dkbjpcqazimno9yvh4k
4c205a14-bfae-489c-89d6-9418d4a8270e,1a1b22c2-6732-47b3-aa07-8aea83c231d4,4c205a14-bfae-489c-89d6-9418d4a8270e,,,3f9bf243-47c2-4dc3-9e25-d257329ee4c8,,,DirectParentChild,31b9567e-2f0e-40f5-8cf3-a0bad2148999,InventoryLinking.DirectParentChildNameKey,,,,,2026-03-19T23:33:46.646+00:00,2026-03-19T23:36:40.103+00:00,True,e40yx52dkbjpcqazimno9yvh4k
30a4a549-6b67-4d1b-911c-f16a31d6759c,5e7ed74f-462a-4fb7-b2e8-c6a44dc39571,30a4a549-6b67-4d1b-911c-f16a31d6759c,,,35752d2a-e964-45e5-a095-67efdfbf58b5,,,DirectParentChild,31b9567e-2f0e-40f5-8cf3-a0bad2148999,InventoryLinking.DirectParentChildNameKey,,,,,2026-03-19T23:07:32.363+00:00,2026-03-19T23:13:09.649+00:00,True,e40yx52dkbjpcqazimno9yvh4k
4a084dc5-2cf2-4ce2-8a5c-cb14d9ec5a81,ae38669a-415e-436a-9c18-024a0f11eaff,4a084dc5-2cf2-4ce2-8a5c-cb14d9ec5a81,,,53edf0b7-71bb-4589-a582-22d9a9d69ebb,,,DirectParentChild,31b9567e-2f0e-40f5-8cf3-a0bad2148999,InventoryLinking.DirectParentChildNameKey,,,,,2026-03-20T00:30:40.798+00:00,2026-03-20T00:38:36.836+00:00,True,e40yx52dkbjpcqazimno9yvh4k
b80d57c9-69fe-402a-a314-4a6eaf12f23e,2c6fc918-f77b-4a6d-a238-c1641a3ad00b,b80d57c9-69fe-402a-a314-4a6eaf12f23e,v_7724214,vendors,d88a116a-5fd9-4309-8ee3-16b38716fd00,,contracts,DirectParentChild,31b9567e-2f0e-40f5-8cf3-a0bad2148999,InventoryLinking.DirectParentChildNameKey,,,2026-03-19T22:54:33.000+00:00,,2026-03-19T22:56:44.421+00:00,2026-03-19T23:04:14.913+00:00,True,e40yx52dkbjpcqazimno9yvh4k
60769696-dd64-4a6d-8118-90318481cf5f,2fd92b93-32e7-4e99-9785-01b20170f216,60769696-dd64-4a6d-8118-90318481cf5f,,,6c2b26d5-8fc6-4139-8cbd-b1aef0376ed6,,,DirectParentChild,31b9567e-2f0e-40f5-8cf3-a0bad2148999,InventoryLinking.DirectParentChildNameKey,,,,,2026-03-19T22:55:00.517+00:00,2026-03-19T23:00:17.967+00:00,True,e40yx52dkbjpcqazimno9yvh4k
60769696-dd64-4a6d-8118-90318481cf5f,62f644bd-984a-445d-ad01-df6cd7b823e3,60769696-dd64-4a6d-8118-90318481cf5f,,,5cdf98cb-b21c-4fc1-96f8-b93f7dffb1e2,,,DirectParentChild,31b9567e-2f0e-40f5-8cf3-a0bad2148999,InventoryLinking.DirectParentChildNameKey,,,,,2026-03-19T22:55:00.692+00:00,2026-03-19T23:00:17.967+00:00,True,e40yx52dkbjpcqazimno9yvh4k
a7e9b8bd-7d4b-4e7a-a820-e7cfe882eb12,08cd09cf-b3bd-47b8-9c5f-e8c16869ae9e,a7e9b8bd-7d4b-4e7a-a820-e7cfe882eb12,vendor_1_4343_9429072,vendors,405fdce0-e75c-4580-8d37-f376324c9fa2,,contracts,DirectParentChild,31b9567e-2f0e-40f5-8cf3-a0bad2148999,InventoryLinking.DirectParentChildNameKey,,,2026-03-19T23:49:32.000+00:00,,2026-03-19T23:51:04.440+00:00,2026-03-19T23:56:42.323+00:00,True,e40yx52dkbjpcqazimno9yvh4k
a7e9b8bd-7d4b-4e7a-a820-e7cfe882eb12,7a2fdf8f-e36a-428c-b21f-9a25eda95a4c,a7e9b8bd-7d4b-4e7a-a820-e7cfe882eb12,,,7842d6b8-6338-428f-8ebb-9a5621019fd1,,,DirectParentChild,31b9567e-2f0e-40f5-8cf3-a0bad2148999,InventoryLinking.DirectParentChildNameKey,,,,,2026-03-19T23:52:56.138+00:00,2026-03-19T23:56:42.323+00:00,True,e40yx52dkbjpcqazimno9yvh4k
e0812469-7114-4ba6-9913-b20fb9fabb8b,b44209f0-5f52-4850-aba5-cf8274dd0616,e0812469-7114-4ba6-9913-b20fb9fabb8b,,,8b329e38-c04f-4232-b9f9-987886df0558,,,DirectParentChild,31b9567e-2f0e-40f5-8cf3-a0bad2148999,InventoryLinking.DirectParentChildNameKey,,,,,2026-03-19T23:38:14.993+00:00,2026-03-19T23:43:41.636+00:00,True,e40yx52dkbjpcqazimno9yvh4k
bfbd1902-89e3-4b1b-bb8e-18ab4c141c01,dc9503a3-a045-462e-a1a8-8fcce2872760,bfbd1902-89e3-4b1b-bb8e-18ab4c141c01,,,8fdb3469-cde0-49bf-a8e0-95c38c79a92e,,,DirectParentChild,31b9567e-2f0e-40f5-8cf3-a0bad2148999,InventoryLinking.DirectParentChildNameKey,,,,,2026-03-19T23:39:54.948+00:00,2026-03-19T23:43:41.636+00:00,True,e40yx52dkbjpcqazimno9yvh4k
4f4381c0-4f97-4a0f-a38d-9571bb01acc3,13ac10d0-9b17-4d5a-8b43-e3002694b261,4f4381c0-4f97-4a0f-a38d-9571bb01acc3,Vendor_163_6083613,vendors,f61be4bb-6504-403f-bb3a-b1824bfd061c,,engagements,DirectParentChild,31b9567e-2f0e-40f5-8cf3-a0bad2148999,InventoryLinking.DirectParentChildNameKey,,,2026-03-24T12:15:28.000+00:00,,2026-03-24T12:57:17.325+00:00,2026-03-24T13:06:43.182+00:00,True,e40yx52dkbjpcqazimno9yvh4k
f72c5246-d3f4-4e7b-9207-67aa9da52fe3,41c9216e-063b-4d5e-b6dc-d7bc5d0971b9,f72c5246-d3f4-4e7b-9207-67aa9da52fe3,Vendor_163_5698854,vendors,f11c3fee-4aa2-46c2-b601-2eb0bbffe9ab,,engagements,DirectParentChild,31b9567e-2f0e-40f5-8cf3-a0bad2148999,InventoryLinking.DirectParentChildNameKey,,,2026-03-24T12:08:55.000+00:00,,2026-03-24T12:57:17.180+00:00,2026-03-24T13:06:43.182+00:00,True,e40yx52dkbjpcqazimno9yvh4k
13bcf36a-f213-4e07-88c2-18dca2ad2c5d,8c29cf53-3acd-4ecf-ac21-2590719405b9,13bcf36a-f213-4e07-88c2-18dca2ad2c5d,,,464b72dd-6f6f-4d59-a81d-3f99c2e00473,,,DirectParentChild,31b9567e-2f0e-40f5-8cf3-a0bad2148999,InventoryLinking.DirectParentChildNameKey,,,,,2026-03-24T17:26:33.888+00:00,2026-03-24T17:34:07.862+00:00,True,e40yx52dkbjpcqazimno9yvh4k
13bcf36a-f213-4e07-88c2-18dca2ad2c5d,be264c3e-55e6-48c9-a1c3-89b84c20d72f,13bcf36a-f213-4e07-88c2-18dca2ad2c5d,,,68ae245b-0648-44b1-a957-2a138c1b3988,,,DirectParentChild,31b9567e-2f0e-40f5-8cf3-a0bad2148999,InventoryLinking.DirectParentChildNameKey,,,,,2026-03-24T17:26:33.947+00:00,2026-03-24T17:34:07.862+00:00,True,e40yx52dkbjpcqazimno9yvh4k
456a10bb-7994-48f7-b1bd-1cdb55397e1f,3b151983-8834-424c-af62-54cb62d36dba,456a10bb-7994-48f7-b1bd-1cdb55397e1f,v1_952013,vendors,aa84e329-ca19-45b3-8017-765fff41e9b4,,engagements,DirectParentChild,31b9567e-2f0e-40f5-8cf3-a0bad2148999,InventoryLinking.DirectParentChildNameKey,,,2026-03-25T00:40:59.000+00:00,,2026-03-25T00:43:05.795+00:00,2026-03-25T00:47:12.259+00:00,True,e40yx52dkbjpcqazimno9yvh4k
456a10bb-7994-48f7-b1bd-1cdb55397e1f,4034546b-aaf5-404c-bcfa-c35b44b3a09e,456a10bb-7994-48f7-b1bd-1cdb55397e1f,v1_952013,vendors,6826149a-eaa0-4c08-bda7-6be6dfe296dd,,contracts,DirectParentChild,31b9567e-2f0e-40f5-8cf3-a0bad2148999,InventoryLinking.DirectParentChildNameKey,,,2026-03-25T00:41:00.000+00:00,,2026-03-25T00:43:05.909+00:00,2026-03-25T00:47:12.259+00:00,True,e40yx52dkbjpcqazimno9yvh4k
be4db9f7-35d2-4d70-826b-25b0f24b8736,3b4fb5b7-4f26-46a8-a3da-7265049bc894,be4db9f7-35d2-4d70-826b-25b0f24b8736,Vendor8_5799249,vendors,6cba9d69-7d2c-4c3c-8680-8c60bf80b804,,contracts,DirectParentChild,31b9567e-2f0e-40f5-8cf3-a0bad2148999,InventoryLinking.DirectParentChildNameKey,,,2026-03-25T01:01:40.000+00:00,,2026-03-25T01:02:51.421+00:00,2026-03-25T01:08:06.722+00:00,True,e40yx52dkbjpcqazimno9yvh4k
55ab926d-a46d-4dc5-a180-458818a27af2,69cf86cf-cb71-466d-9560-e20a054af088,55ab926d-a46d-4dc5-a180-458818a27af2,,,3b1de94b-6763-4ebb-b49c-ce18d652de17,,,DirectParentChild,31b9567e-2f0e-40f5-8cf3-a0bad2148999,InventoryLinking.DirectParentChildNameKey,,,,,2026-03-25T01:04:03.316+00:00,2026-03-25T01:08:06.722+00:00,True,e40yx52dkbjpcqazimno9yvh4k
c64bee85-33ee-4606-8e31-c755849c5dba,1a85357d-7856-4427-a011-92fd1bdb7930,c64bee85-33ee-4606-8e31-c755849c5dba,,,643e84c0-0ee4-45b6-8600-b84ddec02fd0,,,DirectParentChild,31b9567e-2f0e-40f5-8cf3-a0bad2148999,InventoryLinking.DirectParentChildNameKey,,,,,2026-03-25T01:02:31.040+00:00,2026-03-25T01:04:54.141+00:00,True,e40yx52dkbjpcqazimno9yvh4k
38f03a04-f7df-404f-896e-4cabb9d25cb7,38fc90b1-0a33-4b2f-884f-1aa29c1e2adb,38f03a04-f7df-404f-896e-4cabb9d25cb7,,,7871b9a7-cf9c-43da-b194-da6ae4b38c66,,,DirectParentChild,31b9567e-2f0e-40f5-8cf3-a0bad2148999,InventoryLinking.DirectParentChildNameKey,,,,,2026-03-25T01:01:38.131+00:00,2026-03-25T01:04:54.141+00:00,True,e40yx52dkbjpcqazimno9yvh4k
474c3d5f-2434-4d6a-beb0-eea9c876b431,4fbb3809-aea1-46b0-a2ec-a7c4330cf1a0,474c3d5f-2434-4d6a-beb0-eea9c876b431,vendor_1_4343_7941286,vendors,f12837b0-19e9-4fe1-95ac-6b287f5550da,,contracts,DirectParentChild,31b9567e-2f0e-40f5-8cf3-a0bad2148999,InventoryLinking.DirectParentChildNameKey,,,2026-03-25T00:58:31.000+00:00,,2026-03-25T01:00:16.600+00:00,2026-03-25T01:04:54.141+00:00,True,e40yx52dkbjpcqazimno9yvh4k
474c3d5f-2434-4d6a-beb0-eea9c876b431,8ba244e8-a023-402d-b7f8-c3b41bb95aa8,474c3d5f-2434-4d6a-beb0-eea9c876b431,,,5de13afe-0626-45ed-b9d3-2369e5d4f15d,,,DirectParentChild,31b9567e-2f0e-40f5-8cf3-a0bad2148999,InventoryLinking.DirectParentChildNameKey,,,,,2026-03-25T01:02:20.861+00:00,2026-03-25T01:04:54.141+00:00,True,e40yx52dkbjpcqazimno9yvh4k
3ceafaec-662c-41d8-9bed-ea5852ebf71f,97766831-234a-471e-9130-d0e59731620e,3ceafaec-662c-41d8-9bed-ea5852ebf71f,Vendor5_5799249,vendors,16e6983a-00c8-43a4-b928-2b1021a40c97,,contracts,DirectParentChild,31b9567e-2f0e-40f5-8cf3-a0bad2148999,InventoryLinking.DirectParentChildNameKey,,,2026-03-25T00:58:00.000+00:00,,2026-03-25T00:59:11.592+00:00,2026-03-25T01:04:54.141+00:00,True,e40yx52dkbjpcqazimno9yvh4k
84186333-addf-4ec5-bd32-567a71f4c328,fc6af176-af92-45a4-8c22-754f6a5f1221,84186333-addf-4ec5-bd32-567a71f4c328,,,9707a3f8-2fa3-47a4-94fb-532a95c0bab5,,,DirectParentChild,31b9567e-2f0e-40f5-8cf3-a0bad2148999,InventoryLinking.DirectParentChildNameKey,,,,,2026-03-25T01:00:23.770+00:00,2026-03-25T01:04:54.141+00:00,True,e40yx52dkbjpcqazimno9yvh4k
ffb70c53-aee5-407e-ac01-18cdda780ecb,62e7b430-d39c-4712-866a-daec97d4363c,ffb70c53-aee5-407e-ac01-18cdda780ecb,,,5facf60a-e8da-4df9-9a97-aead2b3d6272,,,DirectParentChild,31b9567e-2f0e-40f5-8cf3-a0bad2148999,InventoryLinking.DirectParentChildNameKey,,,,,2026-03-25T00:57:59.920+00:00,2026-03-25T01:02:18.623+00:00,True,e40yx52dkbjpcqazimno9yvh4k
e35d9bd8-8642-41b5-9100-8c5172d03430,781ed568-4caf-450d-ba0a-090f14f6499d,e35d9bd8-8642-41b5-9100-8c5172d03430,,,64aafec5-0462-409a-9a75-b6a48f928d3a,,,DirectParentChild,31b9567e-2f0e-40f5-8cf3-a0bad2148999,InventoryLinking.DirectParentChildNameKey,,,,,2026-03-25T00:59:02.400+00:00,2026-03-25T01:02:18.623+00:00,True,e40yx52dkbjpcqazimno9yvh4k
6cff34f9-3943-4ae6-b2fb-fcead759c16a,95da53d3-2ba3-4134-a5fe-8b618cd5ca75,6cff34f9-3943-4ae6-b2fb-fcead759c16a,Vendor3_5799249,vendors,cfdc6845-81a9-44f3-87ff-2c4f503cff54,,contracts,DirectParentChild,31b9567e-2f0e-40f5-8cf3-a0bad2148999,InventoryLinking.DirectParentChildNameKey,,,2026-03-25T00:55:35.000+00:00,,2026-03-25T00:56:45.953+00:00,2026-03-25T01:02:18.623+00:00,True,e40yx52dkbjpcqazimno9yvh4k
856dbf53-3ee4-4419-a34a-9fd01012c7ef,7e39fa94-32b3-4318-9a94-aa014e151b19,856dbf53-3ee4-4419-a34a-9fd01012c7ef,Vendor1_5799249,vendors,1629b460-264c-427c-981f-d77c84550db0,,contracts,DirectParentChild,31b9567e-2f0e-40f5-8cf3-a0bad2148999,InventoryLinking.DirectParentChildNameKey,,,2026-03-25T00:53:09.000+00:00,,2026-03-25T00:54:20.406+00:00,2026-03-25T00:59:14.204+00:00,True,e40yx52dkbjpcqazimno9yvh4k
5d5bcdf5-0c81-433e-8c04-3a487f390416,b97d2472-9ded-4113-abcf-615f8b286a40,5d5bcdf5-0c81-433e-8c04-3a487f390416,,,146f4b1a-2543-4316-a0d1-09da443edeb7,,,DirectParentChild,31b9567e-2f0e-40f5-8cf3-a0bad2148999,InventoryLinking.DirectParentChildNameKey,,,,,2026-03-25T00:55:33.058+00:00,2026-03-25T00:59:14.204+00:00,True,e40yx52dkbjpcqazimno9yvh4k
de0cb44c-5292-4217-a5f5-cab097fbb9f2,d79d34ad-6d88-45e4-b7d0-67475e54b3a5,de0cb44c-5292-4217-a5f5-cab097fbb9f2,,,3a6c0d75-8a4d-4a8e-9b58-d8817291bff7,,,DirectParentChild,31b9567e-2f0e-40f5-8cf3-a0bad2148999,InventoryLinking.DirectParentChildNameKey,,,,,2026-03-25T01:06:41.815+00:00,2026-03-25T01:11:07.481+00:00,True,e40yx52dkbjpcqazimno9yvh4k
82115661-0d83-49ea-9be7-129e853a0dcf,5fb5e184-161a-4364-84fc-9d277620c5a5,82115661-0d83-49ea-9be7-129e853a0dcf,Vendor_2866643,vendors,b11acda8-be90-41bf-b29e-8ea6291a33de,,engagements,DirectParentChild,31b9567e-2f0e-40f5-8cf3-a0bad2148999,InventoryLinking.DirectParentChildNameKey,,,2026-03-25T01:37:22.000+00:00,,2026-03-25T01:42:21.328+00:00,2026-03-25T01:45:44.038+00:00,True,e40yx52dkbjpcqazimno9yvh4k
82115661-0d83-49ea-9be7-129e853a0dcf,6a41bc65-677e-4a3d-a046-a107d087798e,82115661-0d83-49ea-9be7-129e853a0dcf,Vendor_2866643,vendors,30737236-ee9c-4bae-9add-021329554e59,,engagements,DirectParentChild,31b9567e-2f0e-40f5-8cf3-a0bad2148999,InventoryLinking.DirectParentChildNameKey,,,2026-03-25T01:37:21.000+00:00,,2026-03-25T01:40:51.415+00:00,2026-03-25T01:43:20.233+00:00,True,e40yx52dkbjpcqazimno9yvh4k
78d174ff-f2d3-4515-9185-1a14a12a9eae,9e269279-3956-4f71-b048-ac22a31c8b77,78d174ff-f2d3-4515-9185-1a14a12a9eae,Vendor_2341968,vendors,b7e557a8-b401-412c-8fc3-287423384c45,,engagements,DirectParentChild,31b9567e-2f0e-40f5-8cf3-a0bad2148999,InventoryLinking.DirectParentChildNameKey,,,2026-03-25T01:20:00.000+00:00,,2026-03-25T01:36:39.588+00:00,2026-03-25T01:41:13.334+00:00,True,e40yx52dkbjpcqazimno9yvh4k
3dc4bcd8-b192-45d4-8b8b-7f21459d52ad,99c97feb-0b07-4edd-8974-179169b3037b,3dc4bcd8-b192-45d4-8b8b-7f21459d52ad,Vendor_1018132,vendors,1d97f49c-5358-4215-9321-fb47fd930da8,,engagements,DirectParentChild,31b9567e-2f0e-40f5-8cf3-a0bad2148999,InventoryLinking.DirectParentChildNameKey,,,2026-03-25T01:19:49.000+00:00,,2026-03-25T01:21:39.117+00:00,2026-03-25T01:27:40.261+00:00,True,e40yx52dkbjpcqazimno9yvh4k
40f68e45-a140-4ee6-b3cf-4497e9ef9279,4c0a45a2-6d41-4ac3-bf32-3234e7a1a7b8,40f68e45-a140-4ee6-b3cf-4497e9ef9279,,,435bf083-0ab8-4c0f-92f2-784b6fede36d,,,DirectParentChild,31b9567e-2f0e-40f5-8cf3-a0bad2148999,InventoryLinking.DirectParentChildNameKey,,,,,2026-03-25T01:52:12.708+00:00,2026-03-25T01:54:23.491+00:00,True,e40yx52dkbjpcqazimno9yvh4k
40f68e45-a140-4ee6-b3cf-4497e9ef9279,839185c6-322b-4334-beee-1323cc21d8c9,40f68e45-a140-4ee6-b3cf-4497e9ef9279,,,c30de6af-2635-47f6-aa3a-97426c4c387d,,,DirectParentChild,31b9567e-2f0e-40f5-8cf3-a0bad2148999,InventoryLinking.DirectParentChildNameKey,,,,,2026-03-25T01:52:12.642+00:00,2026-03-25T01:54:23.491+00:00,True,e40yx52dkbjpcqazimno9yvh4k
40f68e45-a140-4ee6-b3cf-4497e9ef9279,d1881685-e62d-4b6c-b928-0fa16cf29a53,40f68e45-a140-4ee6-b3cf-4497e9ef9279,,,c6d3713a-ed95-4ff4-9553-a24e2047b2cb,,,DirectParentChild,31b9567e-2f0e-40f5-8cf3-a0bad2148999,InventoryLinking.DirectParentChildNameKey,,,,,2026-03-25T01:52:12.577+00:00,2026-03-25T01:54:23.491+00:00,True,e40yx52dkbjpcqazimno9yvh4k
40f68e45-a140-4ee6-b3cf-4497e9ef9279,f6bcba4e-1cf9-4f7d-94d1-67a699e12704,40f68e45-a140-4ee6-b3cf-4497e9ef9279,,,12419b32-f93d-42e9-b1e4-b96a5e27189d,,,DirectParentChild,31b9567e-2f0e-40f5-8cf3-a0bad2148999,InventoryLinking.DirectParentChildNameKey,,,,,2026-03-25T01:52:12.779+00:00,2026-03-25T01:54:23.491+00:00,True,e40yx52dkbjpcqazimno9yvh4k
cb7a1ba2-9d49-4988-babb-1a1daec1595d,eb55fee0-e647-4d04-8398-3f2bbd830a4d,cb7a1ba2-9d49-4988-babb-1a1daec1595d,,,656e7069-e816-42aa-9e24-907caa92ec78,,,DirectParentChild,31b9567e-2f0e-40f5-8cf3-a0bad2148999,InventoryLinking.DirectParentChildNameKey,,,,,2026-03-25T02:15:51.420+00:00,2026-03-25T02:19:14.541+00:00,True,e40yx52dkbjpcqazimno9yvh4k
05189826-370d-40d7-9992-3b9db7120362,3d4dd78a-e85a-4961-8305-42f92eacc459,05189826-370d-40d7-9992-3b9db7120362,,,fb38fec3-485b-4f59-83e6-25d258bd1aea,,,DirectParentChild,31b9567e-2f0e-40f5-8cf3-a0bad2148999,InventoryLinking.DirectParentChildNameKey,,,,,2026-03-25T02:18:19.815+00:00,2026-03-25T02:22:11.228+00:00,True,e40yx52dkbjpcqazimno9yvh4k
b7aefb1b-a1a3-40af-b13d-247ee177c5fd,25529eab-692b-4b95-93c3-94c8a28f2b19,b7aefb1b-a1a3-40af-b13d-247ee177c5fd,,,a21be3e3-d910-4007-96bc-30cf3d122a6e,,,DirectParentChild,31b9567e-2f0e-40f5-8cf3-a0bad2148999,InventoryLinking.DirectParentChildNameKey,,,,,2026-03-25T02:22:13.550+00:00,2026-03-25T02:25:11.727+00:00,True,e40yx52dkbjpcqazimno9yvh4k
b7aefb1b-a1a3-40af-b13d-247ee177c5fd,66f42fc2-696a-40c0-bf6d-54fef6b2761d,b7aefb1b-a1a3-40af-b13d-247ee177c5fd,,,f74a3e70-bec5-4b08-be0b-b1d6598c9381,,,DirectParentChild,31b9567e-2f0e-40f5-8cf3-a0bad2148999,InventoryLinking.DirectParentChildNameKey,,,,,2026-03-25T02:22:24.762+00:00,2026-03-25T02:25:11.727+00:00,True,e40yx52dkbjpcqazimno9yvh4k
452d17ca-c647-431f-a4d2-9d1d64d7cafe,8644d5cc-becd-4814-8b61-011c2cbff6cf,452d17ca-c647-431f-a4d2-9d1d64d7cafe,v_8351532,vendors,cb5911f5-59f5-4dbe-affb-a92277ab5052,,engagements,DirectParentChild,31b9567e-2f0e-40f5-8cf3-a0bad2148999,InventoryLinking.DirectParentChildNameKey,,,2026-03-25T02:23:44.000+00:00,,2026-03-25T02:29:44.543+00:00,2026-03-25T02:34:18.731+00:00,True,e40yx52dkbjpcqazimno9yvh4k
812d3898-3c48-48b0-a96c-9089eca7c8e0,cf5b4513-4602-4649-bd7d-f1da7c568298,812d3898-3c48-48b0-a96c-9089eca7c8e0,,,a5ee3519-40ac-4614-bd92-8c6b07d2e152,,,DirectParentChild,31b9567e-2f0e-40f5-8cf3-a0bad2148999,InventoryLinking.DirectParentChildNameKey,,,,,2026-03-25T02:48:31.696+00:00,2026-03-25T02:51:39.163+00:00,True,e40yx52dkbjpcqazimno9yvh4k
8518e388-b90c-43d0-bae5-ea73831e7a21,16d54ed0-7871-41ad-b0ab-030b0503d7d1,8518e388-b90c-43d0-bae5-ea73831e7a21,,,db10a6b5-bcd2-4b49-839d-21ad3293cd5b,,,DirectParentChild,31b9567e-2f0e-40f5-8cf3-a0bad2148999,InventoryLinking.DirectParentChildNameKey,,,,,2026-03-25T03:01:53.009+00:00,2026-03-25T03:05:07.117+00:00,True,e40yx52dkbjpcqazimno9yvh4k
1cacbd8c-6808-46eb-9318-4abf7f06532e,8041fd3e-1860-4a74-822c-c029313c27ee,1cacbd8c-6808-46eb-9318-4abf7f06532e,,,6687308a-f4fa-4600-b2f3-04271c97200a,,,DirectParentChild,31b9567e-2f0e-40f5-8cf3-a0bad2148999,InventoryLinking.DirectParentChildNameKey,,,,,2026-03-25T03:02:15.828+00:00,2026-03-25T03:05:07.117+00:00,True,e40yx52dkbjpcqazimno9yvh4k
079bf526-8c2b-4338-8d48-d87dc2320920,824b8fd5-6f7e-4b46-8161-f3068da710f2,079bf526-8c2b-4338-8d48-d87dc2320920,,,178a8287-9cac-4950-b28a-ddad7092e227,,,DirectParentChild,31b9567e-2f0e-40f5-8cf3-a0bad2148999,InventoryLinking.DirectParentChildNameKey,,,,,2026-03-25T03:10:02.787+00:00,2026-03-25T03:13:37.348+00:00,True,e40yx52dkbjpcqazimno9yvh4k
d84848be-c0be-4c72-8dd6-601dedb1cd72,0fb3ece4-ba92-42d6-8add-51b7457130d4,d84848be-c0be-4c72-8dd6-601dedb1cd72,asset_3520538,assets,7c04c2ed-4448-4810-8443-2f2fd943d2bf,vendor_3520538,vendors,Related,7f19b09e-f4c0-4c70-90dc-b1a9170c3711,InventoryLinking.RelatedNameKey,,,2026-03-24T22:21:55.000+00:00,,2026-03-25T12:45:21.371+00:00,2026-03-25T12:53:16.111+00:00,True,e40yx52dkbjpcqazimno9yvh4k
0fb7e385-d8c0-475a-8995-504d1beafde4,160596b0-e87c-47a3-b580-00310fc6363c,0fb7e385-d8c0-475a-8995-504d1beafde4,vendor_1_7413650,vendors,82bc73d6-fca2-4e1e-b177-54e68d63fe97,assets_1_7413650,assets,Related,7f19b09e-f4c0-4c70-90dc-b1a9170c3711,InventoryLinking.RelatedNameKey,,,2026-03-25T02:42:15.000+00:00,,2026-03-25T12:46:18.899+00:00,2026-03-25T12:53:16.111+00:00,True,e40yx52dkbjpcqazimno9yvh4k
c3cb9ec4-30f1-4ff2-b102-a47a5f649b48,1891f85c-6231-49b8-9adf-33d335b2777d,c3cb9ec4-30f1-4ff2-b102-a47a5f649b48,engagement_3930943,engagements,18be9d48-3252-4bac-8dfc-136037a21ecd,c_3930943,contracts,Related,7f19b09e-f4c0-4c70-90dc-b1a9170c3711,InventoryLinking.RelatedNameKey,,,2026-03-25T00:55:46.000+00:00,,2026-03-25T12:48:45.282+00:00,2026-03-25T12:53:16.111+00:00,True,e40yx52dkbjpcqazimno9yvh4k
6c0d248f-bd2c-4fe8-85b3-d0015930c6f0,1c4efe55-242e-417e-84ba-c71299b46c5b,6c0d248f-bd2c-4fe8-85b3-d0015930c6f0,eng_3661006,engagements,ae97e59e-1d98-4704-8dea-e699ee327fec,Contract_3661006,contracts,Related,7f19b09e-f4c0-4c70-90dc-b1a9170c3711,InventoryLinking.RelatedNameKey,,,2026-03-25T01:58:44.000+00:00,,2026-03-25T12:49:17.770+00:00,2026-03-25T12:53:16.111+00:00,True,e40yx52dkbjpcqazimno9yvh4k
ebb83056-e05e-4337-9d28-308b5385e6c4,26ea484c-dc91-42a9-b014-ae6ed99f32c1,ebb83056-e05e-4337-9d28-308b5385e6c4,engagement_8750234,engagements,825315cb-5b75-46d9-a667-6f88e9b8ffa8,c_8750234,contracts,Related,7f19b09e-f4c0-4c70-90dc-b1a9170c3711,InventoryLinking.RelatedNameKey,,,2026-03-25T02:54:34.000+00:00,,2026-03-25T12:48:52.441+00:00,2026-03-25T12:53:16.111+00:00,True,e40yx52dkbjpcqazimno9yvh4k
3ecdb03e-0011-4930-8b53-55c3a2cce45a,277c6680-0085-4130-b000-2822420dd50c,3ecdb03e-0011-4930-8b53-55c3a2cce45a,asset_3250_136443,assets,73af22e6-efeb-4e7f-8f29-1cd78a729a2d,vendor1_3250_136443,vendors,Related,7f19b09e-f4c0-4c70-90dc-b1a9170c3711,InventoryLinking.RelatedNameKey,,,2026-03-24T23:25:49.000+00:00,,2026-03-25T12:45:14.409+00:00,2026-03-25T12:53:16.111+00:00,True,e40yx52dkbjpcqazimno9yvh4k
c885be9d-1bd1-406c-8af9-f9760f80cb27,3002d26a-3df3-40df-b679-124e16ab3efe,c885be9d-1bd1-406c-8af9-f9760f80cb27,asset_159_24032026,assets,c24b2d2d-3379-446e-84af-d42abad6b81e,vendor_159_24032026,vendors,Related,7f19b09e-f4c0-4c70-90dc-b1a9170c3711,InventoryLinking.RelatedNameKey,,,2026-03-24T17:33:44.000+00:00,,2026-03-25T12:45:00.757+00:00,2026-03-25T12:53:16.111+00:00,True,e40yx52dkbjpcqazimno9yvh4k
b573bbd7-4a28-44f6-8918-aa14ae877367,32029d0e-dec3-4d7b-bb69-7f921ae32aed,b573bbd7-4a28-44f6-8918-aa14ae877367,entity_24032026,entities,276a590f-ede1-4fa1-bbf2-1ed3e1d9c0e0,asset_24032026,assets,Related,7f19b09e-f4c0-4c70-90dc-b1a9170c3711,InventoryLinking.RelatedNameKey,,,2026-03-24T17:12:43.000+00:00,,2026-03-25T12:45:10.009+00:00,2026-03-25T12:53:16.111+00:00,True,e40yx52dkbjpcqazimno9yvh4k
77f6facb-781a-4c7c-892f-94fd14de25ff,3aad5ad6-2fe5-4e23-a973-c6019b5bf724,77f6facb-781a-4c7c-892f-94fd14de25ff,vendor_6697808,vendors,fa846e1d-6cfc-47ff-b30a-c38da71fc252,asset_6697808,assets,Related,7f19b09e-f4c0-4c70-90dc-b1a9170c3711,InventoryLinking.RelatedNameKey,,,2026-03-24T18:18:41.000+00:00,,2026-03-25T12:45:47.730+00:00,2026-03-25T12:53:16.111+00:00,True,e40yx52dkbjpcqazimno9yvh4k
3ecdb03e-0011-4930-8b53-55c3a2cce45a,3e3fbfef-34c3-4fa7-8cc8-cab1b414779b,3ecdb03e-0011-4930-8b53-55c3a2cce45a,asset_3250_136443,assets,793d3335-c84f-4684-817c-949ad9e0df5f,vendor5_3250_136443,vendors,Related,7f19b09e-f4c0-4c70-90dc-b1a9170c3711,InventoryLinking.RelatedNameKey,,,2026-03-24T23:25:52.000+00:00,,2026-03-25T12:45:15.720+00:00,2026-03-25T12:53:16.111+00:00,True,e40yx52dkbjpcqazimno9yvh4k
3ecdb03e-0011-4930-8b53-55c3a2cce45a,3f28d71c-0f43-47a7-b1f7-7726b3d92ed0,3ecdb03e-0011-4930-8b53-55c3a2cce45a,asset_3250_136443,assets,fcfd8803-693b-43db-8626-0d6e8ce32a92,pa1_3250_136443,processing-activities,Related,7f19b09e-f4c0-4c70-90dc-b1a9170c3711,InventoryLinking.RelatedNameKey,,,2026-03-24T23:25:41.000+00:00,,2026-03-25T12:45:14.043+00:00,2026-03-25T12:53:16.111+00:00,True,e40yx52dkbjpcqazimno9yvh4k
c885be9d-1bd1-406c-8af9-f9760f80cb27,4d568f44-1845-4119-9bdb-fe9484bc606a,c885be9d-1bd1-406c-8af9-f9760f80cb27,asset_159_24032026,assets,d7477d3d-9768-4842-8836-18f1bcb30f7a,entity_159_24032026,entities,Related,7f19b09e-f4c0-4c70-90dc-b1a9170c3711,InventoryLinking.RelatedNameKey,,,2026-03-24T17:33:46.000+00:00,,2026-03-25T12:45:00.404+00:00,2026-03-25T12:53:16.111+00:00,True,e40yx52dkbjpcqazimno9yvh4k
af4e18f8-fde0-429d-95f7-f40a043591b8,4fb67508-57ac-454d-a052-68e23e26005a,af4e18f8-fde0-429d-95f7-f40a043591b8,asset_39526_24032026,assets,e8e4e84e-3967-4c89-9ba3-147f1c54d09c,pa_39526_24032026,processing-activities,Related,7f19b09e-f4c0-4c70-90dc-b1a9170c3711,InventoryLinking.RelatedNameKey,,,2026-03-24T18:12:36.000+00:00,,2026-03-25T12:45:18.491+00:00,2026-03-25T12:53:16.111+00:00,True,e40yx52dkbjpcqazimno9yvh4k
d84848be-c0be-4c72-8dd6-601dedb1cd72,582e20c7-d53f-4b07-97d1-51eb466040ba,d84848be-c0be-4c72-8dd6-601dedb1cd72,asset_3520538,assets,b3d54c9c-7e68-47e9-bf3a-3abe5c7d1fa5,pa_01_3520538,processing-activities,Related,7f19b09e-f4c0-4c70-90dc-b1a9170c3711,InventoryLinking.RelatedNameKey,,,2026-03-24T22:21:57.000+00:00,,2026-03-25T12:45:21.683+00:00,2026-03-25T12:53:16.111+00:00,True,e40yx52dkbjpcqazimno9yvh4k
e295900f-4937-41e0-903c-aa2735ff11aa,60240968-c23b-485f-a29e-5ba167f5e7b4,e295900f-4937-41e0-903c-aa2735ff11aa,pa_1170_24032026,processing-activities,0e0ba8b6-cf88-4448-8bfa-a491baacba71,asset_1170_24032026,assets,Related,7f19b09e-f4c0-4c70-90dc-b1a9170c3711,InventoryLinking.RelatedNameKey,,,2026-03-24T17:18:47.000+00:00,,2026-03-25T12:44:49.500+00:00,2026-03-25T12:53:16.111+00:00,True,e40yx52dkbjpcqazimno9yvh4k
6250aff2-963d-4755-a0fc-5db6fa7061b5,6061a501-b746-4eba-ad43-a2a8d0b56802,6250aff2-963d-4755-a0fc-5db6fa7061b5,pa_3203_1_6514442,processing-activities,4553a949-d8e9-48fb-a779-aa53f8497246,asset_3203_1_6514442,assets,Related,7f19b09e-f4c0-4c70-90dc-b1a9170c3711,InventoryLinking.RelatedNameKey,,,2026-03-24T23:42:11.000+00:00,,2026-03-25T12:45:13.138+00:00,2026-03-25T12:53:16.111+00:00,True,e40yx52dkbjpcqazimno9yvh4k
11d17061-1cb4-4336-9368-66e64587f6df,692a256a-ef87-4ed4-af18-a189875a1d6e,11d17061-1cb4-4336-9368-66e64587f6df,vendor_1_9108775,vendors,37796477-8c6a-4a94-af72-adc34145e207,assets_1_9108775,assets,Related,7f19b09e-f4c0-4c70-90dc-b1a9170c3711,InventoryLinking.RelatedNameKey,,,2026-03-25T03:02:32.000+00:00,,2026-03-25T12:46:14.640+00:00,2026-03-25T12:53:16.111+00:00,True,e40yx52dkbjpcqazimno9yvh4k
3ecdb03e-0011-4930-8b53-55c3a2cce45a,7288afa4-4d2e-4c3f-b96f-2d6a5cd34b87,3ecdb03e-0011-4930-8b53-55c3a2cce45a,asset_3250_136443,assets,b9ae6350-7efd-4618-a3e0-a6535f5a9c1e,pa6_3250_136443,processing-activities,Related,7f19b09e-f4c0-4c70-90dc-b1a9170c3711,InventoryLinking.RelatedNameKey,,,2026-03-24T23:25:45.000+00:00,,2026-03-25T12:45:16.700+00:00,2026-03-25T12:53:16.111+00:00,True,e40yx52dkbjpcqazimno9yvh4k
c885be9d-1bd1-406c-8af9-f9760f80cb27,78bd8336-6f4e-42d9-90f1-61d272ab0a26,c885be9d-1bd1-406c-8af9-f9760f80cb27,asset_159_24032026,assets,ae5a6ee7-a1bf-4187-85eb-ee9e782d1660,pa_159_24032026,processing-activities,Related,7f19b09e-f4c0-4c70-90dc-b1a9170c3711,InventoryLinking.RelatedNameKey,,,2026-03-24T17:33:46.000+00:00,,2026-03-25T12:45:01.364+00:00,2026-03-25T12:53:16.111+00:00,True,e40yx52dkbjpcqazimno9yvh4k
453cccc1-1a8c-48c2-a4c9-1b353afbc962,7e256bdc-8d17-4086-ab09-349b8076096e,453cccc1-1a8c-48c2-a4c9-1b353afbc962,asset_2194_3407161,assets,f7383cf0-b7dc-43c0-a63c-0905ef8d6a3b,pa_2194_1_3407161,processing-activities,Related,7f19b09e-f4c0-4c70-90dc-b1a9170c3711,InventoryLinking.RelatedNameKey,,,2026-03-24T23:37:42.000+00:00,,2026-03-25T12:45:02.142+00:00,2026-03-25T12:53:16.111+00:00,True,e40yx52dkbjpcqazimno9yvh4k
c5305d13-f587-4620-ac9f-49ecfae61a2b,85ab5d3b-9a3a-4a15-b32d-2d0fa76fc041,c5305d13-f587-4620-ac9f-49ecfae61a2b,Add_asset_43681_585805,assets,787e6b84-3cb1-4cf1-a43c-50ba69af8f1f,Add_pa_43681_585805,processing-activities,Related,7f19b09e-f4c0-4c70-90dc-b1a9170c3711,InventoryLinking.RelatedNameKey,,,2026-03-24T22:06:59.000+00:00,,2026-03-25T12:44:24.525+00:00,2026-03-25T12:53:16.111+00:00,True,e40yx52dkbjpcqazimno9yvh4k
453cccc1-1a8c-48c2-a4c9-1b353afbc962,88050bd0-84f8-45ae-9281-5c2d554f493e,453cccc1-1a8c-48c2-a4c9-1b353afbc962,asset_2194_3407161,assets,41cec51a-0deb-43a7-9a9b-9c28595bf2a8,pa_2194_2_3407161,processing-activities,Related,7f19b09e-f4c0-4c70-90dc-b1a9170c3711,InventoryLinking.RelatedNameKey,,,2026-03-24T23:37:43.000+00:00,,2026-03-25T12:45:02.477+00:00,2026-03-25T12:53:16.111+00:00,True,e40yx52dkbjpcqazimno9yvh4k
8ec44258-2603-45ca-8998-de1b6aff5602,8ad2bc07-7c2b-48e3-929d-ea08dabfaeb2,8ec44258-2603-45ca-8998-de1b6aff5602,vendor_1170_24032026,vendors,0e0ba8b6-cf88-4448-8bfa-a491baacba71,asset_1170_24032026,assets,Related,7f19b09e-f4c0-4c70-90dc-b1a9170c3711,InventoryLinking.RelatedNameKey,,,2026-03-24T17:18:46.000+00:00,,2026-03-25T12:44:49.977+00:00,2026-03-25T12:53:16.111+00:00,True,e40yx52dkbjpcqazimno9yvh4k
3ecdb03e-0011-4930-8b53-55c3a2cce45a,90543fcf-5f77-48fb-ae75-39f38d3964e3,3ecdb03e-0011-4930-8b53-55c3a2cce45a,asset_3250_136443,assets,bccb87e1-4f83-47e3-8685-cb2fef33537c,pa3_3250_136443,processing-activities,Related,7f19b09e-f4c0-4c70-90dc-b1a9170c3711,InventoryLinking.RelatedNameKey,,,2026-03-24T23:25:43.000+00:00,,2026-03-25T12:45:17.001+00:00,2026-03-25T12:53:16.111+00:00,True,e40yx52dkbjpcqazimno9yvh4k
3ecdb03e-0011-4930-8b53-55c3a2cce45a,98b7cd76-5ef4-468d-91c1-de9ad44ae585,3ecdb03e-0011-4930-8b53-55c3a2cce45a,asset_3250_136443,assets,4062bcdd-7397-4f4e-bd8a-59cb7896222a,vendor6_3250_136443,vendors,Related,7f19b09e-f4c0-4c70-90dc-b1a9170c3711,InventoryLinking.RelatedNameKey,,,2026-03-24T23:25:54.000+00:00,,2026-03-25T12:45:15.042+00:00,2026-03-25T12:53:16.111+00:00,True,e40yx52dkbjpcqazimno9yvh4k
d84848be-c0be-4c72-8dd6-601dedb1cd72,a1e9ccca-a8d3-411b-93f8-412d67218275,d84848be-c0be-4c72-8dd6-601dedb1cd72,asset_3520538,assets,25ef0d0a-8dda-4788-be36-f5312c0da357,entity_01_3520538,entities,Related,7f19b09e-f4c0-4c70-90dc-b1a9170c3711,InventoryLinking.RelatedNameKey,,,2026-03-24T22:22:00.000+00:00,,2026-03-25T12:45:21.980+00:00,2026-03-25T12:53:16.111+00:00,True,e40yx52dkbjpcqazimno9yvh4k
3ecdb03e-0011-4930-8b53-55c3a2cce45a,b0529f2d-82e5-4f02-b16d-1b1b614d6ccd,3ecdb03e-0011-4930-8b53-55c3a2cce45a,asset_3250_136443,assets,04ec04bb-58e1-4b75-b1c8-9dbc9c4ad580,vendor3_3250_136443,vendors,Related,7f19b09e-f4c0-4c70-90dc-b1a9170c3711,InventoryLinking.RelatedNameKey,,,2026-03-24T23:25:51.000+00:00,,2026-03-25T12:45:16.390+00:00,2026-03-25T12:53:16.111+00:00,True,e40yx52dkbjpcqazimno9yvh4k
d84848be-c0be-4c72-8dd6-601dedb1cd72,b5444cd5-c780-47f1-81f7-3ee49666bb56,d84848be-c0be-4c72-8dd6-601dedb1cd72,asset_3520538,assets,deaea64c-8a01-4f43-b853-784782473689,asset_01_3520538,assets,Related,7f19b09e-f4c0-4c70-90dc-b1a9170c3711,InventoryLinking.RelatedNameKey,,,2026-03-24T22:22:01.000+00:00,,2026-03-25T12:44:23.596+00:00,2026-03-25T12:53:16.111+00:00,True,e40yx52dkbjpcqazimno9yvh4k
3ecdb03e-0011-4930-8b53-55c3a2cce45a,c41f5944-816d-42a2-a4ed-e2a82d721b73,3ecdb03e-0011-4930-8b53-55c3a2cce45a,asset_3250_136443,assets,3a1c58cc-bc29-484e-8658-e6ea99096332,pa2_3250_136443,processing-activities,Related,7f19b09e-f4c0-4c70-90dc-b1a9170c3711,InventoryLinking.RelatedNameKey,,,2026-03-24T23:25:42.000+00:00,,2026-03-25T12:45:17.247+00:00,2026-03-25T12:53:16.111+00:00,True,e40yx52dkbjpcqazimno9yvh4k
3ecdb03e-0011-4930-8b53-55c3a2cce45a,cf8b47f9-fdd5-42ec-b462-6a27e93d7a20,3ecdb03e-0011-4930-8b53-55c3a2cce45a,asset_3250_136443,assets,5256ddc3-bd8b-447d-94c6-3fa3e4446825,pa4_3250_136443,processing-activities,Related,7f19b09e-f4c0-4c70-90dc-b1a9170c3711,InventoryLinking.RelatedNameKey,,,2026-03-24T23:25:44.000+00:00,,2026-03-25T12:45:14.692+00:00,2026-03-25T12:53:16.111+00:00,True,e40yx52dkbjpcqazimno9yvh4k
3ecdb03e-0011-4930-8b53-55c3a2cce45a,d83c1696-8659-4530-a6af-ab8ac1367ff8,3ecdb03e-0011-4930-8b53-55c3a2cce45a,asset_3250_136443,assets,9d0fc7e8-898d-4bc3-973a-95f0175b9e65,vendor2_3250_136443,vendors,Related,7f19b09e-f4c0-4c70-90dc-b1a9170c3711,InventoryLinking.RelatedNameKey,,,2026-03-24T23:25:50.000+00:00,,2026-03-25T12:45:16.058+00:00,2026-03-25T12:53:16.111+00:00,True,e40yx52dkbjpcqazimno9yvh4k
e06e87e1-5956-473a-8bc5-83fa98e45f80,d8c2946c-7831-455a-8dea-ad833609f809,e06e87e1-5956-473a-8bc5-83fa98e45f80,pa_3203_2_6514442,processing-activities,87377734-3c66-4140-8899-3b551f633006,asset_3203_2_6514442,assets,Related,7f19b09e-f4c0-4c70-90dc-b1a9170c3711,InventoryLinking.RelatedNameKey,,,2026-03-24T23:41:56.000+00:00,,2026-03-25T12:45:18.196+00:00,2026-03-25T12:53:16.111+00:00,True,e40yx52dkbjpcqazimno9yvh4k
b6592a69-976e-4692-a679-12bd30d7bbb5,df4de8f0-feea-452f-a03b-c2ab4b7ddcb4,b6592a69-976e-4692-a679-12bd30d7bbb5,Add_asset_43657_5856149,assets,365fca98-ef99-496d-a828-cc60b3fb24f5,Add_pa_43657_5856149,processing-activities,Related,7f19b09e-f4c0-4c70-90dc-b1a9170c3711,InventoryLinking.RelatedNameKey,,,2026-03-24T17:10:05.000+00:00,,2026-03-25T12:44:41.958+00:00,2026-03-25T12:53:16.111+00:00,True,e40yx52dkbjpcqazimno9yvh4k
3ecdb03e-0011-4930-8b53-55c3a2cce45a,f198c5ff-9ff9-4fbb-86ee-72ba8ad3ec42,3ecdb03e-0011-4930-8b53-55c3a2cce45a,asset_3250_136443,assets,724c860c-799c-4e87-b587-00fc43b23127,pa5_3250_136443,processing-activities,Related,7f19b09e-f4c0-4c70-90dc-b1a9170c3711,InventoryLinking.RelatedNameKey,,,2026-03-24T23:25:45.000+00:00,,2026-03-25T12:45:13.734+00:00,2026-03-25T12:53:16.111+00:00,True,e40yx52dkbjpcqazimno9yvh4k
dfcd3ae9-6508-4de1-91d7-a62ea3591b48,f2cc29a1-e87b-498e-ba40-4a28e4b71174,dfcd3ae9-6508-4de1-91d7-a62ea3591b48,asset_4320182,assets,a878a671-3fd0-45bc-8bc0-bb9ead3ae55d,pa_4320182,processing-activities,Related,7f19b09e-f4c0-4c70-90dc-b1a9170c3711,InventoryLinking.RelatedNameKey,,,2026-03-24T22:14:32.000+00:00,,2026-03-25T12:45:26.161+00:00,2026-03-25T12:53:16.111+00:00,True,e40yx52dkbjpcqazimno9yvh4k
3d96d4f8-44a8-46ef-9e6f-4eb472d6ff03,f6209cbb-c94b-49b8-b5aa-97360fdb0cd1,3d96d4f8-44a8-46ef-9e6f-4eb472d6ff03,vendor_24032026,vendors,276a590f-ede1-4fa1-bbf2-1ed3e1d9c0e0,asset_24032026,assets,Related,7f19b09e-f4c0-4c70-90dc-b1a9170c3711,InventoryLinking.RelatedNameKey,,,2026-03-24T17:12:44.000+00:00,,2026-03-25T12:45:09.623+00:00,2026-03-25T12:53:16.111+00:00,True,e40yx52dkbjpcqazimno9yvh4k
3ecdb03e-0011-4930-8b53-55c3a2cce45a,fe0cab5d-5a09-4584-bffd-83367fb8a1e5,3ecdb03e-0011-4930-8b53-55c3a2cce45a,asset_3250_136443,assets,43985ca9-74ad-4b0f-ba39-60020aa0c122,vendor4_3250_136443,vendors,Related,7f19b09e-f4c0-4c70-90dc-b1a9170c3711,InventoryLinking.RelatedNameKey,,,2026-03-24T23:25:52.000+00:00,,2026-03-25T12:45:15.367+00:00,2026-03-25T12:53:16.111+00:00,True,e40yx52dkbjpcqazimno9yvh4k
a08e94e6-0d27-4823-8f3b-ee63bb3a2db6,c474dc54-e69c-4ff1-b1a0-367152664f5f,a08e94e6-0d27-4823-8f3b-ee63bb3a2db6,asset_39526_19032026,assets,61d9a959-cae4-4230-b9e1-06aa9d182780,pa_39526_19032026,processing-activities,Related,7f19b09e-f4c0-4c70-90dc-b1a9170c3711,InventoryLinking.RelatedNameKey,,,2026-03-19T17:05:47.000+00:00,,2026-03-19T17:05:48.475+00:00,2026-03-19T17:12:40.269+00:00,False,e40yx52dkbjpcqazimno9yvh4k
18517a82-de68-4014-afa7-15fbfb98743a,b94985eb-93ae-4830-8868-71a727a3077e,18517a82-de68-4014-afa7-15fbfb98743a,pa_2258755,processing-activities,59395c8a-101b-47b1-8221-d44008931bf9,vendor_2258755,vendors,Related,7f19b09e-f4c0-4c70-90dc-b1a9170c3711,InventoryLinking.RelatedNameKey,,,2026-03-19T17:19:05.000+00:00,,2026-03-19T17:19:05.742+00:00,2026-03-19T17:28:39.771+00:00,False,e40yx52dkbjpcqazimno9yvh4k
2d6e2ab3-ffc6-42b4-ba74-11ac1e6a1d0b,1d8953b4-44a2-4fe7-8961-32d33635b924,2d6e2ab3-ffc6-42b4-ba74-11ac1e6a1d0b,pa_9333240,processing-activities,9ab4462e-333e-4d6d-94d1-6cae5d72b00b,asset_1_9333240,assets,Related,7f19b09e-f4c0-4c70-90dc-b1a9170c3711,InventoryLinking.RelatedNameKey,,,2026-03-19T17:32:15.000+00:00,,2026-03-19T17:32:16.390+00:00,2026-03-19T17:42:06.355+00:00,False,e40yx52dkbjpcqazimno9yvh4k
2d6e2ab3-ffc6-42b4-ba74-11ac1e6a1d0b,83c17990-d3ba-477b-b8b6-bde69d794177,2d6e2ab3-ffc6-42b4-ba74-11ac1e6a1d0b,pa_9333240,processing-activities,0d95c677-7994-47ff-8080-2e2e7bd04983,asset_9333240,assets,Related,7f19b09e-f4c0-4c70-90dc-b1a9170c3711,InventoryLinking.RelatedNameKey,,,2026-03-19T17:32:15.000+00:00,,2026-03-19T17:32:15.850+00:00,2026-03-19T17:42:06.355+00:00,False,e40yx52dkbjpcqazimno9yvh4k
67e56633-c920-472e-a65e-c0b8b025b3fa,a642d5ef-3ec6-4544-a8cd-b5355e1cfbcd,67e56633-c920-472e-a65e-c0b8b025b3fa,pa_1_9333240,processing-activities,0d95c677-7994-47ff-8080-2e2e7bd04983,asset_9333240,assets,Related,7f19b09e-f4c0-4c70-90dc-b1a9170c3711,InventoryLinking.RelatedNameKey,,,2026-03-19T17:32:10.000+00:00,,2026-03-19T17:32:10.732+00:00,2026-03-19T17:42:06.355+00:00,False,e40yx52dkbjpcqazimno9yvh4k
67e56633-c920-472e-a65e-c0b8b025b3fa,e397a23f-cec7-4e4c-86a9-130bee39e5ff,67e56633-c920-472e-a65e-c0b8b025b3fa,pa_1_9333240,processing-activities,9ab4462e-333e-4d6d-94d1-6cae5d72b00b,asset_1_9333240,assets,Related,7f19b09e-f4c0-4c70-90dc-b1a9170c3711,InventoryLinking.RelatedNameKey,,,2026-03-19T17:32:10.000+00:00,,2026-03-19T17:32:11.426+00:00,2026-03-19T17:42:06.355+00:00,False,e40yx52dkbjpcqazimno9yvh4k
bf685fb0-5192-4328-8389-3e558da771d0,e03a56f3-97a6-4262-8831-792f46da2292,bf685fb0-5192-4328-8389-3e558da771d0,pa_628533,processing-activities,c0bebbdd-a386-459a-ba4f-5d345d943f82,asset_628533,assets,Related,7f19b09e-f4c0-4c70-90dc-b1a9170c3711,InventoryLinking.RelatedNameKey,,,2026-03-19T17:46:50.000+00:00,,2026-03-19T17:46:50.954+00:00,2026-03-19T17:50:39.825+00:00,False,e40yx52dkbjpcqazimno9yvh4k
e58d09b4-57ca-46ae-bf9e-69b63183e709,7396e347-42dd-49ff-8c5c-b0cbbc422ef7,e58d09b4-57ca-46ae-bf9e-69b63183e709,asset_6409945,assets,3340d51e-285b-40a7-941e-7d8e154825d6,entity_6409945,entities,Related,7f19b09e-f4c0-4c70-90dc-b1a9170c3711,InventoryLinking.RelatedNameKey,,,2026-03-19T17:54:41.000+00:00,,2026-03-19T17:54:42.272+00:00,2026-03-19T18:01:04.393+00:00,False,e40yx52dkbjpcqazimno9yvh4k
d66bab3e-91c0-44ca-a16c-b965eaaefca4,47397547-4fde-4d1a-970d-df34076f919e,d66bab3e-91c0-44ca-a16c-b965eaaefca4,asset_5500983,assets,69bb1fff-35f2-42f2-baf7-57ac99341034,entity_5500983,entities,Related,7f19b09e-f4c0-4c70-90dc-b1a9170c3711,InventoryLinking.RelatedNameKey,,,2026-03-19T18:22:44.000+00:00,,2026-03-19T18:22:45.452+00:00,2026-03-19T18:32:43.736+00:00,False,e40yx52dkbjpcqazimno9yvh4k
04d26145-e6b0-46fb-aa5f-92d4736ed64d,3ee948ac-898f-4043-b8b9-882a22a9290c,04d26145-e6b0-46fb-aa5f-92d4736ed64d,asset_9790460,assets,03d0590c-7813-4914-88d7-78459bf4e8ae,$Vendor_9790460,vendors,Related,7f19b09e-f4c0-4c70-90dc-b1a9170c3711,InventoryLinking.RelatedNameKey,,,2026-03-19T18:40:31.000+00:00,,2026-03-19T18:40:32.558+00:00,2026-03-19T18:44:06.498+00:00,False,e40yx52dkbjpcqazimno9yvh4k
c852a9c8-6cfb-4c72-9c9f-012acabdb01f,038429f8-de49-49bb-8f44-96528d35c16b,c852a9c8-6cfb-4c72-9c9f-012acabdb01f,asset_8922_5735335,assets,2c5b2841-5ab4-46df-9b39-331a2f926f4f,asset_8922_2_5735335,assets,Related,7f19b09e-f4c0-4c70-90dc-b1a9170c3711,InventoryLinking.RelatedNameKey,,,2026-03-19T19:13:43.000+00:00,,2026-03-19T19:13:43.810+00:00,2026-03-19T19:20:36.672+00:00,False,e40yx52dkbjpcqazimno9yvh4k
5abab0d1-1585-4e24-9e69-2808849d830c,be16adb1-43e0-412d-82a7-f59bb95013db,5abab0d1-1585-4e24-9e69-2808849d830c,pa_1704469,processing-activities,de7b00d6-8724-43f7-8a4e-08f22b93ac18,vendor_1704469,vendors,Related,7f19b09e-f4c0-4c70-90dc-b1a9170c3711,InventoryLinking.RelatedNameKey,,,2026-03-19T20:01:52.000+00:00,,2026-03-19T20:01:56.282+00:00,2026-03-19T20:09:15.464+00:00,False,e40yx52dkbjpcqazimno9yvh4k
c555af46-4ad1-458d-8348-6771be0a186d,6e317fea-0950-495f-a9b6-2c5d431ac5f1,c555af46-4ad1-458d-8348-6771be0a186d,vendor_3747375,vendors,91eb2476-be12-4041-b130-e6fe416699ca,asset_3747375,assets,Related,7f19b09e-f4c0-4c70-90dc-b1a9170c3711,InventoryLinking.RelatedNameKey,,,2026-03-19T20:24:15.000+00:00,,2026-03-19T20:24:15.933+00:00,2026-03-19T20:28:08.357+00:00,False,e40yx52dkbjpcqazimno9yvh4k
8520d85b-14ee-4519-95a0-2941839014fc,3f3afd68-9890-48a0-9d6d-1049af21dbf3,8520d85b-14ee-4519-95a0-2941839014fc,vendor_2266164,vendors,9a2a8e4b-4b96-4b8a-a9d3-b2e0b02eecd4,asset_2266164,assets,Related,7f19b09e-f4c0-4c70-90dc-b1a9170c3711,InventoryLinking.RelatedNameKey,,,2026-03-19T20:31:30.000+00:00,,2026-03-19T20:31:31.559+00:00,2026-03-19T20:36:38.610+00:00,False,e40yx52dkbjpcqazimno9yvh4k
e561caad-6a20-4437-8a15-3e1d91bab6d5,bb054de9-314e-45a5-9c6a-eb9ab7e72044,e561caad-6a20-4437-8a15-3e1d91bab6d5,asset_716288,assets,e77b6cd7-aee8-478e-94ed-9b5f7682e2fd,pa_716288,processing-activities,Related,7f19b09e-f4c0-4c70-90dc-b1a9170c3711,InventoryLinking.RelatedNameKey,,,2026-03-19T20:44:05.000+00:00,,2026-03-19T20:50:37.571+00:00,2026-03-19T20:55:49.288+00:00,True,e40yx52dkbjpcqazimno9yvh4k
fbae672f-8041-4e37-ac05-289946bd49ef,831e41db-5d4e-4715-ace5-b19ad4b16f9f,fbae672f-8041-4e37-ac05-289946bd49ef,asset_8760858,assets,c4f4da30-907b-40f8-ba48-25c909a1960d,entity_8760858,entities,Related,7f19b09e-f4c0-4c70-90dc-b1a9170c3711,InventoryLinking.RelatedNameKey,,,2026-03-19T21:06:35.000+00:00,,2026-03-19T21:06:36.163+00:00,2026-03-19T21:11:15.629+00:00,False,e40yx52dkbjpcqazimno9yvh4k
669c8b3a-7835-482a-a7c5-d4bfbdf32da5,599c4095-f801-41c6-828d-803b5c8ebc83,669c8b3a-7835-482a-a7c5-d4bfbdf32da5,assets_1_61817_4703986,assets,f0015fa7-17a4-418c-9675-fad4babad325,entity_1_61817_4703986,entities,Related,7f19b09e-f4c0-4c70-90dc-b1a9170c3711,InventoryLinking.RelatedNameKey,,,2026-03-19T21:58:17.000+00:00,,2026-03-19T21:58:17.802+00:00,2026-03-19T22:18:29.802+00:00,False,e40yx52dkbjpcqazimno9yvh4k
ebc5e7c4-1cd1-4e6a-95ed-ea00d88a0618,880f19c1-7353-4816-a5dd-c70f86339f1b,ebc5e7c4-1cd1-4e6a-95ed-ea00d88a0618,asset_66363_02_5541218,assets,27e39531-838b-470a-80d9-4bcdb46aec5b,asset_66363_01_5541218,assets,Related,7f19b09e-f4c0-4c70-90dc-b1a9170c3711,InventoryLinking.RelatedNameKey,,,2026-03-19T21:58:10.000+00:00,,2026-03-19T21:58:10.778+00:00,2026-03-19T22:18:29.802+00:00,False,e40yx52dkbjpcqazimno9yvh4k
f0015fa7-17a4-418c-9675-fad4babad325,b1acf9c7-58ce-4e49-a37a-f2a85c29d705,f0015fa7-17a4-418c-9675-fad4babad325,entity_1_61817_4703986,entities,07c48f14-a772-49cc-8921-f556ca31a108,entity_2_61817_4703986,entities,Related,7f19b09e-f4c0-4c70-90dc-b1a9170c3711,InventoryLinking.RelatedNameKey,,,2026-03-19T21:58:17.000+00:00,,2026-03-19T21:58:17.636+00:00,2026-03-19T22:18:29.802+00:00,False,e40yx52dkbjpcqazimno9yvh4k
6032824d-f911-4b58-9aae-ced8c7325dab,0cf1cfcb-92c0-4960-8c0d-1fc7664e7b7b,6032824d-f911-4b58-9aae-ced8c7325dab,a_4_4722499,assets,f57fa982-d340-4224-a68b-a9d9051f6af9,pa_52211_4722499,processing-activities,Related,7f19b09e-f4c0-4c70-90dc-b1a9170c3711,InventoryLinking.RelatedNameKey,,,2026-03-19T22:27:12.000+00:00,,2026-03-19T22:27:13.708+00:00,2026-03-19T22:33:16.579+00:00,False,e40yx52dkbjpcqazimno9yvh4k
a766a2a2-79c2-4691-a7f8-650219ab0ef0,33c5c766-7ee2-41e0-86e2-dedbecb8ad79,a766a2a2-79c2-4691-a7f8-650219ab0ef0,asset_3102_1_1665609,assets,9ba707e4-47f3-42f2-b8b2-94eed2ad9043,asset_3102_1665609,assets,Related,7f19b09e-f4c0-4c70-90dc-b1a9170c3711,InventoryLinking.RelatedNameKey,,,2026-03-19T22:25:49.000+00:00,,2026-03-19T22:25:49.696+00:00,2026-03-19T22:33:16.579+00:00,False,e40yx52dkbjpcqazimno9yvh4k
89cd188e-213c-46df-8b10-ddffe9b9a459,3f55257a-1311-4dda-b03c-b07bb0afc417,89cd188e-213c-46df-8b10-ddffe9b9a459,pa_3102_1_1665609,processing-activities,9ba707e4-47f3-42f2-b8b2-94eed2ad9043,asset_3102_1665609,assets,Related,7f19b09e-f4c0-4c70-90dc-b1a9170c3711,InventoryLinking.RelatedNameKey,,,2026-03-19T22:25:47.000+00:00,,2026-03-19T22:25:48.475+00:00,2026-03-19T22:33:16.579+00:00,False,e40yx52dkbjpcqazimno9yvh4k
a137e090-2b7d-4a0d-9a25-fb0945a11067,63805e38-e487-412d-a52b-e17596f67d97,a137e090-2b7d-4a0d-9a25-fb0945a11067,entity_3102_1_1665609,entities,9ba707e4-47f3-42f2-b8b2-94eed2ad9043,asset_3102_1665609,assets,Related,7f19b09e-f4c0-4c70-90dc-b1a9170c3711,InventoryLinking.RelatedNameKey,,,2026-03-19T22:25:50.000+00:00,,2026-03-19T22:25:51.296+00:00,2026-03-19T22:33:16.579+00:00,False,e40yx52dkbjpcqazimno9yvh4k
63525416-157d-41ad-a11c-f8693f1f8884,9739b35b-452f-4445-9ea2-70d0dd304125,63525416-157d-41ad-a11c-f8693f1f8884,pa_40720_5642216,processing-activities,e7b465a0-ec63-4690-bfba-fc4488c1c63e,asset_40720_5642216,assets,Related,7f19b09e-f4c0-4c70-90dc-b1a9170c3711,InventoryLinking.RelatedNameKey,,,2026-03-19T22:25:48.000+00:00,,2026-03-19T22:25:49.564+00:00,2026-03-19T22:33:16.579+00:00,False,e40yx52dkbjpcqazimno9yvh4k
a47d8ed7-6c10-4561-a5b1-da588937c315,e9499105-192f-4d6f-b989-86ac693bc9e4,a47d8ed7-6c10-4561-a5b1-da588937c315,vendor_3102_1_1665609,vendors,9ba707e4-47f3-42f2-b8b2-94eed2ad9043,asset_3102_1665609,assets,Related,7f19b09e-f4c0-4c70-90dc-b1a9170c3711,InventoryLinking.RelatedNameKey,,,2026-03-19T22:25:51.000+00:00,,2026-03-19T22:25:52.916+00:00,2026-03-19T22:33:16.579+00:00,False,e40yx52dkbjpcqazimno9yvh4k
f2034e14-3b1d-4c72-9d77-8b947abf1c60,617a780c-fb7f-4b65-b7e4-71801fa174a5,f2034e14-3b1d-4c72-9d77-8b947abf1c60,asset_65358_320256,assets,1e2e8631-5491-416f-95f1-37886d8e5ac8,vendor_65358_320256,vendors,Related,7f19b09e-f4c0-4c70-90dc-b1a9170c3711,InventoryLinking.RelatedNameKey,,,2026-03-19T22:32:37.000+00:00,,2026-03-19T22:32:38.085+00:00,2026-03-19T22:37:17.120+00:00,False,e40yx52dkbjpcqazimno9yvh4k
af01a0bc-7fe7-4ea8-acc1-3eb3c217f5ed,e81d22d0-6892-4a35-8d57-df011a5a6ead,af01a0bc-7fe7-4ea8-acc1-3eb3c217f5ed,asset_75152_master_7861527,assets,d6d37246-1e3d-4111-9789-45782795b552,asset_75152_local_7861527,assets,Related,7f19b09e-f4c0-4c70-90dc-b1a9170c3711,InventoryLinking.RelatedNameKey,,,2026-03-19T22:32:45.000+00:00,,2026-03-19T22:32:45.595+00:00,2026-03-19T22:37:17.120+00:00,False,e40yx52dkbjpcqazimno9yvh4k
b9e2cbb2-43aa-4764-805a-3605b5fca330,076d344a-f8fe-491c-879f-e37a5bbba822,b9e2cbb2-43aa-4764-805a-3605b5fca330,vendor_77416_2487444,vendors,45e85c39-41b3-455a-8559-f108ace21314,vendor_2_77416_2487444,vendors,Related,7f19b09e-f4c0-4c70-90dc-b1a9170c3711,InventoryLinking.RelatedNameKey,,,2026-03-19T22:43:56.000+00:00,,2026-03-19T22:43:57.239+00:00,2026-03-19T22:49:14.700+00:00,False,e40yx52dkbjpcqazimno9yvh4k
b9e2cbb2-43aa-4764-805a-3605b5fca330,1efb26bf-fea5-43c3-93c6-980d61269f91,b9e2cbb2-43aa-4764-805a-3605b5fca330,vendor_77416_2487444,vendors,3fffd964-a5c3-43f4-a771-2df5fee01d51,vendor_3_77416_2487444,vendors,Related,7f19b09e-f4c0-4c70-90dc-b1a9170c3711,InventoryLinking.RelatedNameKey,,,2026-03-19T22:43:57.000+00:00,,2026-03-19T22:43:57.982+00:00,2026-03-19T22:49:14.700+00:00,False,e40yx52dkbjpcqazimno9yvh4k
b9e2cbb2-43aa-4764-805a-3605b5fca330,3c54bdcd-94e4-4be9-9045-cde772e2d6d3,b9e2cbb2-43aa-4764-805a-3605b5fca330,vendor_77416_2487444,vendors,2d77e03b-9bc1-442d-baeb-2dd285fa880b,asset_77416_1_2487444,assets,Related,7f19b09e-f4c0-4c70-90dc-b1a9170c3711,InventoryLinking.RelatedNameKey,,,2026-03-19T22:43:47.000+00:00,,2026-03-19T22:43:48.149+00:00,2026-03-19T22:49:14.700+00:00,False,e40yx52dkbjpcqazimno9yvh4k
b9e2cbb2-43aa-4764-805a-3605b5fca330,6da0a0f9-97de-46f0-95b1-7a0273d206ee,b9e2cbb2-43aa-4764-805a-3605b5fca330,vendor_77416_2487444,vendors,64c1582c-4cef-493f-9db3-dd4517deb6c1,entity_3_77416_2487444,entities,Related,7f19b09e-f4c0-4c70-90dc-b1a9170c3711,InventoryLinking.RelatedNameKey,,,2026-03-19T22:44:02.000+00:00,,2026-03-19T22:44:03.002+00:00,2026-03-19T22:49:14.700+00:00,False,e40yx52dkbjpcqazimno9yvh4k
b9e2cbb2-43aa-4764-805a-3605b5fca330,83e1469d-9f9b-4085-b058-d56f661923f9,b9e2cbb2-43aa-4764-805a-3605b5fca330,vendor_77416_2487444,vendors,6bf2cde2-354a-4ed5-9bb7-abd5bcf9edf8,vendor_6_77416_2487444,vendors,Related,7f19b09e-f4c0-4c70-90dc-b1a9170c3711,InventoryLinking.RelatedNameKey,,,2026-03-19T22:43:59.000+00:00,,2026-03-19T22:44:00.215+00:00,2026-03-19T22:49:14.700+00:00,False,e40yx52dkbjpcqazimno9yvh4k
b9e2cbb2-43aa-4764-805a-3605b5fca330,8882dcb2-879f-421d-bcf2-121918bba906,b9e2cbb2-43aa-4764-805a-3605b5fca330,vendor_77416_2487444,vendors,6e71d4d9-0706-48a3-a31b-fb0c15bd016c,vendor_5_77416_2487444,vendors,Related,7f19b09e-f4c0-4c70-90dc-b1a9170c3711,InventoryLinking.RelatedNameKey,,,2026-03-19T22:43:59.000+00:00,,2026-03-19T22:43:59.540+00:00,2026-03-19T22:49:14.700+00:00,False,e40yx52dkbjpcqazimno9yvh4k
b9e2cbb2-43aa-4764-805a-3605b5fca330,90237935-8068-45cd-8c80-d663f4780c93,b9e2cbb2-43aa-4764-805a-3605b5fca330,vendor_77416_2487444,vendors,113d6bbf-a9b6-4ff3-8cdc-cda96dd22a4f,entity_5_77416_2487444,entities,Related,7f19b09e-f4c0-4c70-90dc-b1a9170c3711,InventoryLinking.RelatedNameKey,,,2026-03-19T22:44:04.000+00:00,,2026-03-19T22:44:05.074+00:00,2026-03-19T22:49:14.700+00:00,False,e40yx52dkbjpcqazimno9yvh4k
b9e2cbb2-43aa-4764-805a-3605b5fca330,93959485-da4a-4ca3-93b7-99fc6f274dd0,b9e2cbb2-43aa-4764-805a-3605b5fca330,vendor_77416_2487444,vendors,239df127-4710-407c-9652-6394830b875f,entity_2_77416_2487444,entities,Related,7f19b09e-f4c0-4c70-90dc-b1a9170c3711,InventoryLinking.RelatedNameKey,,,2026-03-19T22:44:01.000+00:00,,2026-03-19T22:44:02.119+00:00,2026-03-19T22:49:14.700+00:00,False,e40yx52dkbjpcqazimno9yvh4k
b9e2cbb2-43aa-4764-805a-3605b5fca330,9971bc10-c979-45bc-ac7a-61fff999348c,b9e2cbb2-43aa-4764-805a-3605b5fca330,vendor_77416_2487444,vendors,d38eb6c4-c289-4a44-a20b-c6adfba94f22,asset_77416_2_2487444,assets,Related,7f19b09e-f4c0-4c70-90dc-b1a9170c3711,InventoryLinking.RelatedNameKey,,,2026-03-19T22:43:49.000+00:00,,2026-03-19T22:43:49.703+00:00,2026-03-19T22:49:14.700+00:00,False,e40yx52dkbjpcqazimno9yvh4k
b9e2cbb2-43aa-4764-805a-3605b5fca330,9a4c7769-defe-4173-bf39-84c59062c09e,b9e2cbb2-43aa-4764-805a-3605b5fca330,vendor_77416_2487444,vendors,c4f4d88d-abf4-4dfb-9f84-49dd75151a62,vendor_4_77416_2487444,vendors,Related,7f19b09e-f4c0-4c70-90dc-b1a9170c3711,InventoryLinking.RelatedNameKey,,,2026-03-19T22:43:58.000+00:00,,2026-03-19T22:43:58.826+00:00,2026-03-19T22:49:14.700+00:00,False,e40yx52dkbjpcqazimno9yvh4k
b9e2cbb2-43aa-4764-805a-3605b5fca330,a98c731e-122e-4348-a22c-a5d1a92b1e6c,b9e2cbb2-43aa-4764-805a-3605b5fca330,vendor_77416_2487444,vendors,40f91b5b-e0c8-4ba0-bf88-f17beacc4087,entity_1_77416_2487444,entities,Related,7f19b09e-f4c0-4c70-90dc-b1a9170c3711,InventoryLinking.RelatedNameKey,,,2026-03-19T22:44:00.000+00:00,,2026-03-19T22:44:01.244+00:00,2026-03-19T22:49:14.700+00:00,False,e40yx52dkbjpcqazimno9yvh4k
b9e2cbb2-43aa-4764-805a-3605b5fca330,c6a7e498-840f-45b7-b979-a890feb53337,b9e2cbb2-43aa-4764-805a-3605b5fca330,vendor_77416_2487444,vendors,03d8dba5-474d-447c-aa78-c0ea686028e1,entity_6_77416_2487444,entities,Related,7f19b09e-f4c0-4c70-90dc-b1a9170c3711,InventoryLinking.RelatedNameKey,,,2026-03-19T22:44:05.000+00:00,,2026-03-19T22:44:06.050+00:00,2026-03-19T22:49:14.700+00:00,False,e40yx52dkbjpcqazimno9yvh4k
b9e2cbb2-43aa-4764-805a-3605b5fca330,d448e8a6-63be-4dc5-a340-7ff48e1b2292,b9e2cbb2-43aa-4764-805a-3605b5fca330,vendor_77416_2487444,vendors,4d29b5c1-f2aa-443a-b3e6-b3c810031df6,asset_77416_3_2487444,assets,Related,7f19b09e-f4c0-4c70-90dc-b1a9170c3711,InventoryLinking.RelatedNameKey,,,2026-03-19T22:43:50.000+00:00,,2026-03-19T22:43:51.326+00:00,2026-03-19T22:49:14.700+00:00,False,e40yx52dkbjpcqazimno9yvh4k
b9e2cbb2-43aa-4764-805a-3605b5fca330,e4896cc7-8f17-428f-af65-abb73c5bd5b1,b9e2cbb2-43aa-4764-805a-3605b5fca330,vendor_77416_2487444,vendors,07630d4d-1e3c-4404-8a9e-4bc4db429874,vendor_1_77416_2487444,vendors,Related,7f19b09e-f4c0-4c70-90dc-b1a9170c3711,InventoryLinking.RelatedNameKey,,,2026-03-19T22:43:56.000+00:00,,2026-03-19T22:43:56.610+00:00,2026-03-19T22:49:14.700+00:00,False,e40yx52dkbjpcqazimno9yvh4k
b9e2cbb2-43aa-4764-805a-3605b5fca330,f035dc41-fb6e-405c-9631-5baec080ec35,b9e2cbb2-43aa-4764-805a-3605b5fca330,vendor_77416_2487444,vendors,99e6e9cb-c9d9-4316-a0a5-ffb932c28c3b,entity_4_77416_2487444,entities,Related,7f19b09e-f4c0-4c70-90dc-b1a9170c3711,InventoryLinking.RelatedNameKey,,,2026-03-19T22:44:03.000+00:00,,2026-03-19T22:44:03.900+00:00,2026-03-19T22:49:14.700+00:00,False,e40yx52dkbjpcqazimno9yvh4k
3876ce8d-6253-4b48-a4b6-077ceb5402be,094c6fc6-e747-4fdf-9f94-3c778524d787,3876ce8d-6253-4b48-a4b6-077ceb5402be,entity_2_65365_6057616,entities,0e407500-deb9-49ab-9e97-ad9fa98e8e58,entity_1_65365_6057616,entities,Related,7f19b09e-f4c0-4c70-90dc-b1a9170c3711,InventoryLinking.RelatedNameKey,,,2026-03-19T22:55:32.000+00:00,,2026-03-19T22:55:33.585+00:00,2026-03-19T23:00:17.967+00:00,False,e40yx52dkbjpcqazimno9yvh4k
b9038b5b-8b03-4967-86c4-7ea691f0c1ff,c04baffe-861c-401a-aef3-ad58039230a4,b9038b5b-8b03-4967-86c4-7ea691f0c1ff,pa_53381_8680978,processing-activities,d9d903e4-f1b8-4f4a-b7bf-6067592c5b66,vendor_53381_8680978,vendors,Related,7f19b09e-f4c0-4c70-90dc-b1a9170c3711,InventoryLinking.RelatedNameKey,,,2026-03-19T23:03:30.000+00:00,,2026-03-19T23:03:30.887+00:00,2026-03-19T23:08:39.551+00:00,False,e40yx52dkbjpcqazimno9yvh4k
3eca175e-2239-4f00-bcd5-c088743e145a,efb4f2e8-527e-4dae-83e2-722e00829825,3eca175e-2239-4f00-bcd5-c088743e145a,entity_75399_master_8399020,entities,99e1de85-5cf1-4f34-8b49-58c6699e04b8,entity_75399_local_8399020,entities,Related,7f19b09e-f4c0-4c70-90dc-b1a9170c3711,InventoryLinking.RelatedNameKey,,,2026-03-19T23:07:28.000+00:00,,2026-03-19T23:07:28.941+00:00,2026-03-19T23:13:09.649+00:00,False,e40yx52dkbjpcqazimno9yvh4k
e1b58434-6243-43a5-8275-407fab015edd,24bc3779-4f45-4dd9-9ba9-40089924cc59,e1b58434-6243-43a5-8275-407fab015edd,asset_1_65512_7152929,assets,3677262d-31b5-40b6-9d8e-39be4b3dee36,asset_2_65512_7152929,assets,Related,7f19b09e-f4c0-4c70-90dc-b1a9170c3711,InventoryLinking.RelatedNameKey,,,2026-03-19T23:32:26.000+00:00,,2026-03-19T23:32:27.369+00:00,2026-03-19T23:36:40.103+00:00,False,e40yx52dkbjpcqazimno9yvh4k
e1b58434-6243-43a5-8275-407fab015edd,394b4df6-8555-4d96-b991-20262ad1d5c9,e1b58434-6243-43a5-8275-407fab015edd,asset_1_65512_7152929,assets,1c2384bb-8c53-4339-a4a3-a0eaa00f6a52,vendor_65512_7152929,vendors,Related,7f19b09e-f4c0-4c70-90dc-b1a9170c3711,InventoryLinking.RelatedNameKey,,,2026-03-19T23:32:26.000+00:00,,2026-03-19T23:32:27.712+00:00,2026-03-19T23:36:40.103+00:00,False,e40yx52dkbjpcqazimno9yvh4k
e1b58434-6243-43a5-8275-407fab015edd,90fa0be1-4628-470b-829a-f80fd9d932f5,e1b58434-6243-43a5-8275-407fab015edd,asset_1_65512_7152929,assets,7f5ecd74-9f07-4a3e-b396-9bc8f017fd99,pa_65512_7152929,processing-activities,Related,7f19b09e-f4c0-4c70-90dc-b1a9170c3711,InventoryLinking.RelatedNameKey,,,2026-03-19T23:32:26.000+00:00,,2026-03-19T23:32:27.497+00:00,2026-03-19T23:36:40.103+00:00,False,e40yx52dkbjpcqazimno9yvh4k
c92a6bbc-125f-4ae5-976a-d61e449e0410,1641b017-42a7-4490-87e0-f8709b97f7d7,c92a6bbc-125f-4ae5-976a-d61e449e0410,pa_2_65344_4205068,processing-activities,763cbbad-21c7-4289-8983-a50e27b93557,pa_1_65344_4205068,processing-activities,Related,7f19b09e-f4c0-4c70-90dc-b1a9170c3711,InventoryLinking.RelatedNameKey,,,2026-03-19T23:38:34.000+00:00,,2026-03-19T23:38:34.813+00:00,2026-03-19T23:43:41.636+00:00,False,e40yx52dkbjpcqazimno9yvh4k
2cbe0738-5363-4e81-ba18-75b24b5f9fdb,bb5a9c66-618f-4ddc-990d-bfc9c1e1051b,2cbe0738-5363-4e81-ba18-75b24b5f9fdb,vendor_1_4435166,vendors,f03e2e31-3c70-461d-8ac8-547baf212a5b,assets_1_4435166,assets,Related,7f19b09e-f4c0-4c70-90dc-b1a9170c3711,InventoryLinking.RelatedNameKey,,,2026-03-19T23:40:33.000+00:00,,2026-03-19T23:40:34.423+00:00,2026-03-19T23:43:41.636+00:00,False,e40yx52dkbjpcqazimno9yvh4k
5e2f2d31-a067-4cf6-8c64-f1b4a9634615,eca3fd5f-036e-49e7-b521-62ff364d0bae,5e2f2d31-a067-4cf6-8c64-f1b4a9634615,entity_66365_02_9784161,entities,b5e23e59-836f-465e-816a-0f646f005dcc,entity_66365_01_9784161,entities,Related,7f19b09e-f4c0-4c70-90dc-b1a9170c3711,InventoryLinking.RelatedNameKey,,,2026-03-19T23:39:38.000+00:00,,2026-03-19T23:39:38.827+00:00,2026-03-19T23:43:41.636+00:00,False,e40yx52dkbjpcqazimno9yvh4k
e72772c0-65e8-4b11-bcf6-8134af569cad,0b450602-e280-4e67-8153-f8acf592645d,e72772c0-65e8-4b11-bcf6-8134af569cad,asset_65363_3557783,assets,bc223cf8-d4dd-454c-b864-a0f3dba6be35,pa_65363_3557783,processing-activities,Related,7f19b09e-f4c0-4c70-90dc-b1a9170c3711,InventoryLinking.RelatedNameKey,,,2026-03-19T23:55:11.000+00:00,,2026-03-19T23:55:12.453+00:00,2026-03-19T23:59:46.333+00:00,False,e40yx52dkbjpcqazimno9yvh4k
53969da1-2bea-4020-81c7-b814eafb395d,58979fce-37f6-40f1-b646-a6eb74ba97ca,53969da1-2bea-4020-81c7-b814eafb395d,vendor_1_71758_5060323,vendors,be580806-95ec-4806-b81c-15a94b1bc8db,vendor_2_71758_5060323,vendors,Related,7f19b09e-f4c0-4c70-90dc-b1a9170c3711,InventoryLinking.RelatedNameKey,,,2026-03-19T23:56:33.000+00:00,,2026-03-19T23:56:33.986+00:00,2026-03-19T23:59:46.333+00:00,False,e40yx52dkbjpcqazimno9yvh4k
15574b19-9300-4ab4-b548-f31dbaa79aef,f2b18cd3-c443-49fc-903d-2ddf5aed84c1,15574b19-9300-4ab4-b548-f31dbaa79aef,entity_61597_4818873,entities,e238fbdb-6499-4f1f-92f4-f4736df3bc72,asset_61597_4818873,assets,Related,7f19b09e-f4c0-4c70-90dc-b1a9170c3711,InventoryLinking.RelatedNameKey,,,2026-03-19T23:56:36.000+00:00,,2026-03-19T23:56:36.875+00:00,2026-03-19T23:59:46.333+00:00,False,e40yx52dkbjpcqazimno9yvh4k
3c32afbe-a192-4a98-bffc-07f7ec9d3d33,c1a22eee-cb59-4609-bf86-fe2c10e7cf59,3c32afbe-a192-4a98-bffc-07f7ec9d3d33,entity2_3215_4899324,entities,45dc6562-a9f3-4bcf-8a3c-5457752ba91f,entity1_3215_4899324,entities,Related,7f19b09e-f4c0-4c70-90dc-b1a9170c3711,InventoryLinking.RelatedNameKey,,,2026-03-19T23:57:37.000+00:00,,2026-03-19T23:57:37.820+00:00,2026-03-20T00:09:08.819+00:00,False,e40yx52dkbjpcqazimno9yvh4k
c808f226-5c71-412f-9c01-aa708287646c,32d0bc8b-1e0d-4c00-a2bc-967cf9f06b82,c808f226-5c71-412f-9c01-aa708287646c,entity_92689_447106,entities,5ef4ba77-f3a4-4f00-bb56-35b0d8e8683a,vendor_92689_447106,vendors,Related,7f19b09e-f4c0-4c70-90dc-b1a9170c3711,InventoryLinking.RelatedNameKey,,,2026-03-20T00:00:47.000+00:00,,2026-03-20T00:00:48.587+00:00,2026-03-20T00:14:45.384+00:00,False,e40yx52dkbjpcqazimno9yvh4k
3b366083-49d4-45fa-95cc-4a98e7c8e789,4bf5857d-7c63-45ec-a5bd-066a92e2141b,3b366083-49d4-45fa-95cc-4a98e7c8e789,,processing-activities,69876199-bbd4-4c30-8820-a724be274404,,assets,Related,7f19b09e-f4c0-4c70-90dc-b1a9170c3711,InventoryLinking.RelatedNameKey,,,,,2026-03-20T00:30:54.298+00:00,2026-03-20T00:38:36.836+00:00,True,e40yx52dkbjpcqazimno9yvh4k
9140aa7e-8b0f-48de-8284-3f7bf98e8b10,b79a98b9-ac52-436e-8c18-4591e728b25a,9140aa7e-8b0f-48de-8284-3f7bf98e8b10,,processing-activities,69876199-bbd4-4c30-8820-a724be274404,,assets,Related,7f19b09e-f4c0-4c70-90dc-b1a9170c3711,InventoryLinking.RelatedNameKey,,,,,2026-03-20T00:30:54.987+00:00,2026-03-20T00:38:36.836+00:00,True,e40yx52dkbjpcqazimno9yvh4k
10be9ff0-1e7c-4aa1-82a4-57510b3f5777,2029bf11-8b95-4c38-825b-d45ac59a5856,10be9ff0-1e7c-4aa1-82a4-57510b3f5777,,vendors,e1e89e52-b9a7-4302-a274-e700d11a3f5d,,vendors,Related,7f19b09e-f4c0-4c70-90dc-b1a9170c3711,InventoryLinking.RelatedNameKey,,,,,2026-03-20T00:42:44.101+00:00,2026-03-20T00:46:45.934+00:00,True,e40yx52dkbjpcqazimno9yvh4k
99d46293-9dcd-4da9-bb19-e543821a2089,94921fe3-4174-45c2-b2ba-342effdddc18,99d46293-9dcd-4da9-bb19-e543821a2089,,assets,e1e89e52-b9a7-4302-a274-e700d11a3f5d,,vendors,Related,7f19b09e-f4c0-4c70-90dc-b1a9170c3711,InventoryLinking.RelatedNameKey,,,,,2026-03-20T00:42:41.431+00:00,2026-03-20T00:46:45.934+00:00,True,e40yx52dkbjpcqazimno9yvh4k
591a4bde-eb0d-4f97-acf8-15175a411431,fd8a4e4d-95fc-4d3a-abbd-be4f6d9ba547,591a4bde-eb0d-4f97-acf8-15175a411431,,processing-activities,e1e89e52-b9a7-4302-a274-e700d11a3f5d,,vendors,Related,7f19b09e-f4c0-4c70-90dc-b1a9170c3711,InventoryLinking.RelatedNameKey,,,,,2026-03-20T00:42:42.899+00:00,2026-03-20T00:46:45.934+00:00,True,e40yx52dkbjpcqazimno9yvh4k
7a0a1ff2-7ab1-4947-a8cf-69f222cc9d84,4c10b7f9-0e80-4e66-9f70-49d90a498783,7a0a1ff2-7ab1-4947-a8cf-69f222cc9d84,asset_1490_476304,assets,c4bb399a-d92d-4377-8bf5-86a5c47287d4,entity_1490_476304,entities,Related,7f19b09e-f4c0-4c70-90dc-b1a9170c3711,InventoryLinking.RelatedNameKey,,,2026-03-20T01:12:29.000+00:00,,2026-03-20T01:12:29.966+00:00,2026-03-20T01:15:11.231+00:00,False,e40yx52dkbjpcqazimno9yvh4k
26c76648-8cc9-4183-8924-8b67bdaeb6ff,9651b953-68f4-497d-80b1-27987da1042e,26c76648-8cc9-4183-8924-8b67bdaeb6ff,pa_1490_476304,processing-activities,7a0a1ff2-7ab1-4947-a8cf-69f222cc9d84,asset_1490_476304,assets,Related,7f19b09e-f4c0-4c70-90dc-b1a9170c3711,InventoryLinking.RelatedNameKey,,,2026-03-20T01:11:49.000+00:00,,2026-03-20T01:11:49.664+00:00,2026-03-20T01:15:11.231+00:00,False,e40yx52dkbjpcqazimno9yvh4k
edb9103e-9da0-467e-8f1f-d2fa7a2c59ea,0dbc2ed5-237e-4a9d-8a0b-50df1a878a35,edb9103e-9da0-467e-8f1f-d2fa7a2c59ea,asset_2428_2_5589279,assets,7715e5d7-437f-451e-8793-3c36afca8879,vendor_2428_1_5589279,vendors,Related,7f19b09e-f4c0-4c70-90dc-b1a9170c3711,InventoryLinking.RelatedNameKey,,,2026-03-20T01:14:47.000+00:00,,2026-03-20T01:14:48.883+00:00,2026-03-20T01:17:41.887+00:00,False,e40yx52dkbjpcqazimno9yvh4k
87592d35-761a-4b25-bdb0-b9d9f715e6c1,28db5ca7-0f32-440a-b963-d16b37ba765a,87592d35-761a-4b25-bdb0-b9d9f715e6c1,asset_2428_1_5589279,assets,d0e52bdd-e235-4cad-9198-bb03c028c3f1,pa_2428_1_5589279,processing-activities,Related,7f19b09e-f4c0-4c70-90dc-b1a9170c3711,InventoryLinking.RelatedNameKey,,,2026-03-20T01:14:41.000+00:00,,2026-03-20T01:14:41.645+00:00,2026-03-20T01:17:41.887+00:00,False,e40yx52dkbjpcqazimno9yvh4k
26c76648-8cc9-4183-8924-8b67bdaeb6ff,8713548b-d623-4904-9118-19e24b9c1fd4,26c76648-8cc9-4183-8924-8b67bdaeb6ff,pa_1490_476304,processing-activities,13c4e2eb-0761-4263-b0e1-03775a420943,z_pa_1_1490_476304,processing-activities,Related,7f19b09e-f4c0-4c70-90dc-b1a9170c3711,InventoryLinking.RelatedNameKey,,,2026-03-20T01:12:56.000+00:00,,2026-03-20T01:12:57.126+00:00,2026-03-20T01:17:41.887+00:00,False,e40yx52dkbjpcqazimno9yvh4k
6aec68ef-e55d-478c-8a6d-77f07d306888,8c42b4d1-45ef-42ea-9925-ce0281f109b6,6aec68ef-e55d-478c-8a6d-77f07d306888,pa_2428_5589279,processing-activities,49877285-b2f2-4f71-b975-00eb42708329,asset_2428_5589279,assets,Related,7f19b09e-f4c0-4c70-90dc-b1a9170c3711,InventoryLinking.RelatedNameKey,,,2026-03-20T01:14:33.000+00:00,,2026-03-20T01:14:33.954+00:00,2026-03-20T01:17:41.887+00:00,False,e40yx52dkbjpcqazimno9yvh4k
b64ea482-f9ad-44fe-8789-99d8d41f51e5,ada37679-906d-4b56-8fc5-4d7c63388e86,b64ea482-f9ad-44fe-8789-99d8d41f51e5,vendor_2428_5589279,vendors,49877285-b2f2-4f71-b975-00eb42708329,asset_2428_5589279,assets,Related,7f19b09e-f4c0-4c70-90dc-b1a9170c3711,InventoryLinking.RelatedNameKey,,,2026-03-20T01:14:36.000+00:00,,2026-03-20T01:14:37.060+00:00,2026-03-20T01:17:41.887+00:00,False,e40yx52dkbjpcqazimno9yvh4k
87592d35-761a-4b25-bdb0-b9d9f715e6c1,c17cafb7-2331-40c6-954c-1e548a202f6e,87592d35-761a-4b25-bdb0-b9d9f715e6c1,asset_2428_1_5589279,assets,f8ab634f-7cf9-4f93-b03a-5a72c81930d2,entity_2428_1_5589279,entities,Related,7f19b09e-f4c0-4c70-90dc-b1a9170c3711,InventoryLinking.RelatedNameKey,,,2026-03-20T01:14:45.000+00:00,,2026-03-20T01:14:46.460+00:00,2026-03-20T01:17:41.887+00:00,False,e40yx52dkbjpcqazimno9yvh4k
d179abbe-093e-4f46-a448-02c68f26230a,d0d4f945-846d-473f-8483-a44f086fd711,d179abbe-093e-4f46-a448-02c68f26230a,entity_2428_5589279,entities,49877285-b2f2-4f71-b975-00eb42708329,asset_2428_5589279,assets,Related,7f19b09e-f4c0-4c70-90dc-b1a9170c3711,InventoryLinking.RelatedNameKey,,,2026-03-20T01:14:38.000+00:00,,2026-03-20T01:14:39.191+00:00,2026-03-20T01:17:41.887+00:00,False,e40yx52dkbjpcqazimno9yvh4k
d631b97f-032d-4ed6-b2c3-35654e0cf1bb,adee85ac-3fac-4b01-8670-3da03ebddbd2,d631b97f-032d-4ed6-b2c3-35654e0cf1bb,entity_65375_02_6172258,entities,785beb94-7afa-44a9-92e6-b58eb52305f4,entity_65375_01_6172258,entities,Related,7f19b09e-f4c0-4c70-90dc-b1a9170c3711,InventoryLinking.RelatedNameKey,,,2026-03-20T01:24:13.000+00:00,,2026-03-20T01:24:14.594+00:00,2026-03-20T01:27:10.004+00:00,False,e40yx52dkbjpcqazimno9yvh4k
e1002f4f-bc12-4a7f-a904-e40b52f801a3,01aafd87-9da6-45d4-8934-d137691fbfe6,e1002f4f-bc12-4a7f-a904-e40b52f801a3,asset_58588_archived_8519858,assets,bed6df5e-bca0-4793-9aae-8cb61da48ce5,asset_58588_8519858,assets,Related,7f19b09e-f4c0-4c70-90dc-b1a9170c3711,InventoryLinking.RelatedNameKey,,,2026-03-20T01:40:16.000+00:00,,2026-03-20T01:40:17.325+00:00,2026-03-20T01:42:12.516+00:00,False,e40yx52dkbjpcqazimno9yvh4k
811ad161-4186-49a4-a93b-124f222dca93,04e91584-1c95-4206-93b3-6ec49d0ca1f1,811ad161-4186-49a4-a93b-124f222dca93,asset_58588_pending_8519858,assets,e4065892-6e15-4722-b1dd-dc7e9f089bd7,pa_58588_8519858,processing-activities,Related,7f19b09e-f4c0-4c70-90dc-b1a9170c3711,InventoryLinking.RelatedNameKey,,,2026-03-20T01:40:19.000+00:00,,2026-03-20T01:40:20.077+00:00,2026-03-20T01:42:12.516+00:00,False,e40yx52dkbjpcqazimno9yvh4k
f7ba977b-02ee-4cf4-9cf4-c00d0f7a0758,0f33f8a5-658a-479d-a330-ffaf0dfb5599,f7ba977b-02ee-4cf4-9cf4-c00d0f7a0758,entity_58588_pending_8519858,entities,536fa302-9d45-4321-8dca-2ae22ee72ecc,vendor_58588_8519858,vendors,Related,7f19b09e-f4c0-4c70-90dc-b1a9170c3711,InventoryLinking.RelatedNameKey,,,2026-03-20T01:40:28.000+00:00,,2026-03-20T01:40:29.612+00:00,2026-03-20T01:42:12.516+00:00,False,e40yx52dkbjpcqazimno9yvh4k
811ad161-4186-49a4-a93b-124f222dca93,3560239b-1f3f-4c5c-b43a-98d1097599fd,811ad161-4186-49a4-a93b-124f222dca93,asset_58588_pending_8519858,assets,536fa302-9d45-4321-8dca-2ae22ee72ecc,vendor_58588_8519858,vendors,Related,7f19b09e-f4c0-4c70-90dc-b1a9170c3711,InventoryLinking.RelatedNameKey,,,2026-03-20T01:40:21.000+00:00,,2026-03-20T01:40:21.997+00:00,2026-03-20T01:42:12.516+00:00,False,e40yx52dkbjpcqazimno9yvh4k
811ad161-4186-49a4-a93b-124f222dca93,5ce20592-7856-45b9-836b-47f5eec8b19d,811ad161-4186-49a4-a93b-124f222dca93,asset_58588_pending_8519858,assets,627c0067-67e1-49bf-914d-3ed54ce148e0,entity_58588_8519858,entities,Related,7f19b09e-f4c0-4c70-90dc-b1a9170c3711,InventoryLinking.RelatedNameKey,,,2026-03-20T01:40:17.000+00:00,,2026-03-20T01:40:18.273+00:00,2026-03-20T01:42:12.516+00:00,False,e40yx52dkbjpcqazimno9yvh4k
6a428396-8d97-4d80-999b-8360e6bc21c1,65e6b9d8-e329-4834-9b7e-21e67b519699,6a428396-8d97-4d80-999b-8360e6bc21c1,pa_58588_archived_8519858,processing-activities,bed6df5e-bca0-4793-9aae-8cb61da48ce5,asset_58588_8519858,assets,Related,7f19b09e-f4c0-4c70-90dc-b1a9170c3711,InventoryLinking.RelatedNameKey,,,2026-03-20T01:40:31.000+00:00,,2026-03-20T01:40:32.214+00:00,2026-03-20T01:42:12.516+00:00,False,e40yx52dkbjpcqazimno9yvh4k
f7ba977b-02ee-4cf4-9cf4-c00d0f7a0758,6bd94f87-9629-4669-b389-9cedcfb4ddea,f7ba977b-02ee-4cf4-9cf4-c00d0f7a0758,entity_58588_pending_8519858,entities,627c0067-67e1-49bf-914d-3ed54ce148e0,entity_58588_8519858,entities,Related,7f19b09e-f4c0-4c70-90dc-b1a9170c3711,InventoryLinking.RelatedNameKey,,,2026-03-20T01:40:25.000+00:00,,2026-03-20T01:40:25.613+00:00,2026-03-20T01:42:12.516+00:00,False,e40yx52dkbjpcqazimno9yvh4k
b174e3e0-4c51-46fc-9db7-8ef5e3d5b00c,92d32963-a0a9-4d1d-98f0-99b725925b3b,b174e3e0-4c51-46fc-9db7-8ef5e3d5b00c,vendor_59428_5170984,vendors,84232562-4ace-4a9e-a6d4-1007feb6d528,asset_59428_5170984,assets,Related,7f19b09e-f4c0-4c70-90dc-b1a9170c3711,InventoryLinking.RelatedNameKey,,,2026-03-20T01:39:56.000+00:00,,2026-03-20T01:39:57.610+00:00,2026-03-20T01:42:12.516+00:00,False,e40yx52dkbjpcqazimno9yvh4k
811ad161-4186-49a4-a93b-124f222dca93,b713f099-f4e1-4067-ac7e-010d723dc8da,811ad161-4186-49a4-a93b-124f222dca93,asset_58588_pending_8519858,assets,bed6df5e-bca0-4793-9aae-8cb61da48ce5,asset_58588_8519858,assets,Related,7f19b09e-f4c0-4c70-90dc-b1a9170c3711,InventoryLinking.RelatedNameKey,,,2026-03-20T01:40:16.000+00:00,,2026-03-20T01:40:16.481+00:00,2026-03-20T01:42:12.516+00:00,False,e40yx52dkbjpcqazimno9yvh4k
f6ff3be9-a4eb-45d7-9dd6-42c26070a043,be5c83fa-c191-4d2f-8eb1-9331964c6a26,f6ff3be9-a4eb-45d7-9dd6-42c26070a043,entity_58588_archived_8519858,entities,627c0067-67e1-49bf-914d-3ed54ce148e0,entity_58588_8519858,entities,Related,7f19b09e-f4c0-4c70-90dc-b1a9170c3711,InventoryLinking.RelatedNameKey,,,2026-03-20T01:40:25.000+00:00,,2026-03-20T01:40:26.313+00:00,2026-03-20T01:42:12.516+00:00,False,e40yx52dkbjpcqazimno9yvh4k
e1002f4f-bc12-4a7f-a904-e40b52f801a3,cecb5e01-e9c6-40dc-84df-7ab7539896c9,e1002f4f-bc12-4a7f-a904-e40b52f801a3,asset_58588_archived_8519858,assets,536fa302-9d45-4321-8dca-2ae22ee72ecc,vendor_58588_8519858,vendors,Related,7f19b09e-f4c0-4c70-90dc-b1a9170c3711,InventoryLinking.RelatedNameKey,,,2026-03-20T01:40:22.000+00:00,,2026-03-20T01:40:23.066+00:00,2026-03-20T01:42:12.516+00:00,False,e40yx52dkbjpcqazimno9yvh4k
e1002f4f-bc12-4a7f-a904-e40b52f801a3,e25173dd-5816-4345-950c-2cd3bf493c57,e1002f4f-bc12-4a7f-a904-e40b52f801a3,asset_58588_archived_8519858,assets,627c0067-67e1-49bf-914d-3ed54ce148e0,entity_58588_8519858,entities,Related,7f19b09e-f4c0-4c70-90dc-b1a9170c3711,InventoryLinking.RelatedNameKey,,,2026-03-20T01:40:18.000+00:00,,2026-03-20T01:40:19.181+00:00,2026-03-20T01:42:12.516+00:00,False,e40yx52dkbjpcqazimno9yvh4k
d490b62c-81a2-4302-9ddb-a0a301f7e5c9,e27fa9b1-c764-4ae0-b862-ddfaab8a45b3,d490b62c-81a2-4302-9ddb-a0a301f7e5c9,pa_58588_pending_8519858,processing-activities,bed6df5e-bca0-4793-9aae-8cb61da48ce5,asset_58588_8519858,assets,Related,7f19b09e-f4c0-4c70-90dc-b1a9170c3711,InventoryLinking.RelatedNameKey,,,2026-03-20T01:40:30.000+00:00,,2026-03-20T01:40:31.433+00:00,2026-03-20T01:42:12.516+00:00,False,e40yx52dkbjpcqazimno9yvh4k
f6ff3be9-a4eb-45d7-9dd6-42c26070a043,e58b9f65-fde4-49d2-bfce-4b0aa24e2ff5,f6ff3be9-a4eb-45d7-9dd6-42c26070a043,entity_58588_archived_8519858,entities,bed6df5e-bca0-4793-9aae-8cb61da48ce5,asset_58588_8519858,assets,Related,7f19b09e-f4c0-4c70-90dc-b1a9170c3711,InventoryLinking.RelatedNameKey,,,2026-03-20T01:40:24.000+00:00,,2026-03-20T01:40:24.899+00:00,2026-03-20T01:42:12.516+00:00,False,e40yx52dkbjpcqazimno9yvh4k
e1002f4f-bc12-4a7f-a904-e40b52f801a3,e65c8b7a-161a-4d78-ba01-1f9edd38ea8a,e1002f4f-bc12-4a7f-a904-e40b52f801a3,asset_58588_archived_8519858,assets,e4065892-6e15-4722-b1dd-dc7e9f089bd7,pa_58588_8519858,processing-activities,Related,7f19b09e-f4c0-4c70-90dc-b1a9170c3711,InventoryLinking.RelatedNameKey,,,2026-03-20T01:40:20.000+00:00,,2026-03-20T01:40:20.991+00:00,2026-03-20T01:42:12.516+00:00,False,e40yx52dkbjpcqazimno9yvh4k
f7ba977b-02ee-4cf4-9cf4-c00d0f7a0758,f318eee1-6c97-4305-bf06-1fbc9bda5fe4,f7ba977b-02ee-4cf4-9cf4-c00d0f7a0758,entity_58588_pending_8519858,entities,bed6df5e-bca0-4793-9aae-8cb61da48ce5,asset_58588_8519858,assets,Related,7f19b09e-f4c0-4c70-90dc-b1a9170c3711,InventoryLinking.RelatedNameKey,,,2026-03-20T01:40:23.000+00:00,,2026-03-20T01:40:23.958+00:00,2026-03-20T01:42:12.516+00:00,False,e40yx52dkbjpcqazimno9yvh4k
f6ff3be9-a4eb-45d7-9dd6-42c26070a043,fe902793-0726-4068-87d2-cb0f1311cd5c,f6ff3be9-a4eb-45d7-9dd6-42c26070a043,entity_58588_archived_8519858,entities,536fa302-9d45-4321-8dca-2ae22ee72ecc,vendor_58588_8519858,vendors,Related,7f19b09e-f4c0-4c70-90dc-b1a9170c3711,InventoryLinking.RelatedNameKey,,,2026-03-20T01:40:29.000+00:00,,2026-03-20T01:40:30.620+00:00,2026-03-20T01:42:12.516+00:00,False,e40yx52dkbjpcqazimno9yvh4k
6a428396-8d97-4d80-999b-8360e6bc21c1,0a55475d-8ade-432a-8346-8e7da510ebf4,6a428396-8d97-4d80-999b-8360e6bc21c1,pa_58588_archived_8519858,processing-activities,e4065892-6e15-4722-b1dd-dc7e9f089bd7,pa_58588_8519858,processing-activities,Related,7f19b09e-f4c0-4c70-90dc-b1a9170c3711,InventoryLinking.RelatedNameKey,,,2026-03-20T01:40:34.000+00:00,,2026-03-20T01:40:34.942+00:00,2026-03-20T01:44:04.582+00:00,False,e40yx52dkbjpcqazimno9yvh4k
20adf85e-f57b-4acc-bc2a-4e422139f8a4,1bfa0589-b87f-4473-b6c2-eed880de7940,20adf85e-f57b-4acc-bc2a-4e422139f8a4,vendor_58588_pending_8519858,vendors,627c0067-67e1-49bf-914d-3ed54ce148e0,entity_58588_8519858,entities,Related,7f19b09e-f4c0-4c70-90dc-b1a9170c3711,InventoryLinking.RelatedNameKey,,,2026-03-20T01:40:39.000+00:00,,2026-03-20T01:40:39.828+00:00,2026-03-20T01:44:04.582+00:00,False,e40yx52dkbjpcqazimno9yvh4k
d490b62c-81a2-4302-9ddb-a0a301f7e5c9,25ddf2f8-ccd0-46eb-bbcb-163cc66be714,d490b62c-81a2-4302-9ddb-a0a301f7e5c9,pa_58588_pending_8519858,processing-activities,e4065892-6e15-4722-b1dd-dc7e9f089bd7,pa_58588_8519858,processing-activities,Related,7f19b09e-f4c0-4c70-90dc-b1a9170c3711,InventoryLinking.RelatedNameKey,,,2026-03-20T01:40:33.000+00:00,,2026-03-20T01:40:34.327+00:00,2026-03-20T01:44:04.582+00:00,False,e40yx52dkbjpcqazimno9yvh4k
20adf85e-f57b-4acc-bc2a-4e422139f8a4,37a3bb6a-0b8c-4b3b-8d49-98e47b2e6865,20adf85e-f57b-4acc-bc2a-4e422139f8a4,vendor_58588_pending_8519858,vendors,e4065892-6e15-4722-b1dd-dc7e9f089bd7,pa_58588_8519858,processing-activities,Related,7f19b09e-f4c0-4c70-90dc-b1a9170c3711,InventoryLinking.RelatedNameKey,,,2026-03-20T01:40:41.000+00:00,,2026-03-20T01:40:41.791+00:00,2026-03-20T01:44:04.582+00:00,False,e40yx52dkbjpcqazimno9yvh4k
5af29725-a643-4859-8af1-63c8c81c07d3,486d8cf4-e796-462f-8d71-040b28207181,5af29725-a643-4859-8af1-63c8c81c07d3,vendor_58588_archived_8519858,vendors,bed6df5e-bca0-4793-9aae-8cb61da48ce5,asset_58588_8519858,assets,Related,7f19b09e-f4c0-4c70-90dc-b1a9170c3711,InventoryLinking.RelatedNameKey,,,2026-03-20T01:40:38.000+00:00,,2026-03-20T01:40:38.856+00:00,2026-03-20T01:44:04.582+00:00,False,e40yx52dkbjpcqazimno9yvh4k
5af29725-a643-4859-8af1-63c8c81c07d3,7bc49fef-e50d-47b9-b797-33ef58840949,5af29725-a643-4859-8af1-63c8c81c07d3,vendor_58588_archived_8519858,vendors,627c0067-67e1-49bf-914d-3ed54ce148e0,entity_58588_8519858,entities,Related,7f19b09e-f4c0-4c70-90dc-b1a9170c3711,InventoryLinking.RelatedNameKey,,,2026-03-20T01:40:40.000+00:00,,2026-03-20T01:40:40.803+00:00,2026-03-20T01:44:04.582+00:00,False,e40yx52dkbjpcqazimno9yvh4k
5af29725-a643-4859-8af1-63c8c81c07d3,7e054d63-7aac-44ef-861d-8ed13f67c02a,5af29725-a643-4859-8af1-63c8c81c07d3,vendor_58588_archived_8519858,vendors,536fa302-9d45-4321-8dca-2ae22ee72ecc,vendor_58588_8519858,vendors,Related,7f19b09e-f4c0-4c70-90dc-b1a9170c3711,InventoryLinking.RelatedNameKey,,,2026-03-20T01:40:43.000+00:00,,2026-03-20T01:40:44.418+00:00,2026-03-20T01:44:04.582+00:00,False,e40yx52dkbjpcqazimno9yvh4k
6a428396-8d97-4d80-999b-8360e6bc21c1,a7603080-27b6-47b8-8ef4-1b4f6045289b,6a428396-8d97-4d80-999b-8360e6bc21c1,pa_58588_archived_8519858,processing-activities,536fa302-9d45-4321-8dca-2ae22ee72ecc,vendor_58588_8519858,vendors,Related,7f19b09e-f4c0-4c70-90dc-b1a9170c3711,InventoryLinking.RelatedNameKey,,,2026-03-20T01:40:36.000+00:00,,2026-03-20T01:40:36.741+00:00,2026-03-20T01:44:04.582+00:00,False,e40yx52dkbjpcqazimno9yvh4k
d490b62c-81a2-4302-9ddb-a0a301f7e5c9,ab21f932-67f3-41f5-bfce-a2537739acb2,d490b62c-81a2-4302-9ddb-a0a301f7e5c9,pa_58588_pending_8519858,processing-activities,536fa302-9d45-4321-8dca-2ae22ee72ecc,vendor_58588_8519858,vendors,Related,7f19b09e-f4c0-4c70-90dc-b1a9170c3711,InventoryLinking.RelatedNameKey,,,2026-03-20T01:40:35.000+00:00,,2026-03-20T01:40:35.773+00:00,2026-03-20T01:44:04.582+00:00,False,e40yx52dkbjpcqazimno9yvh4k
20adf85e-f57b-4acc-bc2a-4e422139f8a4,cb74c49a-9d97-4fbe-be95-ae298f00db21,20adf85e-f57b-4acc-bc2a-4e422139f8a4,vendor_58588_pending_8519858,vendors,bed6df5e-bca0-4793-9aae-8cb61da48ce5,asset_58588_8519858,assets,Related,7f19b09e-f4c0-4c70-90dc-b1a9170c3711,InventoryLinking.RelatedNameKey,,,2026-03-20T01:40:37.000+00:00,,2026-03-20T01:40:37.848+00:00,2026-03-20T01:44:04.582+00:00,False,e40yx52dkbjpcqazimno9yvh4k
5af29725-a643-4859-8af1-63c8c81c07d3,df11837a-d948-4895-968e-869064358d20,5af29725-a643-4859-8af1-63c8c81c07d3,vendor_58588_archived_8519858,vendors,e4065892-6e15-4722-b1dd-dc7e9f089bd7,pa_58588_8519858,processing-activities,Related,7f19b09e-f4c0-4c70-90dc-b1a9170c3711,InventoryLinking.RelatedNameKey,,,2026-03-20T01:40:42.000+00:00,,2026-03-20T01:40:42.695+00:00,2026-03-20T01:44:04.582+00:00,False,e40yx52dkbjpcqazimno9yvh4k
20adf85e-f57b-4acc-bc2a-4e422139f8a4,f8bdb3f4-c940-4ab6-a0c3-ce845807e16f,20adf85e-f57b-4acc-bc2a-4e422139f8a4,vendor_58588_pending_8519858,vendors,536fa302-9d45-4321-8dca-2ae22ee72ecc,vendor_58588_8519858,vendors,Related,7f19b09e-f4c0-4c70-90dc-b1a9170c3711,InventoryLinking.RelatedNameKey,,,2026-03-20T01:40:43.000+00:00,,2026-03-20T01:40:43.572+00:00,2026-03-20T01:44:04.582+00:00,False,e40yx52dkbjpcqazimno9yvh4k
1c5b775f-bdf7-420d-adb2-8ba44de89c1b,be0522ba-f6bf-4957-9e37-290e7e44e0a2,1c5b775f-bdf7-420d-adb2-8ba44de89c1b,vendor_378223,vendors,e5b7683d-60fc-426d-8acd-5c33d30597dd,asset_378223,assets,Related,7f19b09e-f4c0-4c70-90dc-b1a9170c3711,InventoryLinking.RelatedNameKey,,,2026-03-19T17:23:07.000+00:00,,2026-03-20T12:58:05.581+00:00,2026-03-20T13:02:08.719+00:00,True,e40yx52dkbjpcqazimno9yvh4k
9a04be59-fae8-4a75-bcc8-8864a61a8922,83c43118-a0c2-4e76-af07-f590aa0e1192,9a04be59-fae8-4a75-bcc8-8864a61a8922,asset_41139_8439036,assets,d081b0f9-d7a3-4ee3-bf07-eb71251b7f9b,pa_41139_8439036,processing-activities,Related,7f19b09e-f4c0-4c70-90dc-b1a9170c3711,InventoryLinking.RelatedNameKey,,,2026-03-19T17:25:12.000+00:00,,2026-03-19T17:25:13.389+00:00,2026-03-19T17:36:35.502+00:00,False,e40yx52dkbjpcqazimno9yvh4k
367ab99d-ec04-4a84-a9ae-6436a8fa9ba7,f6e2816a-7908-4b40-a2ec-9b5110f2958f,367ab99d-ec04-4a84-a9ae-6436a8fa9ba7,asset_6471802,assets,14829f0c-d87f-4b97-a5c5-d15425a52447,pa_6471802,processing-activities,Related,7f19b09e-f4c0-4c70-90dc-b1a9170c3711,InventoryLinking.RelatedNameKey,,,2026-03-19T17:25:46.000+00:00,,2026-03-19T17:25:46.631+00:00,2026-03-19T17:36:35.502+00:00,False,e40yx52dkbjpcqazimno9yvh4k
1882d26a-1c9c-45dd-ad45-c597ee313349,3b33c805-938e-4ef5-a7a1-1669ea33b9e0,1882d26a-1c9c-45dd-ad45-c597ee313349,Engagement_3197444,engagements,a2aa9a46-084d-4852-90ae-858b56798b61,Contract_3197444,contracts,Related,7f19b09e-f4c0-4c70-90dc-b1a9170c3711,InventoryLinking.RelatedNameKey,,,2026-03-19T22:15:32.000+00:00,,2026-03-20T13:27:50.661+00:00,2026-03-20T13:30:09.613+00:00,True,e40yx52dkbjpcqazimno9yvh4k
6eed64ed-c478-4654-b0ea-bab8f47d6f2c,660aaf95-0b12-4599-987c-aa8137912099,6eed64ed-c478-4654-b0ea-bab8f47d6f2c,eng_7141031,engagements,2af06d62-0a32-4370-b917-1cd0ea58a3e8,Contract_7141031,contracts,Related,7f19b09e-f4c0-4c70-90dc-b1a9170c3711,InventoryLinking.RelatedNameKey,,,2026-03-19T22:19:35.000+00:00,,2026-03-20T13:28:03.180+00:00,2026-03-20T13:30:09.613+00:00,True,e40yx52dkbjpcqazimno9yvh4k
9d5d11a5-88ab-4a79-8d76-b939b4e0a8d7,9b15c478-4cbf-4d46-9fee-a88720dafaf1,9d5d11a5-88ab-4a79-8d76-b939b4e0a8d7,engagement_2666165,engagements,bc104176-3fca-472e-9105-f6043a07b5b4,c_2666165,contracts,Related,7f19b09e-f4c0-4c70-90dc-b1a9170c3711,InventoryLinking.RelatedNameKey,,,2026-03-19T22:34:04.000+00:00,,2026-03-20T13:27:50.917+00:00,2026-03-20T13:30:09.613+00:00,True,e40yx52dkbjpcqazimno9yvh4k
9f520baf-c26d-46e6-b72d-e53d81f667d7,eb3639b0-b4f7-4e42-ad77-4b01cda73d16,9f520baf-c26d-46e6-b72d-e53d81f667d7,engagement_9109512,engagements,c14760b2-1ea6-49f1-a23d-7d6cdced81e7,c_9109512,contracts,Related,7f19b09e-f4c0-4c70-90dc-b1a9170c3711,InventoryLinking.RelatedNameKey,,,2026-03-20T01:05:50.000+00:00,,2026-03-20T13:27:54.774+00:00,2026-03-20T13:30:09.613+00:00,True,e40yx52dkbjpcqazimno9yvh4k
947aef4b-f937-448c-85f0-c30e02d83d7b,0ab3294c-92b3-437b-8854-ab02a1d03a30,947aef4b-f937-448c-85f0-c30e02d83d7b,asset_3250_995060,assets,35e29e67-c75f-43d8-9626-1bd506428a1e,vendor6_3250_995060,vendors,Related,7f19b09e-f4c0-4c70-90dc-b1a9170c3711,InventoryLinking.RelatedNameKey,,,2026-03-19T22:23:56.000+00:00,,2026-03-20T12:56:05.280+00:00,2026-03-20T12:59:11.117+00:00,True,e40yx52dkbjpcqazimno9yvh4k
947aef4b-f937-448c-85f0-c30e02d83d7b,1b46092a-3c3f-495b-b711-261b89a4f392,947aef4b-f937-448c-85f0-c30e02d83d7b,asset_3250_995060,assets,bcc88d77-d59d-4304-a542-7448890a5903,pa6_3250_995060,processing-activities,Related,7f19b09e-f4c0-4c70-90dc-b1a9170c3711,InventoryLinking.RelatedNameKey,,,2026-03-19T22:23:49.000+00:00,,2026-03-20T12:56:19.089+00:00,2026-03-20T12:59:11.117+00:00,True,e40yx52dkbjpcqazimno9yvh4k
947aef4b-f937-448c-85f0-c30e02d83d7b,292cdcb6-f644-43a1-bf95-1c6e7707bfb7,947aef4b-f937-448c-85f0-c30e02d83d7b,asset_3250_995060,assets,cf7a2e58-57e5-41e3-8c64-6d2370654fa0,pa2_3250_995060,processing-activities,Related,7f19b09e-f4c0-4c70-90dc-b1a9170c3711,InventoryLinking.RelatedNameKey,,,2026-03-19T22:23:46.000+00:00,,2026-03-20T12:56:15.427+00:00,2026-03-20T12:59:11.117+00:00,True,e40yx52dkbjpcqazimno9yvh4k
947aef4b-f937-448c-85f0-c30e02d83d7b,365e594d-83fc-4861-8efb-9e9dacf51c54,947aef4b-f937-448c-85f0-c30e02d83d7b,asset_3250_995060,assets,29f805dd-1f3e-44ee-8c90-40814add1af2,vendor1_3250_995060,vendors,Related,7f19b09e-f4c0-4c70-90dc-b1a9170c3711,InventoryLinking.RelatedNameKey,,,2026-03-19T22:23:52.000+00:00,,2026-03-20T12:56:08.053+00:00,2026-03-20T12:59:11.117+00:00,True,e40yx52dkbjpcqazimno9yvh4k
41d77556-99c4-4391-a44a-6ffca7a515ab,3daf223b-9901-43e7-a45c-b63b59ec85fc,41d77556-99c4-4391-a44a-6ffca7a515ab,asset_2563585,assets,0d17c47b-48a7-47c2-9ef2-b427c1ae5130,pa_2563585,processing-activities,Related,7f19b09e-f4c0-4c70-90dc-b1a9170c3711,InventoryLinking.RelatedNameKey,,,2026-03-19T16:25:12.000+00:00,,2026-03-20T12:55:35.100+00:00,2026-03-20T12:59:11.117+00:00,True,e40yx52dkbjpcqazimno9yvh4k
947aef4b-f937-448c-85f0-c30e02d83d7b,3f5a2d59-fd79-46d9-9081-d2c787c0f750,947aef4b-f937-448c-85f0-c30e02d83d7b,asset_3250_995060,assets,18c19235-1d75-4d3e-a443-4ba12773bee8,pa4_3250_995060,processing-activities,Related,7f19b09e-f4c0-4c70-90dc-b1a9170c3711,InventoryLinking.RelatedNameKey,,,2026-03-19T22:23:47.000+00:00,,2026-03-20T12:56:08.345+00:00,2026-03-20T12:59:11.117+00:00,True,e40yx52dkbjpcqazimno9yvh4k
947aef4b-f937-448c-85f0-c30e02d83d7b,40e089ea-4f6a-4b02-ad8d-55571899db50,947aef4b-f937-448c-85f0-c30e02d83d7b,asset_3250_995060,assets,029b7202-3684-410c-99c7-1395de92b513,pa5_3250_995060,processing-activities,Related,7f19b09e-f4c0-4c70-90dc-b1a9170c3711,InventoryLinking.RelatedNameKey,,,2026-03-19T22:23:48.000+00:00,,2026-03-20T12:56:02.204+00:00,2026-03-20T12:59:11.117+00:00,True,e40yx52dkbjpcqazimno9yvh4k
e1679faa-28bd-492d-bbf1-e448919c2b3f,532c933a-709f-428c-aeac-7a73be781f96,e1679faa-28bd-492d-bbf1-e448919c2b3f,asset_2194_8034892,assets,365fa252-02b3-4e1c-804a-3fc11eb494b5,pa_2194_1_8034892,processing-activities,Related,7f19b09e-f4c0-4c70-90dc-b1a9170c3711,InventoryLinking.RelatedNameKey,,,2026-03-20T00:13:58.000+00:00,,2026-03-20T12:55:50.089+00:00,2026-03-20T12:59:11.117+00:00,True,e40yx52dkbjpcqazimno9yvh4k
947aef4b-f937-448c-85f0-c30e02d83d7b,6aac6479-2a52-41ff-8357-540b149c8abd,947aef4b-f937-448c-85f0-c30e02d83d7b,asset_3250_995060,assets,7ec79f14-c8c4-4523-911f-77fa0df7f06e,vendor5_3250_995060,vendors,Related,7f19b09e-f4c0-4c70-90dc-b1a9170c3711,InventoryLinking.RelatedNameKey,,,2026-03-19T22:23:55.000+00:00,,2026-03-20T12:56:23.183+00:00,2026-03-20T12:59:11.117+00:00,True,e40yx52dkbjpcqazimno9yvh4k
947aef4b-f937-448c-85f0-c30e02d83d7b,84deeee8-26ff-4fad-8367-1721daa9d73e,947aef4b-f937-448c-85f0-c30e02d83d7b,asset_3250_995060,assets,09ea7686-c85d-4913-a8a6-652fd498297f,vendor2_3250_995060,vendors,Related,7f19b09e-f4c0-4c70-90dc-b1a9170c3711,InventoryLinking.RelatedNameKey,,,2026-03-19T22:23:52.000+00:00,,2026-03-20T12:56:11.876+00:00,2026-03-20T12:59:11.117+00:00,True,e40yx52dkbjpcqazimno9yvh4k
947aef4b-f937-448c-85f0-c30e02d83d7b,b029f368-4f6e-43ce-827d-3d47d52b6931,947aef4b-f937-448c-85f0-c30e02d83d7b,asset_3250_995060,assets,7cff5a5f-3742-4019-a6e4-0425cf3c88ee,vendor3_3250_995060,vendors,Related,7f19b09e-f4c0-4c70-90dc-b1a9170c3711,InventoryLinking.RelatedNameKey,,,2026-03-19T22:23:53.000+00:00,,2026-03-20T12:55:58.160+00:00,2026-03-20T12:59:11.117+00:00,True,e40yx52dkbjpcqazimno9yvh4k
064269ee-9707-432c-acde-105c6541095d,b6ed7584-2645-4be1-bdc4-7fc9e785ca44,064269ee-9707-432c-acde-105c6541095d,pa_3203_2_1787177,processing-activities,2c514c18-9659-4338-a3a4-6c8ac5d2a841,asset_3203_2_1787177,assets,Related,7f19b09e-f4c0-4c70-90dc-b1a9170c3711,InventoryLinking.RelatedNameKey,,,2026-03-19T22:10:06.000+00:00,,2026-03-20T12:55:57.283+00:00,2026-03-20T12:59:11.117+00:00,True,e40yx52dkbjpcqazimno9yvh4k
947aef4b-f937-448c-85f0-c30e02d83d7b,bf05fdc1-b8a7-44e5-b935-cab94cbac77a,947aef4b-f937-448c-85f0-c30e02d83d7b,asset_3250_995060,assets,537c8681-0305-4918-b2a3-2a0aad685482,vendor4_3250_995060,vendors,Related,7f19b09e-f4c0-4c70-90dc-b1a9170c3711,InventoryLinking.RelatedNameKey,,,2026-03-19T22:23:54.000+00:00,,2026-03-20T12:56:07.615+00:00,2026-03-20T12:59:11.117+00:00,True,e40yx52dkbjpcqazimno9yvh4k
947aef4b-f937-448c-85f0-c30e02d83d7b,cc36b3f6-8acc-4e01-9327-a48f2119ad7c,947aef4b-f937-448c-85f0-c30e02d83d7b,asset_3250_995060,assets,1515012e-657b-45f4-b6dd-d9903fb45cbe,pa1_3250_995060,processing-activities,Related,7f19b09e-f4c0-4c70-90dc-b1a9170c3711,InventoryLinking.RelatedNameKey,,,2026-03-19T22:23:45.000+00:00,,2026-03-20T12:56:23.586+00:00,2026-03-20T12:59:11.117+00:00,True,e40yx52dkbjpcqazimno9yvh4k
947aef4b-f937-448c-85f0-c30e02d83d7b,dce28a25-5c28-4040-bb3f-262c573be866,947aef4b-f937-448c-85f0-c30e02d83d7b,asset_3250_995060,assets,77d813c0-b653-4743-8e19-759d8ac8a247,pa3_3250_995060,processing-activities,Related,7f19b09e-f4c0-4c70-90dc-b1a9170c3711,InventoryLinking.RelatedNameKey,,,2026-03-19T22:23:47.000+00:00,,2026-03-20T12:56:22.762+00:00,2026-03-20T12:59:11.117+00:00,True,e40yx52dkbjpcqazimno9yvh4k
c1936b64-8572-489d-872d-f5a5fb70351f,f6929aa7-4f31-432b-b56b-ed6070a54b0d,c1936b64-8572-489d-872d-f5a5fb70351f,pa_3203_1_1787177,processing-activities,2a7af69d-e030-4b6d-854d-445ca4eef491,asset_3203_1_1787177,assets,Related,7f19b09e-f4c0-4c70-90dc-b1a9170c3711,InventoryLinking.RelatedNameKey,,,2026-03-19T22:10:27.000+00:00,,2026-03-20T12:56:56.069+00:00,2026-03-20T12:59:11.117+00:00,True,e40yx52dkbjpcqazimno9yvh4k
e1679faa-28bd-492d-bbf1-e448919c2b3f,f6ab89c5-aa52-42f0-bb7a-01eeb502971d,e1679faa-28bd-492d-bbf1-e448919c2b3f,asset_2194_8034892,assets,7c9a1209-2c7a-40d7-a9f1-f84b28f27ca6,pa_2194_2_8034892,processing-activities,Related,7f19b09e-f4c0-4c70-90dc-b1a9170c3711,InventoryLinking.RelatedNameKey,,,2026-03-20T00:13:59.000+00:00,,2026-03-20T12:55:50.490+00:00,2026-03-20T12:59:11.117+00:00,True,e40yx52dkbjpcqazimno9yvh4k
b63b978c-081b-4ecc-9ac4-456a532b791a,1c5b9e7a-50ad-411c-b55b-54d339ee9c52,b63b978c-081b-4ecc-9ac4-456a532b791a,vendor_1170_19032026,vendors,9c2da744-21e7-4245-9ca5-495a3d8f7088,asset_1170_19032026,assets,Related,7f19b09e-f4c0-4c70-90dc-b1a9170c3711,InventoryLinking.RelatedNameKey,,,2026-03-19T16:42:22.000+00:00,,2026-03-20T12:55:08.541+00:00,2026-03-20T12:57:41.875+00:00,True,e40yx52dkbjpcqazimno9yvh4k
eb310f31-6a3d-4168-8067-568c12541530,317256a9-2192-46d9-ae6f-ee2a53d81413,eb310f31-6a3d-4168-8067-568c12541530,Add_asset_43681_6009622,assets,0a2291b9-d61b-497f-aa86-c0facb528877,Add_pa_43681_6009622,processing-activities,Related,7f19b09e-f4c0-4c70-90dc-b1a9170c3711,InventoryLinking.RelatedNameKey,,,2026-03-19T21:09:54.000+00:00,,2026-03-20T12:53:59.291+00:00,2026-03-20T12:57:41.875+00:00,True,e40yx52dkbjpcqazimno9yvh4k
837f360b-fc6e-4e11-bfe9-3f5dc21854ae,4b4146f4-96bd-4e6e-963f-994ef7c48944,837f360b-fc6e-4e11-bfe9-3f5dc21854ae,asset_4926315,assets,a2309b31-c90e-47d0-93b4-c2d18f97ce9c,asset_01_4926315,assets,Related,7f19b09e-f4c0-4c70-90dc-b1a9170c3711,InventoryLinking.RelatedNameKey,,,2026-03-19T19:25:09.000+00:00,,2026-03-20T12:54:37.125+00:00,2026-03-20T12:57:41.875+00:00,True,e40yx52dkbjpcqazimno9yvh4k
01e830ff-9b8f-4c7a-a0bc-6fa957e183f5,5b64ffb4-454b-4930-8936-b382331dcdcf,01e830ff-9b8f-4c7a-a0bc-6fa957e183f5,entity_19032026,entities,b969e65c-0155-4d93-9efa-41a45c680b3a,asset_19032026,assets,Related,7f19b09e-f4c0-4c70-90dc-b1a9170c3711,InventoryLinking.RelatedNameKey,,,2026-03-19T16:29:36.000+00:00,,2026-03-20T12:55:20.317+00:00,2026-03-20T12:57:41.875+00:00,True,e40yx52dkbjpcqazimno9yvh4k
89a7b068-1d62-4945-b785-b1e560e5a4ad,679bb6ee-326a-4527-a03f-2eced41af01e,89a7b068-1d62-4945-b785-b1e560e5a4ad,asset_159_19032026,assets,5b051477-7628-4467-9312-5f999dfff1a5,entity_159_19032026,entities,Related,7f19b09e-f4c0-4c70-90dc-b1a9170c3711,InventoryLinking.RelatedNameKey,,,2026-03-19T16:15:06.000+00:00,,2026-03-20T12:55:26.975+00:00,2026-03-20T12:57:41.875+00:00,True,e40yx52dkbjpcqazimno9yvh4k
32a8a363-eeda-46e2-b542-3b7827df221e,7ea11837-e0d6-451a-8f8a-9c29883542b1,32a8a363-eeda-46e2-b542-3b7827df221e,pa_1170_19032026,processing-activities,9c2da744-21e7-4245-9ca5-495a3d8f7088,asset_1170_19032026,assets,Related,7f19b09e-f4c0-4c70-90dc-b1a9170c3711,InventoryLinking.RelatedNameKey,,,2026-03-19T16:42:23.000+00:00,,2026-03-20T12:55:06.046+00:00,2026-03-20T12:57:41.875+00:00,True,e40yx52dkbjpcqazimno9yvh4k
89a7b068-1d62-4945-b785-b1e560e5a4ad,918b1418-7c76-4215-901a-3d7db9959067,89a7b068-1d62-4945-b785-b1e560e5a4ad,asset_159_19032026,assets,5610c9a1-5ada-4244-814a-f0c52d12b393,vendor_159_19032026,vendors,Related,7f19b09e-f4c0-4c70-90dc-b1a9170c3711,InventoryLinking.RelatedNameKey,,,2026-03-19T16:15:03.000+00:00,,2026-03-20T12:55:31.933+00:00,2026-03-20T12:57:41.875+00:00,True,e40yx52dkbjpcqazimno9yvh4k
89a7b068-1d62-4945-b785-b1e560e5a4ad,c0e31eed-d74a-4672-a3bc-12e6d3dcfc32,89a7b068-1d62-4945-b785-b1e560e5a4ad,asset_159_19032026,assets,ae95f733-36ce-4f0a-9808-079ebbd2a2c5,pa_159_19032026,processing-activities,Related,7f19b09e-f4c0-4c70-90dc-b1a9170c3711,InventoryLinking.RelatedNameKey,,,2026-03-19T16:15:04.000+00:00,,2026-03-20T12:55:26.630+00:00,2026-03-20T12:57:41.875+00:00,True,e40yx52dkbjpcqazimno9yvh4k
9324f8ff-7e60-4cbf-8f73-c2646511a85e,d1624a5c-7fb8-478b-b615-8555bbe96fe3,9324f8ff-7e60-4cbf-8f73-c2646511a85e,vendor_19032026,vendors,b969e65c-0155-4d93-9efa-41a45c680b3a,asset_19032026,assets,Related,7f19b09e-f4c0-4c70-90dc-b1a9170c3711,InventoryLinking.RelatedNameKey,,,2026-03-19T16:29:37.000+00:00,,2026-03-20T12:55:22.386+00:00,2026-03-20T12:57:41.875+00:00,True,e40yx52dkbjpcqazimno9yvh4k
70d5f88f-f876-4d60-b192-bb1275748acb,f37d991a-a439-4dc3-ae56-f63fef2a94fb,70d5f88f-f876-4d60-b192-bb1275748acb,Add_asset_43657_991176,assets,586e9c96-5b47-4dba-9985-73d3d56f9b13,Add_pa_43657_991176,processing-activities,Related,7f19b09e-f4c0-4c70-90dc-b1a9170c3711,InventoryLinking.RelatedNameKey,,,2026-03-19T19:27:58.000+00:00,,2026-03-20T12:54:17.564+00:00,2026-03-20T12:57:41.875+00:00,True,e40yx52dkbjpcqazimno9yvh4k
7b3e487c-1781-469a-bbb1-88cda76bf68e,a3358dc0-656c-4806-9b93-bf31d102f0cd,7b3e487c-1781-469a-bbb1-88cda76bf68e,asset_relationship_report_3711_19032026,assets,2d1ae42d-07c0-4c15-b3a2-4a59cf98e7f7,pa_relationship_report_3711_19032026,processing-activities,Related,7f19b09e-f4c0-4c70-90dc-b1a9170c3711,InventoryLinking.RelatedNameKey,,,2026-03-19T16:14:58.000+00:00,,2026-03-19T16:14:59.622+00:00,2026-03-19T16:33:16.949+00:00,False,e40yx52dkbjpcqazimno9yvh4k
d88f72e8-a89e-4835-924d-9e9d20141b04,c41a4b28-a9db-4354-bdc7-508198078202,d88f72e8-a89e-4835-924d-9e9d20141b04,vendor_3698402,vendors,10566599-77c4-4155-9f36-7c985f8c2065,asset_3698402,assets,Related,7f19b09e-f4c0-4c70-90dc-b1a9170c3711,InventoryLinking.RelatedNameKey,,,2026-03-19T16:14:58.000+00:00,,2026-03-19T16:14:59.442+00:00,2026-03-19T16:33:16.949+00:00,False,e40yx52dkbjpcqazimno9yvh4k
837f360b-fc6e-4e11-bfe9-3f5dc21854ae,77433f71-c746-444a-a6f3-ff4032255a41,837f360b-fc6e-4e11-bfe9-3f5dc21854ae,asset_4926315,assets,b64f8de2-ded6-4c5a-aa09-2f5bd4f867a0,vendor_4926315,vendors,Related,7f19b09e-f4c0-4c70-90dc-b1a9170c3711,InventoryLinking.RelatedNameKey,,,2026-03-19T19:25:03.000+00:00,,2026-03-19T19:25:04.735+00:00,2026-03-19T19:29:37.933+00:00,False,e40yx52dkbjpcqazimno9yvh4k
837f360b-fc6e-4e11-bfe9-3f5dc21854ae,9a63fb7e-be62-4ab3-989e-7bd50ac7d201,837f360b-fc6e-4e11-bfe9-3f5dc21854ae,asset_4926315,assets,c7b27c1f-e96d-4a8c-8212-b7dd28221ce0,pa_01_4926315,processing-activities,Related,7f19b09e-f4c0-4c70-90dc-b1a9170c3711,InventoryLinking.RelatedNameKey,,,2026-03-19T19:25:05.000+00:00,,2026-03-19T19:25:06.004+00:00,2026-03-19T19:29:37.933+00:00,False,e40yx52dkbjpcqazimno9yvh4k
837f360b-fc6e-4e11-bfe9-3f5dc21854ae,e6567202-6afb-4cbb-9fdf-9ea601807b04,837f360b-fc6e-4e11-bfe9-3f5dc21854ae,asset_4926315,assets,524e62fd-5aa0-46c3-b5ed-2b9567b831ba,entity_01_4926315,entities,Related,7f19b09e-f4c0-4c70-90dc-b1a9170c3711,InventoryLinking.RelatedNameKey,,,2026-03-19T19:25:08.000+00:00,,2026-03-19T19:25:09.047+00:00,2026-03-19T19:29:37.933+00:00,False,e40yx52dkbjpcqazimno9yvh4k
4f1e16cd-42e5-49f4-ba17-41aecbdb845b,1ad81601-2b98-42cd-80ca-07dd7366c581,4f1e16cd-42e5-49f4-ba17-41aecbdb845b,,assets,86ee8215-249c-46ac-b3f3-f1399707ffb9,,assets,Related,7f19b09e-f4c0-4c70-90dc-b1a9170c3711,InventoryLinking.RelatedNameKey,,,,,2026-03-20T00:24:47.256+00:00,2026-03-20T00:29:56.555+00:00,True,e40yx52dkbjpcqazimno9yvh4k
4f1e16cd-42e5-49f4-ba17-41aecbdb845b,20eebc55-f842-4933-b66d-93b01f3cc4e9,4f1e16cd-42e5-49f4-ba17-41aecbdb845b,asset_3841_1464152,assets,43adba99-161a-4bed-9357-388d97140aec,asset_3_3841_1464152,assets,Related,7f19b09e-f4c0-4c70-90dc-b1a9170c3711,InventoryLinking.RelatedNameKey,,,2026-03-20T00:24:47.000+00:00,,2026-03-20T00:24:47.851+00:00,2026-03-20T00:29:56.555+00:00,False,e40yx52dkbjpcqazimno9yvh4k
4f1e16cd-42e5-49f4-ba17-41aecbdb845b,2386522d-3bb3-49e1-a204-0856f8322664,4f1e16cd-42e5-49f4-ba17-41aecbdb845b,asset_3841_1464152,assets,74f3c252-cc38-4601-95bb-7ed679b5cb88,pa_3841_1464152,processing-activities,Related,7f19b09e-f4c0-4c70-90dc-b1a9170c3711,InventoryLinking.RelatedNameKey,,,2026-03-20T00:24:48.000+00:00,,2026-03-20T00:24:49.775+00:00,2026-03-20T00:29:56.555+00:00,False,e40yx52dkbjpcqazimno9yvh4k
10a9658c-d605-4c34-b22d-68817f961581,54648ac9-c0b3-49a8-9a23-0cd812ab67ca,10a9658c-d605-4c34-b22d-68817f961581,asset_1079_1_6095213,assets,7992d4d2-fddc-4da8-94fa-01e63e7d79cf,asset_1079_6095213,assets,Related,7f19b09e-f4c0-4c70-90dc-b1a9170c3711,InventoryLinking.RelatedNameKey,,,2026-03-20T00:09:08.000+00:00,,2026-03-20T00:09:08.723+00:00,2026-03-20T00:29:56.555+00:00,False,e40yx52dkbjpcqazimno9yvh4k
4f1e16cd-42e5-49f4-ba17-41aecbdb845b,5fd8d86e-6d41-4155-9689-c51797b76380,4f1e16cd-42e5-49f4-ba17-41aecbdb845b,asset_3841_1464152,assets,40d4d2df-bf94-459c-805b-6f68e5f4dbc6,entity_2_3841_1464152,entities,Related,7f19b09e-f4c0-4c70-90dc-b1a9170c3711,InventoryLinking.RelatedNameKey,,,2026-03-20T00:24:47.000+00:00,,2026-03-20T00:24:48.862+00:00,2026-03-20T00:29:56.555+00:00,False,e40yx52dkbjpcqazimno9yvh4k
4f1e16cd-42e5-49f4-ba17-41aecbdb845b,717019fa-1875-421a-99df-8fea0a7af760,4f1e16cd-42e5-49f4-ba17-41aecbdb845b,asset_3841_1464152,assets,469dfc14-e7b4-44e6-91bb-4a0cfc0dace7,pa_1_3841_1464152,processing-activities,Related,7f19b09e-f4c0-4c70-90dc-b1a9170c3711,InventoryLinking.RelatedNameKey,,,2026-03-20T00:20:44.000+00:00,,2026-03-20T00:20:45.743+00:00,2026-03-20T00:29:56.555+00:00,False,e40yx52dkbjpcqazimno9yvh4k
4f70cabe-fd0a-4745-aa17-9ffbe5da7e07,886424c5-7e4d-436f-b731-5d0bf2806adf,4f70cabe-fd0a-4745-aa17-9ffbe5da7e07,v_2_497410,vendors,8df47d81-3f03-4ec0-944a-487990813f7d,pa_52212_497410,processing-activities,Related,7f19b09e-f4c0-4c70-90dc-b1a9170c3711,InventoryLinking.RelatedNameKey,,,2026-03-20T00:21:08.000+00:00,,2026-03-20T00:21:08.979+00:00,2026-03-20T00:29:56.555+00:00,False,e40yx52dkbjpcqazimno9yvh4k
4f1e16cd-42e5-49f4-ba17-41aecbdb845b,8a75971b-5af8-4be9-8e2c-39e64db5a61a,4f1e16cd-42e5-49f4-ba17-41aecbdb845b,,assets,872f2350-840e-4b66-9b93-ebffceb96a2e,,assets,Related,7f19b09e-f4c0-4c70-90dc-b1a9170c3711,InventoryLinking.RelatedNameKey,,,,,2026-03-20T00:25:14.527+00:00,2026-03-20T00:29:56.555+00:00,True,e40yx52dkbjpcqazimno9yvh4k
b88632b8-6193-4cb9-a4e5-755698080381,98673c0c-d05f-4f2c-8ef5-ca5fab1f1e43,b88632b8-6193-4cb9-a4e5-755698080381,vendor_3841_1464152,vendors,4f1e16cd-42e5-49f4-ba17-41aecbdb845b,asset_3841_1464152,assets,Related,7f19b09e-f4c0-4c70-90dc-b1a9170c3711,InventoryLinking.RelatedNameKey,,,2026-03-20T00:20:41.000+00:00,,2026-03-20T00:20:42.412+00:00,2026-03-20T00:29:56.555+00:00,False,e40yx52dkbjpcqazimno9yvh4k
4f1e16cd-42e5-49f4-ba17-41aecbdb845b,b6a48830-cd74-4aca-a024-659092a21cc2,4f1e16cd-42e5-49f4-ba17-41aecbdb845b,asset_3841_1464152,assets,0365b1e7-44b4-48cc-bfa0-e47ff61d1c55,vendor_2_3841_1464152,vendors,Related,7f19b09e-f4c0-4c70-90dc-b1a9170c3711,InventoryLinking.RelatedNameKey,,,2026-03-20T00:24:45.000+00:00,,2026-03-20T00:24:46.569+00:00,2026-03-20T00:29:56.555+00:00,False,e40yx52dkbjpcqazimno9yvh4k
9d7a6219-3b7d-4739-9155-fe1f6edb94e2,b8f6efb3-05ea-4167-873f-ede3e60a53fe,9d7a6219-3b7d-4739-9155-fe1f6edb94e2,vendor_1_3841_1464152,vendors,4f1e16cd-42e5-49f4-ba17-41aecbdb845b,asset_3841_1464152,assets,Related,7f19b09e-f4c0-4c70-90dc-b1a9170c3711,InventoryLinking.RelatedNameKey,,,2026-03-20T00:20:40.000+00:00,,2026-03-20T00:20:41.273+00:00,2026-03-20T00:29:56.555+00:00,False,e40yx52dkbjpcqazimno9yvh4k
4f1e16cd-42e5-49f4-ba17-41aecbdb845b,d694d170-112f-4ace-9d37-a5d671f0fee5,4f1e16cd-42e5-49f4-ba17-41aecbdb845b,asset_3841_1464152,assets,32763ee2-db66-4363-8701-946cf9809494,entity_3841_1464152,entities,Related,7f19b09e-f4c0-4c70-90dc-b1a9170c3711,InventoryLinking.RelatedNameKey,,,2026-03-20T00:20:43.000+00:00,,2026-03-20T00:20:44.839+00:00,2026-03-20T00:29:56.555+00:00,False,e40yx52dkbjpcqazimno9yvh4k
4f5d8658-1687-4f8f-808a-2ac433a2c509,3f63317c-0cbb-492d-96ad-837e810cb79b,4f5d8658-1687-4f8f-808a-2ac433a2c509,asset_1_2348_2790866,assets,979d8ef7-60ea-4ac7-b641-5a0516d8f091,pa_2348_2790866,processing-activities,Related,7f19b09e-f4c0-4c70-90dc-b1a9170c3711,InventoryLinking.RelatedNameKey,,,2026-03-19T22:23:07.000+00:00,,2026-03-19T22:23:08.756+00:00,2026-03-19T22:28:52.564+00:00,False,e40yx52dkbjpcqazimno9yvh4k
4f5d8658-1687-4f8f-808a-2ac433a2c509,97c3ed94-6c67-4622-8093-a41d12014496,4f5d8658-1687-4f8f-808a-2ac433a2c509,asset_1_2348_2790866,assets,45eddbac-4aa8-42f0-9cf5-4a9335d6c5e9,asset_2_2348_2790866,assets,Related,7f19b09e-f4c0-4c70-90dc-b1a9170c3711,InventoryLinking.RelatedNameKey,,,2026-03-19T22:23:05.000+00:00,,2026-03-19T22:23:06.317+00:00,2026-03-19T22:28:52.564+00:00,False,e40yx52dkbjpcqazimno9yvh4k
4f5d8658-1687-4f8f-808a-2ac433a2c509,b420f3ba-7539-45e6-8b03-678d89dc4358,4f5d8658-1687-4f8f-808a-2ac433a2c509,asset_1_2348_2790866,assets,ec90e1eb-1295-42f5-9aed-fb8dd07753e9,vendor_2348_2790866,vendors,Related,7f19b09e-f4c0-4c70-90dc-b1a9170c3711,InventoryLinking.RelatedNameKey,,,2026-03-19T22:23:11.000+00:00,,2026-03-19T22:23:12.256+00:00,2026-03-19T22:28:52.564+00:00,False,e40yx52dkbjpcqazimno9yvh4k
4f5d8658-1687-4f8f-808a-2ac433a2c509,ef94b8c5-4df2-4ad1-88ff-f3eed7d365d0,4f5d8658-1687-4f8f-808a-2ac433a2c509,asset_1_2348_2790866,assets,35f2ed3c-bb77-4689-8497-82a1fdf1032e,entity_2348_2790866,entities,Related,7f19b09e-f4c0-4c70-90dc-b1a9170c3711,InventoryLinking.RelatedNameKey,,,2026-03-19T22:23:15.000+00:00,,2026-03-19T22:23:16.265+00:00,2026-03-19T22:28:52.564+00:00,False,e40yx52dkbjpcqazimno9yvh4k
668b48a1-4895-45b4-afe0-31f200e86d9c,086a84fa-0bae-4ef1-a85c-f9f0c659d55d,668b48a1-4895-45b4-afe0-31f200e86d9c,vendor_1_4493811,vendors,01a67ca6-65d7-467a-b24a-f15d699cdf0f,assets_1_4493811,assets,Related,7f19b09e-f4c0-4c70-90dc-b1a9170c3711,InventoryLinking.RelatedNameKey,,,2026-03-19T22:11:34.000+00:00,,2026-03-19T22:11:35.547+00:00,2026-03-19T22:23:28.174+00:00,False,e40yx52dkbjpcqazimno9yvh4k
1ffa9fec-4dfc-4957-8643-44b2fa693b71,cf1653a8-4030-4f2d-acf3-30b93ada92bb,1ffa9fec-4dfc-4957-8643-44b2fa693b71,pa_75152_master_7861527,processing-activities,97beb6c2-ab37-457a-b2b3-c37699d300ae,pa_75152_local_7861527,processing-activities,Related,7f19b09e-f4c0-4c70-90dc-b1a9170c3711,InventoryLinking.RelatedNameKey,,,2026-03-19T22:35:13.000+00:00,,2026-03-19T22:35:13.872+00:00,2026-03-19T22:41:38.712+00:00,False,e40yx52dkbjpcqazimno9yvh4k
970db58b-51f5-43a4-8716-d88d6aab91f5,5c4893ce-fcf6-4528-bcb1-8b241fc01a35,970db58b-51f5-43a4-8716-d88d6aab91f5,asset_2_3208_8995574,assets,de176cf6-8d21-490b-b746-63f64e76bf05,pa_1_3208_8995574,processing-activities,Related,7f19b09e-f4c0-4c70-90dc-b1a9170c3711,InventoryLinking.RelatedNameKey,,,2026-03-20T01:03:59.000+00:00,,2026-03-20T01:03:59.940+00:00,2026-03-20T01:09:13.437+00:00,False,e40yx52dkbjpcqazimno9yvh4k
a44f695d-1434-46c9-8097-0ddb41fe4394,4a927382-a8c2-4044-ab4d-1ec8c4e6230e,a44f695d-1434-46c9-8097-0ddb41fe4394,vendor_5834572,vendors,1952ddc6-232d-43b5-9cab-f6831b8af665,asset_5834572,assets,Related,7f19b09e-f4c0-4c70-90dc-b1a9170c3711,InventoryLinking.RelatedNameKey,,,2026-03-24T17:13:35.000+00:00,,2026-03-24T17:13:36.075+00:00,2026-03-24T17:20:36.731+00:00,False,e40yx52dkbjpcqazimno9yvh4k
6580cfa4-8f9c-4849-be64-141e1e71b3d5,5394e4ff-0db1-4e17-9bff-bfad74a1d87f,6580cfa4-8f9c-4849-be64-141e1e71b3d5,,assets,dd7e41b4-8c6e-4a2f-9e35-390377e39c2b,,vendors,Related,7f19b09e-f4c0-4c70-90dc-b1a9170c3711,InventoryLinking.RelatedNameKey,,,,,2026-03-24T17:26:06.612+00:00,2026-03-24T17:34:07.862+00:00,True,e40yx52dkbjpcqazimno9yvh4k
58d51deb-e2df-4275-8417-b7eb68eb6b2a,08053cce-328d-44e3-b166-03fcf3e9b57b,58d51deb-e2df-4275-8417-b7eb68eb6b2a,asset_relationship_report_3711_24032026,assets,d8aa3912-d01f-4195-ae43-226ce15465d4,pa_relationship_report_3711_24032026,processing-activities,Related,7f19b09e-f4c0-4c70-90dc-b1a9170c3711,InventoryLinking.RelatedNameKey,,,2026-03-24T17:39:50.000+00:00,,2026-03-24T17:39:50.988+00:00,2026-03-24T17:44:09.098+00:00,False,e40yx52dkbjpcqazimno9yvh4k
e54b0a94-838e-40d4-b4e7-cd5d10e8d467,0b1aa6c3-bdef-422a-adda-8b6289af6f2c,e54b0a94-838e-40d4-b4e7-cd5d10e8d467,vendor_9676772,vendors,db3c7a5f-c172-4500-be9d-7ea38759cdab,asset_9676772,assets,Related,7f19b09e-f4c0-4c70-90dc-b1a9170c3711,InventoryLinking.RelatedNameKey,,,2026-03-24T17:46:38.000+00:00,,2026-03-24T17:46:38.846+00:00,2026-03-24T17:54:06.689+00:00,False,e40yx52dkbjpcqazimno9yvh4k
eda255df-3085-42c2-88d4-010f7c402fcf,2208477e-d10b-4e6c-96e9-994ea0d1884b,eda255df-3085-42c2-88d4-010f7c402fcf,asset_2944181,assets,50a55db7-437f-47a8-9858-7c824a2ef062,entity_2944181,entities,Related,7f19b09e-f4c0-4c70-90dc-b1a9170c3711,InventoryLinking.RelatedNameKey,,,2026-03-24T17:46:34.000+00:00,,2026-03-24T17:46:35.405+00:00,2026-03-24T17:54:06.689+00:00,False,e40yx52dkbjpcqazimno9yvh4k
21a0d245-50ce-46da-83a7-a86fd65a3b4e,3805ca6c-3728-417a-9330-ac6aabe46cce,21a0d245-50ce-46da-83a7-a86fd65a3b4e,vendor_5365906,vendors,7f46fe7a-d975-48e5-a832-843f15ac3b7d,asset_5365906,assets,Related,7f19b09e-f4c0-4c70-90dc-b1a9170c3711,InventoryLinking.RelatedNameKey,,,2026-03-24T17:47:30.000+00:00,,2026-03-24T17:47:30.951+00:00,2026-03-24T17:54:06.689+00:00,False,e40yx52dkbjpcqazimno9yvh4k
da8c8b7b-c3a4-4eec-b6cf-4a8139cf05f1,a7328dab-6f6f-49f0-a7cb-998892391e5d,da8c8b7b-c3a4-4eec-b6cf-4a8139cf05f1,asset_1854928,assets,7e6c0eeb-45cc-452a-86f7-6e3586e372f8,pa_1854928,processing-activities,Related,7f19b09e-f4c0-4c70-90dc-b1a9170c3711,InventoryLinking.RelatedNameKey,,,2026-03-24T17:48:32.000+00:00,,2026-03-24T17:48:33.408+00:00,2026-03-24T17:54:06.689+00:00,False,e40yx52dkbjpcqazimno9yvh4k
c7f36472-a83f-4702-bfa0-16347c03b529,f2707846-53e0-4cd0-bc96-38b84981aee5,c7f36472-a83f-4702-bfa0-16347c03b529,pa_4679287,processing-activities,71788516-69ce-401e-a892-fc787d36651a,vendor_4679287,vendors,Related,7f19b09e-f4c0-4c70-90dc-b1a9170c3711,InventoryLinking.RelatedNameKey,,,2026-03-24T17:49:52.000+00:00,,2026-03-24T17:49:53.020+00:00,2026-03-24T17:54:06.689+00:00,False,e40yx52dkbjpcqazimno9yvh4k
a454c736-418e-4a99-8f95-0fc40260d04f,4edf1803-f5f5-4d31-8d0a-76d9259626a2,a454c736-418e-4a99-8f95-0fc40260d04f,asset_2965460,assets,ac02a5e9-7e27-4434-994f-795f0be0c4cc,entity_2965460,entities,Related,7f19b09e-f4c0-4c70-90dc-b1a9170c3711,InventoryLinking.RelatedNameKey,,,2026-03-24T17:54:02.000+00:00,,2026-03-24T17:54:04.982+00:00,2026-03-24T17:59:06.974+00:00,False,e40yx52dkbjpcqazimno9yvh4k
84115316-e562-49cc-b7b1-3eb078936a89,88066c4c-3b61-4a19-8dce-e2c735d09b51,84115316-e562-49cc-b7b1-3eb078936a89,asset_41139_3488192,assets,44baebd0-cf46-46c8-be33-aa936596edf5,pa_41139_3488192,processing-activities,Related,7f19b09e-f4c0-4c70-90dc-b1a9170c3711,InventoryLinking.RelatedNameKey,,,2026-03-24T18:44:39.000+00:00,,2026-03-24T18:44:40.512+00:00,2026-03-24T19:08:20.188+00:00,False,e40yx52dkbjpcqazimno9yvh4k
513d43e4-6135-48a6-b57c-cde5642ae0e9,0f48ab6e-38d6-4cff-8653-46836dbb08cc,513d43e4-6135-48a6-b57c-cde5642ae0e9,,assets,22e35c73-3c10-4510-a35f-1021fced014b,,processing-activities,Related,7f19b09e-f4c0-4c70-90dc-b1a9170c3711,InventoryLinking.RelatedNameKey,,,,,2026-03-24T19:15:07.867+00:00,2026-03-24T19:54:22.990+00:00,True,e40yx52dkbjpcqazimno9yvh4k
154ac0ae-76ed-4892-aeed-3490bc93d5bb,e1aa691f-c7c2-450e-b035-a87bd4486bf6,154ac0ae-76ed-4892-aeed-3490bc93d5bb,pa_3241733,processing-activities,166ac136-a17c-4d8f-af7a-39755258df67,asset_3241733,assets,Related,7f19b09e-f4c0-4c70-90dc-b1a9170c3711,InventoryLinking.RelatedNameKey,,,2026-03-24T19:57:31.000+00:00,,2026-03-24T19:57:31.720+00:00,2026-03-24T20:14:06.877+00:00,False,e40yx52dkbjpcqazimno9yvh4k
3ecd4387-597d-4947-87c6-72dea30ffc45,a1192c7a-63e3-4f97-9fac-b4cdfe346f2d,3ecd4387-597d-4947-87c6-72dea30ffc45,asset_8922_4245447,assets,e3056770-fc42-4aa7-9be3-696e27e7a966,asset_8922_2_4245447,assets,Related,7f19b09e-f4c0-4c70-90dc-b1a9170c3711,InventoryLinking.RelatedNameKey,,,2026-03-24T20:28:08.000+00:00,,2026-03-24T20:28:08.649+00:00,2026-03-24T20:44:43.427+00:00,False,e40yx52dkbjpcqazimno9yvh4k
31bbce70-1719-4c42-95c2-27117d63e5c5,2a84934a-550f-48fb-baf3-578ed73a94bd,31bbce70-1719-4c42-95c2-27117d63e5c5,pa_9466924,processing-activities,92aaf4a2-bd6d-4a83-8ea3-e26c17cf72d3,vendor_9466924,vendors,Related,7f19b09e-f4c0-4c70-90dc-b1a9170c3711,InventoryLinking.RelatedNameKey,,,2026-03-24T20:47:41.000+00:00,,2026-03-24T20:47:42.869+00:00,2026-03-24T21:07:06.683+00:00,False,e40yx52dkbjpcqazimno9yvh4k
57490f64-3b3a-4151-94bd-fc7b1d525026,3b724465-06c8-415f-98b9-e1d21759a26d,57490f64-3b3a-4151-94bd-fc7b1d525026,pa_1_2194776,processing-activities,b5b37bcc-948b-4d80-97de-cafbb74cdcc6,asset_2194776,assets,Related,7f19b09e-f4c0-4c70-90dc-b1a9170c3711,InventoryLinking.RelatedNameKey,,,2026-03-24T21:34:05.000+00:00,,2026-03-24T21:34:06.307+00:00,2026-03-24T21:39:36.489+00:00,False,e40yx52dkbjpcqazimno9yvh4k
57490f64-3b3a-4151-94bd-fc7b1d525026,510a9199-8eb8-42da-a0d4-1140d0bae0aa,57490f64-3b3a-4151-94bd-fc7b1d525026,pa_1_2194776,processing-activities,b86eba4a-1510-447d-b212-67f0de438940,asset_1_2194776,assets,Related,7f19b09e-f4c0-4c70-90dc-b1a9170c3711,InventoryLinking.RelatedNameKey,,,2026-03-24T21:34:04.000+00:00,,2026-03-24T21:34:05.722+00:00,2026-03-24T21:39:36.489+00:00,False,e40yx52dkbjpcqazimno9yvh4k
e3d5978d-47c8-4c2f-8596-1e18f72d7067,6ec7c832-e102-417a-974e-48de1ef28c78,e3d5978d-47c8-4c2f-8596-1e18f72d7067,pa_2194776,processing-activities,b5b37bcc-948b-4d80-97de-cafbb74cdcc6,asset_2194776,assets,Related,7f19b09e-f4c0-4c70-90dc-b1a9170c3711,InventoryLinking.RelatedNameKey,,,2026-03-24T21:34:10.000+00:00,,2026-03-24T21:34:11.428+00:00,2026-03-24T21:39:36.489+00:00,False,e40yx52dkbjpcqazimno9yvh4k
e3d5978d-47c8-4c2f-8596-1e18f72d7067,f3f9e467-1d39-4906-a94c-649122b9e279,e3d5978d-47c8-4c2f-8596-1e18f72d7067,pa_2194776,processing-activities,b86eba4a-1510-447d-b212-67f0de438940,asset_1_2194776,assets,Related,7f19b09e-f4c0-4c70-90dc-b1a9170c3711,InventoryLinking.RelatedNameKey,,,2026-03-24T21:34:10.000+00:00,,2026-03-24T21:34:10.749+00:00,2026-03-24T21:39:36.489+00:00,False,e40yx52dkbjpcqazimno9yvh4k
ba913366-e24a-4fe3-b73d-323e63a2f6b9,ab09d3d4-70a5-40f6-9e63-ca283f1b0c33,ba913366-e24a-4fe3-b73d-323e63a2f6b9,asset_3419043,assets,a79aa532-0e3a-4e91-b2c6-36c3598dc50c,entity_3419043,entities,Related,7f19b09e-f4c0-4c70-90dc-b1a9170c3711,InventoryLinking.RelatedNameKey,,,2026-03-24T21:55:42.000+00:00,,2026-03-24T21:55:42.935+00:00,2026-03-24T22:08:07.622+00:00,False,e40yx52dkbjpcqazimno9yvh4k
b6476f5f-be37-4b3e-8228-aa2af70eaafa,34ab8a58-9160-4e07-800d-712b3ce71956,b6476f5f-be37-4b3e-8228-aa2af70eaafa,entity_92689_4431134,entities,280e3922-17b5-40e0-ae27-faf2de817c9d,vendor_92689_4431134,vendors,Related,7f19b09e-f4c0-4c70-90dc-b1a9170c3711,InventoryLinking.RelatedNameKey,,,2026-03-24T22:21:04.000+00:00,,2026-03-24T22:21:05.742+00:00,2026-03-24T22:28:06.759+00:00,False,e40yx52dkbjpcqazimno9yvh4k
0455bb41-33f7-474b-9e82-871480cc4ae0,cb7111ea-0aa4-492c-8241-7c073dbd93a3,0455bb41-33f7-474b-9e82-871480cc4ae0,asset_1079_1_5228937,assets,554ead65-c68f-4fae-82ca-1a1fbc54ea87,asset_1079_5228937,assets,Related,7f19b09e-f4c0-4c70-90dc-b1a9170c3711,InventoryLinking.RelatedNameKey,,,2026-03-24T22:23:43.000+00:00,,2026-03-24T22:23:43.435+00:00,2026-03-24T22:34:08.391+00:00,False,e40yx52dkbjpcqazimno9yvh4k
514511d4-a0d3-4281-86fc-a8806f2eac8f,1255e61b-d1fb-4601-a713-6ad2e2372898,514511d4-a0d3-4281-86fc-a8806f2eac8f,asset_58588_archived_7722683,assets,a0f229e8-f207-403e-b5a2-e0dfc5c20f53,pa_58588_7722683,processing-activities,Related,7f19b09e-f4c0-4c70-90dc-b1a9170c3711,InventoryLinking.RelatedNameKey,,,2026-03-24T22:34:40.000+00:00,,2026-03-24T22:34:40.849+00:00,2026-03-24T22:37:36.451+00:00,False,e40yx52dkbjpcqazimno9yvh4k
