entityTypeReference,entityId,entityNumber,entityName,stageId,workflowId,workflow,stage,createdBy,updatedBy,createdDateTime,createdDate,createdYear,createdMonth,createdMonthNumber,createdQuarter,updatedDateTime,updatedDate,updatedYear,updatedMonth,updatedMonthNumber,updatedQuarter,timeZoneID,orgId,orgName,parentOrgID,createdByUserEmail
3573d057-4e26-4fcf-8e0f-8392d8755b9e,,,Inventory_41163_Template_4994536,404,2026-03-20T06:27:56.000+00:00,2026-03-20,2026,March,03,Quarter 1,131.7528028356477,,OTAuto02,b99df4a4-2bf5-4c08-9483-bd636470bc11,b99df4a4-2bf5-4c08-9483-bd636470bc11,Antarctica/South_Pole
9a04be59-fae8-4a75-bcc8-8864a61a8922,,,Template_41139_8439036,394,2026-03-20T06:25:13.000+00:00,2026-03-20,2026,March,03,Quarter 1,131.75468940972178,,OTAuto02,b99df4a4-2bf5-4c08-9483-bd636470bc11,b99df4a4-2bf5-4c08-9483-bd636470bc11,Antarctica/South_Pole
d081b0f9-d7a3-4ee3-bf07-eb71251b7f9b,,,Template_41139_8439036,394,2026-03-20T06:25:13.000+00:00,2026-03-20,2026,March,03,Quarter 1,131.75468940972178,,OTAuto02,b99df4a4-2bf5-4c08-9483-bd636470bc11,b99df4a4-2bf5-4c08-9483-bd636470bc11,Antarctica/South_Pole
dd343599-6c9c-48f2-8db9-0150dd826576,,,automation_template_6060603,748,2026-03-20T08:09:36.000+00:00,2026-03-20,2026,March,03,Quarter 1,131.68220098379587,,OTAuto02,b99df4a4-2bf5-4c08-9483-bd636470bc11,b99df4a4-2bf5-4c08-9483-bd636470bc11,Antarctica/South_Pole
2f2f9652-0b20-4627-96cd-bfedde6db2f4,,,Inventory_01_Template_3747425,867,2026-03-20T08:42:26.000+00:00,2026-03-20,2026,March,03,Quarter 1,131.65940005786993,,OTAuto02,b99df4a4-2bf5-4c08-9483-bd636470bc11,b99df4a4-2bf5-4c08-9483-bd636470bc11,Antarctica/South_Pole
980db526-63e1-4086-b0e8-098ab1d43f98,,,Inventory_02_Template_3747425,868,,,,,,,,,OTAuto02,b99df4a4-2bf5-4c08-9483-bd636470bc11,b99df4a4-2bf5-4c08-9483-bd636470bc11,Antarctica/South_Pole
060b10c2-537d-4003-980e-26f557fc72a6,,,automation_template_3609154,1208,,,,,,,,,OTAuto02,b99df4a4-2bf5-4c08-9483-bd636470bc11,b99df4a4-2bf5-4c08-9483-bd636470bc11,Antarctica/South_Pole
cee3eba7-2dea-451f-b28d-30f8e51f0f2c,,,t_5806616,1216,,,,,,,,,OTAuto02,b99df4a4-2bf5-4c08-9483-bd636470bc11,b99df4a4-2bf5-4c08-9483-bd636470bc11,Antarctica/South_Pole
cab17af2-f164-4d2c-a7bd-9123074fe2c9,,,template_Eng_9885679,1229,2026-03-20T11:16:52.000+00:00,2026-03-20,2026,March,03,Quarter 1,131.55215468749955,,OTAuto02,b99df4a4-2bf5-4c08-9483-bd636470bc11,b99df4a4-2bf5-4c08-9483-bd636470bc11,Antarctica/South_Pole
273c25d2-45a0-4e8d-9c9a-0b3ddf293310,,,ct_9076118,1247,,,,,,,,,OTAuto02,b99df4a4-2bf5-4c08-9483-bd636470bc11,b99df4a4-2bf5-4c08-9483-bd636470bc11,Antarctica/South_Pole
a55c246d-d9a7-4369-bd0d-cd9683c1ccce,,,wf_template_7461242,1252,,,,,,,,,OTAuto02,b99df4a4-2bf5-4c08-9483-bd636470bc11,b99df4a4-2bf5-4c08-9483-bd636470bc11,Antarctica/South_Pole
0ba6807a-b9d3-4ea6-a280-304a0ab6b42c,,,automation_template_4543969,1242,,,,,,,,,OTAuto02,b99df4a4-2bf5-4c08-9483-bd636470bc11,b99df4a4-2bf5-4c08-9483-bd636470bc11,Antarctica/South_Pole
4b5ddde2-8344-4501-af66-26096dab2cc8,,,Template_1_9714215,1294,,,,,,,,,OTAuto02,b99df4a4-2bf5-4c08-9483-bd636470bc11,b99df4a4-2bf5-4c08-9483-bd636470bc11,Antarctica/South_Pole
5497663a-198d-4a65-95cf-ec4f84772cb2,,,Template_1_9714215,1294,,,,,,,,,OTAuto02,b99df4a4-2bf5-4c08-9483-bd636470bc11,b99df4a4-2bf5-4c08-9483-bd636470bc11,Antarctica/South_Pole
75ef8bc5-ff8a-434b-86ee-e452d66e9876,,,t_4656334,1291,,,,,,,,,OTAuto02,b99df4a4-2bf5-4c08-9483-bd636470bc11,b99df4a4-2bf5-4c08-9483-bd636470bc11,Antarctica/South_Pole
bb49411e-629b-49ac-8e77-177cc9330fee,,,t1_2305510,1257,,,,,,,,,OTAuto02,b99df4a4-2bf5-4c08-9483-bd636470bc11,b99df4a4-2bf5-4c08-9483-bd636470bc11,Antarctica/South_Pole
21895990-08ff-4581-963f-c155447bf9ad,,,t1_2116050,1256,,,,,,,,,OTAuto02,b99df4a4-2bf5-4c08-9483-bd636470bc11,b99df4a4-2bf5-4c08-9483-bd636470bc11,Antarctica/South_Pole
732d9267-7c66-41c2-a0f8-10c480e84f06,,,t_9641541,1258,2026-03-20T11:46:42.000+00:00,2026-03-20,2026,March,03,Quarter 1,131.53143709490698,,OTAuto02,b99df4a4-2bf5-4c08-9483-bd636470bc11,b99df4a4-2bf5-4c08-9483-bd636470bc11,Antarctica/South_Pole
116f5c97-9572-45cd-bd93-7e245b268948,,,Template_1501_9987438,1270,2026-03-20T11:48:04.000+00:00,2026-03-20,2026,March,03,Quarter 1,131.5304880208329,,OTAuto02,b99df4a4-2bf5-4c08-9483-bd636470bc11,b99df4a4-2bf5-4c08-9483-bd636470bc11,Antarctica/South_Pole
3210e46c-73fc-4dfb-88b8-a3a4ad31e2f8,,,Template_1501_9987438,1270,2026-03-20T11:48:04.000+00:00,2026-03-20,2026,March,03,Quarter 1,131.5304880208329,,OTAuto02,b99df4a4-2bf5-4c08-9483-bd636470bc11,b99df4a4-2bf5-4c08-9483-bd636470bc11,Antarctica/South_Pole
4acd86cf-d78b-4a62-a4c8-0071eeeba5a7,,,t_7983927,1269,,,,,,,,,OTAuto02,b99df4a4-2bf5-4c08-9483-bd636470bc11,b99df4a4-2bf5-4c08-9483-bd636470bc11,Antarctica/South_Pole
8d370bf4-fd98-46cb-9514-7179ba209625,,,Template_1501_9987438,1270,2026-03-20T11:48:04.000+00:00,2026-03-20,2026,March,03,Quarter 1,131.5304880208329,,OTAuto02,b99df4a4-2bf5-4c08-9483-bd636470bc11,b99df4a4-2bf5-4c08-9483-bd636470bc11,Antarctica/South_Pole
9a2a8baa-549a-4e1e-8c5c-ee5e8a127dec,,,Template_1501_9987438,1270,2026-03-20T11:48:04.000+00:00,2026-03-20,2026,March,03,Quarter 1,131.5304880208329,,OTAuto02,b99df4a4-2bf5-4c08-9483-bd636470bc11,b99df4a4-2bf5-4c08-9483-bd636470bc11,Antarctica/South_Pole
22c9229e-f6f3-4fec-b6c1-44bc4c757fad,,,Template_1_5283735,1277,2026-03-20T11:52:46.000+00:00,2026-03-20,2026,March,03,Quarter 1,131.527224131944,,OTAuto02,b99df4a4-2bf5-4c08-9483-bd636470bc11,b99df4a4-2bf5-4c08-9483-bd636470bc11,Antarctica/South_Pole
60769696-dd64-4a6d-8118-90318481cf5f,,,t_7145043,1282,,,,,,,,,OTAuto02,b99df4a4-2bf5-4c08-9483-bd636470bc11,b99df4a4-2bf5-4c08-9483-bd636470bc11,Antarctica/South_Pole
c025ee8d-3aca-424a-a070-d8a9ba9ed343,,,automation_template_2953109,1304,,,,,,,,,OTAuto02,b99df4a4-2bf5-4c08-9483-bd636470bc11,b99df4a4-2bf5-4c08-9483-bd636470bc11,Antarctica/South_Pole
2e75da3e-acdd-481d-a8f3-e88326f9b623,,,automation_template_2953109,1309,,,,,,,,,OTAuto02,b99df4a4-2bf5-4c08-9483-bd636470bc11,b99df4a4-2bf5-4c08-9483-bd636470bc11,Antarctica/South_Pole
4b6f8374-772a-4d96-aca5-edaf143130da,,,automation_template_2953109,1310,,,,,,,,,OTAuto02,b99df4a4-2bf5-4c08-9483-bd636470bc11,b99df4a4-2bf5-4c08-9483-bd636470bc11,Antarctica/South_Pole
7683a37a-85aa-4a5e-9cf5-7639c7dd3c0e,,,automation_template_2953109,1315,,,,,,,,,OTAuto02,b99df4a4-2bf5-4c08-9483-bd636470bc11,b99df4a4-2bf5-4c08-9483-bd636470bc11,Antarctica/South_Pole
8f9d6108-c509-4831-a32c-334985b4d4b2,,,automation_template_2953109,1313,,,,,,,,,OTAuto02,b99df4a4-2bf5-4c08-9483-bd636470bc11,b99df4a4-2bf5-4c08-9483-bd636470bc11,Antarctica/South_Pole
aa9e953d-eecc-438a-a477-74bb85c58d6a,,,automation_template_2953109,1321,,,,,,,,,OTAuto02,b99df4a4-2bf5-4c08-9483-bd636470bc11,b99df4a4-2bf5-4c08-9483-bd636470bc11,Antarctica/South_Pole
cd77bf42-3cbd-4e36-8909-c74ba11376c5,,,automation_template_2953109,1316,,,,,,,,,OTAuto02,b99df4a4-2bf5-4c08-9483-bd636470bc11,b99df4a4-2bf5-4c08-9483-bd636470bc11,Antarctica/South_Pole
20e81b3c-4e01-4ad1-bc47-10743eabf06f,,,automation_template_2953109,1325,,,,,,,,,OTAuto02,b99df4a4-2bf5-4c08-9483-bd636470bc11,b99df4a4-2bf5-4c08-9483-bd636470bc11,Antarctica/South_Pole
9af02504-1d95-4795-8f7d-d4bc305d9562,,,automation_template_2953109,1323,,,,,,,,,OTAuto02,b99df4a4-2bf5-4c08-9483-bd636470bc11,b99df4a4-2bf5-4c08-9483-bd636470bc11,Antarctica/South_Pole
a4b138ae-2360-4382-8275-469084d0701a,,,wf_template_6743286,1330,,,,,,,,,OTAuto02,b99df4a4-2bf5-4c08-9483-bd636470bc11,b99df4a4-2bf5-4c08-9483-bd636470bc11,Antarctica/South_Pole
e4c0cbc3-1560-414f-8444-c27fc53314ad,,,t_7040873,1335,2026-03-20T12:29:23.000+00:00,2026-03-20,2026,March,03,Quarter 1,131.50179589120327,,OTAuto02,b99df4a4-2bf5-4c08-9483-bd636470bc11,b99df4a4-2bf5-4c08-9483-bd636470bc11,Antarctica/South_Pole
4c205a14-bfae-489c-89d6-9418d4a8270e,,,t_6129191,1340,,,,,,,,,OTAuto02,b99df4a4-2bf5-4c08-9483-bd636470bc11,b99df4a4-2bf5-4c08-9483-bd636470bc11,Antarctica/South_Pole
b6469ebf-a2f2-4374-80b2-5a352ef4b801,,,t2_3677381,1341,,,,,,,,,OTAuto02,b99df4a4-2bf5-4c08-9483-bd636470bc11,b99df4a4-2bf5-4c08-9483-bd636470bc11,Antarctica/South_Pole
e0812469-7114-4ba6-9913-b20fb9fabb8b,,,t_5370892,1352,2026-03-20T12:38:11.000+00:00,2026-03-20,2026,March,03,Quarter 1,131.49568478009215,,OTAuto02,b99df4a4-2bf5-4c08-9483-bd636470bc11,b99df4a4-2bf5-4c08-9483-bd636470bc11,Antarctica/South_Pole
3c6e65ae-7f6f-4b94-8222-861dda98bad0,,,t_7380159,1365,2026-03-20T12:53:41.000+00:00,2026-03-20,2026,March,03,Quarter 1,131.48492089120327,,OTAuto02,b99df4a4-2bf5-4c08-9483-bd636470bc11,b99df4a4-2bf5-4c08-9483-bd636470bc11,Antarctica/South_Pole
7f07abab-0ddc-4df7-bfa3-2377685726a2,,,automation_template_2287066,1370,,,,,,,,,OTAuto02,b99df4a4-2bf5-4c08-9483-bd636470bc11,b99df4a4-2bf5-4c08-9483-bd636470bc11,Antarctica/South_Pole
1b3f06d5-548e-4af6-9e8b-984af1ecf8ee,,,t_8092271,1384,,,,,,,,,OTAuto02,b99df4a4-2bf5-4c08-9483-bd636470bc11,b99df4a4-2bf5-4c08-9483-bd636470bc11,Antarctica/South_Pole
1dd01ef1-da56-46c2-850a-02cac37bdecf,,,copy_IncidentInventoryLinktemplate_1176502,1372,2026-03-20T13:01:44.000+00:00,2026-03-20,2026,March,03,Quarter 1,131.47933061342547,,OTAuto02,b99df4a4-2bf5-4c08-9483-bd636470bc11,b99df4a4-2bf5-4c08-9483-bd636470bc11,Antarctica/South_Pole
90a3b553-d6b4-435c-8465-5c03e5f68192,,,automation_template_3460820,1381,2026-03-20T13:04:09.000+00:00,2026-03-20,2026,March,03,Quarter 1,131.47765237268473,,OTAuto02,b99df4a4-2bf5-4c08-9483-bd636470bc11,b99df4a4-2bf5-4c08-9483-bd636470bc11,Antarctica/South_Pole
0ccbce8b-cde4-41e8-ba2b-abf1c03a6d1c,,,t_869524,1406,,,,,,,,,OTAuto02,b99df4a4-2bf5-4c08-9483-bd636470bc11,b99df4a4-2bf5-4c08-9483-bd636470bc11,Antarctica/South_Pole
46ae349f-9743-419a-a2a5-43fe4ed01ee9,,,Template_1_1822127,1407,,,,,,,,,OTAuto02,b99df4a4-2bf5-4c08-9483-bd636470bc11,b99df4a4-2bf5-4c08-9483-bd636470bc11,Antarctica/South_Pole
649107d3-4ec6-4151-bd0f-8c83f0902189,,,t_8043096,1383,2026-03-20T13:09:00.000+00:00,2026-03-20,2026,March,03,Quarter 1,131.4742843171292,,OTAuto02,b99df4a4-2bf5-4c08-9483-bd636470bc11,b99df4a4-2bf5-4c08-9483-bd636470bc11,Antarctica/South_Pole
32763ee2-db66-4363-8701-946cf9809494,,,automation_template_3841_1464152,1398,2026-03-20T13:20:45.000+00:00,2026-03-20,2026,March,03,Quarter 1,131.46612459490697,,OTAuto02,b99df4a4-2bf5-4c08-9483-bd636470bc11,b99df4a4-2bf5-4c08-9483-bd636470bc11,Antarctica/South_Pole
469dfc14-e7b4-44e6-91bb-4a0cfc0dace7,,,automation_template_3841_1464152,1398,2026-03-20T13:20:45.000+00:00,2026-03-20,2026,March,03,Quarter 1,131.46612459490697,,OTAuto02,b99df4a4-2bf5-4c08-9483-bd636470bc11,b99df4a4-2bf5-4c08-9483-bd636470bc11,Antarctica/South_Pole
4f1e16cd-42e5-49f4-ba17-41aecbdb845b,,,automation_template_3841_1464152,1398,2026-03-20T13:20:45.000+00:00,2026-03-20,2026,March,03,Quarter 1,131.46612459490697,,OTAuto02,b99df4a4-2bf5-4c08-9483-bd636470bc11,b99df4a4-2bf5-4c08-9483-bd636470bc11,Antarctica/South_Pole
86ee8215-249c-46ac-b3f3-f1399707ffb9,,,automation_template_3841_1464152,1398,2026-03-20T13:20:45.000+00:00,2026-03-20,2026,March,03,Quarter 1,131.46612459490697,,OTAuto02,b99df4a4-2bf5-4c08-9483-bd636470bc11,b99df4a4-2bf5-4c08-9483-bd636470bc11,Antarctica/South_Pole
872f2350-840e-4b66-9b93-ebffceb96a2e,,,automation_template_3841_1464152,1398,2026-03-20T13:20:45.000+00:00,2026-03-20,2026,March,03,Quarter 1,131.46612459490697,,OTAuto02,b99df4a4-2bf5-4c08-9483-bd636470bc11,b99df4a4-2bf5-4c08-9483-bd636470bc11,Antarctica/South_Pole
9d7a6219-3b7d-4739-9155-fe1f6edb94e2,,,automation_template_3841_1464152,1398,2026-03-20T13:20:45.000+00:00,2026-03-20,2026,March,03,Quarter 1,131.46612459490697,,OTAuto02,b99df4a4-2bf5-4c08-9483-bd636470bc11,b99df4a4-2bf5-4c08-9483-bd636470bc11,Antarctica/South_Pole
b88632b8-6193-4cb9-a4e5-755698080381,,,automation_template_3841_1464152,1398,2026-03-20T13:20:45.000+00:00,2026-03-20,2026,March,03,Quarter 1,131.46612459490697,,OTAuto02,b99df4a4-2bf5-4c08-9483-bd636470bc11,b99df4a4-2bf5-4c08-9483-bd636470bc11,Antarctica/South_Pole
78522f4c-3e7b-4d2e-bf3d-7199c5dd781a,,,Template_1_269555,1441,2026-03-20T13:54:03.000+00:00,2026-03-20,2026,March,03,Quarter 1,131.44299959490698,,OTAuto02,b99df4a4-2bf5-4c08-9483-bd636470bc11,b99df4a4-2bf5-4c08-9483-bd636470bc11,Antarctica/South_Pole
84232562-4ace-4a9e-a6d4-1007feb6d528,,,Template_59428_5170984,1478,2026-03-20T14:39:57.000+00:00,2026-03-20,2026,March,03,Quarter 1,131.41112459490697,,OTAuto02,b99df4a4-2bf5-4c08-9483-bd636470bc11,b99df4a4-2bf5-4c08-9483-bd636470bc11,Antarctica/South_Pole
b174e3e0-4c51-46fc-9db7-8ef5e3d5b00c,,,Template_59428_5170984,1478,2026-03-20T14:39:57.000+00:00,2026-03-20,2026,March,03,Quarter 1,131.41112459490697,,OTAuto02,b99df4a4-2bf5-4c08-9483-bd636470bc11,b99df4a4-2bf5-4c08-9483-bd636470bc11,Antarctica/South_Pole
2759121a-0c1f-47a1-9d3c-4520f0304db3,,,Template_75075_6178398,1467,2026-03-20T14:28:01.000+00:00,2026-03-20,2026,March,03,Quarter 1,131.419411631944,,OTAuto02,b99df4a4-2bf5-4c08-9483-bd636470bc11,b99df4a4-2bf5-4c08-9483-bd636470bc11,Antarctica/South_Pole
69367265-daf6-4e77-90b0-fb95094a4ed7,,,Incident_template_4226470,1490,2026-03-20T14:57:54.000+00:00,2026-03-20,2026,March,03,Quarter 1,131.3986593171292,,OTAuto02,b99df4a4-2bf5-4c08-9483-bd636470bc11,b99df4a4-2bf5-4c08-9483-bd636470bc11,Antarctica/South_Pole
02a16015-2e4f-4a0c-8d6f-588d2f269524,,,Template_94483_8832916,1556,,,,,,,,,OTAuto02,b99df4a4-2bf5-4c08-9483-bd636470bc11,b99df4a4-2bf5-4c08-9483-bd636470bc11,Antarctica/South_Pole
0ebe800b-1ccb-47ac-a220-8dc7445f8911,,,Inventory_38868_Template_19032026,271,,,,,,,,,OTAuto02,b99df4a4-2bf5-4c08-9483-bd636470bc11,b99df4a4-2bf5-4c08-9483-bd636470bc11,Antarctica/South_Pole
0fd5ce27-a9da-41ab-b28a-2bcc12a8b8d6,,,Template_94483_8832916,1557,,,,,,,,,OTAuto02,b99df4a4-2bf5-4c08-9483-bd636470bc11,b99df4a4-2bf5-4c08-9483-bd636470bc11,Antarctica/South_Pole
15127ad1-2bbf-4946-afbb-2aa68982f508,,,Template_01_9363987,1153,2026-03-20T09:59:20.000+00:00,2026-03-20,2026,March,03,Quarter 1,131.60599728009214,,OTAuto02,b99df4a4-2bf5-4c08-9483-bd636470bc11,b99df4a4-2bf5-4c08-9483-bd636470bc11,Antarctica/South_Pole
15127ad1-2bbf-4946-afbb-2aa68982f508,,,Template_9363987,1154,,,,,,,,,OTAuto02,b99df4a4-2bf5-4c08-9483-bd636470bc11,b99df4a4-2bf5-4c08-9483-bd636470bc11,Antarctica/South_Pole
2a673b17-2d66-4c7e-acc9-b14785d25e69,,,template_43465_6822598,1020,2026-03-20T09:19:29.000+00:00,2026-03-20,2026,March,03,Quarter 1,131.63367089120325,,OTAuto02,b99df4a4-2bf5-4c08-9483-bd636470bc11,b99df4a4-2bf5-4c08-9483-bd636470bc11,Antarctica/South_Pole
2ecf8166-61a2-4177-abb0-fc4c14af7a44,,,Template_94483_8832916,1558,,,,,,,,,OTAuto02,b99df4a4-2bf5-4c08-9483-bd636470bc11,b99df4a4-2bf5-4c08-9483-bd636470bc11,Antarctica/South_Pole
2f9a7afa-4649-452f-bb98-ff4260d92d49,,,Template_94483_8832916,1550,,,,,,,,,OTAuto02,b99df4a4-2bf5-4c08-9483-bd636470bc11,b99df4a4-2bf5-4c08-9483-bd636470bc11,Antarctica/South_Pole
33023112-d9c9-420d-9769-4dbf5b03f206,,,Template_94483_8832916,1554,,,,,,,,,OTAuto02,b99df4a4-2bf5-4c08-9483-bd636470bc11,b99df4a4-2bf5-4c08-9483-bd636470bc11,Antarctica/South_Pole
49ba6c60-b6bb-4408-810d-8646824e6ca4,,,Template_2495693,289,,,,,,,,,OTAuto02,b99df4a4-2bf5-4c08-9483-bd636470bc11,b99df4a4-2bf5-4c08-9483-bd636470bc11,Antarctica/South_Pole
4da982e7-9a3e-4e5b-b6fb-5fd813736f9c,,,asset_01_Template_1952760,366,,,,,,,,,OTAuto02,b99df4a4-2bf5-4c08-9483-bd636470bc11,b99df4a4-2bf5-4c08-9483-bd636470bc11,Antarctica/South_Pole
5c72c1f1-31e0-49aa-b2fa-33ca0a98548f,,,Template_94483_8832916,1551,,,,,,,,,OTAuto02,b99df4a4-2bf5-4c08-9483-bd636470bc11,b99df4a4-2bf5-4c08-9483-bd636470bc11,Antarctica/South_Pole
64157f47-4d1a-4b36-a16b-eb123f8adc54,,,template_43465_9547758,175,2026-03-20T05:43:18.000+00:00,2026-03-20,2026,March,03,Quarter 1,131.78379820601808,,OTAuto02,b99df4a4-2bf5-4c08-9483-bd636470bc11,b99df4a4-2bf5-4c08-9483-bd636470bc11,Antarctica/South_Pole
64d31afc-37a8-4c13-a647-b57e7aaf1cd6,,,Template_94483_8832916,1555,,,,,,,,,OTAuto02,b99df4a4-2bf5-4c08-9483-bd636470bc11,b99df4a4-2bf5-4c08-9483-bd636470bc11,Antarctica/South_Pole
65442ff8-683e-4fb4-a47d-53f09a9e2ed1,,,Inventory_39122_01_Template_9053925,605,,,,,,,,,OTAuto02,b99df4a4-2bf5-4c08-9483-bd636470bc11,b99df4a4-2bf5-4c08-9483-bd636470bc11,Antarctica/South_Pole
6658b320-400a-485c-b8de-d1ce94ee3e3f,,,automation_template_42884_7673751,642,,,,,,,,,OTAuto02,b99df4a4-2bf5-4c08-9483-bd636470bc11,b99df4a4-2bf5-4c08-9483-bd636470bc11,Antarctica/South_Pole
6d3d6b8f-d1d6-4bb0-be5a-b0971d10b320,,,Template_19032026,125,,,,,,,,,OTAuto02,b99df4a4-2bf5-4c08-9483-bd636470bc11,b99df4a4-2bf5-4c08-9483-bd636470bc11,Antarctica/South_Pole
6fe0fae6-f9b4-4b83-b570-8975080f3267,,,Inventory_39122_01_Template_7167806,1171,2026-03-20T10:05:02.000+00:00,2026-03-20,2026,March,03,Quarter 1,131.60203894675882,,OTAuto02,b99df4a4-2bf5-4c08-9483-bd636470bc11,b99df4a4-2bf5-4c08-9483-bd636470bc11,Antarctica/South_Pole
72524881-5821-4dee-b2d7-71f62d0479d5,,,Template_94483_8832916,1549,,,,,,,,,OTAuto02,b99df4a4-2bf5-4c08-9483-bd636470bc11,b99df4a4-2bf5-4c08-9483-bd636470bc11,Antarctica/South_Pole
785fe1c0-54c3-48f7-83ea-47d23bf6c9c0,,,Template_2741_7117104,1459,,,,,,,,,OTAuto02,b99df4a4-2bf5-4c08-9483-bd636470bc11,b99df4a4-2bf5-4c08-9483-bd636470bc11,Antarctica/South_Pole
792944ba-825e-438f-9de0-491b4989d45f,,,automation_template_7630671,467,,,,,,,,,OTAuto02,b99df4a4-2bf5-4c08-9483-bd636470bc11,b99df4a4-2bf5-4c08-9483-bd636470bc11,Antarctica/South_Pole
79ce8266-019d-4715-8ce0-6ab19ea693fc,,,Template_2495693,291,,,,,,,,,OTAuto02,b99df4a4-2bf5-4c08-9483-bd636470bc11,b99df4a4-2bf5-4c08-9483-bd636470bc11,Antarctica/South_Pole
7ccc38e4-de63-4109-a533-cc4912eb3b4e,,,Template_94483_8832916,1552,,,,,,,,,OTAuto02,b99df4a4-2bf5-4c08-9483-bd636470bc11,b99df4a4-2bf5-4c08-9483-bd636470bc11,Antarctica/South_Pole
8ada1546-d4dc-4e0b-bbec-eddd85b60932,,,Temp2_1122_5883473,1202,2026-03-20T10:59:39.000+00:00,2026-03-20,2026,March,03,Quarter 1,131.56411070601808,,OTAuto02,b99df4a4-2bf5-4c08-9483-bd636470bc11,b99df4a4-2bf5-4c08-9483-bd636470bc11,Antarctica/South_Pole
90cf2934-4b2f-4b88-8769-1f91058cd775,,,Template_94483_8832916,1553,,,,,,,,,OTAuto02,b99df4a4-2bf5-4c08-9483-bd636470bc11,b99df4a4-2bf5-4c08-9483-bd636470bc11,Antarctica/South_Pole
9c02e124-9c90-47e6-a6b2-942f47f09f0e,,,Template_94483_8832916,1559,,,,,,,,,OTAuto02,b99df4a4-2bf5-4c08-9483-bd636470bc11,b99df4a4-2bf5-4c08-9483-bd636470bc11,Antarctica/South_Pole
ae465cdc-5c35-4c42-ae23-0c466d0976cd,,,Inventory_Template_6599468,845,,,,,,,,,OTAuto02,b99df4a4-2bf5-4c08-9483-bd636470bc11,b99df4a4-2bf5-4c08-9483-bd636470bc11,Antarctica/South_Pole
d8612027-af4a-4fab-9425-6bb099d55d22,,,automation_template_42865_4230568,173,,,,,,,,,OTAuto02,b99df4a4-2bf5-4c08-9483-bd636470bc11,b99df4a4-2bf5-4c08-9483-bd636470bc11,Antarctica/South_Pole
e4022d36-987b-470a-9fc9-4e085c02d247,,,Inventory_01_Template_1137087,1018,,,,,,,,,OTAuto02,b99df4a4-2bf5-4c08-9483-bd636470bc11,b99df4a4-2bf5-4c08-9483-bd636470bc11,Antarctica/South_Pole
eb310f31-6a3d-4168-8067-568c12541530,,,template_43465_6009622,1191,2026-03-20T10:09:54.000+00:00,2026-03-20,2026,March,03,Quarter 1,131.59865931712918,,OTAuto02,b99df4a4-2bf5-4c08-9483-bd636470bc11,b99df4a4-2bf5-4c08-9483-bd636470bc11,Antarctica/South_Pole
f63d24d6-e8b9-423c-9f89-6916fd24aca6,,,Template_1174_19032026,169,,,,,,,,,OTAuto02,b99df4a4-2bf5-4c08-9483-bd636470bc11,b99df4a4-2bf5-4c08-9483-bd636470bc11,Antarctica/South_Pole
0e237c8a-850d-4cf0-bb7a-009f1b863535,,,Template_446130,1037,,,,,,,,,OTAuto02,b99df4a4-2bf5-4c08-9483-bd636470bc11,b99df4a4-2bf5-4c08-9483-bd636470bc11,Antarctica/South_Pole
10e76d56-a5d0-4b97-9694-3c2327fd7dae,,,IncidentInventoryLinktemplate_4916700,1504,,,,,,,,,OTAuto02,b99df4a4-2bf5-4c08-9483-bd636470bc11,b99df4a4-2bf5-4c08-9483-bd636470bc11,Antarctica/South_Pole
1326875f-4f4c-415a-8284-e2070bb6bbff,,,Template_490249,1437,2026-03-20T13:49:22.000+00:00,2026-03-20,2026,March,03,Quarter 1,131.44625190972178,,OTAuto02,b99df4a4-2bf5-4c08-9483-bd636470bc11,b99df4a4-2bf5-4c08-9483-bd636470bc11,Antarctica/South_Pole
149b1e1e-e393-4e45-85c6-abd6ee9e93f1,,,Template_7942460,1345,,,,,,,,,OTAuto02,b99df4a4-2bf5-4c08-9483-bd636470bc11,b99df4a4-2bf5-4c08-9483-bd636470bc11,Antarctica/South_Pole
16ce9253-a897-489f-8b73-b8fd2db2089a,,,Template_74855_8200779,142,,,,,,,,,OTAuto02,b99df4a4-2bf5-4c08-9483-bd636470bc11,b99df4a4-2bf5-4c08-9483-bd636470bc11,Antarctica/South_Pole
16f14edd-b00f-4b4b-b1c7-0e1a33587185,,,Template_7635_19032026,103,,,,,,,,,OTAuto02,b99df4a4-2bf5-4c08-9483-bd636470bc11,b99df4a4-2bf5-4c08-9483-bd636470bc11,Antarctica/South_Pole
16f80b25-51c2-45e6-92ee-0edd0d61ec18,,,automation_template_2956184,140,,,,,,,,,OTAuto02,b99df4a4-2bf5-4c08-9483-bd636470bc11,b99df4a4-2bf5-4c08-9483-bd636470bc11,Antarctica/South_Pole
18300c89-ade5-490c-aefa-06ca91d7561a,,,automation_template_42840_9028858,347,2026-03-20T06:12:26.000+00:00,2026-03-20,2026,March,03,Quarter 1,131.7635667245366,,OTAuto02,b99df4a4-2bf5-4c08-9483-bd636470bc11,b99df4a4-2bf5-4c08-9483-bd636470bc11,Antarctica/South_Pole
19a02a97-697b-4d1c-98d4-89432a7ea4d2,,,automation_template_42836_5538703,166,2026-03-20T05:47:27.000+00:00,2026-03-20,2026,March,03,Quarter 1,131.78091626157362,,OTAuto02,b99df4a4-2bf5-4c08-9483-bd636470bc11,b99df4a4-2bf5-4c08-9483-bd636470bc11,Antarctica/South_Pole
1bffb2f9-ca77-4796-b75f-671cc76c7d17,,,IncidentInventoryLinktemplate_4916700,1504,,,,,,,,,OTAuto02,b99df4a4-2bf5-4c08-9483-bd636470bc11,b99df4a4-2bf5-4c08-9483-bd636470bc11,Antarctica/South_Pole
22b07ef3-bbcc-494a-8418-50c80ea1a3d5,,,Template_4274531,640,2026-03-20T07:31:15.000+00:00,2026-03-20,2026,March,03,Quarter 1,131.7088329282403,,OTAuto02,b99df4a4-2bf5-4c08-9483-bd636470bc11,b99df4a4-2bf5-4c08-9483-bd636470bc11,Antarctica/South_Pole
2f7a3ab2-b27e-4df5-9f9c-b6f0e17e10a3,,,automation_template_7630671,466,,,,,,,,,OTAuto02,b99df4a4-2bf5-4c08-9483-bd636470bc11,b99df4a4-2bf5-4c08-9483-bd636470bc11,Antarctica/South_Pole
32078c60-36cf-45a1-aa46-1350dfd8cbdf,,,Template_9145418,638,2026-03-20T07:31:18.000+00:00,2026-03-20,2026,March,03,Quarter 1,131.7087982060181,,OTAuto02,b99df4a4-2bf5-4c08-9483-bd636470bc11,b99df4a4-2bf5-4c08-9483-bd636470bc11,Antarctica/South_Pole
3c16ecb3-3b8c-44a1-b317-f6df6f8bc11a,,,vrmAssessments_template_2560338,1331,,,,,,,,,OTAuto02,b99df4a4-2bf5-4c08-9483-bd636470bc11,b99df4a4-2bf5-4c08-9483-bd636470bc11,Antarctica/South_Pole
41d77556-99c4-4391-a44a-6ffca7a515ab,,,Template_2563585,80,2026-03-20T05:25:14.000+00:00,2026-03-20,2026,March,03,Quarter 1,131.79634450231438,,OTAuto02,b99df4a4-2bf5-4c08-9483-bd636470bc11,b99df4a4-2bf5-4c08-9483-bd636470bc11,Antarctica/South_Pole
460c6b26-de16-4e18-9100-fd83d62e016b,,,Template_78083_9554296,85,,,,,,,,,OTAuto02,b99df4a4-2bf5-4c08-9483-bd636470bc11,b99df4a4-2bf5-4c08-9483-bd636470bc11,Antarctica/South_Pole
4ea70554-ae25-4742-80e2-e573873d62d1,,,Template_68694_3165949,1017,,,,,,,,,OTAuto02,b99df4a4-2bf5-4c08-9483-bd636470bc11,b99df4a4-2bf5-4c08-9483-bd636470bc11,Antarctica/South_Pole
573de514-9f66-446b-a819-6ab2b5cefc59,,,Template_227065,216,2026-03-20T05:51:12.000+00:00,2026-03-20,2026,March,03,Quarter 1,131.77831209490697,,OTAuto02,b99df4a4-2bf5-4c08-9483-bd636470bc11,b99df4a4-2bf5-4c08-9483-bd636470bc11,Antarctica/South_Pole
5b28f1af-d2d9-404d-86c6-994b62120d5c,,,assets_Template_2129186,1071,,,,,,,,,OTAuto02,b99df4a4-2bf5-4c08-9483-bd636470bc11,b99df4a4-2bf5-4c08-9483-bd636470bc11,Antarctica/South_Pole
60cbad18-de70-46da-ba5e-87a20b867d2e,,,template_7507_19032026,164,,,,,,,,,OTAuto02,b99df4a4-2bf5-4c08-9483-bd636470bc11,b99df4a4-2bf5-4c08-9483-bd636470bc11,Antarctica/South_Pole
61235dd5-ab3d-42c7-a7fa-0a741a1d1e9c,,,Inventory_63681_Template_1736327,1272,,,,,,,,,OTAuto02,b99df4a4-2bf5-4c08-9483-bd636470bc11,b99df4a4-2bf5-4c08-9483-bd636470bc11,Antarctica/South_Pole
66cd6083-2bea-4258-bd0f-7ded2612380e,,,automation_template_36427_19032026,207,,,,,,,,,OTAuto02,b99df4a4-2bf5-4c08-9483-bd636470bc11,b99df4a4-2bf5-4c08-9483-bd636470bc11,Antarctica/South_Pole
6a6d1ed0-9740-48ad-be0b-ff7052e8cdb6,,,t1_5355409,1541,,,,,,,,,OTAuto02,b99df4a4-2bf5-4c08-9483-bd636470bc11,b99df4a4-2bf5-4c08-9483-bd636470bc11,Antarctica/South_Pole
6f7d612e-9c55-4e1a-bdd0-98d4a4f3f3f0,,,automation_template_40689_5474730,811,,,,,,,,,OTAuto02,b99df4a4-2bf5-4c08-9483-bd636470bc11,b99df4a4-2bf5-4c08-9483-bd636470bc11,Antarctica/South_Pole
70d5f88f-f876-4d60-b192-bb1275748acb,,,template_43465_991176,822,2026-03-20T08:27:59.000+00:00,2026-03-20,2026,March,03,Quarter 1,131.66943478009216,,OTAuto02,b99df4a4-2bf5-4c08-9483-bd636470bc11,b99df4a4-2bf5-4c08-9483-bd636470bc11,Antarctica/South_Pole
837f360b-fc6e-4e11-bfe9-3f5dc21854ae,,,Template_4926315,821,,,,,,,,,OTAuto02,b99df4a4-2bf5-4c08-9483-bd636470bc11,b99df4a4-2bf5-4c08-9483-bd636470bc11,Antarctica/South_Pole
881d7c07-32a4-4048-b18c-dbc8b7fc8bfe,,,Inventory_01_Template_3321404,1360,,,,,,,,,OTAuto02,b99df4a4-2bf5-4c08-9483-bd636470bc11,b99df4a4-2bf5-4c08-9483-bd636470bc11,Antarctica/South_Pole
882fb0ee-0673-4903-9af3-b7980cb7fedb,,,t2_8822666,1523,2026-03-20T18:23:54.000+00:00,2026-03-20,2026,March,03,Quarter 1,131.25560376157364,,OTAuto02,b99df4a4-2bf5-4c08-9483-bd636470bc11,b99df4a4-2bf5-4c08-9483-bd636470bc11,Antarctica/South_Pole
89eb0087-49ae-49b6-a985-30256574ac02,,,Template_7591_19032026,22,2026-03-20T05:15:24.000+00:00,2026-03-20,2026,March,03,Quarter 1,131.80317320601807,,OTAuto02,b99df4a4-2bf5-4c08-9483-bd636470bc11,b99df4a4-2bf5-4c08-9483-bd636470bc11,Antarctica/South_Pole
8a28bac3-56e1-4407-a1c5-a5de33779422,,,Template_7592_19032026,23,2026-03-20T05:15:24.000+00:00,2026-03-20,2026,March,03,Quarter 1,131.80317320601807,,OTAuto02,b99df4a4-2bf5-4c08-9483-bd636470bc11,b99df4a4-2bf5-4c08-9483-bd636470bc11,Antarctica/South_Pole
95254ab4-8538-4b50-bab5-8e918644e9ef,,,Inventory_38868_Template_19032026,271,,,,,,,,,OTAuto02,b99df4a4-2bf5-4c08-9483-bd636470bc11,b99df4a4-2bf5-4c08-9483-bd636470bc11,Antarctica/South_Pole
95d84e35-a342-41cb-8299-734a36fbc8cb,,,Template_68691_3010920,177,2026-03-20T05:43:36.000+00:00,2026-03-20,2026,March,03,Quarter 1,131.78358987268476,,OTAuto02,b99df4a4-2bf5-4c08-9483-bd636470bc11,b99df4a4-2bf5-4c08-9483-bd636470bc11,Antarctica/South_Pole
9843faf4-5c84-4e83-b78e-a3c1707cd024,,,Template_92279_9484930,1439,,,,,,,,,OTAuto02,b99df4a4-2bf5-4c08-9483-bd636470bc11,b99df4a4-2bf5-4c08-9483-bd636470bc11,Antarctica/South_Pole
9c2da744-21e7-4245-9ca5-495a3d8f7088,,,Template_1170_19032026,174,,,,,,,,,OTAuto02,b99df4a4-2bf5-4c08-9483-bd636470bc11,b99df4a4-2bf5-4c08-9483-bd636470bc11,Antarctica/South_Pole
9f07e222-ca5c-4241-a297-a0b04ac2ac1e,,,Template_1_3875345,1403,,,,,,,,,OTAuto02,b99df4a4-2bf5-4c08-9483-bd636470bc11,b99df4a4-2bf5-4c08-9483-bd636470bc11,Antarctica/South_Pole
a067aae9-7185-4f8e-9583-ec5adec0f4ac,,,Template_7365663,328,,,,,,,,,OTAuto02,b99df4a4-2bf5-4c08-9483-bd636470bc11,b99df4a4-2bf5-4c08-9483-bd636470bc11,Antarctica/South_Pole
a0806845-70f9-4b9c-a0e3-5cdac35a9fad,,,automation_template_40684_9866344,109,,,,,,,,,OTAuto02,b99df4a4-2bf5-4c08-9483-bd636470bc11,b99df4a4-2bf5-4c08-9483-bd636470bc11,Antarctica/South_Pole
a08e94e6-0d27-4823-8f3b-ee63bb3a2db6,,,template_39526_19032026,296,2026-03-20T06:05:48.000+00:00,2026-03-20,2026,March,03,Quarter 1,131.76817320601808,,OTAuto02,b99df4a4-2bf5-4c08-9483-bd636470bc11,b99df4a4-2bf5-4c08-9483-bd636470bc11,Antarctica/South_Pole
a2309b31-c90e-47d0-93b4-c2d18f97ce9c,,,Template_4926315,821,,,,,,,,,OTAuto02,b99df4a4-2bf5-4c08-9483-bd636470bc11,b99df4a4-2bf5-4c08-9483-bd636470bc11,Antarctica/South_Pole
a267ea80-3916-41fb-a34d-1b327c973735,,,Template_4744_19032026,79,,,,,,,,,OTAuto02,b99df4a4-2bf5-4c08-9483-bd636470bc11,b99df4a4-2bf5-4c08-9483-bd636470bc11,Antarctica/South_Pole
a5f8b68b-adfa-42c7-be8e-1dbf4d476933,,,Inventory_41165_01_Template_386074,472,2026-03-20T06:44:31.000+00:00,2026-03-20,2026,March,03,Quarter 1,131.741286631944,,OTAuto02,b99df4a4-2bf5-4c08-9483-bd636470bc11,b99df4a4-2bf5-4c08-9483-bd636470bc11,Antarctica/South_Pole
a9408a7a-23de-43ae-a6da-535fb4040c20,,,Template_1041485,544,2026-03-20T07:11:51.000+00:00,2026-03-20,2026,March,03,Quarter 1,131.72230515046252,,OTAuto02,b99df4a4-2bf5-4c08-9483-bd636470bc11,b99df4a4-2bf5-4c08-9483-bd636470bc11,Antarctica/South_Pole
af6b191f-b7db-4908-a3f3-5373ba6bbf6d,,,automation_template_42840_9028858,347,2026-03-20T06:12:26.000+00:00,2026-03-20,2026,March,03,Quarter 1,131.7635667245366,,OTAuto02,b99df4a4-2bf5-4c08-9483-bd636470bc11,b99df4a4-2bf5-4c08-9483-bd636470bc11,Antarctica/South_Pole
af6d97ae-2933-46a0-9959-e9397272865a,,,automation_template_40643_8386608,535,,,,,,,,,OTAuto02,b99df4a4-2bf5-4c08-9483-bd636470bc11,b99df4a4-2bf5-4c08-9483-bd636470bc11,Antarctica/South_Pole
b8475be1-1cb9-4ee1-87c0-159a0151db5e,,,Template_78089_1_184344,1234,,,,,,,,,OTAuto02,b99df4a4-2bf5-4c08-9483-bd636470bc11,b99df4a4-2bf5-4c08-9483-bd636470bc11,Antarctica/South_Pole
bdeec07f-a510-4977-98d0-6073e7d3cb89,,,Inventory_75069_Template_5753735,1379,2026-03-20T13:04:00.000+00:00,2026-03-20,2026,March,03,Quarter 1,131.47775653935142,,OTAuto02,b99df4a4-2bf5-4c08-9483-bd636470bc11,b99df4a4-2bf5-4c08-9483-bd636470bc11,Antarctica/South_Pole
bfa7997b-1e89-402a-a32e-4a0034fea10b,,,Inventory_60725_template_7765109,813,,,,,,,,,OTAuto02,b99df4a4-2bf5-4c08-9483-bd636470bc11,b99df4a4-2bf5-4c08-9483-bd636470bc11,Antarctica/South_Pole
c0cf31e9-1d3c-4859-8131-e0800bfb6847,,,Inventory_77876_Template_6939287,1435,2026-03-20T13:48:08.000+00:00,2026-03-20,2026,March,03,Quarter 1,131.44710839120327,,OTAuto02,b99df4a4-2bf5-4c08-9483-bd636470bc11,b99df4a4-2bf5-4c08-9483-bd636470bc11,Antarctica/South_Pole
c235e343-fd02-4c08-8741-759604bf586b,,,t_7116992,1453,,,,,,,,,OTAuto02,b99df4a4-2bf5-4c08-9483-bd636470bc11,b99df4a4-2bf5-4c08-9483-bd636470bc11,Antarctica/South_Pole
cf5d9d94-ec19-451b-be97-82d5666935a2,,,t1_1812219,1532,,,,,,,,,OTAuto02,b99df4a4-2bf5-4c08-9483-bd636470bc11,b99df4a4-2bf5-4c08-9483-bd636470bc11,Antarctica/South_Pole
d04481cb-b839-487a-83a8-e855b833b9be,,,Template_4989427,852,2026-03-20T08:39:10.000+00:00,2026-03-20,2026,March,03,Quarter 1,131.66166857638845,,OTAuto02,b99df4a4-2bf5-4c08-9483-bd636470bc11,b99df4a4-2bf5-4c08-9483-bd636470bc11,Antarctica/South_Pole
d45e5820-1f9f-4bc1-b941-de4966569c69,,,t1_1105645,1539,,,,,,,,,OTAuto02,b99df4a4-2bf5-4c08-9483-bd636470bc11,b99df4a4-2bf5-4c08-9483-bd636470bc11,Antarctica/South_Pole
d57bdf06-000c-4010-80fd-bea7ae9c5139,,,automation_template_4326765,417,,,,,,,,,OTAuto02,b99df4a4-2bf5-4c08-9483-bd636470bc11,b99df4a4-2bf5-4c08-9483-bd636470bc11,Antarctica/South_Pole
d5b61def-0dc9-4812-8b86-1835159c0e41,,,Template_68587_1132672,326,,,,,,,,,OTAuto02,b99df4a4-2bf5-4c08-9483-bd636470bc11,b99df4a4-2bf5-4c08-9483-bd636470bc11,Antarctica/South_Pole
d64e6756-6664-41f7-89b3-7326728c764c,,,Template_2_7956884,380,2026-03-20T06:24:15.000+00:00,2026-03-20,2026,March,03,Quarter 1,131.75536070601808,,OTAuto02,b99df4a4-2bf5-4c08-9483-bd636470bc11,b99df4a4-2bf5-4c08-9483-bd636470bc11,Antarctica/South_Pole
d853964d-f5fd-4bf8-9c87-99fdd7df7efa,,,Template_94483_8832916,1560,,,,,,,,,OTAuto02,b99df4a4-2bf5-4c08-9483-bd636470bc11,b99df4a4-2bf5-4c08-9483-bd636470bc11,Antarctica/South_Pole
db1c3796-a06e-4b72-ad6f-eb25c2be146e,,,Inventory_01_Template_6752211,8,,,,,,,,,OTAuto02,b99df4a4-2bf5-4c08-9483-bd636470bc11,b99df4a4-2bf5-4c08-9483-bd636470bc11,Antarctica/South_Pole
dbe7e7eb-9bf4-4430-a1b3-687ae92b6d75,,,Automated_58873_template_19032026,278,,,,,,,,,OTAuto02,b99df4a4-2bf5-4c08-9483-bd636470bc11,b99df4a4-2bf5-4c08-9483-bd636470bc11,Antarctica/South_Pole
e1deeb7b-7840-4079-aec4-6aca7fb8f687,,,t2_2104701,1531,2026-03-20T18:48:15.000+00:00,2026-03-20,2026,March,03,Quarter 1,131.2386940393514,,OTAuto02,b99df4a4-2bf5-4c08-9483-bd636470bc11,b99df4a4-2bf5-4c08-9483-bd636470bc11,Antarctica/South_Pole
e8370256-d3d0-4a98-a40d-bf7d677fa49d,,,Template_6377043,998,,,,,,,,,OTAuto02,b99df4a4-2bf5-4c08-9483-bd636470bc11,b99df4a4-2bf5-4c08-9483-bd636470bc11,Antarctica/South_Pole
e8ed4625-6727-43ad-a907-901a4090f03b,,,Inventory_01_Template_5395108,29,,,,,,,,,OTAuto02,b99df4a4-2bf5-4c08-9483-bd636470bc11,b99df4a4-2bf5-4c08-9483-bd636470bc11,Antarctica/South_Pole
e95e028f-cab0-442a-ba81-1d510604eb9c,,,Template_91825_7167265,58,,,,,,,,,OTAuto02,b99df4a4-2bf5-4c08-9483-bd636470bc11,b99df4a4-2bf5-4c08-9483-bd636470bc11,Antarctica/South_Pole
f03e2e31-3c70-461d-8ac8-547baf212a5b,,,vrmAssessments_template_4435166,1361,,,,,,,,,OTAuto02,b99df4a4-2bf5-4c08-9483-bd636470bc11,b99df4a4-2bf5-4c08-9483-bd636470bc11,Antarctica/South_Pole
f042517a-af66-4775-a295-0c96100229eb,,,Template_5615245,833,2026-03-20T08:34:24.000+00:00,2026-03-20,2026,March,03,Quarter 1,131.66497876157362,,OTAuto02,b99df4a4-2bf5-4c08-9483-bd636470bc11,b99df4a4-2bf5-4c08-9483-bd636470bc11,Antarctica/South_Pole
f34512cf-949d-4e42-9b63-1f8e28eb1745,,,Template_7607_19032026,230,,,,,,,,,OTAuto02,b99df4a4-2bf5-4c08-9483-bd636470bc11,b99df4a4-2bf5-4c08-9483-bd636470bc11,Antarctica/South_Pole
f58ed495-d198-4bc8-9333-9c7c7410a7e4,,,Template_7608_19032026,213,,,,,,,,,OTAuto02,b99df4a4-2bf5-4c08-9483-bd636470bc11,b99df4a4-2bf5-4c08-9483-bd636470bc11,Antarctica/South_Pole
f59f7e23-6143-45b4-b830-6ebeada9bb60,,,Template_74921_3886327,56,,,,,,,,,OTAuto02,b99df4a4-2bf5-4c08-9483-bd636470bc11,b99df4a4-2bf5-4c08-9483-bd636470bc11,Antarctica/South_Pole
f710aa8f-83b7-4d4a-bcbd-167eba7f401a,,,Inventory_01_Template_2219821,633,,,,,,,,,OTAuto02,b99df4a4-2bf5-4c08-9483-bd636470bc11,b99df4a4-2bf5-4c08-9483-bd636470bc11,Antarctica/South_Pole
fba839e6-ffad-4b6b-a427-62ad357a93b8,,,automation_template_2075848,661,,,,,,,,,OTAuto02,b99df4a4-2bf5-4c08-9483-bd636470bc11,b99df4a4-2bf5-4c08-9483-bd636470bc11,Antarctica/South_Pole
182e2f13-d581-410c-bf98-59fc89e3e43a,,,automation_template_42838_3199877,602,2026-03-20T07:24:15.000+00:00,2026-03-20,2026,March,03,Quarter 1,131.71369403935142,,OTAuto02,b99df4a4-2bf5-4c08-9483-bd636470bc11,b99df4a4-2bf5-4c08-9483-bd636470bc11,Antarctica/South_Pole
2822cf0d-ba64-42da-8037-e25b07caefc8,,,Inventory_pa_77876_Template_6939287,1436,2026-03-20T13:48:17.000+00:00,2026-03-20,2026,March,03,Quarter 1,131.44700422453658,,OTAuto02,b99df4a4-2bf5-4c08-9483-bd636470bc11,b99df4a4-2bf5-4c08-9483-bd636470bc11,Antarctica/South_Pole
3032d7a4-1364-4f4f-bc88-7dd0b7c36d66,,,IncidentInventoryLinktemplate_4916700,1504,,,,,,,,,OTAuto02,b99df4a4-2bf5-4c08-9483-bd636470bc11,b99df4a4-2bf5-4c08-9483-bd636470bc11,Antarctica/South_Pole
362426a9-ee96-4034-acce-0047f6ca9ad1,,,Inventory_pa_75069_Template_5753735,1380,2026-03-20T13:04:09.000+00:00,2026-03-20,2026,March,03,Quarter 1,131.47765237268473,,OTAuto02,b99df4a4-2bf5-4c08-9483-bd636470bc11,b99df4a4-2bf5-4c08-9483-bd636470bc11,Antarctica/South_Pole
45a5b4dc-0b0f-485a-b302-046e46cf0efa,,,automation_template_42844_571243,150,2026-03-20T05:39:37.000+00:00,2026-03-20,2026,March,03,Quarter 1,131.78635607638844,,OTAuto02,b99df4a4-2bf5-4c08-9483-bd636470bc11,b99df4a4-2bf5-4c08-9483-bd636470bc11,Antarctica/South_Pole
49ae7dc7-6247-4a63-a0a5-07080e7429e4,,,processing-activities_Template_3602574,259,,,,,,,,,OTAuto02,b99df4a4-2bf5-4c08-9483-bd636470bc11,b99df4a4-2bf5-4c08-9483-bd636470bc11,Antarctica/South_Pole
61d9a959-cae4-4230-b9e1-06aa9d182780,,,template_39526_19032026,296,2026-03-20T06:05:48.000+00:00,2026-03-20,2026,March,03,Quarter 1,131.76817320601808,,OTAuto02,b99df4a4-2bf5-4c08-9483-bd636470bc11,b99df4a4-2bf5-4c08-9483-bd636470bc11,Antarctica/South_Pole
72eca2e9-93c4-44ad-96ff-eed8fcaa7ff7,,,Template_58589_8749140,1226,,,,,,,,,OTAuto02,b99df4a4-2bf5-4c08-9483-bd636470bc11,b99df4a4-2bf5-4c08-9483-bd636470bc11,Antarctica/South_Pole
a9d9b73d-a1e8-4db9-859d-1bf54483db06,,,Template_78089_184344,1233,,,,,,,,,OTAuto02,b99df4a4-2bf5-4c08-9483-bd636470bc11,b99df4a4-2bf5-4c08-9483-bd636470bc11,Antarctica/South_Pole
acc93659-64fc-4d31-867b-26a07830be2d,,,template_43642_8166862,1025,2026-03-20T09:22:44.000+00:00,2026-03-20,2026,March,03,Quarter 1,131.6314139467588,,OTAuto02,b99df4a4-2bf5-4c08-9483-bd636470bc11,b99df4a4-2bf5-4c08-9483-bd636470bc11,Antarctica/South_Pole
baea7a86-26c9-4673-bc2b-2ae871e696f1,,,automation_template_42844_571243,150,2026-03-20T05:39:37.000+00:00,2026-03-20,2026,March,03,Quarter 1,131.78635607638844,,OTAuto02,b99df4a4-2bf5-4c08-9483-bd636470bc11,b99df4a4-2bf5-4c08-9483-bd636470bc11,Antarctica/South_Pole
c88cadfb-5350-45c5-aaf6-2a6eaf08d2ce,,,Template_91582_2843743,1415,,,,,,,,,OTAuto02,b99df4a4-2bf5-4c08-9483-bd636470bc11,b99df4a4-2bf5-4c08-9483-bd636470bc11,Antarctica/South_Pole
d2a8648d-d934-4fa5-8ef0-02dd76579e1a,,,template_2227960,830,2026-03-20T08:30:30.000+00:00,2026-03-20,2026,March,03,Quarter 1,131.66768709490697,,OTAuto02,b99df4a4-2bf5-4c08-9483-bd636470bc11,b99df4a4-2bf5-4c08-9483-bd636470bc11,Antarctica/South_Pole
d4d343da-a334-4ce3-889f-5a15d4c5dd4c,,,Template_58589_8749140,1226,,,,,,,,,OTAuto02,b99df4a4-2bf5-4c08-9483-bd636470bc11,b99df4a4-2bf5-4c08-9483-bd636470bc11,Antarctica/South_Pole
dd02c13a-4ccf-4288-807b-85eda1ec4a17,,,Template_4826473,390,2026-03-20T06:26:22.000+00:00,2026-03-20,2026,March,03,Quarter 1,131.75389079861068,,OTAuto02,b99df4a4-2bf5-4c08-9483-bd636470bc11,b99df4a4-2bf5-4c08-9483-bd636470bc11,Antarctica/South_Pole
e48f19de-4542-4c57-8573-18cb216a22ab,,,IncidentInventoryLinktemplate_4916700,1504,,,,,,,,,OTAuto02,b99df4a4-2bf5-4c08-9483-bd636470bc11,b99df4a4-2bf5-4c08-9483-bd636470bc11,Antarctica/South_Pole
e618b529-1f83-497f-8697-83e4ef4d7e85,,,automation_template_806782,792,2026-03-20T08:18:48.000+00:00,2026-03-20,2026,March,03,Quarter 1,131.67581209490697,,OTAuto02,b99df4a4-2bf5-4c08-9483-bd636470bc11,b99df4a4-2bf5-4c08-9483-bd636470bc11,Antarctica/South_Pole
0a2291b9-d61b-497f-aa86-c0facb528877,,,template_43465_6009622,1191,2026-03-20T10:09:54.000+00:00,2026-03-20,2026,March,03,Quarter 1,131.59865931712918,,OTAuto02,b99df4a4-2bf5-4c08-9483-bd636470bc11,b99df4a4-2bf5-4c08-9483-bd636470bc11,Antarctica/South_Pole
0d17c47b-48a7-47c2-9ef2-b427c1ae5130,,,Template_2563585,80,2026-03-20T05:25:14.000+00:00,2026-03-20,2026,March,03,Quarter 1,131.79634450231438,,OTAuto02,b99df4a4-2bf5-4c08-9483-bd636470bc11,b99df4a4-2bf5-4c08-9483-bd636470bc11,Antarctica/South_Pole
3f820885-7b78-4ac1-808e-f110ba36f033,,,template_43465_8061300,312,2026-03-20T06:06:45.000+00:00,2026-03-20,2026,March,03,Quarter 1,131.76751348379585,,OTAuto02,b99df4a4-2bf5-4c08-9483-bd636470bc11,b99df4a4-2bf5-4c08-9483-bd636470bc11,Antarctica/South_Pole
4bdd24ae-620f-4236-97d1-6aa0ab59ce39,,,template_43642_5437860,632,2026-03-20T07:29:21.000+00:00,2026-03-20,2026,March,03,Quarter 1,131.71015237268475,,OTAuto02,b99df4a4-2bf5-4c08-9483-bd636470bc11,b99df4a4-2bf5-4c08-9483-bd636470bc11,Antarctica/South_Pole
5658bfc3-ba81-481a-a2df-9644d3d1ebc6,,,Temp2_1122_5883473,1202,2026-03-20T10:59:39.000+00:00,2026-03-20,2026,March,03,Quarter 1,131.56411070601808,,OTAuto02,b99df4a4-2bf5-4c08-9483-bd636470bc11,b99df4a4-2bf5-4c08-9483-bd636470bc11,Antarctica/South_Pole
586e9c96-5b47-4dba-9985-73d3d56f9b13,,,template_43465_991176,822,2026-03-20T08:27:59.000+00:00,2026-03-20,2026,March,03,Quarter 1,131.66943478009216,,OTAuto02,b99df4a4-2bf5-4c08-9483-bd636470bc11,b99df4a4-2bf5-4c08-9483-bd636470bc11,Antarctica/South_Pole
639e5884-3e41-4a92-965b-b83afcf63295,,,template_43465_6291137,345,2026-03-20T06:10:45.000+00:00,2026-03-20,2026,March,03,Quarter 1,131.7647357060181,,OTAuto02,b99df4a4-2bf5-4c08-9483-bd636470bc11,b99df4a4-2bf5-4c08-9483-bd636470bc11,Antarctica/South_Pole
639ea40a-fcfe-45c5-89d7-692f66ddace3,,,Template_pa_3126088,1207,,,,,,,,,OTAuto02,b99df4a4-2bf5-4c08-9483-bd636470bc11,b99df4a4-2bf5-4c08-9483-bd636470bc11,Antarctica/South_Pole
88fc236e-c453-4e1e-984c-87e139f5efc2,,,vrmAssessments_template_8653814,1288,,,,,,,,,OTAuto02,b99df4a4-2bf5-4c08-9483-bd636470bc11,b99df4a4-2bf5-4c08-9483-bd636470bc11,Antarctica/South_Pole
c141e9b2-ddd7-4490-9e92-173ccb697006,,,Template_7180_19032026,240,,,,,,,,,OTAuto02,b99df4a4-2bf5-4c08-9483-bd636470bc11,b99df4a4-2bf5-4c08-9483-bd636470bc11,Antarctica/South_Pole
c7b27c1f-e96d-4a8c-8212-b7dd28221ce0,,,Template_4926315,821,,,,,,,,,OTAuto02,b99df4a4-2bf5-4c08-9483-bd636470bc11,b99df4a4-2bf5-4c08-9483-bd636470bc11,Antarctica/South_Pole
e6a422c5-d580-4423-816d-e3fda52400ee,,,automation_template_4468112,45,,,,,,,,,OTAuto02,b99df4a4-2bf5-4c08-9483-bd636470bc11,b99df4a4-2bf5-4c08-9483-bd636470bc11,Antarctica/South_Pole
9f31357e-3818-4797-b618-146365dacd99,,,Inventory_41140_Template_5856010,758,2026-03-20T08:08:18.000+00:00,2026-03-20,2026,March,03,Quarter 1,131.68310376157362,,OTAuto02,b99df4a4-2bf5-4c08-9483-bd636470bc11,b99df4a4-2bf5-4c08-9483-bd636470bc11,Antarctica/South_Pole
0a42871a-6df9-4d10-b84a-1791230cbfc7,,,Inventory_Template_8021004,1137,,,,,,,,,OTAuto02,b99df4a4-2bf5-4c08-9483-bd636470bc11,b99df4a4-2bf5-4c08-9483-bd636470bc11,Antarctica/South_Pole
0a757681-e814-492a-be5f-be55eff5c78a,,,automation_template_42837_150703,183,2026-03-20T05:48:37.000+00:00,2026-03-20,2026,March,03,Quarter 1,131.78010607638845,,OTAuto02,b99df4a4-2bf5-4c08-9483-bd636470bc11,b99df4a4-2bf5-4c08-9483-bd636470bc11,Antarctica/South_Pole
11be8b56-e2ca-4639-a43b-48d802efe0c3,,,automation_template_834821,1231,,,,,,,,,OTAuto02,b99df4a4-2bf5-4c08-9483-bd636470bc11,b99df4a4-2bf5-4c08-9483-bd636470bc11,Antarctica/South_Pole
12d844da-bf1e-4008-a2ca-55d70e43ee8f,,,automation_template_2865658,566,,,,,,,,,OTAuto02,b99df4a4-2bf5-4c08-9483-bd636470bc11,b99df4a4-2bf5-4c08-9483-bd636470bc11,Antarctica/South_Pole
17d67a53-3920-4726-8a53-c0e07435e263,,,Template_1484371,379,2026-03-20T06:24:42.000+00:00,2026-03-20,2026,March,03,Quarter 1,131.75504820601807,,OTAuto02,b99df4a4-2bf5-4c08-9483-bd636470bc11,b99df4a4-2bf5-4c08-9483-bd636470bc11,Antarctica/South_Pole
184637c8-e55f-447b-8c17-8d6edc60c6a3,,,automation_template_3093026,1423,,,,,,,,,OTAuto02,b99df4a4-2bf5-4c08-9483-bd636470bc11,b99df4a4-2bf5-4c08-9483-bd636470bc11,Antarctica/South_Pole
1a111608-e5ee-4a64-8c70-9166823e62bd,,,automation_template_1060036,1366,2026-03-20T12:54:00.000+00:00,2026-03-20,2026,March,03,Quarter 1,131.48470098379585,,OTAuto02,b99df4a4-2bf5-4c08-9483-bd636470bc11,b99df4a4-2bf5-4c08-9483-bd636470bc11,Antarctica/South_Pole
22921a71-669d-4f7b-9b24-d682bc693364,,,t_1416741,1271,2026-03-20T11:49:22.000+00:00,2026-03-20,2026,March,03,Quarter 1,131.52958524305512,,OTAuto02,b99df4a4-2bf5-4c08-9483-bd636470bc11,b99df4a4-2bf5-4c08-9483-bd636470bc11,Antarctica/South_Pole
2a0d2d26-319b-4e3f-87e5-937ef0489eae,,,automation_template_9079541,1425,,,,,,,,,OTAuto02,b99df4a4-2bf5-4c08-9483-bd636470bc11,b99df4a4-2bf5-4c08-9483-bd636470bc11,Antarctica/South_Pole
33c483bf-6d46-479d-b7fb-426562187595,,,t_7289172,1392,,,,,,,,,OTAuto02,b99df4a4-2bf5-4c08-9483-bd636470bc11,b99df4a4-2bf5-4c08-9483-bd636470bc11,Antarctica/South_Pole
36563716-7802-4833-8639-14db508cbc6c,,,automation_template_2865658,569,,,,,,,,,OTAuto02,b99df4a4-2bf5-4c08-9483-bd636470bc11,b99df4a4-2bf5-4c08-9483-bd636470bc11,Antarctica/South_Pole
37f63829-61bf-49b2-ac51-34fae37a8034,,,automation_template_7066226,659,,,,,,,,,OTAuto02,b99df4a4-2bf5-4c08-9483-bd636470bc11,b99df4a4-2bf5-4c08-9483-bd636470bc11,Antarctica/South_Pole
3b8aa360-ab24-4d60-b328-038bfe57cbaa,,,automation_template_2865658,576,,,,,,,,,OTAuto02,b99df4a4-2bf5-4c08-9483-bd636470bc11,b99df4a4-2bf5-4c08-9483-bd636470bc11,Antarctica/South_Pole
41cd34f8-9936-4ec1-abd4-adffbaf68435,,,Template_58863_1724874,171,,,,,,,,,OTAuto02,b99df4a4-2bf5-4c08-9483-bd636470bc11,b99df4a4-2bf5-4c08-9483-bd636470bc11,Antarctica/South_Pole
499e37a3-250b-4bf6-be43-ecfa2e190f4e,,,automation_template_3283815,1278,,,,,,,,,OTAuto02,b99df4a4-2bf5-4c08-9483-bd636470bc11,b99df4a4-2bf5-4c08-9483-bd636470bc11,Antarctica/South_Pole
4bf6fa75-fa77-4553-b7ad-15da9eec2b03,,,Inventory_01_Template_3024629,1443,,,,,,,,,OTAuto02,b99df4a4-2bf5-4c08-9483-bd636470bc11,b99df4a4-2bf5-4c08-9483-bd636470bc11,Antarctica/South_Pole
50ad24d7-9f41-4e5d-b0ac-3ccdae37ff2a,,,automation_template_2865658,578,,,,,,,,,OTAuto02,b99df4a4-2bf5-4c08-9483-bd636470bc11,b99df4a4-2bf5-4c08-9483-bd636470bc11,Antarctica/South_Pole
50fc20b8-a4d6-4713-bb57-ce6ef03e4385,,,Template_6491298_1,1390,2026-03-20T13:10:44.000+00:00,2026-03-20,2026,March,03,Quarter 1,131.47308061342548,,OTAuto02,b99df4a4-2bf5-4c08-9483-bd636470bc11,b99df4a4-2bf5-4c08-9483-bd636470bc11,Antarctica/South_Pole
524e62fd-5aa0-46c3-b5ed-2b9567b831ba,,,Template_4926315,821,,,,,,,,,OTAuto02,b99df4a4-2bf5-4c08-9483-bd636470bc11,b99df4a4-2bf5-4c08-9483-bd636470bc11,Antarctica/South_Pole
572b7526-44fa-4cdd-a4ab-d5b4631f208c,,,automation_template_42843_4716816,313,2026-03-20T06:07:49.000+00:00,2026-03-20,2026,March,03,Quarter 1,131.76677274305513,,OTAuto02,b99df4a4-2bf5-4c08-9483-bd636470bc11,b99df4a4-2bf5-4c08-9483-bd636470bc11,Antarctica/South_Pole
5825c01d-22ed-4c85-bd35-f13e269bda8d,,,t_2549531,1260,2026-03-20T11:43:28.000+00:00,2026-03-20,2026,March,03,Quarter 1,131.53368246527734,,OTAuto02,b99df4a4-2bf5-4c08-9483-bd636470bc11,b99df4a4-2bf5-4c08-9483-bd636470bc11,Antarctica/South_Pole
5a81a95a-d814-4018-9e6a-28fbceb9e172,,,t_3408750,1293,,,,,,,,,OTAuto02,b99df4a4-2bf5-4c08-9483-bd636470bc11,b99df4a4-2bf5-4c08-9483-bd636470bc11,Antarctica/South_Pole
5b03a3dc-6d6a-4496-acef-4996f2a1ff78,,,Template_5437964_1,1424,2026-03-20T13:39:26.000+00:00,2026-03-20,2026,March,03,Quarter 1,131.45315005786992,,OTAuto02,b99df4a4-2bf5-4c08-9483-bd636470bc11,b99df4a4-2bf5-4c08-9483-bd636470bc11,Antarctica/South_Pole
5ef4ba77-f3a4-4f00-bb56-35b0d8e8683a,,,Template_entity_447106,1374,2026-03-20T13:00:48.000+00:00,2026-03-20,2026,March,03,Quarter 1,131.47997876157362,,OTAuto02,b99df4a4-2bf5-4c08-9483-bd636470bc11,b99df4a4-2bf5-4c08-9483-bd636470bc11,Antarctica/South_Pole
6a210320-0a44-4faa-aaf7-689cea61e22f,,,t1_ql_7152979,1297,,,,,,,,,OTAuto02,b99df4a4-2bf5-4c08-9483-bd636470bc11,b99df4a4-2bf5-4c08-9483-bd636470bc11,Antarctica/South_Pole
6bb0f0b3-d8ba-4a3d-ae9a-81efe50d32e4,,,t_7375665,1322,,,,,,,,,OTAuto02,b99df4a4-2bf5-4c08-9483-bd636470bc11,b99df4a4-2bf5-4c08-9483-bd636470bc11,Antarctica/South_Pole
714015df-63f3-4d9d-ab76-c958ff742d55,,,t_1916896,1448,2026-03-20T14:00:16.000+00:00,2026-03-20,2026,March,03,Quarter 1,131.43868246527734,,OTAuto02,b99df4a4-2bf5-4c08-9483-bd636470bc11,b99df4a4-2bf5-4c08-9483-bd636470bc11,Antarctica/South_Pole
72e99282-0dea-4b62-88fc-4cab04d6054d,,,automation_template_2865658,565,,,,,,,,,OTAuto02,b99df4a4-2bf5-4c08-9483-bd636470bc11,b99df4a4-2bf5-4c08-9483-bd636470bc11,Antarctica/South_Pole
77bc9878-5df6-4736-8fe1-553a3f9be4d2,,,t_491726,1358,,,,,,,,,OTAuto02,b99df4a4-2bf5-4c08-9483-bd636470bc11,b99df4a4-2bf5-4c08-9483-bd636470bc11,Antarctica/South_Pole
8838cd73-2eff-4615-85aa-37c6ca708fcc,,,automation_template_6128022,1212,2026-03-20T11:06:37.000+00:00,2026-03-20,2026,March,03,Quarter 1,131.55927274305512,,OTAuto02,b99df4a4-2bf5-4c08-9483-bd636470bc11,b99df4a4-2bf5-4c08-9483-bd636470bc11,Antarctica/South_Pole
8b19b0b8-e173-4a0b-8c7c-a9991a920bf1,,,automation_template_4399213,1276,,,,,,,,,OTAuto02,b99df4a4-2bf5-4c08-9483-bd636470bc11,b99df4a4-2bf5-4c08-9483-bd636470bc11,Antarctica/South_Pole
8b5e03b5-3fc8-49c1-950d-53074a494a00,,,automation_template_2865658,570,,,,,,,,,OTAuto02,b99df4a4-2bf5-4c08-9483-bd636470bc11,b99df4a4-2bf5-4c08-9483-bd636470bc11,Antarctica/South_Pole
98a860fc-1791-4446-9f36-37375415cf3f,,,automation_template_4399213,1274,,,,,,,,,OTAuto02,b99df4a4-2bf5-4c08-9483-bd636470bc11,b99df4a4-2bf5-4c08-9483-bd636470bc11,Antarctica/South_Pole
98bc05ae-04d1-4b6b-89e2-2b229256cb7c,,,t_8959952,1458,,,,,,,,,OTAuto02,b99df4a4-2bf5-4c08-9483-bd636470bc11,b99df4a4-2bf5-4c08-9483-bd636470bc11,Antarctica/South_Pole
9c35a94c-1128-4e98-b34b-9988dc0d0ae5,,,t1_3669801,1255,,,,,,,,,OTAuto02,b99df4a4-2bf5-4c08-9483-bd636470bc11,b99df4a4-2bf5-4c08-9483-bd636470bc11,Antarctica/South_Pole
9e9f92ed-3f90-4013-af8e-5dbbcf7f5fb6,,,automation_template_2865658,563,,,,,,,,,OTAuto02,b99df4a4-2bf5-4c08-9483-bd636470bc11,b99df4a4-2bf5-4c08-9483-bd636470bc11,Antarctica/South_Pole
a3be1bb3-7b89-4528-bb90-93af3447e71d,,,t_3405220,1253,,,,,,,,,OTAuto02,b99df4a4-2bf5-4c08-9483-bd636470bc11,b99df4a4-2bf5-4c08-9483-bd636470bc11,Antarctica/South_Pole
a4509b67-eaba-407e-9f6b-7804187bc18f,,,automation_template_5343688,1328,,,,,,,,,OTAuto02,b99df4a4-2bf5-4c08-9483-bd636470bc11,b99df4a4-2bf5-4c08-9483-bd636470bc11,Antarctica/South_Pole
a577b3ad-cb5b-4724-96cc-7792f3374874,,,IncidentInventoryLinktemplate_4916700,1504,,,,,,,,,OTAuto02,b99df4a4-2bf5-4c08-9483-bd636470bc11,b99df4a4-2bf5-4c08-9483-bd636470bc11,Antarctica/South_Pole
a94a885c-6bcc-4e8b-af04-72a17bdd59fb,,,t_7375665,1320,2026-03-20T12:19:40.000+00:00,2026-03-20,2026,March,03,Quarter 1,131.50854357638843,,OTAuto02,b99df4a4-2bf5-4c08-9483-bd636470bc11,b99df4a4-2bf5-4c08-9483-bd636470bc11,Antarctica/South_Pole
aa529d17-2f6e-4352-b968-564494360268,,,Template_65188_19032026,124,,,,,,,,,OTAuto02,b99df4a4-2bf5-4c08-9483-bd636470bc11,b99df4a4-2bf5-4c08-9483-bd636470bc11,Antarctica/South_Pole
aadfbdd3-5c90-4bf0-baa0-b74c47c2c3d0,,,Template_6948366_1,1249,2026-03-20T11:28:59.000+00:00,2026-03-20,2026,March,03,Quarter 1,131.5437403356477,,OTAuto02,b99df4a4-2bf5-4c08-9483-bd636470bc11,b99df4a4-2bf5-4c08-9483-bd636470bc11,Antarctica/South_Pole
abd6ff6a-de66-4e4a-93f1-a20587a6c4ba,,,automation_template_42843_4716816,313,2026-03-20T06:07:49.000+00:00,2026-03-20,2026,March,03,Quarter 1,131.76677274305513,,OTAuto02,b99df4a4-2bf5-4c08-9483-bd636470bc11,b99df4a4-2bf5-4c08-9483-bd636470bc11,Antarctica/South_Pole
b1595f61-c6e1-4739-a43f-be1a3ee14a45,,,Template_78096_1_1910561,1387,,,,,,,,,OTAuto02,b99df4a4-2bf5-4c08-9483-bd636470bc11,b99df4a4-2bf5-4c08-9483-bd636470bc11,Antarctica/South_Pole
b4113d8d-8ceb-474f-8040-6e36ddf4b8bd,,,template_6457173,1312,2026-03-20T12:17:23.000+00:00,2026-03-20,2026,March,03,Quarter 1,131.5101292245366,,OTAuto02,b99df4a4-2bf5-4c08-9483-bd636470bc11,b99df4a4-2bf5-4c08-9483-bd636470bc11,Antarctica/South_Pole
b64f8de2-ded6-4c5a-aa09-2f5bd4f867a0,,,Template_4926315,821,,,,,,,,,OTAuto02,b99df4a4-2bf5-4c08-9483-bd636470bc11,b99df4a4-2bf5-4c08-9483-bd636470bc11,Antarctica/South_Pole
b839fe6a-1f98-4713-ace1-fdcbe777f2e2,,,Template_78096_1910561,1386,,,,,,,,,OTAuto02,b99df4a4-2bf5-4c08-9483-bd636470bc11,b99df4a4-2bf5-4c08-9483-bd636470bc11,Antarctica/South_Pole
b9ff076d-c7c3-4de7-aff5-3c131793e6a5,,,t_1177930,1215,,,,,,,,,OTAuto02,b99df4a4-2bf5-4c08-9483-bd636470bc11,b99df4a4-2bf5-4c08-9483-bd636470bc11,Antarctica/South_Pole
bdafb8f2-2beb-496f-826b-f5d4630903f4,,,Temp2_1122_5883473,1202,2026-03-20T10:59:39.000+00:00,2026-03-20,2026,March,03,Quarter 1,131.56411070601808,,OTAuto02,b99df4a4-2bf5-4c08-9483-bd636470bc11,b99df4a4-2bf5-4c08-9483-bd636470bc11,Antarctica/South_Pole
bfbb3127-c132-48c1-80ec-06bcf8c5b1ec,,,automation_template_2287066,1369,,,,,,,,,OTAuto02,b99df4a4-2bf5-4c08-9483-bd636470bc11,b99df4a4-2bf5-4c08-9483-bd636470bc11,Antarctica/South_Pole
c23f6d1b-5890-497e-b651-6426f7095ed4,,,Template_4088898_1,1263,2026-03-20T11:46:29.000+00:00,2026-03-20,2026,March,03,Quarter 1,131.53158755786993,,OTAuto02,b99df4a4-2bf5-4c08-9483-bd636470bc11,b99df4a4-2bf5-4c08-9483-bd636470bc11,Antarctica/South_Pole
c420de74-3b33-4d52-9989-ef4460c4f36d,,,IncidentInventoryLinktemplate_4916700,1504,,,,,,,,,OTAuto02,b99df4a4-2bf5-4c08-9483-bd636470bc11,b99df4a4-2bf5-4c08-9483-bd636470bc11,Antarctica/South_Pole
c431c398-3ecb-49e0-b394-3c58c99b6467,,,Inventory_101346_Template_730587,1324,2026-03-20T12:21:40.000+00:00,2026-03-20,2026,March,03,Quarter 1,131.50715468749956,,OTAuto02,b99df4a4-2bf5-4c08-9483-bd636470bc11,b99df4a4-2bf5-4c08-9483-bd636470bc11,Antarctica/South_Pole
c808f226-5c71-412f-9c01-aa708287646c,,,Template_entity_447106,1374,2026-03-20T13:00:48.000+00:00,2026-03-20,2026,March,03,Quarter 1,131.47997876157362,,OTAuto02,b99df4a4-2bf5-4c08-9483-bd636470bc11,b99df4a4-2bf5-4c08-9483-bd636470bc11,Antarctica/South_Pole
cbd84d13-1b61-4fce-ae53-29b3d87bb05b,,,t_1916896,1446,,,,,,,,,OTAuto02,b99df4a4-2bf5-4c08-9483-bd636470bc11,b99df4a4-2bf5-4c08-9483-bd636470bc11,Antarctica/South_Pole
ccd65819-3c26-4b10-b7cf-dae26cea7db8,,,automation_template_2865658,568,,,,,,,,,OTAuto02,b99df4a4-2bf5-4c08-9483-bd636470bc11,b99df4a4-2bf5-4c08-9483-bd636470bc11,Antarctica/South_Pole
cfa973d7-c167-4eed-a9d9-e59003ca606f,,,automation_template_2865658,574,,,,,,,,,OTAuto02,b99df4a4-2bf5-4c08-9483-bd636470bc11,b99df4a4-2bf5-4c08-9483-bd636470bc11,Antarctica/South_Pole
d51a5558-3037-4956-8d96-8f6496a262a2,,,automation_template_427362,217,,,,,,,,,OTAuto02,b99df4a4-2bf5-4c08-9483-bd636470bc11,b99df4a4-2bf5-4c08-9483-bd636470bc11,Antarctica/South_Pole
d6e8e705-33e1-4af2-a447-fad1aaf208e9,,,automation_template_6639076,1240,,,,,,,,,OTAuto02,b99df4a4-2bf5-4c08-9483-bd636470bc11,b99df4a4-2bf5-4c08-9483-bd636470bc11,Antarctica/South_Pole
d8638b9a-f90c-42ff-a5de-fe3836716524,,,Template_68694_3165949,1017,,,,,,,,,OTAuto02,b99df4a4-2bf5-4c08-9483-bd636470bc11,b99df4a4-2bf5-4c08-9483-bd636470bc11,Antarctica/South_Pole
db7838c3-5f51-4c3f-b63e-2e2a6da88d29,,,automation_template_40683_1352200,930,,,,,,,,,OTAuto02,b99df4a4-2bf5-4c08-9483-bd636470bc11,b99df4a4-2bf5-4c08-9483-bd636470bc11,Antarctica/South_Pole
dd58a961-650d-4db8-b0dd-3def13aee999,,,automation_template_2865658,572,,,,,,,,,OTAuto02,b99df4a4-2bf5-4c08-9483-bd636470bc11,b99df4a4-2bf5-4c08-9483-bd636470bc11,Antarctica/South_Pole
ddda885f-9e43-4744-a779-07e1a850d983,,,automation_template_3093026,1422,,,,,,,,,OTAuto02,b99df4a4-2bf5-4c08-9483-bd636470bc11,b99df4a4-2bf5-4c08-9483-bd636470bc11,Antarctica/South_Pole
ddda885f-9e43-4744-a779-07e1a850d983,,,automation_template_3106028,1377,2026-03-20T13:05:30.000+00:00,2026-03-20,2026,March,03,Quarter 1,131.47671487268474,,OTAuto02,b99df4a4-2bf5-4c08-9483-bd636470bc11,b99df4a4-2bf5-4c08-9483-bd636470bc11,Antarctica/South_Pole
df047a89-01cc-4cac-931f-5bca2b0997ac,,,IncidentInventoryLinktemplate_4916700,1504,,,,,,,,,OTAuto02,b99df4a4-2bf5-4c08-9483-bd636470bc11,b99df4a4-2bf5-4c08-9483-bd636470bc11,Antarctica/South_Pole
df3c53d6-8692-4b08-b541-f1286095e6b4,,,t_17153,1420,,,,,,,,,OTAuto02,b99df4a4-2bf5-4c08-9483-bd636470bc11,b99df4a4-2bf5-4c08-9483-bd636470bc11,Antarctica/South_Pole
e23f80cc-6608-4134-ae80-61f17bede5d6,,,automation_template_2865658,564,,,,,,,,,OTAuto02,b99df4a4-2bf5-4c08-9483-bd636470bc11,b99df4a4-2bf5-4c08-9483-bd636470bc11,Antarctica/South_Pole
e4be1058-18f9-4086-91f0-59002863c6dc,,,Template_91609_7962376,1311,,,,,,,,,OTAuto02,b99df4a4-2bf5-4c08-9483-bd636470bc11,b99df4a4-2bf5-4c08-9483-bd636470bc11,Antarctica/South_Pole
e50c3626-7af1-4e42-9492-56fd7c368e11,,,automation_template_5075579,1460,,,,,,,,,OTAuto02,b99df4a4-2bf5-4c08-9483-bd636470bc11,b99df4a4-2bf5-4c08-9483-bd636470bc11,Antarctica/South_Pole
e8ac695e-3b29-42bd-be4a-33bd974865a9,,,t_7569204,1391,,,,,,,,,OTAuto02,b99df4a4-2bf5-4c08-9483-bd636470bc11,b99df4a4-2bf5-4c08-9483-bd636470bc11,Antarctica/South_Pole
ea231d08-ee36-458c-bda9-a021b8db2556,,,template_1522819,1412,,,,,,,,,OTAuto02,b99df4a4-2bf5-4c08-9483-bd636470bc11,b99df4a4-2bf5-4c08-9483-bd636470bc11,Antarctica/South_Pole
ec230eb2-c704-4481-b7a9-d44ea1de8be1,,,vrmAssessments_template_1205812,1308,,,,,,,,,OTAuto02,b99df4a4-2bf5-4c08-9483-bd636470bc11,b99df4a4-2bf5-4c08-9483-bd636470bc11,Antarctica/South_Pole
ec4f7fed-637c-43a0-a580-6aaef95a1bb6,,,t_4812624,1410,,,,,,,,,OTAuto02,b99df4a4-2bf5-4c08-9483-bd636470bc11,b99df4a4-2bf5-4c08-9483-bd636470bc11,Antarctica/South_Pole
ed2869d9-e809-4bfb-a99c-1ba4bc6ad029,,,IncidentInventoryLinktemplate_4916700,1504,,,,,,,,,OTAuto02,b99df4a4-2bf5-4c08-9483-bd636470bc11,b99df4a4-2bf5-4c08-9483-bd636470bc11,Antarctica/South_Pole
f9887a69-9aea-4050-8990-e3b9c3c3a3c3,,,Template2_69054_657346,1426,,,,,,,,,OTAuto02,b99df4a4-2bf5-4c08-9483-bd636470bc11,b99df4a4-2bf5-4c08-9483-bd636470bc11,Antarctica/South_Pole
f9bbd297-8f80-4897-82a1-81a27c20ca97,,,Template_6674396_1,1359,2026-03-20T12:42:33.000+00:00,2026-03-20,2026,March,03,Quarter 1,131.49265237268474,,OTAuto02,b99df4a4-2bf5-4c08-9483-bd636470bc11,b99df4a4-2bf5-4c08-9483-bd636470bc11,Antarctica/South_Pole
324fdec3-c051-4588-a8df-fe34e6dcf61f,,,t_9109512,1457,2026-03-20T14:05:49.000+00:00,2026-03-20,2026,March,03,Quarter 1,131.43482829861068,,OTAuto02,b99df4a4-2bf5-4c08-9483-bd636470bc11,b99df4a4-2bf5-4c08-9483-bd636470bc11,Antarctica/South_Pole
81659868-b0fd-4c5e-a1d1-4169cd3f5df9,,,t_3197444,1218,2026-03-20T11:15:31.000+00:00,2026-03-20,2026,March,03,Quarter 1,131.55309218749957,,OTAuto02,b99df4a4-2bf5-4c08-9483-bd636470bc11,b99df4a4-2bf5-4c08-9483-bd636470bc11,Antarctica/South_Pole
a06d50be-4922-451c-9725-85874edc74b4,,,t_2666165,1254,,,,,,,,,OTAuto02,b99df4a4-2bf5-4c08-9483-bd636470bc11,b99df4a4-2bf5-4c08-9483-bd636470bc11,Antarctica/South_Pole
a06d50be-4922-451c-9725-85874edc74b4,,,automation_template_2953109,1305,,,,,,,,,OTAuto02,b99df4a4-2bf5-4c08-9483-bd636470bc11,b99df4a4-2bf5-4c08-9483-bd636470bc11,Antarctica/South_Pole
b8203e0a-a5eb-4775-b2a3-cbfa89dbebbe,,,automation_template_2953109,1317,,,,,,,,,OTAuto02,b99df4a4-2bf5-4c08-9483-bd636470bc11,b99df4a4-2bf5-4c08-9483-bd636470bc11,Antarctica/South_Pole
cf4bda4f-08e2-49ab-a0e6-c11df38a9c09,,,t_1647455,1299,,,,,,,,,OTAuto02,b99df4a4-2bf5-4c08-9483-bd636470bc11,b99df4a4-2bf5-4c08-9483-bd636470bc11,Antarctica/South_Pole
d4b61daa-8774-474f-9aa4-a126ba3a3ee1,,,Template_6530282,1292,,,,,,,,,OTAuto02,b99df4a4-2bf5-4c08-9483-bd636470bc11,b99df4a4-2bf5-4c08-9483-bd636470bc11,Antarctica/South_Pole
0b9a3ff2-a7ef-4646-9848-2f95d8918c62,,,t_3749436,1371,,,,,,,,,OTAuto02,b99df4a4-2bf5-4c08-9483-bd636470bc11,b99df4a4-2bf5-4c08-9483-bd636470bc11,Antarctica/South_Pole
18a0fb1b-b431-4eb7-8c68-4d6219e70fdc,,,t_2368_5699577,1344,2026-03-20T12:33:47.000+00:00,2026-03-20,2026,March,03,Quarter 1,131.4987403356477,,OTAuto02,b99df4a4-2bf5-4c08-9483-bd636470bc11,b99df4a4-2bf5-4c08-9483-bd636470bc11,Antarctica/South_Pole
18a0fb1b-b431-4eb7-8c68-4d6219e70fdc,,,t1_2368_5699577,1348,2026-03-20T12:37:36.000+00:00,2026-03-20,2026,March,03,Quarter 1,131.49608987268473,,OTAuto02,b99df4a4-2bf5-4c08-9483-bd636470bc11,b99df4a4-2bf5-4c08-9483-bd636470bc11,Antarctica/South_Pole
192e5f28-f96f-44f4-90c0-e32b0a311368,,,automation_template_2953109,1306,,,,,,,,,OTAuto02,b99df4a4-2bf5-4c08-9483-bd636470bc11,b99df4a4-2bf5-4c08-9483-bd636470bc11,Antarctica/South_Pole
2341c58e-db68-4d33-808f-4213422ac0fa,,,automation_template_2953109,1302,,,,,,,,,OTAuto02,b99df4a4-2bf5-4c08-9483-bd636470bc11,b99df4a4-2bf5-4c08-9483-bd636470bc11,Antarctica/South_Pole
2c709259-1a37-45e2-a50f-3e6108caf6fd,,,t_8754493,1416,,,,,,,,,OTAuto02,b99df4a4-2bf5-4c08-9483-bd636470bc11,b99df4a4-2bf5-4c08-9483-bd636470bc11,Antarctica/South_Pole
41f874d7-c8d5-4379-9c40-73c1ee192a1f,,,t_6358592,1402,,,,,,,,,OTAuto02,b99df4a4-2bf5-4c08-9483-bd636470bc11,b99df4a4-2bf5-4c08-9483-bd636470bc11,Antarctica/South_Pole
4a052f1d-b39e-4baa-9f87-0d4cded125ad,,,automation_template_2953109,1318,,,,,,,,,OTAuto02,b99df4a4-2bf5-4c08-9483-bd636470bc11,b99df4a4-2bf5-4c08-9483-bd636470bc11,Antarctica/South_Pole
7bad0576-7909-4277-b607-8e8427a8b986,,,t_5597516,1262,,,,,,,,,OTAuto02,b99df4a4-2bf5-4c08-9483-bd636470bc11,b99df4a4-2bf5-4c08-9483-bd636470bc11,Antarctica/South_Pole
86a9ea8d-5918-41db-99f3-4c271887ad67,,,t_5272265,1214,,,,,,,,,OTAuto02,b99df4a4-2bf5-4c08-9483-bd636470bc11,b99df4a4-2bf5-4c08-9483-bd636470bc11,Antarctica/South_Pole
c70efce9-85ed-4652-9f99-0e3c8c40c0b9,,,automation_template_8733759,1300,,,,,,,,,OTAuto02,b99df4a4-2bf5-4c08-9483-bd636470bc11,b99df4a4-2bf5-4c08-9483-bd636470bc11,Antarctica/South_Pole
ea83dcb5-941b-498c-a459-e15971fbbac3,,,t_3316626,1250,2026-03-20T11:30:17.000+00:00,2026-03-20,2026,March,03,Quarter 1,131.54283755786992,,OTAuto02,b99df4a4-2bf5-4c08-9483-bd636470bc11,b99df4a4-2bf5-4c08-9483-bd636470bc11,Antarctica/South_Pole
f056945f-d31b-4245-9471-b9577afa99f3,,,automation_template_2953109,1307,,,,,,,,,OTAuto02,b99df4a4-2bf5-4c08-9483-bd636470bc11,b99df4a4-2bf5-4c08-9483-bd636470bc11,Antarctica/South_Pole
364ee472-d64f-4a96-92f9-d5c38bd4808b,,,automation_template_2953109,1326,,,,,,,,,OTAuto02,b99df4a4-2bf5-4c08-9483-bd636470bc11,b99df4a4-2bf5-4c08-9483-bd636470bc11,Antarctica/South_Pole
37a50c6f-6b79-4baf-813b-c3ca4715ef92,,,Template_6339134_1,1332,2026-03-20T12:28:32.000+00:00,2026-03-20,2026,March,03,Quarter 1,131.50238616898105,,OTAuto02,b99df4a4-2bf5-4c08-9483-bd636470bc11,b99df4a4-2bf5-4c08-9483-bd636470bc11,Antarctica/South_Pole
3f43d3e4-3c2c-47b0-ab30-d4e850033443,,,t_529920,1232,,,,,,,,,OTAuto02,b99df4a4-2bf5-4c08-9483-bd636470bc11,b99df4a4-2bf5-4c08-9483-bd636470bc11,Antarctica/South_Pole
73e3db62-6bd6-4481-bf16-36fb97c460c0,,,template_7141031,1224,2026-03-20T11:19:33.000+00:00,2026-03-20,2026,March,03,Quarter 1,131.55029126157362,,OTAuto02,b99df4a4-2bf5-4c08-9483-bd636470bc11,b99df4a4-2bf5-4c08-9483-bd636470bc11,Antarctica/South_Pole
73e3db62-6bd6-4481-bf16-36fb97c460c0,,,automation_template_2953109,1303,,,,,,,,,OTAuto02,b99df4a4-2bf5-4c08-9483-bd636470bc11,b99df4a4-2bf5-4c08-9483-bd636470bc11,Antarctica/South_Pole
a324e54e-f119-4bba-84fd-e852c3c97313,,,t_4019917,1394,,,,,,,,,OTAuto02,b99df4a4-2bf5-4c08-9483-bd636470bc11,b99df4a4-2bf5-4c08-9483-bd636470bc11,Antarctica/South_Pole
cf8b85a9-fd93-40d1-9a71-2144b1f678f7,,,t_5018553,1284,,,,,,,,,OTAuto02,b99df4a4-2bf5-4c08-9483-bd636470bc11,b99df4a4-2bf5-4c08-9483-bd636470bc11,Antarctica/South_Pole
2d6902f4-d1f7-40e1-bde4-0116e045318b,,,automation_template_3151957,1565,,,,,,,,,OTAuto02,b99df4a4-2bf5-4c08-9483-bd636470bc11,b99df4a4-2bf5-4c08-9483-bd636470bc11,Antarctica/South_Pole
f20d799c-2e46-4971-a410-1d45674645a9,,,automation_template_3151957,1565,,,,,,,,,OTAuto02,b99df4a4-2bf5-4c08-9483-bd636470bc11,b99df4a4-2bf5-4c08-9483-bd636470bc11,Antarctica/South_Pole
44baebd0-cf46-46c8-be33-aa936596edf5,,,Template_41139_3488192,2003,2026-03-25T07:44:43.000+00:00,2026-03-25,2026,March,03,Quarter 1,126.69948107638845,,OTAuto02,b99df4a4-2bf5-4c08-9483-bd636470bc11,b99df4a4-2bf5-4c08-9483-bd636470bc11,Antarctica/South_Pole
84115316-e562-49cc-b7b1-3eb078936a89,,,Template_41139_3488192,2003,2026-03-25T07:44:43.000+00:00,2026-03-25,2026,March,03,Quarter 1,126.69948107638845,,OTAuto02,b99df4a4-2bf5-4c08-9483-bd636470bc11,b99df4a4-2bf5-4c08-9483-bd636470bc11,Antarctica/South_Pole
0de3856a-6cdb-4146-9a73-142cf19d9a0a,,,Template_100267_3389809,2294,2026-03-25T08:59:26.000+00:00,2026-03-25,2026,March,03,Quarter 1,126.64759450231438,,OTAuto02,b99df4a4-2bf5-4c08-9483-bd636470bc11,b99df4a4-2bf5-4c08-9483-bd636470bc11,Antarctica/South_Pole
76eb8f38-d71d-4d6f-bc4b-8dcee8dea8dc,,,automation_template_5066527,2298,2026-03-25T09:05:59.000+00:00,2026-03-25,2026,March,03,Quarter 1,126.64304589120326,,OTAuto02,b99df4a4-2bf5-4c08-9483-bd636470bc11,b99df4a4-2bf5-4c08-9483-bd636470bc11,Antarctica/South_Pole
aa8bcd2e-7d33-4a9b-9674-ba1878a1214e,,,Inventory_02_Template_3766628,2377,,,,,,,,,OTAuto02,b99df4a4-2bf5-4c08-9483-bd636470bc11,b99df4a4-2bf5-4c08-9483-bd636470bc11,Antarctica/South_Pole
f23c8283-f24b-4ac5-a6e3-a9b8c6f585f4,,,Inventory_01_Template_3766628,2376,2026-03-25T09:24:45.000+00:00,2026-03-25,2026,March,03,Quarter 1,126.63001348379585,,OTAuto02,b99df4a4-2bf5-4c08-9483-bd636470bc11,b99df4a4-2bf5-4c08-9483-bd636470bc11,Antarctica/South_Pole
121b6c72-dac4-4951-9b79-e5219bab948f,,,Inventory_41163_Template_9151011,2543,2026-03-25T10:14:52.000+00:00,2026-03-25,2026,March,03,Quarter 1,126.59521024305512,,OTAuto02,b99df4a4-2bf5-4c08-9483-bd636470bc11,b99df4a4-2bf5-4c08-9483-bd636470bc11,Antarctica/South_Pole
2dabdfe3-df0d-4192-ac1a-85cbde01ad28,,,Incident_template_5441761,2822,2026-03-25T11:47:43.000+00:00,2026-03-25,2026,March,03,Quarter 1,126.53073107638845,,OTAuto02,b99df4a4-2bf5-4c08-9483-bd636470bc11,b99df4a4-2bf5-4c08-9483-bd636470bc11,Antarctica/South_Pole
04565450-940d-49e1-bfb6-a0805c268957,,,automation_template_3841_498296,2855,2026-03-25T12:47:33.000+00:00,2026-03-25,2026,March,03,Quarter 1,126.48918015046252,,OTAuto02,b99df4a4-2bf5-4c08-9483-bd636470bc11,b99df4a4-2bf5-4c08-9483-bd636470bc11,Antarctica/South_Pole
22448603-b7b2-4787-a9ca-75c3cefb365e,,,automation_template_3841_498296,2855,2026-03-25T12:47:33.000+00:00,2026-03-25,2026,March,03,Quarter 1,126.48918015046252,,OTAuto02,b99df4a4-2bf5-4c08-9483-bd636470bc11,b99df4a4-2bf5-4c08-9483-bd636470bc11,Antarctica/South_Pole
4640e53a-05d0-4d50-b896-24dd21a41c9a,,,automation_template_3841_498296,2855,2026-03-25T12:47:33.000+00:00,2026-03-25,2026,March,03,Quarter 1,126.48918015046252,,OTAuto02,b99df4a4-2bf5-4c08-9483-bd636470bc11,b99df4a4-2bf5-4c08-9483-bd636470bc11,Antarctica/South_Pole
9817f560-841f-4fcf-a69e-dea40f3d56ca,,,automation_template_3841_498296,2855,2026-03-25T12:47:33.000+00:00,2026-03-25,2026,March,03,Quarter 1,126.48918015046252,,OTAuto02,b99df4a4-2bf5-4c08-9483-bd636470bc11,b99df4a4-2bf5-4c08-9483-bd636470bc11,Antarctica/South_Pole
c29e795e-458d-457e-8a59-1dd46f686b78,,,automation_template_3841_498296,2855,2026-03-25T12:47:33.000+00:00,2026-03-25,2026,March,03,Quarter 1,126.48918015046252,,OTAuto02,b99df4a4-2bf5-4c08-9483-bd636470bc11,b99df4a4-2bf5-4c08-9483-bd636470bc11,Antarctica/South_Pole
d6b7afd8-39ca-429a-b6a3-7064b4f158cb,,,automation_template_3841_498296,2855,2026-03-25T12:47:33.000+00:00,2026-03-25,2026,March,03,Quarter 1,126.48918015046252,,OTAuto02,b99df4a4-2bf5-4c08-9483-bd636470bc11,b99df4a4-2bf5-4c08-9483-bd636470bc11,Antarctica/South_Pole
ee370512-a88e-45b7-8273-a131c251ca97,,,automation_template_3841_498296,2855,2026-03-25T12:47:33.000+00:00,2026-03-25,2026,March,03,Quarter 1,126.48918015046252,,OTAuto02,b99df4a4-2bf5-4c08-9483-bd636470bc11,b99df4a4-2bf5-4c08-9483-bd636470bc11,Antarctica/South_Pole
6bfca2cd-adee-4bb4-a92f-71204b8a41da,,,copy_IncidentInventoryLinktemplate_5035594,2863,2026-03-25T13:00:51.000+00:00,2026-03-25,2026,March,03,Quarter 1,126.47994403935141,,OTAuto02,b99df4a4-2bf5-4c08-9483-bd636470bc11,b99df4a4-2bf5-4c08-9483-bd636470bc11,Antarctica/South_Pole
06d84e3f-5483-4ec0-b77e-42e11c8314f8,,,Template_1501_3113106,2884,2026-03-25T13:11:25.000+00:00,2026-03-25,2026,March,03,Quarter 1,126.47260607638844,,OTAuto02,b99df4a4-2bf5-4c08-9483-bd636470bc11,b99df4a4-2bf5-4c08-9483-bd636470bc11,Antarctica/South_Pole
6756895d-b014-490a-96f5-8c8fe10b44cd,,,Template_1501_3113106,2884,2026-03-25T13:11:25.000+00:00,2026-03-25,2026,March,03,Quarter 1,126.47260607638844,,OTAuto02,b99df4a4-2bf5-4c08-9483-bd636470bc11,b99df4a4-2bf5-4c08-9483-bd636470bc11,Antarctica/South_Pole
cb1e4de8-bd80-481a-99e0-c98853bd7881,,,Template_1_7019402,2894,2026-03-25T13:19:40.000+00:00,2026-03-25,2026,March,03,Quarter 1,126.46687690972178,,OTAuto02,b99df4a4-2bf5-4c08-9483-bd636470bc11,b99df4a4-2bf5-4c08-9483-bd636470bc11,Antarctica/South_Pole
cecc76e1-0ae6-436c-84bf-4a70ea171177,,,ct_2106080,2886,,,,,,,,,OTAuto02,b99df4a4-2bf5-4c08-9483-bd636470bc11,b99df4a4-2bf5-4c08-9483-bd636470bc11,Antarctica/South_Pole
d8c5b986-66ee-4aa2-a17c-a30921d76b9f,,,Template_1501_3113106,2884,2026-03-25T13:11:25.000+00:00,2026-03-25,2026,March,03,Quarter 1,126.47260607638844,,OTAuto02,b99df4a4-2bf5-4c08-9483-bd636470bc11,b99df4a4-2bf5-4c08-9483-bd636470bc11,Antarctica/South_Pole
ec4e3286-7e77-472e-b8a0-83317034cae0,,,Template_1501_3113106,2884,2026-03-25T13:11:25.000+00:00,2026-03-25,2026,March,03,Quarter 1,126.47260607638844,,OTAuto02,b99df4a4-2bf5-4c08-9483-bd636470bc11,b99df4a4-2bf5-4c08-9483-bd636470bc11,Antarctica/South_Pole
a3e18415-50cc-404d-858c-8099660b4ae4,,,automation_template_8440291,2878,2026-03-25T13:06:26.000+00:00,2026-03-25,2026,March,03,Quarter 1,126.4760667245366,,OTAuto02,b99df4a4-2bf5-4c08-9483-bd636470bc11,b99df4a4-2bf5-4c08-9483-bd636470bc11,Antarctica/South_Pole
87014f92-9bc8-478a-b4d9-cd08bbfcb1de,,,Template_75075_5954928,2870,2026-03-25T13:03:27.000+00:00,2026-03-25,2026,March,03,Quarter 1,126.47813848379586,,OTAuto02,b99df4a4-2bf5-4c08-9483-bd636470bc11,b99df4a4-2bf5-4c08-9483-bd636470bc11,Antarctica/South_Pole
a5fe32b5-4d7f-4b06-a159-31f948520e38,,,t_4176281,2977,,,,,,,,,OTAuto02,b99df4a4-2bf5-4c08-9483-bd636470bc11,b99df4a4-2bf5-4c08-9483-bd636470bc11,Antarctica/South_Pole
b66ca2c4-1b38-459c-a4c4-704c137d280d,,,Template_1_488189,2991,,,,,,,,,OTAuto02,b99df4a4-2bf5-4c08-9483-bd636470bc11,b99df4a4-2bf5-4c08-9483-bd636470bc11,Antarctica/South_Pole
17db01da-f4da-4bcc-a7d7-62949ab13a16,,,t_5820889,3003,,,,,,,,,OTAuto02,b99df4a4-2bf5-4c08-9483-bd636470bc11,b99df4a4-2bf5-4c08-9483-bd636470bc11,Antarctica/South_Pole
78d174ff-f2d3-4515-9185-1a14a12a9eae,,,template_Eng_2341968,3002,2026-03-25T14:34:59.000+00:00,2026-03-25,2026,March,03,Quarter 1,126.41457366898103,,OTAuto02,b99df4a4-2bf5-4c08-9483-bd636470bc11,b99df4a4-2bf5-4c08-9483-bd636470bc11,Antarctica/South_Pole
eb97d0ad-c9b0-417d-b354-368c0b7f5628,,,t_8585383,3004,,,,,,,,,OTAuto02,b99df4a4-2bf5-4c08-9483-bd636470bc11,b99df4a4-2bf5-4c08-9483-bd636470bc11,Antarctica/South_Pole
febed68b-0181-474f-aa48-369ad726e1ed,,,wf_template_2908984,3026,,,,,,,,,OTAuto02,b99df4a4-2bf5-4c08-9483-bd636470bc11,b99df4a4-2bf5-4c08-9483-bd636470bc11,Antarctica/South_Pole
3bfd4a9c-562d-4801-92aa-57e63353b9b0,,,automation_template_9288173,3017,,,,,,,,,OTAuto02,b99df4a4-2bf5-4c08-9483-bd636470bc11,b99df4a4-2bf5-4c08-9483-bd636470bc11,Antarctica/South_Pole
38f03a04-f7df-404f-896e-4cabb9d25cb7,,,automation_template_5799249,2959,,,,,,,,,OTAuto02,b99df4a4-2bf5-4c08-9483-bd636470bc11,b99df4a4-2bf5-4c08-9483-bd636470bc11,Antarctica/South_Pole
474c3d5f-2434-4d6a-beb0-eea9c876b431,,,automation_template_5799249,2956,,,,,,,,,OTAuto02,b99df4a4-2bf5-4c08-9483-bd636470bc11,b99df4a4-2bf5-4c08-9483-bd636470bc11,Antarctica/South_Pole
55ab926d-a46d-4dc5-a180-458818a27af2,,,automation_template_5799249,2962,,,,,,,,,OTAuto02,b99df4a4-2bf5-4c08-9483-bd636470bc11,b99df4a4-2bf5-4c08-9483-bd636470bc11,Antarctica/South_Pole
89c1dd46-1589-4022-aa79-f9e458c72877,,,Template_1_106660,2957,2026-03-25T14:02:26.000+00:00,2026-03-25,2026,March,03,Quarter 1,126.4371778356477,,OTAuto02,b99df4a4-2bf5-4c08-9483-bd636470bc11,b99df4a4-2bf5-4c08-9483-bd636470bc11,Antarctica/South_Pole
be4db9f7-35d2-4d70-826b-25b0f24b8736,,,automation_template_5799249,2961,,,,,,,,,OTAuto02,b99df4a4-2bf5-4c08-9483-bd636470bc11,b99df4a4-2bf5-4c08-9483-bd636470bc11,Antarctica/South_Pole
de0cb44c-5292-4217-a5f5-cab097fbb9f2,,,t_4754403,2967,,,,,,,,,OTAuto02,b99df4a4-2bf5-4c08-9483-bd636470bc11,b99df4a4-2bf5-4c08-9483-bd636470bc11,Antarctica/South_Pole
6a92a5ea-d4ee-4071-ac76-826c29f96282,,,Template_59428_1837314,2911,2026-03-25T13:31:43.000+00:00,2026-03-25,2026,March,03,Quarter 1,126.45850885416623,,OTAuto02,b99df4a4-2bf5-4c08-9483-bd636470bc11,b99df4a4-2bf5-4c08-9483-bd636470bc11,Antarctica/South_Pole
bc29fd65-46dc-4177-8a66-f8f790646841,,,Template_59428_1837314,2911,2026-03-25T13:31:43.000+00:00,2026-03-25,2026,March,03,Quarter 1,126.45850885416623,,OTAuto02,b99df4a4-2bf5-4c08-9483-bd636470bc11,b99df4a4-2bf5-4c08-9483-bd636470bc11,Antarctica/South_Pole
427c2da7-9bbb-4f9f-a21b-05c98006da83,,,t1_22928,2938,,,,,,,,,OTAuto02,b99df4a4-2bf5-4c08-9483-bd636470bc11,b99df4a4-2bf5-4c08-9483-bd636470bc11,Antarctica/South_Pole
5d5bcdf5-0c81-433e-8c04-3a487f390416,,,automation_template_5799249,2949,,,,,,,,,OTAuto02,b99df4a4-2bf5-4c08-9483-bd636470bc11,b99df4a4-2bf5-4c08-9483-bd636470bc11,Antarctica/South_Pole
6cff34f9-3943-4ae6-b2fb-fcead759c16a,,,automation_template_5799249,2951,,,,,,,,,OTAuto02,b99df4a4-2bf5-4c08-9483-bd636470bc11,b99df4a4-2bf5-4c08-9483-bd636470bc11,Antarctica/South_Pole
856dbf53-3ee4-4419-a34a-9fd01012c7ef,,,automation_template_5799249,2947,,,,,,,,,OTAuto02,b99df4a4-2bf5-4c08-9483-bd636470bc11,b99df4a4-2bf5-4c08-9483-bd636470bc11,Antarctica/South_Pole
ffb70c53-aee5-407e-ac01-18cdda780ecb,,,automation_template_5799249,2953,,,,,,,,,OTAuto02,b99df4a4-2bf5-4c08-9483-bd636470bc11,b99df4a4-2bf5-4c08-9483-bd636470bc11,Antarctica/South_Pole
3ceafaec-662c-41d8-9bed-ea5852ebf71f,,,automation_template_5799249,2954,,,,,,,,,OTAuto02,b99df4a4-2bf5-4c08-9483-bd636470bc11,b99df4a4-2bf5-4c08-9483-bd636470bc11,Antarctica/South_Pole
84186333-addf-4ec5-bd32-567a71f4c328,,,automation_template_5799249,2955,,,,,,,,,OTAuto02,b99df4a4-2bf5-4c08-9483-bd636470bc11,b99df4a4-2bf5-4c08-9483-bd636470bc11,Antarctica/South_Pole
32434da5-71df-421f-9bea-951477dd3fe2,,,wf_template_8924918,3048,,,,,,,,,OTAuto02,b99df4a4-2bf5-4c08-9483-bd636470bc11,b99df4a4-2bf5-4c08-9483-bd636470bc11,Antarctica/South_Pole
2761b14f-2c97-4b29-8520-a4eedd6a11f3,,,automation_template_4502864,3042,,,,,,,,,OTAuto02,b99df4a4-2bf5-4c08-9483-bd636470bc11,b99df4a4-2bf5-4c08-9483-bd636470bc11,Antarctica/South_Pole
738eb88a-ce98-4569-8fc6-48468fdb8f98,,,t1_9389263,3053,,,,,,,,,OTAuto02,b99df4a4-2bf5-4c08-9483-bd636470bc11,b99df4a4-2bf5-4c08-9483-bd636470bc11,Antarctica/South_Pole
452d17ca-c647-431f-a4d2-9d1d64d7cafe,,,t_8351532,3057,2026-03-25T15:28:51.000+00:00,2026-03-25,2026,March,03,Quarter 1,126.37716626157363,,OTAuto02,b99df4a4-2bf5-4c08-9483-bd636470bc11,b99df4a4-2bf5-4c08-9483-bd636470bc11,Antarctica/South_Pole
36eb0e4d-af72-44fd-b938-4d84667bc8c9,,,t_485401,3075,2026-03-25T15:50:35.000+00:00,2026-03-25,2026,March,03,Quarter 1,126.36207366898104,,OTAuto02,b99df4a4-2bf5-4c08-9483-bd636470bc11,b99df4a4-2bf5-4c08-9483-bd636470bc11,Antarctica/South_Pole
2d98c3a1-640f-40e1-845a-1c04fde82619,,,t_8217076,3088,,,,,,,,,OTAuto02,b99df4a4-2bf5-4c08-9483-bd636470bc11,b99df4a4-2bf5-4c08-9483-bd636470bc11,Antarctica/South_Pole
8518e388-b90c-43d0-bae5-ea73831e7a21,,,t_6061746,3087,2026-03-25T16:01:51.000+00:00,2026-03-25,2026,March,03,Quarter 1,126.35424959490696,,OTAuto02,b99df4a4-2bf5-4c08-9483-bd636470bc11,b99df4a4-2bf5-4c08-9483-bd636470bc11,Antarctica/South_Pole
079bf526-8c2b-4338-8d48-d87dc2320920,,,t_9697066,3092,2026-03-25T16:10:00.000+00:00,2026-03-25,2026,March,03,Quarter 1,126.34858987268474,,OTAuto02,b99df4a4-2bf5-4c08-9483-bd636470bc11,b99df4a4-2bf5-4c08-9483-bd636470bc11,Antarctica/South_Pole
011e487c-a5d4-44a9-b8fa-4905bcfe3431,,,t1_2368_1302179,2942,2026-03-25T13:53:44.000+00:00,2026-03-25,2026,March,03,Quarter 1,126.44321950231438,,OTAuto02,b99df4a4-2bf5-4c08-9483-bd636470bc11,b99df4a4-2bf5-4c08-9483-bd636470bc11,Antarctica/South_Pole
011e487c-a5d4-44a9-b8fa-4905bcfe3431,,,t_2368_1302179,2937,2026-03-25T13:50:00.000+00:00,2026-03-25,2026,March,03,Quarter 1,126.44581209490697,,OTAuto02,b99df4a4-2bf5-4c08-9483-bd636470bc11,b99df4a4-2bf5-4c08-9483-bd636470bc11,Antarctica/South_Pole
01f63677-93bc-418c-a5a2-502710d57877,,,Inventory_38868_Template_24032026,1624,,,,,,,,,OTAuto02,b99df4a4-2bf5-4c08-9483-bd636470bc11,b99df4a4-2bf5-4c08-9483-bd636470bc11,Antarctica/South_Pole
0233df0e-1986-4af9-8756-aebc2c2c249d,,,t_1717277,3021,,,,,,,,,OTAuto02,b99df4a4-2bf5-4c08-9483-bd636470bc11,b99df4a4-2bf5-4c08-9483-bd636470bc11,Antarctica/South_Pole
02c76556-d8f5-4794-bc96-3f1d0b332b27,,,Template_4817643,2396,,,,,,,,,OTAuto02,b99df4a4-2bf5-4c08-9483-bd636470bc11,b99df4a4-2bf5-4c08-9483-bd636470bc11,Antarctica/South_Pole
04fa8c86-1fee-44ce-bce2-b83acc5f08a1,,,automation_template_1482994,2989,,,,,,,,,OTAuto02,b99df4a4-2bf5-4c08-9483-bd636470bc11,b99df4a4-2bf5-4c08-9483-bd636470bc11,Antarctica/South_Pole
0672d24a-cb91-4550-837c-48a2ad13c33a,,,automation_template_42838_6012391,2259,2026-03-25T08:51:00.000+00:00,2026-03-25,2026,March,03,Quarter 1,126.65345098379585,,OTAuto02,b99df4a4-2bf5-4c08-9483-bd636470bc11,b99df4a4-2bf5-4c08-9483-bd636470bc11,Antarctica/South_Pole
07949530-e748-47c2-8808-097cef0e8f3b,,,automation_template_40689_5416052,2190,,,,,,,,,OTAuto02,b99df4a4-2bf5-4c08-9483-bd636470bc11,b99df4a4-2bf5-4c08-9483-bd636470bc11,Antarctica/South_Pole
082f9596-59cb-4f59-9741-973d769e5e91,,,Template_91609_8906332,2817,,,,,,,,,OTAuto02,b99df4a4-2bf5-4c08-9483-bd636470bc11,b99df4a4-2bf5-4c08-9483-bd636470bc11,Antarctica/South_Pole
087b342b-5bf0-41d3-8885-a9ec6f0a6224,,,t_6607284,2890,,,,,,,,,OTAuto02,b99df4a4-2bf5-4c08-9483-bd636470bc11,b99df4a4-2bf5-4c08-9483-bd636470bc11,Antarctica/South_Pole
093a1e8f-241f-4c06-a947-8f154787e0f8,,,Template_2_584105,2634,2026-03-25T10:45:12.000+00:00,2026-03-25,2026,March,03,Quarter 1,126.5741454282403,,OTAuto02,b99df4a4-2bf5-4c08-9483-bd636470bc11,b99df4a4-2bf5-4c08-9483-bd636470bc11,Antarctica/South_Pole
096e2a43-c8d3-4c8e-8c13-62cedcbcd510,,,t2_3726173,3099,2026-03-25T16:46:03.000+00:00,2026-03-25,2026,March,03,Quarter 1,126.32355515046252,,OTAuto02,b99df4a4-2bf5-4c08-9483-bd636470bc11,b99df4a4-2bf5-4c08-9483-bd636470bc11,Antarctica/South_Pole
0a5ce62a-4a5b-4f37-bb5f-5d4fb9cc78c0,,,Template_1_9994321,2830,,,,,,,,,OTAuto02,b99df4a4-2bf5-4c08-9483-bd636470bc11,b99df4a4-2bf5-4c08-9483-bd636470bc11,Antarctica/South_Pole
0c46c957-a1c5-41e7-bdb7-79cbda924afa,,,automation_template_40684_9518652,2697,,,,,,,,,OTAuto02,b99df4a4-2bf5-4c08-9483-bd636470bc11,b99df4a4-2bf5-4c08-9483-bd636470bc11,Antarctica/South_Pole
0cc6e143-9561-4499-b453-5acd08233b48,,,Inventory_Template_4674930,2659,,,,,,,,,OTAuto02,b99df4a4-2bf5-4c08-9483-bd636470bc11,b99df4a4-2bf5-4c08-9483-bd636470bc11,Antarctica/South_Pole
0dc1ac31-83a0-4853-ac76-35024c535d8c,,,template_1954504,3015,2026-03-25T14:45:09.000+00:00,2026-03-25,2026,March,03,Quarter 1,126.40751348379585,,OTAuto02,b99df4a4-2bf5-4c08-9483-bd636470bc11,b99df4a4-2bf5-4c08-9483-bd636470bc11,Antarctica/South_Pole
0e0ba8b6-cf88-4448-8bfa-a491baacba71,,,Template_1170_24032026,1641,,,,,,,,,OTAuto02,b99df4a4-2bf5-4c08-9483-bd636470bc11,b99df4a4-2bf5-4c08-9483-bd636470bc11,Antarctica/South_Pole
0e95eb5a-1d27-4bd4-b0ea-21bdb65345b3,,,t_4991706,2915,2026-03-25T13:34:14.000+00:00,2026-03-25,2026,March,03,Quarter 1,126.45676116898105,,OTAuto02,b99df4a4-2bf5-4c08-9483-bd636470bc11,b99df4a4-2bf5-4c08-9483-bd636470bc11,Antarctica/South_Pole
0ef26f3c-d660-4047-8205-91bb63ec5416,,,Template_65188_24032026,1869,,,,,,,,,OTAuto02,b99df4a4-2bf5-4c08-9483-bd636470bc11,b99df4a4-2bf5-4c08-9483-bd636470bc11,Antarctica/South_Pole
0f4c22ed-d7d6-43fa-af6c-514072092648,,,Template_78096_1_6792181,2889,,,,,,,,,OTAuto02,b99df4a4-2bf5-4c08-9483-bd636470bc11,b99df4a4-2bf5-4c08-9483-bd636470bc11,Antarctica/South_Pole
12363d92-ddee-4265-ac30-8245bb1f21e1,,,template_3661006,3028,2026-03-25T14:58:43.000+00:00,2026-03-25,2026,March,03,Quarter 1,126.39809218749956,,OTAuto02,b99df4a4-2bf5-4c08-9483-bd636470bc11,b99df4a4-2bf5-4c08-9483-bd636470bc11,Antarctica/South_Pole
1358a23e-753c-42d1-a9e3-afadf1ac6de9,,,automation_template_42865_2632301,2510,,,,,,,,,OTAuto02,b99df4a4-2bf5-4c08-9483-bd636470bc11,b99df4a4-2bf5-4c08-9483-bd636470bc11,Antarctica/South_Pole
149eef0a-966f-4310-9487-bbbc1ecadcf5,,,Template_68587_7476050,3176,,,,,,,,,OTAuto02,b99df4a4-2bf5-4c08-9483-bd636470bc11,b99df4a4-2bf5-4c08-9483-bd636470bc11,Antarctica/South_Pole
14afd2e9-af53-4de5-aa9d-8063f32f9519,,,automation_template_2694199,2037,,,,,,,,,OTAuto02,b99df4a4-2bf5-4c08-9483-bd636470bc11,b99df4a4-2bf5-4c08-9483-bd636470bc11,Antarctica/South_Pole
17c89c16-4a18-47e7-898c-f036f8be46d5,,,t_7863242,2933,,,,,,,,,OTAuto02,b99df4a4-2bf5-4c08-9483-bd636470bc11,b99df4a4-2bf5-4c08-9483-bd636470bc11,Antarctica/South_Pole
1c2ecaf3-afb5-4fff-9666-309f19e5afd3,,,t1_ql_9820390,3065,,,,,,,,,OTAuto02,b99df4a4-2bf5-4c08-9483-bd636470bc11,b99df4a4-2bf5-4c08-9483-bd636470bc11,Antarctica/South_Pole
1cd1f4f7-1201-4781-85d6-f4fb1e358c46,,,automation_template_42844_3902618,2487,2026-03-25T09:55:38.000+00:00,2026-03-25,2026,March,03,Quarter 1,126.6085667245366,,OTAuto02,b99df4a4-2bf5-4c08-9483-bd636470bc11,b99df4a4-2bf5-4c08-9483-bd636470bc11,Antarctica/South_Pole
1e08326c-5732-45a9-90f6-af1105158e16,,,Inventory_Template_2685260,2645,,,,,,,,,OTAuto02,b99df4a4-2bf5-4c08-9483-bd636470bc11,b99df4a4-2bf5-4c08-9483-bd636470bc11,Antarctica/South_Pole
1ec93996-b9b6-42fd-bd30-893627cfc4fa,,,Template_pa_4129237,3008,,,,,,,,,OTAuto02,b99df4a4-2bf5-4c08-9483-bd636470bc11,b99df4a4-2bf5-4c08-9483-bd636470bc11,Antarctica/South_Pole
2055bd0a-005c-4388-b099-6c3240fcb27b,,,IncidentInventoryLinktemplate_7182490,3069,,,,,,,,,OTAuto02,b99df4a4-2bf5-4c08-9483-bd636470bc11,b99df4a4-2bf5-4c08-9483-bd636470bc11,Antarctica/South_Pole
20899601-bab0-49ed-8002-a7d91c1aa19d,,,t_4566251,2943,,,,,,,,,OTAuto02,b99df4a4-2bf5-4c08-9483-bd636470bc11,b99df4a4-2bf5-4c08-9483-bd636470bc11,Antarctica/South_Pole
22142483-2c74-429b-9ee8-4434e0843bf8,,,Template_91582_191429,2820,,,,,,,,,OTAuto02,b99df4a4-2bf5-4c08-9483-bd636470bc11,b99df4a4-2bf5-4c08-9483-bd636470bc11,Antarctica/South_Pole
22b720d6-acc9-42e2-842a-c6e2aad64a21,,,Template_5208368_1,2895,2026-03-25T13:19:33.000+00:00,2026-03-25,2026,March,03,Quarter 1,126.4669579282403,,OTAuto02,b99df4a4-2bf5-4c08-9483-bd636470bc11,b99df4a4-2bf5-4c08-9483-bd636470bc11,Antarctica/South_Pole
22bf4356-41b7-482d-9e88-546c5c97ec6f,,,automation_template_40643_8230019,1768,,,,,,,,,OTAuto02,b99df4a4-2bf5-4c08-9483-bd636470bc11,b99df4a4-2bf5-4c08-9483-bd636470bc11,Antarctica/South_Pole
23336fc0-0dd4-4e10-9993-bd4c4a92cd90,,,Template_3006148_1,2902,2026-03-25T13:28:09.000+00:00,2026-03-25,2026,March,03,Quarter 1,126.46098570601808,,OTAuto02,b99df4a4-2bf5-4c08-9483-bd636470bc11,b99df4a4-2bf5-4c08-9483-bd636470bc11,Antarctica/South_Pole
2551d5be-f2c4-4bad-921d-5a75358ae20e,,,t_8750234,3081,,,,,,,,,OTAuto02,b99df4a4-2bf5-4c08-9483-bd636470bc11,b99df4a4-2bf5-4c08-9483-bd636470bc11,Antarctica/South_Pole
25ef0d0a-8dda-4788-be36-f5312c0da357,,,Template_3520538,2812,,,,,,,,,OTAuto02,b99df4a4-2bf5-4c08-9483-bd636470bc11,b99df4a4-2bf5-4c08-9483-bd636470bc11,Antarctica/South_Pole
2642bae9-a816-43d5-aec6-c5c591113cd5,,,automation_template_4931756,3061,,,,,,,,,OTAuto02,b99df4a4-2bf5-4c08-9483-bd636470bc11,b99df4a4-2bf5-4c08-9483-bd636470bc11,Antarctica/South_Pole
26493ce7-6efe-4480-9902-4f38512d0971,,,Template_7635_24032026,1634,,,,,,,,,OTAuto02,b99df4a4-2bf5-4c08-9483-bd636470bc11,b99df4a4-2bf5-4c08-9483-bd636470bc11,Antarctica/South_Pole
26ca6d90-9b9c-4f16-aab1-d1f107c8aad3,,,Automated_58873_template_24032026,1627,,,,,,,,,OTAuto02,b99df4a4-2bf5-4c08-9483-bd636470bc11,b99df4a4-2bf5-4c08-9483-bd636470bc11,Antarctica/South_Pole
280e3922-17b5-40e0-ae27-faf2de817c9d,,,Template_entity_4431134,2801,2026-03-25T11:21:05.000+00:00,2026-03-25,2026,March,03,Quarter 1,126.54922644675882,,OTAuto02,b99df4a4-2bf5-4c08-9483-bd636470bc11,b99df4a4-2bf5-4c08-9483-bd636470bc11,Antarctica/South_Pole
2a26f595-aa31-40b0-ba95-14f8d3700136,,,automation_template_4931756,3060,,,,,,,,,OTAuto02,b99df4a4-2bf5-4c08-9483-bd636470bc11,b99df4a4-2bf5-4c08-9483-bd636470bc11,Antarctica/South_Pole
2a26f595-aa31-40b0-ba95-14f8d3700136,,,automation_template_680869,2958,2026-03-25T14:03:20.000+00:00,2026-03-25,2026,March,03,Quarter 1,126.4365528356477,,OTAuto02,b99df4a4-2bf5-4c08-9483-bd636470bc11,b99df4a4-2bf5-4c08-9483-bd636470bc11,Antarctica/South_Pole
2dac725f-1f1c-48cc-8e60-4bc1ece4da47,,,automation_template_5799249,2966,,,,,,,,,OTAuto02,b99df4a4-2bf5-4c08-9483-bd636470bc11,b99df4a4-2bf5-4c08-9483-bd636470bc11,Antarctica/South_Pole
2efb35e2-e933-427b-81d4-0a0ff983591b,,,automation_template_2694199,2035,,,,,,,,,OTAuto02,b99df4a4-2bf5-4c08-9483-bd636470bc11,b99df4a4-2bf5-4c08-9483-bd636470bc11,Antarctica/South_Pole
2f90a155-d603-4abf-ae38-94ea8c1ec70c,,,Template_78083_7306431,2493,,,,,,,,,OTAuto02,b99df4a4-2bf5-4c08-9483-bd636470bc11,b99df4a4-2bf5-4c08-9483-bd636470bc11,Antarctica/South_Pole
3023f536-a22b-4639-9cc9-b63979163057,,,t1_5933769,3097,,,,,,,,,OTAuto02,b99df4a4-2bf5-4c08-9483-bd636470bc11,b99df4a4-2bf5-4c08-9483-bd636470bc11,Antarctica/South_Pole
308fd97a-f0ad-46fd-a318-b6169f66c1f4,,,Template_3108027,3255,,,,,,,,,OTAuto02,b99df4a4-2bf5-4c08-9483-bd636470bc11,b99df4a4-2bf5-4c08-9483-bd636470bc11,Antarctica/South_Pole
30eb3ef3-ee86-4c1a-b3cc-66bbeef9c665,,,t1_6242464,3104,,,,,,,,,OTAuto02,b99df4a4-2bf5-4c08-9483-bd636470bc11,b99df4a4-2bf5-4c08-9483-bd636470bc11,Antarctica/South_Pole
31f82492-d148-4b44-ab66-7041f58853ec,,,Template_91825_9339183,2045,,,,,,,,,OTAuto02,b99df4a4-2bf5-4c08-9483-bd636470bc11,b99df4a4-2bf5-4c08-9483-bd636470bc11,Antarctica/South_Pole
335ed262-dd86-496e-979a-545c654d16f5,,,Template_681270,2061,2026-03-25T08:05:10.000+00:00,2026-03-25,2026,March,03,Quarter 1,126.68527968749956,,OTAuto02,b99df4a4-2bf5-4c08-9483-bd636470bc11,b99df4a4-2bf5-4c08-9483-bd636470bc11,Antarctica/South_Pole
3433e222-199c-4925-abe7-4a9d493b45bd,,,automation_template_2694199,2032,,,,,,,,,OTAuto02,b99df4a4-2bf5-4c08-9483-bd636470bc11,b99df4a4-2bf5-4c08-9483-bd636470bc11,Antarctica/South_Pole
35d414fb-6672-4ff9-8dde-dd60d6cf2ef3,,,automation_template_36427_24032026,1755,,,,,,,,,OTAuto02,b99df4a4-2bf5-4c08-9483-bd636470bc11,b99df4a4-2bf5-4c08-9483-bd636470bc11,Antarctica/South_Pole
365fca98-ef99-496d-a828-cc60b3fb24f5,,,template_43465_5856149,1594,2026-03-25T06:10:05.000+00:00,2026-03-25,2026,March,03,Quarter 1,126.76519866898104,,OTAuto02,b99df4a4-2bf5-4c08-9483-bd636470bc11,b99df4a4-2bf5-4c08-9483-bd636470bc11,Antarctica/South_Pole
36acca4e-78f7-4573-b151-8b08e7fe6146,,,t_4849955,2883,,,,,,,,,OTAuto02,b99df4a4-2bf5-4c08-9483-bd636470bc11,b99df4a4-2bf5-4c08-9483-bd636470bc11,Antarctica/South_Pole
38eef9ed-5935-47e4-a5fc-0767d1c4a8a9,,,t_1552809,2995,2026-03-25T14:28:15.000+00:00,2026-03-25,2026,March,03,Quarter 1,126.41924959490697,,OTAuto02,b99df4a4-2bf5-4c08-9483-bd636470bc11,b99df4a4-2bf5-4c08-9483-bd636470bc11,Antarctica/South_Pole
3922b9a8-5622-47cb-8480-36ebc85347d1,,,t1_1067587,3098,,,,,,,,,OTAuto02,b99df4a4-2bf5-4c08-9483-bd636470bc11,b99df4a4-2bf5-4c08-9483-bd636470bc11,Antarctica/South_Pole
3a644574-f4e1-453b-aca2-eb385e6ef306,,,t2_3033448,3103,2026-03-25T16:55:14.000+00:00,2026-03-25,2026,March,03,Quarter 1,126.31717783564771,,OTAuto02,b99df4a4-2bf5-4c08-9483-bd636470bc11,b99df4a4-2bf5-4c08-9483-bd636470bc11,Antarctica/South_Pole
3bf9ac55-4eea-4774-a057-82aa5b185c61,,,Inventory_39122_01_Template_5978966,1680,2026-03-25T06:28:05.000+00:00,2026-03-25,2026,March,03,Quarter 1,126.75269866898104,,OTAuto02,b99df4a4-2bf5-4c08-9483-bd636470bc11,b99df4a4-2bf5-4c08-9483-bd636470bc11,Antarctica/South_Pole
3ee8701d-36ef-4958-8d34-a091a598f2d2,,,Inventory_101346_Template_1127216,2758,2026-03-25T11:12:52.000+00:00,2026-03-25,2026,March,03,Quarter 1,126.55493246527733,,OTAuto02,b99df4a4-2bf5-4c08-9483-bd636470bc11,b99df4a4-2bf5-4c08-9483-bd636470bc11,Antarctica/South_Pole
400597d4-8832-4249-8cb0-85fc2a318be4,,,Template_5292652,1829,,,,,,,,,OTAuto02,b99df4a4-2bf5-4c08-9483-bd636470bc11,b99df4a4-2bf5-4c08-9483-bd636470bc11,Antarctica/South_Pole
400597d4-8832-4249-8cb0-85fc2a318be4,,,Template_01_5292652,1827,2026-03-25T06:55:29.000+00:00,2026-03-25,2026,March,03,Quarter 1,126.73367089120326,,OTAuto02,b99df4a4-2bf5-4c08-9483-bd636470bc11,b99df4a4-2bf5-4c08-9483-bd636470bc11,Antarctica/South_Pole
40df472d-bd33-49f2-a54e-1faef5e4cfe4,,,t_9944361,3037,,,,,,,,,OTAuto02,b99df4a4-2bf5-4c08-9483-bd636470bc11,b99df4a4-2bf5-4c08-9483-bd636470bc11,Antarctica/South_Pole
440a6225-53b8-4493-8479-a393a91c768a,,,IncidentInventoryLinktemplate_7182490,3069,,,,,,,,,OTAuto02,b99df4a4-2bf5-4c08-9483-bd636470bc11,b99df4a4-2bf5-4c08-9483-bd636470bc11,Antarctica/South_Pole
462be851-4b87-42c6-ac1a-aaf5ae9758e8,,,Template_92279_6459197,2833,,,,,,,,,OTAuto02,b99df4a4-2bf5-4c08-9483-bd636470bc11,b99df4a4-2bf5-4c08-9483-bd636470bc11,Antarctica/South_Pole
46366251-10fa-42dc-acd7-1786ce434de7,,,t_8302819,3056,,,,,,,,,OTAuto02,b99df4a4-2bf5-4c08-9483-bd636470bc11,b99df4a4-2bf5-4c08-9483-bd636470bc11,Antarctica/South_Pole
4682c249-6f8e-4488-bf2a-6d0236438911,,,t_6426411,2934,,,,,,,,,OTAuto02,b99df4a4-2bf5-4c08-9483-bd636470bc11,b99df4a4-2bf5-4c08-9483-bd636470bc11,Antarctica/South_Pole
47130045-2e44-49a2-bb28-1ae536fdaf8e,,,Template_78096_6792181,2888,,,,,,,,,OTAuto02,b99df4a4-2bf5-4c08-9483-bd636470bc11,b99df4a4-2bf5-4c08-9483-bd636470bc11,Antarctica/South_Pole
48b885d2-d070-444d-9f72-b01f3e35d37a,,,Template_68691_2472036,1613,2026-03-25T06:13:36.000+00:00,2026-03-25,2026,March,03,Quarter 1,126.76275653935141,,OTAuto02,b99df4a4-2bf5-4c08-9483-bd636470bc11,b99df4a4-2bf5-4c08-9483-bd636470bc11,Antarctica/South_Pole
48eee06a-bed0-4ba8-8245-8cd38737c576,,,vrmAssessments_template_3403664,2971,,,,,,,,,OTAuto02,b99df4a4-2bf5-4c08-9483-bd636470bc11,b99df4a4-2bf5-4c08-9483-bd636470bc11,Antarctica/South_Pole
4af60f9a-49a9-4bfd-ad96-fa97ec245038,,,Template_9127486,3171,2026-03-25T19:11:02.000+00:00,2026-03-25,2026,March,03,Quarter 1,126.22287228009215,,OTAuto02,b99df4a4-2bf5-4c08-9483-bd636470bc11,b99df4a4-2bf5-4c08-9483-bd636470bc11,Antarctica/South_Pole
4b2422fb-aaf0-40da-b3ae-fe8cc4d45ea1,,,automation_template_6612926,1623,,,,,,,,,OTAuto02,b99df4a4-2bf5-4c08-9483-bd636470bc11,b99df4a4-2bf5-4c08-9483-bd636470bc11,Antarctica/South_Pole
4e00bf3a-89dc-4773-b51d-78b80987f01e,,,Template_68694_5571800,2782,,,,,,,,,OTAuto02,b99df4a4-2bf5-4c08-9483-bd636470bc11,b99df4a4-2bf5-4c08-9483-bd636470bc11,Antarctica/South_Pole
50e3b36c-1a93-49df-861b-d4d320186b83,,,Inventory_60725_template_3468396,2165,,,,,,,,,OTAuto02,b99df4a4-2bf5-4c08-9483-bd636470bc11,b99df4a4-2bf5-4c08-9483-bd636470bc11,Antarctica/South_Pole
5325d9da-7f56-4330-95f4-832a03f81d24,,,automation_template_16805,1955,,,,,,,,,OTAuto02,b99df4a4-2bf5-4c08-9483-bd636470bc11,b99df4a4-2bf5-4c08-9483-bd636470bc11,Antarctica/South_Pole
541542b2-3bfc-4bbb-b675-2fbe78dd20d3,,,Template_7591_24032026,1728,2026-03-25T06:35:06.000+00:00,2026-03-25,2026,March,03,Quarter 1,126.74782598379585,,OTAuto02,b99df4a4-2bf5-4c08-9483-bd636470bc11,b99df4a4-2bf5-4c08-9483-bd636470bc11,Antarctica/South_Pole
54974c65-0801-424b-8acc-e0341aa760b6,,,t_5867435,3083,,,,,,,,,OTAuto02,b99df4a4-2bf5-4c08-9483-bd636470bc11,b99df4a4-2bf5-4c08-9483-bd636470bc11,Antarctica/South_Pole
555e935d-5a00-4473-a107-ba78c5d70e54,,,automation_template_42884_6178571,1994,,,,,,,,,OTAuto02,b99df4a4-2bf5-4c08-9483-bd636470bc11,b99df4a4-2bf5-4c08-9483-bd636470bc11,Antarctica/South_Pole
563ae516-627c-4d72-a432-4662d42a382f,,,t1_7433831,2976,,,,,,,,,OTAuto02,b99df4a4-2bf5-4c08-9483-bd636470bc11,b99df4a4-2bf5-4c08-9483-bd636470bc11,Antarctica/South_Pole
56619332-2ad3-4923-aee7-26b9b04ab365,,,automation_template_6097164,3076,,,,,,,,,OTAuto02,b99df4a4-2bf5-4c08-9483-bd636470bc11,b99df4a4-2bf5-4c08-9483-bd636470bc11,Antarctica/South_Pole
5704d13d-d567-41e2-8405-3acdbc27c46f,,,automation_template_2_34059_4627321,2557,2026-03-25T10:20:55.000+00:00,2026-03-25,2026,March,03,Quarter 1,126.59100885416622,,OTAuto02,b99df4a4-2bf5-4c08-9483-bd636470bc11,b99df4a4-2bf5-4c08-9483-bd636470bc11,Antarctica/South_Pole
57f3343d-ab5f-4024-a7ff-8a6c00d46169,,,Template_1_3333243,2857,,,,,,,,,OTAuto02,b99df4a4-2bf5-4c08-9483-bd636470bc11,b99df4a4-2bf5-4c08-9483-bd636470bc11,Antarctica/South_Pole
585f923f-8b0a-4b36-9042-6b0081803baf,,,Template_78089_3779485,2836,,,,,,,,,OTAuto02,b99df4a4-2bf5-4c08-9483-bd636470bc11,b99df4a4-2bf5-4c08-9483-bd636470bc11,Antarctica/South_Pole
5a0821e1-763f-449d-a225-3f6e8a9f7d1c,,,automation_template_7000724,1903,,,,,,,,,OTAuto02,b99df4a4-2bf5-4c08-9483-bd636470bc11,b99df4a4-2bf5-4c08-9483-bd636470bc11,Antarctica/South_Pole
5b0170d2-e7b8-4e48-add9-7088d22d137b,,,Inventory_75069_Template_4321363,2853,2026-03-25T12:41:00.000+00:00,2026-03-25,2026,March,03,Quarter 1,126.49372876157364,,OTAuto02,b99df4a4-2bf5-4c08-9483-bd636470bc11,b99df4a4-2bf5-4c08-9483-bd636470bc11,Antarctica/South_Pole
5bb60a47-7451-4055-96ed-4cfda3430c79,,,Template_9365080,2213,2026-03-25T08:40:01.000+00:00,2026-03-25,2026,March,03,Quarter 1,126.66107829861068,,OTAuto02,b99df4a4-2bf5-4c08-9483-bd636470bc11,b99df4a4-2bf5-4c08-9483-bd636470bc11,Antarctica/South_Pole
5e890baa-444b-44ce-8846-f942e2e830fa,,,Template_6169877_1,3063,2026-03-25T15:31:50.000+00:00,2026-03-25,2026,March,03,Quarter 1,126.37509450231437,,OTAuto02,b99df4a4-2bf5-4c08-9483-bd636470bc11,b99df4a4-2bf5-4c08-9483-bd636470bc11,Antarctica/South_Pole
5e8c57a2-58e1-477d-8ef0-0c570dcad1f3,,,Template_4569664_1,2965,2026-03-25T14:05:17.000+00:00,2026-03-25,2026,March,03,Quarter 1,126.43519866898104,,OTAuto02,b99df4a4-2bf5-4c08-9483-bd636470bc11,b99df4a4-2bf5-4c08-9483-bd636470bc11,Antarctica/South_Pole
5ebccc7f-c643-4bb0-adfc-ce3acab9fa53,,,automation_template_1412066,2852,,,,,,,,,OTAuto02,b99df4a4-2bf5-4c08-9483-bd636470bc11,b99df4a4-2bf5-4c08-9483-bd636470bc11,Antarctica/South_Pole
5ed27049-6918-4cdf-ac2d-10aba237a7ab,,,Template_8835643,1736,,,,,,,,,OTAuto02,b99df4a4-2bf5-4c08-9483-bd636470bc11,b99df4a4-2bf5-4c08-9483-bd636470bc11,Antarctica/South_Pole
6075e84a-0399-4ee8-af4e-ae74986aa053,,,Inventory_01_Template_3142142,2998,,,,,,,,,OTAuto02,b99df4a4-2bf5-4c08-9483-bd636470bc11,b99df4a4-2bf5-4c08-9483-bd636470bc11,Antarctica/South_Pole
60a2baaa-ae4b-4786-8b18-eaae458e3208,,,Template_8373909,3272,,,,,,,,,OTAuto02,b99df4a4-2bf5-4c08-9483-bd636470bc11,b99df4a4-2bf5-4c08-9483-bd636470bc11,Antarctica/South_Pole
60d685c0-7a51-4589-8d32-9cb38802c237,,,automation_template_2694199,2038,,,,,,,,,OTAuto02,b99df4a4-2bf5-4c08-9483-bd636470bc11,b99df4a4-2bf5-4c08-9483-bd636470bc11,Antarctica/South_Pole
63388ea5-a91c-4371-b8ee-2bd073f08362,,,Template_891899_1,3047,2026-03-25T15:12:48.000+00:00,2026-03-25,2026,March,03,Quarter 1,126.38831209490696,,OTAuto02,b99df4a4-2bf5-4c08-9483-bd636470bc11,b99df4a4-2bf5-4c08-9483-bd636470bc11,Antarctica/South_Pole
636bb4d5-c41a-47f0-96b5-8f8a19b57568,,,IncidentInventoryLinktemplate_7182490,3069,,,,,,,,,OTAuto02,b99df4a4-2bf5-4c08-9483-bd636470bc11,b99df4a4-2bf5-4c08-9483-bd636470bc11,Antarctica/South_Pole
63edd441-78d2-4bc3-b98c-5092a4ef7886,,,Template_4990056,3204,,,,,,,,,OTAuto02,b99df4a4-2bf5-4c08-9483-bd636470bc11,b99df4a4-2bf5-4c08-9483-bd636470bc11,Antarctica/South_Pole
644b9557-3b7b-4530-a990-620f98ac057f,,,automation_template_42836_6367177,2084,2026-03-25T08:13:57.000+00:00,2026-03-25,2026,March,03,Quarter 1,126.67918015046253,,OTAuto02,b99df4a4-2bf5-4c08-9483-bd636470bc11,b99df4a4-2bf5-4c08-9483-bd636470bc11,Antarctica/South_Pole
65bbc7a4-76a6-4576-b2f4-385f31d75cfb,,,t_8315488,2876,,,,,,,,,OTAuto02,b99df4a4-2bf5-4c08-9483-bd636470bc11,b99df4a4-2bf5-4c08-9483-bd636470bc11,Antarctica/South_Pole
66754386-a9a6-4dfb-b2bd-1b5e50f256db,,,t_3338381,3007,,,,,,,,,OTAuto02,b99df4a4-2bf5-4c08-9483-bd636470bc11,b99df4a4-2bf5-4c08-9483-bd636470bc11,Antarctica/South_Pole
66e32ad4-1424-4618-9559-2e9f5ffe8598,,,t_5368670,3090,,,,,,,,,OTAuto02,b99df4a4-2bf5-4c08-9483-bd636470bc11,b99df4a4-2bf5-4c08-9483-bd636470bc11,Antarctica/South_Pole
6730aba8-eab2-4fc1-880f-840696df6582,,,automation_template_42840_5562716,2060,2026-03-25T08:03:41.000+00:00,2026-03-25,2026,March,03,Quarter 1,126.68630978009215,,OTAuto02,b99df4a4-2bf5-4c08-9483-bd636470bc11,b99df4a4-2bf5-4c08-9483-bd636470bc11,Antarctica/South_Pole
6ad9017d-233f-4b9c-977a-aca777f370ee,,,Template_24032026,1739,,,,,,,,,OTAuto02,b99df4a4-2bf5-4c08-9483-bd636470bc11,b99df4a4-2bf5-4c08-9483-bd636470bc11,Antarctica/South_Pole
71a0510c-676d-4542-9670-6d105d356762,,,t_6354768,3029,,,,,,,,,OTAuto02,b99df4a4-2bf5-4c08-9483-bd636470bc11,b99df4a4-2bf5-4c08-9483-bd636470bc11,Antarctica/South_Pole
72dad810-d0fe-497a-9444-b671d2ba9115,,,t_3085108,2941,,,,,,,,,OTAuto02,b99df4a4-2bf5-4c08-9483-bd636470bc11,b99df4a4-2bf5-4c08-9483-bd636470bc11,Antarctica/South_Pole
733c31a7-33e0-4736-993c-470959c0fb96,,,t_1307002,3064,,,,,,,,,OTAuto02,b99df4a4-2bf5-4c08-9483-bd636470bc11,b99df4a4-2bf5-4c08-9483-bd636470bc11,Antarctica/South_Pole
78309ff6-7650-4a3c-a4cb-cf566f68b126,,,IncidentInventoryLinktemplate_7182490,3069,,,,,,,,,OTAuto02,b99df4a4-2bf5-4c08-9483-bd636470bc11,b99df4a4-2bf5-4c08-9483-bd636470bc11,Antarctica/South_Pole
784741e5-6f45-4c97-af30-045065f2d752,,,IncidentInventoryLinktemplate_7182490,3069,,,,,,,,,OTAuto02,b99df4a4-2bf5-4c08-9483-bd636470bc11,b99df4a4-2bf5-4c08-9483-bd636470bc11,Antarctica/South_Pole
787e6b84-3cb1-4cf1-a43c-50ba69af8f1f,,,template_43465_585805,2722,2026-03-25T11:07:02.000+00:00,2026-03-25,2026,March,03,Quarter 1,126.55898339120326,,OTAuto02,b99df4a4-2bf5-4c08-9483-bd636470bc11,b99df4a4-2bf5-4c08-9483-bd636470bc11,Antarctica/South_Pole
7a10b329-59c1-4189-99cf-b8162d401bc3,,,Template_68694_1462131,3203,,,,,,,,,OTAuto02,b99df4a4-2bf5-4c08-9483-bd636470bc11,b99df4a4-2bf5-4c08-9483-bd636470bc11,Antarctica/South_Pole
7c04c2ed-4448-4810-8443-2f2fd943d2bf,,,Template_3520538,2812,,,,,,,,,OTAuto02,b99df4a4-2bf5-4c08-9483-bd636470bc11,b99df4a4-2bf5-4c08-9483-bd636470bc11,Antarctica/South_Pole
7c1ff5ee-dbfb-4a33-bdeb-a852dca86af0,,,Template_8190218,1749,,,,,,,,,OTAuto02,b99df4a4-2bf5-4c08-9483-bd636470bc11,b99df4a4-2bf5-4c08-9483-bd636470bc11,Antarctica/South_Pole
7e4275cf-ca48-4366-9894-09cba039c362,,,t_3930943,2944,2026-03-25T13:55:45.000+00:00,2026-03-25,2026,March,03,Quarter 1,126.44181903935142,,OTAuto02,b99df4a4-2bf5-4c08-9483-bd636470bc11,b99df4a4-2bf5-4c08-9483-bd636470bc11,Antarctica/South_Pole
7e4275cf-ca48-4366-9894-09cba039c362,,,automation_template_5799249,2948,,,,,,,,,OTAuto02,b99df4a4-2bf5-4c08-9483-bd636470bc11,b99df4a4-2bf5-4c08-9483-bd636470bc11,Antarctica/South_Pole
7f0d50af-efad-4234-bbcb-4eaf6411afa0,,,automation_template_2694199,2034,,,,,,,,,OTAuto02,b99df4a4-2bf5-4c08-9483-bd636470bc11,b99df4a4-2bf5-4c08-9483-bd636470bc11,Antarctica/South_Pole
7f0fba07-98d8-417f-aa6b-aa1fb510a844,,,template_7507_24032026,1700,,,,,,,,,OTAuto02,b99df4a4-2bf5-4c08-9483-bd636470bc11,b99df4a4-2bf5-4c08-9483-bd636470bc11,Antarctica/South_Pole
7f984aaa-1f3c-4b67-96ba-afba02994358,,,automation_template_5799249,2945,,,,,,,,,OTAuto02,b99df4a4-2bf5-4c08-9483-bd636470bc11,b99df4a4-2bf5-4c08-9483-bd636470bc11,Antarctica/South_Pole
81b2e60b-5606-4b5b-96bc-aabd12906000,,,template_43465_2539967,2280,2026-03-25T08:52:41.000+00:00,2026-03-25,2026,March,03,Quarter 1,126.65228200231438,,OTAuto02,b99df4a4-2bf5-4c08-9483-bd636470bc11,b99df4a4-2bf5-4c08-9483-bd636470bc11,Antarctica/South_Pole
81c55452-5336-4ea4-8666-cb8c05b16550,,,Template_7608_24032026,1804,,,,,,,,,OTAuto02,b99df4a4-2bf5-4c08-9483-bd636470bc11,b99df4a4-2bf5-4c08-9483-bd636470bc11,Antarctica/South_Pole
82bc73d6-fca2-4e1e-b177-54e68d63fe97,,,vrmAssessments_template_7413650,3071,,,,,,,,,OTAuto02,b99df4a4-2bf5-4c08-9483-bd636470bc11,b99df4a4-2bf5-4c08-9483-bd636470bc11,Antarctica/South_Pole
85ffc397-9e8c-4221-98b7-502e3743c577,,,automation_template_4741197,1779,,,,,,,,,OTAuto02,b99df4a4-2bf5-4c08-9483-bd636470bc11,b99df4a4-2bf5-4c08-9483-bd636470bc11,Antarctica/South_Pole
8865cd07-9533-4ca2-af66-f0c679a7ffcb,,,t1_8035320,3102,,,,,,,,,OTAuto02,b99df4a4-2bf5-4c08-9483-bd636470bc11,b99df4a4-2bf5-4c08-9483-bd636470bc11,Antarctica/South_Pole
8a279aad-62e9-486e-8001-71f6160e1e15,,,IncidentInventoryLinktemplate_7182490,3069,,,,,,,,,OTAuto02,b99df4a4-2bf5-4c08-9483-bd636470bc11,b99df4a4-2bf5-4c08-9483-bd636470bc11,Antarctica/South_Pole
8db0b273-2dd5-4912-bce1-eb16e1d0d4d0,,,Template_68694_5571800,2782,,,,,,,,,OTAuto02,b99df4a4-2bf5-4c08-9483-bd636470bc11,b99df4a4-2bf5-4c08-9483-bd636470bc11,Antarctica/South_Pole
8df8b631-921e-40d7-b1f1-ff7c8c427431,,,automation_template_4502864,3041,,,,,,,,,OTAuto02,b99df4a4-2bf5-4c08-9483-bd636470bc11,b99df4a4-2bf5-4c08-9483-bd636470bc11,Antarctica/South_Pole
8e7a35a9-b060-4cca-81ed-612b428d4ea8,,,t_3628104,3085,,,,,,,,,OTAuto02,b99df4a4-2bf5-4c08-9483-bd636470bc11,b99df4a4-2bf5-4c08-9483-bd636470bc11,Antarctica/South_Pole
8f77d761-f5b1-4cd3-8d39-2976d77f7075,,,automation_template_8615663,2369,,,,,,,,,OTAuto02,b99df4a4-2bf5-4c08-9483-bd636470bc11,b99df4a4-2bf5-4c08-9483-bd636470bc11,Antarctica/South_Pole
902e8a44-3fa5-46d6-a3cf-484927f35790,,,automation_template_5248543,3068,2026-03-25T15:39:38.000+00:00,2026-03-25,2026,March,03,Quarter 1,126.3696778356477,,OTAuto02,b99df4a4-2bf5-4c08-9483-bd636470bc11,b99df4a4-2bf5-4c08-9483-bd636470bc11,Antarctica/South_Pole
92d38384-5a08-4488-8b19-420a2352b9aa,,,vrmAssessments_template_6206484,2874,,,,,,,,,OTAuto02,b99df4a4-2bf5-4c08-9483-bd636470bc11,b99df4a4-2bf5-4c08-9483-bd636470bc11,Antarctica/South_Pole
9629ebff-f0b9-4bb9-ae18-3b4b534648e9,,,automation_template_42844_3902618,2487,2026-03-25T09:55:38.000+00:00,2026-03-25,2026,March,03,Quarter 1,126.6085667245366,,OTAuto02,b99df4a4-2bf5-4c08-9483-bd636470bc11,b99df4a4-2bf5-4c08-9483-bd636470bc11,Antarctica/South_Pole
969f89ad-12be-48fa-90c6-91f5b0f7a7c1,,,t_57559,3051,,,,,,,,,OTAuto02,b99df4a4-2bf5-4c08-9483-bd636470bc11,b99df4a4-2bf5-4c08-9483-bd636470bc11,Antarctica/South_Pole
96c9097d-65cf-4c92-9707-64b46b654c69,,,Template_8582131,2451,,,,,,,,,OTAuto02,b99df4a4-2bf5-4c08-9483-bd636470bc11,b99df4a4-2bf5-4c08-9483-bd636470bc11,Antarctica/South_Pole
97654ec2-a87c-4933-9ba8-0b92689d9d25,,,Template_114114,3248,,,,,,,,,OTAuto02,b99df4a4-2bf5-4c08-9483-bd636470bc11,b99df4a4-2bf5-4c08-9483-bd636470bc11,Antarctica/South_Pole
98b73e60-dde3-4c3a-9594-03e4bf143b36,,,Inventory_pa_75069_Template_4321363,2854,2026-03-25T12:41:09.000+00:00,2026-03-25,2026,March,03,Quarter 1,126.49362459490696,,OTAuto02,b99df4a4-2bf5-4c08-9483-bd636470bc11,b99df4a4-2bf5-4c08-9483-bd636470bc11,Antarctica/South_Pole
99140883-4ed0-42e8-93e0-329261c7586e,,,automation_template_7201204,3062,,,,,,,,,OTAuto02,b99df4a4-2bf5-4c08-9483-bd636470bc11,b99df4a4-2bf5-4c08-9483-bd636470bc11,Antarctica/South_Pole
998988b1-14bf-4961-9303-75680a76e0a2,,,Template_7607_24032026,1819,,,,,,,,,OTAuto02,b99df4a4-2bf5-4c08-9483-bd636470bc11,b99df4a4-2bf5-4c08-9483-bd636470bc11,Antarctica/South_Pole
9a2966c9-c6ff-4273-9840-f999c81479ed,,,Temp2_1122_6087117,2778,2026-03-25T11:16:39.000+00:00,2026-03-25,2026,March,03,Quarter 1,126.55230515046252,,OTAuto02,b99df4a4-2bf5-4c08-9483-bd636470bc11,b99df4a4-2bf5-4c08-9483-bd636470bc11,Antarctica/South_Pole
9b4b5740-4638-45e1-b809-9de9ad26c8e7,,,Template_7212100,2392,,,,,,,,,OTAuto02,b99df4a4-2bf5-4c08-9483-bd636470bc11,b99df4a4-2bf5-4c08-9483-bd636470bc11,Antarctica/South_Pole
9d307b50-455e-443d-b38f-e8913c1cfa3f,,,automation_template_2694199,2033,,,,,,,,,OTAuto02,b99df4a4-2bf5-4c08-9483-bd636470bc11,b99df4a4-2bf5-4c08-9483-bd636470bc11,Antarctica/South_Pole
9dc38bf7-8995-4015-944b-6cdb12b05b88,,,Inventory_77876_Template_666215,2985,2026-03-25T14:21:19.000+00:00,2026-03-25,2026,March,03,Quarter 1,126.42406440972178,,OTAuto02,b99df4a4-2bf5-4c08-9483-bd636470bc11,b99df4a4-2bf5-4c08-9483-bd636470bc11,Antarctica/South_Pole
a1821702-d67f-45be-b456-54d93a805d48,,,t_92183,2905,,,,,,,,,OTAuto02,b99df4a4-2bf5-4c08-9483-bd636470bc11,b99df4a4-2bf5-4c08-9483-bd636470bc11,Antarctica/South_Pole
a3527fa0-501a-4065-a7f3-3934b8026d0b,,,Template_7567707,2842,,,,,,,,,OTAuto02,b99df4a4-2bf5-4c08-9483-bd636470bc11,b99df4a4-2bf5-4c08-9483-bd636470bc11,Antarctica/South_Pole
a42862e3-b166-4d33-af04-21072d1335ab,,,Template_78089_1_3779485,2837,,,,,,,,,OTAuto02,b99df4a4-2bf5-4c08-9483-bd636470bc11,b99df4a4-2bf5-4c08-9483-bd636470bc11,Antarctica/South_Pole
a4c46395-fbed-4ccf-b868-ed8d84b3751c,,,Template_2741_8769579,2841,,,,,,,,,OTAuto02,b99df4a4-2bf5-4c08-9483-bd636470bc11,b99df4a4-2bf5-4c08-9483-bd636470bc11,Antarctica/South_Pole
a585b3e3-1c70-4bbb-81ff-53e906a5eb5a,,,template_43465_6453683,1902,2026-03-25T07:12:25.000+00:00,2026-03-25,2026,March,03,Quarter 1,126.721911631944,,OTAuto02,b99df4a4-2bf5-4c08-9483-bd636470bc11,b99df4a4-2bf5-4c08-9483-bd636470bc11,Antarctica/South_Pole
a602183f-93e3-4002-b304-1aee8da9108a,,,Template_6918470,2282,2026-03-25T08:56:05.000+00:00,2026-03-25,2026,March,03,Quarter 1,126.64992089120327,,OTAuto02,b99df4a4-2bf5-4c08-9483-bd636470bc11,b99df4a4-2bf5-4c08-9483-bd636470bc11,Antarctica/South_Pole
a66a89d7-2180-48dd-9aed-27bd07fe8e1f,,,template_43465_887261,1911,2026-03-25T07:15:35.000+00:00,2026-03-25,2026,March,03,Quarter 1,126.71971255786993,,OTAuto02,b99df4a4-2bf5-4c08-9483-bd636470bc11,b99df4a4-2bf5-4c08-9483-bd636470bc11,Antarctica/South_Pole
a66ad799-a9de-4be6-a8f2-484c15647726,,,Template_7180_24032026,1769,,,,,,,,,OTAuto02,b99df4a4-2bf5-4c08-9483-bd636470bc11,b99df4a4-2bf5-4c08-9483-bd636470bc11,Antarctica/South_Pole
a6e811c9-032c-45ea-a4a5-d7e88ba34a38,,,automation_template_6464401,1892,,,,,,,,,OTAuto02,b99df4a4-2bf5-4c08-9483-bd636470bc11,b99df4a4-2bf5-4c08-9483-bd636470bc11,Antarctica/South_Pole
a7ce1a65-ec33-4b9a-ae57-078d25970131,,,Temp2_1122_6087117,2778,2026-03-25T11:16:39.000+00:00,2026-03-25,2026,March,03,Quarter 1,126.55230515046252,,OTAuto02,b99df4a4-2bf5-4c08-9483-bd636470bc11,b99df4a4-2bf5-4c08-9483-bd636470bc11,Antarctica/South_Pole
a878a671-3fd0-45bc-8bc0-bb9ead3ae55d,,,Template_4320182,2768,2026-03-25T11:14:32.000+00:00,2026-03-25,2026,March,03,Quarter 1,126.55377505786993,,OTAuto02,b99df4a4-2bf5-4c08-9483-bd636470bc11,b99df4a4-2bf5-4c08-9483-bd636470bc11,Antarctica/South_Pole
a8a0993d-c776-4657-b9f4-d55f6a3d42f8,,,t_6552109,2912,,,,,,,,,OTAuto02,b99df4a4-2bf5-4c08-9483-bd636470bc11,b99df4a4-2bf5-4c08-9483-bd636470bc11,Antarctica/South_Pole
a9e37eb0-2e1e-4108-9dbd-0990ebeae45f,,,t_20033,2896,,,,,,,,,OTAuto02,b99df4a4-2bf5-4c08-9483-bd636470bc11,b99df4a4-2bf5-4c08-9483-bd636470bc11,Antarctica/South_Pole
