entityTypeReference,entityId,entityNumber,entityName,stageId,workflowId,workflow,stage,createdBy,updatedBy,createdDateTime,createdDate,createdYear,createdMonth,createdMonthNumber,createdQuarter,updatedDateTime,updatedDate,updatedYear,updatedMonth,updatedMonthNumber,updatedQuarter,timeZoneID,orgId,orgName,parentOrgID,createdByUserEmail
073ad6da-f78b-4609-a92b-ea13714501b5,automation_project_7575_19032026,25,00371c928d3835a6a552379142c46c0d,0,0,,text,Question1?,98a9f9cd-676b-42d0-a91d-24a2121f4bc1,98a9f9cd-676b-42d0-a91d-24a2121f4bc1,YESNO,34f2699e-1259-46cd-97b4-00204149c24e,First_Section,1,1,Answered,https://Assessment/Assessment/073ad6da-f78b-4609-a92b-ea13714501b5,OTAuto02,b99df4a4-2bf5-4c08-9483-bd636470bc11,b99df4a4-2bf5-4c08-9483-bd636470bc11
167f66d5-1e28-448a-9725-dc64c9943ff0,Automated_Assessment_01_4758_19032026,46,01e33beea19162d4e590d27e04854ab6,0,0,,text,How and where will the data be stored?,e4ea814d-c098-4aaf-bab9-db22756a3711,e4ea814d-c098-4aaf-bab9-db22756a3711,TEXTBOX,92ef97f2-70d1-4ade-989f-e3c3f2b2548c,First_Section_19032026,1,1,Unanswered,https://Assessment/Assessment/167f66d5-1e28-448a-9725-dc64c9943ff0,OTAuto02,b99df4a4-2bf5-4c08-9483-bd636470bc11,b99df4a4-2bf5-4c08-9483-bd636470bc11
1b3fb8fe-c207-4d4a-a7e8-31963603a502,automation_project_78083_7167265,58,0c09a411d3edcd3bdb8b304ea87dffda,0,0,,text,Q1,d8d6c23a-edb3-4a7e-bd0c-7f5f355cbe58,d8d6c23a-edb3-4a7e-bd0c-7f5f355cbe58,TEXTBOX,2820e1a5-cee4-428e-9560-980acd1b0fa0,First_Section,1,1,Unanswered,https://Assessment/Assessment/1b3fb8fe-c207-4d4a-a7e8-31963603a502,OTAuto02,b99df4a4-2bf5-4c08-9483-bd636470bc11,b99df4a4-2bf5-4c08-9483-bd636470bc11
1b3fb8fe-c207-4d4a-a7e8-31963603a502,automation_project_78083_7167265,58,86532e7fdddef65ea9949036cabe68c6,0,0,,text,asset_question_7167265,b547dbbd-fdf9-4b87-af26-59ee0c2fc001,b547dbbd-fdf9-4b87-af26-59ee0c2fc001,INVENTORY,2820e1a5-cee4-428e-9560-980acd1b0fa0,First_Section,1,2,Answered,https://Assessment/Assessment/1b3fb8fe-c207-4d4a-a7e8-31963603a502,OTAuto02,b99df4a4-2bf5-4c08-9483-bd636470bc11,b99df4a4-2bf5-4c08-9483-bd636470bc11
1b3fb8fe-c207-4d4a-a7e8-31963603a502,automation_project_78083_7167265,58,d4d7fbe39806a815afaa52b5fe21e437,0,0,,text,IT Owner,6d71ae96-be08-4ad2-962c-b40bed60bbdc,6d71ae96-be08-4ad2-962c-b40bed60bbdc,ATTRIBUTE,2820e1a5-cee4-428e-9560-980acd1b0fa0,First_Section,1,3,Unanswered,https://Assessment/Assessment/1b3fb8fe-c207-4d4a-a7e8-31963603a502,OTAuto02,b99df4a4-2bf5-4c08-9483-bd636470bc11,b99df4a4-2bf5-4c08-9483-bd636470bc11
1bbdbdf4-814a-477a-8420-bccfd9a7f910,Automated_Assessment_5179474,40,707ae25e00d98da913279439fa71031f,0,0,,text,Y/N?,e320a70d-0e1c-463e-b996-259214ba1e08,e320a70d-0e1c-463e-b996-259214ba1e08,YESNO,3907856b-1be9-4551-a426-7d380537a918,First_Section,1,1,Unanswered,https://Assessment/Assessment/1bbdbdf4-814a-477a-8420-bccfd9a7f910,OTAuto02,b99df4a4-2bf5-4c08-9483-bd636470bc11,b99df4a4-2bf5-4c08-9483-bd636470bc11
1bbdbdf4-814a-477a-8420-bccfd9a7f910,Automated_Assessment_5179474,40,aa230d651bafe9bf6c7e07251901bec9,0,0,,text,Text Q,48266886-ad48-40a4-bebc-cdfa0a4c44c1,48266886-ad48-40a4-bebc-cdfa0a4c44c1,TEXTBOX,3907856b-1be9-4551-a426-7d380537a918,First_Section,1,2,Unanswered,https://Assessment/Assessment/1bbdbdf4-814a-477a-8420-bccfd9a7f910,OTAuto02,b99df4a4-2bf5-4c08-9483-bd636470bc11,b99df4a4-2bf5-4c08-9483-bd636470bc11
1bbdbdf4-814a-477a-8420-bccfd9a7f910,Automated_Assessment_5179474,40,3734f23ccd0c3532bab8e958cc74e5ec,0,0,,text,MCQ2?,5abfdd4a-66cc-4a5d-9e6f-a037032a9cc4,5abfdd4a-66cc-4a5d-9e6f-a037032a9cc4,MULTICHOICE,3907856b-1be9-4551-a426-7d380537a918,First_Section,1,3,Unanswered,https://Assessment/Assessment/1bbdbdf4-814a-477a-8420-bccfd9a7f910,OTAuto02,b99df4a4-2bf5-4c08-9483-bd636470bc11,b99df4a4-2bf5-4c08-9483-bd636470bc11
2fc5f2e4-76c0-4c32-914e-f62b31a207f1,Automated_Assessment_4730_19032026,57,61f967125adba5918e7ab2d869ab6f5f,0,0,,text,How and where will the data be stored?,5bcd7b88-f3a2-4512-aadb-0837fb174261,5bcd7b88-f3a2-4512-aadb-0837fb174261,TEXTBOX,784156c3-2b61-4659-be69-d1dbd4ec1741,First_Section_19032026,1,1,Unanswered,https://Assessment/Assessment/2fc5f2e4-76c0-4c32-914e-f62b31a207f1,OTAuto02,b99df4a4-2bf5-4c08-9483-bd636470bc11,b99df4a4-2bf5-4c08-9483-bd636470bc11
303a55a2-a3f1-4b68-be75-207a10929507,Copy_Automated_Assessment_53866_2081577 - Template_2081577,78,256becd72358c7f18cb76ef11b7fcf57,0,0,,text,How and where will the data be stored?,b8461517-528a-4aa2-b105-0f5874023305,b8461517-528a-4aa2-b105-0f5874023305,YESNO,e08b5960-f271-4d4e-9c94-6085de6df5ec,Project description and scope,1,1,Unanswered,https://Assessment/Assessment/303a55a2-a3f1-4b68-be75-207a10929507,OTAuto02,b99df4a4-2bf5-4c08-9483-bd636470bc11,b99df4a4-2bf5-4c08-9483-bd636470bc11
3ffe5af2-e5fd-403d-ab8b-3d81dd571ac3,automation_project_33958_2390304,13,535a044cacbab37d028ebb1e0ad068ee,0,0,,text,Does this initiative build off or work with a currently ongoing initiative?,dd3f8132-d6a2-4fb3-a315-fe5e55b8f961,dd3f8132-d6a2-4fb3-a315-fe5e55b8f961,TEXTBOX,c57df3ca-06a8-4068-9704-632968e7faaa,Project description and scope,1,1,Unanswered,https://Assessment/Assessment/3ffe5af2-e5fd-403d-ab8b-3d81dd571ac3,OTAuto02,b99df4a4-2bf5-4c08-9483-bd636470bc11,b99df4a4-2bf5-4c08-9483-bd636470bc11
4995e3cf-cd02-452d-a2a4-65c8f710f2d3,automation_project_78083_9554296,85,2430139a6e7bb7a6831a4151a99d4432,0,0,,text,Q1,82edd02f-6e29-4b0f-b5d9-d0935c97f936,82edd02f-6e29-4b0f-b5d9-d0935c97f936,TEXTBOX,75b9dcf3-44c0-40ec-b2f7-a4d7621526a6,First_Section,1,1,Unanswered,https://Assessment/Assessment/4995e3cf-cd02-452d-a2a4-65c8f710f2d3,OTAuto02,b99df4a4-2bf5-4c08-9483-bd636470bc11,b99df4a4-2bf5-4c08-9483-bd636470bc11
4995e3cf-cd02-452d-a2a4-65c8f710f2d3,automation_project_78083_9554296,85,cdfcba7db9936b3e8ed046d81e2f571f,0,0,,text,asset_question_9554296,aa4d76e8-1199-4a51-b24d-90f6d583886e,aa4d76e8-1199-4a51-b24d-90f6d583886e,INVENTORY,75b9dcf3-44c0-40ec-b2f7-a4d7621526a6,First_Section,1,2,Answered,https://Assessment/Assessment/4995e3cf-cd02-452d-a2a4-65c8f710f2d3,OTAuto02,b99df4a4-2bf5-4c08-9483-bd636470bc11,b99df4a4-2bf5-4c08-9483-bd636470bc11
4995e3cf-cd02-452d-a2a4-65c8f710f2d3,automation_project_78083_9554296,85,2c346e6632e5539fe1a073e0f5dd5c4e,0,0,,text,IT Owner,40103349-b2f4-40e8-9fe7-0191398d96c6,40103349-b2f4-40e8-9fe7-0191398d96c6,ATTRIBUTE,75b9dcf3-44c0-40ec-b2f7-a4d7621526a6,First_Section,1,3,Unanswered,https://Assessment/Assessment/4995e3cf-cd02-452d-a2a4-65c8f710f2d3,OTAuto02,b99df4a4-2bf5-4c08-9483-bd636470bc11,b99df4a4-2bf5-4c08-9483-bd636470bc11
53fc0239-a99e-4b86-9d0c-ac1b6f968bf1,Assessment_For_On_submission_9815408,38,729351c08bfa2796c45af9750c56f765,0,0,,text,Q1,736e2f7f-c902-417c-bc7e-e535bf0dc824,736e2f7f-c902-417c-bc7e-e535bf0dc824,YESNO,8fcb729b-f61d-4464-bc3e-9de9531f7778,First_Section,1,1,Unanswered,https://Assessment/Assessment/53fc0239-a99e-4b86-9d0c-ac1b6f968bf1,OTAuto02,b99df4a4-2bf5-4c08-9483-bd636470bc11,b99df4a4-2bf5-4c08-9483-bd636470bc11
5a7187b7-c95f-494d-9949-609154c59b29,Automated_Assessment_02_4744_19032026,76,e47e9ee5741ee616608a90b6730c7a7a,0,0,,text,Inventory question,bddb321b-9e88-4f47-ac97-81ec80c1365f,bddb321b-9e88-4f47-ac97-81ec80c1365f,INVENTORY,a51cd72d-2a22-4a54-99c9-45dcd4c31290,First_Section,1,1,Unanswered,https://Assessment/Assessment/5a7187b7-c95f-494d-9949-609154c59b29,OTAuto02,b99df4a4-2bf5-4c08-9483-bd636470bc11,b99df4a4-2bf5-4c08-9483-bd636470bc11
5a7187b7-c95f-494d-9949-609154c59b29,Automated_Assessment_02_4744_19032026,76,99ba4ab65f2e2fb37a3571398b799636,0,0,,text,How and where will the data be stored?,ced0590f-8b45-4b0e-8d7b-0e74ad7e9c36,ced0590f-8b45-4b0e-8d7b-0e74ad7e9c36,TEXTBOX,a51cd72d-2a22-4a54-99c9-45dcd4c31290,First_Section,1,2,Answered,https://Assessment/Assessment/5a7187b7-c95f-494d-9949-609154c59b29,OTAuto02,b99df4a4-2bf5-4c08-9483-bd636470bc11,b99df4a4-2bf5-4c08-9483-bd636470bc11
69f9549a-b7ed-4010-81bc-084bb9faf625,Assessment_7543473,37,0e7ddc462cba22b649b8fb7357bca6bc,0,0,,text,MultichoiceQ,a4cc1e22-1e90-4755-9ed4-cdb6a41dd81c,a4cc1e22-1e90-4755-9ed4-cdb6a41dd81c,MULTICHOICE,c5a82c56-754d-4931-9a6a-fbdf5de14c62,Project description and scope,1,1,Unanswered,https://Assessment/Assessment/69f9549a-b7ed-4010-81bc-084bb9faf625,OTAuto02,b99df4a4-2bf5-4c08-9483-bd636470bc11,b99df4a4-2bf5-4c08-9483-bd636470bc11
7e25d345-7be6-48ca-8768-0c8c4cd755ee,Automated_Assessment_02_4744_19032026,79,72d51ee23c5b68a35bf61f7d2c6ec617,0,0,,text,Inventory question,bddb321b-9e88-4f47-ac97-81ec80c1365f,bddb321b-9e88-4f47-ac97-81ec80c1365f,INVENTORY,a51cd72d-2a22-4a54-99c9-45dcd4c31290,First_Section,1,1,Answered,https://Assessment/Assessment/7e25d345-7be6-48ca-8768-0c8c4cd755ee,OTAuto02,b99df4a4-2bf5-4c08-9483-bd636470bc11,b99df4a4-2bf5-4c08-9483-bd636470bc11
7e25d345-7be6-48ca-8768-0c8c4cd755ee,Automated_Assessment_02_4744_19032026,79,54569c011ba73fc2a99d4425f8212ee2,0,0,,text,How and where will the data be stored?,ced0590f-8b45-4b0e-8d7b-0e74ad7e9c36,ced0590f-8b45-4b0e-8d7b-0e74ad7e9c36,TEXTBOX,a51cd72d-2a22-4a54-99c9-45dcd4c31290,First_Section,1,2,Unanswered,https://Assessment/Assessment/7e25d345-7be6-48ca-8768-0c8c4cd755ee,OTAuto02,b99df4a4-2bf5-4c08-9483-bd636470bc11,b99df4a4-2bf5-4c08-9483-bd636470bc11
8b3be94c-7d60-4a05-b0b4-8b3e71e896ca,Automated_Assessment_03_4758_19032026,48,5de94f5b6fa934e45f0e78f7b41640c2,0,0,,text,How and where will the data be stored?,e4ea814d-c098-4aaf-bab9-db22756a3711,e4ea814d-c098-4aaf-bab9-db22756a3711,TEXTBOX,92ef97f2-70d1-4ade-989f-e3c3f2b2548c,First_Section_19032026,1,1,Unanswered,https://Assessment/Assessment/8b3be94c-7d60-4a05-b0b4-8b3e71e896ca,OTAuto02,b99df4a4-2bf5-4c08-9483-bd636470bc11,b99df4a4-2bf5-4c08-9483-bd636470bc11
aa86adeb-1969-4996-96c6-f5ab029634bb,assessment_7583_19032026,62,fd9988719fa85681daacd297a46d7e2f,0,0,,text,Multichoice Q,0c145408-e3dc-4286-a9be-e3b19186d154,0c145408-e3dc-4286-a9be-e3b19186d154,MULTICHOICE,21b1badb-5a80-4145-b103-264f644a6d3d,S1,1,1,Answered,https://Assessment/Assessment/aa86adeb-1969-4996-96c6-f5ab029634bb,OTAuto02,b99df4a4-2bf5-4c08-9483-bd636470bc11,b99df4a4-2bf5-4c08-9483-bd636470bc11
aa86adeb-1969-4996-96c6-f5ab029634bb,assessment_7583_19032026,62,8bc25d55b9c5a768c98f3d1464d52bd6,0,0,,text,Q2,8dd7924d-7907-43f8-aca1-95acc25eb3d8,8dd7924d-7907-43f8-aca1-95acc25eb3d8,YESNO,92fbba08-14c3-47b8-8426-c305506eb32a,S2,2,1,Answered,https://Assessment/Assessment/aa86adeb-1969-4996-96c6-f5ab029634bb,OTAuto02,b99df4a4-2bf5-4c08-9483-bd636470bc11,b99df4a4-2bf5-4c08-9483-bd636470bc11
aaced56f-e79f-4d55-ba11-ab38bc5d7269,Automated_Assessment_53866_2081577,65,069787a7e66272b5877b2be9f263901e,0,0,,text,Q1,ba34bca5-a2e5-4a19-9843-0b73b4919211,ba34bca5-a2e5-4a19-9843-0b73b4919211,YESNO,9d6e15d9-c5cf-4cdd-8bb6-33fe04a56e6b,First_Section,1,1,Answered,https://Assessment/Assessment/aaced56f-e79f-4d55-ba11-ab38bc5d7269,OTAuto02,b99df4a4-2bf5-4c08-9483-bd636470bc11,b99df4a4-2bf5-4c08-9483-bd636470bc11
aaced56f-e79f-4d55-ba11-ab38bc5d7269,Automated_Assessment_53866_2081577,65,5babf71883a10100b8174910e9892036,0,0,,text,Q2,d2fb1b8d-c994-4b42-acec-18d49a518b44,d2fb1b8d-c994-4b42-acec-18d49a518b44,MULTICHOICE,d9cf921a-40d1-47f6-8630-7028b1e9cfca,Second_Section,2,1,Answered,https://Assessment/Assessment/aaced56f-e79f-4d55-ba11-ab38bc5d7269,OTAuto02,b99df4a4-2bf5-4c08-9483-bd636470bc11,b99df4a4-2bf5-4c08-9483-bd636470bc11
abe9aee9-a634-4ec8-a409-e2a92058362f,!PA-1_4468112 - automation_template_4468112,45,731d075f4023eeefeebaa6948a59419f,0,0,,text,Does this initiative build off or work with a currently ongoing initiative?,3170bc4f-80ce-43e8-bae0-a2a03e5211c0,3170bc4f-80ce-43e8-bae0-a2a03e5211c0,TEXTBOX,aa2ddfcb-f5ac-4d60-b60b-2eae4a966950,Project description and scope,1,1,Unanswered,https://Assessment/Assessment/abe9aee9-a634-4ec8-a409-e2a92058362f,OTAuto02,b99df4a4-2bf5-4c08-9483-bd636470bc11,b99df4a4-2bf5-4c08-9483-bd636470bc11
ad45e6ea-8054-4118-9572-326ed9621ade,Automated_Assessment_02_4758_19032026,47,e2c3d72bf115a0f7451599ef09eda8b5,0,0,,text,How and where will the data be stored?,e4ea814d-c098-4aaf-bab9-db22756a3711,e4ea814d-c098-4aaf-bab9-db22756a3711,TEXTBOX,92ef97f2-70d1-4ade-989f-e3c3f2b2548c,First_Section_19032026,1,1,Unanswered,https://Assessment/Assessment/ad45e6ea-8054-4118-9572-326ed9621ade,OTAuto02,b99df4a4-2bf5-4c08-9483-bd636470bc11,b99df4a4-2bf5-4c08-9483-bd636470bc11
cdf6cbdb-1368-40d0-85e6-ab142bc1eaa0,assessment_2_8279553,51,4da182a6fe8484547f9dbe6a5c756a4f,0,0,,text,Question1?,d10ba132-786c-4517-9b47-84ce24808b13,d10ba132-786c-4517-9b47-84ce24808b13,YESNO,736cb08e-bf69-4264-a32a-ba56f9bd7538,First_Section,1,1,Answered,https://Assessment/Assessment/cdf6cbdb-1368-40d0-85e6-ab142bc1eaa0,OTAuto02,b99df4a4-2bf5-4c08-9483-bd636470bc11,b99df4a4-2bf5-4c08-9483-bd636470bc11
d3edebee-845d-4438-ae3b-80b95e18b6e7,Automated_Assessment_4744_19032026,75,a9acf72ac0e2d79ec8e1b2382091d395,0,0,,text,Inventory question,bddb321b-9e88-4f47-ac97-81ec80c1365f,bddb321b-9e88-4f47-ac97-81ec80c1365f,INVENTORY,a51cd72d-2a22-4a54-99c9-45dcd4c31290,First_Section,1,1,Unanswered,https://Assessment/Assessment/d3edebee-845d-4438-ae3b-80b95e18b6e7,OTAuto02,b99df4a4-2bf5-4c08-9483-bd636470bc11,b99df4a4-2bf5-4c08-9483-bd636470bc11
d3edebee-845d-4438-ae3b-80b95e18b6e7,Automated_Assessment_4744_19032026,75,cc4ac93592ecf108ddef5552a033304f,0,0,,text,How and where will the data be stored?,ced0590f-8b45-4b0e-8d7b-0e74ad7e9c36,ced0590f-8b45-4b0e-8d7b-0e74ad7e9c36,TEXTBOX,a51cd72d-2a22-4a54-99c9-45dcd4c31290,First_Section,1,2,Answered,https://Assessment/Assessment/d3edebee-845d-4438-ae3b-80b95e18b6e7,OTAuto02,b99df4a4-2bf5-4c08-9483-bd636470bc11,b99df4a4-2bf5-4c08-9483-bd636470bc11
d68092ae-debb-4714-9336-f654cf46c7ea,Automated_Assessment_74921_3886327,56,01dfa0e3e036de6aa8935c962063062a,0,0,,text,asset_question_3886327,52e25431-e4c9-4b1a-ac67-35e8a9e1191c,52e25431-e4c9-4b1a-ac67-35e8a9e1191c,INVENTORY,0473d03e-06a9-4950-a5d5-72b429fe76f6,First_Section,1,1,Answered,https://Assessment/Assessment/d68092ae-debb-4714-9336-f654cf46c7ea,OTAuto02,b99df4a4-2bf5-4c08-9483-bd636470bc11,b99df4a4-2bf5-4c08-9483-bd636470bc11
d68092ae-debb-4714-9336-f654cf46c7ea,Automated_Assessment_74921_3886327,56,9bc2a4cee0027b59cbd200bf5ca830c2,0,0,,text,Storage Format,5b77feb6-a684-4334-a7b1-31b971e225b4,5b77feb6-a684-4334-a7b1-31b971e225b4,ATTRIBUTE,0473d03e-06a9-4950-a5d5-72b429fe76f6,First_Section,1,2,Unanswered,https://Assessment/Assessment/d68092ae-debb-4714-9336-f654cf46c7ea,OTAuto02,b99df4a4-2bf5-4c08-9483-bd636470bc11,b99df4a4-2bf5-4c08-9483-bd636470bc11
d68092ae-debb-4714-9336-f654cf46c7ea,Automated_Assessment_74921_3886327,56,82196cb5d9ff3e1940b3b811eecb7da8,0,0,,text,attribute_1_3886327,c3d27096-b808-47d7-b68c-d18479e6a99e,c3d27096-b808-47d7-b68c-d18479e6a99e,ATTRIBUTE,0473d03e-06a9-4950-a5d5-72b429fe76f6,First_Section,1,3,Unanswered,https://Assessment/Assessment/d68092ae-debb-4714-9336-f654cf46c7ea,OTAuto02,b99df4a4-2bf5-4c08-9483-bd636470bc11,b99df4a4-2bf5-4c08-9483-bd636470bc11
d68092ae-debb-4714-9336-f654cf46c7ea,Automated_Assessment_74921_3886327,56,ef86eb77996fcf3ff0032a8db60cb9bf,0,0,,text,Does this initiative build off or work with a currently ongoing initiative?,25afffcb-4a9b-44ee-8390-7f256ccf2a69,25afffcb-4a9b-44ee-8390-7f256ccf2a69,YESNO,0473d03e-06a9-4950-a5d5-72b429fe76f6,First_Section,1,4,Unanswered,https://Assessment/Assessment/d68092ae-debb-4714-9336-f654cf46c7ea,OTAuto02,b99df4a4-2bf5-4c08-9483-bd636470bc11,b99df4a4-2bf5-4c08-9483-bd636470bc11
d79e549c-8da8-4655-a4a5-c0db0f3fae3f,Automated_Assessment_2855093,15,1a24b1ccff3de8546b21ed29761c77e9,0,0,,text,How and where will the data be stored?,c6f4cd7e-9102-4614-a32c-fceb9caf6265,c6f4cd7e-9102-4614-a32c-fceb9caf6265,YESNO,6dcf15d7-2dd3-45e7-b240-8d05f2edef40,Project description and scope,1,1,Unanswered,https://Assessment/Assessment/d79e549c-8da8-4655-a4a5-c0db0f3fae3f,OTAuto02,b99df4a4-2bf5-4c08-9483-bd636470bc11,b99df4a4-2bf5-4c08-9483-bd636470bc11
dad0bd17-dba2-4c9a-8da4-2633a73f2bb5,Automated_Assessment_96352_7580369,73,d0c898c5f808e63845e21a1558565fe8,0,0,,text,How and where will the data be stored?,88016e71-d32a-4fbd-be50-efdf1671b20b,88016e71-d32a-4fbd-be50-efdf1671b20b,YESNO,26fb550a-ef87-43ca-b0d2-2065b00b9502,Project description and scope,1,1,Unanswered,https://Assessment/Assessment/dad0bd17-dba2-4c9a-8da4-2633a73f2bb5,OTAuto02,b99df4a4-2bf5-4c08-9483-bd636470bc11,b99df4a4-2bf5-4c08-9483-bd636470bc11
db40c97e-2385-47d5-b650-ba05af44f97f,Inventory_Assessment_6752211,8,95c61ad781570851209039ee1d6a48d6,0,0,,text,How and where will the data be stored?,5ddcfbb9-5cfe-4c7f-87e9-2bef953653cb,5ddcfbb9-5cfe-4c7f-87e9-2bef953653cb,INVENTORY,c5b566c1-2502-41ad-9153-c8531fb6adf4,First_Section_6752211,1,1,Answered,https://Assessment/Assessment/db40c97e-2385-47d5-b650-ba05af44f97f,OTAuto02,b99df4a4-2bf5-4c08-9483-bd636470bc11,b99df4a4-2bf5-4c08-9483-bd636470bc11
db40c97e-2385-47d5-b650-ba05af44f97f,Inventory_Assessment_6752211,8,0a87857cc7d20e7b40861d3ef45c6ad2,0,0,,text,attribute_6752211,3ec5d9f7-c40e-4f7f-8da4-1c3004f38872,3ec5d9f7-c40e-4f7f-8da4-1c3004f38872,ATTRIBUTE,c5b566c1-2502-41ad-9153-c8531fb6adf4,First_Section_6752211,1,2,Answered,https://Assessment/Assessment/db40c97e-2385-47d5-b650-ba05af44f97f,OTAuto02,b99df4a4-2bf5-4c08-9483-bd636470bc11,b99df4a4-2bf5-4c08-9483-bd636470bc11
dd9f9312-b6d1-4ebd-a317-16c283f2b26e,Automated_Assessment_6208047,43,c12fc48fd5da23d68e573e5bc9e41031,0,0,,text,Q1?,aa4d04f3-aca5-4b8e-bbbf-684366385728,aa4d04f3-aca5-4b8e-bbbf-684366385728,YESNO,e8b33bfe-ae6d-47be-b477-747a23962753,First_Section,1,1,Unanswered,https://Assessment/Assessment/dd9f9312-b6d1-4ebd-a317-16c283f2b26e,OTAuto02,b99df4a4-2bf5-4c08-9483-bd636470bc11,b99df4a4-2bf5-4c08-9483-bd636470bc11
dd9f9312-b6d1-4ebd-a317-16c283f2b26e,Automated_Assessment_6208047,43,2870360fb24b8dfef021e09dd065164c,0,0,,text,vendorQ?,05e96188-dc2d-4e06-878c-a27821d2b35b,05e96188-dc2d-4e06-878c-a27821d2b35b,INVENTORY,e8b33bfe-ae6d-47be-b477-747a23962753,First_Section,1,2,Unanswered,https://Assessment/Assessment/dd9f9312-b6d1-4ebd-a317-16c283f2b26e,OTAuto02,b99df4a4-2bf5-4c08-9483-bd636470bc11,b99df4a4-2bf5-4c08-9483-bd636470bc11
dd9f9312-b6d1-4ebd-a317-16c283f2b26e,Automated_Assessment_6208047,43,b7c61db5011486562e939ea3ad78d6ca,0,0,,text,Business owner,72c75b9f-af7c-48e2-b144-83a265197686,72c75b9f-af7c-48e2-b144-83a265197686,ATTRIBUTE,e8b33bfe-ae6d-47be-b477-747a23962753,First_Section,1,3,Skipped,https://Assessment/Assessment/dd9f9312-b6d1-4ebd-a317-16c283f2b26e,OTAuto02,b99df4a4-2bf5-4c08-9483-bd636470bc11,b99df4a4-2bf5-4c08-9483-bd636470bc11
e20b0cd2-243b-4b06-ac67-bc6f2b9e173d,Automated_Assessment_7591_19032026_1,22,89b483bbc971dc736952c4f2da735855,0,0,,text,assets_question_19032026,fd5b25f8-2aa0-45b5-b5ee-1c07075882f5,fd5b25f8-2aa0-45b5-b5ee-1c07075882f5,INVENTORY,5a97c4b6-a87a-4c89-a8b6-dcaa2f5acbea,Project description and scope,1,1,Answered,https://Assessment/Assessment/e20b0cd2-243b-4b06-ac67-bc6f2b9e173d,OTAuto02,b99df4a4-2bf5-4c08-9483-bd636470bc11,b99df4a4-2bf5-4c08-9483-bd636470bc11
e4feac42-8afe-4fa8-9f82-6a79ffc0f0b5,Automated_Assessment_two_1456191,24,f1a4788efa0977786bd308022294ab1f,0,0,,text,How and where will the data be stored?,21e1410f-a470-4afa-8527-fff52567c8e7,21e1410f-a470-4afa-8527-fff52567c8e7,YESNO,8d471f37-ed6b-4517-8367-f7faea72b3b2,Project description and scope,1,1,Answered,https://Assessment/Assessment/e4feac42-8afe-4fa8-9f82-6a79ffc0f0b5,OTAuto02,b99df4a4-2bf5-4c08-9483-bd636470bc11,b99df4a4-2bf5-4c08-9483-bd636470bc11
eb4ff909-d752-4a6f-af85-3b7e168a41f6,Inventory_1184_Assessment_19032026,27,bff2fdb8a7c90d513689f66b4e94737f,0,0,,text,Q1,0d847549-e597-4ef0-8186-b0c630feec54,0d847549-e597-4ef0-8186-b0c630feec54,INVENTORY,cdedd442-46e8-461b-98bf-7145e5597ac7,First_Section_19032026,1,1,Answered,https://Assessment/Assessment/eb4ff909-d752-4a6f-af85-3b7e168a41f6,OTAuto02,b99df4a4-2bf5-4c08-9483-bd636470bc11,b99df4a4-2bf5-4c08-9483-bd636470bc11
eb4ff909-d752-4a6f-af85-3b7e168a41f6,Inventory_1184_Assessment_19032026,27,40fb23cd1cc2ffee819861d3d5d5bf86,0,0,,text,Storage Format,6eacc393-cef1-4a86-87e8-f0d9ed4216e7,6eacc393-cef1-4a86-87e8-f0d9ed4216e7,ATTRIBUTE,cdedd442-46e8-461b-98bf-7145e5597ac7,First_Section_19032026,1,2,Answered,https://Assessment/Assessment/eb4ff909-d752-4a6f-af85-3b7e168a41f6,OTAuto02,b99df4a4-2bf5-4c08-9483-bd636470bc11,b99df4a4-2bf5-4c08-9483-bd636470bc11
eb4ff909-d752-4a6f-af85-3b7e168a41f6,Inventory_1184_Assessment_19032026,27,a68e2523c46e2b56c3c0eb65d5553430,0,0,,text,Technical Security Measures,bf1fe7b3-6a3c-4068-b7c0-3b1f787c4e2c,bf1fe7b3-6a3c-4068-b7c0-3b1f787c4e2c,ATTRIBUTE,cdedd442-46e8-461b-98bf-7145e5597ac7,First_Section_19032026,1,3,Answered,https://Assessment/Assessment/eb4ff909-d752-4a6f-af85-3b7e168a41f6,OTAuto02,b99df4a4-2bf5-4c08-9483-bd636470bc11,b99df4a4-2bf5-4c08-9483-bd636470bc11
ef944c94-323b-426f-9315-afe78f33ab2a,Automated_Assessment_759219032026_1,23,7c6c29ac39d2b10607515122b8cf2e6c,0,0,,text,assets_question_19032026,5d4ac63e-8e21-471f-bd40-86cda4cb1f93,5d4ac63e-8e21-471f-bd40-86cda4cb1f93,INVENTORY,a57fb363-b787-4463-9952-047dbc10f0e3,Project description and scope,1,1,Answered,https://Assessment/Assessment/ef944c94-323b-426f-9315-afe78f33ab2a,OTAuto02,b99df4a4-2bf5-4c08-9483-bd636470bc11,b99df4a4-2bf5-4c08-9483-bd636470bc11
f47b5bba-9497-40a4-b4f6-58908ccdbee6,Automated_Assessment_2563585,80,2e456e8ca616efbcd0cbfbc09a9c78a2,0,0,,text,asset_question_2563585,480ce2ae-33b0-496a-bc5c-ef0419422586,480ce2ae-33b0-496a-bc5c-ef0419422586,INVENTORY,8aa655ed-30da-4b80-b5fe-784d46a97c01,First_Section,1,1,Answered,https://Assessment/Assessment/f47b5bba-9497-40a4-b4f6-58908ccdbee6,OTAuto02,b99df4a4-2bf5-4c08-9483-bd636470bc11,b99df4a4-2bf5-4c08-9483-bd636470bc11
f47b5bba-9497-40a4-b4f6-58908ccdbee6,Automated_Assessment_2563585,80,2deab42a7f53c3a6a5c3eee59a7e484f,0,0,,text,Pa_question_2563585,dff2ca66-fca9-4013-889f-350a4433461b,dff2ca66-fca9-4013-889f-350a4433461b,INVENTORY,8aa655ed-30da-4b80-b5fe-784d46a97c01,First_Section,1,2,Answered,https://Assessment/Assessment/f47b5bba-9497-40a4-b4f6-58908ccdbee6,OTAuto02,b99df4a4-2bf5-4c08-9483-bd636470bc11,b99df4a4-2bf5-4c08-9483-bd636470bc11
f9ba276c-9fff-4b10-bc3c-02fab5307249,Automated_Assessment_01_4744_19032026,77,c9661383056332b9ca1fbc00b412a733,0,0,,text,Inventory question,bddb321b-9e88-4f47-ac97-81ec80c1365f,bddb321b-9e88-4f47-ac97-81ec80c1365f,INVENTORY,a51cd72d-2a22-4a54-99c9-45dcd4c31290,First_Section,1,1,Unanswered,https://Assessment/Assessment/f9ba276c-9fff-4b10-bc3c-02fab5307249,OTAuto02,b99df4a4-2bf5-4c08-9483-bd636470bc11,b99df4a4-2bf5-4c08-9483-bd636470bc11
f9ba276c-9fff-4b10-bc3c-02fab5307249,Automated_Assessment_01_4744_19032026,77,60f71995fdf5384222181d741b0a5ea7,0,0,,text,How and where will the data be stored?,ced0590f-8b45-4b0e-8d7b-0e74ad7e9c36,ced0590f-8b45-4b0e-8d7b-0e74ad7e9c36,TEXTBOX,a51cd72d-2a22-4a54-99c9-45dcd4c31290,First_Section,1,2,Answered,https://Assessment/Assessment/f9ba276c-9fff-4b10-bc3c-02fab5307249,OTAuto02,b99df4a4-2bf5-4c08-9483-bd636470bc11,b99df4a4-2bf5-4c08-9483-bd636470bc11
fa3b7b30-e4df-4341-b9cb-b2f3b0d945c7,Copy_Automated_Assessment_53866_2081577,74,789a512dc3b6b2ba7ef6d7c488bafd8f,0,0,,text,Q1,ba34bca5-a2e5-4a19-9843-0b73b4919211,ba34bca5-a2e5-4a19-9843-0b73b4919211,YESNO,9d6e15d9-c5cf-4cdd-8bb6-33fe04a56e6b,First_Section,1,1,Answered,https://Assessment/Assessment/fa3b7b30-e4df-4341-b9cb-b2f3b0d945c7,OTAuto02,b99df4a4-2bf5-4c08-9483-bd636470bc11,b99df4a4-2bf5-4c08-9483-bd636470bc11
fa3b7b30-e4df-4341-b9cb-b2f3b0d945c7,Copy_Automated_Assessment_53866_2081577,74,5f678f9e4cb750064ffd5830d6abb9e1,0,0,,text,Q2,d2fb1b8d-c994-4b42-acec-18d49a518b44,d2fb1b8d-c994-4b42-acec-18d49a518b44,MULTICHOICE,d9cf921a-40d1-47f6-8630-7028b1e9cfca,Second_Section,2,1,Answered,https://Assessment/Assessment/fa3b7b30-e4df-4341-b9cb-b2f3b0d945c7,OTAuto02,b99df4a4-2bf5-4c08-9483-bd636470bc11,b99df4a4-2bf5-4c08-9483-bd636470bc11
8c708b19-343d-463f-a494-c79c7f109acd,Assessment_2417_19032026,88,0d55f78f74149758b213ef903580d3a7,0,0,,text,Q1?,d7bafb94-52c5-4493-8e05-971e228f87da,d7bafb94-52c5-4493-8e05-971e228f87da,YESNO,352c42cb-371d-4ae4-a0d8-18a0dfae2487,First_Section,1,1,Answered,https://Assessment/Assessment/8c708b19-343d-463f-a494-c79c7f109acd,OTAuto02,b99df4a4-2bf5-4c08-9483-bd636470bc11,b99df4a4-2bf5-4c08-9483-bd636470bc11
8c708b19-343d-463f-a494-c79c7f109acd,Assessment_2417_19032026,88,b21ae5c065c601906a964e6bc832a71a,0,0,,text,Q2?,57bf4016-ba8d-47a8-876c-c9b33921b2ab,57bf4016-ba8d-47a8-876c-c9b33921b2ab,YESNO,0139b4a7-248a-4cca-a0bd-79e0e9babce2,Second_Section,2,1,Answered,https://Assessment/Assessment/8c708b19-343d-463f-a494-c79c7f109acd,OTAuto02,b99df4a4-2bf5-4c08-9483-bd636470bc11,b99df4a4-2bf5-4c08-9483-bd636470bc11
902c7da2-19a9-4da9-992d-f6c1e124ca93,Assessment_7635_19032026,103,d48a90b841af467c8373983e49c3afef,0,0,,text,asset_question_19032026,8a7331eb-ba83-44b1-a3ff-fc550c64e30d,8a7331eb-ba83-44b1-a3ff-fc550c64e30d,INVENTORY,f6423f02-94b4-4fed-a3da-d592e7aacc60,Section_1,1,1,Answered,https://Assessment/Assessment/902c7da2-19a9-4da9-992d-f6c1e124ca93,OTAuto02,b99df4a4-2bf5-4c08-9483-bd636470bc11,b99df4a4-2bf5-4c08-9483-bd636470bc11
e169ff0a-b16a-42ae-810d-db4bc4a9db3e,Automated_Assessment_70973_9059061,100,f5b603c3ac4038685d69268f300d78ff,0,0,,text,S1_How data be stored?,99f0ef57-671c-43da-9876-88a6a6d9c4e7,99f0ef57-671c-43da-9876-88a6a6d9c4e7,TEXTBOX,6c0ccd50-ad92-44be-96b3-9531ff407748,First_section,1,2,Unanswered,https://Assessment/Assessment/e169ff0a-b16a-42ae-810d-db4bc4a9db3e,OTAuto02,b99df4a4-2bf5-4c08-9483-bd636470bc11,b99df4a4-2bf5-4c08-9483-bd636470bc11
e169ff0a-b16a-42ae-810d-db4bc4a9db3e,Automated_Assessment_70973_9059061,100,29d3b5def30c7cd5ba60f113eb33b9d1,0,0,,text,S1_statement_question_9059061,72f8cfb2-90af-4e4c-a30d-905dd79fe2ac,72f8cfb2-90af-4e4c-a30d-905dd79fe2ac,STATEMENT,6c0ccd50-ad92-44be-96b3-9531ff407748,First_section,1,3,Unanswered,https://Assessment/Assessment/e169ff0a-b16a-42ae-810d-db4bc4a9db3e,OTAuto02,b99df4a4-2bf5-4c08-9483-bd636470bc11,b99df4a4-2bf5-4c08-9483-bd636470bc11
e169ff0a-b16a-42ae-810d-db4bc4a9db3e,Automated_Assessment_70973_9059061,100,b8b4ab5c7596c35fa6ef46a5d8a240ca,0,0,,text,S2_How data be stored?,6dca749c-0abc-46f3-8499-66934535a35d,6dca749c-0abc-46f3-8499-66934535a35d,TEXTBOX,a38a8a15-708e-474f-8c2d-923b01fd6240,Second_section,2,2,Unanswered,https://Assessment/Assessment/e169ff0a-b16a-42ae-810d-db4bc4a9db3e,OTAuto02,b99df4a4-2bf5-4c08-9483-bd636470bc11,b99df4a4-2bf5-4c08-9483-bd636470bc11
09c845de-24c4-4b0c-87a7-8e27b7d30c2b,Automated_Assessment_1305028,113,2125541245eb4cb683d6c0ddb6a3b5aa,0,0,,text,Q2,b8c5520f-add3-46f0-9dd7-c8a0219e460a,b8c5520f-add3-46f0-9dd7-c8a0219e460a,YESNO,eb8298fa-7c4a-49f8-bdec-4b8ea8128835,S2,2,1,Unanswered,https://Assessment/Assessment/09c845de-24c4-4b0c-87a7-8e27b7d30c2b,OTAuto02,b99df4a4-2bf5-4c08-9483-bd636470bc11,b99df4a4-2bf5-4c08-9483-bd636470bc11
6de73611-8ff6-410f-8307-85734f6a4da3,assessment_2_TCT_19032026,102,ccc693efd31b014f04b5e6d26ee55c31,0,0,,datetime,CustomDate,4a9aae9f-db1c-414d-8260-097df51bbc70,4a9aae9f-db1c-414d-8260-097df51bbc70,DATE,f6360519-432e-4d62-ac57-22b8ff577e82,Project description and scope,1,1,Unanswered,https://Assessment/Assessment/6de73611-8ff6-410f-8307-85734f6a4da3,OTAuto02,b99df4a4-2bf5-4c08-9483-bd636470bc11,b99df4a4-2bf5-4c08-9483-bd636470bc11
8c708b19-343d-463f-a494-c79c7f109acd,Assessment_2417_19032026,88,a8ed2969a98574ed7ef716335b1439f8,0,0,,text,Q4?,57de34a1-8dcb-4d05-a990-9121cafe90e0,57de34a1-8dcb-4d05-a990-9121cafe90e0,YESNO,a66d601c-33ce-4f1b-b164-4ba695f796b3,Fourth_Section,4,1,Answered,https://Assessment/Assessment/8c708b19-343d-463f-a494-c79c7f109acd,OTAuto02,b99df4a4-2bf5-4c08-9483-bd636470bc11,b99df4a4-2bf5-4c08-9483-bd636470bc11
e169ff0a-b16a-42ae-810d-db4bc4a9db3e,Automated_Assessment_70973_9059061,100,7e655250e8e9d1033566c62c5621ab85,0,0,,text,S2_statement_question_9059061,c87aa48f-42f7-4938-9398-5b59c294be91,c87aa48f-42f7-4938-9398-5b59c294be91,STATEMENT,a38a8a15-708e-474f-8c2d-923b01fd6240,Second_section,2,3,Unanswered,https://Assessment/Assessment/e169ff0a-b16a-42ae-810d-db4bc4a9db3e,OTAuto02,b99df4a4-2bf5-4c08-9483-bd636470bc11,b99df4a4-2bf5-4c08-9483-bd636470bc11
31edeb5b-6d46-4926-bf32-cd6d74febf12,Automated_Assessment_7542_19032026,107,4bc4d484252e93fdbde920f9ff2ab785,0,0,,text,Q1?,22f8638a-2218-4a10-b69e-f2b2adca80fc,22f8638a-2218-4a10-b69e-f2b2adca80fc,YESNO,c6b1b126-40c1-4af0-a22d-d5af9a163f0a,First_Section,1,1,Answered,https://Assessment/Assessment/31edeb5b-6d46-4926-bf32-cd6d74febf12,OTAuto02,b99df4a4-2bf5-4c08-9483-bd636470bc11,b99df4a4-2bf5-4c08-9483-bd636470bc11
8c708b19-343d-463f-a494-c79c7f109acd,Assessment_2417_19032026,88,35b028db17120fe985fc1477c4bc195b,0,0,,text,Q3?,89904282-3dcb-43dd-9c0a-bd4ab947e6d6,89904282-3dcb-43dd-9c0a-bd4ab947e6d6,YESNO,8dfff963-1b4f-42d5-b375-c78322930d42,Third_Section,3,1,Skipped,https://Assessment/Assessment/8c708b19-343d-463f-a494-c79c7f109acd,OTAuto02,b99df4a4-2bf5-4c08-9483-bd636470bc11,b99df4a4-2bf5-4c08-9483-bd636470bc11
e169ff0a-b16a-42ae-810d-db4bc4a9db3e,Automated_Assessment_70973_9059061,100,9cd10968f4e552ff6d285e8ee13baf85,0,0,,text,S1_yes_no_question,9d722be9-8cf5-4b72-aed2-17dd753b8b10,9d722be9-8cf5-4b72-aed2-17dd753b8b10,YESNO,6c0ccd50-ad92-44be-96b3-9531ff407748,First_section,1,1,Unanswered,https://Assessment/Assessment/e169ff0a-b16a-42ae-810d-db4bc4a9db3e,OTAuto02,b99df4a4-2bf5-4c08-9483-bd636470bc11,b99df4a4-2bf5-4c08-9483-bd636470bc11
e169ff0a-b16a-42ae-810d-db4bc4a9db3e,Automated_Assessment_70973_9059061,100,9b158d6c17d7e93249632eb73b034958,0,0,,text,S2_yes_no_question,2ac70583-6d74-4b01-9e80-8870ecfcdfff,2ac70583-6d74-4b01-9e80-8870ecfcdfff,YESNO,a38a8a15-708e-474f-8c2d-923b01fd6240,Second_section,2,1,Unanswered,https://Assessment/Assessment/e169ff0a-b16a-42ae-810d-db4bc4a9db3e,OTAuto02,b99df4a4-2bf5-4c08-9483-bd636470bc11,b99df4a4-2bf5-4c08-9483-bd636470bc11
09c845de-24c4-4b0c-87a7-8e27b7d30c2b,Automated_Assessment_1305028,113,053c13319bd63c9636f40ad4e0c77583,0,0,,text,Multichoice Q,5ccfcf77-0e10-45b4-9854-7912d3db83ae,5ccfcf77-0e10-45b4-9854-7912d3db83ae,MULTICHOICE,9dff0897-9488-4e82-8906-9077bef368fc,Project description and scope,1,1,Unanswered,https://Assessment/Assessment/09c845de-24c4-4b0c-87a7-8e27b7d30c2b,OTAuto02,b99df4a4-2bf5-4c08-9483-bd636470bc11,b99df4a4-2bf5-4c08-9483-bd636470bc11
6de73611-8ff6-410f-8307-85734f6a4da3,assessment_2_TCT_19032026,102,9e62160c1123292a0adab91d6072e6e8,0,0,,text,Does this initiative build off or work with a currently ongoing initiative?,09b514dc-76bb-489d-9e3f-51375a489d1e,09b514dc-76bb-489d-9e3f-51375a489d1e,TEXTBOX,f6360519-432e-4d62-ac57-22b8ff577e82,Project description and scope,1,2,Answered,https://Assessment/Assessment/6de73611-8ff6-410f-8307-85734f6a4da3,OTAuto02,b99df4a4-2bf5-4c08-9483-bd636470bc11,b99df4a4-2bf5-4c08-9483-bd636470bc11
cfeb53e8-f3be-4d96-844a-8a018c9f62c8,automated_assessment_40684_9866344,109,96b3d35e57d82ee0ecf65fbd6a0a692f,0,0,,text,Will the project require you to contact individuals in ways which they may find intrusive?,ad7e379b-a43b-4843-bd85-5436148128e9,ad7e379b-a43b-4843-bd85-5436148128e9,INVENTORY,25294633-0728-489b-933d-cc56dbca63c3,Project description and scope,1,2,Unanswered,https://Assessment/Assessment/cfeb53e8-f3be-4d96-844a-8a018c9f62c8,OTAuto02,b99df4a4-2bf5-4c08-9483-bd636470bc11,b99df4a4-2bf5-4c08-9483-bd636470bc11
e169ff0a-b16a-42ae-810d-db4bc4a9db3e,Automated_Assessment_70973_9059061,100,1a2e04b3ac4d98ef1b7d81126d385d43,0,0,,text,S1_Inv_question_9059061,4b0580e8-1daa-4468-abad-fc2ce70bbcbd,4b0580e8-1daa-4468-abad-fc2ce70bbcbd,INVENTORY,6c0ccd50-ad92-44be-96b3-9531ff407748,First_section,1,4,Answered,https://Assessment/Assessment/e169ff0a-b16a-42ae-810d-db4bc4a9db3e,OTAuto02,b99df4a4-2bf5-4c08-9483-bd636470bc11,b99df4a4-2bf5-4c08-9483-bd636470bc11
e169ff0a-b16a-42ae-810d-db4bc4a9db3e,Automated_Assessment_70973_9059061,100,6ba6f0827459ebbcb4cb742b12db3ea6,0,0,,text,attribute_70973_9059061,0411f47b-d7db-4813-b410-556623fef950,0411f47b-d7db-4813-b410-556623fef950,ATTRIBUTE,a38a8a15-708e-474f-8c2d-923b01fd6240,Second_section,2,4,Unanswered,https://Assessment/Assessment/e169ff0a-b16a-42ae-810d-db4bc4a9db3e,OTAuto02,b99df4a4-2bf5-4c08-9483-bd636470bc11,b99df4a4-2bf5-4c08-9483-bd636470bc11
029a2e03-bf93-495c-b805-b12c4b7474a6,automation_project_42834_9793949,95,ceeaee562a97ac77920b0b8f1c973c1c,0,0,,text,Does this initiative build off or work with a currently ongoing initiative?,4fc1c156-a3ee-4eac-b8bd-e19ab5a5ddf8,4fc1c156-a3ee-4eac-b8bd-e19ab5a5ddf8,INVENTORY,99b4ac92-c670-47b5-8f08-12b2fa531704,Project description and scope,1,1,Answered,https://Assessment/Assessment/029a2e03-bf93-495c-b805-b12c4b7474a6,OTAuto02,b99df4a4-2bf5-4c08-9483-bd636470bc11,b99df4a4-2bf5-4c08-9483-bd636470bc11
09c845de-24c4-4b0c-87a7-8e27b7d30c2b,Automated_Assessment_1305028,113,7d2fc6c9ba62782b5fd8b1460896ac22,0,0,,text,Q3,91796d6a-1a01-4a61-83ba-cba4987e6771,91796d6a-1a01-4a61-83ba-cba4987e6771,TEXTBOX,29e6d3e9-ee9a-4232-89f5-c0a49ada0e56,S3,3,1,Unanswered,https://Assessment/Assessment/09c845de-24c4-4b0c-87a7-8e27b7d30c2b,OTAuto02,b99df4a4-2bf5-4c08-9483-bd636470bc11,b99df4a4-2bf5-4c08-9483-bd636470bc11
31edeb5b-6d46-4926-bf32-cd6d74febf12,Automated_Assessment_7542_19032026,107,cf8c15f6d1237250a93470199d113982,0,0,,text,Q3?,dca92262-875d-46c5-aecb-88a73cf9ed04,dca92262-875d-46c5-aecb-88a73cf9ed04,YESNO,c6b1b126-40c1-4af0-a22d-d5af9a163f0a,First_Section,1,3,Answered,https://Assessment/Assessment/31edeb5b-6d46-4926-bf32-cd6d74febf12,OTAuto02,b99df4a4-2bf5-4c08-9483-bd636470bc11,b99df4a4-2bf5-4c08-9483-bd636470bc11
cfeb53e8-f3be-4d96-844a-8a018c9f62c8,automated_assessment_40684_9866344,109,a2862967dfb7eee42170624ecb3541bf,0,0,,text,Does this initiative build off or work with a currently ongoing initiative?,30f462cb-2c09-43ae-8e76-b0a8f6af557f,30f462cb-2c09-43ae-8e76-b0a8f6af557f,INVENTORY,25294633-0728-489b-933d-cc56dbca63c3,Project description and scope,1,1,Answered,https://Assessment/Assessment/cfeb53e8-f3be-4d96-844a-8a018c9f62c8,OTAuto02,b99df4a4-2bf5-4c08-9483-bd636470bc11,b99df4a4-2bf5-4c08-9483-bd636470bc11
31edeb5b-6d46-4926-bf32-cd6d74febf12,Automated_Assessment_7542_19032026,107,7e0bad9d3aad5b104900de2013b6f0d1,0,0,,text,Q2?,0537f6f2-fbd1-4712-9919-1ff598aec8c1,0537f6f2-fbd1-4712-9919-1ff598aec8c1,TEXTBOX,c6b1b126-40c1-4af0-a22d-d5af9a163f0a,First_Section,1,2,Skipped,https://Assessment/Assessment/31edeb5b-6d46-4926-bf32-cd6d74febf12,OTAuto02,b99df4a4-2bf5-4c08-9483-bd636470bc11,b99df4a4-2bf5-4c08-9483-bd636470bc11
902c7da2-19a9-4da9-992d-f6c1e124ca93,Assessment_7635_19032026,103,95694591960086807c106f4405f8304a,0,0,,text,Hosting Provider,d372de8f-e704-48fa-b9bf-4bf4f22a1908,d372de8f-e704-48fa-b9bf-4bf4f22a1908,ATTRIBUTE,f6423f02-94b4-4fed-a3da-d592e7aacc60,Section_1,1,2,Answered,https://Assessment/Assessment/902c7da2-19a9-4da9-992d-f6c1e124ca93,OTAuto02,b99df4a4-2bf5-4c08-9483-bd636470bc11,b99df4a4-2bf5-4c08-9483-bd636470bc11
d3137da0-c67d-4f88-b6a3-f36df7cc56a5,Automated_2_Assessment_3552111,98,cc1b11d46b24bc2d2cb1e96034fb014a,0,0,,text,How and where will the data be stored?,f1510af7-14af-4c67-99df-41494cda0ddf,f1510af7-14af-4c67-99df-41494cda0ddf,YESNO,a84706d0-371f-4488-8f77-92e1576fdf3d,Project description and scope,1,1,Unanswered,https://Assessment/Assessment/d3137da0-c67d-4f88-b6a3-f36df7cc56a5,OTAuto02,b99df4a4-2bf5-4c08-9483-bd636470bc11,b99df4a4-2bf5-4c08-9483-bd636470bc11
33ce612e-e570-42e7-8a8f-7a6812f6d28d,automation_project_42844_571243,150,0f9a84935e4ec5a9c8006986e2c323f1,0,0,,text,Does this initiative build off or work with a currently ongoing initiative?,bc447bbd-5c5c-4cae-b08b-910c1b437a1e,bc447bbd-5c5c-4cae-b08b-910c1b437a1e,INVENTORY,443ea11b-0dd2-45c0-837c-f67322af8e40,Project description and scope,1,1,Answered,https://Assessment/Assessment/33ce612e-e570-42e7-8a8f-7a6812f6d28d,OTAuto02,b99df4a4-2bf5-4c08-9483-bd636470bc11,b99df4a4-2bf5-4c08-9483-bd636470bc11
3e8fbf38-bcb4-4a82-bd21-0f160f25bf38,Automated_Assessment2_6106297,194,d1f53d08a74d988749564f6a168226f0,0,0,,text,How and where will the data be stored?,d48fb14b-5f74-47bb-8e27-1a725c2564e9,d48fb14b-5f74-47bb-8e27-1a725c2564e9,YESNO,5c983210-57bb-40db-b088-62568ea17be1,Project description and scope,1,1,Unanswered,https://Assessment/Assessment/3e8fbf38-bcb4-4a82-bd21-0f160f25bf38,OTAuto02,b99df4a4-2bf5-4c08-9483-bd636470bc11,b99df4a4-2bf5-4c08-9483-bd636470bc11
4475341c-75e7-4419-91bf-2105d0a65aba,Assessment_Auto_1_1291_19032026,153,ff98cc62d278eb5bd07923d1636e3887,0,0,,text,Q3,0a9d3098-7067-4ed1-a0eb-284352bd7c63,0a9d3098-7067-4ed1-a0eb-284352bd7c63,YESNO,e4a3fc2e-53e2-4adc-8a7a-874043e961d1,First_Section,1,3,Unanswered,https://Assessment/Assessment/4475341c-75e7-4419-91bf-2105d0a65aba,OTAuto02,b99df4a4-2bf5-4c08-9483-bd636470bc11,b99df4a4-2bf5-4c08-9483-bd636470bc11
666960b7-f018-4b61-bb19-271cc1e51c8c,assessment_1174_19032026,169,bf72a6227c70a143ad2dc51c52437ade,0,0,,text,Is it a intrusive Q6?,a4aed3a5-9481-4d2e-82bc-8ec5f6c2a1af,a4aed3a5-9481-4d2e-82bc-8ec5f6c2a1af,PERSONAL_DATA,edae2f57-3b93-4764-b915-1a0a04dfee97,Section_1,1,8,Answered,https://Assessment/Assessment/666960b7-f018-4b61-bb19-271cc1e51c8c,OTAuto02,b99df4a4-2bf5-4c08-9483-bd636470bc11,b99df4a4-2bf5-4c08-9483-bd636470bc11
6b3e2e72-284e-4fe3-86af-2b82058725aa,B_Assessment_7626_19032026,162,c5b8d6c1fe2899942d1677cdbf063147,0,0,,text,MultichoiceQ,1a91700a-7384-4beb-ac05-32669ef8414c,1a91700a-7384-4beb-ac05-32669ef8414c,MULTICHOICE,0343e32c-5088-4841-9ab0-d4a6527538dc,First_Section,1,1,Unanswered,https://Assessment/Assessment/6b3e2e72-284e-4fe3-86af-2b82058725aa,OTAuto02,b99df4a4-2bf5-4c08-9483-bd636470bc11,b99df4a4-2bf5-4c08-9483-bd636470bc11
76d8a250-c347-47a3-b396-5f92356b616f,Automated_Assessment_7626_19032026,158,56d61a820ee80ca483d9a1e8e6502527,0,0,,text,MultichoiceQ,1a91700a-7384-4beb-ac05-32669ef8414c,1a91700a-7384-4beb-ac05-32669ef8414c,MULTICHOICE,0343e32c-5088-4841-9ab0-d4a6527538dc,First_Section,1,1,Answered,https://Assessment/Assessment/76d8a250-c347-47a3-b396-5f92356b616f,OTAuto02,b99df4a4-2bf5-4c08-9483-bd636470bc11,b99df4a4-2bf5-4c08-9483-bd636470bc11
76d8a250-c347-47a3-b396-5f92356b616f,Automated_Assessment_7626_19032026,158,600e24cae0e9b455c4bb7f5740325031,0,0,,text,text_19032026,d90f0a11-23e4-4e85-b7c3-61a9ac0c8249,d90f0a11-23e4-4e85-b7c3-61a9ac0c8249,TEXTBOX,0343e32c-5088-4841-9ab0-d4a6527538dc,First_Section,1,2,Unanswered,https://Assessment/Assessment/76d8a250-c347-47a3-b396-5f92356b616f,OTAuto02,b99df4a4-2bf5-4c08-9483-bd636470bc11,b99df4a4-2bf5-4c08-9483-bd636470bc11
7afe55bc-caa0-4fc9-9d80-0d5fe19d7a95,asset_1170_19032026,174,6faac4d2703d153f176231f4430317ac,0,0,,text,pa_question_19032026,fd16b743-cb83-4ccd-9271-1047e2e01344,fd16b743-cb83-4ccd-9271-1047e2e01344,INVENTORY,62b4340e-57e8-495c-9a4a-0de628ed653c,Project description and scope,1,2,Answered,https://Assessment/Assessment/7afe55bc-caa0-4fc9-9d80-0d5fe19d7a95,OTAuto02,b99df4a4-2bf5-4c08-9483-bd636470bc11,b99df4a4-2bf5-4c08-9483-bd636470bc11
a8af9cb0-7942-4e1a-82d4-59505ada9723,assessment_43465_9547758,175,c4bd4848fb9aed9d510c4a33eb078b38,0,0,,text,Will the project require you to contact individuals in ways which they may find intrusive?,16db6fe9-68e1-4b65-bccd-a3e8fa2b3462,16db6fe9-68e1-4b65-bccd-a3e8fa2b3462,INVENTORY,29bbd586-c10f-4fb8-8d0b-6b34fad0eb91,Project description and scope,1,2,Unanswered,https://Assessment/Assessment/a8af9cb0-7942-4e1a-82d4-59505ada9723,OTAuto02,b99df4a4-2bf5-4c08-9483-bd636470bc11,b99df4a4-2bf5-4c08-9483-bd636470bc11
c8c2986e-f8c3-45cc-ba8d-e5a812adc5b7,Assessment_Auto_2_97766_19032026,134,ae719e2e2cd47d92e6d550e7a028e82f,0,0,,text,Q2,c8ec9bce-b381-4a93-b2d1-fb7272ec704e,c8ec9bce-b381-4a93-b2d1-fb7272ec704e,YESNO,17a22e5c-6efa-47bb-9a91-8691b632d3ef,First_Section,1,2,Answered,https://Assessment/Assessment/c8c2986e-f8c3-45cc-ba8d-e5a812adc5b7,OTAuto02,b99df4a4-2bf5-4c08-9483-bd636470bc11,b99df4a4-2bf5-4c08-9483-bd636470bc11
f11dc346-787e-46eb-b65c-01b9ae37b2e4,Automated_Assessment_2956184,140,066ced3ce2a51af76b2ed4913a9687de,0,0,,text,Q2,5df14023-d670-40e5-bdd6-aae3c31087c9,5df14023-d670-40e5-bdd6-aae3c31087c9,INVENTORY,b9e308f7-a333-4ebe-9a94-e6cd62eb23e7,Section_1,1,3,Answered,https://Assessment/Assessment/f11dc346-787e-46eb-b65c-01b9ae37b2e4,OTAuto02,b99df4a4-2bf5-4c08-9483-bd636470bc11,b99df4a4-2bf5-4c08-9483-bd636470bc11
f3346d4d-6130-43fc-8d31-91e790220867,assessmentExportResponses_1128_19032026,143,0e0d5948830828b6e3a0c6e6d7403e1e,0,0,,text,Q1?,a0de15f0-bf5c-4d64-b2b0-e2d8a903d1ac,a0de15f0-bf5c-4d64-b2b0-e2d8a903d1ac,YESNO,b6f6fe6d-8e1d-4b23-b504-09187a7893db,First_Section,1,1,Answered,https://Assessment/Assessment/f3346d4d-6130-43fc-8d31-91e790220867,OTAuto02,b99df4a4-2bf5-4c08-9483-bd636470bc11,b99df4a4-2bf5-4c08-9483-bd636470bc11
f3346d4d-6130-43fc-8d31-91e790220867,assessmentExportResponses_1128_19032026,143,73a05a24cb94c4ecc82d8060c0b73210,0,0,,text,Multichoice Q?,705867bf-3682-4cb4-8fb5-3f29faf7e1e9,705867bf-3682-4cb4-8fb5-3f29faf7e1e9,MULTICHOICE,b6f6fe6d-8e1d-4b23-b504-09187a7893db,First_Section,1,2,Unanswered,https://Assessment/Assessment/f3346d4d-6130-43fc-8d31-91e790220867,OTAuto02,b99df4a4-2bf5-4c08-9483-bd636470bc11,b99df4a4-2bf5-4c08-9483-bd636470bc11
0c479bac-4c1a-4357-a3c3-93cd916c2547,Assessment_For_On_submission_19032026_parent_1 - Template_19032026_child,200,d355f84d44bd2f03c73fce0876abb67e,0,0,,text,How and where will the data be stored?,770da8d5-1d7b-4e54-9d42-104b17bfb8ea,770da8d5-1d7b-4e54-9d42-104b17bfb8ea,TEXTBOX,5c556d99-7b22-476e-98fa-65359447382e,Project description and scope,1,1,Unanswered,https://Assessment/Assessment/0c479bac-4c1a-4357-a3c3-93cd916c2547,OTAuto02,b99df4a4-2bf5-4c08-9483-bd636470bc11,b99df4a4-2bf5-4c08-9483-bd636470bc11
13c56667-9c95-4465-9adb-24d9333a514d,Automated_Assessment_1_7220670,184,e5c2a456addc5fd43cd35788e6820496,0,0,,text,Q2,837c3d7d-895d-4ccb-9731-eb9cce55f8de,837c3d7d-895d-4ccb-9731-eb9cce55f8de,YESNO,ebc3e999-c3dd-4cb1-84a4-3f7fe1005836,First_Section,1,2,Unanswered,https://Assessment/Assessment/13c56667-9c95-4465-9adb-24d9333a514d,OTAuto02,b99df4a4-2bf5-4c08-9483-bd636470bc11,b99df4a4-2bf5-4c08-9483-bd636470bc11
13c56667-9c95-4465-9adb-24d9333a514d,Automated_Assessment_1_7220670,184,928b1a06de40af616b10c53ddc438ea6,0,0,,text,Q4,791fed9e-88f9-4011-8675-3980626804e8,791fed9e-88f9-4011-8675-3980626804e8,TEXTBOX,ebc3e999-c3dd-4cb1-84a4-3f7fe1005836,First_Section,1,5,Unanswered,https://Assessment/Assessment/13c56667-9c95-4465-9adb-24d9333a514d,OTAuto02,b99df4a4-2bf5-4c08-9483-bd636470bc11,b99df4a4-2bf5-4c08-9483-bd636470bc11
2058af04-4da2-471c-b00b-fbf9544dd54d,Automated_Assessment_68691_3010920,177,ee576746fcd88f3820808d980647983d,0,0,,text,How data be stored?,bd4811a3-c2d3-4eea-a540-95f615810e8a,bd4811a3-c2d3-4eea-a540-95f615810e8a,TEXTBOX,56601534-c4b5-4479-b982-69dfdef1a593,First_section,1,2,Unanswered,https://Assessment/Assessment/2058af04-4da2-471c-b00b-fbf9544dd54d,OTAuto02,b99df4a4-2bf5-4c08-9483-bd636470bc11,b99df4a4-2bf5-4c08-9483-bd636470bc11
2423eb43-5245-403e-a38d-87a77e7b4a02,Assessment_Auto_1_97766_19032026,132,7e6d809894300ac50341afd8e7a4f0ae,0,0,,text,Q2,c8ec9bce-b381-4a93-b2d1-fb7272ec704e,c8ec9bce-b381-4a93-b2d1-fb7272ec704e,YESNO,17a22e5c-6efa-47bb-9a91-8691b632d3ef,First_Section,1,2,Unanswered,https://Assessment/Assessment/2423eb43-5245-403e-a38d-87a77e7b4a02,OTAuto02,b99df4a4-2bf5-4c08-9483-bd636470bc11,b99df4a4-2bf5-4c08-9483-bd636470bc11
2423eb43-5245-403e-a38d-87a77e7b4a02,Assessment_Auto_1_97766_19032026,132,7e25be3f20423d13f60aa35c4badeae8,0,0,,text,Q3,7528f004-9f16-4308-a566-139226358f04,7528f004-9f16-4308-a566-139226358f04,YESNO,17a22e5c-6efa-47bb-9a91-8691b632d3ef,First_Section,1,3,Unanswered,https://Assessment/Assessment/2423eb43-5245-403e-a38d-87a77e7b4a02,OTAuto02,b99df4a4-2bf5-4c08-9483-bd636470bc11,b99df4a4-2bf5-4c08-9483-bd636470bc11
289c632d-c9d0-49db-9f20-68ce1e69b9c1,Automated_Assessment_6412360,176,71f2cc972a7b3eb546ad7b9979afc2d5,0,0,,text,How and where will the data be stored?,5177c3b5-c167-47ba-99ab-b92101881a16,5177c3b5-c167-47ba-99ab-b92101881a16,YESNO,b2e0153e-58e0-4887-8ece-dc5508ab49a7,First_Section,1,2,Unanswered,https://Assessment/Assessment/289c632d-c9d0-49db-9f20-68ce1e69b9c1,OTAuto02,b99df4a4-2bf5-4c08-9483-bd636470bc11,b99df4a4-2bf5-4c08-9483-bd636470bc11
7bced51f-7618-4cd7-8f29-d2d6381c4a46,Automated_Assessment_8200779,142,a0cca4cf3876bfefb302a368829b1e2b,0,0,,text,How and where will the data be stored?,a20ee60e-6402-414f-ad38-ca0f0ef4a1c6,a20ee60e-6402-414f-ad38-ca0f0ef4a1c6,INVENTORY,fd861de8-4afa-41f2-a4f5-b922dd6c6ff4,First_Section,1,1,Answered,https://Assessment/Assessment/7bced51f-7618-4cd7-8f29-d2d6381c4a46,OTAuto02,b99df4a4-2bf5-4c08-9483-bd636470bc11,b99df4a4-2bf5-4c08-9483-bd636470bc11
9abe0df2-26e5-4947-a963-3a8525ba916a,Z_Assessment_7626_19032026,163,8c54542ef2b3bdda05d5f3c66d7d4454,0,0,,text,MultichoiceQ,1a91700a-7384-4beb-ac05-32669ef8414c,1a91700a-7384-4beb-ac05-32669ef8414c,MULTICHOICE,0343e32c-5088-4841-9ab0-d4a6527538dc,First_Section,1,1,Unanswered,https://Assessment/Assessment/9abe0df2-26e5-4947-a963-3a8525ba916a,OTAuto02,b99df4a4-2bf5-4c08-9483-bd636470bc11,b99df4a4-2bf5-4c08-9483-bd636470bc11
b13d7078-950b-48a2-b1ea-d3508f8c829c,Automated_Assessment_7220670,182,48580948cc12d9b53606bc91f4186633,0,0,,text,Q4,791fed9e-88f9-4011-8675-3980626804e8,791fed9e-88f9-4011-8675-3980626804e8,TEXTBOX,ebc3e999-c3dd-4cb1-84a4-3f7fe1005836,First_Section,1,5,Answered,https://Assessment/Assessment/b13d7078-950b-48a2-b1ea-d3508f8c829c,OTAuto02,b99df4a4-2bf5-4c08-9483-bd636470bc11,b99df4a4-2bf5-4c08-9483-bd636470bc11
bfc8085f-d803-489c-957f-3851eaee18d8,automation_assessment_TCT_7623_19032026,155,a268a16d4ef72b64d4dc051ede0c1b42,0,0,,text,How and where will the data be stored?,85fc18aa-7dec-4ba6-92cf-9ca9bd397fd9,85fc18aa-7dec-4ba6-92cf-9ca9bd397fd9,YESNO,ffc9fcf8-13d2-46d3-b1b8-f8faa7338a4e,Project description and scope,1,1,Answered,https://Assessment/Assessment/bfc8085f-d803-489c-957f-3851eaee18d8,OTAuto02,b99df4a4-2bf5-4c08-9483-bd636470bc11,b99df4a4-2bf5-4c08-9483-bd636470bc11
f3346d4d-6130-43fc-8d31-91e790220867,assessmentExportResponses_1128_19032026,143,ba3090d005f2f5a5c9a40e8ee7ad0746,0,0,,text,asset_question_19032026,698c2674-5161-4b7e-a163-3872caf94340,698c2674-5161-4b7e-a163-3872caf94340,INVENTORY,b6f6fe6d-8e1d-4b23-b504-09187a7893db,First_Section,1,4,Unanswered,https://Assessment/Assessment/f3346d4d-6130-43fc-8d31-91e790220867,OTAuto02,b99df4a4-2bf5-4c08-9483-bd636470bc11,b99df4a4-2bf5-4c08-9483-bd636470bc11
13c56667-9c95-4465-9adb-24d9333a514d,Automated_Assessment_1_7220670,184,f2fbc412e469c02f04a2b4765898101d,0,0,,datetime,Q3,8b8fbb81-fafe-45b4-8f0a-550871ae0e53,8b8fbb81-fafe-45b4-8f0a-550871ae0e53,DATE,ebc3e999-c3dd-4cb1-84a4-3f7fe1005836,First_Section,1,3,Unanswered,https://Assessment/Assessment/13c56667-9c95-4465-9adb-24d9333a514d,OTAuto02,b99df4a4-2bf5-4c08-9483-bd636470bc11,b99df4a4-2bf5-4c08-9483-bd636470bc11
25db5d38-25c1-467b-9431-6a4a4c980b82,A_assessment_7626_19032026,160,d09532cbbb31f08f333a55413d9deb7a,0,0,,text,text_19032026,d90f0a11-23e4-4e85-b7c3-61a9ac0c8249,d90f0a11-23e4-4e85-b7c3-61a9ac0c8249,TEXTBOX,0343e32c-5088-4841-9ab0-d4a6527538dc,First_Section,1,2,Unanswered,https://Assessment/Assessment/25db5d38-25c1-467b-9431-6a4a4c980b82,OTAuto02,b99df4a4-2bf5-4c08-9483-bd636470bc11,b99df4a4-2bf5-4c08-9483-bd636470bc11
2728d3aa-f877-4dee-8509-d0f2d1af6f0a,Automated_Assessment_1250_19032026,185,ef9ebe31d9eb185de62d739488f68cfb,0,0,,text,Y/N?,a0c99ad8-7e88-4c83-9d31-bc1c63beac13,a0c99ad8-7e88-4c83-9d31-bc1c63beac13,YESNO,3e382f8d-54fe-4f10-8eed-3a5a2cbb29f1,First_Section,1,1,Unanswered,https://Assessment/Assessment/2728d3aa-f877-4dee-8509-d0f2d1af6f0a,OTAuto02,b99df4a4-2bf5-4c08-9483-bd636470bc11,b99df4a4-2bf5-4c08-9483-bd636470bc11
2728d3aa-f877-4dee-8509-d0f2d1af6f0a,Automated_Assessment_1250_19032026,185,ab9532ce5457c65b61f5a53217121066,0,0,,text,MCQ2?,9e52f738-ff51-4d1b-82c7-f5d4578f9c0a,9e52f738-ff51-4d1b-82c7-f5d4578f9c0a,MULTICHOICE,3e382f8d-54fe-4f10-8eed-3a5a2cbb29f1,First_Section,1,3,Unanswered,https://Assessment/Assessment/2728d3aa-f877-4dee-8509-d0f2d1af6f0a,OTAuto02,b99df4a4-2bf5-4c08-9483-bd636470bc11,b99df4a4-2bf5-4c08-9483-bd636470bc11
666960b7-f018-4b61-bb19-271cc1e51c8c,assessment_1174_19032026,169,1c069c11e84fd48828f5d57a14e50805,0,0,,text,Hosting Location,ad9cbd66-cb0b-4fe6-afea-7696da77233d,ad9cbd66-cb0b-4fe6-afea-7696da77233d,ATTRIBUTE,edae2f57-3b93-4764-b915-1a0a04dfee97,Section_1,1,5,Answered,https://Assessment/Assessment/666960b7-f018-4b61-bb19-271cc1e51c8c,OTAuto02,b99df4a4-2bf5-4c08-9483-bd636470bc11,b99df4a4-2bf5-4c08-9483-bd636470bc11
7b3a48cd-e4a7-4cbb-8534-bd41714a7e8f,Automated_Assessment_4740_19032026,156,656f86692f0549df2442d71b6e0cee09,0,0,,text,How and where will the data be stored?,2bfbacee-966a-448d-aa3f-81b4a66998c3,2bfbacee-966a-448d-aa3f-81b4a66998c3,TEXTBOX,4f028e64-1689-4cfd-aecb-b9a7269f3d2b,First_Section,1,1,Answered,https://Assessment/Assessment/7b3a48cd-e4a7-4cbb-8534-bd41714a7e8f,OTAuto02,b99df4a4-2bf5-4c08-9483-bd636470bc11,b99df4a4-2bf5-4c08-9483-bd636470bc11
b13d7078-950b-48a2-b1ea-d3508f8c829c,Automated_Assessment_7220670,182,f9a14f5457664b82b10793b9fd4f03ad,0,0,,text,Q1,fb144540-fe06-4a62-84a3-eb8450e321e2,fb144540-fe06-4a62-84a3-eb8450e321e2,TEXTBOX,ebc3e999-c3dd-4cb1-84a4-3f7fe1005836,First_Section,1,1,Answered,https://Assessment/Assessment/b13d7078-950b-48a2-b1ea-d3508f8c829c,OTAuto02,b99df4a4-2bf5-4c08-9483-bd636470bc11,b99df4a4-2bf5-4c08-9483-bd636470bc11
bfc8085f-d803-489c-957f-3851eaee18d8,automation_assessment_TCT_7623_19032026,155,c9829b7ea7bfdc56e115bff6477f2023,0,0,,text,Does this initiative build off,0f033c6b-83a4-4879-aef8-cced2a7f1c93,0f033c6b-83a4-4879-aef8-cced2a7f1c93,MULTICHOICE,ffc9fcf8-13d2-46d3-b1b8-f8faa7338a4e,Project description and scope,1,2,Answered,https://Assessment/Assessment/bfc8085f-d803-489c-957f-3851eaee18d8,OTAuto02,b99df4a4-2bf5-4c08-9483-bd636470bc11,b99df4a4-2bf5-4c08-9483-bd636470bc11
e62cd819-d8dd-4f72-9bac-387e9ad874fe,Risk_Assessment_7507_19032026_new,167,57d4b4db50260b480409393c9306dfe8,0,0,,text,New_Question_19032026,abef28cc-6f69-4198-99fd-278aee57426e,8a275713-9268-4274-9413-dc2239267065,INVENTORY,53ea5697-f3e4-43f3-8183-5d224dc8e663,New_Section_19032026,1,1,Answered,https://Assessment/Assessment/e62cd819-d8dd-4f72-9bac-387e9ad874fe,OTAuto02,b99df4a4-2bf5-4c08-9483-bd636470bc11,b99df4a4-2bf5-4c08-9483-bd636470bc11
f11dc346-787e-46eb-b65c-01b9ae37b2e4,Automated_Assessment_2956184,140,50e95f116a46e5603fc0b765f092865b,0,0,,text,attribute_nss2_2956184,fa1068c8-732c-4fec-89fa-2dade137c656,fa1068c8-732c-4fec-89fa-2dade137c656,ATTRIBUTE,b9e308f7-a333-4ebe-9a94-e6cd62eb23e7,Section_1,1,5,Answered,https://Assessment/Assessment/f11dc346-787e-46eb-b65c-01b9ae37b2e4,OTAuto02,b99df4a4-2bf5-4c08-9483-bd636470bc11,b99df4a4-2bf5-4c08-9483-bd636470bc11
f3346d4d-6130-43fc-8d31-91e790220867,assessmentExportResponses_1128_19032026,143,d6b197fb17b9d7a9d4396188c248525d,0,0,,text,asset_attribute_1128_multi_19032026,9fcd8280-f134-40d8-971a-5ad02573963f,9fcd8280-f134-40d8-971a-5ad02573963f,ATTRIBUTE,b6f6fe6d-8e1d-4b23-b504-09187a7893db,First_Section,1,6,Skipped,https://Assessment/Assessment/f3346d4d-6130-43fc-8d31-91e790220867,OTAuto02,b99df4a4-2bf5-4c08-9483-bd636470bc11,b99df4a4-2bf5-4c08-9483-bd636470bc11
13c56667-9c95-4465-9adb-24d9333a514d,Automated_Assessment_1_7220670,184,8fca59a4b1c9197dc576ee851155bee7,0,0,,text,Q1,fb144540-fe06-4a62-84a3-eb8450e321e2,fb144540-fe06-4a62-84a3-eb8450e321e2,TEXTBOX,ebc3e999-c3dd-4cb1-84a4-3f7fe1005836,First_Section,1,1,Unanswered,https://Assessment/Assessment/13c56667-9c95-4465-9adb-24d9333a514d,OTAuto02,b99df4a4-2bf5-4c08-9483-bd636470bc11,b99df4a4-2bf5-4c08-9483-bd636470bc11
13c56667-9c95-4465-9adb-24d9333a514d,Automated_Assessment_1_7220670,184,012a4754b6266cb4312ea199245bd410,0,0,,text,Will the data be stored?,f8eef628-29b4-472d-9a06-675b0dac8d7c,f8eef628-29b4-472d-9a06-675b0dac8d7c,YESNO,ebc3e999-c3dd-4cb1-84a4-3f7fe1005836,First_Section,1,4,Unanswered,https://Assessment/Assessment/13c56667-9c95-4465-9adb-24d9333a514d,OTAuto02,b99df4a4-2bf5-4c08-9483-bd636470bc11,b99df4a4-2bf5-4c08-9483-bd636470bc11
174c4ba5-0321-4add-b5d1-2bd8a92ed1eb,a_Assessment_7626_19032026,161,1b708e6b2f971b41a527a4ed3129bb0d,0,0,,text,MultichoiceQ,1a91700a-7384-4beb-ac05-32669ef8414c,1a91700a-7384-4beb-ac05-32669ef8414c,MULTICHOICE,0343e32c-5088-4841-9ab0-d4a6527538dc,First_Section,1,1,Unanswered,https://Assessment/Assessment/174c4ba5-0321-4add-b5d1-2bd8a92ed1eb,OTAuto02,b99df4a4-2bf5-4c08-9483-bd636470bc11,b99df4a4-2bf5-4c08-9483-bd636470bc11
25db5d38-25c1-467b-9431-6a4a4c980b82,A_assessment_7626_19032026,160,26bc8f3c7000d652bbdb3e628083b7ff,0,0,,text,MultichoiceQ,1a91700a-7384-4beb-ac05-32669ef8414c,1a91700a-7384-4beb-ac05-32669ef8414c,MULTICHOICE,0343e32c-5088-4841-9ab0-d4a6527538dc,First_Section,1,1,Unanswered,https://Assessment/Assessment/25db5d38-25c1-467b-9431-6a4a4c980b82,OTAuto02,b99df4a4-2bf5-4c08-9483-bd636470bc11,b99df4a4-2bf5-4c08-9483-bd636470bc11
2728d3aa-f877-4dee-8509-d0f2d1af6f0a,Automated_Assessment_1250_19032026,185,3350b1881aa3275cf8e730a573200f54,0,0,,text,Text Q,4a6bec30-66db-4eb5-97e4-276ae698cc9e,4a6bec30-66db-4eb5-97e4-276ae698cc9e,TEXTBOX,3e382f8d-54fe-4f10-8eed-3a5a2cbb29f1,First_Section,1,2,Unanswered,https://Assessment/Assessment/2728d3aa-f877-4dee-8509-d0f2d1af6f0a,OTAuto02,b99df4a4-2bf5-4c08-9483-bd636470bc11,b99df4a4-2bf5-4c08-9483-bd636470bc11
6094581a-fb4a-4357-a63f-05d832a0dfe9,Assessment_Auto_2_1291_19032026,154,39caa108bef1c8b67f0696ccdb1c6a2e,0,0,,text,Q1,6a064fcf-aecf-4ca4-ac48-2022b191f128,6a064fcf-aecf-4ca4-ac48-2022b191f128,TEXTBOX,e4a3fc2e-53e2-4adc-8a7a-874043e961d1,First_Section,1,1,Unanswered,https://Assessment/Assessment/6094581a-fb4a-4357-a63f-05d832a0dfe9,OTAuto02,b99df4a4-2bf5-4c08-9483-bd636470bc11,b99df4a4-2bf5-4c08-9483-bd636470bc11
666960b7-f018-4b61-bb19-271cc1e51c8c,assessment_1174_19032026,169,75ac1aad1d3bee6118d34c1f75f8f716,0,0,,text,Q2?,d667c1b0-ec7f-49e2-bf5d-25fa9b81def8,d667c1b0-ec7f-49e2-bf5d-25fa9b81def8,YESNO,edae2f57-3b93-4764-b915-1a0a04dfee97,Section_1,1,1,Answered,https://Assessment/Assessment/666960b7-f018-4b61-bb19-271cc1e51c8c,OTAuto02,b99df4a4-2bf5-4c08-9483-bd636470bc11,b99df4a4-2bf5-4c08-9483-bd636470bc11
666960b7-f018-4b61-bb19-271cc1e51c8c,assessment_1174_19032026,169,36ad9b06e1a2639334aa587be7ff3648,0,0,,text,Q4?,b2a20c82-b87b-420c-ada8-569a55f69a1c,b2a20c82-b87b-420c-ada8-569a55f69a1c,INVENTORY,edae2f57-3b93-4764-b915-1a0a04dfee97,Section_1,1,4,Answered,https://Assessment/Assessment/666960b7-f018-4b61-bb19-271cc1e51c8c,OTAuto02,b99df4a4-2bf5-4c08-9483-bd636470bc11,b99df4a4-2bf5-4c08-9483-bd636470bc11
7576b6e8-8c0b-4afa-a8b1-bec681661653,Assessment_8167495,123,bd95f16221be312a05d54e5225a76253,0,0,,text,Q1?,a9342096-870f-4461-9f29-e3d4418352bb,a9342096-870f-4461-9f29-e3d4418352bb,YESNO,503ce1b2-0afd-488b-b6d0-d2ed19e3e05f,Basic Section,1,1,Answered,https://Assessment/Assessment/7576b6e8-8c0b-4afa-a8b1-bec681661653,OTAuto02,b99df4a4-2bf5-4c08-9483-bd636470bc11,b99df4a4-2bf5-4c08-9483-bd636470bc11
7576b6e8-8c0b-4afa-a8b1-bec681661653,Assessment_8167495,123,f781678518f9d927b7643434e758d498,0,0,,text,Multichoice Q?,40eeb016-5cbf-46a9-a5a7-e587bb1f12f4,40eeb016-5cbf-46a9-a5a7-e587bb1f12f4,MULTICHOICE,503ce1b2-0afd-488b-b6d0-d2ed19e3e05f,Basic Section,1,3,Answered,https://Assessment/Assessment/7576b6e8-8c0b-4afa-a8b1-bec681661653,OTAuto02,b99df4a4-2bf5-4c08-9483-bd636470bc11,b99df4a4-2bf5-4c08-9483-bd636470bc11
7afe55bc-caa0-4fc9-9d80-0d5fe19d7a95,asset_1170_19032026,174,1b769cd8de221d6150f104669fa4aacf,0,0,,text,assets_question_19032026,de5ad01a-0005-409d-9e9a-3123a0b0c20f,de5ad01a-0005-409d-9e9a-3123a0b0c20f,INVENTORY,62b4340e-57e8-495c-9a4a-0de628ed653c,Project description and scope,1,1,Answered,https://Assessment/Assessment/7afe55bc-caa0-4fc9-9d80-0d5fe19d7a95,OTAuto02,b99df4a4-2bf5-4c08-9483-bd636470bc11,b99df4a4-2bf5-4c08-9483-bd636470bc11
9abe0df2-26e5-4947-a963-3a8525ba916a,Z_Assessment_7626_19032026,163,2ff786e76413d7f5e841e87d5e2b2efc,0,0,,text,text_19032026,d90f0a11-23e4-4e85-b7c3-61a9ac0c8249,d90f0a11-23e4-4e85-b7c3-61a9ac0c8249,TEXTBOX,0343e32c-5088-4841-9ab0-d4a6527538dc,First_Section,1,2,Unanswered,https://Assessment/Assessment/9abe0df2-26e5-4947-a963-3a8525ba916a,OTAuto02,b99df4a4-2bf5-4c08-9483-bd636470bc11,b99df4a4-2bf5-4c08-9483-bd636470bc11
2058af04-4da2-471c-b00b-fbf9544dd54d,Automated_Assessment_68691_3010920,177,e4bc2d1fd7d3751cbb0df9e53837bb14,0,0,,text,Inv_question_3010920,00c8d1a5-1369-4037-9eb1-cb2591020746,00c8d1a5-1369-4037-9eb1-cb2591020746,INVENTORY,56601534-c4b5-4479-b982-69dfdef1a593,First_section,1,3,Answered,https://Assessment/Assessment/2058af04-4da2-471c-b00b-fbf9544dd54d,OTAuto02,b99df4a4-2bf5-4c08-9483-bd636470bc11,b99df4a4-2bf5-4c08-9483-bd636470bc11
4475341c-75e7-4419-91bf-2105d0a65aba,Assessment_Auto_1_1291_19032026,153,03e8419cce5f5035b5a3f89850988a5c,0,0,,text,Q1,6a064fcf-aecf-4ca4-ac48-2022b191f128,6a064fcf-aecf-4ca4-ac48-2022b191f128,TEXTBOX,e4a3fc2e-53e2-4adc-8a7a-874043e961d1,First_Section,1,1,Unanswered,https://Assessment/Assessment/4475341c-75e7-4419-91bf-2105d0a65aba,OTAuto02,b99df4a4-2bf5-4c08-9483-bd636470bc11,b99df4a4-2bf5-4c08-9483-bd636470bc11
50bc0d2b-7ba8-4c39-9e8f-1bc10cd66a8e,Assessment_For_On_submission_19032026_parent_1,199,ed8b54680ea69821797cfc438714c531,0,0,,text,Q1,299b9749-5041-4666-83b2-5237d238fb2b,299b9749-5041-4666-83b2-5237d238fb2b,YESNO,bc3822b5-f7fb-4469-b1e6-b98c63e6b50a,First_Section,1,1,Answered,https://Assessment/Assessment/50bc0d2b-7ba8-4c39-9e8f-1bc10cd66a8e,OTAuto02,b99df4a4-2bf5-4c08-9483-bd636470bc11,b99df4a4-2bf5-4c08-9483-bd636470bc11
666960b7-f018-4b61-bb19-271cc1e51c8c,assessment_1174_19032026,169,0789980350f3abc98828ab9e01c7ada7,0,0,,text,Q3?,024a8386-d136-45cc-af15-9b8ae4b64b91,024a8386-d136-45cc-af15-9b8ae4b64b91,TEXTBOX,edae2f57-3b93-4764-b915-1a0a04dfee97,Section_1,1,3,Answered,https://Assessment/Assessment/666960b7-f018-4b61-bb19-271cc1e51c8c,OTAuto02,b99df4a4-2bf5-4c08-9483-bd636470bc11,b99df4a4-2bf5-4c08-9483-bd636470bc11
666960b7-f018-4b61-bb19-271cc1e51c8c,assessment_1174_19032026,169,b4a74a137fe7abb95db94d41fc04fe9c,0,0,,text,Vendor_question_01_19032026,4ff996ba-162c-4d07-b759-50e3aa0e37fd,4ff996ba-162c-4d07-b759-50e3aa0e37fd,INVENTORY,edae2f57-3b93-4764-b915-1a0a04dfee97,Section_1,1,6,Unanswered,https://Assessment/Assessment/666960b7-f018-4b61-bb19-271cc1e51c8c,OTAuto02,b99df4a4-2bf5-4c08-9483-bd636470bc11,b99df4a4-2bf5-4c08-9483-bd636470bc11
80aa76fc-37ef-4c15-bca8-ee510dc53262,Automated_Assessment_4740_02_19032026,159,5ea2e419adf08e4eeb47ae80fd938fb6,0,0,,text,How and where will the data be stored?,2bfbacee-966a-448d-aa3f-81b4a66998c3,2bfbacee-966a-448d-aa3f-81b4a66998c3,TEXTBOX,4f028e64-1689-4cfd-aecb-b9a7269f3d2b,First_Section,1,1,Answered,https://Assessment/Assessment/80aa76fc-37ef-4c15-bca8-ee510dc53262,OTAuto02,b99df4a4-2bf5-4c08-9483-bd636470bc11,b99df4a4-2bf5-4c08-9483-bd636470bc11
b13d7078-950b-48a2-b1ea-d3508f8c829c,Automated_Assessment_7220670,182,b08ed6b42fd53927b5143bb5caa8fe85,0,0,,datetime,Q3,8b8fbb81-fafe-45b4-8f0a-550871ae0e53,8b8fbb81-fafe-45b4-8f0a-550871ae0e53,DATE,ebc3e999-c3dd-4cb1-84a4-3f7fe1005836,First_Section,1,3,Answered,https://Assessment/Assessment/b13d7078-950b-48a2-b1ea-d3508f8c829c,OTAuto02,b99df4a4-2bf5-4c08-9483-bd636470bc11,b99df4a4-2bf5-4c08-9483-bd636470bc11
b13d7078-950b-48a2-b1ea-d3508f8c829c,Automated_Assessment_7220670,182,fbd437519f2280bd8e12526abacbec9f,0,0,,text,Will the data be stored?,f8eef628-29b4-472d-9a06-675b0dac8d7c,f8eef628-29b4-472d-9a06-675b0dac8d7c,YESNO,ebc3e999-c3dd-4cb1-84a4-3f7fe1005836,First_Section,1,4,Answered,https://Assessment/Assessment/b13d7078-950b-48a2-b1ea-d3508f8c829c,OTAuto02,b99df4a4-2bf5-4c08-9483-bd636470bc11,b99df4a4-2bf5-4c08-9483-bd636470bc11
b13d7078-950b-48a2-b1ea-d3508f8c829c,Automated_Assessment_7220670,182,199389f8a6d45f0915e9c4dba2c8d000,0,0,,datetime,Q5,162d421c-5782-4a2b-8f51-f0a15938264d,162d421c-5782-4a2b-8f51-f0a15938264d,DATE,ebc3e999-c3dd-4cb1-84a4-3f7fe1005836,First_Section,1,6,Answered,https://Assessment/Assessment/b13d7078-950b-48a2-b1ea-d3508f8c829c,OTAuto02,b99df4a4-2bf5-4c08-9483-bd636470bc11,b99df4a4-2bf5-4c08-9483-bd636470bc11
b68c9508-6a6a-4d7f-bb19-0cdfb6d0dd36,Automated_Assessment_4740_01_19032026,157,e82afb39affaa280a9f1e1021276f38c,0,0,,text,How and where will the data be stored?,2bfbacee-966a-448d-aa3f-81b4a66998c3,2bfbacee-966a-448d-aa3f-81b4a66998c3,TEXTBOX,4f028e64-1689-4cfd-aecb-b9a7269f3d2b,First_Section,1,1,Answered,https://Assessment/Assessment/b68c9508-6a6a-4d7f-bb19-0cdfb6d0dd36,OTAuto02,b99df4a4-2bf5-4c08-9483-bd636470bc11,b99df4a4-2bf5-4c08-9483-bd636470bc11
13c56667-9c95-4465-9adb-24d9333a514d,Automated_Assessment_1_7220670,184,2e679981d85dfba703fe13b201dd6a8d,0,0,,datetime,Q5,162d421c-5782-4a2b-8f51-f0a15938264d,162d421c-5782-4a2b-8f51-f0a15938264d,DATE,ebc3e999-c3dd-4cb1-84a4-3f7fe1005836,First_Section,1,6,Unanswered,https://Assessment/Assessment/13c56667-9c95-4465-9adb-24d9333a514d,OTAuto02,b99df4a4-2bf5-4c08-9483-bd636470bc11,b99df4a4-2bf5-4c08-9483-bd636470bc11
289c632d-c9d0-49db-9f20-68ce1e69b9c1,Automated_Assessment_6412360,176,00c88ad0af1423b9eec319c522d50eac,0,0,,text,Where will the data be stored?,eb41170c-495d-485b-a359-ed33b52dd71f,eb41170c-495d-485b-a359-ed33b52dd71f,TEXTBOX,b2e0153e-58e0-4887-8ece-dc5508ab49a7,First_Section,1,1,Unanswered,https://Assessment/Assessment/289c632d-c9d0-49db-9f20-68ce1e69b9c1,OTAuto02,b99df4a4-2bf5-4c08-9483-bd636470bc11,b99df4a4-2bf5-4c08-9483-bd636470bc11
4475341c-75e7-4419-91bf-2105d0a65aba,Assessment_Auto_1_1291_19032026,153,05811c69c0c817c7710268519de843d8,0,0,,text,Q2,45bb9be5-75b6-4536-a0f3-2e6e21f11bf1,45bb9be5-75b6-4536-a0f3-2e6e21f11bf1,YESNO,e4a3fc2e-53e2-4adc-8a7a-874043e961d1,First_Section,1,2,Unanswered,https://Assessment/Assessment/4475341c-75e7-4419-91bf-2105d0a65aba,OTAuto02,b99df4a4-2bf5-4c08-9483-bd636470bc11,b99df4a4-2bf5-4c08-9483-bd636470bc11
6094581a-fb4a-4357-a63f-05d832a0dfe9,Assessment_Auto_2_1291_19032026,154,e70b4ad77fe527ce16d63b966f145d90,0,0,,text,Q3,0a9d3098-7067-4ed1-a0eb-284352bd7c63,0a9d3098-7067-4ed1-a0eb-284352bd7c63,YESNO,e4a3fc2e-53e2-4adc-8a7a-874043e961d1,First_Section,1,3,Unanswered,https://Assessment/Assessment/6094581a-fb4a-4357-a63f-05d832a0dfe9,OTAuto02,b99df4a4-2bf5-4c08-9483-bd636470bc11,b99df4a4-2bf5-4c08-9483-bd636470bc11
631930ed-0e89-4314-8237-1909bcb9fb6f,Risk_Assessment_7507_19032026,164,4e9ae3843a8dd6f37a3b51dae3fc6a2d,0,0,,text,New_Question_19032026,8a275713-9268-4274-9413-dc2239267065,8a275713-9268-4274-9413-dc2239267065,INVENTORY,53ea5697-f3e4-43f3-8183-5d224dc8e663,New_Section_19032026,1,1,Answered,https://Assessment/Assessment/631930ed-0e89-4314-8237-1909bcb9fb6f,OTAuto02,b99df4a4-2bf5-4c08-9483-bd636470bc11,b99df4a4-2bf5-4c08-9483-bd636470bc11
666960b7-f018-4b61-bb19-271cc1e51c8c,assessment_1174_19032026,169,bdb68bb85cdf0bcb0be3f07382e33168,0,0,,text,Q1?,39d67e7e-6169-4d4c-965a-96b9019e21ef,39d67e7e-6169-4d4c-965a-96b9019e21ef,MULTICHOICE,edae2f57-3b93-4764-b915-1a0a04dfee97,Section_1,1,2,Answered,https://Assessment/Assessment/666960b7-f018-4b61-bb19-271cc1e51c8c,OTAuto02,b99df4a4-2bf5-4c08-9483-bd636470bc11,b99df4a4-2bf5-4c08-9483-bd636470bc11
666960b7-f018-4b61-bb19-271cc1e51c8c,assessment_1174_19032026,169,0d03b08bf0797543f18e548dd557d2f9,0,0,,datetime,Q5,b6f9a0d2-bcff-406a-b5ce-c5b6242a87bf,b6f9a0d2-bcff-406a-b5ce-c5b6242a87bf,DATE,edae2f57-3b93-4764-b915-1a0a04dfee97,Section_1,1,7,Answered,https://Assessment/Assessment/666960b7-f018-4b61-bb19-271cc1e51c8c,OTAuto02,b99df4a4-2bf5-4c08-9483-bd636470bc11,b99df4a4-2bf5-4c08-9483-bd636470bc11
7afe55bc-caa0-4fc9-9d80-0d5fe19d7a95,asset_1170_19032026,174,a31923ac42ee57f088c4f9f210c1d92e,0,0,,text,vendors_question_19032026,79c9a6df-b2af-499e-aee2-70a07b2bdb43,79c9a6df-b2af-499e-aee2-70a07b2bdb43,INVENTORY,62b4340e-57e8-495c-9a4a-0de628ed653c,Project description and scope,1,3,Answered,https://Assessment/Assessment/7afe55bc-caa0-4fc9-9d80-0d5fe19d7a95,OTAuto02,b99df4a4-2bf5-4c08-9483-bd636470bc11,b99df4a4-2bf5-4c08-9483-bd636470bc11
a8af9cb0-7942-4e1a-82d4-59505ada9723,assessment_43465_9547758,175,a15a2cebc4b19da8faa17038eadc662c,0,0,,text,Does this initiative build off or work with a currently ongoing initiative?,3d49da86-674e-49d9-84f5-108b5bed4029,3d49da86-674e-49d9-84f5-108b5bed4029,INVENTORY,29bbd586-c10f-4fb8-8d0b-6b34fad0eb91,Project description and scope,1,1,Answered,https://Assessment/Assessment/a8af9cb0-7942-4e1a-82d4-59505ada9723,OTAuto02,b99df4a4-2bf5-4c08-9483-bd636470bc11,b99df4a4-2bf5-4c08-9483-bd636470bc11
2058af04-4da2-471c-b00b-fbf9544dd54d,Automated_Assessment_68691_3010920,177,73595e7d6ae7f50ae3cd53e42d7b5f66,0,0,,text,attribute_68691_3010920,ce1c9ccb-f660-42b6-be74-7f256df871f7,ce1c9ccb-f660-42b6-be74-7f256df871f7,ATTRIBUTE,56601534-c4b5-4479-b982-69dfdef1a593,First_section,1,4,Unanswered,https://Assessment/Assessment/2058af04-4da2-471c-b00b-fbf9544dd54d,OTAuto02,b99df4a4-2bf5-4c08-9483-bd636470bc11,b99df4a4-2bf5-4c08-9483-bd636470bc11
4ef5eb71-4c58-474d-808d-5664dc3b943e,Automated_Assessment1_6106297,181,3b2631e3ee6f300b01d8dde6c7d83294,0,0,,text,How and where will the data be stored?,a017a5cb-b450-459b-88a6-23a589be30a0,a017a5cb-b450-459b-88a6-23a589be30a0,YESNO,ae30f61d-6b0f-4e56-ad92-d47ef7be1dfa,Project description and scope,1,1,Unanswered,https://Assessment/Assessment/4ef5eb71-4c58-474d-808d-5664dc3b943e,OTAuto02,b99df4a4-2bf5-4c08-9483-bd636470bc11,b99df4a4-2bf5-4c08-9483-bd636470bc11
7576b6e8-8c0b-4afa-a8b1-bec681661653,Assessment_8167495,123,fa8f442f1a86a0a9a309549b8e78c8ef,0,0,,text,Text Q,0261d98a-a698-4fab-a6ab-5eb0dc092660,0261d98a-a698-4fab-a6ab-5eb0dc092660,TEXTBOX,503ce1b2-0afd-488b-b6d0-d2ed19e3e05f,Basic Section,1,2,Answered,https://Assessment/Assessment/7576b6e8-8c0b-4afa-a8b1-bec681661653,OTAuto02,b99df4a4-2bf5-4c08-9483-bd636470bc11,b99df4a4-2bf5-4c08-9483-bd636470bc11
9e7eeede-33d3-459b-aa87-e559e951dca7,assessment_42255_9601015,138,f3f5cd6a82482da2884c16b7e8574ad2,0,0,,text,Does this initiative build off or work with a currently ongoing initiative?,f7d42999-2105-4194-9926-2a0480114ecb,f7d42999-2105-4194-9926-2a0480114ecb,INVENTORY,29a3d22d-4a25-4b5f-8a56-7c951f0052f1,Project description and scope,1,1,Unanswered,https://Assessment/Assessment/9e7eeede-33d3-459b-aa87-e559e951dca7,OTAuto02,b99df4a4-2bf5-4c08-9483-bd636470bc11,b99df4a4-2bf5-4c08-9483-bd636470bc11
c8c2986e-f8c3-45cc-ba8d-e5a812adc5b7,Assessment_Auto_2_97766_19032026,134,9a10d2ec88b05fbe46bd32c8dddb31b3,0,0,,text,Q1,6ad9ea09-b022-4ea5-8d63-bbcdf8b6b246,6ad9ea09-b022-4ea5-8d63-bbcdf8b6b246,TEXTBOX,17a22e5c-6efa-47bb-9a91-8691b632d3ef,First_Section,1,1,Unanswered,https://Assessment/Assessment/c8c2986e-f8c3-45cc-ba8d-e5a812adc5b7,OTAuto02,b99df4a4-2bf5-4c08-9483-bd636470bc11,b99df4a4-2bf5-4c08-9483-bd636470bc11
c8c2986e-f8c3-45cc-ba8d-e5a812adc5b7,Assessment_Auto_2_97766_19032026,134,5c73811cf435c3c551d37c3985ac73f7,0,0,,text,Q3,7528f004-9f16-4308-a566-139226358f04,7528f004-9f16-4308-a566-139226358f04,YESNO,17a22e5c-6efa-47bb-9a91-8691b632d3ef,First_Section,1,3,Unanswered,https://Assessment/Assessment/c8c2986e-f8c3-45cc-ba8d-e5a812adc5b7,OTAuto02,b99df4a4-2bf5-4c08-9483-bd636470bc11,b99df4a4-2bf5-4c08-9483-bd636470bc11
f11dc346-787e-46eb-b65c-01b9ae37b2e4,Automated_Assessment_2956184,140,18271d8235cc3b258f3650a9933b8cc1,0,0,,text,Q1,37e4e328-85f7-4102-a8d0-fe4a769b2325,37e4e328-85f7-4102-a8d0-fe4a769b2325,INVENTORY,b9e308f7-a333-4ebe-9a94-e6cd62eb23e7,Section_1,1,1,Answered,https://Assessment/Assessment/f11dc346-787e-46eb-b65c-01b9ae37b2e4,OTAuto02,b99df4a4-2bf5-4c08-9483-bd636470bc11,b99df4a4-2bf5-4c08-9483-bd636470bc11
f11dc346-787e-46eb-b65c-01b9ae37b2e4,Automated_Assessment_2956184,140,655db6b91b00e74043c31e27e34709f8,0,0,,text,attribute_nss1_2956184,7dd0b999-fd54-49f3-8c51-2f334cfe68dd,7dd0b999-fd54-49f3-8c51-2f334cfe68dd,ATTRIBUTE,b9e308f7-a333-4ebe-9a94-e6cd62eb23e7,Section_1,1,4,Answered,https://Assessment/Assessment/f11dc346-787e-46eb-b65c-01b9ae37b2e4,OTAuto02,b99df4a4-2bf5-4c08-9483-bd636470bc11,b99df4a4-2bf5-4c08-9483-bd636470bc11
f3346d4d-6130-43fc-8d31-91e790220867,assessmentExportResponses_1128_19032026,143,f9ac2fc17f2d4a8750b3faf2617f2f46,0,0,,text,Text Q,e6e7a130-54c6-49c5-84a1-c9a4acf94dc3,e6e7a130-54c6-49c5-84a1-c9a4acf94dc3,TEXTBOX,b6f6fe6d-8e1d-4b23-b504-09187a7893db,First_Section,1,3,Answered,https://Assessment/Assessment/f3346d4d-6130-43fc-8d31-91e790220867,OTAuto02,b99df4a4-2bf5-4c08-9483-bd636470bc11,b99df4a4-2bf5-4c08-9483-bd636470bc11
174c4ba5-0321-4add-b5d1-2bd8a92ed1eb,a_Assessment_7626_19032026,161,aaf0692461b421ef3f7d412be91a8838,0,0,,text,text_19032026,d90f0a11-23e4-4e85-b7c3-61a9ac0c8249,d90f0a11-23e4-4e85-b7c3-61a9ac0c8249,TEXTBOX,0343e32c-5088-4841-9ab0-d4a6527538dc,First_Section,1,2,Unanswered,https://Assessment/Assessment/174c4ba5-0321-4add-b5d1-2bd8a92ed1eb,OTAuto02,b99df4a4-2bf5-4c08-9483-bd636470bc11,b99df4a4-2bf5-4c08-9483-bd636470bc11
2058af04-4da2-471c-b00b-fbf9544dd54d,Automated_Assessment_68691_3010920,177,fae149961700cab28e6e393c3dee92c7,0,0,,text,yes_no_question,d705da41-4fd2-44ff-be34-51af7b5e9364,d705da41-4fd2-44ff-be34-51af7b5e9364,YESNO,56601534-c4b5-4479-b982-69dfdef1a593,First_section,1,1,Answered,https://Assessment/Assessment/2058af04-4da2-471c-b00b-fbf9544dd54d,OTAuto02,b99df4a4-2bf5-4c08-9483-bd636470bc11,b99df4a4-2bf5-4c08-9483-bd636470bc11
2423eb43-5245-403e-a38d-87a77e7b4a02,Assessment_Auto_1_97766_19032026,132,71c795755e4f535a65679aa7bb94adc4,0,0,,text,Q1,6ad9ea09-b022-4ea5-8d63-bbcdf8b6b246,6ad9ea09-b022-4ea5-8d63-bbcdf8b6b246,TEXTBOX,17a22e5c-6efa-47bb-9a91-8691b632d3ef,First_Section,1,1,Unanswered,https://Assessment/Assessment/2423eb43-5245-403e-a38d-87a77e7b4a02,OTAuto02,b99df4a4-2bf5-4c08-9483-bd636470bc11,b99df4a4-2bf5-4c08-9483-bd636470bc11
6094581a-fb4a-4357-a63f-05d832a0dfe9,Assessment_Auto_2_1291_19032026,154,0bf2e272eb64a6dc3f86b53ebf872737,0,0,,text,Q2,45bb9be5-75b6-4536-a0f3-2e6e21f11bf1,45bb9be5-75b6-4536-a0f3-2e6e21f11bf1,YESNO,e4a3fc2e-53e2-4adc-8a7a-874043e961d1,First_Section,1,2,Answered,https://Assessment/Assessment/6094581a-fb4a-4357-a63f-05d832a0dfe9,OTAuto02,b99df4a4-2bf5-4c08-9483-bd636470bc11,b99df4a4-2bf5-4c08-9483-bd636470bc11
6b3e2e72-284e-4fe3-86af-2b82058725aa,B_Assessment_7626_19032026,162,1a7823d8b1e33c60ccec730d82a5d92b,0,0,,text,text_19032026,d90f0a11-23e4-4e85-b7c3-61a9ac0c8249,d90f0a11-23e4-4e85-b7c3-61a9ac0c8249,TEXTBOX,0343e32c-5088-4841-9ab0-d4a6527538dc,First_Section,1,2,Unanswered,https://Assessment/Assessment/6b3e2e72-284e-4fe3-86af-2b82058725aa,OTAuto02,b99df4a4-2bf5-4c08-9483-bd636470bc11,b99df4a4-2bf5-4c08-9483-bd636470bc11
8a7e6096-691a-44e7-9be5-2240178e20b3,Automated_Assessment_2013_9848743,172,67cd56be03c9ea36badb8358647a2c64,0,0,,text,How and where will the data be stored?,e8d99db3-b6ed-4f13-88d8-a7e95b63f0a0,e8d99db3-b6ed-4f13-88d8-a7e95b63f0a0,YESNO,80673b33-ee6f-481f-9e06-99c1f334af92,First_Section,1,1,Answered,https://Assessment/Assessment/8a7e6096-691a-44e7-9be5-2240178e20b3,OTAuto02,b99df4a4-2bf5-4c08-9483-bd636470bc11,b99df4a4-2bf5-4c08-9483-bd636470bc11
b13d7078-950b-48a2-b1ea-d3508f8c829c,Automated_Assessment_7220670,182,f610779f92603093bbc7678b66df9e1c,0,0,,text,Q2,837c3d7d-895d-4ccb-9731-eb9cce55f8de,837c3d7d-895d-4ccb-9731-eb9cce55f8de,YESNO,ebc3e999-c3dd-4cb1-84a4-3f7fe1005836,First_Section,1,2,Answered,https://Assessment/Assessment/b13d7078-950b-48a2-b1ea-d3508f8c829c,OTAuto02,b99df4a4-2bf5-4c08-9483-bd636470bc11,b99df4a4-2bf5-4c08-9483-bd636470bc11
f11dc346-787e-46eb-b65c-01b9ae37b2e4,Automated_Assessment_2956184,140,3a97e63126a0054f989c00d603bab1e2,0,0,,text,attribute_numerical_text_2956184,92abe7ca-38d6-4cbc-a26c-886bcce5774b,92abe7ca-38d6-4cbc-a26c-886bcce5774b,ATTRIBUTE,b9e308f7-a333-4ebe-9a94-e6cd62eb23e7,Section_1,1,2,Answered,https://Assessment/Assessment/f11dc346-787e-46eb-b65c-01b9ae37b2e4,OTAuto02,b99df4a4-2bf5-4c08-9483-bd636470bc11,b99df4a4-2bf5-4c08-9483-bd636470bc11
f3346d4d-6130-43fc-8d31-91e790220867,assessmentExportResponses_1128_19032026,143,0279e964f9ea9a8c7bf792069da6c453,0,0,,text,asset_attribute_1128_single_19032026,6c45e6be-2afe-40ea-9f47-66a0c3ec62e2,6c45e6be-2afe-40ea-9f47-66a0c3ec62e2,ATTRIBUTE,b6f6fe6d-8e1d-4b23-b504-09187a7893db,First_Section,1,5,Skipped,https://Assessment/Assessment/f3346d4d-6130-43fc-8d31-91e790220867,OTAuto02,b99df4a4-2bf5-4c08-9483-bd636470bc11,b99df4a4-2bf5-4c08-9483-bd636470bc11
70e8a277-b999-44ef-818f-1cbea7cede85,assessment_41816_1_19032026,205,029f4bd02ee89b9482cf258aeeb592d5,0,0,,text,Does this initiative build off or work with a currently ongoing initiative?,f0c5ecb0-d607-4c98-bb00-f3f73d63c6a5,f0c5ecb0-d607-4c98-bb00-f3f73d63c6a5,INVENTORY,b32e4ec3-1d3c-4bfe-9c73-e7cdaec52b2b,Project description and scope,1,1,Unanswered,https://Assessment/Assessment/70e8a277-b999-44ef-818f-1cbea7cede85,OTAuto02,b99df4a4-2bf5-4c08-9483-bd636470bc11,b99df4a4-2bf5-4c08-9483-bd636470bc11
dc34ad1f-0fdd-4de3-b52d-14c6dd901e2d,automation_assessment_427362,217,2bc0ae398cd4b5f3a832923489ac0e78,0,0,,text,nt_427362,260652d4-e0ba-4c28-8ac2-b0059cd10082,260652d4-e0ba-4c28-8ac2-b0059cd10082,ATTRIBUTE,4c51f94b-f5b6-47ce-87f1-f32042bf89d0,Section One,1,2,Unanswered,https://Assessment/Assessment/dc34ad1f-0fdd-4de3-b52d-14c6dd901e2d,OTAuto02,b99df4a4-2bf5-4c08-9483-bd636470bc11,b99df4a4-2bf5-4c08-9483-bd636470bc11
5e6f7263-2537-4a0b-add2-f7e48f8f79fd,Automated_Assessment_4833223,206,4baaa4f6c31f2edee7e774501d45b827,0,0,,text,Q1?,778942f2-5318-4418-85c2-3af75545374e,778942f2-5318-4418-85c2-3af75545374e,YESNO,d831eed4-7b87-4277-92c5-d3371aafe649,First_Section,1,1,Unanswered,https://Assessment/Assessment/5e6f7263-2537-4a0b-add2-f7e48f8f79fd,OTAuto02,b99df4a4-2bf5-4c08-9483-bd636470bc11,b99df4a4-2bf5-4c08-9483-bd636470bc11
a0448273-5939-4b49-b09e-579b41425ea0,automated_assessment_19032026,224,0db1117ad59a3403f487c81774ed130a,0,0,,text,Text Q,c2d0e402-b586-435a-8864-74a8a6709bed,c2d0e402-b586-435a-8864-74a8a6709bed,TEXTBOX,432d3c46-bcce-4ca5-aa34-9d6176b1ce33,First_Section,1,1,Unanswered,https://Assessment/Assessment/a0448273-5939-4b49-b09e-579b41425ea0,OTAuto02,b99df4a4-2bf5-4c08-9483-bd636470bc11,b99df4a4-2bf5-4c08-9483-bd636470bc11
7fd579fa-a276-41f9-8021-d8814594df55,assessmentExportResponses_8626755,221,3b5354b23624d80fde44095d154138d7,0,0,,text,attribute_2_8626755,88adf89b-d254-49f0-96f3-ab2efa18c0a6,88adf89b-d254-49f0-96f3-ab2efa18c0a6,ATTRIBUTE,0c8b1057-e81a-49b4-b6da-4cc4d7998cfe,First_Section,1,3,Skipped,https://Assessment/Assessment/7fd579fa-a276-41f9-8021-d8814594df55,OTAuto02,b99df4a4-2bf5-4c08-9483-bd636470bc11,b99df4a4-2bf5-4c08-9483-bd636470bc11
90a95a38-ee34-4e84-9cfa-ca130a95be36,Assessment_For_On_submission_19032026_parent_2 - Template_19032026_child,203,0b67fa23cbcd6656f78c72f72015f877,0,0,,text,How and where will the data be stored?,770da8d5-1d7b-4e54-9d42-104b17bfb8ea,770da8d5-1d7b-4e54-9d42-104b17bfb8ea,TEXTBOX,5c556d99-7b22-476e-98fa-65359447382e,Project description and scope,1,1,Unanswered,https://Assessment/Assessment/90a95a38-ee34-4e84-9cfa-ca130a95be36,OTAuto02,b99df4a4-2bf5-4c08-9483-bd636470bc11,b99df4a4-2bf5-4c08-9483-bd636470bc11
de54d0e6-b295-46ac-9d8c-b8d3c07e5b76,Assessment_1210_19032026,208,c8ffbe332eb5d28f4d9a0fe7a1ff2575,0,0,,text,Question_1210?,e2759960-2a94-4754-b181-a55e11f4b693,e2759960-2a94-4754-b181-a55e11f4b693,YESNO,55df6b9a-e62b-439b-a970-d66ac149ba24,Section_1210,1,1,Unanswered,https://Assessment/Assessment/de54d0e6-b295-46ac-9d8c-b8d3c07e5b76,OTAuto02,b99df4a4-2bf5-4c08-9483-bd636470bc11,b99df4a4-2bf5-4c08-9483-bd636470bc11
5bfc2716-30c9-4d2e-aff2-26d1a509b155,automation_assessment_8792312,228,e85c1514f8a3a2e9eaaf468db3484dcc,0,0,,text,Does this initiative build off or work with a currently ongoing initiative?,2fd536f6-329a-4b97-869c-77fffe10d5a0,2fd536f6-329a-4b97-869c-77fffe10d5a0,TEXTBOX,edb549f7-4371-4773-8d2d-958edfe4829b,Project description and scope,1,1,Unanswered,https://Assessment/Assessment/5bfc2716-30c9-4d2e-aff2-26d1a509b155,OTAuto02,b99df4a4-2bf5-4c08-9483-bd636470bc11,b99df4a4-2bf5-4c08-9483-bd636470bc11
dc34ad1f-0fdd-4de3-b52d-14c6dd901e2d,automation_assessment_427362,217,623cecc9a9e2cdbc9f1d660d9b3f4b53,0,0,,text,inventory_2 question?,14bf0c69-1bf4-4c4b-8a74-cdd55f0f4d1a,14bf0c69-1bf4-4c4b-8a74-cdd55f0f4d1a,INVENTORY,4c51f94b-f5b6-47ce-87f1-f32042bf89d0,Section One,1,5,Unanswered,https://Assessment/Assessment/dc34ad1f-0fdd-4de3-b52d-14c6dd901e2d,OTAuto02,b99df4a4-2bf5-4c08-9483-bd636470bc11,b99df4a4-2bf5-4c08-9483-bd636470bc11
55e3e7e0-486d-478c-aa1c-a386dffec88d,automation_project_36427_19032026,207,e43de928bd20f4251880d0c60b70f927,0,0,,text,Does this initiative build off or work with a currently ongoing initiative?,db9e9e1d-09f4-4b6e-9ff2-4bfffd95d6e0,db9e9e1d-09f4-4b6e-9ff2-4bfffd95d6e0,INVENTORY,07561d05-a77c-411f-830e-77fca1634d26,First_Section,1,1,Answered,https://Assessment/Assessment/55e3e7e0-486d-478c-aa1c-a386dffec88d,OTAuto02,b99df4a4-2bf5-4c08-9483-bd636470bc11,b99df4a4-2bf5-4c08-9483-bd636470bc11
4dcf7f27-4cac-49fa-a923-fa94d69852a6,automation_project_42837_150703,183,49be6c28dca4eaf3b3552727a8b7e484,0,0,,text,Does this initiative build off or work with a currently ongoing initiative?,2b6d675d-bd7a-4650-b898-9e07dc661d9e,2b6d675d-bd7a-4650-b898-9e07dc661d9e,INVENTORY,577ebb36-cf0f-4011-9600-bec7f62d2a5d,Project description and scope,1,1,Answered,https://Assessment/Assessment/4dcf7f27-4cac-49fa-a923-fa94d69852a6,OTAuto02,b99df4a4-2bf5-4c08-9483-bd636470bc11,b99df4a4-2bf5-4c08-9483-bd636470bc11
6c7a82b8-d133-4e18-bd2a-5c547632ee49,Automated_Shared_Assessment_7204018,220,f995ad31364b3386ec012a96cd3f186f,0,0,,text,How and where will the data be stored?,f1b11477-4882-4c7a-a60d-100ee2561709,f1b11477-4882-4c7a-a60d-100ee2561709,YESNO,e99befce-cb88-4de0-9bc9-00181d8ed1e3,Project description and scope,1,1,Answered,https://Assessment/Assessment/6c7a82b8-d133-4e18-bd2a-5c547632ee49,OTAuto02,b99df4a4-2bf5-4c08-9483-bd636470bc11,b99df4a4-2bf5-4c08-9483-bd636470bc11
dc34ad1f-0fdd-4de3-b52d-14c6dd901e2d,automation_assessment_427362,217,095fa8e49f149fcb098e1a58a354615e,0,0,,text,inventory_1 question?,0cead044-e6f7-4559-8b36-8ea97e1c664d,0cead044-e6f7-4559-8b36-8ea97e1c664d,INVENTORY,4c51f94b-f5b6-47ce-87f1-f32042bf89d0,Section One,1,1,Answered,https://Assessment/Assessment/dc34ad1f-0fdd-4de3-b52d-14c6dd901e2d,OTAuto02,b99df4a4-2bf5-4c08-9483-bd636470bc11,b99df4a4-2bf5-4c08-9483-bd636470bc11
dc34ad1f-0fdd-4de3-b52d-14c6dd901e2d,automation_assessment_427362,217,29564a81c068507eaf9a4ff6ba7e2a8b,0,0,,text,nss_427362,0ad1464c-76e1-4ea3-addf-58ad616bebcf,0ad1464c-76e1-4ea3-addf-58ad616bebcf,ATTRIBUTE,4c51f94b-f5b6-47ce-87f1-f32042bf89d0,Section One,1,3,Answered,https://Assessment/Assessment/dc34ad1f-0fdd-4de3-b52d-14c6dd901e2d,OTAuto02,b99df4a4-2bf5-4c08-9483-bd636470bc11,b99df4a4-2bf5-4c08-9483-bd636470bc11
c6991e13-5357-47aa-bc59-4f54b4ddc007,Automated_Assessment_7608_19032026,213,aa948bdf4d22f2fe093f262032477a25,0,0,,text,Hosting Provider,29ee3a46-d76c-47fc-8654-711e22f6343e,29ee3a46-d76c-47fc-8654-711e22f6343e,ATTRIBUTE,6d832b02-0403-4fa3-a68e-15ca1a8a2d7a,Section_1,1,2,Answered,https://Assessment/Assessment/c6991e13-5357-47aa-bc59-4f54b4ddc007,OTAuto02,b99df4a4-2bf5-4c08-9483-bd636470bc11,b99df4a4-2bf5-4c08-9483-bd636470bc11
fb5da29d-c149-4761-9d4d-c31f9022b8b1,Assessment_1210_2_19032026,209,0da1f8a18eed5be6542f6b3b893a7554,0,0,,text,Question_1210?,e2759960-2a94-4754-b181-a55e11f4b693,e2759960-2a94-4754-b181-a55e11f4b693,YESNO,55df6b9a-e62b-439b-a970-d66ac149ba24,Section_1210,1,1,Unanswered,https://Assessment/Assessment/fb5da29d-c149-4761-9d4d-c31f9022b8b1,OTAuto02,b99df4a4-2bf5-4c08-9483-bd636470bc11,b99df4a4-2bf5-4c08-9483-bd636470bc11
32fff418-5f3f-44b8-9de8-465407932610,automation_project_42830_227065,216,589d7d6b569b08cc7cad95226f371976,0,0,,text,Does this initiative build off or work with a currently ongoing initiative?,4695765b-2a54-4b87-8acc-0990d73092bf,4695765b-2a54-4b87-8acc-0990d73092bf,INVENTORY,975727ed-07aa-4ded-b973-59dac659533f,Project description and scope,1,1,Answered,https://Assessment/Assessment/32fff418-5f3f-44b8-9de8-465407932610,OTAuto02,b99df4a4-2bf5-4c08-9483-bd636470bc11,b99df4a4-2bf5-4c08-9483-bd636470bc11
dc34ad1f-0fdd-4de3-b52d-14c6dd901e2d,automation_assessment_427362,217,e868c8f5fdb7ab0f403622b62dd19384,0,0,,text,inventory2_numerical_text question?,f9915281-0a9e-4079-81fa-54d1848133a2,f9915281-0a9e-4079-81fa-54d1848133a2,ATTRIBUTE,4c51f94b-f5b6-47ce-87f1-f32042bf89d0,Section One,1,6,Skipped,https://Assessment/Assessment/dc34ad1f-0fdd-4de3-b52d-14c6dd901e2d,OTAuto02,b99df4a4-2bf5-4c08-9483-bd636470bc11,b99df4a4-2bf5-4c08-9483-bd636470bc11
55e3e7e0-486d-478c-aa1c-a386dffec88d,automation_project_36427_19032026,207,6ea366f62f16ee4e6cccb0bf99f4acb1,0,0,,text,Hosting Location,5ed76829-4d24-4ca9-bca1-82f822d72793,5ed76829-4d24-4ca9-bca1-82f822d72793,ATTRIBUTE,07561d05-a77c-411f-830e-77fca1634d26,First_Section,1,2,Answered,https://Assessment/Assessment/55e3e7e0-486d-478c-aa1c-a386dffec88d,OTAuto02,b99df4a4-2bf5-4c08-9483-bd636470bc11,b99df4a4-2bf5-4c08-9483-bd636470bc11
5e6f7263-2537-4a0b-add2-f7e48f8f79fd,Automated_Assessment_4833223,206,7add78d6cf7225a5f6a8e1e075f4209c,0,0,,text,Text Q,8857598b-d80a-4043-9784-696ca272f16d,8857598b-d80a-4043-9784-696ca272f16d,TEXTBOX,d831eed4-7b87-4277-92c5-d3371aafe649,First_Section,1,2,Skipped,https://Assessment/Assessment/5e6f7263-2537-4a0b-add2-f7e48f8f79fd,OTAuto02,b99df4a4-2bf5-4c08-9483-bd636470bc11,b99df4a4-2bf5-4c08-9483-bd636470bc11
5e6f7263-2537-4a0b-add2-f7e48f8f79fd,Automated_Assessment_4833223,206,c9441882fd7e26a00e66973e58d90537,0,0,,text,Business owner,3d6518a8-c73c-4345-932e-b40885c02a38,3d6518a8-c73c-4345-932e-b40885c02a38,ATTRIBUTE,d831eed4-7b87-4277-92c5-d3371aafe649,First_Section,1,4,Skipped,https://Assessment/Assessment/5e6f7263-2537-4a0b-add2-f7e48f8f79fd,OTAuto02,b99df4a4-2bf5-4c08-9483-bd636470bc11,b99df4a4-2bf5-4c08-9483-bd636470bc11
a0448273-5939-4b49-b09e-579b41425ea0,automated_assessment_19032026,224,73926e500eab353ef7a4270bf93a81ec,0,0,,text,Statement Q?,5465bff6-fcf8-4c38-9bde-39d46372eb44,5465bff6-fcf8-4c38-9bde-39d46372eb44,STATEMENT,432d3c46-bcce-4ca5-aa34-9d6176b1ce33,First_Section,1,2,Unanswered,https://Assessment/Assessment/a0448273-5939-4b49-b09e-579b41425ea0,OTAuto02,b99df4a4-2bf5-4c08-9483-bd636470bc11,b99df4a4-2bf5-4c08-9483-bd636470bc11
c6991e13-5357-47aa-bc59-4f54b4ddc007,Automated_Assessment_7608_19032026,213,f5a1f65a2d735d6748189e4da05ca94b,0,0,,text,asset_question_19032026,2df620d6-d8c0-45d5-9e17-bc7840ab7774,2df620d6-d8c0-45d5-9e17-bc7840ab7774,INVENTORY,6d832b02-0403-4fa3-a68e-15ca1a8a2d7a,Section_1,1,1,Answered,https://Assessment/Assessment/c6991e13-5357-47aa-bc59-4f54b4ddc007,OTAuto02,b99df4a4-2bf5-4c08-9483-bd636470bc11,b99df4a4-2bf5-4c08-9483-bd636470bc11
7d5fd8a3-9877-4599-9e4f-8edf8da0b0f4,Assessment_AA53512_19032026,215,5a4a0cd2d23e908d98d5b8bca2d6fff1,0,0,,text,Q1,ef73c371-cef3-4da1-aaac-d9638c83bbad,ef73c371-cef3-4da1-aaac-d9638c83bbad,YESNO,aaf9e8e7-ad7b-411e-8558-3e514b4b8acd,S1,1,1,Answered,https://Assessment/Assessment/7d5fd8a3-9877-4599-9e4f-8edf8da0b0f4,OTAuto02,b99df4a4-2bf5-4c08-9483-bd636470bc11,b99df4a4-2bf5-4c08-9483-bd636470bc11
6904e905-29f4-4dce-a4eb-9e4f5e8b3709,Assessment_For_On_submission_19032026_parent_2,201,28e4d52917792f2fd734e0d7ba2f7c7c,0,0,,text,Q1,299b9749-5041-4666-83b2-5237d238fb2b,299b9749-5041-4666-83b2-5237d238fb2b,YESNO,bc3822b5-f7fb-4469-b1e6-b98c63e6b50a,First_Section,1,1,Answered,https://Assessment/Assessment/6904e905-29f4-4dce-a4eb-9e4f5e8b3709,OTAuto02,b99df4a4-2bf5-4c08-9483-bd636470bc11,b99df4a4-2bf5-4c08-9483-bd636470bc11
7fd579fa-a276-41f9-8021-d8814594df55,assessmentExportResponses_8626755,221,feeb7b92ec790315de79c9ca1d03be69,0,0,,text,asset_question_8626755,11b46902-298e-4098-ad43-0a20d19fd4fd,11b46902-298e-4098-ad43-0a20d19fd4fd,INVENTORY,0c8b1057-e81a-49b4-b6da-4cc4d7998cfe,First_Section,1,1,Unanswered,https://Assessment/Assessment/7fd579fa-a276-41f9-8021-d8814594df55,OTAuto02,b99df4a4-2bf5-4c08-9483-bd636470bc11,b99df4a4-2bf5-4c08-9483-bd636470bc11
70e8a277-b999-44ef-818f-1cbea7cede85,assessment_41816_1_19032026,205,9506516724125f262a86fdda5fb32db3,0,0,,text,Will the project require you to contact individuals in ways which they may find intrusive?,98654aa3-ec3c-43d5-b7e0-5ae133096b69,98654aa3-ec3c-43d5-b7e0-5ae133096b69,INVENTORY,b32e4ec3-1d3c-4bfe-9c73-e7cdaec52b2b,Project description and scope,1,2,Unanswered,https://Assessment/Assessment/70e8a277-b999-44ef-818f-1cbea7cede85,OTAuto02,b99df4a4-2bf5-4c08-9483-bd636470bc11,b99df4a4-2bf5-4c08-9483-bd636470bc11
dc34ad1f-0fdd-4de3-b52d-14c6dd901e2d,automation_assessment_427362,217,630c3907cefb3f1cda8163be1d61b486,0,0,,text,nss_noLabel_427362,e40efc3f-7cd1-44ff-973c-ef9b558e1aef,e40efc3f-7cd1-44ff-973c-ef9b558e1aef,ATTRIBUTE,4c51f94b-f5b6-47ce-87f1-f32042bf89d0,Section One,1,4,Answered,https://Assessment/Assessment/dc34ad1f-0fdd-4de3-b52d-14c6dd901e2d,OTAuto02,b99df4a4-2bf5-4c08-9483-bd636470bc11,b99df4a4-2bf5-4c08-9483-bd636470bc11
dc34ad1f-0fdd-4de3-b52d-14c6dd901e2d,automation_assessment_427362,217,b9459096cbcf011621d3db8159998568,0,0,,text,inventory2_nss question?,a7a8498d-8209-4526-bac4-b15cad46ab79,a7a8498d-8209-4526-bac4-b15cad46ab79,ATTRIBUTE,4c51f94b-f5b6-47ce-87f1-f32042bf89d0,Section One,1,7,Skipped,https://Assessment/Assessment/dc34ad1f-0fdd-4de3-b52d-14c6dd901e2d,OTAuto02,b99df4a4-2bf5-4c08-9483-bd636470bc11,b99df4a4-2bf5-4c08-9483-bd636470bc11
dc34ad1f-0fdd-4de3-b52d-14c6dd901e2d,automation_assessment_427362,217,30823a6d31d467f96f3812289ddd1a91,0,0,,text,inventory2_nss_noLabel question?,238f716f-a91a-487d-b984-60d61315e10d,238f716f-a91a-487d-b984-60d61315e10d,ATTRIBUTE,4c51f94b-f5b6-47ce-87f1-f32042bf89d0,Section One,1,8,Skipped,https://Assessment/Assessment/dc34ad1f-0fdd-4de3-b52d-14c6dd901e2d,OTAuto02,b99df4a4-2bf5-4c08-9483-bd636470bc11,b99df4a4-2bf5-4c08-9483-bd636470bc11
5e6f7263-2537-4a0b-add2-f7e48f8f79fd,Automated_Assessment_4833223,206,2b33af33c11829464ef8ce9cb4de9ad7,0,0,,text,vendorQ?,d8721659-071e-4fa4-a352-73a01e250df1,d8721659-071e-4fa4-a352-73a01e250df1,INVENTORY,d831eed4-7b87-4277-92c5-d3371aafe649,First_Section,1,3,Unanswered,https://Assessment/Assessment/5e6f7263-2537-4a0b-add2-f7e48f8f79fd,OTAuto02,b99df4a4-2bf5-4c08-9483-bd636470bc11,b99df4a4-2bf5-4c08-9483-bd636470bc11
0b2b0ebb-71bf-452f-b8b0-dc73fa7fbdea,automation_project_42836_5538703,166,cada457be3342c611f3ed13e909b8676,0,0,,text,Does this initiative build off or work with a currently ongoing initiative?,d4a4e24e-105a-40fa-be5d-27d0c5c2018d,d4a4e24e-105a-40fa-be5d-27d0c5c2018d,INVENTORY,732d7e31-4063-4db2-af7f-6486f0788e4e,Project description and scope,1,1,Answered,https://Assessment/Assessment/0b2b0ebb-71bf-452f-b8b0-dc73fa7fbdea,OTAuto02,b99df4a4-2bf5-4c08-9483-bd636470bc11,b99df4a4-2bf5-4c08-9483-bd636470bc11
7fd579fa-a276-41f9-8021-d8814594df55,assessmentExportResponses_8626755,221,305dab68275426fd2e5d86867f2980f8,0,0,,text,attribute_1_8626755,7d2a0b85-3fe9-4c29-a64c-efde38319b60,7d2a0b85-3fe9-4c29-a64c-efde38319b60,ATTRIBUTE,0c8b1057-e81a-49b4-b6da-4cc4d7998cfe,First_Section,1,2,Skipped,https://Assessment/Assessment/7fd579fa-a276-41f9-8021-d8814594df55,OTAuto02,b99df4a4-2bf5-4c08-9483-bd636470bc11,b99df4a4-2bf5-4c08-9483-bd636470bc11
e3727358-e896-4c28-98bb-f8b62059fea9,Automated_Assessment_02_8761252,245,d0c706e581c95fbc485ee4fe0477b822,0,0,,text,How and where will the data be stored?,49c8a30b-f620-4a79-8f1e-24d8876d2d60,49c8a30b-f620-4a79-8f1e-24d8876d2d60,YESNO,10befd54-5dbc-4c3d-bd4c-bf935b71753b,Project description and scope,1,1,Unanswered,https://Assessment/Assessment/e3727358-e896-4c28-98bb-f8b62059fea9,OTAuto02,b99df4a4-2bf5-4c08-9483-bd636470bc11,b99df4a4-2bf5-4c08-9483-bd636470bc11
499418de-0a2f-4a39-993d-0d48e92755c9,assessment_1_65025_19032026,242,1a4ac06883b04c80d127828bd1704c0e,0,0,,text,MultiChoice question?,8fe59d59-70bf-47d6-b2b2-b4ef1472b6bb,8fe59d59-70bf-47d6-b2b2-b4ef1472b6bb,MULTICHOICE,b1688931-ad08-4c0f-be4c-72b12a385436,Project description and scope,1,1,Answered,https://Assessment/Assessment/499418de-0a2f-4a39-993d-0d48e92755c9,OTAuto02,b99df4a4-2bf5-4c08-9483-bd636470bc11,b99df4a4-2bf5-4c08-9483-bd636470bc11
6c0f3c9c-27aa-4092-a849-68d09400dde7,automation1_assessment_60537_19032026,267,dea292728a00d84f0c29c80b2c0622ea,0,0,,text,Does this initiative build off or work with a currently ongoing initiative?,1af7cc95-4ec5-4cf4-95cb-768eced75bbc,1af7cc95-4ec5-4cf4-95cb-768eced75bbc,MULTICHOICE,e44f4b65-311a-466e-8b70-0f6cb6bd864b,Project description and scope,1,2,Answered,https://Assessment/Assessment/6c0f3c9c-27aa-4092-a849-68d09400dde7,OTAuto02,b99df4a4-2bf5-4c08-9483-bd636470bc11,b99df4a4-2bf5-4c08-9483-bd636470bc11
a0388013-fff5-4457-abe6-fd37a02086d9,Automated_Assessment_516526,229,9b3af26e8b72bcd93deb6e1411854e41,0,0,,text,Control_2_question_516526,26d3f580-cec0-452d-80c5-4cfa94fcbc73,26d3f580-cec0-452d-80c5-4cfa94fcbc73,CONTROL,c3cd08a5-5a98-448f-859b-dd2fe0c82869,First_Section,1,4,Answered,https://Assessment/Assessment/a0388013-fff5-4457-abe6-fd37a02086d9,OTAuto02,b99df4a4-2bf5-4c08-9483-bd636470bc11,b99df4a4-2bf5-4c08-9483-bd636470bc11
a0388013-fff5-4457-abe6-fd37a02086d9,Automated_Assessment_516526,229,528c54749db117cde6b3a6cf8a1fa19b,0,0,,text,pa_question_516526,3510b6f2-f041-4b22-9c8f-2666db1b95db,3510b6f2-f041-4b22-9c8f-2666db1b95db,INVENTORY,c3cd08a5-5a98-448f-859b-dd2fe0c82869,First_Section,1,3,Answered,https://Assessment/Assessment/a0388013-fff5-4457-abe6-fd37a02086d9,OTAuto02,b99df4a4-2bf5-4c08-9483-bd636470bc11,b99df4a4-2bf5-4c08-9483-bd636470bc11
a0388013-fff5-4457-abe6-fd37a02086d9,Automated_Assessment_516526,229,718207177146953c83ca8f1b3a25cd9e,0,0,,text,asset_question_516526,a602e868-da0e-435a-9756-7f4aafae2fa2,a602e868-da0e-435a-9756-7f4aafae2fa2,INVENTORY,c3cd08a5-5a98-448f-859b-dd2fe0c82869,First_Section,1,1,Answered,https://Assessment/Assessment/a0388013-fff5-4457-abe6-fd37a02086d9,OTAuto02,b99df4a4-2bf5-4c08-9483-bd636470bc11,b99df4a4-2bf5-4c08-9483-bd636470bc11
bae6c6e3-18f5-4b1f-8246-1b5562b2a1b7,automation_project_7532_19032026,256,a7705668b74d979f6a5d425ed38a72e9,0,0,,text,Does this initiative build off or work with a currently ongoing initiative?,04520221-9e53-4745-8f54-47e023d7c848,04520221-9e53-4745-8f54-47e023d7c848,YESNO,c996e860-2602-4dfc-b377-5633b3e7a632,Project description and scope,1,1,Answered,https://Assessment/Assessment/bae6c6e3-18f5-4b1f-8246-1b5562b2a1b7,OTAuto02,b99df4a4-2bf5-4c08-9483-bd636470bc11,b99df4a4-2bf5-4c08-9483-bd636470bc11
d898d0b1-c0e0-4feb-b01a-b3b42ee80b58,Automated_Assessment_7540_19032026,234,b3e4202de171cbfdb2d91e954a55223d,0,0,,text,Q3,677ca8da-01e4-4a15-9116-ed5277547cdc,677ca8da-01e4-4a15-9116-ed5277547cdc,YESNO,a2845a86-45eb-4025-a613-6237bd98660c,S3,3,1,Answered,https://Assessment/Assessment/d898d0b1-c0e0-4feb-b01a-b3b42ee80b58,OTAuto02,b99df4a4-2bf5-4c08-9483-bd636470bc11,b99df4a4-2bf5-4c08-9483-bd636470bc11
63890659-9dfa-4e46-acb6-f5bbaeb30fc2,Automated_Assessment_7607_19032026,230,ad233ea8f5eba3edca5c2697e5311a26,0,0,,text,Hosting Provider,2e627319-5a5d-4e19-a635-d4eeaf45ca32,2e627319-5a5d-4e19-a635-d4eeaf45ca32,ATTRIBUTE,c0492c02-e888-440f-bed3-b3a8769e45b3,Section_1,1,2,Answered,https://Assessment/Assessment/63890659-9dfa-4e46-acb6-f5bbaeb30fc2,OTAuto02,b99df4a4-2bf5-4c08-9483-bd636470bc11,b99df4a4-2bf5-4c08-9483-bd636470bc11
63890659-9dfa-4e46-acb6-f5bbaeb30fc2,Automated_Assessment_7607_19032026,230,edba0f5764479585080390ae039c9c8e,0,0,,text,asset_question_19032026,d55b5790-3701-4fe2-adb2-c5a3fcb7e9b4,d55b5790-3701-4fe2-adb2-c5a3fcb7e9b4,INVENTORY,c0492c02-e888-440f-bed3-b3a8769e45b3,Section_1,1,1,Answered,https://Assessment/Assessment/63890659-9dfa-4e46-acb6-f5bbaeb30fc2,OTAuto02,b99df4a4-2bf5-4c08-9483-bd636470bc11,b99df4a4-2bf5-4c08-9483-bd636470bc11
a41fc6f1-f749-4e6e-85d5-b0412871944d,Automated_Assessment_7180_19032026,240,56b0d674e23f2df5bb214239ae9e89ef,1,0,,text,How and where will the data be stored?,27a77282-ba11-48e5-b1d2-521c1fc77ab5,27a77282-ba11-48e5-b1d2-521c1fc77ab5,INVENTORY,da80a31b-aebf-45a5-80c8-e8bbd5416d42,First_Section_19032026,1,1,Answered,https://Assessment/Assessment/a41fc6f1-f749-4e6e-85d5-b0412871944d,OTAuto02,b99df4a4-2bf5-4c08-9483-bd636470bc11,b99df4a4-2bf5-4c08-9483-bd636470bc11
6c0f3c9c-27aa-4092-a849-68d09400dde7,automation1_assessment_60537_19032026,267,e1e50a4b38a74fda6ffaed6c469d64fe,0,0,,text,How and where will the data be stored?,7ea0ac5c-a18a-4ec2-91f7-447b67584a68,7ea0ac5c-a18a-4ec2-91f7-447b67584a68,YESNO,e44f4b65-311a-466e-8b70-0f6cb6bd864b,Project description and scope,1,1,Answered,https://Assessment/Assessment/6c0f3c9c-27aa-4092-a849-68d09400dde7,OTAuto02,b99df4a4-2bf5-4c08-9483-bd636470bc11,b99df4a4-2bf5-4c08-9483-bd636470bc11
40d2c061-1348-47cd-878e-f322404eec99,assessment_4006_19032026,236,303389848fdab4e7aeb5a8d22c39e2e9,0,0,,text,Question1?,b8f947eb-242d-4f75-a4f6-628627e4f185,b8f947eb-242d-4f75-a4f6-628627e4f185,YESNO,3928b909-23a8-4452-aa54-078bf3738cc2,First_Section,1,1,Answered,https://Assessment/Assessment/40d2c061-1348-47cd-878e-f322404eec99,OTAuto02,b99df4a4-2bf5-4c08-9483-bd636470bc11,b99df4a4-2bf5-4c08-9483-bd636470bc11
d898d0b1-c0e0-4feb-b01a-b3b42ee80b58,Automated_Assessment_7540_19032026,234,9699f1bbdf515a5a0f8a618710f3c33f,0,0,,text,Q2,21410eba-9ca3-4694-b76f-8b0815841ba4,21410eba-9ca3-4694-b76f-8b0815841ba4,YESNO,af5aca6b-d881-466b-9735-f89a4ad072eb,S2,2,1,Answered,https://Assessment/Assessment/d898d0b1-c0e0-4feb-b01a-b3b42ee80b58,OTAuto02,b99df4a4-2bf5-4c08-9483-bd636470bc11,b99df4a4-2bf5-4c08-9483-bd636470bc11
e075d913-27d8-4128-a1b4-eb645dab6a4c,automation_assessment_1659_9624063,239,4f1e4180f312d59342605d34933b4474,0,0,,text,Question1?,99071d0f-3be8-40ea-a0b7-30c724342dc8,99071d0f-3be8-40ea-a0b7-30c724342dc8,YESNO,af926131-48b0-42f6-92d4-a75d37781ca6,First_Section,1,1,Unanswered,https://Assessment/Assessment/e075d913-27d8-4128-a1b4-eb645dab6a4c,OTAuto02,b99df4a4-2bf5-4c08-9483-bd636470bc11,b99df4a4-2bf5-4c08-9483-bd636470bc11
a0388013-fff5-4457-abe6-fd37a02086d9,Automated_Assessment_516526,229,ac500619e55fb2964cf6106ad718a287,0,0,,text,Control_question_516526,dda697b0-b078-44ed-ba38-8254287e8e1c,dda697b0-b078-44ed-ba38-8254287e8e1c,CONTROL,c3cd08a5-5a98-448f-859b-dd2fe0c82869,First_Section,1,2,Answered,https://Assessment/Assessment/a0388013-fff5-4457-abe6-fd37a02086d9,OTAuto02,b99df4a4-2bf5-4c08-9483-bd636470bc11,b99df4a4-2bf5-4c08-9483-bd636470bc11
d898d0b1-c0e0-4feb-b01a-b3b42ee80b58,Automated_Assessment_7540_19032026,234,64fe4217fcebfc4ed191a63740fe5f8c,0,0,,text,Multichoice Q,1c38447f-fdc3-4cb5-8b35-b92bc93cb008,1c38447f-fdc3-4cb5-8b35-b92bc93cb008,MULTICHOICE,7a767bb9-12c7-4de2-8127-7be1f605c086,S1,1,1,Answered,https://Assessment/Assessment/d898d0b1-c0e0-4feb-b01a-b3b42ee80b58,OTAuto02,b99df4a4-2bf5-4c08-9483-bd636470bc11,b99df4a4-2bf5-4c08-9483-bd636470bc11
bcb154a0-32a9-4595-ac27-0a7d5efa1180,Automated_Assessment_68753_3687077,268,3a0cb17332961621a1a7b8958da596e0,0,0,,text,How and where will the data be stored?,0138608c-2e4b-4126-8dfd-490f15f49f14,0138608c-2e4b-4126-8dfd-490f15f49f14,YESNO,a7fb905b-6eff-4542-8c53-4f7dba29fe58,First_Section,1,1,Answered,https://Assessment/Assessment/bcb154a0-32a9-4595-ac27-0a7d5efa1180,OTAuto02,b99df4a4-2bf5-4c08-9483-bd636470bc11,b99df4a4-2bf5-4c08-9483-bd636470bc11
56d77ba8-8dd6-4c65-a4bf-097a490552b7,assessment_1_3602574,259,666dc80b72757793029d97e0b07504f9,0,0,,text,Q1,89b8779c-6d22-46ed-8fb1-5a3a219328d0,89b8779c-6d22-46ed-8fb1-5a3a219328d0,INVENTORY,7a35ecc9-4305-41ed-aea2-79885030ef79,First_Section,1,1,Unanswered,https://Assessment/Assessment/56d77ba8-8dd6-4c65-a4bf-097a490552b7,OTAuto02,b99df4a4-2bf5-4c08-9483-bd636470bc11,b99df4a4-2bf5-4c08-9483-bd636470bc11
17d130b1-ca43-443e-8663-f0680fda63ce,assessment_43465_8061300,312,d3b91c50e3cbc7d3fba5d0ccbbc06de6,0,0,,text,Does this initiative build off or work with a currently ongoing initiative?,dba29399-e0c6-4ae7-9acc-2d68d9b2d2f6,dba29399-e0c6-4ae7-9acc-2d68d9b2d2f6,INVENTORY,39e90f68-2e03-48f7-bf38-1750584bf0da,Project description and scope,1,1,Unanswered,https://Assessment/Assessment/17d130b1-ca43-443e-8663-f0680fda63ce,OTAuto02,b99df4a4-2bf5-4c08-9483-bd636470bc11,b99df4a4-2bf5-4c08-9483-bd636470bc11
17d130b1-ca43-443e-8663-f0680fda63ce,assessment_43465_8061300,312,99f07eca3c2e7d7167e1030ebb3f806c,0,0,,text,Will the project require you to contact individuals in ways which they may find intrusive?,0f29813d-539b-4dcf-bb89-f141b9589fc1,0f29813d-539b-4dcf-bb89-f141b9589fc1,INVENTORY,39e90f68-2e03-48f7-bf38-1750584bf0da,Project description and scope,1,2,Answered,https://Assessment/Assessment/17d130b1-ca43-443e-8663-f0680fda63ce,OTAuto02,b99df4a4-2bf5-4c08-9483-bd636470bc11,b99df4a4-2bf5-4c08-9483-bd636470bc11
1bb89237-45cd-45a6-9b75-ea7b2a11d0fc,Assessment_7124966,269,44e42014325d78e6a851860a988282dd,0,0,,text,Q2,c1d23063-8848-407c-b82c-4de333429c2a,c1d23063-8848-407c-b82c-4de333429c2a,TEXTBOX,f57c785f-26f9-4fa7-abd0-34a136b5e618,First_Section,1,1,Unanswered,https://Assessment/Assessment/1bb89237-45cd-45a6-9b75-ea7b2a11d0fc,OTAuto02,b99df4a4-2bf5-4c08-9483-bd636470bc11,b99df4a4-2bf5-4c08-9483-bd636470bc11
24a718bf-56be-4dac-9cf9-679da0074753,assessment_39526_2_19032026,296,f5fe0a17f411ebfbb724a576f6e117ba,0,0,,text,Does this initiative build off or work with a currently ongoing initiative?,7be3faac-ba23-4310-92fd-3a345d075af0,7be3faac-ba23-4310-92fd-3a345d075af0,INVENTORY,0e6a07a5-67ce-47bb-b72d-38050d355a87,Project description and scope,1,1,Answered,https://Assessment/Assessment/24a718bf-56be-4dac-9cf9-679da0074753,OTAuto02,b99df4a4-2bf5-4c08-9483-bd636470bc11,b99df4a4-2bf5-4c08-9483-bd636470bc11
24a718bf-56be-4dac-9cf9-679da0074753,assessment_39526_2_19032026,296,702a5f3f9c97dda6d391c51b0a35d833,0,0,,text,Will the project require you to contact individuals in ways which they may find intrusive?,8a507664-84e9-4ad1-a5e8-130a278b6aa9,8a507664-84e9-4ad1-a5e8-130a278b6aa9,INVENTORY,0e6a07a5-67ce-47bb-b72d-38050d355a87,Project description and scope,1,2,Answered,https://Assessment/Assessment/24a718bf-56be-4dac-9cf9-679da0074753,OTAuto02,b99df4a4-2bf5-4c08-9483-bd636470bc11,b99df4a4-2bf5-4c08-9483-bd636470bc11
32103ae5-0f3f-49d9-9663-b0958ae33845,assessment_39526_1_19032026_cogoldajrvmzgawhqjcpfopqavukdzkjsetprwuxndpvlsdfpgnmkliqijbnstrhmzmszrxcmylfwvuumycnhncxznoabacrkxsj,286,c7961323ddbf5b3c020d3bc0af72c5fc,0,0,,text,Does this initiative build off or work with a currently ongoing initiative?,7be3faac-ba23-4310-92fd-3a345d075af0,7be3faac-ba23-4310-92fd-3a345d075af0,INVENTORY,0e6a07a5-67ce-47bb-b72d-38050d355a87,Project description and scope,1,1,Answered,https://Assessment/Assessment/32103ae5-0f3f-49d9-9663-b0958ae33845,OTAuto02,b99df4a4-2bf5-4c08-9483-bd636470bc11,b99df4a4-2bf5-4c08-9483-bd636470bc11
32103ae5-0f3f-49d9-9663-b0958ae33845,assessment_39526_1_19032026_cogoldajrvmzgawhqjcpfopqavukdzkjsetprwuxndpvlsdfpgnmkliqijbnstrhmzmszrxcmylfwvuumycnhncxznoabacrkxsj,286,f67828a82397757f29d63370ac6cd100,0,0,,text,Will the project require you to contact individuals in ways which they may find intrusive?,8a507664-84e9-4ad1-a5e8-130a278b6aa9,8a507664-84e9-4ad1-a5e8-130a278b6aa9,INVENTORY,0e6a07a5-67ce-47bb-b72d-38050d355a87,Project description and scope,1,2,Answered,https://Assessment/Assessment/32103ae5-0f3f-49d9-9663-b0958ae33845,OTAuto02,b99df4a4-2bf5-4c08-9483-bd636470bc11,b99df4a4-2bf5-4c08-9483-bd636470bc11
549b8ff7-5c65-4ac0-a267-9a7125f09080,automation4_assessment_60537_19032026,308,e5f9c4151be1ee695cab11dc19bbe071,0,0,,text,How and where will the data be stored?,7ea0ac5c-a18a-4ec2-91f7-447b67584a68,7ea0ac5c-a18a-4ec2-91f7-447b67584a68,YESNO,e44f4b65-311a-466e-8b70-0f6cb6bd864b,Project description and scope,1,1,Unanswered,https://Assessment/Assessment/549b8ff7-5c65-4ac0-a267-9a7125f09080,OTAuto02,b99df4a4-2bf5-4c08-9483-bd636470bc11,b99df4a4-2bf5-4c08-9483-bd636470bc11
549b8ff7-5c65-4ac0-a267-9a7125f09080,automation4_assessment_60537_19032026,308,eca586db25c4681a9804f3cb465b2cdb,0,0,,text,Does this initiative build off or work with a currently ongoing initiative?,1af7cc95-4ec5-4cf4-95cb-768eced75bbc,1af7cc95-4ec5-4cf4-95cb-768eced75bbc,MULTICHOICE,e44f4b65-311a-466e-8b70-0f6cb6bd864b,Project description and scope,1,2,Unanswered,https://Assessment/Assessment/549b8ff7-5c65-4ac0-a267-9a7125f09080,OTAuto02,b99df4a4-2bf5-4c08-9483-bd636470bc11,b99df4a4-2bf5-4c08-9483-bd636470bc11
68ea1068-d5b7-455b-8822-37b0073a568d,Assessment_Auto_1_97777_19032026,322,3ec4384bb99c1c5d486d4fbf0a0762fa,0,0,,text,Q1,e88f8353-c871-4a46-89d0-b3440f096b7e,e88f8353-c871-4a46-89d0-b3440f096b7e,TEXTBOX,32c83419-56dd-4aa3-86f6-c213e43fc11d,First_Section,1,1,Unanswered,https://Assessment/Assessment/68ea1068-d5b7-455b-8822-37b0073a568d,OTAuto02,b99df4a4-2bf5-4c08-9483-bd636470bc11,b99df4a4-2bf5-4c08-9483-bd636470bc11
68ea1068-d5b7-455b-8822-37b0073a568d,Assessment_Auto_1_97777_19032026,322,139e074fbc522540623727e9b8e58ee0,0,0,,text,Q2,343bbded-b159-4325-891f-96155ba7ee49,343bbded-b159-4325-891f-96155ba7ee49,YESNO,32c83419-56dd-4aa3-86f6-c213e43fc11d,First_Section,1,2,Unanswered,https://Assessment/Assessment/68ea1068-d5b7-455b-8822-37b0073a568d,OTAuto02,b99df4a4-2bf5-4c08-9483-bd636470bc11,b99df4a4-2bf5-4c08-9483-bd636470bc11
68ea1068-d5b7-455b-8822-37b0073a568d,Assessment_Auto_1_97777_19032026,322,fde98a1f3ddb68e41e731a111df368b8,0,0,,text,Q3,9a1f8406-c8e0-4286-872c-cb23d451b788,9a1f8406-c8e0-4286-872c-cb23d451b788,YESNO,32c83419-56dd-4aa3-86f6-c213e43fc11d,First_Section,1,3,Unanswered,https://Assessment/Assessment/68ea1068-d5b7-455b-8822-37b0073a568d,OTAuto02,b99df4a4-2bf5-4c08-9483-bd636470bc11,b99df4a4-2bf5-4c08-9483-bd636470bc11
6cdf8784-b20f-4d59-853f-9b55a6d57e69,automation_project_42480_1756982,307,ad153bc92b40528f987868df01f9ca09,0,1,,text,Does this initiative build off or work with a currently ongoing initiative?,43132dca-0014-4c3c-86be-be67870e3270,43132dca-0014-4c3c-86be-be67870e3270,TEXTBOX,b2e11beb-314d-4d0d-b692-8436be4315b6,Project description and scope,1,1,Unanswered,https://Assessment/Assessment/6cdf8784-b20f-4d59-853f-9b55a6d57e69,OTAuto02,b99df4a4-2bf5-4c08-9483-bd636470bc11,b99df4a4-2bf5-4c08-9483-bd636470bc11
75751666-bdfd-443e-b361-e96bff186277,Inventory_38868_Assessment_19032026,271,cc514713a7f896c2e5ddd03b8358b9fa,0,0,,text,Q1,5694d7e2-aab2-45df-8af6-3ce9c6e904f2,5694d7e2-aab2-45df-8af6-3ce9c6e904f2,INVENTORY,f534344e-95cd-4105-9a2b-06af506539e9,First_Section_19032026,1,1,Answered,https://Assessment/Assessment/75751666-bdfd-443e-b361-e96bff186277,OTAuto02,b99df4a4-2bf5-4c08-9483-bd636470bc11,b99df4a4-2bf5-4c08-9483-bd636470bc11
75751666-bdfd-443e-b361-e96bff186277,Inventory_38868_Assessment_19032026,271,89e4da832bc5afac465fcfcb0fc23555,0,0,,text,Storage Format,f92efc2f-c5fb-4037-a264-749362b2d4ec,f92efc2f-c5fb-4037-a264-749362b2d4ec,ATTRIBUTE,f534344e-95cd-4105-9a2b-06af506539e9,First_Section_19032026,1,2,Answered,https://Assessment/Assessment/75751666-bdfd-443e-b361-e96bff186277,OTAuto02,b99df4a4-2bf5-4c08-9483-bd636470bc11,b99df4a4-2bf5-4c08-9483-bd636470bc11
75751666-bdfd-443e-b361-e96bff186277,Inventory_38868_Assessment_19032026,271,8263940562f93660d665dcbf3c6fd4d1,0,0,,text,Technical Security Measures,e55d488e-3be0-4318-b080-1498b3acd7c7,e55d488e-3be0-4318-b080-1498b3acd7c7,ATTRIBUTE,f534344e-95cd-4105-9a2b-06af506539e9,First_Section_19032026,1,3,Answered,https://Assessment/Assessment/75751666-bdfd-443e-b361-e96bff186277,OTAuto02,b99df4a4-2bf5-4c08-9483-bd636470bc11,b99df4a4-2bf5-4c08-9483-bd636470bc11
9b13b7d4-c98a-4107-9a7f-e29d73e87e71,assessment_1_2495693,289,0528d8dee0489319069b549c5e2f1371,0,0,,text,How and where will the data be stored?,9952dd14-050a-4655-a0a6-758872a3b42f,9952dd14-050a-4655-a0a6-758872a3b42f,TEXTBOX,8d5baaa2-685e-47e4-b5ca-9a1ae2a47556,Project description and scope,1,1,Unanswered,https://Assessment/Assessment/9b13b7d4-c98a-4107-9a7f-e29d73e87e71,OTAuto02,b99df4a4-2bf5-4c08-9483-bd636470bc11,b99df4a4-2bf5-4c08-9483-bd636470bc11
c0521834-7a5f-4660-8893-f6da9c55e1de,automation2_assessment_60537_19032026,273,501b1eda68dc822c334cbf3a4b5b5c30,0,0,,text,How and where will the data be stored?,7ea0ac5c-a18a-4ec2-91f7-447b67584a68,7ea0ac5c-a18a-4ec2-91f7-447b67584a68,YESNO,e44f4b65-311a-466e-8b70-0f6cb6bd864b,Project description and scope,1,1,Answered,https://Assessment/Assessment/c0521834-7a5f-4660-8893-f6da9c55e1de,OTAuto02,b99df4a4-2bf5-4c08-9483-bd636470bc11,b99df4a4-2bf5-4c08-9483-bd636470bc11
c0521834-7a5f-4660-8893-f6da9c55e1de,automation2_assessment_60537_19032026,273,0b78d6ee543b44ea2b60e92423a0fcfe,0,0,,text,Does this initiative build off or work with a currently ongoing initiative?,1af7cc95-4ec5-4cf4-95cb-768eced75bbc,1af7cc95-4ec5-4cf4-95cb-768eced75bbc,MULTICHOICE,e44f4b65-311a-466e-8b70-0f6cb6bd864b,Project description and scope,1,2,Answered,https://Assessment/Assessment/c0521834-7a5f-4660-8893-f6da9c55e1de,OTAuto02,b99df4a4-2bf5-4c08-9483-bd636470bc11,b99df4a4-2bf5-4c08-9483-bd636470bc11
e07a8204-ab89-460e-a848-75ec3f560c96,assessment_2_2495693,291,83488f2e1e658da2e841055ad30e9af6,0,0,,text,How and where will the data be stored?,9952dd14-050a-4655-a0a6-758872a3b42f,9952dd14-050a-4655-a0a6-758872a3b42f,TEXTBOX,8d5baaa2-685e-47e4-b5ca-9a1ae2a47556,Project description and scope,1,1,Unanswered,https://Assessment/Assessment/e07a8204-ab89-460e-a848-75ec3f560c96,OTAuto02,b99df4a4-2bf5-4c08-9483-bd636470bc11,b99df4a4-2bf5-4c08-9483-bd636470bc11
e1d2dd6b-3730-413d-a20c-f826ed4ac9f4,automation3_assessment_60537_19032026,285,2149e823c785b2bfad9be7c37969a81a,0,0,,text,How and where will the data be stored?,7ea0ac5c-a18a-4ec2-91f7-447b67584a68,7ea0ac5c-a18a-4ec2-91f7-447b67584a68,YESNO,e44f4b65-311a-466e-8b70-0f6cb6bd864b,Project description and scope,1,1,Answered,https://Assessment/Assessment/e1d2dd6b-3730-413d-a20c-f826ed4ac9f4,OTAuto02,b99df4a4-2bf5-4c08-9483-bd636470bc11,b99df4a4-2bf5-4c08-9483-bd636470bc11
e1d2dd6b-3730-413d-a20c-f826ed4ac9f4,automation3_assessment_60537_19032026,285,2331170255faa194bad7d26163e504de,0,0,,text,Does this initiative build off or work with a currently ongoing initiative?,1af7cc95-4ec5-4cf4-95cb-768eced75bbc,1af7cc95-4ec5-4cf4-95cb-768eced75bbc,MULTICHOICE,e44f4b65-311a-466e-8b70-0f6cb6bd864b,Project description and scope,1,2,Answered,https://Assessment/Assessment/e1d2dd6b-3730-413d-a20c-f826ed4ac9f4,OTAuto02,b99df4a4-2bf5-4c08-9483-bd636470bc11,b99df4a4-2bf5-4c08-9483-bd636470bc11
e5df9ec3-fa01-4985-ad65-45772bae77da,automation3_assessment_60537_19032026 - automation1_template_60537_19032026,295,10fd0da7dc845ca016357845ca3f2fa2,0,0,,text,Does this initiative build off or work with a currently ongoing initiative?,3b7d06d3-57e6-4b27-a142-d2217025271b,3b7d06d3-57e6-4b27-a142-d2217025271b,YESNO,cb073d9d-7569-412a-ad29-5eed5ca582ca,Project description and scope,1,1,Unanswered,https://Assessment/Assessment/e5df9ec3-fa01-4985-ad65-45772bae77da,OTAuto02,b99df4a4-2bf5-4c08-9483-bd636470bc11,b99df4a4-2bf5-4c08-9483-bd636470bc11
aba01c11-9cd9-404e-b851-2b01d65570eb,Automated_Assessment_7418065,315,80580ef9f5ac9c7e14ae590ab45c93a1,0,0,,text,Multichoice Q,b9834a54-ba79-4141-b38a-450ca2a6387c,b9834a54-ba79-4141-b38a-450ca2a6387c,MULTICHOICE,4beeb4f8-2e29-402c-b239-ca2bf05845cd,S1,1,1,Unanswered,https://Assessment/Assessment/aba01c11-9cd9-404e-b851-2b01d65570eb,OTAuto02,b99df4a4-2bf5-4c08-9483-bd636470bc11,b99df4a4-2bf5-4c08-9483-bd636470bc11
2c6c64c1-3ac5-434d-a770-32a363022b1e,Assessment_Auto_2_97777_19032026,323,ea5a0d958ef5fc65fa70e66e8123313f,0,0,,text,Q3,9a1f8406-c8e0-4286-872c-cb23d451b788,9a1f8406-c8e0-4286-872c-cb23d451b788,YESNO,32c83419-56dd-4aa3-86f6-c213e43fc11d,First_Section,1,3,Unanswered,https://Assessment/Assessment/2c6c64c1-3ac5-434d-a770-32a363022b1e,OTAuto02,b99df4a4-2bf5-4c08-9483-bd636470bc11,b99df4a4-2bf5-4c08-9483-bd636470bc11
9c9c81a7-0952-4976-b6df-0122f7fdc35b,Assessment_Auto_3_97777_19032026,324,42238c50ff693a8a04e62f171ac4bcd5,0,0,,text,Q1,e88f8353-c871-4a46-89d0-b3440f096b7e,e88f8353-c871-4a46-89d0-b3440f096b7e,TEXTBOX,32c83419-56dd-4aa3-86f6-c213e43fc11d,First_Section,1,1,Answered,https://Assessment/Assessment/9c9c81a7-0952-4976-b6df-0122f7fdc35b,OTAuto02,b99df4a4-2bf5-4c08-9483-bd636470bc11,b99df4a4-2bf5-4c08-9483-bd636470bc11
aba01c11-9cd9-404e-b851-2b01d65570eb,Automated_Assessment_7418065,315,e3f7bd5854cc7294b113f38bafe79896,0,0,,text,Q2,9bedb4f0-4b8b-44e5-8d02-f02f08a55b60,9bedb4f0-4b8b-44e5-8d02-f02f08a55b60,YESNO,294cd542-c9a0-4704-8a7a-b9207a594367,S2,2,1,Unanswered,https://Assessment/Assessment/aba01c11-9cd9-404e-b851-2b01d65570eb,OTAuto02,b99df4a4-2bf5-4c08-9483-bd636470bc11,b99df4a4-2bf5-4c08-9483-bd636470bc11
b12fedd9-89cb-4929-a17e-d7e4bb10909a,Assessment_30058_7160678,348,3e821520471aded7c5af74b26b8ad3c2,0,0,,text,YN_7160678,e36d689e-070e-4fa7-b3a3-e19d493bdb39,e36d689e-070e-4fa7-b3a3-e19d493bdb39,YESNO,c446db39-74ea-468b-8bb5-67138d81aea3,First_Section,1,1,Answered,https://Assessment/Assessment/b12fedd9-89cb-4929-a17e-d7e4bb10909a,OTAuto02,b99df4a4-2bf5-4c08-9483-bd636470bc11,b99df4a4-2bf5-4c08-9483-bd636470bc11
cee60151-ccb4-4980-ac6e-31ab727e34e9,Automated_Assessment_68587_1132672,326,fd1ab7b4c13ee0d3456e8dc155b26862,0,0,,text,yes_no_question,a600e915-1424-444e-91bc-6cb8cadf443b,a600e915-1424-444e-91bc-6cb8cadf443b,YESNO,f710a02f-9e01-4e07-8c9e-dd826315ccef,First_section,1,1,Answered,https://Assessment/Assessment/cee60151-ccb4-4980-ac6e-31ab727e34e9,OTAuto02,b99df4a4-2bf5-4c08-9483-bd636470bc11,b99df4a4-2bf5-4c08-9483-bd636470bc11
cee60151-ccb4-4980-ac6e-31ab727e34e9,Automated_Assessment_68587_1132672,326,981510d26f68c9cd0246ede6314ac53a,0,0,,text,How data be stored?,298f442e-79b5-4ca0-8b95-51470bb5b10d,298f442e-79b5-4ca0-8b95-51470bb5b10d,TEXTBOX,f710a02f-9e01-4e07-8c9e-dd826315ccef,First_section,1,2,Unanswered,https://Assessment/Assessment/cee60151-ccb4-4980-ac6e-31ab727e34e9,OTAuto02,b99df4a4-2bf5-4c08-9483-bd636470bc11,b99df4a4-2bf5-4c08-9483-bd636470bc11
cee60151-ccb4-4980-ac6e-31ab727e34e9,Automated_Assessment_68587_1132672,326,976868431fb122305aa747a92b45db39,0,0,,text,Inv_question_1132672,2fc8cfc8-61e2-46d8-904e-1a436c1362bf,2fc8cfc8-61e2-46d8-904e-1a436c1362bf,INVENTORY,f710a02f-9e01-4e07-8c9e-dd826315ccef,First_section,1,3,Answered,https://Assessment/Assessment/cee60151-ccb4-4980-ac6e-31ab727e34e9,OTAuto02,b99df4a4-2bf5-4c08-9483-bd636470bc11,b99df4a4-2bf5-4c08-9483-bd636470bc11
cf6bea02-7128-4e98-8e74-32079e141fd8,Assessment_7580_19032026,344,21d4c15726b6654566bf7631aa6e829a,0,0,,text,Q1,6b823d60-0d30-4e75-861e-d0e340f4d69a,6b823d60-0d30-4e75-861e-d0e340f4d69a,TEXTBOX,1b98dcca-97f8-4b31-ae2c-cdd69ad61660,First_Section,1,1,Answered,https://Assessment/Assessment/cf6bea02-7128-4e98-8e74-32079e141fd8,OTAuto02,b99df4a4-2bf5-4c08-9483-bd636470bc11,b99df4a4-2bf5-4c08-9483-bd636470bc11
2c6c64c1-3ac5-434d-a770-32a363022b1e,Assessment_Auto_2_97777_19032026,323,56b0ca2086e795664e9764b576d3c0b3,0,0,,text,Q2,343bbded-b159-4325-891f-96155ba7ee49,343bbded-b159-4325-891f-96155ba7ee49,YESNO,32c83419-56dd-4aa3-86f6-c213e43fc11d,First_Section,1,2,Answered,https://Assessment/Assessment/2c6c64c1-3ac5-434d-a770-32a363022b1e,OTAuto02,b99df4a4-2bf5-4c08-9483-bd636470bc11,b99df4a4-2bf5-4c08-9483-bd636470bc11
9722b1de-843f-4039-838e-e80906548fd0,Automated_Assessment_1109_19032026,331,52c49a3ad03213921ddd1bb3725ef570,0,0,,text,MultichoiceQ,ec553499-38dd-4c86-a1b6-17e42630fcbb,ec553499-38dd-4c86-a1b6-17e42630fcbb,MULTICHOICE,0f221480-5d7e-42f9-9a4b-5743d58eb323,Section1,1,1,Answered,https://Assessment/Assessment/9722b1de-843f-4039-838e-e80906548fd0,OTAuto02,b99df4a4-2bf5-4c08-9483-bd636470bc11,b99df4a4-2bf5-4c08-9483-bd636470bc11
aba01c11-9cd9-404e-b851-2b01d65570eb,Automated_Assessment_7418065,315,61e59b50b63cd84fc034e1a3af97ee60,0,0,,text,Q3,2f3ce63a-f23a-44e2-8ddc-5f2a8a5f6926,2f3ce63a-f23a-44e2-8ddc-5f2a8a5f6926,TEXTBOX,d69056ed-390a-4561-a4be-870080b63c5e,S3,3,1,Unanswered,https://Assessment/Assessment/aba01c11-9cd9-404e-b851-2b01d65570eb,OTAuto02,b99df4a4-2bf5-4c08-9483-bd636470bc11,b99df4a4-2bf5-4c08-9483-bd636470bc11
2781ca11-07a7-4f8d-8281-97d94e449740,Assessment_Auto_4_97777_19032026,325,33d5cd13dc3c2e86e45d697db81d877e,0,0,,text,Q1,e88f8353-c871-4a46-89d0-b3440f096b7e,e88f8353-c871-4a46-89d0-b3440f096b7e,TEXTBOX,32c83419-56dd-4aa3-86f6-c213e43fc11d,First_Section,1,1,Answered,https://Assessment/Assessment/2781ca11-07a7-4f8d-8281-97d94e449740,OTAuto02,b99df4a4-2bf5-4c08-9483-bd636470bc11,b99df4a4-2bf5-4c08-9483-bd636470bc11
2781ca11-07a7-4f8d-8281-97d94e449740,Assessment_Auto_4_97777_19032026,325,09f523f013f871a0ee7526588a0218f8,0,0,,text,Q3,9a1f8406-c8e0-4286-872c-cb23d451b788,9a1f8406-c8e0-4286-872c-cb23d451b788,YESNO,32c83419-56dd-4aa3-86f6-c213e43fc11d,First_Section,1,3,Answered,https://Assessment/Assessment/2781ca11-07a7-4f8d-8281-97d94e449740,OTAuto02,b99df4a4-2bf5-4c08-9483-bd636470bc11,b99df4a4-2bf5-4c08-9483-bd636470bc11
138e67bd-8595-476c-900f-7cb016f60f45,automation_project_42843_4716816,313,f62e1d7af5dca2c4ac4de840a7d80f8b,0,0,,text,Does this initiative build off or work with a currently ongoing initiative?,ce6c5f3a-cecb-4f3a-9e15-3e61b382112e,ce6c5f3a-cecb-4f3a-9e15-3e61b382112e,INVENTORY,8d39b685-d177-4d83-bfd5-7f8e30d457da,Project description and scope,1,1,Answered,https://Assessment/Assessment/138e67bd-8595-476c-900f-7cb016f60f45,OTAuto02,b99df4a4-2bf5-4c08-9483-bd636470bc11,b99df4a4-2bf5-4c08-9483-bd636470bc11
2781ca11-07a7-4f8d-8281-97d94e449740,Assessment_Auto_4_97777_19032026,325,54bc2b6342068b35ee3ccbcc5661eebe,0,0,,text,Q2,343bbded-b159-4325-891f-96155ba7ee49,343bbded-b159-4325-891f-96155ba7ee49,YESNO,32c83419-56dd-4aa3-86f6-c213e43fc11d,First_Section,1,2,Answered,https://Assessment/Assessment/2781ca11-07a7-4f8d-8281-97d94e449740,OTAuto02,b99df4a4-2bf5-4c08-9483-bd636470bc11,b99df4a4-2bf5-4c08-9483-bd636470bc11
bc4f96ce-e437-4a58-b409-54c1f985b645,assessment_43465_6291137,345,413d7da9f3f7be446cea4028fcb0aa35,0,0,,text,Does this initiative build off or work with a currently ongoing initiative?,b47c4e9d-6419-4904-a948-ae5b3f73549d,b47c4e9d-6419-4904-a948-ae5b3f73549d,INVENTORY,d2bc8558-1ef3-4f14-89f3-6145934e9168,Project description and scope,1,1,Unanswered,https://Assessment/Assessment/bc4f96ce-e437-4a58-b409-54c1f985b645,OTAuto02,b99df4a4-2bf5-4c08-9483-bd636470bc11,b99df4a4-2bf5-4c08-9483-bd636470bc11
9c9c81a7-0952-4976-b6df-0122f7fdc35b,Assessment_Auto_3_97777_19032026,324,b20ccb17016a9973494aa21ebe5192c9,0,0,,text,Q3,9a1f8406-c8e0-4286-872c-cb23d451b788,9a1f8406-c8e0-4286-872c-cb23d451b788,YESNO,32c83419-56dd-4aa3-86f6-c213e43fc11d,First_Section,1,3,Answered,https://Assessment/Assessment/9c9c81a7-0952-4976-b6df-0122f7fdc35b,OTAuto02,b99df4a4-2bf5-4c08-9483-bd636470bc11,b99df4a4-2bf5-4c08-9483-bd636470bc11
bc4f96ce-e437-4a58-b409-54c1f985b645,assessment_43465_6291137,345,47d53090e780b1825e20f796ea78dc19,0,0,,text,Will the project require you to contact individuals in ways which they may find intrusive?,999c3ecf-de02-474d-95c7-7274a2920f3d,999c3ecf-de02-474d-95c7-7274a2920f3d,INVENTORY,d2bc8558-1ef3-4f14-89f3-6145934e9168,Project description and scope,1,2,Answered,https://Assessment/Assessment/bc4f96ce-e437-4a58-b409-54c1f985b645,OTAuto02,b99df4a4-2bf5-4c08-9483-bd636470bc11,b99df4a4-2bf5-4c08-9483-bd636470bc11
cee60151-ccb4-4980-ac6e-31ab727e34e9,Automated_Assessment_68587_1132672,326,74fcc6adf2617006f90ce9a41be8cedf,0,0,,text,attribute_68587_1132672,b606299d-175d-4d69-aa61-51d1574c2ab0,b606299d-175d-4d69-aa61-51d1574c2ab0,ATTRIBUTE,f710a02f-9e01-4e07-8c9e-dd826315ccef,First_section,1,4,Unanswered,https://Assessment/Assessment/cee60151-ccb4-4980-ac6e-31ab727e34e9,OTAuto02,b99df4a4-2bf5-4c08-9483-bd636470bc11,b99df4a4-2bf5-4c08-9483-bd636470bc11
cfaf12a5-4589-4fd7-8d87-a0a9ac298ed5,Automated_Assessment_7546_19032026,338,23e53a0566d9f6c044f9c2ceafd60c83,0,0,,text,Text Q,52215b48-258e-46bd-a70d-6d65e0982cf9,52215b48-258e-46bd-a70d-6d65e0982cf9,TEXTBOX,10020bb9-8154-4dd7-b4fa-9db180166de4,First_Section,1,1,Answered,https://Assessment/Assessment/cfaf12a5-4589-4fd7-8d87-a0a9ac298ed5,OTAuto02,b99df4a4-2bf5-4c08-9483-bd636470bc11,b99df4a4-2bf5-4c08-9483-bd636470bc11
e73c3e74-d943-455d-b283-b0fb0cfd4666,automated_assessment_Bulk_1_7365663,328,10e6b2ccd0dc1ba876593b13fff9e4f4,0,0,,text,asset_attribute_multi_7365663,33488996-a8a4-4d46-92f3-c698390a447f,33488996-a8a4-4d46-92f3-c698390a447f,ATTRIBUTE,05521d5c-15c0-4671-aee6-8db476cd101c,First_Section,1,4,Answered,https://Assessment/Assessment/e73c3e74-d943-455d-b283-b0fb0cfd4666,OTAuto02,b99df4a4-2bf5-4c08-9483-bd636470bc11,b99df4a4-2bf5-4c08-9483-bd636470bc11
9c9c81a7-0952-4976-b6df-0122f7fdc35b,Assessment_Auto_3_97777_19032026,324,4d3e2531fa68f30140254badad4abdc2,0,0,,text,Q2,343bbded-b159-4325-891f-96155ba7ee49,343bbded-b159-4325-891f-96155ba7ee49,YESNO,32c83419-56dd-4aa3-86f6-c213e43fc11d,First_Section,1,2,Answered,https://Assessment/Assessment/9c9c81a7-0952-4976-b6df-0122f7fdc35b,OTAuto02,b99df4a4-2bf5-4c08-9483-bd636470bc11,b99df4a4-2bf5-4c08-9483-bd636470bc11
e73c3e74-d943-455d-b283-b0fb0cfd4666,automated_assessment_Bulk_1_7365663,328,88c73a2045fe0f5b661c370a70b5bd7c,0,0,,text,asset_question_7365663,9c4ba452-6092-4920-91ea-00c647f7e329,9c4ba452-6092-4920-91ea-00c647f7e329,INVENTORY,05521d5c-15c0-4671-aee6-8db476cd101c,First_Section,1,2,Answered,https://Assessment/Assessment/e73c3e74-d943-455d-b283-b0fb0cfd4666,OTAuto02,b99df4a4-2bf5-4c08-9483-bd636470bc11,b99df4a4-2bf5-4c08-9483-bd636470bc11
f5067ba5-9953-436c-8849-ee3856f8165f,Automated_Assessment_02_5171547,340,c3285a7ae1671beae6703da9d27d3b24,0,0,,text,How and where will the data be stored?,ec2f4bed-9774-413a-a36b-2cf251cd5612,ec2f4bed-9774-413a-a36b-2cf251cd5612,YESNO,e7029302-9c83-4a5b-811d-7c69f5a6696b,Project description and scope,1,1,Unanswered,https://Assessment/Assessment/f5067ba5-9953-436c-8849-ee3856f8165f,OTAuto02,b99df4a4-2bf5-4c08-9483-bd636470bc11,b99df4a4-2bf5-4c08-9483-bd636470bc11
06dc8a3d-93f3-4439-bdea-c1e5d1d5fc8e,automation_project_42840_9028858,347,697e4f9c9e5691b5e7b85ad28fa99596,0,0,,text,Does this initiative build off or work with a currently ongoing initiative?,5653338b-409c-48fb-ad5f-3526034e7101,5653338b-409c-48fb-ad5f-3526034e7101,INVENTORY,6d0fa923-12f3-49ad-8d4d-7129f35e1053,Project description and scope,1,1,Answered,https://Assessment/Assessment/06dc8a3d-93f3-4439-bdea-c1e5d1d5fc8e,OTAuto02,b99df4a4-2bf5-4c08-9483-bd636470bc11,b99df4a4-2bf5-4c08-9483-bd636470bc11
2c6c64c1-3ac5-434d-a770-32a363022b1e,Assessment_Auto_2_97777_19032026,323,6cad40c2493b3a8619c0235ba259fcb8,0,0,,text,Q1,e88f8353-c871-4a46-89d0-b3440f096b7e,e88f8353-c871-4a46-89d0-b3440f096b7e,TEXTBOX,32c83419-56dd-4aa3-86f6-c213e43fc11d,First_Section,1,1,Unanswered,https://Assessment/Assessment/2c6c64c1-3ac5-434d-a770-32a363022b1e,OTAuto02,b99df4a4-2bf5-4c08-9483-bd636470bc11,b99df4a4-2bf5-4c08-9483-bd636470bc11
e73c3e74-d943-455d-b283-b0fb0cfd4666,automated_assessment_Bulk_1_7365663,328,6625ee403fee9de9ba3b01b3cd6db64e,0,0,,text,Q1?,5068222e-2775-4cd9-bc68-fb45aab9b810,5068222e-2775-4cd9-bc68-fb45aab9b810,YESNO,05521d5c-15c0-4671-aee6-8db476cd101c,First_Section,1,1,Answered,https://Assessment/Assessment/e73c3e74-d943-455d-b283-b0fb0cfd4666,OTAuto02,b99df4a4-2bf5-4c08-9483-bd636470bc11,b99df4a4-2bf5-4c08-9483-bd636470bc11
e73c3e74-d943-455d-b283-b0fb0cfd4666,automated_assessment_Bulk_1_7365663,328,e92eaaac68d73f8cf3ded9204dd58668,0,0,,text,asset_attribute_single_7365663,6eddb64d-4df6-4679-b43c-ac295a6179b4,6eddb64d-4df6-4679-b43c-ac295a6179b4,ATTRIBUTE,05521d5c-15c0-4671-aee6-8db476cd101c,First_Section,1,3,Answered,https://Assessment/Assessment/e73c3e74-d943-455d-b283-b0fb0cfd4666,OTAuto02,b99df4a4-2bf5-4c08-9483-bd636470bc11,b99df4a4-2bf5-4c08-9483-bd636470bc11
cee0b44c-d184-4313-ade3-c2860612facb,Assessment_5250521,369,866935d4666926e933b2d29b013f8c14,0,0,,text,Q1,09b2f0e8-fd8d-44c4-957e-a1ffe87e7f51,09b2f0e8-fd8d-44c4-957e-a1ffe87e7f51,YESNO,4fe7b0f0-0e2e-4522-9762-b053b16668ee,S1,1,1,Answered,https://Assessment/Assessment/cee0b44c-d184-4313-ade3-c2860612facb,OTAuto02,b99df4a4-2bf5-4c08-9483-bd636470bc11,b99df4a4-2bf5-4c08-9483-bd636470bc11
05baa95e-43e3-4de4-a547-084c0a2c5cc9,assessment_1_1952760,366,6cc653a3e5db430418cb5d98bd1c7cf0,0,0,,text,Q1,3900c1f7-c919-4bad-9df4-7b9092541034,3900c1f7-c919-4bad-9df4-7b9092541034,INVENTORY,79cab100-d3c1-4036-b698-c4c35744ce23,First_Section,1,1,Unanswered,https://Assessment/Assessment/05baa95e-43e3-4de4-a547-084c0a2c5cc9,OTAuto02,b99df4a4-2bf5-4c08-9483-bd636470bc11,b99df4a4-2bf5-4c08-9483-bd636470bc11
b65cd708-0405-4cfd-9714-00a3e647014d,Automated_Assessment_65056_658820,371,d02b115183e6094acceecad3e98f4fbf,0,1,,text,How and where will the data be stored?,550f5ff7-dc65-4b0e-b86f-fefbc04dff16,550f5ff7-dc65-4b0e-b86f-fefbc04dff16,TEXTBOX,d813a8ca-c70f-49cf-8e51-7be34a3c8741,First_Section,1,1,Unanswered,https://Assessment/Assessment/b65cd708-0405-4cfd-9714-00a3e647014d,OTAuto02,b99df4a4-2bf5-4c08-9483-bd636470bc11,b99df4a4-2bf5-4c08-9483-bd636470bc11
b7bb3e24-59fd-4465-ae57-7b6399bf6b68,automation_assessment_6827396,377,3f955ed004045b4b86afdee680c933f8,0,0,,text,Q1,d04c34d7-b3b0-4f7c-b753-9f593099449e,d04c34d7-b3b0-4f7c-b753-9f593099449e,YESNO,3b81bbd6-16f8-442b-9b56-3ae440141965,First_Section,1,1,Answered,https://Assessment/Assessment/b7bb3e24-59fd-4465-ae57-7b6399bf6b68,OTAuto02,b99df4a4-2bf5-4c08-9483-bd636470bc11,b99df4a4-2bf5-4c08-9483-bd636470bc11
48d11c7f-2c0a-460a-be3a-76791ade4c98,Automated_Assessment_829240,362,62964d8362940b778008a9c62940da56,0,0,,text,How and where will the data be stored?,84b743b7-6b5a-4598-8214-b58d52cb23c4,84b743b7-6b5a-4598-8214-b58d52cb23c4,YESNO,8ade21fe-856c-4754-b712-2bb0cc60ca99,First_Section,1,1,Unanswered,https://Assessment/Assessment/48d11c7f-2c0a-460a-be3a-76791ade4c98,OTAuto02,b99df4a4-2bf5-4c08-9483-bd636470bc11,b99df4a4-2bf5-4c08-9483-bd636470bc11
c6d1108f-0d6e-496e-b198-401c471ef5bd,automation_project_42833_6300990,351,76e99780b97cc13130c962d2aa24c6c1,0,0,,text,Does this initiative build off or work with a currently ongoing initiative?,acb9c9c4-519c-4714-a13d-b0fa42a8ebd4,acb9c9c4-519c-4714-a13d-b0fa42a8ebd4,INVENTORY,e3d9419a-2d69-43d6-b918-9bcd3eec95ae,Project description and scope,1,1,Answered,https://Assessment/Assessment/c6d1108f-0d6e-496e-b198-401c471ef5bd,OTAuto02,b99df4a4-2bf5-4c08-9483-bd636470bc11,b99df4a4-2bf5-4c08-9483-bd636470bc11
38ca7395-14e8-40de-82d2-8d5aabbf4dae,Assessment_1_5800037,750,3a28505431223535a6be529f6d3e7b56,0,0,,text,asset_question_5800037,b5458c6a-4b97-4818-86ac-99775aaf9872,b5458c6a-4b97-4818-86ac-99775aaf9872,INVENTORY,3fe2ee00-d45b-49c6-bdb2-ac34be2790ee,First_Section,1,1,Unanswered,https://Assessment/Assessment/38ca7395-14e8-40de-82d2-8d5aabbf4dae,OTAuto02,b99df4a4-2bf5-4c08-9483-bd636470bc11,b99df4a4-2bf5-4c08-9483-bd636470bc11
4b5612b5-0045-4af2-b923-e438c19e0648,assessment_8431716,753,c7d821e48bb9a6789f8c87ed0bfc7be3,0,0,,text,Q1,f80e6237-a7d4-4473-b59f-fad56a576e97,f80e6237-a7d4-4473-b59f-fad56a576e97,YESNO,f1ae5d64-bda2-4897-b7d0-0e9c105145c4,First_Section,1,1,Unanswered,https://Assessment/Assessment/4b5612b5-0045-4af2-b923-e438c19e0648,OTAuto02,b99df4a4-2bf5-4c08-9483-bd636470bc11,b99df4a4-2bf5-4c08-9483-bd636470bc11
38ca7395-14e8-40de-82d2-8d5aabbf4dae,Assessment_1_5800037,750,7f0a6a2429a5a251089c82f3bdc8b4e2,0,0,,text,attribute_1_5800037,81547a2e-5edf-4bc3-9837-e9dd41419d2e,81547a2e-5edf-4bc3-9837-e9dd41419d2e,ATTRIBUTE,3fe2ee00-d45b-49c6-bdb2-ac34be2790ee,First_Section,1,2,Skipped,https://Assessment/Assessment/38ca7395-14e8-40de-82d2-8d5aabbf4dae,OTAuto02,b99df4a4-2bf5-4c08-9483-bd636470bc11,b99df4a4-2bf5-4c08-9483-bd636470bc11
121b2c45-86a3-4e88-8ef1-d3a3c97d54c6,Automated_Assessment_6248335,416,9d2b8503ec5182012b25acc761beb86f,0,0,,text,How and where will the data be stored?,cc793619-0f8b-4acc-a0e8-807a92cc6618,cc793619-0f8b-4acc-a0e8-807a92cc6618,YESNO,48a5256f-b2d5-4e30-bce9-bfa6c8271ae6,Project description and scope,1,1,Unanswered,https://Assessment/Assessment/121b2c45-86a3-4e88-8ef1-d3a3c97d54c6,OTAuto02,b99df4a4-2bf5-4c08-9483-bd636470bc11,b99df4a4-2bf5-4c08-9483-bd636470bc11
248588c7-9f38-4ab5-92f2-e161230a6ce4,assessment_40780_2739127,414,b7223584fc12f1c754a7a9d40f7ebe3e,0,0,,text,Does this initiative build off or work with a currently ongoing initiative?,cc969ea2-7d74-42b8-afeb-45eb500b6fee,cc969ea2-7d74-42b8-afeb-45eb500b6fee,YESNO,754e7782-86cf-448c-9f2b-0bd1d9fa9eb0,Project description and scope,1,1,Answered,https://Assessment/Assessment/248588c7-9f38-4ab5-92f2-e161230a6ce4,OTAuto02,b99df4a4-2bf5-4c08-9483-bd636470bc11,b99df4a4-2bf5-4c08-9483-bd636470bc11
3ba5e3bd-c8cd-4d5d-8290-b530c0184193,assessmentExportResponses_4326765,417,052a33ea451e8f2b2da5582348ce85c9,0,0,,text,inventory_type question?,3ad5a69b-3d35-44a5-b1b1-56c6bb454769,3ad5a69b-3d35-44a5-b1b1-56c6bb454769,INVENTORY,393bdd3c-75aa-43c0-93ba-7646c370ad17,First_Section,1,1,Answered,https://Assessment/Assessment/3ba5e3bd-c8cd-4d5d-8290-b530c0184193,OTAuto02,b99df4a4-2bf5-4c08-9483-bd636470bc11,b99df4a4-2bf5-4c08-9483-bd636470bc11
3ba5e3bd-c8cd-4d5d-8290-b530c0184193,assessmentExportResponses_4326765,417,e1050f07b72f5a306691d8920d458e87,0,0,,text,asset_text_4326765,e9be0bd3-06f2-4840-a0b7-d7f86b28e26d,e9be0bd3-06f2-4840-a0b7-d7f86b28e26d,ATTRIBUTE,393bdd3c-75aa-43c0-93ba-7646c370ad17,First_Section,1,2,Unanswered,https://Assessment/Assessment/3ba5e3bd-c8cd-4d5d-8290-b530c0184193,OTAuto02,b99df4a4-2bf5-4c08-9483-bd636470bc11,b99df4a4-2bf5-4c08-9483-bd636470bc11
3ba5e3bd-c8cd-4d5d-8290-b530c0184193,assessmentExportResponses_4326765,417,8a6c2045a9f9157a78bc274622731146,0,0,,text,asset_nss_4326765,23db9a5d-3b9f-4bd5-9a42-5033a72e8bb4,23db9a5d-3b9f-4bd5-9a42-5033a72e8bb4,ATTRIBUTE,393bdd3c-75aa-43c0-93ba-7646c370ad17,First_Section,1,3,Answered,https://Assessment/Assessment/3ba5e3bd-c8cd-4d5d-8290-b530c0184193,OTAuto02,b99df4a4-2bf5-4c08-9483-bd636470bc11,b99df4a4-2bf5-4c08-9483-bd636470bc11
41b61fbe-62b6-42b2-9915-b8bcbecc6472,automation_control_assessment_6530177,410,730ca916d351690d7b4b617a106814c6,0,0,,text,How and where will the data be stored?,b78ae1c2-8cda-4463-a9a2-65a3d94dbd69,b78ae1c2-8cda-4463-a9a2-65a3d94dbd69,TEXTBOX,1c13a958-8235-43a3-8e50-5edfbc89ea57,Project description and scope,1,1,Unanswered,https://Assessment/Assessment/41b61fbe-62b6-42b2-9915-b8bcbecc6472,OTAuto02,b99df4a4-2bf5-4c08-9483-bd636470bc11,b99df4a4-2bf5-4c08-9483-bd636470bc11
7e50cf11-96dd-43b0-9dc1-2256c8b11a3b,Automated_Assessment_7513294,422,2973a173ce582a8d703adb6e6fab9faf,0,0,,text,Multichoice Q,a0c43eeb-5f0e-4ca4-a501-9b051ba7d4b3,a0c43eeb-5f0e-4ca4-a501-9b051ba7d4b3,MULTICHOICE,7edc2a8e-268c-43ba-8ba0-5487e92c2230,S1,1,1,Unanswered,https://Assessment/Assessment/7e50cf11-96dd-43b0-9dc1-2256c8b11a3b,OTAuto02,b99df4a4-2bf5-4c08-9483-bd636470bc11,b99df4a4-2bf5-4c08-9483-bd636470bc11
83bed76c-aa5f-4ae0-ab17-1729aa9c3fd2,Automated_Assessment_63076_1497112,427,06a177779558b698769143c56de31193,0,0,,text,How and where will the data be stored?,595aee62-8a7d-4ab4-ab47-bc7d9d78f055,595aee62-8a7d-4ab4-ab47-bc7d9d78f055,TEXTBOX,2a555032-4850-4a26-8d33-6ac6e47f7bd0,First_Section,1,1,Unanswered,https://Assessment/Assessment/83bed76c-aa5f-4ae0-ab17-1729aa9c3fd2,OTAuto02,b99df4a4-2bf5-4c08-9483-bd636470bc11,b99df4a4-2bf5-4c08-9483-bd636470bc11
89c7a860-fa99-47e7-9622-f5e337806a48,Assessment_1_8635093,421,b8b50dbd0b4951d7da5376fb8a0f3ede,0,0,,text,asset_question_8635093,d1e7ef0d-54cc-45c4-9d04-b3bbdbecbb1e,d1e7ef0d-54cc-45c4-9d04-b3bbdbecbb1e,INVENTORY,35bb50cd-8ba5-463c-99cb-a0658d3573f1,First_Section,1,1,Unanswered,https://Assessment/Assessment/89c7a860-fa99-47e7-9622-f5e337806a48,OTAuto02,b99df4a4-2bf5-4c08-9483-bd636470bc11,b99df4a4-2bf5-4c08-9483-bd636470bc11
89c7a860-fa99-47e7-9622-f5e337806a48,Assessment_1_8635093,421,75025e6b16e52c7c75ef6a09e7eaead9,0,0,,text,attribute_1_8635093,08a4f832-7d06-4771-9fb0-2b17c53e8fc0,08a4f832-7d06-4771-9fb0-2b17c53e8fc0,ATTRIBUTE,35bb50cd-8ba5-463c-99cb-a0658d3573f1,First_Section,1,2,Skipped,https://Assessment/Assessment/89c7a860-fa99-47e7-9622-f5e337806a48,OTAuto02,b99df4a4-2bf5-4c08-9483-bd636470bc11,b99df4a4-2bf5-4c08-9483-bd636470bc11
ea34cd2b-1901-46c9-8706-2dc9d111f6be,Assessment_1_1401121,413,ef2e43ef9883cba593ad55f676c94ed9,0,0,,text,asset_question_1401121,b68f177d-3f6d-4681-b034-8b295b067a7d,b68f177d-3f6d-4681-b034-8b295b067a7d,INVENTORY,679a453a-face-4bd6-bd25-b29463449b32,First_Section,1,1,Unanswered,https://Assessment/Assessment/ea34cd2b-1901-46c9-8706-2dc9d111f6be,OTAuto02,b99df4a4-2bf5-4c08-9483-bd636470bc11,b99df4a4-2bf5-4c08-9483-bd636470bc11
ea34cd2b-1901-46c9-8706-2dc9d111f6be,Assessment_1_1401121,413,2e4f5e49c81a36069e2515be8f27ef22,0,0,,text,attribute_2_1401121,badeac70-12a9-49e5-b582-7fedfb00bc95,badeac70-12a9-49e5-b582-7fedfb00bc95,ATTRIBUTE,679a453a-face-4bd6-bd25-b29463449b32,First_Section,1,2,Skipped,https://Assessment/Assessment/ea34cd2b-1901-46c9-8706-2dc9d111f6be,OTAuto02,b99df4a4-2bf5-4c08-9483-bd636470bc11,b99df4a4-2bf5-4c08-9483-bd636470bc11
b0c7cd8e-394e-452b-ab3c-66ec74d60720,Automated_Assessment_5815_3150102,432,24ed55c04bbac275cbdbf62cbce8abe5,0,0,,text,MCQ,c61fdc8f-5105-45ba-8b2b-888394f4c765,15895550-9ce2-43cc-b2b9-9f5c5094ab3b,MULTICHOICE,69c52a70-1c0a-45f3-9a5c-c6bc8ebd9e83,S1,1,2,Answered,https://Assessment/Assessment/b0c7cd8e-394e-452b-ab3c-66ec74d60720,OTAuto02,b99df4a4-2bf5-4c08-9483-bd636470bc11,b99df4a4-2bf5-4c08-9483-bd636470bc11
1f4ebcc6-dba0-400b-a60e-fbba17a458d1,Automated_Assessment_8742875,440,46e4d0207f94a0c8742827a5458d5ea4,0,0,,text,Q3,f78e5a6f-0442-4eb1-9aea-55b1a756591e,f78e5a6f-0442-4eb1-9aea-55b1a756591e,TEXTBOX,782109b2-18c1-4f6f-872a-0397485e4abc,S3,3,1,Unanswered,https://Assessment/Assessment/1f4ebcc6-dba0-400b-a60e-fbba17a458d1,OTAuto02,b99df4a4-2bf5-4c08-9483-bd636470bc11,b99df4a4-2bf5-4c08-9483-bd636470bc11
1f4ebcc6-dba0-400b-a60e-fbba17a458d1,Automated_Assessment_8742875,440,a8e9fc7ccbd031de74f231b86030e53f,0,0,,text,Q2,1caaf592-3288-4fe6-999f-74fbe4fc9f86,1caaf592-3288-4fe6-999f-74fbe4fc9f86,YESNO,aef1bcc7-2c6b-45d1-9337-e8b716f9ea5e,S2,2,1,Unanswered,https://Assessment/Assessment/1f4ebcc6-dba0-400b-a60e-fbba17a458d1,OTAuto02,b99df4a4-2bf5-4c08-9483-bd636470bc11,b99df4a4-2bf5-4c08-9483-bd636470bc11
1f4ebcc6-dba0-400b-a60e-fbba17a458d1,Automated_Assessment_8742875,440,7cf55f4458d93df3b66f93c7c9ffac70,0,0,,text,Multichoice Q,1bf7495a-8260-48e4-89b9-8e5f95e4fa14,1bf7495a-8260-48e4-89b9-8e5f95e4fa14,MULTICHOICE,2522154d-4656-4316-b7f2-8c92b9d7f135,Project description and scope,1,1,Unanswered,https://Assessment/Assessment/1f4ebcc6-dba0-400b-a60e-fbba17a458d1,OTAuto02,b99df4a4-2bf5-4c08-9483-bd636470bc11,b99df4a4-2bf5-4c08-9483-bd636470bc11
b0c7cd8e-394e-452b-ab3c-66ec74d60720,Automated_Assessment_5815_3150102,432,fd5f65f6b037fb05ba28f4c8832ccf0e,0,0,,text,asset_01_question_3150102,9c1b7e27-8e98-4500-8fd9-ba4af4a23f81,17dfde71-d446-487f-aa73-2c748d2f5618,INVENTORY,69c52a70-1c0a-45f3-9a5c-c6bc8ebd9e83,S1,1,3,Answered,https://Assessment/Assessment/b0c7cd8e-394e-452b-ab3c-66ec74d60720,OTAuto02,b99df4a4-2bf5-4c08-9483-bd636470bc11,b99df4a4-2bf5-4c08-9483-bd636470bc11
b0c7cd8e-394e-452b-ab3c-66ec74d60720,Automated_Assessment_5815_3150102,432,70cc44996d2b34f1d9a0b8748d4edcc4,0,0,,text,IT Owner,36488e62-2de0-4d17-ae7d-3d6fd0d6670f,d44b0f23-de05-47f0-aec4-30e91c80feab,ATTRIBUTE,69c52a70-1c0a-45f3-9a5c-c6bc8ebd9e83,S1,1,4,Answered,https://Assessment/Assessment/b0c7cd8e-394e-452b-ab3c-66ec74d60720,OTAuto02,b99df4a4-2bf5-4c08-9483-bd636470bc11,b99df4a4-2bf5-4c08-9483-bd636470bc11
89decbc9-eab8-47a2-82e5-8ab8d3c4a986,Automated_Assessment_57362_3238795,454,2bb2e34ecd0828a235ae7b95fb6db6c0,0,0,,text,How and where will the data be stored?,78a67826-d519-4478-a805-d392cb235a4e,78a67826-d519-4478-a805-d392cb235a4e,YESNO,8bd98726-20a0-45b6-9915-52db83438fbd,First_Section,1,1,Answered,https://Assessment/Assessment/89decbc9-eab8-47a2-82e5-8ab8d3c4a986,OTAuto02,b99df4a4-2bf5-4c08-9483-bd636470bc11,b99df4a4-2bf5-4c08-9483-bd636470bc11
cca4bc36-cf42-45e4-a90b-f660fee602cb,Automated_Assessment_6393065,442,998e7aac9d814275ba331604b5af1c75,0,0,,text,How and where will the data be stored?,a5e7145b-a19c-4e62-909a-bb425b1b238e,a5e7145b-a19c-4e62-909a-bb425b1b238e,TEXTBOX,bf6c05dc-c2c7-4d6b-a4da-4635fdb41241,First_Section,1,1,Answered,https://Assessment/Assessment/cca4bc36-cf42-45e4-a90b-f660fee602cb,OTAuto02,b99df4a4-2bf5-4c08-9483-bd636470bc11,b99df4a4-2bf5-4c08-9483-bd636470bc11
b0c7cd8e-394e-452b-ab3c-66ec74d60720,Automated_Assessment_5815_3150102,432,596ba63839d27890cdc74bccf2adf1c9,0,0,,text,YN,cb82f2f4-a9e9-47fb-915a-fc5f79cd85a8,8cdf2979-f5b7-42a9-81cc-ef8572469407,YESNO,69c52a70-1c0a-45f3-9a5c-c6bc8ebd9e83,S1,1,1,Answered,https://Assessment/Assessment/b0c7cd8e-394e-452b-ab3c-66ec74d60720,OTAuto02,b99df4a4-2bf5-4c08-9483-bd636470bc11,b99df4a4-2bf5-4c08-9483-bd636470bc11
d2ff457e-bda6-4b1a-b523-b2c245044f7e,Automated_Assessment_9074141,441,9d18857e7eb42c0369d792e80fb1ac84,0,0,,text,How and where will the data be stored?,1e54b3f8-4c66-4fef-a3a3-eeb76fcaafd2,1e54b3f8-4c66-4fef-a3a3-eeb76fcaafd2,YESNO,88254af6-3c11-4551-92c9-f02dfef11e39,Project description and scope,1,1,Unanswered,https://Assessment/Assessment/d2ff457e-bda6-4b1a-b523-b2c245044f7e,OTAuto02,b99df4a4-2bf5-4c08-9483-bd636470bc11,b99df4a4-2bf5-4c08-9483-bd636470bc11
048f02c2-e6ed-4193-bd95-757476ac7ba0,assessment_2242092,597,003a045318983dfda0287038022e9647,0,0,,text,Q1,40e6c9d5-3bbf-4472-bb36-99cdc92b1031,40e6c9d5-3bbf-4472-bb36-99cdc92b1031,YESNO,baf5fded-793d-4ece-8bf5-6c743d96f792,First_Section,1,1,Answered,https://Assessment/Assessment/048f02c2-e6ed-4193-bd95-757476ac7ba0,OTAuto02,b99df4a4-2bf5-4c08-9483-bd636470bc11,b99df4a4-2bf5-4c08-9483-bd636470bc11
095003e7-967a-4690-a0e5-10f7913ba016,automation_project_42838_3199877,602,f72a491c1c539c0dfd28ecfefdbee8f0,0,0,,text,Does this initiative build off or work with a currently ongoing initiative?,d3fe27f1-f709-47ea-89d4-864d353b63c7,d3fe27f1-f709-47ea-89d4-864d353b63c7,INVENTORY,40127401-51a0-4d54-8b34-3a7ef2c0df68,Project description and scope,1,1,Answered,https://Assessment/Assessment/095003e7-967a-4690-a0e5-10f7913ba016,OTAuto02,b99df4a4-2bf5-4c08-9483-bd636470bc11,b99df4a4-2bf5-4c08-9483-bd636470bc11
0b1b81b2-1379-4dc3-8387-d7c76e835498,vendor_9230793 - automation_template_2865658,576,c689851c07923757367193d06bbc1f56,0,0,,text,Does this initiative build off or work with a currently ongoing initiative?,5f8398f0-9fc5-478c-b05a-697bd721d81d,5f8398f0-9fc5-478c-b05a-697bd721d81d,TEXTBOX,3e7f5682-3a08-4240-bfd9-99d4413f6cea,Project description and scope,1,1,Unanswered,https://Assessment/Assessment/0b1b81b2-1379-4dc3-8387-d7c76e835498,OTAuto02,b99df4a4-2bf5-4c08-9483-bd636470bc11,b99df4a4-2bf5-4c08-9483-bd636470bc11
0be0eb7a-5721-4c2b-8098-31c413f72e83,vendor_2292747 - automation_template_2865658,563,e57f4931e08a835b52910e66af207b8c,0,0,,text,Does this initiative build off or work with a currently ongoing initiative?,5f8398f0-9fc5-478c-b05a-697bd721d81d,5f8398f0-9fc5-478c-b05a-697bd721d81d,TEXTBOX,3e7f5682-3a08-4240-bfd9-99d4413f6cea,Project description and scope,1,1,Unanswered,https://Assessment/Assessment/0be0eb7a-5721-4c2b-8098-31c413f72e83,OTAuto02,b99df4a4-2bf5-4c08-9483-bd636470bc11,b99df4a4-2bf5-4c08-9483-bd636470bc11
1deb78b5-3a0f-4344-8ce6-95ebc815dd13,vendor_7898244 - automation_template_2865658,571,b31d3342470e33fffb7bc90c34ba85f2,0,0,,text,Does this initiative build off or work with a currently ongoing initiative?,5f8398f0-9fc5-478c-b05a-697bd721d81d,5f8398f0-9fc5-478c-b05a-697bd721d81d,TEXTBOX,3e7f5682-3a08-4240-bfd9-99d4413f6cea,Project description and scope,1,1,Unanswered,https://Assessment/Assessment/1deb78b5-3a0f-4344-8ce6-95ebc815dd13,OTAuto02,b99df4a4-2bf5-4c08-9483-bd636470bc11,b99df4a4-2bf5-4c08-9483-bd636470bc11
1ef98297-7bba-4423-8e14-2f3d3404a659,vendor_7898244 - automation_template_2865658,572,8a0727583664541d1a80a845048d0173,0,0,,text,Does this initiative build off or work with a currently ongoing initiative?,5f8398f0-9fc5-478c-b05a-697bd721d81d,5f8398f0-9fc5-478c-b05a-697bd721d81d,TEXTBOX,3e7f5682-3a08-4240-bfd9-99d4413f6cea,Project description and scope,1,1,Unanswered,https://Assessment/Assessment/1ef98297-7bba-4423-8e14-2f3d3404a659,OTAuto02,b99df4a4-2bf5-4c08-9483-bd636470bc11,b99df4a4-2bf5-4c08-9483-bd636470bc11
1f0cb01c-2cd0-4d37-8b57-da955f3f3f0b,vendor_9230793 - automation_template_2865658,575,5311cb9c62052832ac46db80b74b0d59,0,0,,text,Does this initiative build off or work with a currently ongoing initiative?,5f8398f0-9fc5-478c-b05a-697bd721d81d,5f8398f0-9fc5-478c-b05a-697bd721d81d,TEXTBOX,3e7f5682-3a08-4240-bfd9-99d4413f6cea,Project description and scope,1,1,Unanswered,https://Assessment/Assessment/1f0cb01c-2cd0-4d37-8b57-da955f3f3f0b,OTAuto02,b99df4a4-2bf5-4c08-9483-bd636470bc11,b99df4a4-2bf5-4c08-9483-bd636470bc11
227add16-aa2f-48a5-aa10-e5c34f0a8627,assessment_1_2242092,598,a2e1008bc080b6451a29a1e02817a57a,0,0,,text,Q1,40e6c9d5-3bbf-4472-bb36-99cdc92b1031,40e6c9d5-3bbf-4472-bb36-99cdc92b1031,YESNO,baf5fded-793d-4ece-8bf5-6c743d96f792,First_Section,1,1,Answered,https://Assessment/Assessment/227add16-aa2f-48a5-aa10-e5c34f0a8627,OTAuto02,b99df4a4-2bf5-4c08-9483-bd636470bc11,b99df4a4-2bf5-4c08-9483-bd636470bc11
2383e719-cf27-49b0-bba7-55780efc5f0c,vendor_123_19032026 - automation_template_2865658,566,1479fb2a6b033091af3ecdeb99038de3,0,0,,text,Does this initiative build off or work with a currently ongoing initiative?,5f8398f0-9fc5-478c-b05a-697bd721d81d,5f8398f0-9fc5-478c-b05a-697bd721d81d,TEXTBOX,3e7f5682-3a08-4240-bfd9-99d4413f6cea,Project description and scope,1,1,Unanswered,https://Assessment/Assessment/2383e719-cf27-49b0-bba7-55780efc5f0c,OTAuto02,b99df4a4-2bf5-4c08-9483-bd636470bc11,b99df4a4-2bf5-4c08-9483-bd636470bc11
24c8c567-ba13-4e3a-9359-b4c68a6fa6c5,Automated_Assessment_7175981,643,7f10a2f3d9c93a64aa23772f336deec4,0,0,,text,How and where will the data be stored?,c01f43bc-775d-4296-aefa-2874d20292e2,c01f43bc-775d-4296-aefa-2874d20292e2,TEXTBOX,c155fea2-dba6-4f80-8794-3f7136647e4f,First_Section,1,1,Answered,https://Assessment/Assessment/24c8c567-ba13-4e3a-9359-b4c68a6fa6c5,OTAuto02,b99df4a4-2bf5-4c08-9483-bd636470bc11,b99df4a4-2bf5-4c08-9483-bd636470bc11
24c8c567-ba13-4e3a-9359-b4c68a6fa6c5,Automated_Assessment_7175981,643,b1f141a282c045bd6cc24be022cfaed9,0,0,,text,Q2,9c270e86-d8e2-4f8f-85a8-20237b0af0c7,9c270e86-d8e2-4f8f-85a8-20237b0af0c7,YESNO,c155fea2-dba6-4f80-8794-3f7136647e4f,First_Section,1,2,Answered,https://Assessment/Assessment/24c8c567-ba13-4e3a-9359-b4c68a6fa6c5,OTAuto02,b99df4a4-2bf5-4c08-9483-bd636470bc11,b99df4a4-2bf5-4c08-9483-bd636470bc11
2a2ac148-f646-47f3-9663-46e6ea5c3159,vendor_6177895 - automation_template_2865658,570,d8c525529e8e293967bacfc585e174bd,0,0,,text,Does this initiative build off or work with a currently ongoing initiative?,5f8398f0-9fc5-478c-b05a-697bd721d81d,5f8398f0-9fc5-478c-b05a-697bd721d81d,TEXTBOX,3e7f5682-3a08-4240-bfd9-99d4413f6cea,Project description and scope,1,1,Unanswered,https://Assessment/Assessment/2a2ac148-f646-47f3-9663-46e6ea5c3159,OTAuto02,b99df4a4-2bf5-4c08-9483-bd636470bc11,b99df4a4-2bf5-4c08-9483-bd636470bc11
32d194fa-4808-41ac-9133-23601cbf4b9d,vendor_2089232 - automation_template_2865658,562,ca00ba97aaa5e4e0d49dba2fb85ec12e,0,0,,text,Does this initiative build off or work with a currently ongoing initiative?,5f8398f0-9fc5-478c-b05a-697bd721d81d,5f8398f0-9fc5-478c-b05a-697bd721d81d,TEXTBOX,3e7f5682-3a08-4240-bfd9-99d4413f6cea,Project description and scope,1,1,Unanswered,https://Assessment/Assessment/32d194fa-4808-41ac-9133-23601cbf4b9d,OTAuto02,b99df4a4-2bf5-4c08-9483-bd636470bc11,b99df4a4-2bf5-4c08-9483-bd636470bc11
43293420-2846-45fd-acc0-4cb258959c04,vendor_6530177 - automation_template_2865658,573,fee7ccf5b3dd41bbfc69f37a0156d4fc,0,0,,text,Does this initiative build off or work with a currently ongoing initiative?,5f8398f0-9fc5-478c-b05a-697bd721d81d,5f8398f0-9fc5-478c-b05a-697bd721d81d,TEXTBOX,3e7f5682-3a08-4240-bfd9-99d4413f6cea,Project description and scope,1,1,Unanswered,https://Assessment/Assessment/43293420-2846-45fd-acc0-4cb258959c04,OTAuto02,b99df4a4-2bf5-4c08-9483-bd636470bc11,b99df4a4-2bf5-4c08-9483-bd636470bc11
4bde5f3a-3028-4898-b68b-2225d8440e4b,assessment_1_2219821,633,a14bc7aa79576068c1cf692de4b1b776,0,0,,text,Q1,cee90eb3-3d49-44e2-8a00-5730c09683e1,cee90eb3-3d49-44e2-8a00-5730c09683e1,INVENTORY,e041d7c4-762d-4bc3-92d3-a94fb864fc40,First_Section,1,1,Unanswered,https://Assessment/Assessment/4bde5f3a-3028-4898-b68b-2225d8440e4b,OTAuto02,b99df4a4-2bf5-4c08-9483-bd636470bc11,b99df4a4-2bf5-4c08-9483-bd636470bc11
50f7eadc-77e4-46e2-9891-0b7590e730ad,Automated_Assessment_4995229,607,c8ac9272ee03f53927b973b271d99186,0,0,,text,PA_question_4995229,e7dc4859-fdec-4860-8fb4-ff6c27e15df4,e7dc4859-fdec-4860-8fb4-ff6c27e15df4,INVENTORY,3c274c45-cd0e-4be6-917d-7370c3f70efa,First_Section_4995229,1,1,Answered,https://Assessment/Assessment/50f7eadc-77e4-46e2-9891-0b7590e730ad,OTAuto02,b99df4a4-2bf5-4c08-9483-bd636470bc11,b99df4a4-2bf5-4c08-9483-bd636470bc11
50f7eadc-77e4-46e2-9891-0b7590e730ad,Automated_Assessment_4995229,607,fea44bc0c9db99fbf776170e858387cb,0,0,,text,Control_question_4995229,03280130-82f0-4d19-9f57-4eb0f133922f,03280130-82f0-4d19-9f57-4eb0f133922f,CONTROL,3c274c45-cd0e-4be6-917d-7370c3f70efa,First_Section_4995229,1,2,Unanswered,https://Assessment/Assessment/50f7eadc-77e4-46e2-9891-0b7590e730ad,OTAuto02,b99df4a4-2bf5-4c08-9483-bd636470bc11,b99df4a4-2bf5-4c08-9483-bd636470bc11
58c35df8-e44c-46a2-96b5-785eeeea9e75,vendor_2865658 - automation_template_2865658,569,016f22c2e231d2e9639cd51f4fe88c26,0,0,,text,Does this initiative build off or work with a currently ongoing initiative?,5f8398f0-9fc5-478c-b05a-697bd721d81d,5f8398f0-9fc5-478c-b05a-697bd721d81d,TEXTBOX,3e7f5682-3a08-4240-bfd9-99d4413f6cea,Project description and scope,1,1,Unanswered,https://Assessment/Assessment/58c35df8-e44c-46a2-96b5-785eeeea9e75,OTAuto02,b99df4a4-2bf5-4c08-9483-bd636470bc11,b99df4a4-2bf5-4c08-9483-bd636470bc11
5e7c4260-cf73-44e5-bc23-7ab214dd1050,vendor_6530177 - automation_template_2865658,574,d392415564d09e9431bea256f24efedf,0,0,,text,Does this initiative build off or work with a currently ongoing initiative?,5f8398f0-9fc5-478c-b05a-697bd721d81d,5f8398f0-9fc5-478c-b05a-697bd721d81d,TEXTBOX,3e7f5682-3a08-4240-bfd9-99d4413f6cea,Project description and scope,1,1,Unanswered,https://Assessment/Assessment/5e7c4260-cf73-44e5-bc23-7ab214dd1050,OTAuto02,b99df4a4-2bf5-4c08-9483-bd636470bc11,b99df4a4-2bf5-4c08-9483-bd636470bc11
70510162-63fb-45c1-8a46-5cfcc8f464cc,assessment_43642_5437860,632,fb53b9227e96b944428f454cb2bd9727,0,0,,text,pa_question_5437860,227bc6e9-4a46-4ff7-84b1-b68c96eebe27,227bc6e9-4a46-4ff7-84b1-b68c96eebe27,INVENTORY,128db056-487e-47de-97b2-7e223e073847,Project description and scope,1,1,Answered,https://Assessment/Assessment/70510162-63fb-45c1-8a46-5cfcc8f464cc,OTAuto02,b99df4a4-2bf5-4c08-9483-bd636470bc11,b99df4a4-2bf5-4c08-9483-bd636470bc11
70510162-63fb-45c1-8a46-5cfcc8f464cc,assessment_43642_5437860,632,889de6186ee7a72c85156a2d343ca6da,0,0,,text,Data Element question,c7e09b92-5e74-4251-8593-a79d0322e0e1,c7e09b92-5e74-4251-8593-a79d0322e0e1,PERSONAL_DATA,128db056-487e-47de-97b2-7e223e073847,Project description and scope,1,2,Unanswered,https://Assessment/Assessment/70510162-63fb-45c1-8a46-5cfcc8f464cc,OTAuto02,b99df4a4-2bf5-4c08-9483-bd636470bc11,b99df4a4-2bf5-4c08-9483-bd636470bc11
7574c518-5f36-4e3c-93b0-d0e3d506197a,assessment_approved_2242092,594,bbc73f773e2bd22a67ce0e052c46421e,0,0,,text,Q1,40e6c9d5-3bbf-4472-bb36-99cdc92b1031,40e6c9d5-3bbf-4472-bb36-99cdc92b1031,YESNO,baf5fded-793d-4ece-8bf5-6c743d96f792,First_Section,1,1,Answered,https://Assessment/Assessment/7574c518-5f36-4e3c-93b0-d0e3d506197a,OTAuto02,b99df4a4-2bf5-4c08-9483-bd636470bc11,b99df4a4-2bf5-4c08-9483-bd636470bc11
801c27e9-5558-4c3e-9f4e-b719c3c12695,vendor_745188 - automation_template_2865658,567,52ab87018b45c719f258226f7bf09803,0,0,,text,Does this initiative build off or work with a currently ongoing initiative?,5f8398f0-9fc5-478c-b05a-697bd721d81d,5f8398f0-9fc5-478c-b05a-697bd721d81d,TEXTBOX,3e7f5682-3a08-4240-bfd9-99d4413f6cea,Project description and scope,1,1,Unanswered,https://Assessment/Assessment/801c27e9-5558-4c3e-9f4e-b719c3c12695,OTAuto02,b99df4a4-2bf5-4c08-9483-bd636470bc11,b99df4a4-2bf5-4c08-9483-bd636470bc11
8371e785-49f6-4082-bf91-46eac41b7f30,Inventory_Assessment_9053925,605,49f78d9c908fc7e6b6bdf5def2e197a3,0,0,,text,How and where will the data be stored?,c1378a1b-32f0-47f6-97c7-1b67db3898cc,c1378a1b-32f0-47f6-97c7-1b67db3898cc,INVENTORY,dc930060-07b4-499b-972e-7d894c2b3cfe,First_Section_9053925,1,1,Answered,https://Assessment/Assessment/8371e785-49f6-4082-bf91-46eac41b7f30,OTAuto02,b99df4a4-2bf5-4c08-9483-bd636470bc11,b99df4a4-2bf5-4c08-9483-bd636470bc11
8371e785-49f6-4082-bf91-46eac41b7f30,Inventory_Assessment_9053925,605,6e8843f059d98a2da71682bfb8bdbbf5,0,0,,text,New_asset_9053925,42d189d5-559b-47c4-a17e-ee13e7a4484d,42d189d5-559b-47c4-a17e-ee13e7a4484d,ATTRIBUTE,dc930060-07b4-499b-972e-7d894c2b3cfe,First_Section_9053925,1,2,Unanswered,https://Assessment/Assessment/8371e785-49f6-4082-bf91-46eac41b7f30,OTAuto02,b99df4a4-2bf5-4c08-9483-bd636470bc11,b99df4a4-2bf5-4c08-9483-bd636470bc11
8f5eb625-de4d-402f-b302-f3302d6ff8df,automated_assessment_63304_2322060,586,f3d0b53cf7411550b1a6389734b0a48e,0,0,,text,How and where will the data be stored?,c26ec653-0008-4cf0-8049-667aea695954,c26ec653-0008-4cf0-8049-667aea695954,YESNO,b8f06568-65e7-4948-8169-33c5edd7053e,First_Section,1,1,Unanswered,https://Assessment/Assessment/8f5eb625-de4d-402f-b302-f3302d6ff8df,OTAuto02,b99df4a4-2bf5-4c08-9483-bd636470bc11,b99df4a4-2bf5-4c08-9483-bd636470bc11
8f7ad10b-4e4a-499f-9b39-024afeff5aa2,Automated_Assessment_61301_2486675,627,c0362d8a14c75ee197322a8da3577d60,0,1,,text,How and where will the data be stored?,b1736c63-18d4-4849-9ae6-229459dc6897,b1736c63-18d4-4849-9ae6-229459dc6897,TEXTBOX,6433a306-c7fa-40a4-b20d-3a8f31d7be2e,Project description and scope,1,1,Answered,https://Assessment/Assessment/8f7ad10b-4e4a-499f-9b39-024afeff5aa2,OTAuto02,b99df4a4-2bf5-4c08-9483-bd636470bc11,b99df4a4-2bf5-4c08-9483-bd636470bc11
9fb2432d-4ef7-427a-8ab6-4e92b0e93b03,Automated_Assessment_6009673,588,beb412fe7d3f9b6d31bf160d044fb219,0,0,,text,How and where will the data be stored?,82e70b1f-0244-46f4-83cf-cc6187a566f7,82e70b1f-0244-46f4-83cf-cc6187a566f7,YESNO,7004829a-ac1f-4374-a0dc-9d98a3aca53a,Project description and scope,1,1,Unanswered,https://Assessment/Assessment/9fb2432d-4ef7-427a-8ab6-4e92b0e93b03,OTAuto02,b99df4a4-2bf5-4c08-9483-bd636470bc11,b99df4a4-2bf5-4c08-9483-bd636470bc11
a04e67f4-6075-447c-b65d-bcc40208582b,vendor_745188 - automation_template_2865658,568,afce5c6e7c393fb1cad970607dc05ed4,0,0,,text,Does this initiative build off or work with a currently ongoing initiative?,5f8398f0-9fc5-478c-b05a-697bd721d81d,5f8398f0-9fc5-478c-b05a-697bd721d81d,TEXTBOX,3e7f5682-3a08-4240-bfd9-99d4413f6cea,Project description and scope,1,1,Unanswered,https://Assessment/Assessment/a04e67f4-6075-447c-b65d-bcc40208582b,OTAuto02,b99df4a4-2bf5-4c08-9483-bd636470bc11,b99df4a4-2bf5-4c08-9483-bd636470bc11
b27b746f-1904-415b-9373-eb476b42049e,assessment_4274531 - Template_1_4274531,641,6ccbf6bef1ee75b9c9c49c607dcef7ad,0,0,,text,Q3,86e54a04-6c93-4ade-bf1d-865c414ccb4e,86e54a04-6c93-4ade-bf1d-865c414ccb4e,INVENTORY,c67328fa-7403-4904-a651-6e4ba7e84b1b,S1,1,1,Unanswered,https://Assessment/Assessment/b27b746f-1904-415b-9373-eb476b42049e,OTAuto02,b99df4a4-2bf5-4c08-9483-bd636470bc11,b99df4a4-2bf5-4c08-9483-bd636470bc11
bcb7b417-746f-4aaa-bb47-ad661eaa3e75,assessment_rejected_2242092,595,598a28c7556f299259cc6f29037924d2,0,0,,text,Q1,40e6c9d5-3bbf-4472-bb36-99cdc92b1031,40e6c9d5-3bbf-4472-bb36-99cdc92b1031,YESNO,baf5fded-793d-4ece-8bf5-6c743d96f792,First_Section,1,1,Answered,https://Assessment/Assessment/bcb7b417-746f-4aaa-bb47-ad661eaa3e75,OTAuto02,b99df4a4-2bf5-4c08-9483-bd636470bc11,b99df4a4-2bf5-4c08-9483-bd636470bc11
bcc34ee5-6f3c-4c9c-900c-9825149b5fba,assessment_4274531,640,3acedc021d183db12d2ae3b95d635e6a,0,0,,text,Q1,b6228fae-a2be-4dde-b190-82d9a7b1c963,b6228fae-a2be-4dde-b190-82d9a7b1c963,INVENTORY,a62e44c1-5a15-4362-81cf-ced99172c032,S1,1,1,Answered,https://Assessment/Assessment/bcc34ee5-6f3c-4c9c-900c-9825149b5fba,OTAuto02,b99df4a4-2bf5-4c08-9483-bd636470bc11,b99df4a4-2bf5-4c08-9483-bd636470bc11
bcc34ee5-6f3c-4c9c-900c-9825149b5fba,assessment_4274531,640,b7435fd1facd2bdd1dabd74206688e2d,0,0,,text,Q2,58aee8e3-5de3-485a-be83-698f3605872d,58aee8e3-5de3-485a-be83-698f3605872d,YESNO,a62e44c1-5a15-4362-81cf-ced99172c032,S1,1,2,Answered,https://Assessment/Assessment/bcc34ee5-6f3c-4c9c-900c-9825149b5fba,OTAuto02,b99df4a4-2bf5-4c08-9483-bd636470bc11,b99df4a4-2bf5-4c08-9483-bd636470bc11
c19a0332-dbea-4447-99ac-ecc57af054cc,vendor1_19032026 - automation_template_2865658,565,334f8212cb47e57e5f79bd8b6fdd7912,0,0,,text,Does this initiative build off or work with a currently ongoing initiative?,5f8398f0-9fc5-478c-b05a-697bd721d81d,5f8398f0-9fc5-478c-b05a-697bd721d81d,TEXTBOX,3e7f5682-3a08-4240-bfd9-99d4413f6cea,Project description and scope,1,1,Unanswered,https://Assessment/Assessment/c19a0332-dbea-4447-99ac-ecc57af054cc,OTAuto02,b99df4a4-2bf5-4c08-9483-bd636470bc11,b99df4a4-2bf5-4c08-9483-bd636470bc11
c649414f-244e-4209-ad3f-7af1658bb21b,vendor_2089232 - automation_template_2865658,564,e1c0f2c30fd68a458fc34e0b06a24293,0,0,,text,Does this initiative build off or work with a currently ongoing initiative?,5f8398f0-9fc5-478c-b05a-697bd721d81d,5f8398f0-9fc5-478c-b05a-697bd721d81d,TEXTBOX,3e7f5682-3a08-4240-bfd9-99d4413f6cea,Project description and scope,1,1,Unanswered,https://Assessment/Assessment/c649414f-244e-4209-ad3f-7af1658bb21b,OTAuto02,b99df4a4-2bf5-4c08-9483-bd636470bc11,b99df4a4-2bf5-4c08-9483-bd636470bc11
c9a76e4f-799f-4de6-be23-e426f70299bd,vendor_75_19032026 - automation_template_2865658,577,4c1026a67ee0a67aca594b7909b7b609,0,0,,text,Does this initiative build off or work with a currently ongoing initiative?,5f8398f0-9fc5-478c-b05a-697bd721d81d,5f8398f0-9fc5-478c-b05a-697bd721d81d,TEXTBOX,3e7f5682-3a08-4240-bfd9-99d4413f6cea,Project description and scope,1,1,Unanswered,https://Assessment/Assessment/c9a76e4f-799f-4de6-be23-e426f70299bd,OTAuto02,b99df4a4-2bf5-4c08-9483-bd636470bc11,b99df4a4-2bf5-4c08-9483-bd636470bc11
cb3bfb33-6731-4562-90dc-8cef0641c1d2,assessment_42286_4005585,587,d80024bc470bb076617b15ee6e7ceb35,0,0,,text,Q1,0477e2bb-9872-4a92-b080-8a7b7d3cefbf,0477e2bb-9872-4a92-b080-8a7b7d3cefbf,TEXTBOX,0a886fff-f21f-4309-904d-0ceb858eb0ca,Project description and scope,1,1,Unanswered,https://Assessment/Assessment/cb3bfb33-6731-4562-90dc-8cef0641c1d2,OTAuto02,b99df4a4-2bf5-4c08-9483-bd636470bc11,b99df4a4-2bf5-4c08-9483-bd636470bc11
d7358ffb-593f-412f-a1c9-3929879d5ef7,copy_automated_assessment_64248_9579873,622,5f1fd3344d3d254a7c64983fd56be78e,0,0,,text,How and where will the data be stored?,c1504070-915d-4570-a16d-eae00925fc93,d73e6be9-741d-4618-a23e-e2c36b299e5a,TEXTBOX,510943db-a7c9-4c80-981b-c0c293d48a58,First_Section,1,1,Answered,https://Assessment/Assessment/d7358ffb-593f-412f-a1c9-3929879d5ef7,OTAuto02,b99df4a4-2bf5-4c08-9483-bd636470bc11,b99df4a4-2bf5-4c08-9483-bd636470bc11
d7358ffb-593f-412f-a1c9-3929879d5ef7,copy_automated_assessment_64248_9579873,622,77ffbbdf98cf2a4e4f4631f5c0be04a3,0,0,,text,Q1,5502b17c-aedb-400b-aa57-8fcb86f74e49,5502b17c-aedb-400b-aa57-8fcb86f74e49,YESNO,6d7e9bab-5d2a-491b-8278-ea9a0137670a,Section_2,2,1,Unanswered,https://Assessment/Assessment/d7358ffb-593f-412f-a1c9-3929879d5ef7,OTAuto02,b99df4a4-2bf5-4c08-9483-bd636470bc11,b99df4a4-2bf5-4c08-9483-bd636470bc11
ddf07146-39eb-4d67-b59d-0b007821fff8,vendor_75_19032026 - automation_template_2865658,578,2fd8cb3f5657e268fe3fdcc62ca1a983,0,0,,text,Does this initiative build off or work with a currently ongoing initiative?,5f8398f0-9fc5-478c-b05a-697bd721d81d,5f8398f0-9fc5-478c-b05a-697bd721d81d,TEXTBOX,3e7f5682-3a08-4240-bfd9-99d4413f6cea,Project description and scope,1,1,Unanswered,https://Assessment/Assessment/ddf07146-39eb-4d67-b59d-0b007821fff8,OTAuto02,b99df4a4-2bf5-4c08-9483-bd636470bc11,b99df4a4-2bf5-4c08-9483-bd636470bc11
f826477d-563f-412d-8d2d-b33301447c2d,assessment_42284_2104079,623,4af8e6a0b012473ad69a6e798ec3d613,0,0,,text,Q1,a23ff92d-0a66-4778-85c7-fe080a34e4e9,a23ff92d-0a66-4778-85c7-fe080a34e4e9,TEXTBOX,45213fb8-88c3-4973-8cd9-850123691299,Project description and scope,1,1,Unanswered,https://Assessment/Assessment/f826477d-563f-412d-8d2d-b33301447c2d,OTAuto02,b99df4a4-2bf5-4c08-9483-bd636470bc11,b99df4a4-2bf5-4c08-9483-bd636470bc11
3dc8f62d-a2b6-448f-b43b-46eeba7bdea1,Assessment_1944484,499,aff56e7e7f350add20848b88a8082102,0,0,,text,Qyesno,6281d601-f5f4-4085-af22-0094975a1ce7,6281d601-f5f4-4085-af22-0094975a1ce7,YESNO,e5efa6fe-0042-49d6-8f79-1d1a7ecdef83,First_Section,1,1,Unanswered,https://Assessment/Assessment/3dc8f62d-a2b6-448f-b43b-46eeba7bdea1,OTAuto02,b99df4a4-2bf5-4c08-9483-bd636470bc11,b99df4a4-2bf5-4c08-9483-bd636470bc11
80225a93-d391-4693-9ce3-4b347cd7402a,Automated_Assessment_9359290,515,670c2f03030e5cc373de30f6f453fb2a,0,0,,text,Q2,ec6780e9-eb29-4cad-a558-949f48458376,ec6780e9-eb29-4cad-a558-949f48458376,YESNO,97871804-7e42-4f4b-abf1-4731740ab1eb,S2,2,1,Answered,https://Assessment/Assessment/80225a93-d391-4693-9ce3-4b347cd7402a,OTAuto02,b99df4a4-2bf5-4c08-9483-bd636470bc11,b99df4a4-2bf5-4c08-9483-bd636470bc11
98380d56-4af6-4fcb-95f0-f6c62979a4c0,Assessment_4197915,513,5a6bbe8514490151ce335c9c4c637cb4,0,0,,text,Q1,11e2658f-8733-4510-9e45-2bece17ceb62,11e2658f-8733-4510-9e45-2bece17ceb62,TEXTBOX,536518e9-6231-47cf-b663-5ba79b7f58be,First_Section,1,1,Answered,https://Assessment/Assessment/98380d56-4af6-4fcb-95f0-f6c62979a4c0,OTAuto02,b99df4a4-2bf5-4c08-9483-bd636470bc11,b99df4a4-2bf5-4c08-9483-bd636470bc11
2cffa370-5c80-4fbf-a730-3764afe19689,automation_assessment3_7598504,488,856c0e747121d65f87cfce7d5cf5e974,0,0,,text,multi_select_7598504,7570076b-eced-4534-aadb-d31157c71de6,7570076b-eced-4534-aadb-d31157c71de6,ATTRIBUTE,27f9a650-b48d-4020-8991-6c78f5ad22a3,First_Section,1,2,Answered,https://Assessment/Assessment/2cffa370-5c80-4fbf-a730-3764afe19689,OTAuto02,b99df4a4-2bf5-4c08-9483-bd636470bc11,b99df4a4-2bf5-4c08-9483-bd636470bc11
0f078b7a-a064-444d-a56b-d8c49aee11c0,automation_assessment_49311_1516454,512,ef4e9a8d849b382ce4fa45ae2d51985d,0,0,,text,How and where will the data be stored?,e5250b45-be0f-4ea4-babc-1fec5421dd13,e5250b45-be0f-4ea4-babc-1fec5421dd13,TEXTBOX,7eef628a-34e6-4b61-888b-c3fa6bf7458f,First_Section,1,1,Answered,https://Assessment/Assessment/0f078b7a-a064-444d-a56b-d8c49aee11c0,OTAuto02,b99df4a4-2bf5-4c08-9483-bd636470bc11,b99df4a4-2bf5-4c08-9483-bd636470bc11
2cffa370-5c80-4fbf-a730-3764afe19689,automation_assessment3_7598504,488,abee52393d8b8db4126d606e977fed5b,0,0,,text,ASSESS_RISK1,590d8967-fc32-45cc-8cc3-2670cba880ea,770b25f2-77bd-4168-99f2-47267c7d2584,ASSESS_RISK,27f9a650-b48d-4020-8991-6c78f5ad22a3,First_Section,1,1,Answered,https://Assessment/Assessment/2cffa370-5c80-4fbf-a730-3764afe19689,OTAuto02,b99df4a4-2bf5-4c08-9483-bd636470bc11,b99df4a4-2bf5-4c08-9483-bd636470bc11
80225a93-d391-4693-9ce3-4b347cd7402a,Automated_Assessment_9359290,515,a69275312e9c7173717cc67cc59f6fc1,0,0,,text,Multichoice Q,857fb2e2-0d4d-4947-8326-d5e765a3d5c2,857fb2e2-0d4d-4947-8326-d5e765a3d5c2,MULTICHOICE,a671a1e4-7489-40d8-8a65-18906e6c4b45,S1,1,1,Answered,https://Assessment/Assessment/80225a93-d391-4693-9ce3-4b347cd7402a,OTAuto02,b99df4a4-2bf5-4c08-9483-bd636470bc11,b99df4a4-2bf5-4c08-9483-bd636470bc11
80225a93-d391-4693-9ce3-4b347cd7402a,Automated_Assessment_9359290,515,a825c6c19ad23a5356319ed99db0591b,0,0,,text,Q3,7957f6d2-3824-4519-93db-29b9f8e2dbf4,7957f6d2-3824-4519-93db-29b9f8e2dbf4,TEXTBOX,fcde7df9-61aa-4a46-8703-0e39118f83bd,S3,3,1,Unanswered,https://Assessment/Assessment/80225a93-d391-4693-9ce3-4b347cd7402a,OTAuto02,b99df4a4-2bf5-4c08-9483-bd636470bc11,b99df4a4-2bf5-4c08-9483-bd636470bc11
b72b0299-8809-4839-a59f-3f5e1caf5bce,automation_project_42835_4730863,516,cf31d92653d152f31d6868f0caf4a502,0,0,,text,Does this initiative build off or work with a currently ongoing initiative?,9386de6d-400b-42ae-9f3a-28761434abcb,9386de6d-400b-42ae-9f3a-28761434abcb,INVENTORY,3a2db80b-407e-4298-bf1a-2ced2129bbb4,Project description and scope,1,1,Answered,https://Assessment/Assessment/b72b0299-8809-4839-a59f-3f5e1caf5bce,OTAuto02,b99df4a4-2bf5-4c08-9483-bd636470bc11,b99df4a4-2bf5-4c08-9483-bd636470bc11
2eda4e7a-58a4-4a2e-ad3a-aa836942da99,automated_assessment_40643_8386608,535,a9f60b6a1caf093c9fe51eeadcd758f2,0,0,,text,Does this initiative build off or work with a currently ongoing initiative?,92198cf1-61ba-4a72-9139-c8c807a765c2,92198cf1-61ba-4a72-9139-c8c807a765c2,INVENTORY,e04fdf3a-0198-442f-984b-a72a5d2305ba,Project description and scope,1,1,Unanswered,https://Assessment/Assessment/2eda4e7a-58a4-4a2e-ad3a-aa836942da99,OTAuto02,b99df4a4-2bf5-4c08-9483-bd636470bc11,b99df4a4-2bf5-4c08-9483-bd636470bc11
662f239d-a120-4ece-8221-e203ba731218,control_6235264_assessment_6235264,538,f443c8156d30e5f29a41de640a67ec91,0,0,,text,Control Owner,b198559b-9cb0-4860-bf64-5518e2b1084a,b198559b-9cb0-4860-bf64-5518e2b1084a,ATTRIBUTE,188422a3-968e-4a0e-ba77-6e925e4cf2aa,First_Section,1,3,Unanswered,https://Assessment/Assessment/662f239d-a120-4ece-8221-e203ba731218,OTAuto02,b99df4a4-2bf5-4c08-9483-bd636470bc11,b99df4a4-2bf5-4c08-9483-bd636470bc11
c6ddec54-ace1-4d8f-8d50-c098803df9a6,Reassess_Assessment_8873513,531,34d7e5f7bbb85ccee17fb77f75789193,0,0,,text,Risk Name,95bb59ad-0b75-4cfe-8d77-76e2d5d60905,95bb59ad-0b75-4cfe-8d77-76e2d5d60905,ATTRIBUTE,791dfa82-8acf-4bbd-8dbd-689e08dc1146,First_Section,1,3,Answered,https://Assessment/Assessment/c6ddec54-ace1-4d8f-8d50-c098803df9a6,OTAuto02,b99df4a4-2bf5-4c08-9483-bd636470bc11,b99df4a4-2bf5-4c08-9483-bd636470bc11
662f239d-a120-4ece-8221-e203ba731218,control_6235264_assessment_6235264,538,66af137c5cc172cbc3bb42f653592f30,0,0,,text,control_6235264,e1845774-ab73-4dbf-a990-903fc607179b,e1845774-ab73-4dbf-a990-903fc607179b,ATTRIBUTE,188422a3-968e-4a0e-ba77-6e925e4cf2aa,First_Section,1,2,Answered,https://Assessment/Assessment/662f239d-a120-4ece-8221-e203ba731218,OTAuto02,b99df4a4-2bf5-4c08-9483-bd636470bc11,b99df4a4-2bf5-4c08-9483-bd636470bc11
8c2f728e-e11f-4ff6-abc7-b34b4eac75e0,Assessment_01_4197915,522,9d2ec3688c66057da7101ae7bc74d048,0,0,,text,Q1,11e2658f-8733-4510-9e45-2bece17ceb62,11e2658f-8733-4510-9e45-2bece17ceb62,TEXTBOX,536518e9-6231-47cf-b663-5ba79b7f58be,First_Section,1,1,Unanswered,https://Assessment/Assessment/8c2f728e-e11f-4ff6-abc7-b34b4eac75e0,OTAuto02,b99df4a4-2bf5-4c08-9483-bd636470bc11,b99df4a4-2bf5-4c08-9483-bd636470bc11
c6ddec54-ace1-4d8f-8d50-c098803df9a6,Reassess_Assessment_8873513,531,f660a716d74c97ea79db6091ac13164e,0,0,,datetime,Deadline,777519c2-f08e-46fb-ab3e-d1e2d79d3561,777519c2-f08e-46fb-ab3e-d1e2d79d3561,ATTRIBUTE,791dfa82-8acf-4bbd-8dbd-689e08dc1146,First_Section,1,5,Answered,https://Assessment/Assessment/c6ddec54-ace1-4d8f-8d50-c098803df9a6,OTAuto02,b99df4a4-2bf5-4c08-9483-bd636470bc11,b99df4a4-2bf5-4c08-9483-bd636470bc11
c6ddec54-ace1-4d8f-8d50-c098803df9a6,Reassess_Assessment_8873513,531,8f4b326be63cda194f9578b6a412405c,0,0,,text,automated_risk_attribute_8873513,20acd547-1330-4ab1-a93d-0b34ccb3fccc,20acd547-1330-4ab1-a93d-0b34ccb3fccc,ATTRIBUTE,791dfa82-8acf-4bbd-8dbd-689e08dc1146,First_Section,1,2,Unanswered,https://Assessment/Assessment/c6ddec54-ace1-4d8f-8d50-c098803df9a6,OTAuto02,b99df4a4-2bf5-4c08-9483-bd636470bc11,b99df4a4-2bf5-4c08-9483-bd636470bc11
c6ddec54-ace1-4d8f-8d50-c098803df9a6,Reassess_Assessment_8873513,531,8aab1129510c892a54ae1a104799e578,0,0,,text,Q1,1755515c-6b21-4f97-aeb3-7c93376ba75a,1755515c-6b21-4f97-aeb3-7c93376ba75a,ASSESS_RISK,791dfa82-8acf-4bbd-8dbd-689e08dc1146,First_Section,1,1,Answered,https://Assessment/Assessment/c6ddec54-ace1-4d8f-8d50-c098803df9a6,OTAuto02,b99df4a4-2bf5-4c08-9483-bd636470bc11,b99df4a4-2bf5-4c08-9483-bd636470bc11
662f239d-a120-4ece-8221-e203ba731218,control_6235264_assessment_6235264,538,674a12321afdf6afaa88872ad4f4e6d9,0,0,,text,Maturity,90638316-6252-46b9-a4c4-441ba6610675,90638316-6252-46b9-a4c4-441ba6610675,ATTRIBUTE,188422a3-968e-4a0e-ba77-6e925e4cf2aa,First_Section,1,4,Unanswered,https://Assessment/Assessment/662f239d-a120-4ece-8221-e203ba731218,OTAuto02,b99df4a4-2bf5-4c08-9483-bd636470bc11,b99df4a4-2bf5-4c08-9483-bd636470bc11
66778ce1-2511-47a7-815f-06dcc1aef73a,Automated_Assessment_1646846,540,fa793d9525c3f2797b6c28bfa4e2452c,0,0,,text,How and where will the data be stored?,271ac8ba-51aa-48b3-a3b5-2dda85d5dd29,271ac8ba-51aa-48b3-a3b5-2dda85d5dd29,YESNO,40f98846-0106-41ac-ae95-a78bc5721918,First_Section,1,1,Unanswered,https://Assessment/Assessment/66778ce1-2511-47a7-815f-06dcc1aef73a,OTAuto02,b99df4a4-2bf5-4c08-9483-bd636470bc11,b99df4a4-2bf5-4c08-9483-bd636470bc11
179169b1-a4e5-4c0b-869f-8e7886c5b4f4,Automated_Assessment_68753_8973283,527,e69cb1c3fe379d08f152a7c331b5cd8d,0,0,,text,How and where will the data be stored?,9b5c2f38-f5a1-4db0-8f2f-ec1970ec4abf,9b5c2f38-f5a1-4db0-8f2f-ec1970ec4abf,YESNO,b357fdf3-858c-46e8-8ec0-3ecf4d06bd82,Project description and scope,1,1,Unanswered,https://Assessment/Assessment/179169b1-a4e5-4c0b-869f-8e7886c5b4f4,OTAuto02,b99df4a4-2bf5-4c08-9483-bd636470bc11,b99df4a4-2bf5-4c08-9483-bd636470bc11
c6ddec54-ace1-4d8f-8d50-c098803df9a6,Reassess_Assessment_8873513,531,62f965fb74dd293ffd8fe5f57b49b4da,0,0,,text,Description,54c8687d-6551-4782-9891-a7c6312b590b,54c8687d-6551-4782-9891-a7c6312b590b,ATTRIBUTE,791dfa82-8acf-4bbd-8dbd-689e08dc1146,First_Section,1,4,Answered,https://Assessment/Assessment/c6ddec54-ace1-4d8f-8d50-c098803df9a6,OTAuto02,b99df4a4-2bf5-4c08-9483-bd636470bc11,b99df4a4-2bf5-4c08-9483-bd636470bc11
662f239d-a120-4ece-8221-e203ba731218,control_6235264_assessment_6235264,538,7c7dbcf8b10a252208897316703fb325,0,0,,text,Assess_Control_q1?,07c16105-aa7f-4c9c-a4a8-84ba20c53765,07c16105-aa7f-4c9c-a4a8-84ba20c53765,ASSESS_CONTROL,188422a3-968e-4a0e-ba77-6e925e4cf2aa,First_Section,1,1,Answered,https://Assessment/Assessment/662f239d-a120-4ece-8221-e203ba731218,OTAuto02,b99df4a4-2bf5-4c08-9483-bd636470bc11,b99df4a4-2bf5-4c08-9483-bd636470bc11
561f82d5-4fe6-411f-b530-d6fddff4e472,assessment_1041485,544,0af0b871e574b68da6bed561170a0f9f,0,0,,text,Q1,7235da80-2cc2-4257-9e7b-1d959eb7c75a,7235da80-2cc2-4257-9e7b-1d959eb7c75a,INVENTORY,f0203a0a-7cb7-47e1-aa1e-c2e6d3e0d990,First_Section,1,1,Answered,https://Assessment/Assessment/561f82d5-4fe6-411f-b530-d6fddff4e472,OTAuto02,b99df4a4-2bf5-4c08-9483-bd636470bc11,b99df4a4-2bf5-4c08-9483-bd636470bc11
561f82d5-4fe6-411f-b530-d6fddff4e472,assessment_1041485,544,2dde6e42f23fe5f6f2621790b8e48057,0,0,,text,Hosting Location,8902a3bf-7e6a-4b6c-b89e-11dbc76a388b,8902a3bf-7e6a-4b6c-b89e-11dbc76a388b,ATTRIBUTE,f0203a0a-7cb7-47e1-aa1e-c2e6d3e0d990,First_Section,1,2,Answered,https://Assessment/Assessment/561f82d5-4fe6-411f-b530-d6fddff4e472,OTAuto02,b99df4a4-2bf5-4c08-9483-bd636470bc11,b99df4a4-2bf5-4c08-9483-bd636470bc11
561f82d5-4fe6-411f-b530-d6fddff4e472,assessment_1041485,544,64f33b84c86d6adec2f495a9a404e1c6,0,0,,text,asset_1_1041485,de48c9e7-3f35-4903-8ae1-9e45fe4809c4,de48c9e7-3f35-4903-8ae1-9e45fe4809c4,ATTRIBUTE,f0203a0a-7cb7-47e1-aa1e-c2e6d3e0d990,First_Section,1,3,Answered,https://Assessment/Assessment/561f82d5-4fe6-411f-b530-d6fddff4e472,OTAuto02,b99df4a4-2bf5-4c08-9483-bd636470bc11,b99df4a4-2bf5-4c08-9483-bd636470bc11
561f82d5-4fe6-411f-b530-d6fddff4e472,assessment_1041485,544,c323e7f2fe92c6e461c29c5e370ab49e,0,0,,text,Data Element question,f4bc318a-fbed-466a-92c2-5221f6282eb9,f4bc318a-fbed-466a-92c2-5221f6282eb9,PERSONAL_DATA,f0203a0a-7cb7-47e1-aa1e-c2e6d3e0d990,First_Section,1,4,Answered,https://Assessment/Assessment/561f82d5-4fe6-411f-b530-d6fddff4e472,OTAuto02,b99df4a4-2bf5-4c08-9483-bd636470bc11,b99df4a4-2bf5-4c08-9483-bd636470bc11
561f82d5-4fe6-411f-b530-d6fddff4e472,assessment_1041485,544,1d883e76af5f902cf037da62447c2c3a,0,0,,text,Qmulti-choice,42f82a41-e8ba-499e-8ba5-0e8ebf19ce2d,42f82a41-e8ba-499e-8ba5-0e8ebf19ce2d,MULTICHOICE,f0203a0a-7cb7-47e1-aa1e-c2e6d3e0d990,First_Section,1,5,Answered,https://Assessment/Assessment/561f82d5-4fe6-411f-b530-d6fddff4e472,OTAuto02,b99df4a4-2bf5-4c08-9483-bd636470bc11,b99df4a4-2bf5-4c08-9483-bd636470bc11
561f82d5-4fe6-411f-b530-d6fddff4e472,assessment_1041485,544,26f9636bd0c3c168721b7ddd34652c77,0,0,,text,Qyesno,6acdd532-3664-4541-85f2-58343c5c66bc,6acdd532-3664-4541-85f2-58343c5c66bc,YESNO,f0203a0a-7cb7-47e1-aa1e-c2e6d3e0d990,First_Section,1,6,Answered,https://Assessment/Assessment/561f82d5-4fe6-411f-b530-d6fddff4e472,OTAuto02,b99df4a4-2bf5-4c08-9483-bd636470bc11,b99df4a4-2bf5-4c08-9483-bd636470bc11
990e0513-76ca-40ab-ba95-b73b01a8ad6c,assessment_42253_9677085,548,3fd00aff79db81f7cb39a4a574c73381,0,0,,text,Does this initiative build off or work with a currently ongoing initiative?,d4093ae3-0309-4473-8ecc-3357d028e166,d4093ae3-0309-4473-8ecc-3357d028e166,INVENTORY,80b42db0-983d-4d28-ae40-89be2efe22f3,Project description and scope,1,1,Unanswered,https://Assessment/Assessment/990e0513-76ca-40ab-ba95-b73b01a8ad6c,OTAuto02,b99df4a4-2bf5-4c08-9483-bd636470bc11,b99df4a4-2bf5-4c08-9483-bd636470bc11
a69bade9-6867-403f-ade9-cc28505e0791,assessment_1_5633969 - Template_5633969,554,0308a17b1f3eba753923fd1458eff22d,0,0,,text,Q1,afe4da0c-10be-40bd-bebf-23ec5ab0652c,afe4da0c-10be-40bd-bebf-23ec5ab0652c,MULTICHOICE,27cd2ab1-e77f-4c2d-8079-51a1f1701fd1,S1,1,1,Unanswered,https://Assessment/Assessment/a69bade9-6867-403f-ade9-cc28505e0791,asset_org_1,6b055818-7a4a-497c-a9ba-407530f4a17d,6b055818-7a4a-497c-a9ba-407530f4a17d
a69bade9-6867-403f-ade9-cc28505e0791,assessment_1_5633969 - Template_5633969,554,0308a17b1f3eba753923fd1458eff22d,0,0,,text,Q1,afe4da0c-10be-40bd-bebf-23ec5ab0652c,afe4da0c-10be-40bd-bebf-23ec5ab0652c,MULTICHOICE,27cd2ab1-e77f-4c2d-8079-51a1f1701fd1,S1,1,1,Unanswered,https://Assessment/Assessment/a69bade9-6867-403f-ade9-cc28505e0791,asset_org_1,6b055818-7a4a-497c-a9ba-407530f4a17d,b99df4a4-2bf5-4c08-9483-bd636470bc11
b33cb346-0825-4f15-95db-9e6c6134be25,assessment_9738141,549,f49a5aeef39d0b4bc6dee158bb68cb25,0,0,,text,Q1,0fba5cef-754e-479e-acc3-65578be0cd7e,0fba5cef-754e-479e-acc3-65578be0cd7e,MULTICHOICE,38376eee-e94e-44cd-9a94-1e047d195fbb,S1,1,1,Unanswered,https://Assessment/Assessment/b33cb346-0825-4f15-95db-9e6c6134be25,OTAuto02,b99df4a4-2bf5-4c08-9483-bd636470bc11,b99df4a4-2bf5-4c08-9483-bd636470bc11
b33cb346-0825-4f15-95db-9e6c6134be25,assessment_9738141,549,a59af59aaf7dd8f115b7aedfeadf8f50,0,0,,text,Q2,5e694ddf-c9e8-42c7-a90b-6ac6269de161,5e694ddf-c9e8-42c7-a90b-6ac6269de161,YESNO,53cce44a-cc70-4acf-ab51-d51574a67c39,S2,2,1,Unanswered,https://Assessment/Assessment/b33cb346-0825-4f15-95db-9e6c6134be25,OTAuto02,b99df4a4-2bf5-4c08-9483-bd636470bc11,b99df4a4-2bf5-4c08-9483-bd636470bc11
b33cb346-0825-4f15-95db-9e6c6134be25,assessment_9738141,549,247f6db2baa41cc294830541c39d8647,0,0,,text,Q3,6ea1c9dd-6d34-43dd-aa5b-e0b298fdf365,6ea1c9dd-6d34-43dd-aa5b-e0b298fdf365,YESNO,ba7e83a7-97aa-42bb-8b78-2600658c3af4,S3,3,1,Unanswered,https://Assessment/Assessment/b33cb346-0825-4f15-95db-9e6c6134be25,OTAuto02,b99df4a4-2bf5-4c08-9483-bd636470bc11,b99df4a4-2bf5-4c08-9483-bd636470bc11
051eaed9-d425-490a-ab4f-87fc43f7249d,Automated_Assessment_5923325,485,fbaa7b7f7887b366a089d08e605e9e27,0,0,,text,Multichoice Q,eb32a41b-c36d-47fc-81fc-412bad06f2bc,eb32a41b-c36d-47fc-81fc-412bad06f2bc,MULTICHOICE,d733cdd9-6a34-4c12-ba13-63b578c2bfef,S2,2,1,Answered,https://Assessment/Assessment/051eaed9-d425-490a-ab4f-87fc43f7249d,OTAuto02,b99df4a4-2bf5-4c08-9483-bd636470bc11,b99df4a4-2bf5-4c08-9483-bd636470bc11
051eaed9-d425-490a-ab4f-87fc43f7249d,Automated_Assessment_5923325,485,cf29276c8bf90abf598f775235bab1ee,0,0,,text,Q3,dd2c5b94-3d15-4f09-a321-0b63c02e7027,dd2c5b94-3d15-4f09-a321-0b63c02e7027,TEXTBOX,db241383-6a2f-4c92-80c1-5143266de38b,S3,3,1,Unanswered,https://Assessment/Assessment/051eaed9-d425-490a-ab4f-87fc43f7249d,OTAuto02,b99df4a4-2bf5-4c08-9483-bd636470bc11,b99df4a4-2bf5-4c08-9483-bd636470bc11
6c9b267a-2699-4320-b6c2-d524ec001ad4,Assessment_1_5234746,468,d643ca5dd8d8dad8c762e9f35485fb66,0,0,,text,attribute_3_5234746,6a01dbb1-e465-47db-ab52-4649560051a2,6a01dbb1-e465-47db-ab52-4649560051a2,ATTRIBUTE,f3b24149-3d7e-453d-9502-04623f2fe17b,First_Section,1,4,Skipped,https://Assessment/Assessment/6c9b267a-2699-4320-b6c2-d524ec001ad4,OTAuto02,b99df4a4-2bf5-4c08-9483-bd636470bc11,b99df4a4-2bf5-4c08-9483-bd636470bc11
962982cc-574b-494d-9660-476aac16faed,Automated_Assessment_8903026,473,188154421930fc5cd8f74e8759fc72c0,0,0,,text,Personal Data Q?,5bb34d8e-cb65-451f-828d-6ac9e5df1a68,5bb34d8e-cb65-451f-828d-6ac9e5df1a68,PERSONAL_DATA,e36080a7-fe53-4d3b-b3b2-5baef295cf04,First_Section,1,6,Skipped,https://Assessment/Assessment/962982cc-574b-494d-9660-476aac16faed,OTAuto02,b99df4a4-2bf5-4c08-9483-bd636470bc11,b99df4a4-2bf5-4c08-9483-bd636470bc11
a821ecee-d420-419a-9612-987a98fe99e9,automated_assessment_9237858,493,0b54b55aa732f0c5bd4a7f9da020e3a7,0,0,,text,Q1,d666efaa-7414-4f25-ba1b-b2f51503395a,d666efaa-7414-4f25-ba1b-b2f51503395a,MULTICHOICE,87d28553-f7e7-47d9-8c96-a9e547c2b83d,S1,1,1,Answered,https://Assessment/Assessment/a821ecee-d420-419a-9612-987a98fe99e9,OTAuto02,b99df4a4-2bf5-4c08-9483-bd636470bc11,b99df4a4-2bf5-4c08-9483-bd636470bc11
962982cc-574b-494d-9660-476aac16faed,Automated_Assessment_8903026,473,bf150da4c4227c9a049e30f76dab95e8,0,0,,text,Multichoice Q?,15960ca3-8b5d-48b7-9336-6f02d2bae90c,15960ca3-8b5d-48b7-9336-6f02d2bae90c,MULTICHOICE,e36080a7-fe53-4d3b-b3b2-5baef295cf04,First_Section,1,3,Unanswered,https://Assessment/Assessment/962982cc-574b-494d-9660-476aac16faed,OTAuto02,b99df4a4-2bf5-4c08-9483-bd636470bc11,b99df4a4-2bf5-4c08-9483-bd636470bc11
962982cc-574b-494d-9660-476aac16faed,Automated_Assessment_8903026,473,cf1d747655e928d2907d3132007bf990,0,0,,text,Purpose of Processing,413bdf87-d5d0-47b8-b870-6445de1f58e5,413bdf87-d5d0-47b8-b870-6445de1f58e5,ATTRIBUTE,e36080a7-fe53-4d3b-b3b2-5baef295cf04,First_Section,1,10,Skipped,https://Assessment/Assessment/962982cc-574b-494d-9660-476aac16faed,OTAuto02,b99df4a4-2bf5-4c08-9483-bd636470bc11,b99df4a4-2bf5-4c08-9483-bd636470bc11
0e334559-ee25-4464-890b-38d8825475d6,asset_7630671 - automation_template_7630671,466,0b71ff54cfb003628075adf4996cc0e7,0,0,,text,Does this initiative build off or work with a currently ongoing initiative?,a3d3c21e-2693-49bb-90a6-ae442bd465ef,a3d3c21e-2693-49bb-90a6-ae442bd465ef,TEXTBOX,a6e9df44-3065-42b3-8cf7-ad7ffe9fd54a,Project description and scope,1,1,Unanswered,https://Assessment/Assessment/0e334559-ee25-4464-890b-38d8825475d6,OTAuto02,b99df4a4-2bf5-4c08-9483-bd636470bc11,b99df4a4-2bf5-4c08-9483-bd636470bc11
6c9b267a-2699-4320-b6c2-d524ec001ad4,Assessment_1_5234746,468,72d1ef5ec5898e67ecd2f8bb75308d3d,0,0,,text,Hosting Location,322b22e0-0619-414b-968f-f3b0d836fb86,322b22e0-0619-414b-968f-f3b0d836fb86,ATTRIBUTE,434eea73-5298-4abf-baef-0750f87c800c,Second_Section,2,1,Skipped,https://Assessment/Assessment/6c9b267a-2699-4320-b6c2-d524ec001ad4,OTAuto02,b99df4a4-2bf5-4c08-9483-bd636470bc11,b99df4a4-2bf5-4c08-9483-bd636470bc11
acb94bdc-ed04-44cf-a267-ff061d8ede92,Automated_Assessment_7548484,445,64faab79683b2873b7ce4c9f615cea45,0,0,,text,Q2,506e04b2-b5ea-43fd-93cd-3116da07072b,506e04b2-b5ea-43fd-93cd-3116da07072b,YESNO,38d80b18-4dfb-4519-bff4-a3b482b21a93,S2,2,1,Unanswered,https://Assessment/Assessment/acb94bdc-ed04-44cf-a267-ff061d8ede92,OTAuto02,b99df4a4-2bf5-4c08-9483-bd636470bc11,b99df4a4-2bf5-4c08-9483-bd636470bc11
6c9b267a-2699-4320-b6c2-d524ec001ad4,Assessment_1_5234746,468,75929db87fd088a00b515cfbe6ee41ff,0,0,,text,attribute_2_5234746,35392674-80ce-47ad-ad21-19f3a5154348,35392674-80ce-47ad-ad21-19f3a5154348,ATTRIBUTE,f3b24149-3d7e-453d-9502-04623f2fe17b,First_Section,1,3,Skipped,https://Assessment/Assessment/6c9b267a-2699-4320-b6c2-d524ec001ad4,OTAuto02,b99df4a4-2bf5-4c08-9483-bd636470bc11,b99df4a4-2bf5-4c08-9483-bd636470bc11
962982cc-574b-494d-9660-476aac16faed,Automated_Assessment_8903026,473,bb3512ccdc01669c80910f19100cf91a,0,0,,text,Statement Q?,d7c2a7d7-535f-417a-8bbc-1fb4dc318017,d7c2a7d7-535f-417a-8bbc-1fb4dc318017,STATEMENT,e36080a7-fe53-4d3b-b3b2-5baef295cf04,First_Section,1,4,Skipped,https://Assessment/Assessment/962982cc-574b-494d-9660-476aac16faed,OTAuto02,b99df4a4-2bf5-4c08-9483-bd636470bc11,b99df4a4-2bf5-4c08-9483-bd636470bc11
962982cc-574b-494d-9660-476aac16faed,Automated_Assessment_8903026,473,e98b78d747a91d2cd9c02099b4fd0e11,0,0,,text,Hosting Location,f3b7a808-219e-42b0-8615-6548f926aa49,f3b7a808-219e-42b0-8615-6548f926aa49,ATTRIBUTE,e36080a7-fe53-4d3b-b3b2-5baef295cf04,First_Section,1,8,Skipped,https://Assessment/Assessment/962982cc-574b-494d-9660-476aac16faed,OTAuto02,b99df4a4-2bf5-4c08-9483-bd636470bc11,b99df4a4-2bf5-4c08-9483-bd636470bc11
acb94bdc-ed04-44cf-a267-ff061d8ede92,Automated_Assessment_7548484,445,38564331023b423fc7661ef9b3ec27a8,0,0,,text,Multichoice Q,af4955f8-aa95-44ad-af76-b3efc21ea2d2,af4955f8-aa95-44ad-af76-b3efc21ea2d2,MULTICHOICE,f2678c8f-4841-4d7c-b684-f07823c55864,S1,1,1,Answered,https://Assessment/Assessment/acb94bdc-ed04-44cf-a267-ff061d8ede92,OTAuto02,b99df4a4-2bf5-4c08-9483-bd636470bc11,b99df4a4-2bf5-4c08-9483-bd636470bc11
6c9b267a-2699-4320-b6c2-d524ec001ad4,Assessment_1_5234746,468,8d072a596082d6dcfb40d76f6d9528e5,0,0,,text,attribute_4_5234746,f668934f-f740-4fc5-aa1f-9edc1ca83213,f668934f-f740-4fc5-aa1f-9edc1ca83213,ATTRIBUTE,f3b24149-3d7e-453d-9502-04623f2fe17b,First_Section,1,5,Skipped,https://Assessment/Assessment/6c9b267a-2699-4320-b6c2-d524ec001ad4,OTAuto02,b99df4a4-2bf5-4c08-9483-bd636470bc11,b99df4a4-2bf5-4c08-9483-bd636470bc11
962982cc-574b-494d-9660-476aac16faed,Automated_Assessment_8903026,473,272954b1fb80648855ea1fe6d63460e4,0,0,,text,Text Q,e3af41af-e2b9-4e9a-9a53-6b74f604f012,e3af41af-e2b9-4e9a-9a53-6b74f604f012,TEXTBOX,e36080a7-fe53-4d3b-b3b2-5baef295cf04,First_Section,1,2,Unanswered,https://Assessment/Assessment/962982cc-574b-494d-9660-476aac16faed,OTAuto02,b99df4a4-2bf5-4c08-9483-bd636470bc11,b99df4a4-2bf5-4c08-9483-bd636470bc11
962982cc-574b-494d-9660-476aac16faed,Automated_Assessment_8903026,473,3f204339315d8864b316080fd7cc455b,0,0,,text,asset_question_8903026,614e4ed9-0daf-4902-91b4-ebb454561661,614e4ed9-0daf-4902-91b4-ebb454561661,INVENTORY,e36080a7-fe53-4d3b-b3b2-5baef295cf04,First_Section,1,7,Unanswered,https://Assessment/Assessment/962982cc-574b-494d-9660-476aac16faed,OTAuto02,b99df4a4-2bf5-4c08-9483-bd636470bc11,b99df4a4-2bf5-4c08-9483-bd636470bc11
acb94bdc-ed04-44cf-a267-ff061d8ede92,Automated_Assessment_7548484,445,b5829e04b71451ce0279f85c848bb8e5,0,0,,text,Q3,7df88b8c-6308-4be3-8270-260444976339,7df88b8c-6308-4be3-8270-260444976339,TEXTBOX,78f572bb-7eef-4460-8f8f-1e7f2de0d2f7,S3,3,1,Unanswered,https://Assessment/Assessment/acb94bdc-ed04-44cf-a267-ff061d8ede92,OTAuto02,b99df4a4-2bf5-4c08-9483-bd636470bc11,b99df4a4-2bf5-4c08-9483-bd636470bc11
7910dc5a-b2e0-4765-98e8-72911db61a27,asset_1354781 - automation_template_7630671,467,1a1344fefbadf1ac260d61611ce0e67a,0,0,,text,Does this initiative build off or work with a currently ongoing initiative?,a3d3c21e-2693-49bb-90a6-ae442bd465ef,a3d3c21e-2693-49bb-90a6-ae442bd465ef,TEXTBOX,a6e9df44-3065-42b3-8cf7-ad7ffe9fd54a,Project description and scope,1,1,Unanswered,https://Assessment/Assessment/7910dc5a-b2e0-4765-98e8-72911db61a27,OTAuto02,b99df4a4-2bf5-4c08-9483-bd636470bc11,b99df4a4-2bf5-4c08-9483-bd636470bc11
2387481e-327d-4bf7-b867-4d93d721e5f3,asset_41165_01_386074,472,31c3f0ba8ca3123f4a394f4cba4aaa47,0,0,,text,How and where will the data be stored?,34b84a01-5919-4685-b1ef-37cd89257650,34b84a01-5919-4685-b1ef-37cd89257650,INVENTORY,cd5cc802-f52c-4456-b733-0148ec2c1732,First_Section,1,1,Answered,https://Assessment/Assessment/2387481e-327d-4bf7-b867-4d93d721e5f3,OTAuto02,b99df4a4-2bf5-4c08-9483-bd636470bc11,b99df4a4-2bf5-4c08-9483-bd636470bc11
962982cc-574b-494d-9660-476aac16faed,Automated_Assessment_8903026,473,0d5d90d3b99ed8e46cc5595a03947698,0,0,,text,Q1?,d9fe9375-f2bf-4efc-97c1-d6fc5c91e1f4,d9fe9375-f2bf-4efc-97c1-d6fc5c91e1f4,YESNO,e36080a7-fe53-4d3b-b3b2-5baef295cf04,First_Section,1,1,Unanswered,https://Assessment/Assessment/962982cc-574b-494d-9660-476aac16faed,OTAuto02,b99df4a4-2bf5-4c08-9483-bd636470bc11,b99df4a4-2bf5-4c08-9483-bd636470bc11
cd8a2f2d-2d29-4915-9447-a7f50ca5257e,Automated_Assessment_2781937,495,f4a2f8c513d1f5b128c756a954b56d08,0,0,,text,How and where will the data be stored?,eea434e0-b4ab-4a40-8954-90ac8a42122a,eea434e0-b4ab-4a40-8954-90ac8a42122a,YESNO,c9b5948c-48bf-4d7f-ac5e-d42e49b05b9d,Project description and scope,1,1,Answered,https://Assessment/Assessment/cd8a2f2d-2d29-4915-9447-a7f50ca5257e,OTAuto02,b99df4a4-2bf5-4c08-9483-bd636470bc11,b99df4a4-2bf5-4c08-9483-bd636470bc11
962982cc-574b-494d-9660-476aac16faed,Automated_Assessment_8903026,473,cdddc0337192d6a2621d740e7180d1b0,0,0,,text,Pa_question_8903026,2727c093-1181-4298-8aed-43c55aa4ad74,2727c093-1181-4298-8aed-43c55aa4ad74,INVENTORY,e36080a7-fe53-4d3b-b3b2-5baef295cf04,First_Section,1,9,Unanswered,https://Assessment/Assessment/962982cc-574b-494d-9660-476aac16faed,OTAuto02,b99df4a4-2bf5-4c08-9483-bd636470bc11,b99df4a4-2bf5-4c08-9483-bd636470bc11
cf372f64-91fe-4c74-a1e4-ca6746bab6c4,Automated_Assessment_9395745,489,3520b0e0759f58b33023f389fa45a41d,0,0,,text,How and where will the data be stored?,2a6891ad-d9b7-4842-b982-bd73ffd9e14d,2a6891ad-d9b7-4842-b982-bd73ffd9e14d,YESNO,eb3963d7-36bd-4c60-8f82-dc0536c6b1f3,Project description and scope,1,1,Answered,https://Assessment/Assessment/cf372f64-91fe-4c74-a1e4-ca6746bab6c4,OTAuto02,b99df4a4-2bf5-4c08-9483-bd636470bc11,b99df4a4-2bf5-4c08-9483-bd636470bc11
05e1a9f4-c9da-49c8-96ad-7179bb15a8eb,Inventory_Assessment_5453446 - Template_5453446,492,27722bbbcc9737623799ee7d79361dce,0,0,,text,How and where will the data be stored?,2e5c65fd-91ea-4592-89e1-ae983f43edf8,2e5c65fd-91ea-4592-89e1-ae983f43edf8,TEXTBOX,f4b6b8bb-cbae-4950-8ba4-1422a96c677d,Project description and scope,1,1,Unanswered,https://Assessment/Assessment/05e1a9f4-c9da-49c8-96ad-7179bb15a8eb,OTAuto02,b99df4a4-2bf5-4c08-9483-bd636470bc11,b99df4a4-2bf5-4c08-9483-bd636470bc11
646fd1e8-42e1-40af-8666-34e6d896a2d7,automation_project_78083_9834962,487,e31ee37c2cf58fbf7db45c92dcbedf08,0,0,,text,How and where will the data be stored?,0d89b5cc-296e-4e61-aa76-a4aed52addff,0d89b5cc-296e-4e61-aa76-a4aed52addff,YESNO,b9ab51fa-7e29-4752-a573-112ee525ebe8,First_Section,1,1,Unanswered,https://Assessment/Assessment/646fd1e8-42e1-40af-8666-34e6d896a2d7,OTAuto02,b99df4a4-2bf5-4c08-9483-bd636470bc11,b99df4a4-2bf5-4c08-9483-bd636470bc11
6c9b267a-2699-4320-b6c2-d524ec001ad4,Assessment_1_5234746,468,a46b3295983be2fb0fa74f26b52223f2,0,0,,text,asset_question_5234746,95d713d1-ca4a-42fd-8c17-36cd1412559f,95d713d1-ca4a-42fd-8c17-36cd1412559f,INVENTORY,f3b24149-3d7e-453d-9502-04623f2fe17b,First_Section,1,1,Unanswered,https://Assessment/Assessment/6c9b267a-2699-4320-b6c2-d524ec001ad4,OTAuto02,b99df4a4-2bf5-4c08-9483-bd636470bc11,b99df4a4-2bf5-4c08-9483-bd636470bc11
9a9ff45f-56ad-4b73-85a1-12606365f897,automation_project_42480_8069884,476,d0d1ecc0f9f2c920b359534828e08fe3,0,1,,text,Does this initiative build off or work with a currently ongoing initiative?,bf691229-5ae1-46a6-a88e-8f80b2e2f5ad,bf691229-5ae1-46a6-a88e-8f80b2e2f5ad,TEXTBOX,432c7d6d-fbc1-41fc-bffc-a6b4f23efd36,Project description and scope,1,1,Unanswered,https://Assessment/Assessment/9a9ff45f-56ad-4b73-85a1-12606365f897,OTAuto02,b99df4a4-2bf5-4c08-9483-bd636470bc11,b99df4a4-2bf5-4c08-9483-bd636470bc11
051eaed9-d425-490a-ab4f-87fc43f7249d,Automated_Assessment_5923325,485,5db093049acdb78f238452fd8e03022e,0,0,,text,Q1,84dc7347-25d5-4989-b739-540080be8e5f,84dc7347-25d5-4989-b739-540080be8e5f,YESNO,dbed1695-72a1-482c-a360-7c68657bd174,S1,1,1,Answered,https://Assessment/Assessment/051eaed9-d425-490a-ab4f-87fc43f7249d,OTAuto02,b99df4a4-2bf5-4c08-9483-bd636470bc11,b99df4a4-2bf5-4c08-9483-bd636470bc11
6c9b267a-2699-4320-b6c2-d524ec001ad4,Assessment_1_5234746,468,723ca3932af558c6f7b307bebf8ba1ac,0,0,,text,attribute_1_5234746,91e1446c-a093-4aee-9581-2ffab1ceb238,91e1446c-a093-4aee-9581-2ffab1ceb238,ATTRIBUTE,f3b24149-3d7e-453d-9502-04623f2fe17b,First_Section,1,2,Skipped,https://Assessment/Assessment/6c9b267a-2699-4320-b6c2-d524ec001ad4,OTAuto02,b99df4a4-2bf5-4c08-9483-bd636470bc11,b99df4a4-2bf5-4c08-9483-bd636470bc11
f2f23432-bb23-4723-946b-6c03bd8b5fe4,assessment_5900103,478,6f9c044d5c453f217c2793417b534751,0,0,,text,Q2,49f6f003-1db3-4967-8c1c-1689afcaac11,49f6f003-1db3-4967-8c1c-1689afcaac11,YESNO,fe457bae-9924-48ae-8059-97c27065f193,First_Section,1,2,Unanswered,https://Assessment/Assessment/f2f23432-bb23-4723-946b-6c03bd8b5fe4,OTAuto02,b99df4a4-2bf5-4c08-9483-bd636470bc11,b99df4a4-2bf5-4c08-9483-bd636470bc11
2387481e-327d-4bf7-b867-4d93d721e5f3,asset_41165_01_386074,472,328c161623165dfda2d2b53b5fa36f67,0,0,,text,Data Element question,97911f76-a65a-4f69-bff8-04cc63b9c55b,97911f76-a65a-4f69-bff8-04cc63b9c55b,PERSONAL_DATA,cd5cc802-f52c-4456-b733-0148ec2c1732,First_Section,1,2,Answered,https://Assessment/Assessment/2387481e-327d-4bf7-b867-4d93d721e5f3,OTAuto02,b99df4a4-2bf5-4c08-9483-bd636470bc11,b99df4a4-2bf5-4c08-9483-bd636470bc11
bf28e62a-6ef4-482a-9e3e-2430129c383f,automated_assessment_40201_322878,464,09941665fc17f686bc4417a3b487daa6,0,0,,text,How and where will the data be stored?,09ae01d7-fe7a-4290-819f-96f3f526a73e,09ae01d7-fe7a-4290-819f-96f3f526a73e,TEXTBOX,903f981a-77db-4def-89cd-86c9e70f5d7c,First_Section,1,1,Answered,https://Assessment/Assessment/bf28e62a-6ef4-482a-9e3e-2430129c383f,OTAuto02,b99df4a4-2bf5-4c08-9483-bd636470bc11,b99df4a4-2bf5-4c08-9483-bd636470bc11
6c9b267a-2699-4320-b6c2-d524ec001ad4,Assessment_1_5234746,468,7be6253b37dc117338a6cd4210794840,0,0,,text,Hosting Provider,56cebbe5-8578-420d-846d-2c326dc5297b,56cebbe5-8578-420d-846d-2c326dc5297b,ATTRIBUTE,434eea73-5298-4abf-baef-0750f87c800c,Second_Section,2,2,Skipped,https://Assessment/Assessment/6c9b267a-2699-4320-b6c2-d524ec001ad4,OTAuto02,b99df4a4-2bf5-4c08-9483-bd636470bc11,b99df4a4-2bf5-4c08-9483-bd636470bc11
962982cc-574b-494d-9660-476aac16faed,Automated_Assessment_8903026,473,c4819a4d5c5bb8c0ade3341856505275,0,0,,datetime,Date Q?,4a11d207-6c71-44f9-b18f-46777d140c2e,4a11d207-6c71-44f9-b18f-46777d140c2e,DATE,e36080a7-fe53-4d3b-b3b2-5baef295cf04,First_Section,1,5,Skipped,https://Assessment/Assessment/962982cc-574b-494d-9660-476aac16faed,OTAuto02,b99df4a4-2bf5-4c08-9483-bd636470bc11,b99df4a4-2bf5-4c08-9483-bd636470bc11
f2f23432-bb23-4723-946b-6c03bd8b5fe4,assessment_5900103,478,49bd24f171ee0a2da13f053430fdfb1e,0,0,,text,How and where will the data be stored?,d8db948b-25e2-4986-909c-c6e8d514b18c,d8db948b-25e2-4986-909c-c6e8d514b18c,TEXTBOX,fe457bae-9924-48ae-8059-97c27065f193,First_Section,1,1,Unanswered,https://Assessment/Assessment/f2f23432-bb23-4723-946b-6c03bd8b5fe4,OTAuto02,b99df4a4-2bf5-4c08-9483-bd636470bc11,b99df4a4-2bf5-4c08-9483-bd636470bc11
5213178f-7139-423b-968a-ea48ec7e1c43,Automated_Assessment_6668471,479,8c35196e1f1ad7be4e2350dd0be3853a,0,0,,text,How and where will the data be stored?,6349480e-eec9-4a18-bb94-77a58ac2a593,6349480e-eec9-4a18-bb94-77a58ac2a593,TEXTBOX,2ce1213a-97d2-45ab-acc1-944960385868,First_Section,1,1,Answered,https://Assessment/Assessment/5213178f-7139-423b-968a-ea48ec7e1c43,OTAuto02,b99df4a4-2bf5-4c08-9483-bd636470bc11,b99df4a4-2bf5-4c08-9483-bd636470bc11
e2834971-c691-4875-b340-fe167b941d28,Automated_Assessment_68751_6046113,469,1d6ca8cff80f3ddc5f52158c8754d244,0,0,,text,How and where will the data be stored?,7a9e67d9-7d04-46e7-8e2c-b997126d58ee,7a9e67d9-7d04-46e7-8e2c-b997126d58ee,YESNO,42c0362c-8943-433e-b672-e592d0c07388,First_Section,1,1,Answered,https://Assessment/Assessment/e2834971-c691-4875-b340-fe167b941d28,OTAuto02,b99df4a4-2bf5-4c08-9483-bd636470bc11,b99df4a4-2bf5-4c08-9483-bd636470bc11
ba08cd4f-e7cd-49af-926e-6524c9a3703c,Assessment_40077_2793529,398,1fb68eaf80c0b305cd726504c88c794f,0,0,,text,How and where will the data be stored?,deb03c74-f355-4e09-99a3-dc1e7cf08782,deb03c74-f355-4e09-99a3-dc1e7cf08782,INVENTORY,e8fdb75b-2781-4800-9d12-066baf6e962a,First_Section,1,1,Answered,https://Assessment/Assessment/ba08cd4f-e7cd-49af-926e-6524c9a3703c,OTAuto02,b99df4a4-2bf5-4c08-9483-bd636470bc11,b99df4a4-2bf5-4c08-9483-bd636470bc11
db1e2e77-f445-403e-8234-106a0ba3a3da,Assessment_41139_8439036,394,e898f7296a6e6a13ecac227212f2712b,0,0,,text,asset_question_8439036,86f810aa-cb96-408b-b979-8b2435b90107,86f810aa-cb96-408b-b979-8b2435b90107,INVENTORY,2830ed02-34bd-4584-9fe6-797e6a65ec66,Project description and scope,1,1,Answered,https://Assessment/Assessment/db1e2e77-f445-403e-8234-106a0ba3a3da,OTAuto02,b99df4a4-2bf5-4c08-9483-bd636470bc11,b99df4a4-2bf5-4c08-9483-bd636470bc11
1d0e1a2b-b0eb-4f65-9060-059bf4420e16,Automated_Assessment_3036941,405,8ad93568f6fbdd1206a565dc96baea82,0,0,,text,Personal Data Q?,d3216454-ce6a-4384-aa16-f6293413f4bb,d3216454-ce6a-4384-aa16-f6293413f4bb,PERSONAL_DATA,205f8755-47cf-42de-844f-aa6af19b517b,First_Section,1,6,Skipped,https://Assessment/Assessment/1d0e1a2b-b0eb-4f65-9060-059bf4420e16,OTAuto02,b99df4a4-2bf5-4c08-9483-bd636470bc11,b99df4a4-2bf5-4c08-9483-bd636470bc11
1d0e1a2b-b0eb-4f65-9060-059bf4420e16,Automated_Assessment_3036941,405,f53caa9c820a1b8791133b29c7d798c4,0,0,,text,Hosting Location,a1aaa30b-cbf2-4603-b37f-03680324ca02,a1aaa30b-cbf2-4603-b37f-03680324ca02,ATTRIBUTE,205f8755-47cf-42de-844f-aa6af19b517b,First_Section,1,8,Skipped,https://Assessment/Assessment/1d0e1a2b-b0eb-4f65-9060-059bf4420e16,OTAuto02,b99df4a4-2bf5-4c08-9483-bd636470bc11,b99df4a4-2bf5-4c08-9483-bd636470bc11
bcdde726-874a-4a77-8859-75506a91f243,automation_project_42831_1484371,379,14f4bd4f25dc42739804bd8bb6c83b76,0,0,,text,Does this initiative build off or work with a currently ongoing initiative?,b5fb3bf4-1d3f-445d-9cb3-0846a03963be,b5fb3bf4-1d3f-445d-9cb3-0846a03963be,INVENTORY,4936fd4c-5af1-48d0-85cc-877fb5be5343,Project description and scope,1,1,Answered,https://Assessment/Assessment/bcdde726-874a-4a77-8859-75506a91f243,OTAuto02,b99df4a4-2bf5-4c08-9483-bd636470bc11,b99df4a4-2bf5-4c08-9483-bd636470bc11
cef432d6-1eca-4817-9a1e-aef69ee35487,Automated_Assessment_4745397,406,19cc7102b4df7c5bd4dcf7fff7b76fd4,0,0,,text,Text Q,b70fc2b8-93c0-4003-8fe4-0bceca4823d4,b70fc2b8-93c0-4003-8fe4-0bceca4823d4,TEXTBOX,5217ffe1-7e0d-4130-90d2-7ba0a89a1a48,First_Section,1,2,Skipped,https://Assessment/Assessment/cef432d6-1eca-4817-9a1e-aef69ee35487,OTAuto02,b99df4a4-2bf5-4c08-9483-bd636470bc11,b99df4a4-2bf5-4c08-9483-bd636470bc11
eff0dc69-b1b7-4684-8edc-8e0abb001cfc,Automated_Assessment_5525_2704970,378,5c6e37c9441aadc4b0a2e27a8df110b7,0,0,,text,YN?,f05daea4-ed7d-4b7e-afc0-feb0fc290ab3,f05daea4-ed7d-4b7e-afc0-feb0fc290ab3,YESNO,5bc0f15d-d2de-47e1-8e81-5da2f7db8735,S1,1,1,Unanswered,https://Assessment/Assessment/eff0dc69-b1b7-4684-8edc-8e0abb001cfc,OTAuto02,b99df4a4-2bf5-4c08-9483-bd636470bc11,b99df4a4-2bf5-4c08-9483-bd636470bc11
eff0dc69-b1b7-4684-8edc-8e0abb001cfc,Automated_Assessment_5525_2704970,378,c9590f60aa66a64d07b0f3fea2ff8c22,0,0,,text,Incident?,870f0d1f-8104-4b97-9806-975f19a8f732,870f0d1f-8104-4b97-9806-975f19a8f732,INCIDENT,5bc0f15d-d2de-47e1-8e81-5da2f7db8735,S1,1,2,Answered,https://Assessment/Assessment/eff0dc69-b1b7-4684-8edc-8e0abb001cfc,OTAuto02,b99df4a4-2bf5-4c08-9483-bd636470bc11,b99df4a4-2bf5-4c08-9483-bd636470bc11
1d0e1a2b-b0eb-4f65-9060-059bf4420e16,Automated_Assessment_3036941,405,117c2c479ce0dc95b5878d35d39853ac,0,0,,text,Q1?,8eb71395-78d1-471c-bae2-a59f70ee81b9,8eb71395-78d1-471c-bae2-a59f70ee81b9,YESNO,205f8755-47cf-42de-844f-aa6af19b517b,First_Section,1,1,Unanswered,https://Assessment/Assessment/1d0e1a2b-b0eb-4f65-9060-059bf4420e16,OTAuto02,b99df4a4-2bf5-4c08-9483-bd636470bc11,b99df4a4-2bf5-4c08-9483-bd636470bc11
1d0e1a2b-b0eb-4f65-9060-059bf4420e16,Automated_Assessment_3036941,405,62728a2e7aff54b839a777aa5858e6f7,0,0,,text,Purpose of Processing,ccfaf2d2-9a1f-45a3-809e-0bb76216ff7f,ccfaf2d2-9a1f-45a3-809e-0bb76216ff7f,ATTRIBUTE,205f8755-47cf-42de-844f-aa6af19b517b,First_Section,1,10,Skipped,https://Assessment/Assessment/1d0e1a2b-b0eb-4f65-9060-059bf4420e16,OTAuto02,b99df4a4-2bf5-4c08-9483-bd636470bc11,b99df4a4-2bf5-4c08-9483-bd636470bc11
b8e45c3e-f9d1-4df0-b34d-776bc275d2cc,Automated_Assessment_1_4045956,396,b08dc312bcaffc6a351227bb5e6f30eb,0,0,,text,Q2,bd004200-3c8b-48e0-bc2e-aa725a31d03f,bd004200-3c8b-48e0-bc2e-aa725a31d03f,MULTICHOICE,365beec9-e7cd-4531-aa11-49e3298f6aa4,Project description and scope,1,2,Unanswered,https://Assessment/Assessment/b8e45c3e-f9d1-4df0-b34d-776bc275d2cc,OTAuto02,b99df4a4-2bf5-4c08-9483-bd636470bc11,b99df4a4-2bf5-4c08-9483-bd636470bc11
cef432d6-1eca-4817-9a1e-aef69ee35487,Automated_Assessment_4745397,406,1a300ee2180bea5e0b27bcaa4b6bde96,0,0,,text,Business owner,9fc922c7-7a90-4d3e-9d0c-3d25ef41d98d,9fc922c7-7a90-4d3e-9d0c-3d25ef41d98d,ATTRIBUTE,5217ffe1-7e0d-4130-90d2-7ba0a89a1a48,First_Section,1,4,Skipped,https://Assessment/Assessment/cef432d6-1eca-4817-9a1e-aef69ee35487,OTAuto02,b99df4a4-2bf5-4c08-9483-bd636470bc11,b99df4a4-2bf5-4c08-9483-bd636470bc11
db1e2e77-f445-403e-8234-106a0ba3a3da,Assessment_41139_8439036,394,734feb889a1149de1df922b0e00b5445,0,0,,text,Pa_question_8439036,f385855b-ffd8-4178-99ba-13b8d94ac688,f385855b-ffd8-4178-99ba-13b8d94ac688,INVENTORY,2830ed02-34bd-4584-9fe6-797e6a65ec66,Project description and scope,1,2,Answered,https://Assessment/Assessment/db1e2e77-f445-403e-8234-106a0ba3a3da,OTAuto02,b99df4a4-2bf5-4c08-9483-bd636470bc11,b99df4a4-2bf5-4c08-9483-bd636470bc11
eb99e101-5f24-4bd4-9a1f-90d66660210b,Automated_Assessment_2308556,381,22e27fd8f696368d0dbe584d9cafb849,0,0,,text,How and where will the data be stored?,97ba7dd2-0724-456b-8d37-51cc0a6b7fe0,97ba7dd2-0724-456b-8d37-51cc0a6b7fe0,YESNO,0cc2b9b7-d7a7-4ffb-b138-71ac8ad048d8,Project description and scope,1,1,Unanswered,https://Assessment/Assessment/eb99e101-5f24-4bd4-9a1f-90d66660210b,OTAuto02,b99df4a4-2bf5-4c08-9483-bd636470bc11,b99df4a4-2bf5-4c08-9483-bd636470bc11
1d0e1a2b-b0eb-4f65-9060-059bf4420e16,Automated_Assessment_3036941,405,560f9097d126be45bfdabcbc7f4dc5e3,0,0,,text,asset_question_3036941,1fdaf631-5de7-478b-a24c-ea9a4011292c,1fdaf631-5de7-478b-a24c-ea9a4011292c,INVENTORY,205f8755-47cf-42de-844f-aa6af19b517b,First_Section,1,7,Unanswered,https://Assessment/Assessment/1d0e1a2b-b0eb-4f65-9060-059bf4420e16,OTAuto02,b99df4a4-2bf5-4c08-9483-bd636470bc11,b99df4a4-2bf5-4c08-9483-bd636470bc11
b8e45c3e-f9d1-4df0-b34d-776bc275d2cc,Automated_Assessment_1_4045956,396,9f36017fd90dd239b84faf816083165c,0,0,,text,How and where will the data be stored?,54a3e1da-e5c6-411c-9af1-de874538fdb8,54a3e1da-e5c6-411c-9af1-de874538fdb8,YESNO,365beec9-e7cd-4531-aa11-49e3298f6aa4,Project description and scope,1,1,Unanswered,https://Assessment/Assessment/b8e45c3e-f9d1-4df0-b34d-776bc275d2cc,OTAuto02,b99df4a4-2bf5-4c08-9483-bd636470bc11,b99df4a4-2bf5-4c08-9483-bd636470bc11
ba08cd4f-e7cd-49af-926e-6524c9a3703c,Assessment_40077_2793529,398,090c63565d81835ba147f9071c6921b6,0,0,,text,Hosting Location,b62f5b8c-a7f2-400f-98d9-f589bba0939d,b62f5b8c-a7f2-400f-98d9-f589bba0939d,ATTRIBUTE,e8fdb75b-2781-4800-9d12-066baf6e962a,First_Section,1,2,Answered,https://Assessment/Assessment/ba08cd4f-e7cd-49af-926e-6524c9a3703c,OTAuto02,b99df4a4-2bf5-4c08-9483-bd636470bc11,b99df4a4-2bf5-4c08-9483-bd636470bc11
cef432d6-1eca-4817-9a1e-aef69ee35487,Automated_Assessment_4745397,406,7084f5abfb9c4b92c800323aacaf77b1,0,0,,text,vendorQ?,a29a3fa4-7c3f-40cf-bf2d-f7690fb068ff,a29a3fa4-7c3f-40cf-bf2d-f7690fb068ff,INVENTORY,5217ffe1-7e0d-4130-90d2-7ba0a89a1a48,First_Section,1,3,Unanswered,https://Assessment/Assessment/cef432d6-1eca-4817-9a1e-aef69ee35487,OTAuto02,b99df4a4-2bf5-4c08-9483-bd636470bc11,b99df4a4-2bf5-4c08-9483-bd636470bc11
f205988f-e639-4280-913d-ea1064e03e57,automated_assessment_3491_9218749,383,e51ef5bc287485e87e3a2cef7c821501,0,0,,text,Is your organization cloud ready?,1ef21023-5aab-4df4-8d5f-35447d9bec6d,1ef21023-5aab-4df4-8d5f-35447d9bec6d,YESNO,f9658aa4-3f2a-457a-89bc-21bd9c71b7f9,First_Section,1,1,Answered,https://Assessment/Assessment/f205988f-e639-4280-913d-ea1064e03e57,OTAuto02,b99df4a4-2bf5-4c08-9483-bd636470bc11,b99df4a4-2bf5-4c08-9483-bd636470bc11
1d0e1a2b-b0eb-4f65-9060-059bf4420e16,Automated_Assessment_3036941,405,7806171fe3e30a9cc74990c55f008484,0,0,,text,Multichoice Q?,e2167a4d-28c4-4893-bdfd-6be04e121363,e2167a4d-28c4-4893-bdfd-6be04e121363,MULTICHOICE,205f8755-47cf-42de-844f-aa6af19b517b,First_Section,1,3,Unanswered,https://Assessment/Assessment/1d0e1a2b-b0eb-4f65-9060-059bf4420e16,OTAuto02,b99df4a4-2bf5-4c08-9483-bd636470bc11,b99df4a4-2bf5-4c08-9483-bd636470bc11
1d0e1a2b-b0eb-4f65-9060-059bf4420e16,Automated_Assessment_3036941,405,624b188f27364b536715f1f84a8e229e,0,0,,datetime,Date Q?,ae52170d-7cdd-4a44-b223-5e57fa2476a4,ae52170d-7cdd-4a44-b223-5e57fa2476a4,DATE,205f8755-47cf-42de-844f-aa6af19b517b,First_Section,1,5,Skipped,https://Assessment/Assessment/1d0e1a2b-b0eb-4f65-9060-059bf4420e16,OTAuto02,b99df4a4-2bf5-4c08-9483-bd636470bc11,b99df4a4-2bf5-4c08-9483-bd636470bc11
1d0e1a2b-b0eb-4f65-9060-059bf4420e16,Automated_Assessment_3036941,405,f6c7d1035646fa3e429414672e8bee3c,0,0,,text,Text Q,dec0061a-f8c8-4be7-8161-3660d9617abe,dec0061a-f8c8-4be7-8161-3660d9617abe,TEXTBOX,205f8755-47cf-42de-844f-aa6af19b517b,First_Section,1,2,Unanswered,https://Assessment/Assessment/1d0e1a2b-b0eb-4f65-9060-059bf4420e16,OTAuto02,b99df4a4-2bf5-4c08-9483-bd636470bc11,b99df4a4-2bf5-4c08-9483-bd636470bc11
ba08cd4f-e7cd-49af-926e-6524c9a3703c,Assessment_40077_2793529,398,86bde6693c7b3f9a556be7d1f6e4ab2a,0,0,,text,IT Owner,dd584f3e-e49c-4f83-b718-b37da4adb2cf,dd584f3e-e49c-4f83-b718-b37da4adb2cf,ATTRIBUTE,e8fdb75b-2781-4800-9d12-066baf6e962a,First_Section,1,3,Answered,https://Assessment/Assessment/ba08cd4f-e7cd-49af-926e-6524c9a3703c,OTAuto02,b99df4a4-2bf5-4c08-9483-bd636470bc11,b99df4a4-2bf5-4c08-9483-bd636470bc11
cef432d6-1eca-4817-9a1e-aef69ee35487,Automated_Assessment_4745397,406,8dc947bed338f5a325dab137e45b1c9d,0,0,,text,Q1?,32fa1166-21e7-4500-9ac3-bd2b4a4ad4ad,32fa1166-21e7-4500-9ac3-bd2b4a4ad4ad,YESNO,5217ffe1-7e0d-4130-90d2-7ba0a89a1a48,First_Section,1,1,Unanswered,https://Assessment/Assessment/cef432d6-1eca-4817-9a1e-aef69ee35487,OTAuto02,b99df4a4-2bf5-4c08-9483-bd636470bc11,b99df4a4-2bf5-4c08-9483-bd636470bc11
fc541012-c9f6-4961-bece-a0830ca87e2f,processing-activities_41163_4994536,404,feaa53a164d5b5908bb13271a3ab95b1,0,0,,text,Data Element question,349685ef-511a-4d2c-bdf1-52f8c3b4ef1e,349685ef-511a-4d2c-bdf1-52f8c3b4ef1e,PERSONAL_DATA,a497db8f-48b3-4bbc-81a5-d04682a82b43,First_Section,1,2,Answered,https://Assessment/Assessment/fc541012-c9f6-4961-bece-a0830ca87e2f,OTAuto02,b99df4a4-2bf5-4c08-9483-bd636470bc11,b99df4a4-2bf5-4c08-9483-bd636470bc11
00d96ae2-1461-4415-ab0b-b9008694cd9e,automation_assessment_40878_7552576,384,984098353791c600e93fea1a32820ef8,0,0,,text,Does this initiative build off or work with a currently ongoing initiative?,1d53f1a2-ba26-43c7-a4b1-921b6d3c0274,1d53f1a2-ba26-43c7-a4b1-921b6d3c0274,MULTICHOICE,dd9a30b9-77b4-49f6-86bf-47c8a96bfaf6,Project description and scope,1,1,Answered,https://Assessment/Assessment/00d96ae2-1461-4415-ab0b-b9008694cd9e,OTAuto02,b99df4a4-2bf5-4c08-9483-bd636470bc11,b99df4a4-2bf5-4c08-9483-bd636470bc11
00d96ae2-1461-4415-ab0b-b9008694cd9e,automation_assessment_40878_7552576,384,91c62dd4775c852a168bea4b4111b1f8,0,0,,text,How and where will the data be stored?,84d5d50b-ad6e-49aa-9f5a-ec023247098e,84d5d50b-ad6e-49aa-9f5a-ec023247098e,YESNO,dd9a30b9-77b4-49f6-86bf-47c8a96bfaf6,Project description and scope,1,2,Answered,https://Assessment/Assessment/00d96ae2-1461-4415-ab0b-b9008694cd9e,OTAuto02,b99df4a4-2bf5-4c08-9483-bd636470bc11,b99df4a4-2bf5-4c08-9483-bd636470bc11
1d0e1a2b-b0eb-4f65-9060-059bf4420e16,Automated_Assessment_3036941,405,d8d89aa7315cae77296b5dbce25aa073,0,0,,text,Statement Q?,1720c57a-3972-4375-a726-37aaad4420d9,1720c57a-3972-4375-a726-37aaad4420d9,STATEMENT,205f8755-47cf-42de-844f-aa6af19b517b,First_Section,1,4,Skipped,https://Assessment/Assessment/1d0e1a2b-b0eb-4f65-9060-059bf4420e16,OTAuto02,b99df4a4-2bf5-4c08-9483-bd636470bc11,b99df4a4-2bf5-4c08-9483-bd636470bc11
6f65c673-53f7-44ff-ba39-764b10ce6aa9,Automated_Assessment_4045956,388,1cd544d17d4fc0d3c717e8cdb364e598,0,0,,text,How and where will the data be stored?,54a3e1da-e5c6-411c-9af1-de874538fdb8,54a3e1da-e5c6-411c-9af1-de874538fdb8,YESNO,365beec9-e7cd-4531-aa11-49e3298f6aa4,Project description and scope,1,1,Unanswered,https://Assessment/Assessment/6f65c673-53f7-44ff-ba39-764b10ce6aa9,OTAuto02,b99df4a4-2bf5-4c08-9483-bd636470bc11,b99df4a4-2bf5-4c08-9483-bd636470bc11
fc541012-c9f6-4961-bece-a0830ca87e2f,processing-activities_41163_4994536,404,edbdd3d6c23e85b52d26ed253e37b364,0,0,,text,How and where will the data be stored?,e80287d2-4288-4e17-923a-e74b38295266,e80287d2-4288-4e17-923a-e74b38295266,INVENTORY,a497db8f-48b3-4bbc-81a5-d04682a82b43,First_Section,1,1,Answered,https://Assessment/Assessment/fc541012-c9f6-4961-bece-a0830ca87e2f,OTAuto02,b99df4a4-2bf5-4c08-9483-bd636470bc11,b99df4a4-2bf5-4c08-9483-bd636470bc11
11bc8c79-83ce-425d-8af4-7fe4618270c0,automation_project_42832_4826473,390,2f98c43c6387215bb1d98c8928f6b147,0,0,,text,Does this initiative build off or work with a currently ongoing initiative?,fc09efd2-b8f5-4835-a1f4-ff09fc373d37,fc09efd2-b8f5-4835-a1f4-ff09fc373d37,INVENTORY,21acaa19-9259-40a7-ad80-267c6c216f18,Project description and scope,1,1,Answered,https://Assessment/Assessment/11bc8c79-83ce-425d-8af4-7fe4618270c0,OTAuto02,b99df4a4-2bf5-4c08-9483-bd636470bc11,b99df4a4-2bf5-4c08-9483-bd636470bc11
1d0e1a2b-b0eb-4f65-9060-059bf4420e16,Automated_Assessment_3036941,405,676e28f48d904882672d180cffef8141,0,0,,text,Pa_question_3036941,d86f6d12-f080-4a8a-b70e-e8fb7e98ab37,d86f6d12-f080-4a8a-b70e-e8fb7e98ab37,INVENTORY,205f8755-47cf-42de-844f-aa6af19b517b,First_Section,1,9,Unanswered,https://Assessment/Assessment/1d0e1a2b-b0eb-4f65-9060-059bf4420e16,OTAuto02,b99df4a4-2bf5-4c08-9483-bd636470bc11,b99df4a4-2bf5-4c08-9483-bd636470bc11
6f65c673-53f7-44ff-ba39-764b10ce6aa9,Automated_Assessment_4045956,388,c9a0ef517267adb83eab16ba16397ad6,0,0,,text,Q2,bd004200-3c8b-48e0-bc2e-aa725a31d03f,bd004200-3c8b-48e0-bc2e-aa725a31d03f,MULTICHOICE,365beec9-e7cd-4531-aa11-49e3298f6aa4,Project description and scope,1,2,Unanswered,https://Assessment/Assessment/6f65c673-53f7-44ff-ba39-764b10ce6aa9,OTAuto02,b99df4a4-2bf5-4c08-9483-bd636470bc11,b99df4a4-2bf5-4c08-9483-bd636470bc11
3de12faa-dc81-4371-a8ab-d35c2869c5f1,Automated_Assessment_5814_7786761,689,396932da26c13cc13b0a857b8c7ec10a,0,0,,text,YN,05ad98f6-47db-4778-a9a9-4f50cf8c9979,bb85b4d2-4115-42fb-bbc2-378114abb854,YESNO,45796ef6-73a3-489e-9b86-aba97a73706a,S1,1,1,Answered,https://Assessment/Assessment/3de12faa-dc81-4371-a8ab-d35c2869c5f1,OTAuto02,b99df4a4-2bf5-4c08-9483-bd636470bc11,b99df4a4-2bf5-4c08-9483-bd636470bc11
3de12faa-dc81-4371-a8ab-d35c2869c5f1,Automated_Assessment_5814_7786761,689,fbf4fe97a6698a24ea985328daa58893,0,0,,text,MCQ,62004a3d-610f-4c6f-9547-eb864ffb8463,7d464032-09df-402b-8d29-4e76329040a2,MULTICHOICE,45796ef6-73a3-489e-9b86-aba97a73706a,S1,1,2,Answered,https://Assessment/Assessment/3de12faa-dc81-4371-a8ab-d35c2869c5f1,OTAuto02,b99df4a4-2bf5-4c08-9483-bd636470bc11,b99df4a4-2bf5-4c08-9483-bd636470bc11
3de12faa-dc81-4371-a8ab-d35c2869c5f1,Automated_Assessment_5814_7786761,689,b589f236d2e78a2b309f992b1d214c65,0,0,,text,asset_01_question_7786761,69e018e2-e5e3-4f34-832d-ac51f61fb973,97ff4b99-3620-48b5-b80b-2f615cd19aaa,INVENTORY,45796ef6-73a3-489e-9b86-aba97a73706a,S1,1,3,Answered,https://Assessment/Assessment/3de12faa-dc81-4371-a8ab-d35c2869c5f1,OTAuto02,b99df4a4-2bf5-4c08-9483-bd636470bc11,b99df4a4-2bf5-4c08-9483-bd636470bc11
3de12faa-dc81-4371-a8ab-d35c2869c5f1,Automated_Assessment_5814_7786761,689,95cd31675f16f5c1c32715234bde1215,0,0,,text,IT Owner,5b28a53c-2048-42b7-9621-5270be102d53,336efef7-6d20-4cf7-a53e-36850c163577,ATTRIBUTE,45796ef6-73a3-489e-9b86-aba97a73706a,S1,1,4,Answered,https://Assessment/Assessment/3de12faa-dc81-4371-a8ab-d35c2869c5f1,OTAuto02,b99df4a4-2bf5-4c08-9483-bd636470bc11,b99df4a4-2bf5-4c08-9483-bd636470bc11
60aeb4b2-3788-4f81-8f2f-01553480ba7f,Assessment_1731428,697,c5c7e5a75e4b8d9cacd6a68e04282167,0,0,,text,MultichoiceQ,609579c3-7488-40ab-9a81-32330514f87a,609579c3-7488-40ab-9a81-32330514f87a,MULTICHOICE,ae8af8a4-601a-45ab-9913-2e17dd9729b6,Project description and scope,1,1,Answered,https://Assessment/Assessment/60aeb4b2-3788-4f81-8f2f-01553480ba7f,OTAuto02,b99df4a4-2bf5-4c08-9483-bd636470bc11,b99df4a4-2bf5-4c08-9483-bd636470bc11
60aeb4b2-3788-4f81-8f2f-01553480ba7f,Assessment_1731428,697,a5cf3b0942c9301d63782bcc0903ea08,0,0,,text,AssetQ,ed323751-5961-40cf-af86-d87486cfc3b5,ed323751-5961-40cf-af86-d87486cfc3b5,INVENTORY,ae8af8a4-601a-45ab-9913-2e17dd9729b6,Project description and scope,1,2,Answered,https://Assessment/Assessment/60aeb4b2-3788-4f81-8f2f-01553480ba7f,OTAuto02,b99df4a4-2bf5-4c08-9483-bd636470bc11,b99df4a4-2bf5-4c08-9483-bd636470bc11
60aeb4b2-3788-4f81-8f2f-01553480ba7f,Assessment_1731428,697,4f70400dc41dcf65af80b31eb13016e4,0,0,,text,multi_select_1731428,52c918da-ad5d-4db7-8823-6de4df72a6cf,52c918da-ad5d-4db7-8823-6de4df72a6cf,ATTRIBUTE,ae8af8a4-601a-45ab-9913-2e17dd9729b6,Project description and scope,1,3,Unanswered,https://Assessment/Assessment/60aeb4b2-3788-4f81-8f2f-01553480ba7f,OTAuto02,b99df4a4-2bf5-4c08-9483-bd636470bc11,b99df4a4-2bf5-4c08-9483-bd636470bc11
b8f7e991-3350-4c4c-a1ed-2697f9eaace0,Automated_9409292,679,34fc77d00bd0e7eea05d064edb88121f,0,0,,text,How and where will the data be stored?,5711e473-8015-4953-b404-d723d8f7348f,5711e473-8015-4953-b404-d723d8f7348f,TEXTBOX,66942c7b-4511-4aae-adc9-bd3c0d4616de,First_Section,1,1,Answered,https://Assessment/Assessment/b8f7e991-3350-4c4c-a1ed-2697f9eaace0,OTAuto02,b99df4a4-2bf5-4c08-9483-bd636470bc11,b99df4a4-2bf5-4c08-9483-bd636470bc11
d3138e9c-ca06-40dd-89ba-171cde58c061,Automated_01_9409292,681,4b778e33de0301854a4116ec599d7acd,0,0,,text,How and where will the data be stored?,5711e473-8015-4953-b404-d723d8f7348f,5711e473-8015-4953-b404-d723d8f7348f,TEXTBOX,66942c7b-4511-4aae-adc9-bd3c0d4616de,First_Section,1,1,Answered,https://Assessment/Assessment/d3138e9c-ca06-40dd-89ba-171cde58c061,OTAuto02,b99df4a4-2bf5-4c08-9483-bd636470bc11,b99df4a4-2bf5-4c08-9483-bd636470bc11
13b3f72e-60df-41a4-828b-7ba7adcf50c6,assessment_42295_623141,712,dd76af5c57ee285f84753c2cd499e4f5,0,0,,text,Does this initiative build off or work with a currently ongoing initiative?,fbdb735d-3d10-4fe9-a70f-ecbc86f1f93e,fbdb735d-3d10-4fe9-a70f-ecbc86f1f93e,INVENTORY,7c951f11-3217-452f-ada4-2fd3a49c8889,Project description and scope,1,1,Unanswered,https://Assessment/Assessment/13b3f72e-60df-41a4-828b-7ba7adcf50c6,OTAuto02,b99df4a4-2bf5-4c08-9483-bd636470bc11,b99df4a4-2bf5-4c08-9483-bd636470bc11
318ed121-10f5-425d-9bdb-e42f952425c1,assessment_1353801,701,19d474accff04884330bf7dfb4b84a6e,0,0,,text,Q1,914edf83-3c1c-4f11-93d5-8d011b19608f,914edf83-3c1c-4f11-93d5-8d011b19608f,YESNO,2ecc339d-74a0-49a3-916f-285371ba340d,S1,1,1,Unanswered,https://Assessment/Assessment/318ed121-10f5-425d-9bdb-e42f952425c1,OTAuto02,b99df4a4-2bf5-4c08-9483-bd636470bc11,b99df4a4-2bf5-4c08-9483-bd636470bc11
318ed121-10f5-425d-9bdb-e42f952425c1,assessment_1353801,701,04e1bc645af053910dc9de4f28532448,0,0,,text,Q2,52bf3d12-2962-46fa-8f9a-52f95d5b17d9,52bf3d12-2962-46fa-8f9a-52f95d5b17d9,MULTICHOICE,2ecc339d-74a0-49a3-916f-285371ba340d,S1,1,2,Unanswered,https://Assessment/Assessment/318ed121-10f5-425d-9bdb-e42f952425c1,OTAuto02,b99df4a4-2bf5-4c08-9483-bd636470bc11,b99df4a4-2bf5-4c08-9483-bd636470bc11
e35200fa-db70-4c2b-b95b-3be7c8596206,Assessment_92455_7380670,703,c5b078c39e4c334b132dd6afe905796e,0,0,,text,asset_question_7380670,19beac69-31b7-449e-97d3-a893178dab11,19beac69-31b7-449e-97d3-a893178dab11,INVENTORY,c2d24d51-d447-4e8f-b13f-145614e6cca2,First_Section,1,1,Unanswered,https://Assessment/Assessment/e35200fa-db70-4c2b-b95b-3be7c8596206,OTAuto02,b99df4a4-2bf5-4c08-9483-bd636470bc11,b99df4a4-2bf5-4c08-9483-bd636470bc11
e35200fa-db70-4c2b-b95b-3be7c8596206,Assessment_92455_7380670,703,9967c09596208cdebd8e57d2101375eb,0,0,,text,attribute_1_7380670,cd4abd50-9056-46d5-b6d4-9a05486bf32a,cd4abd50-9056-46d5-b6d4-9a05486bf32a,ATTRIBUTE,c2d24d51-d447-4e8f-b13f-145614e6cca2,First_Section,1,2,Skipped,https://Assessment/Assessment/e35200fa-db70-4c2b-b95b-3be7c8596206,OTAuto02,b99df4a4-2bf5-4c08-9483-bd636470bc11,b99df4a4-2bf5-4c08-9483-bd636470bc11
efe2ce56-77b0-4301-8e21-31ae0123ac14,Automated_Assessment_97124_1059292,723,9268683f2d6af671a4adf1261ee4221c,0,0,,text,Multichoice Q?,bff18695-fedd-40ef-8221-dae6439997f2,bff18695-fedd-40ef-8221-dae6439997f2,MULTICHOICE,31f1ef8b-df73-47dd-9762-f1d33688c12a,First_Section,1,2,Unanswered,https://Assessment/Assessment/efe2ce56-77b0-4301-8e21-31ae0123ac14,OTAuto02,b99df4a4-2bf5-4c08-9483-bd636470bc11,b99df4a4-2bf5-4c08-9483-bd636470bc11
6a73f2df-2803-4a35-bbcc-444020aa4ffb,automation_assessment_40862_6797848,726,3d307ca44ce5a139454f852cc024114f,0,0,,text,Does this initiative build off or work with a currently ongoing initiative?,d9150f17-50f3-4213-b6e1-0b42adb4bd6e,d9150f17-50f3-4213-b6e1-0b42adb4bd6e,YESNO,2cf74380-eb97-45fa-9e3b-578be0e46a4e,Project description and scope,1,1,Unanswered,https://Assessment/Assessment/6a73f2df-2803-4a35-bbcc-444020aa4ffb,OTAuto02,b99df4a4-2bf5-4c08-9483-bd636470bc11,b99df4a4-2bf5-4c08-9483-bd636470bc11
12d00d61-4798-4eca-b56c-ffe914fa2ca2,automation_project_65635_7507651 - automation_template_2_65635_7507651,741,d62ff7f8e23c3913f2a2fccc918baa1b,0,0,,text,How and where will the data be stored?,da0d2688-1079-4555-ad2f-bc952f2845f7,da0d2688-1079-4555-ad2f-bc952f2845f7,YESNO,5e3b4e53-4971-4ded-97db-32a3db621ce6,Second_Section,1,1,Unanswered,https://Assessment/Assessment/12d00d61-4798-4eca-b56c-ffe914fa2ca2,OTAuto02,b99df4a4-2bf5-4c08-9483-bd636470bc11,b99df4a4-2bf5-4c08-9483-bd636470bc11
efe2ce56-77b0-4301-8e21-31ae0123ac14,Automated_Assessment_97124_1059292,723,f326f2b3345f526676bb9fc090bb9b59,0,0,,text,How and where will the data be stored?,a414844f-f1a6-4f9b-a34c-c6c9884bfe47,a414844f-f1a6-4f9b-a34c-c6c9884bfe47,YESNO,31f1ef8b-df73-47dd-9762-f1d33688c12a,First_Section,1,1,Unanswered,https://Assessment/Assessment/efe2ce56-77b0-4301-8e21-31ae0123ac14,OTAuto02,b99df4a4-2bf5-4c08-9483-bd636470bc11,b99df4a4-2bf5-4c08-9483-bd636470bc11
7b074a64-bb6c-40ae-a97b-850ede4e7956,automation_project_65635_7507651 - automation_template_1_65635_7507651,740,f5345e5c485882eb8694bcf0493cc306,0,0,,text,How and where will the data be stored?,653bbd91-5b1c-4c5e-a542-cd0cb9b132a1,653bbd91-5b1c-4c5e-a542-cd0cb9b132a1,YESNO,be4090f4-b79b-49a7-96df-b765b9c583f6,First_Section,1,1,Unanswered,https://Assessment/Assessment/7b074a64-bb6c-40ae-a97b-850ede4e7956,OTAuto02,b99df4a4-2bf5-4c08-9483-bd636470bc11,b99df4a4-2bf5-4c08-9483-bd636470bc11
55f80c15-bf08-473b-b5b0-3b7ef2f81ae7,assessment_2256972,670,dea0b24ac9b4f1f8f63c76a96304505f,0,0,,text,Q2,9e15eb7d-1a05-4045-9cff-6a6fceabca47,9e15eb7d-1a05-4045-9cff-6a6fceabca47,YESNO,358ca1e4-e4d6-4c4f-ba31-b84da36f7ca7,S2,2,1,Unanswered,https://Assessment/Assessment/55f80c15-bf08-473b-b5b0-3b7ef2f81ae7,OTAuto02,b99df4a4-2bf5-4c08-9483-bd636470bc11,b99df4a4-2bf5-4c08-9483-bd636470bc11
c7564611-add8-45c4-bbe4-11fea0274818,Section_Assigned_Assessment_01_7140534,667,5e055e9598cb43b680d988509682be05,0,0,,text,Multichoice Q,64240b5e-c6c8-4c54-8b61-18a31ac3d07e,64240b5e-c6c8-4c54-8b61-18a31ac3d07e,MULTICHOICE,a5bc63f8-1f0f-4823-9e6e-ceab72195c09,S1,1,1,Unanswered,https://Assessment/Assessment/c7564611-add8-45c4-bbe4-11fea0274818,OTAuto02,b99df4a4-2bf5-4c08-9483-bd636470bc11,b99df4a4-2bf5-4c08-9483-bd636470bc11
f5df1d30-bcf6-438d-9b06-992a7090a46b,Automated_Assessment_4428_5397182,652,2799cadfa9325b326df9ba890c75596b,0,0,,text,How and where will the data be stored?,1d2d37c3-1267-435d-8b03-eda35a3ef412,1d2d37c3-1267-435d-8b03-eda35a3ef412,YESNO,bc0f68fd-f926-4ca2-be3f-33c50fd82ba6,First_Section,1,1,Answered,https://Assessment/Assessment/f5df1d30-bcf6-438d-9b06-992a7090a46b,OTAuto02,b99df4a4-2bf5-4c08-9483-bd636470bc11,b99df4a4-2bf5-4c08-9483-bd636470bc11
054306fa-f88c-42ee-8479-c677b46977c1,Section_Assigned_Assessment_7140534,666,29617b0b42f919c87d3194c179f1c3e9,0,0,,text,Q4,fa3ae79e-9722-4c0a-bf16-545359ffabf3,fa3ae79e-9722-4c0a-bf16-545359ffabf3,YESNO,44cd8f15-f43c-4db4-b4fb-03f33450d8ba,S4,4,1,Unanswered,https://Assessment/Assessment/054306fa-f88c-42ee-8479-c677b46977c1,OTAuto02,b99df4a4-2bf5-4c08-9483-bd636470bc11,b99df4a4-2bf5-4c08-9483-bd636470bc11
12c2aa2a-53b5-4bc4-a84c-cd8e5c6ed0aa,Automated_Assessment_1063600,674,235377a1a3e460bbb35ddab25f1372de,0,0,,text,How and where will the data be stored?,91f38a96-063d-40cf-b936-0c645a093d57,91f38a96-063d-40cf-b936-0c645a093d57,YESNO,3fe53413-f6aa-4e6f-abf8-3d3584229b60,Project description and scope,1,1,Unanswered,https://Assessment/Assessment/12c2aa2a-53b5-4bc4-a84c-cd8e5c6ed0aa,OTAuto02,b99df4a4-2bf5-4c08-9483-bd636470bc11,b99df4a4-2bf5-4c08-9483-bd636470bc11
054306fa-f88c-42ee-8479-c677b46977c1,Section_Assigned_Assessment_7140534,666,b6f9d2c7cff2556ec6b94385f4258e0d,0,0,,text,Q3,dcb2935b-d8b8-4d04-88ce-62e64935f6b5,dcb2935b-d8b8-4d04-88ce-62e64935f6b5,TEXTBOX,d75af884-1420-4d87-a99b-28ccca466ed4,S3,3,1,Unanswered,https://Assessment/Assessment/054306fa-f88c-42ee-8479-c677b46977c1,OTAuto02,b99df4a4-2bf5-4c08-9483-bd636470bc11,b99df4a4-2bf5-4c08-9483-bd636470bc11
c7564611-add8-45c4-bbe4-11fea0274818,Section_Assigned_Assessment_01_7140534,667,44a2997b1d6bed2d57fe18b0e6fc4595,0,0,,text,Q4,fa3ae79e-9722-4c0a-bf16-545359ffabf3,fa3ae79e-9722-4c0a-bf16-545359ffabf3,YESNO,44cd8f15-f43c-4db4-b4fb-03f33450d8ba,S4,4,1,Unanswered,https://Assessment/Assessment/c7564611-add8-45c4-bbe4-11fea0274818,OTAuto02,b99df4a4-2bf5-4c08-9483-bd636470bc11,b99df4a4-2bf5-4c08-9483-bd636470bc11
f35930d3-6f03-4b43-b355-47311e12afb9,Automated_Assessment_7823787,662,1151ef82c390ef55fbe94d7527518f62,0,0,,text,How and where will the data be stored?,9f434b0f-b026-4650-a3a0-d7bd248d7f54,9f434b0f-b026-4650-a3a0-d7bd248d7f54,YESNO,bae83fa8-b789-47bc-a12f-fb899b1325cc,Project description and scope,1,1,Unanswered,https://Assessment/Assessment/f35930d3-6f03-4b43-b355-47311e12afb9,OTAuto02,b99df4a4-2bf5-4c08-9483-bd636470bc11,b99df4a4-2bf5-4c08-9483-bd636470bc11
3879befc-f745-4227-8525-36245edd64d1,Automated_Assessment_1897310,653,09a439f053eb15dac55f9712786e056a,0,0,,text,How and where will the data be stored?,9385bfd7-7979-4692-9bd7-e39786d7938a,9385bfd7-7979-4692-9bd7-e39786d7938a,YESNO,78f9123f-8eae-46bd-94db-eeddb24ac48a,Project description and scope,1,1,Unanswered,https://Assessment/Assessment/3879befc-f745-4227-8525-36245edd64d1,OTAuto02,b99df4a4-2bf5-4c08-9483-bd636470bc11,b99df4a4-2bf5-4c08-9483-bd636470bc11
55f80c15-bf08-473b-b5b0-3b7ef2f81ae7,assessment_2256972,670,2f1b687365180bc8d69a0804cceaf1fc,0,0,,text,Multichoice Q,6659f518-2bca-4394-8043-42509aefd915,6659f518-2bca-4394-8043-42509aefd915,MULTICHOICE,3656acfa-7020-40cc-9bb0-7b89af41f163,S1,1,1,Unanswered,https://Assessment/Assessment/55f80c15-bf08-473b-b5b0-3b7ef2f81ae7,OTAuto02,b99df4a4-2bf5-4c08-9483-bd636470bc11,b99df4a4-2bf5-4c08-9483-bd636470bc11
aaa0b588-58ab-4e8d-8dc9-558ac7a124e1,Automated_Assessment_732977,655,4a039835d8f7462e44b50735430b0dd5,0,0,,text,Q1,8bbbaa0e-71f0-4817-adea-e080cf9a2e85,8bbbaa0e-71f0-4817-adea-e080cf9a2e85,MULTICHOICE,1765b0f2-1e7e-4cfb-a9af-234f92c311b3,S1,1,1,Unanswered,https://Assessment/Assessment/aaa0b588-58ab-4e8d-8dc9-558ac7a124e1,OTAuto02,b99df4a4-2bf5-4c08-9483-bd636470bc11,b99df4a4-2bf5-4c08-9483-bd636470bc11
c7564611-add8-45c4-bbe4-11fea0274818,Section_Assigned_Assessment_01_7140534,667,3285adbaaf7d3a0a33d4dc75c28ced9f,0,0,,text,Q3,dcb2935b-d8b8-4d04-88ce-62e64935f6b5,dcb2935b-d8b8-4d04-88ce-62e64935f6b5,TEXTBOX,d75af884-1420-4d87-a99b-28ccca466ed4,S3,3,1,Unanswered,https://Assessment/Assessment/c7564611-add8-45c4-bbe4-11fea0274818,OTAuto02,b99df4a4-2bf5-4c08-9483-bd636470bc11,b99df4a4-2bf5-4c08-9483-bd636470bc11
dcca7215-16d6-4571-9b71-d8fafc7202f8,assessment_42339_9496215,668,6dfdfa5d81f4727f9d1012e73b05657d,0,0,,text,Q1,0a20ab96-499f-43f8-ace6-9e8bb9c828ff,0a20ab96-499f-43f8-ace6-9e8bb9c828ff,TEXTBOX,a0bb8f4d-7930-4a08-866c-2b4883a15f26,Project description and scope,1,1,Unanswered,https://Assessment/Assessment/dcca7215-16d6-4571-9b71-d8fafc7202f8,OTAuto02,b99df4a4-2bf5-4c08-9483-bd636470bc11,b99df4a4-2bf5-4c08-9483-bd636470bc11
55f80c15-bf08-473b-b5b0-3b7ef2f81ae7,assessment_2256972,670,7fad9f49140d5adbc0c88a2faf77a6d0,0,0,,text,Q3,798a6eb9-97a8-42c1-98be-eb388206c350,798a6eb9-97a8-42c1-98be-eb388206c350,TEXTBOX,2cf1cab4-9489-487e-a718-817f0e9df368,S3,3,1,Unanswered,https://Assessment/Assessment/55f80c15-bf08-473b-b5b0-3b7ef2f81ae7,OTAuto02,b99df4a4-2bf5-4c08-9483-bd636470bc11,b99df4a4-2bf5-4c08-9483-bd636470bc11
aaa0b588-58ab-4e8d-8dc9-558ac7a124e1,Automated_Assessment_732977,655,95131b33ffb956a46d3d7ac05cf264e6,0,0,,text,Q2,e1c5946b-a001-4d1f-a9d6-9ba8d213b6b8,e1c5946b-a001-4d1f-a9d6-9ba8d213b6b8,YESNO,64843896-b0be-42a4-be73-103f55bccf66,S2,2,1,Unanswered,https://Assessment/Assessment/aaa0b588-58ab-4e8d-8dc9-558ac7a124e1,OTAuto02,b99df4a4-2bf5-4c08-9483-bd636470bc11,b99df4a4-2bf5-4c08-9483-bd636470bc11
054306fa-f88c-42ee-8479-c677b46977c1,Section_Assigned_Assessment_7140534,666,08a2f63c61d4a7f4987b85a78fcfa994,0,0,,text,Multichoice Q,64240b5e-c6c8-4c54-8b61-18a31ac3d07e,64240b5e-c6c8-4c54-8b61-18a31ac3d07e,MULTICHOICE,a5bc63f8-1f0f-4823-9e6e-ceab72195c09,S1,1,1,Answered,https://Assessment/Assessment/054306fa-f88c-42ee-8479-c677b46977c1,OTAuto02,b99df4a4-2bf5-4c08-9483-bd636470bc11,b99df4a4-2bf5-4c08-9483-bd636470bc11
054306fa-f88c-42ee-8479-c677b46977c1,Section_Assigned_Assessment_7140534,666,a21fdb73a13e4ce6d5044b0cdd6fc2bd,0,0,,text,Q2,700ee866-23e9-49e6-9e44-55676dbdfc5a,700ee866-23e9-49e6-9e44-55676dbdfc5a,YESNO,6690fa92-2f8c-479f-a582-cd704a88697c,S2,2,1,Unanswered,https://Assessment/Assessment/054306fa-f88c-42ee-8479-c677b46977c1,OTAuto02,b99df4a4-2bf5-4c08-9483-bd636470bc11,b99df4a4-2bf5-4c08-9483-bd636470bc11
aaa0b588-58ab-4e8d-8dc9-558ac7a124e1,Automated_Assessment_732977,655,61a09a6d9104fc132c0d24de1e509214,0,0,,text,Q3,63c36835-8af9-4a9b-91c9-a4b7540e03d6,63c36835-8af9-4a9b-91c9-a4b7540e03d6,TEXTBOX,347e0076-2caf-438d-bbf8-f00a8256b48a,S3,3,1,Unanswered,https://Assessment/Assessment/aaa0b588-58ab-4e8d-8dc9-558ac7a124e1,OTAuto02,b99df4a4-2bf5-4c08-9483-bd636470bc11,b99df4a4-2bf5-4c08-9483-bd636470bc11
c7564611-add8-45c4-bbe4-11fea0274818,Section_Assigned_Assessment_01_7140534,667,39d56963f7c522ee41172991bb582a59,0,0,,text,Q2,700ee866-23e9-49e6-9e44-55676dbdfc5a,700ee866-23e9-49e6-9e44-55676dbdfc5a,YESNO,6690fa92-2f8c-479f-a582-cd704a88697c,S2,2,1,Unanswered,https://Assessment/Assessment/c7564611-add8-45c4-bbe4-11fea0274818,OTAuto02,b99df4a4-2bf5-4c08-9483-bd636470bc11,b99df4a4-2bf5-4c08-9483-bd636470bc11
55e8e37e-88b9-4588-a91e-49b2bbf3ce34,processing-activities_41140_5856010,758,443b085fae4647ed899e5674baa53e69,0,0,,text,Data Element question,11787ab9-4745-4210-aaaa-32e4b3ea021e,11787ab9-4745-4210-aaaa-32e4b3ea021e,PERSONAL_DATA,890618aa-9dc0-4839-a32a-c971f7b16239,First_Section,1,2,Answered,https://Assessment/Assessment/55e8e37e-88b9-4588-a91e-49b2bbf3ce34,OTAuto02,b99df4a4-2bf5-4c08-9483-bd636470bc11,b99df4a4-2bf5-4c08-9483-bd636470bc11
b8b290e5-2d92-4ac3-8176-4a33b30c2423,assessment_42281_3183207,760,f9f562e885fc0d5427c46af39fdbfb1a,0,0,,text,Q1,f129461c-5876-4576-aa24-6e807666391a,f129461c-5876-4576-aa24-6e807666391a,TEXTBOX,119c91a8-5728-4b70-bcfa-18a8feb41dfd,Project description and scope,1,1,Unanswered,https://Assessment/Assessment/b8b290e5-2d92-4ac3-8176-4a33b30c2423,OTAuto02,b99df4a4-2bf5-4c08-9483-bd636470bc11,b99df4a4-2bf5-4c08-9483-bd636470bc11
c2d67349-506f-4fd2-91ff-f092da471a0c,Assessment_92459_6835137,757,6e7a56a050be541c43f6e710f1fc3c74,0,0,,text,attribute_1_6835137,28673396-3a9a-435a-b7d2-c6b748752848,28673396-3a9a-435a-b7d2-c6b748752848,ATTRIBUTE,4e44d0b3-7b8a-4fd7-9261-eb1f3d263e89,First_Section,1,2,Skipped,https://Assessment/Assessment/c2d67349-506f-4fd2-91ff-f092da471a0c,OTAuto02,b99df4a4-2bf5-4c08-9483-bd636470bc11,b99df4a4-2bf5-4c08-9483-bd636470bc11
55e8e37e-88b9-4588-a91e-49b2bbf3ce34,processing-activities_41140_5856010,758,b7ab04eac29c1a776a4e0ee48a5290c0,0,0,,text,How and where will the data be stored?,5d7f7b8b-f28d-491d-aab1-f2c43c56e0f2,5d7f7b8b-f28d-491d-aab1-f2c43c56e0f2,INVENTORY,890618aa-9dc0-4839-a32a-c971f7b16239,First_Section,1,1,Answered,https://Assessment/Assessment/55e8e37e-88b9-4588-a91e-49b2bbf3ce34,OTAuto02,b99df4a4-2bf5-4c08-9483-bd636470bc11,b99df4a4-2bf5-4c08-9483-bd636470bc11
c2d67349-506f-4fd2-91ff-f092da471a0c,Assessment_92459_6835137,757,ffbb2dac06682efada09edcf773474c3,0,0,,text,asset_question_6835137,3346e402-67a7-4a06-bbcf-e00288d6f3db,3346e402-67a7-4a06-bbcf-e00288d6f3db,INVENTORY,4e44d0b3-7b8a-4fd7-9261-eb1f3d263e89,First_Section,1,1,Unanswered,https://Assessment/Assessment/c2d67349-506f-4fd2-91ff-f092da471a0c,OTAuto02,b99df4a4-2bf5-4c08-9483-bd636470bc11,b99df4a4-2bf5-4c08-9483-bd636470bc11
128f3704-5dca-459c-8a5d-9b077a777947,automation_project_33552_5832060,755,5b98b533a06340d4a5434ab3d6b31276,0,0,,text,Does this initiative build off or work with a currently ongoing initiative?,f8ba89d4-fd7f-4e71-9690-105b9912e6ca,f8ba89d4-fd7f-4e71-9690-105b9912e6ca,YESNO,4e2c0dee-b84c-416c-890d-bc505c2727bf,Project description and scope,1,1,Unanswered,https://Assessment/Assessment/128f3704-5dca-459c-8a5d-9b077a777947,OTAuto02,b99df4a4-2bf5-4c08-9483-bd636470bc11,b99df4a4-2bf5-4c08-9483-bd636470bc11
de13e7c3-40a5-414c-bca5-3cf14d6c7d39,assessment_40794_7761501,773,c4a8692e37b86616e4555ead00dcf88c,0,0,,text,Does this initiative build off or work with a currently ongoing initiative?,f4d8ae6b-715d-48fe-b13d-eae08d2c4924,f4d8ae6b-715d-48fe-b13d-eae08d2c4924,YESNO,514d0e97-3ff7-4231-bc1a-4c6b94cc193c,Project description and scope,1,1,Answered,https://Assessment/Assessment/de13e7c3-40a5-414c-bca5-3cf14d6c7d39,OTAuto02,b99df4a4-2bf5-4c08-9483-bd636470bc11,b99df4a4-2bf5-4c08-9483-bd636470bc11
766333ea-d6c7-4a52-9512-1f20144569f3,automation_assessment_806782,792,1ca5a9206165aa4e3c2099bd7283a85b,0,0,,text,pa_Inventory,ed163df1-6b45-4945-a1dc-68321ed8cbc1,ed163df1-6b45-4945-a1dc-68321ed8cbc1,INVENTORY,d286099a-666e-475d-98c0-2aa000f173e9,S1,1,1,Answered,https://Assessment/Assessment/766333ea-d6c7-4a52-9512-1f20144569f3,OTAuto02,b99df4a4-2bf5-4c08-9483-bd636470bc11,b99df4a4-2bf5-4c08-9483-bd636470bc11
766333ea-d6c7-4a52-9512-1f20144569f3,automation_assessment_806782,792,fcf61b045b5083f7816dd6c9951e7d08,0,0,,text,PD?,6b32a4cd-9bf7-480e-a7a3-a95518fbecad,6b32a4cd-9bf7-480e-a7a3-a95518fbecad,PERSONAL_DATA,d286099a-666e-475d-98c0-2aa000f173e9,S1,1,2,Answered,https://Assessment/Assessment/766333ea-d6c7-4a52-9512-1f20144569f3,OTAuto02,b99df4a4-2bf5-4c08-9483-bd636470bc11,b99df4a4-2bf5-4c08-9483-bd636470bc11
d3ef8c7e-016c-42cb-914b-37eba8a1aa2d,Automated_Assessment_571886,790,0673cce356a25f30ed50cce123aa0e12,0,0,,text,Text Q,6005e99b-2756-479a-b67a-9f4b04895f9d,6005e99b-2756-479a-b67a-9f4b04895f9d,TEXTBOX,603a7ea5-38ad-437f-874d-f3c5b9aa477e,First_Section,1,2,Unanswered,https://Assessment/Assessment/d3ef8c7e-016c-42cb-914b-37eba8a1aa2d,OTAuto02,b99df4a4-2bf5-4c08-9483-bd636470bc11,b99df4a4-2bf5-4c08-9483-bd636470bc11
766333ea-d6c7-4a52-9512-1f20144569f3,automation_assessment_806782,792,8127ce1100c782aa7abdddd4695a12b9,0,0,,text,pa_raq_2_92926_806782,451dbb28-d073-4e88-8ace-5a6996c4b4bb,451dbb28-d073-4e88-8ace-5a6996c4b4bb,ATTRIBUTE,d286099a-666e-475d-98c0-2aa000f173e9,S1,1,4,Answered,https://Assessment/Assessment/766333ea-d6c7-4a52-9512-1f20144569f3,OTAuto02,b99df4a4-2bf5-4c08-9483-bd636470bc11,b99df4a4-2bf5-4c08-9483-bd636470bc11
12e2e159-5eab-40dc-8c27-9256d847a6f7,automated_assessment_3491_193209,788,b49fa3a0ab4a2afd4e7049f42359e471,0,0,,text,Is your organization cloud ready?,0b87a8f8-ca81-4263-8f60-73537a3b1043,0b87a8f8-ca81-4263-8f60-73537a3b1043,YESNO,d7b5c4bf-5ea4-48f6-90e5-afae87973d15,First_Section,1,1,Answered,https://Assessment/Assessment/12e2e159-5eab-40dc-8c27-9256d847a6f7,OTAuto02,b99df4a4-2bf5-4c08-9483-bd636470bc11,b99df4a4-2bf5-4c08-9483-bd636470bc11
766333ea-d6c7-4a52-9512-1f20144569f3,automation_assessment_806782,792,f697cdd471dfabec9d0f6f9f30bf8633,0,0,,text,pa_raq_1_92926_806782,7b1cec4d-6b08-4c5a-a597-ecfb1901c4a1,7b1cec4d-6b08-4c5a-a597-ecfb1901c4a1,ATTRIBUTE,d286099a-666e-475d-98c0-2aa000f173e9,S1,1,3,Answered,https://Assessment/Assessment/766333ea-d6c7-4a52-9512-1f20144569f3,OTAuto02,b99df4a4-2bf5-4c08-9483-bd636470bc11,b99df4a4-2bf5-4c08-9483-bd636470bc11
d3ef8c7e-016c-42cb-914b-37eba8a1aa2d,Automated_Assessment_571886,790,f2dae9ba5a2e893410fb64089817be6c,0,0,,text,Statement Q?,5b0dec2c-8f6b-4191-868a-af3d7b00d617,5b0dec2c-8f6b-4191-868a-af3d7b00d617,STATEMENT,603a7ea5-38ad-437f-874d-f3c5b9aa477e,First_Section,1,3,Unanswered,https://Assessment/Assessment/d3ef8c7e-016c-42cb-914b-37eba8a1aa2d,OTAuto02,b99df4a4-2bf5-4c08-9483-bd636470bc11,b99df4a4-2bf5-4c08-9483-bd636470bc11
d3ef8c7e-016c-42cb-914b-37eba8a1aa2d,Automated_Assessment_571886,790,29dc7a284406c14dd5faa47ad476d62e,0,0,,datetime,Date Q?,c8ce9e23-5528-4a04-bf6d-8ab9c7af7520,c8ce9e23-5528-4a04-bf6d-8ab9c7af7520,DATE,603a7ea5-38ad-437f-874d-f3c5b9aa477e,First_Section,1,4,Unanswered,https://Assessment/Assessment/d3ef8c7e-016c-42cb-914b-37eba8a1aa2d,OTAuto02,b99df4a4-2bf5-4c08-9483-bd636470bc11,b99df4a4-2bf5-4c08-9483-bd636470bc11
d3ef8c7e-016c-42cb-914b-37eba8a1aa2d,Automated_Assessment_571886,790,ff521a1af6536e945ed34d9cc9a3289b,0,0,,text,Multichoice Q?,ee5a0609-a332-4831-a1fd-b31055ab46da,ee5a0609-a332-4831-a1fd-b31055ab46da,MULTICHOICE,603a7ea5-38ad-437f-874d-f3c5b9aa477e,First_Section,1,1,Answered,https://Assessment/Assessment/d3ef8c7e-016c-42cb-914b-37eba8a1aa2d,OTAuto02,b99df4a4-2bf5-4c08-9483-bd636470bc11,b99df4a4-2bf5-4c08-9483-bd636470bc11
0466ed7e-755a-4059-8e7c-3099552a7e3b,assessment_1_8734377 - Parent_Template_34091_8734377,807,5165279d9fa7518e9bc5499622ae0e4f,0,0,,text,How and where will the data be stored?,927474d2-6a00-4f0f-beaa-d9f018b0428a,927474d2-6a00-4f0f-beaa-d9f018b0428a,TEXTBOX,d09b4df9-c278-4038-ab72-512ae5d1ef8e,Project description and scope,1,1,Unanswered,https://Assessment/Assessment/0466ed7e-755a-4059-8e7c-3099552a7e3b,OTAuto02,b99df4a4-2bf5-4c08-9483-bd636470bc11,b99df4a4-2bf5-4c08-9483-bd636470bc11
