entityTypeReference,entityId,entityNumber,entityName,stageId,workflowId,workflow,stage,createdBy,updatedBy,createdDateTime,createdDate,createdYear,createdMonth,createdMonthNumber,createdQuarter,updatedDateTime,updatedDate,updatedYear,updatedMonth,updatedMonthNumber,updatedQuarter,timeZoneID,orgId,orgName,parentOrgID,createdByUserEmail
models,52,032d5d18-a14b-4c91-aa33-366acc16db60,bcaa9d24-f5b0-4d1e-b55e-33053b6138d2,22d257f6-edd1-467a-a2a7-cfd58720f462,Workflow_8308963,Not Started,e8f95e3c-8416-4a8b-8469-8ef95e7626a3,6129d71c-87ff-4a50-a77e-6ac5ec4c17d6,Default Workflow,Ideation,OneTrust Automation,2,2026-03-20T19:18:21.347+00:00,2026-03-20,2026,March,03,Quarter 1,2026-03-20T19:18:01.367+00:00,2026-03-20,2026,March,03,Quarter 1,False,0.00023124999746128365,130.67522892361163,Antarctica/South_Pole
models,52,032d5d18-a14b-4c91-aa33-366acc16db60,bcaa9d24-f5b0-4d1e-b55e-33053b6138d2,22d257f6-edd1-467a-a2a7-cfd58720f462,Workflow_8308963,Not Started,e8f95e3c-8416-4a8b-8469-8ef95e7626a3,6129d71c-87ff-4a50-a77e-6ac5ec4c17d6,Default Workflow,Ideation,OneTrust Automation,2,2026-03-20T06:18:21.347+00:00,2026-03-20,2026,March,03,Quarter 1,2026-03-20T06:18:01.367+00:00,2026-03-20,2026,March,03,Quarter 1,False,0.00023124999746128365,131.21689559027828,Africa/Freetown
models,52,032d5d18-a14b-4c91-aa33-366acc16db60,bcaa9d24-f5b0-4d1e-b55e-33053b6138d2,22d257f6-edd1-467a-a2a7-cfd58720f462,Workflow_8308963,Not Started,e8f95e3c-8416-4a8b-8469-8ef95e7626a3,6129d71c-87ff-4a50-a77e-6ac5ec4c17d6,Default Workflow,Ideation,OneTrust Automation,2,2026-03-20T11:18:21.347+00:00,2026-03-20,2026,March,03,Quarter 1,2026-03-20T11:18:01.367+00:00,2026-03-20,2026,March,03,Quarter 1,False,0.00023124999746128365,131.00856225694494,Asia/Atyrau
models,52,032d5d18-a14b-4c91-aa33-366acc16db60,bcaa9d24-f5b0-4d1e-b55e-33053b6138d2,22d257f6-edd1-467a-a2a7-cfd58720f462,Workflow_8308963,Not Started,e8f95e3c-8416-4a8b-8469-8ef95e7626a3,6129d71c-87ff-4a50-a77e-6ac5ec4c17d6,Default Workflow,Ideation,OneTrust Automation,2,2026-03-20T02:18:21.347+00:00,2026-03-20,2026,March,03,Quarter 1,2026-03-20T02:18:01.367+00:00,2026-03-20,2026,March,03,Quarter 1,False,0.00023124999746128365,131.38356225694494,America/Santo_Domingo
models,52,032d5d18-a14b-4c91-aa33-366acc16db60,bcaa9d24-f5b0-4d1e-b55e-33053b6138d2,22d257f6-edd1-467a-a2a7-cfd58720f462,Workflow_8308963,Not Started,e8f95e3c-8416-4a8b-8469-8ef95e7626a3,6129d71c-87ff-4a50-a77e-6ac5ec4c17d6,Default Workflow,Ideation,OneTrust Automation,2,2026-03-20T14:18:21.347+00:00,2026-03-20,2026,March,03,Quarter 1,2026-03-20T14:18:01.367+00:00,2026-03-20,2026,March,03,Quarter 1,False,0.00023124999746128365,130.88356225694494,Asia/Macau
models,52,032d5d18-a14b-4c91-aa33-366acc16db60,bcaa9d24-f5b0-4d1e-b55e-33053b6138d2,22d257f6-edd1-467a-a2a7-cfd58720f462,Workflow_8308963,Not Started,e8f95e3c-8416-4a8b-8469-8ef95e7626a3,6129d71c-87ff-4a50-a77e-6ac5ec4c17d6,Default Workflow,Ideation,OneTrust Automation,2,2026-03-20T00:18:21.347+00:00,2026-03-20,2026,March,03,Quarter 1,2026-03-20T00:18:01.367+00:00,2026-03-20,2026,March,03,Quarter 1,False,0.00023124999746128365,131.46689559027828,America/Bahia_Banderas
models,52,032d5d18-a14b-4c91-aa33-366acc16db60,bcaa9d24-f5b0-4d1e-b55e-33053b6138d2,22d257f6-edd1-467a-a2a7-cfd58720f462,Workflow_8308963,Not Started,e8f95e3c-8416-4a8b-8469-8ef95e7626a3,6129d71c-87ff-4a50-a77e-6ac5ec4c17d6,Default Workflow,Ideation,OneTrust Automation,2,2026-03-20T03:18:21.347+00:00,2026-03-20,2026,March,03,Quarter 1,2026-03-20T03:18:01.367+00:00,2026-03-20,2026,March,03,Quarter 1,False,0.00023124999746128365,131.34189559027828,Antarctica/Rothera
models,52,032d5d18-a14b-4c91-aa33-366acc16db60,bcaa9d24-f5b0-4d1e-b55e-33053b6138d2,22d257f6-edd1-467a-a2a7-cfd58720f462,Workflow_8308963,Not Started,e8f95e3c-8416-4a8b-8469-8ef95e7626a3,6129d71c-87ff-4a50-a77e-6ac5ec4c17d6,Default Workflow,Ideation,OneTrust Automation,2,2026-03-20T03:18:21.347+00:00,2026-03-20,2026,March,03,Quarter 1,2026-03-20T03:18:01.367+00:00,2026-03-20,2026,March,03,Quarter 1,False,0.00023124999746128365,131.34189559027828,America/Jujuy
models,52,032d5d18-a14b-4c91-aa33-366acc16db60,bcaa9d24-f5b0-4d1e-b55e-33053b6138d2,22d257f6-edd1-467a-a2a7-cfd58720f462,Workflow_8308963,Not Started,e8f95e3c-8416-4a8b-8469-8ef95e7626a3,6129d71c-87ff-4a50-a77e-6ac5ec4c17d6,Default Workflow,Ideation,OneTrust Automation,2,2026-03-20T13:18:21.347+00:00,2026-03-20,2026,March,03,Quarter 1,2026-03-20T13:18:01.367+00:00,2026-03-20,2026,March,03,Quarter 1,False,0.00023124999746128365,130.92522892361163,Asia/Bangkok
models,52,032d5d18-a14b-4c91-aa33-366acc16db60,bcaa9d24-f5b0-4d1e-b55e-33053b6138d2,22d257f6-edd1-467a-a2a7-cfd58720f462,Workflow_8308963,Not Started,e8f95e3c-8416-4a8b-8469-8ef95e7626a3,6129d71c-87ff-4a50-a77e-6ac5ec4c17d6,Default Workflow,Ideation,OneTrust Automation,2,2026-03-20T08:18:21.347+00:00,2026-03-20,2026,March,03,Quarter 1,2026-03-20T08:18:01.367+00:00,2026-03-20,2026,March,03,Quarter 1,False,0.00023124999746128365,131.13356225694494,Europe/Vilnius
models,52,032d5d18-a14b-4c91-aa33-366acc16db60,bcaa9d24-f5b0-4d1e-b55e-33053b6138d2,22d257f6-edd1-467a-a2a7-cfd58720f462,Workflow_8308963,Not Started,e8f95e3c-8416-4a8b-8469-8ef95e7626a3,6129d71c-87ff-4a50-a77e-6ac5ec4c17d6,Default Workflow,Ideation,OneTrust Automation,2,2026-03-19T20:48:21.347+00:00,2026-03-19,2026,March,03,Quarter 1,2026-03-19T20:48:01.367+00:00,2026-03-19,2026,March,03,Quarter 1,False,0.00023124999746128365,131.61272892361163,Pacific/Marquesas
models,52,032d5d18-a14b-4c91-aa33-366acc16db60,bcaa9d24-f5b0-4d1e-b55e-33053b6138d2,22d257f6-edd1-467a-a2a7-cfd58720f462,Workflow_8308963,Not Started,e8f95e3c-8416-4a8b-8469-8ef95e7626a3,6129d71c-87ff-4a50-a77e-6ac5ec4c17d6,Default Workflow,Ideation,OneTrust Automation,2,2026-03-20T03:18:21.347+00:00,2026-03-20,2026,March,03,Quarter 1,2026-03-20T03:18:01.367+00:00,2026-03-20,2026,March,03,Quarter 1,False,0.00023124999746128365,131.34189559027828,America/Glace_Bay
models,52,032d5d18-a14b-4c91-aa33-366acc16db60,bcaa9d24-f5b0-4d1e-b55e-33053b6138d2,22d257f6-edd1-467a-a2a7-cfd58720f462,Workflow_8308963,Not Started,e8f95e3c-8416-4a8b-8469-8ef95e7626a3,6129d71c-87ff-4a50-a77e-6ac5ec4c17d6,Default Workflow,Ideation,OneTrust Automation,2,2026-03-20T16:18:21.347+00:00,2026-03-20,2026,March,03,Quarter 1,2026-03-20T16:18:01.367+00:00,2026-03-20,2026,March,03,Quarter 1,False,0.00023124999746128365,130.80022892361163,Asia/Ust-Nera
models,52,032d5d18-a14b-4c91-aa33-366acc16db60,bcaa9d24-f5b0-4d1e-b55e-33053b6138d2,22d257f6-edd1-467a-a2a7-cfd58720f462,Workflow_8308963,Not Started,e8f95e3c-8416-4a8b-8469-8ef95e7626a3,6129d71c-87ff-4a50-a77e-6ac5ec4c17d6,Default Workflow,Ideation,OneTrust Automation,2,2026-03-20T17:18:21.347+00:00,2026-03-20,2026,March,03,Quarter 1,2026-03-20T17:18:01.367+00:00,2026-03-20,2026,March,03,Quarter 1,False,0.00023124999746128365,130.75856225694494,Etc/GMT-11
models,52,032d5d18-a14b-4c91-aa33-366acc16db60,bcaa9d24-f5b0-4d1e-b55e-33053b6138d2,22d257f6-edd1-467a-a2a7-cfd58720f462,Workflow_8308963,Not Started,e8f95e3c-8416-4a8b-8469-8ef95e7626a3,6129d71c-87ff-4a50-a77e-6ac5ec4c17d6,Default Workflow,Ideation,OneTrust Automation,2,2026-03-20T15:18:21.347+00:00,2026-03-20,2026,March,03,Quarter 1,2026-03-20T15:18:01.367+00:00,2026-03-20,2026,March,03,Quarter 1,False,0.00023124999746128365,130.84189559027828,Asia/Jayapura
models,52,032d5d18-a14b-4c91-aa33-366acc16db60,bcaa9d24-f5b0-4d1e-b55e-33053b6138d2,22d257f6-edd1-467a-a2a7-cfd58720f462,Workflow_8308963,Not Started,e8f95e3c-8416-4a8b-8469-8ef95e7626a3,6129d71c-87ff-4a50-a77e-6ac5ec4c17d6,Default Workflow,Ideation,OneTrust Automation,2,2026-03-20T03:48:21.347+00:00,2026-03-20,2026,March,03,Quarter 1,2026-03-20T03:48:01.367+00:00,2026-03-20,2026,March,03,Quarter 1,False,0.00023124999746128365,131.32106225694494,America/St_Johns
models,52,032d5d18-a14b-4c91-aa33-366acc16db60,bcaa9d24-f5b0-4d1e-b55e-33053b6138d2,22d257f6-edd1-467a-a2a7-cfd58720f462,Workflow_8308963,Not Started,e8f95e3c-8416-4a8b-8469-8ef95e7626a3,6129d71c-87ff-4a50-a77e-6ac5ec4c17d6,Default Workflow,Ideation,OneTrust Automation,2,2026-03-20T07:18:21.347+00:00,2026-03-20,2026,March,03,Quarter 1,2026-03-20T07:18:01.367+00:00,2026-03-20,2026,March,03,Quarter 1,False,0.00023124999746128365,131.17522892361163,Europe/Andorra
models,52,032d5d18-a14b-4c91-aa33-366acc16db60,bcaa9d24-f5b0-4d1e-b55e-33053b6138d2,22d257f6-edd1-467a-a2a7-cfd58720f462,Workflow_8308963,Not Started,e8f95e3c-8416-4a8b-8469-8ef95e7626a3,6129d71c-87ff-4a50-a77e-6ac5ec4c17d6,Default Workflow,Ideation,OneTrust Automation,2,2026-03-20T11:18:21.347+00:00,2026-03-20,2026,March,03,Quarter 1,2026-03-20T11:18:01.367+00:00,2026-03-20,2026,March,03,Quarter 1,False,0.00023124999746128365,131.00856225694494,Etc/GMT-5
models,52,032d5d18-a14b-4c91-aa33-366acc16db60,bcaa9d24-f5b0-4d1e-b55e-33053b6138d2,22d257f6-edd1-467a-a2a7-cfd58720f462,Workflow_8308963,Not Started,e8f95e3c-8416-4a8b-8469-8ef95e7626a3,6129d71c-87ff-4a50-a77e-6ac5ec4c17d6,Default Workflow,Ideation,OneTrust Automation,2,2026-03-20T03:18:21.347+00:00,2026-03-20,2026,March,03,Quarter 1,2026-03-20T03:18:01.367+00:00,2026-03-20,2026,March,03,Quarter 1,False,0.00023124999746128365,131.34189559027828,America/Argentina/ComodRivadavia
models,52,032d5d18-a14b-4c91-aa33-366acc16db60,bcaa9d24-f5b0-4d1e-b55e-33053b6138d2,22d257f6-edd1-467a-a2a7-cfd58720f462,Workflow_8308963,Not Started,e8f95e3c-8416-4a8b-8469-8ef95e7626a3,6129d71c-87ff-4a50-a77e-6ac5ec4c17d6,Default Workflow,Ideation,OneTrust Automation,2,2026-03-20T06:18:21.347+00:00,2026-03-20,2026,March,03,Quarter 1,2026-03-20T06:18:01.367+00:00,2026-03-20,2026,March,03,Quarter 1,False,0.00023124999746128365,131.21689559027828,Africa/Monrovia
models,52,032d5d18-a14b-4c91-aa33-366acc16db60,bcaa9d24-f5b0-4d1e-b55e-33053b6138d2,22d257f6-edd1-467a-a2a7-cfd58720f462,Workflow_8308963,Not Started,e8f95e3c-8416-4a8b-8469-8ef95e7626a3,6129d71c-87ff-4a50-a77e-6ac5ec4c17d6,Default Workflow,Ideation,OneTrust Automation,2,2026-03-20T19:18:21.347+00:00,2026-03-20,2026,March,03,Quarter 1,2026-03-20T19:18:01.367+00:00,2026-03-20,2026,March,03,Quarter 1,False,0.00023124999746128365,130.67522892361163,Pacific/Apia
models,52,032d5d18-a14b-4c91-aa33-366acc16db60,bcaa9d24-f5b0-4d1e-b55e-33053b6138d2,22d257f6-edd1-467a-a2a7-cfd58720f462,Workflow_8308963,Not Started,e8f95e3c-8416-4a8b-8469-8ef95e7626a3,6129d71c-87ff-4a50-a77e-6ac5ec4c17d6,Default Workflow,Ideation,OneTrust Automation,2,2026-03-20T02:18:21.347+00:00,2026-03-20,2026,March,03,Quarter 1,2026-03-20T02:18:01.367+00:00,2026-03-20,2026,March,03,Quarter 1,False,0.00023124999746128365,131.38356225694494,America/Thunder_Bay
models,52,032d5d18-a14b-4c91-aa33-366acc16db60,bcaa9d24-f5b0-4d1e-b55e-33053b6138d2,22d257f6-edd1-467a-a2a7-cfd58720f462,Workflow_8308963,Not Started,e8f95e3c-8416-4a8b-8469-8ef95e7626a3,6129d71c-87ff-4a50-a77e-6ac5ec4c17d6,Default Workflow,Ideation,OneTrust Automation,2,2026-03-20T01:18:21.347+00:00,2026-03-20,2026,March,03,Quarter 1,2026-03-20T01:18:01.367+00:00,2026-03-20,2026,March,03,Quarter 1,False,0.00023124999746128365,131.42522892361163,America/Resolute
models,52,032d5d18-a14b-4c91-aa33-366acc16db60,bcaa9d24-f5b0-4d1e-b55e-33053b6138d2,22d257f6-edd1-467a-a2a7-cfd58720f462,Workflow_8308963,Not Started,e8f95e3c-8416-4a8b-8469-8ef95e7626a3,6129d71c-87ff-4a50-a77e-6ac5ec4c17d6,Default Workflow,Ideation,OneTrust Automation,2,2026-03-20T07:18:21.347+00:00,2026-03-20,2026,March,03,Quarter 1,2026-03-20T07:18:01.367+00:00,2026-03-20,2026,March,03,Quarter 1,False,0.00023124999746128365,131.17522892361163,Poland
models,52,032d5d18-a14b-4c91-aa33-366acc16db60,bcaa9d24-f5b0-4d1e-b55e-33053b6138d2,22d257f6-edd1-467a-a2a7-cfd58720f462,Workflow_8308963,Not Started,e8f95e3c-8416-4a8b-8469-8ef95e7626a3,6129d71c-87ff-4a50-a77e-6ac5ec4c17d6,Default Workflow,Ideation,OneTrust Automation,2,2026-03-20T07:18:21.347+00:00,2026-03-20,2026,March,03,Quarter 1,2026-03-20T07:18:01.367+00:00,2026-03-20,2026,March,03,Quarter 1,False,0.00023124999746128365,131.17522892361163,CET
models,52,032d5d18-a14b-4c91-aa33-366acc16db60,bcaa9d24-f5b0-4d1e-b55e-33053b6138d2,22d257f6-edd1-467a-a2a7-cfd58720f462,Workflow_8308963,Not Started,e8f95e3c-8416-4a8b-8469-8ef95e7626a3,6129d71c-87ff-4a50-a77e-6ac5ec4c17d6,Default Workflow,Ideation,OneTrust Automation,2,2026-03-20T08:18:21.347+00:00,2026-03-20,2026,March,03,Quarter 1,2026-03-20T08:18:01.367+00:00,2026-03-20,2026,March,03,Quarter 1,False,0.00023124999746128365,131.13356225694494,Asia/Gaza
models,52,032d5d18-a14b-4c91-aa33-366acc16db60,bcaa9d24-f5b0-4d1e-b55e-33053b6138d2,22d257f6-edd1-467a-a2a7-cfd58720f462,Workflow_8308963,Not Started,e8f95e3c-8416-4a8b-8469-8ef95e7626a3,6129d71c-87ff-4a50-a77e-6ac5ec4c17d6,Default Workflow,Ideation,OneTrust Automation,2,2026-03-20T01:18:21.347+00:00,2026-03-20,2026,March,03,Quarter 1,2026-03-20T01:18:01.367+00:00,2026-03-20,2026,March,03,Quarter 1,False,0.00023124999746128365,131.42522892361163,America/Indiana/Knox
models,52,032d5d18-a14b-4c91-aa33-366acc16db60,bcaa9d24-f5b0-4d1e-b55e-33053b6138d2,22d257f6-edd1-467a-a2a7-cfd58720f462,Workflow_8308963,Not Started,e8f95e3c-8416-4a8b-8469-8ef95e7626a3,6129d71c-87ff-4a50-a77e-6ac5ec4c17d6,Default Workflow,Ideation,OneTrust Automation,2,2026-03-20T07:18:21.347+00:00,2026-03-20,2026,March,03,Quarter 1,2026-03-20T07:18:01.367+00:00,2026-03-20,2026,March,03,Quarter 1,False,0.00023124999746128365,131.17522892361163,Africa/Malabo
models,52,032d5d18-a14b-4c91-aa33-366acc16db60,bcaa9d24-f5b0-4d1e-b55e-33053b6138d2,22d257f6-edd1-467a-a2a7-cfd58720f462,Workflow_8308963,Not Started,e8f95e3c-8416-4a8b-8469-8ef95e7626a3,6129d71c-87ff-4a50-a77e-6ac5ec4c17d6,Default Workflow,Ideation,OneTrust Automation,2,2026-03-20T02:18:21.347+00:00,2026-03-20,2026,March,03,Quarter 1,2026-03-20T02:18:01.367+00:00,2026-03-20,2026,March,03,Quarter 1,False,0.00023124999746128365,131.38356225694494,America/Indiana/Vincennes
models,52,032d5d18-a14b-4c91-aa33-366acc16db60,bcaa9d24-f5b0-4d1e-b55e-33053b6138d2,22d257f6-edd1-467a-a2a7-cfd58720f462,Workflow_8308963,Not Started,e8f95e3c-8416-4a8b-8469-8ef95e7626a3,6129d71c-87ff-4a50-a77e-6ac5ec4c17d6,Default Workflow,Ideation,OneTrust Automation,2,2026-03-20T10:18:21.347+00:00,2026-03-20,2026,March,03,Quarter 1,2026-03-20T10:18:01.367+00:00,2026-03-20,2026,March,03,Quarter 1,False,0.00023124999746128365,131.05022892361163,Europe/Astrakhan
models,52,032d5d18-a14b-4c91-aa33-366acc16db60,bcaa9d24-f5b0-4d1e-b55e-33053b6138d2,22d257f6-edd1-467a-a2a7-cfd58720f462,Workflow_8308963,Not Started,e8f95e3c-8416-4a8b-8469-8ef95e7626a3,6129d71c-87ff-4a50-a77e-6ac5ec4c17d6,Default Workflow,Ideation,OneTrust Automation,2,2026-03-20T02:18:21.347+00:00,2026-03-20,2026,March,03,Quarter 1,2026-03-20T02:18:01.367+00:00,2026-03-20,2026,March,03,Quarter 1,False,0.00023124999746128365,131.38356225694494,America/Grenada
models,52,032d5d18-a14b-4c91-aa33-366acc16db60,bcaa9d24-f5b0-4d1e-b55e-33053b6138d2,22d257f6-edd1-467a-a2a7-cfd58720f462,Workflow_8308963,Not Started,e8f95e3c-8416-4a8b-8469-8ef95e7626a3,6129d71c-87ff-4a50-a77e-6ac5ec4c17d6,Default Workflow,Ideation,OneTrust Automation,2,2026-03-20T01:18:21.347+00:00,2026-03-20,2026,March,03,Quarter 1,2026-03-20T01:18:01.367+00:00,2026-03-20,2026,March,03,Quarter 1,False,0.00023124999746128365,131.42522892361163,Canada/Central
models,52,032d5d18-a14b-4c91-aa33-366acc16db60,bcaa9d24-f5b0-4d1e-b55e-33053b6138d2,22d257f6-edd1-467a-a2a7-cfd58720f462,Workflow_8308963,Not Started,e8f95e3c-8416-4a8b-8469-8ef95e7626a3,6129d71c-87ff-4a50-a77e-6ac5ec4c17d6,Default Workflow,Ideation,OneTrust Automation,2,2026-03-19T23:18:21.347+00:00,2026-03-19,2026,March,03,Quarter 1,2026-03-19T23:18:01.367+00:00,2026-03-19,2026,March,03,Quarter 1,False,0.00023124999746128365,131.50856225694494,America/Dawson
models,52,032d5d18-a14b-4c91-aa33-366acc16db60,bcaa9d24-f5b0-4d1e-b55e-33053b6138d2,22d257f6-edd1-467a-a2a7-cfd58720f462,Workflow_8308963,Not Started,e8f95e3c-8416-4a8b-8469-8ef95e7626a3,6129d71c-87ff-4a50-a77e-6ac5ec4c17d6,Default Workflow,Ideation,OneTrust Automation,2,2026-03-20T03:18:21.347+00:00,2026-03-20,2026,March,03,Quarter 1,2026-03-20T03:18:01.367+00:00,2026-03-20,2026,March,03,Quarter 1,False,0.00023124999746128365,131.34189559027828,America/Paramaribo
models,52,032d5d18-a14b-4c91-aa33-366acc16db60,bcaa9d24-f5b0-4d1e-b55e-33053b6138d2,22d257f6-edd1-467a-a2a7-cfd58720f462,Workflow_8308963,Not Started,e8f95e3c-8416-4a8b-8469-8ef95e7626a3,6129d71c-87ff-4a50-a77e-6ac5ec4c17d6,Default Workflow,Ideation,OneTrust Automation,2,2026-03-20T08:18:21.347+00:00,2026-03-20,2026,March,03,Quarter 1,2026-03-20T08:18:01.367+00:00,2026-03-20,2026,March,03,Quarter 1,False,0.00023124999746128365,131.13356225694494,Europe/Sofia
models,52,032d5d18-a14b-4c91-aa33-366acc16db60,bcaa9d24-f5b0-4d1e-b55e-33053b6138d2,22d257f6-edd1-467a-a2a7-cfd58720f462,Workflow_8308963,Not Started,e8f95e3c-8416-4a8b-8469-8ef95e7626a3,6129d71c-87ff-4a50-a77e-6ac5ec4c17d6,Default Workflow,Ideation,OneTrust Automation,2,2026-03-20T06:18:21.347+00:00,2026-03-20,2026,March,03,Quarter 1,2026-03-20T06:18:01.367+00:00,2026-03-20,2026,March,03,Quarter 1,False,0.00023124999746128365,131.21689559027828,GB-Eire
models,52,032d5d18-a14b-4c91-aa33-366acc16db60,bcaa9d24-f5b0-4d1e-b55e-33053b6138d2,22d257f6-edd1-467a-a2a7-cfd58720f462,Workflow_8308963,Not Started,e8f95e3c-8416-4a8b-8469-8ef95e7626a3,6129d71c-87ff-4a50-a77e-6ac5ec4c17d6,Default Workflow,Ideation,OneTrust Automation,2,2026-03-20T14:18:21.347+00:00,2026-03-20,2026,March,03,Quarter 1,2026-03-20T14:18:01.367+00:00,2026-03-20,2026,March,03,Quarter 1,False,0.00023124999746128365,130.88356225694494,Asia/Ulaanbaatar
models,52,032d5d18-a14b-4c91-aa33-366acc16db60,bcaa9d24-f5b0-4d1e-b55e-33053b6138d2,22d257f6-edd1-467a-a2a7-cfd58720f462,Workflow_8308963,Not Started,e8f95e3c-8416-4a8b-8469-8ef95e7626a3,6129d71c-87ff-4a50-a77e-6ac5ec4c17d6,Default Workflow,Ideation,OneTrust Automation,2,2026-03-20T10:18:21.347+00:00,2026-03-20,2026,March,03,Quarter 1,2026-03-20T10:18:01.367+00:00,2026-03-20,2026,March,03,Quarter 1,False,0.00023124999746128365,131.05022892361163,Europe/Samara
models,52,032d5d18-a14b-4c91-aa33-366acc16db60,bcaa9d24-f5b0-4d1e-b55e-33053b6138d2,22d257f6-edd1-467a-a2a7-cfd58720f462,Workflow_8308963,Not Started,e8f95e3c-8416-4a8b-8469-8ef95e7626a3,6129d71c-87ff-4a50-a77e-6ac5ec4c17d6,Default Workflow,Ideation,OneTrust Automation,2,2026-03-20T12:03:21.347+00:00,2026-03-20,2026,March,03,Quarter 1,2026-03-20T12:03:01.367+00:00,2026-03-20,2026,March,03,Quarter 1,False,0.00023124999746128365,130.97731225694494,Asia/Kathmandu
models,52,032d5d18-a14b-4c91-aa33-366acc16db60,bcaa9d24-f5b0-4d1e-b55e-33053b6138d2,22d257f6-edd1-467a-a2a7-cfd58720f462,Workflow_8308963,Not Started,e8f95e3c-8416-4a8b-8469-8ef95e7626a3,6129d71c-87ff-4a50-a77e-6ac5ec4c17d6,Default Workflow,Ideation,OneTrust Automation,2,2026-03-20T00:18:21.347+00:00,2026-03-20,2026,March,03,Quarter 1,2026-03-20T00:18:01.367+00:00,2026-03-20,2026,March,03,Quarter 1,False,0.00023124999746128365,131.46689559027828,America/Boise
models,52,032d5d18-a14b-4c91-aa33-366acc16db60,bcaa9d24-f5b0-4d1e-b55e-33053b6138d2,22d257f6-edd1-467a-a2a7-cfd58720f462,Workflow_8308963,Not Started,e8f95e3c-8416-4a8b-8469-8ef95e7626a3,6129d71c-87ff-4a50-a77e-6ac5ec4c17d6,Default Workflow,Ideation,OneTrust Automation,2,2026-03-19T21:18:21.347+00:00,2026-03-19,2026,March,03,Quarter 1,2026-03-19T21:18:01.367+00:00,2026-03-19,2026,March,03,Quarter 1,False,0.00023124999746128365,131.59189559027828,Etc/GMT+9
models,52,032d5d18-a14b-4c91-aa33-366acc16db60,bcaa9d24-f5b0-4d1e-b55e-33053b6138d2,22d257f6-edd1-467a-a2a7-cfd58720f462,Workflow_8308963,Not Started,e8f95e3c-8416-4a8b-8469-8ef95e7626a3,6129d71c-87ff-4a50-a77e-6ac5ec4c17d6,Default Workflow,Ideation,OneTrust Automation,2,2026-03-20T02:18:21.347+00:00,2026-03-20,2026,March,03,Quarter 1,2026-03-20T02:18:01.367+00:00,2026-03-20,2026,March,03,Quarter 1,False,0.00023124999746128365,131.38356225694494,America/Dominica
models,52,032d5d18-a14b-4c91-aa33-366acc16db60,bcaa9d24-f5b0-4d1e-b55e-33053b6138d2,22d257f6-edd1-467a-a2a7-cfd58720f462,Workflow_8308963,Not Started,e8f95e3c-8416-4a8b-8469-8ef95e7626a3,6129d71c-87ff-4a50-a77e-6ac5ec4c17d6,Default Workflow,Ideation,OneTrust Automation,2,2026-03-20T02:18:21.347+00:00,2026-03-20,2026,March,03,Quarter 1,2026-03-20T02:18:01.367+00:00,2026-03-20,2026,March,03,Quarter 1,False,0.00023124999746128365,131.38356225694494,America/Indiana/Petersburg
models,52,032d5d18-a14b-4c91-aa33-366acc16db60,bcaa9d24-f5b0-4d1e-b55e-33053b6138d2,22d257f6-edd1-467a-a2a7-cfd58720f462,Workflow_8308963,Not Started,e8f95e3c-8416-4a8b-8469-8ef95e7626a3,6129d71c-87ff-4a50-a77e-6ac5ec4c17d6,Default Workflow,Ideation,OneTrust Automation,2,2026-03-20T11:48:21.347+00:00,2026-03-20,2026,March,03,Quarter 1,2026-03-20T11:48:01.367+00:00,2026-03-20,2026,March,03,Quarter 1,False,0.00023124999746128365,130.98772892361163,Asia/Calcutta
models,52,032d5d18-a14b-4c91-aa33-366acc16db60,bcaa9d24-f5b0-4d1e-b55e-33053b6138d2,22d257f6-edd1-467a-a2a7-cfd58720f462,Workflow_8308963,Not Started,e8f95e3c-8416-4a8b-8469-8ef95e7626a3,6129d71c-87ff-4a50-a77e-6ac5ec4c17d6,Default Workflow,Ideation,OneTrust Automation,2,2026-03-20T17:18:21.347+00:00,2026-03-20,2026,March,03,Quarter 1,2026-03-20T17:18:01.367+00:00,2026-03-20,2026,March,03,Quarter 1,False,0.00023124999746128365,130.75856225694494,Australia/Melbourne
models,52,032d5d18-a14b-4c91-aa33-366acc16db60,bcaa9d24-f5b0-4d1e-b55e-33053b6138d2,22d257f6-edd1-467a-a2a7-cfd58720f462,Workflow_8308963,Not Started,e8f95e3c-8416-4a8b-8469-8ef95e7626a3,6129d71c-87ff-4a50-a77e-6ac5ec4c17d6,Default Workflow,Ideation,OneTrust Automation,2,2026-03-20T19:18:21.347+00:00,2026-03-20,2026,March,03,Quarter 1,2026-03-20T19:18:01.367+00:00,2026-03-20,2026,March,03,Quarter 1,False,0.00023124999746128365,130.67522892361163,Etc/GMT-13
models,52,032d5d18-a14b-4c91-aa33-366acc16db60,bcaa9d24-f5b0-4d1e-b55e-33053b6138d2,22d257f6-edd1-467a-a2a7-cfd58720f462,Workflow_8308963,Not Started,e8f95e3c-8416-4a8b-8469-8ef95e7626a3,6129d71c-87ff-4a50-a77e-6ac5ec4c17d6,Default Workflow,Ideation,OneTrust Automation,2,2026-03-20T06:18:21.347+00:00,2026-03-20,2026,March,03,Quarter 1,2026-03-20T06:18:01.367+00:00,2026-03-20,2026,March,03,Quarter 1,False,0.00023124999746128365,131.21689559027828,Etc/UCT
models,52,032d5d18-a14b-4c91-aa33-366acc16db60,bcaa9d24-f5b0-4d1e-b55e-33053b6138d2,22d257f6-edd1-467a-a2a7-cfd58720f462,Workflow_8308963,Not Started,e8f95e3c-8416-4a8b-8469-8ef95e7626a3,6129d71c-87ff-4a50-a77e-6ac5ec4c17d6,Default Workflow,Ideation,OneTrust Automation,2,2026-03-20T16:18:21.347+00:00,2026-03-20,2026,March,03,Quarter 1,2026-03-20T16:18:01.367+00:00,2026-03-20,2026,March,03,Quarter 1,False,0.00023124999746128365,130.80022892361163,Pacific/Truk
models,52,032d5d18-a14b-4c91-aa33-366acc16db60,bcaa9d24-f5b0-4d1e-b55e-33053b6138d2,22d257f6-edd1-467a-a2a7-cfd58720f462,Workflow_8308963,Not Started,e8f95e3c-8416-4a8b-8469-8ef95e7626a3,6129d71c-87ff-4a50-a77e-6ac5ec4c17d6,Default Workflow,Ideation,OneTrust Automation,2,2026-03-20T14:18:21.347+00:00,2026-03-20,2026,March,03,Quarter 1,2026-03-20T14:18:01.367+00:00,2026-03-20,2026,March,03,Quarter 1,False,0.00023124999746128365,130.88356225694494,Asia/Irkutsk
models,52,032d5d18-a14b-4c91-aa33-366acc16db60,bcaa9d24-f5b0-4d1e-b55e-33053b6138d2,22d257f6-edd1-467a-a2a7-cfd58720f462,Workflow_8308963,Not Started,e8f95e3c-8416-4a8b-8469-8ef95e7626a3,6129d71c-87ff-4a50-a77e-6ac5ec4c17d6,Default Workflow,Ideation,OneTrust Automation,2,2026-03-20T10:18:21.347+00:00,2026-03-20,2026,March,03,Quarter 1,2026-03-20T10:18:01.367+00:00,2026-03-20,2026,March,03,Quarter 1,False,0.00023124999746128365,131.05022892361163,Asia/Baku
models,52,032d5d18-a14b-4c91-aa33-366acc16db60,bcaa9d24-f5b0-4d1e-b55e-33053b6138d2,22d257f6-edd1-467a-a2a7-cfd58720f462,Workflow_8308963,Not Started,e8f95e3c-8416-4a8b-8469-8ef95e7626a3,6129d71c-87ff-4a50-a77e-6ac5ec4c17d6,Default Workflow,Ideation,OneTrust Automation,2,2026-03-20T02:18:21.347+00:00,2026-03-20,2026,March,03,Quarter 1,2026-03-20T02:18:01.367+00:00,2026-03-20,2026,March,03,Quarter 1,False,0.00023124999746128365,131.38356225694494,America/Kentucky/Monticello
models,52,032d5d18-a14b-4c91-aa33-366acc16db60,bcaa9d24-f5b0-4d1e-b55e-33053b6138d2,22d257f6-edd1-467a-a2a7-cfd58720f462,Workflow_8308963,Not Started,e8f95e3c-8416-4a8b-8469-8ef95e7626a3,6129d71c-87ff-4a50-a77e-6ac5ec4c17d6,Default Workflow,Ideation,OneTrust Automation,2,2026-03-20T17:18:21.347+00:00,2026-03-20,2026,March,03,Quarter 1,2026-03-20T17:18:01.367+00:00,2026-03-20,2026,March,03,Quarter 1,False,0.00023124999746128365,130.75856225694494,Pacific/Ponape
models,52,032d5d18-a14b-4c91-aa33-366acc16db60,bcaa9d24-f5b0-4d1e-b55e-33053b6138d2,22d257f6-edd1-467a-a2a7-cfd58720f462,Workflow_8308963,Not Started,e8f95e3c-8416-4a8b-8469-8ef95e7626a3,6129d71c-87ff-4a50-a77e-6ac5ec4c17d6,Default Workflow,Ideation,OneTrust Automation,2,2026-03-20T18:18:21.347+00:00,2026-03-20,2026,March,03,Quarter 1,2026-03-20T18:18:01.367+00:00,2026-03-20,2026,March,03,Quarter 1,False,0.00023124999746128365,130.71689559027828,Pacific/Norfolk
models,52,032d5d18-a14b-4c91-aa33-366acc16db60,bcaa9d24-f5b0-4d1e-b55e-33053b6138d2,22d257f6-edd1-467a-a2a7-cfd58720f462,Workflow_8308963,Not Started,e8f95e3c-8416-4a8b-8469-8ef95e7626a3,6129d71c-87ff-4a50-a77e-6ac5ec4c17d6,Default Workflow,Ideation,OneTrust Automation,2,2026-03-20T06:18:21.347+00:00,2026-03-20,2026,March,03,Quarter 1,2026-03-20T06:18:01.367+00:00,2026-03-20,2026,March,03,Quarter 1,False,0.00023124999746128365,131.21689559027828,Africa/Accra
models,52,032d5d18-a14b-4c91-aa33-366acc16db60,bcaa9d24-f5b0-4d1e-b55e-33053b6138d2,22d257f6-edd1-467a-a2a7-cfd58720f462,Workflow_8308963,Not Started,e8f95e3c-8416-4a8b-8469-8ef95e7626a3,6129d71c-87ff-4a50-a77e-6ac5ec4c17d6,Default Workflow,Ideation,OneTrust Automation,2,2026-03-20T02:18:21.347+00:00,2026-03-20,2026,March,03,Quarter 1,2026-03-20T02:18:01.367+00:00,2026-03-20,2026,March,03,Quarter 1,False,0.00023124999746128365,131.38356225694494,America/Grand_Turk
models,52,032d5d18-a14b-4c91-aa33-366acc16db60,bcaa9d24-f5b0-4d1e-b55e-33053b6138d2,22d257f6-edd1-467a-a2a7-cfd58720f462,Workflow_8308963,Not Started,e8f95e3c-8416-4a8b-8469-8ef95e7626a3,6129d71c-87ff-4a50-a77e-6ac5ec4c17d6,Default Workflow,Ideation,OneTrust Automation,2,2026-03-20T07:18:21.347+00:00,2026-03-20,2026,March,03,Quarter 1,2026-03-20T07:18:01.367+00:00,2026-03-20,2026,March,03,Quarter 1,False,0.00023124999746128365,131.17522892361163,Europe/Amsterdam
models,52,032d5d18-a14b-4c91-aa33-366acc16db60,bcaa9d24-f5b0-4d1e-b55e-33053b6138d2,22d257f6-edd1-467a-a2a7-cfd58720f462,Workflow_8308963,Not Started,e8f95e3c-8416-4a8b-8469-8ef95e7626a3,6129d71c-87ff-4a50-a77e-6ac5ec4c17d6,Default Workflow,Ideation,OneTrust Automation,2,2026-03-20T17:18:21.347+00:00,2026-03-20,2026,March,03,Quarter 1,2026-03-20T17:18:01.367+00:00,2026-03-20,2026,March,03,Quarter 1,False,0.00023124999746128365,130.75856225694494,Pacific/Kosrae
models,52,032d5d18-a14b-4c91-aa33-366acc16db60,bcaa9d24-f5b0-4d1e-b55e-33053b6138d2,22d257f6-edd1-467a-a2a7-cfd58720f462,Workflow_8308963,Not Started,e8f95e3c-8416-4a8b-8469-8ef95e7626a3,6129d71c-87ff-4a50-a77e-6ac5ec4c17d6,Default Workflow,Ideation,OneTrust Automation,2,2026-03-20T08:18:21.347+00:00,2026-03-20,2026,March,03,Quarter 1,2026-03-20T08:18:01.367+00:00,2026-03-20,2026,March,03,Quarter 1,False,0.00023124999746128365,131.13356225694494,Israel
models,52,032d5d18-a14b-4c91-aa33-366acc16db60,bcaa9d24-f5b0-4d1e-b55e-33053b6138d2,22d257f6-edd1-467a-a2a7-cfd58720f462,Workflow_8308963,Not Started,e8f95e3c-8416-4a8b-8469-8ef95e7626a3,6129d71c-87ff-4a50-a77e-6ac5ec4c17d6,Default Workflow,Ideation,OneTrust Automation,2,2026-03-20T10:18:21.347+00:00,2026-03-20,2026,March,03,Quarter 1,2026-03-20T10:18:01.367+00:00,2026-03-20,2026,March,03,Quarter 1,False,0.00023124999746128365,131.05022892361163,Europe/Saratov
models,52,032d5d18-a14b-4c91-aa33-366acc16db60,bcaa9d24-f5b0-4d1e-b55e-33053b6138d2,22d257f6-edd1-467a-a2a7-cfd58720f462,Workflow_8308963,Not Started,e8f95e3c-8416-4a8b-8469-8ef95e7626a3,6129d71c-87ff-4a50-a77e-6ac5ec4c17d6,Default Workflow,Ideation,OneTrust Automation,2,2026-03-20T16:18:21.347+00:00,2026-03-20,2026,March,03,Quarter 1,2026-03-20T16:18:01.367+00:00,2026-03-20,2026,March,03,Quarter 1,False,0.00023124999746128365,130.80022892361163,Pacific/Port_Moresby
models,52,032d5d18-a14b-4c91-aa33-366acc16db60,bcaa9d24-f5b0-4d1e-b55e-33053b6138d2,22d257f6-edd1-467a-a2a7-cfd58720f462,Workflow_8308963,Not Started,e8f95e3c-8416-4a8b-8469-8ef95e7626a3,6129d71c-87ff-4a50-a77e-6ac5ec4c17d6,Default Workflow,Ideation,OneTrust Automation,2,2026-03-20T17:18:21.347+00:00,2026-03-20,2026,March,03,Quarter 1,2026-03-20T17:18:01.367+00:00,2026-03-20,2026,March,03,Quarter 1,False,0.00023124999746128365,130.75856225694494,Australia/Sydney
models,52,032d5d18-a14b-4c91-aa33-366acc16db60,bcaa9d24-f5b0-4d1e-b55e-33053b6138d2,22d257f6-edd1-467a-a2a7-cfd58720f462,Workflow_8308963,Not Started,e8f95e3c-8416-4a8b-8469-8ef95e7626a3,6129d71c-87ff-4a50-a77e-6ac5ec4c17d6,Default Workflow,Ideation,OneTrust Automation,2,2026-03-20T00:18:21.347+00:00,2026-03-20,2026,March,03,Quarter 1,2026-03-20T00:18:01.367+00:00,2026-03-20,2026,March,03,Quarter 1,False,0.00023124999746128365,131.46689559027828,America/Cambridge_Bay
models,52,032d5d18-a14b-4c91-aa33-366acc16db60,bcaa9d24-f5b0-4d1e-b55e-33053b6138d2,22d257f6-edd1-467a-a2a7-cfd58720f462,Workflow_8308963,Not Started,e8f95e3c-8416-4a8b-8469-8ef95e7626a3,6129d71c-87ff-4a50-a77e-6ac5ec4c17d6,Default Workflow,Ideation,OneTrust Automation,2,2026-03-20T08:18:21.347+00:00,2026-03-20,2026,March,03,Quarter 1,2026-03-20T08:18:01.367+00:00,2026-03-20,2026,March,03,Quarter 1,False,0.00023124999746128365,131.13356225694494,Europe/Tiraspol
models,52,032d5d18-a14b-4c91-aa33-366acc16db60,bcaa9d24-f5b0-4d1e-b55e-33053b6138d2,22d257f6-edd1-467a-a2a7-cfd58720f462,Workflow_8308963,Not Started,e8f95e3c-8416-4a8b-8469-8ef95e7626a3,6129d71c-87ff-4a50-a77e-6ac5ec4c17d6,Default Workflow,Ideation,OneTrust Automation,2,2026-03-20T15:18:21.347+00:00,2026-03-20,2026,March,03,Quarter 1,2026-03-20T15:18:01.367+00:00,2026-03-20,2026,March,03,Quarter 1,False,0.00023124999746128365,130.84189559027828,Japan
models,52,032d5d18-a14b-4c91-aa33-366acc16db60,bcaa9d24-f5b0-4d1e-b55e-33053b6138d2,22d257f6-edd1-467a-a2a7-cfd58720f462,Workflow_8308963,Not Started,e8f95e3c-8416-4a8b-8469-8ef95e7626a3,6129d71c-87ff-4a50-a77e-6ac5ec4c17d6,Default Workflow,Ideation,OneTrust Automation,2,2026-03-19T22:18:21.347+00:00,2026-03-19,2026,March,03,Quarter 1,2026-03-19T22:18:01.367+00:00,2026-03-19,2026,March,03,Quarter 1,False,0.00023124999746128365,131.55022892361163,America/Nome
models,52,032d5d18-a14b-4c91-aa33-366acc16db60,bcaa9d24-f5b0-4d1e-b55e-33053b6138d2,22d257f6-edd1-467a-a2a7-cfd58720f462,Workflow_8308963,Not Started,e8f95e3c-8416-4a8b-8469-8ef95e7626a3,6129d71c-87ff-4a50-a77e-6ac5ec4c17d6,Default Workflow,Ideation,OneTrust Automation,2,2026-03-20T11:18:21.347+00:00,2026-03-20,2026,March,03,Quarter 1,2026-03-20T11:18:01.367+00:00,2026-03-20,2026,March,03,Quarter 1,False,0.00023124999746128365,131.00856225694494,Asia/Qyzylorda
models,52,032d5d18-a14b-4c91-aa33-366acc16db60,bcaa9d24-f5b0-4d1e-b55e-33053b6138d2,22d257f6-edd1-467a-a2a7-cfd58720f462,Workflow_8308963,Not Started,e8f95e3c-8416-4a8b-8469-8ef95e7626a3,6129d71c-87ff-4a50-a77e-6ac5ec4c17d6,Default Workflow,Ideation,OneTrust Automation,2,2026-03-20T13:18:21.347+00:00,2026-03-20,2026,March,03,Quarter 1,2026-03-20T13:18:01.367+00:00,2026-03-20,2026,March,03,Quarter 1,False,0.00023124999746128365,130.92522892361163,Asia/Phnom_Penh
models,52,032d5d18-a14b-4c91-aa33-366acc16db60,bcaa9d24-f5b0-4d1e-b55e-33053b6138d2,22d257f6-edd1-467a-a2a7-cfd58720f462,Workflow_8308963,Not Started,e8f95e3c-8416-4a8b-8469-8ef95e7626a3,6129d71c-87ff-4a50-a77e-6ac5ec4c17d6,Default Workflow,Ideation,OneTrust Automation,2,2026-03-20T17:18:21.347+00:00,2026-03-20,2026,March,03,Quarter 1,2026-03-20T17:18:01.367+00:00,2026-03-20,2026,March,03,Quarter 1,False,0.00023124999746128365,130.75856225694494,Asia/Srednekolymsk
models,52,032d5d18-a14b-4c91-aa33-366acc16db60,bcaa9d24-f5b0-4d1e-b55e-33053b6138d2,22d257f6-edd1-467a-a2a7-cfd58720f462,Workflow_8308963,Not Started,e8f95e3c-8416-4a8b-8469-8ef95e7626a3,6129d71c-87ff-4a50-a77e-6ac5ec4c17d6,Default Workflow,Ideation,OneTrust Automation,2,2026-03-20T01:18:21.347+00:00,2026-03-20,2026,March,03,Quarter 1,2026-03-20T01:18:01.367+00:00,2026-03-20,2026,March,03,Quarter 1,False,0.00023124999746128365,131.42522892361163,America/Winnipeg
models,52,032d5d18-a14b-4c91-aa33-366acc16db60,bcaa9d24-f5b0-4d1e-b55e-33053b6138d2,22d257f6-edd1-467a-a2a7-cfd58720f462,Workflow_8308963,Not Started,e8f95e3c-8416-4a8b-8469-8ef95e7626a3,6129d71c-87ff-4a50-a77e-6ac5ec4c17d6,Default Workflow,Ideation,OneTrust Automation,2,2026-03-19T22:18:21.347+00:00,2026-03-19,2026,March,03,Quarter 1,2026-03-19T22:18:01.367+00:00,2026-03-19,2026,March,03,Quarter 1,False,0.00023124999746128365,131.55022892361163,Pacific/Pitcairn
models,52,032d5d18-a14b-4c91-aa33-366acc16db60,bcaa9d24-f5b0-4d1e-b55e-33053b6138d2,22d257f6-edd1-467a-a2a7-cfd58720f462,Workflow_8308963,Not Started,e8f95e3c-8416-4a8b-8469-8ef95e7626a3,6129d71c-87ff-4a50-a77e-6ac5ec4c17d6,Default Workflow,Ideation,OneTrust Automation,2,2026-03-20T07:18:21.347+00:00,2026-03-20,2026,March,03,Quarter 1,2026-03-20T07:18:01.367+00:00,2026-03-20,2026,March,03,Quarter 1,False,0.00023124999746128365,131.17522892361163,Europe/Vienna
models,52,032d5d18-a14b-4c91-aa33-366acc16db60,bcaa9d24-f5b0-4d1e-b55e-33053b6138d2,22d257f6-edd1-467a-a2a7-cfd58720f462,Workflow_8308963,Not Started,e8f95e3c-8416-4a8b-8469-8ef95e7626a3,6129d71c-87ff-4a50-a77e-6ac5ec4c17d6,Default Workflow,Ideation,OneTrust Automation,2,2026-03-20T01:18:21.347+00:00,2026-03-20,2026,March,03,Quarter 1,2026-03-20T01:18:01.367+00:00,2026-03-20,2026,March,03,Quarter 1,False,0.00023124999746128365,131.42522892361163,America/Rio_Branco
models,52,032d5d18-a14b-4c91-aa33-366acc16db60,bcaa9d24-f5b0-4d1e-b55e-33053b6138d2,22d257f6-edd1-467a-a2a7-cfd58720f462,Workflow_8308963,Not Started,e8f95e3c-8416-4a8b-8469-8ef95e7626a3,6129d71c-87ff-4a50-a77e-6ac5ec4c17d6,Default Workflow,Ideation,OneTrust Automation,2,2026-03-20T01:18:21.347+00:00,2026-03-20,2026,March,03,Quarter 1,2026-03-20T01:18:01.367+00:00,2026-03-20,2026,March,03,Quarter 1,False,0.00023124999746128365,131.42522892361163,America/Jamaica
models,52,032d5d18-a14b-4c91-aa33-366acc16db60,bcaa9d24-f5b0-4d1e-b55e-33053b6138d2,22d257f6-edd1-467a-a2a7-cfd58720f462,Workflow_8308963,Not Started,e8f95e3c-8416-4a8b-8469-8ef95e7626a3,6129d71c-87ff-4a50-a77e-6ac5ec4c17d6,Default Workflow,Ideation,OneTrust Automation,2,2026-03-20T01:18:21.347+00:00,2026-03-20,2026,March,03,Quarter 1,2026-03-20T01:18:01.367+00:00,2026-03-20,2026,March,03,Quarter 1,False,0.00023124999746128365,131.42522892361163,Etc/GMT+5
models,52,032d5d18-a14b-4c91-aa33-366acc16db60,bcaa9d24-f5b0-4d1e-b55e-33053b6138d2,22d257f6-edd1-467a-a2a7-cfd58720f462,Workflow_8308963,Not Started,e8f95e3c-8416-4a8b-8469-8ef95e7626a3,6129d71c-87ff-4a50-a77e-6ac5ec4c17d6,Default Workflow,Ideation,OneTrust Automation,2,2026-03-20T03:18:21.347+00:00,2026-03-20,2026,March,03,Quarter 1,2026-03-20T03:18:01.367+00:00,2026-03-20,2026,March,03,Quarter 1,False,0.00023124999746128365,131.34189559027828,Atlantic/Stanley
models,52,032d5d18-a14b-4c91-aa33-366acc16db60,bcaa9d24-f5b0-4d1e-b55e-33053b6138d2,22d257f6-edd1-467a-a2a7-cfd58720f462,Workflow_8308963,Not Started,e8f95e3c-8416-4a8b-8469-8ef95e7626a3,6129d71c-87ff-4a50-a77e-6ac5ec4c17d6,Default Workflow,Ideation,OneTrust Automation,2,2026-03-19T23:18:21.347+00:00,2026-03-19,2026,March,03,Quarter 1,2026-03-19T23:18:01.367+00:00,2026-03-19,2026,March,03,Quarter 1,False,0.00023124999746128365,131.50856225694494,America/Mazatlan
models,52,032d5d18-a14b-4c91-aa33-366acc16db60,bcaa9d24-f5b0-4d1e-b55e-33053b6138d2,22d257f6-edd1-467a-a2a7-cfd58720f462,Workflow_8308963,Not Started,e8f95e3c-8416-4a8b-8469-8ef95e7626a3,6129d71c-87ff-4a50-a77e-6ac5ec4c17d6,Default Workflow,Ideation,OneTrust Automation,2,2026-03-20T18:18:21.347+00:00,2026-03-20,2026,March,03,Quarter 1,2026-03-20T18:18:01.367+00:00,2026-03-20,2026,March,03,Quarter 1,False,0.00023124999746128365,130.71689559027828,Pacific/Fiji
models,52,032d5d18-a14b-4c91-aa33-366acc16db60,bcaa9d24-f5b0-4d1e-b55e-33053b6138d2,22d257f6-edd1-467a-a2a7-cfd58720f462,Workflow_8308963,Not Started,e8f95e3c-8416-4a8b-8469-8ef95e7626a3,6129d71c-87ff-4a50-a77e-6ac5ec4c17d6,Default Workflow,Ideation,OneTrust Automation,2,2026-03-20T03:18:21.347+00:00,2026-03-20,2026,March,03,Quarter 1,2026-03-20T03:18:01.367+00:00,2026-03-20,2026,March,03,Quarter 1,False,0.00023124999746128365,131.34189559027828,America/Araguaina
models,52,032d5d18-a14b-4c91-aa33-366acc16db60,bcaa9d24-f5b0-4d1e-b55e-33053b6138d2,22d257f6-edd1-467a-a2a7-cfd58720f462,Workflow_8308963,Not Started,e8f95e3c-8416-4a8b-8469-8ef95e7626a3,6129d71c-87ff-4a50-a77e-6ac5ec4c17d6,Default Workflow,Ideation,OneTrust Automation,2,2026-03-20T12:03:21.347+00:00,2026-03-20,2026,March,03,Quarter 1,2026-03-20T12:03:01.367+00:00,2026-03-20,2026,March,03,Quarter 1,False,0.00023124999746128365,130.97731225694494,Asia/Katmandu
models,52,032d5d18-a14b-4c91-aa33-366acc16db60,bcaa9d24-f5b0-4d1e-b55e-33053b6138d2,22d257f6-edd1-467a-a2a7-cfd58720f462,Workflow_8308963,Not Started,e8f95e3c-8416-4a8b-8469-8ef95e7626a3,6129d71c-87ff-4a50-a77e-6ac5ec4c17d6,Default Workflow,Ideation,OneTrust Automation,2,2026-03-20T02:18:21.347+00:00,2026-03-20,2026,March,03,Quarter 1,2026-03-20T02:18:01.367+00:00,2026-03-20,2026,March,03,Quarter 1,False,0.00023124999746128365,131.38356225694494,US/Eastern
models,52,032d5d18-a14b-4c91-aa33-366acc16db60,bcaa9d24-f5b0-4d1e-b55e-33053b6138d2,22d257f6-edd1-467a-a2a7-cfd58720f462,Workflow_8308963,Not Started,e8f95e3c-8416-4a8b-8469-8ef95e7626a3,6129d71c-87ff-4a50-a77e-6ac5ec4c17d6,Default Workflow,Ideation,OneTrust Automation,2,2026-03-20T09:18:21.347+00:00,2026-03-20,2026,March,03,Quarter 1,2026-03-20T09:18:01.367+00:00,2026-03-20,2026,March,03,Quarter 1,False,0.00023124999746128365,131.09189559027828,Africa/Asmera
models,52,032d5d18-a14b-4c91-aa33-366acc16db60,bcaa9d24-f5b0-4d1e-b55e-33053b6138d2,22d257f6-edd1-467a-a2a7-cfd58720f462,Workflow_8308963,Not Started,e8f95e3c-8416-4a8b-8469-8ef95e7626a3,6129d71c-87ff-4a50-a77e-6ac5ec4c17d6,Default Workflow,Ideation,OneTrust Automation,2,2026-03-19T20:18:21.347+00:00,2026-03-19,2026,March,03,Quarter 1,2026-03-19T20:18:01.367+00:00,2026-03-19,2026,March,03,Quarter 1,False,0.00023124999746128365,131.63356225694494,Etc/GMT+10
models,52,032d5d18-a14b-4c91-aa33-366acc16db60,bcaa9d24-f5b0-4d1e-b55e-33053b6138d2,22d257f6-edd1-467a-a2a7-cfd58720f462,Workflow_8308963,Not Started,e8f95e3c-8416-4a8b-8469-8ef95e7626a3,6129d71c-87ff-4a50-a77e-6ac5ec4c17d6,Default Workflow,Ideation,OneTrust Automation,2,2026-03-20T07:18:21.347+00:00,2026-03-20,2026,March,03,Quarter 1,2026-03-20T07:18:01.367+00:00,2026-03-20,2026,March,03,Quarter 1,False,0.00023124999746128365,131.17522892361163,Europe/Luxembourg
models,52,032d5d18-a14b-4c91-aa33-366acc16db60,bcaa9d24-f5b0-4d1e-b55e-33053b6138d2,22d257f6-edd1-467a-a2a7-cfd58720f462,Workflow_8308963,Not Started,e8f95e3c-8416-4a8b-8469-8ef95e7626a3,6129d71c-87ff-4a50-a77e-6ac5ec4c17d6,Default Workflow,Ideation,OneTrust Automation,2,2026-03-20T01:18:21.347+00:00,2026-03-20,2026,March,03,Quarter 1,2026-03-20T01:18:01.367+00:00,2026-03-20,2026,March,03,Quarter 1,False,0.00023124999746128365,131.42522892361163,America/North_Dakota/New_Salem
models,52,032d5d18-a14b-4c91-aa33-366acc16db60,bcaa9d24-f5b0-4d1e-b55e-33053b6138d2,22d257f6-edd1-467a-a2a7-cfd58720f462,Workflow_8308963,Not Started,e8f95e3c-8416-4a8b-8469-8ef95e7626a3,6129d71c-87ff-4a50-a77e-6ac5ec4c17d6,Default Workflow,Ideation,OneTrust Automation,2,2026-03-20T03:18:21.347+00:00,2026-03-20,2026,March,03,Quarter 1,2026-03-20T03:18:01.367+00:00,2026-03-20,2026,March,03,Quarter 1,False,0.00023124999746128365,131.34189559027828,America/Cayenne
models,52,032d5d18-a14b-4c91-aa33-366acc16db60,bcaa9d24-f5b0-4d1e-b55e-33053b6138d2,22d257f6-edd1-467a-a2a7-cfd58720f462,Workflow_8308963,Not Started,e8f95e3c-8416-4a8b-8469-8ef95e7626a3,6129d71c-87ff-4a50-a77e-6ac5ec4c17d6,Default Workflow,Ideation,OneTrust Automation,2,2026-03-20T04:18:21.347+00:00,2026-03-20,2026,March,03,Quarter 1,2026-03-20T04:18:01.367+00:00,2026-03-20,2026,March,03,Quarter 1,False,0.00023124999746128365,131.30022892361163,Atlantic/South_Georgia
models,52,032d5d18-a14b-4c91-aa33-366acc16db60,bcaa9d24-f5b0-4d1e-b55e-33053b6138d2,22d257f6-edd1-467a-a2a7-cfd58720f462,Workflow_8308963,Not Started,e8f95e3c-8416-4a8b-8469-8ef95e7626a3,6129d71c-87ff-4a50-a77e-6ac5ec4c17d6,Default Workflow,Ideation,OneTrust Automation,2,2026-03-20T01:18:21.347+00:00,2026-03-20,2026,March,03,Quarter 1,2026-03-20T01:18:01.367+00:00,2026-03-20,2026,March,03,Quarter 1,False,0.00023124999746128365,131.42522892361163,EST
models,52,032d5d18-a14b-4c91-aa33-366acc16db60,bcaa9d24-f5b0-4d1e-b55e-33053b6138d2,22d257f6-edd1-467a-a2a7-cfd58720f462,Workflow_8308963,Not Started,e8f95e3c-8416-4a8b-8469-8ef95e7626a3,6129d71c-87ff-4a50-a77e-6ac5ec4c17d6,Default Workflow,Ideation,OneTrust Automation,2,2026-03-20T11:18:21.347+00:00,2026-03-20,2026,March,03,Quarter 1,2026-03-20T11:18:01.367+00:00,2026-03-20,2026,March,03,Quarter 1,False,0.00023124999746128365,131.00856225694494,Asia/Tashkent
models,52,032d5d18-a14b-4c91-aa33-366acc16db60,bcaa9d24-f5b0-4d1e-b55e-33053b6138d2,22d257f6-edd1-467a-a2a7-cfd58720f462,Workflow_8308963,Not Started,e8f95e3c-8416-4a8b-8469-8ef95e7626a3,6129d71c-87ff-4a50-a77e-6ac5ec4c17d6,Default Workflow,Ideation,OneTrust Automation,2,2026-03-20T09:48:21.347+00:00,2026-03-20,2026,March,03,Quarter 1,2026-03-20T09:48:01.367+00:00,2026-03-20,2026,March,03,Quarter 1,False,0.00023124999746128365,131.07106225694494,Asia/Tehran
models,52,032d5d18-a14b-4c91-aa33-366acc16db60,bcaa9d24-f5b0-4d1e-b55e-33053b6138d2,22d257f6-edd1-467a-a2a7-cfd58720f462,Workflow_8308963,Not Started,e8f95e3c-8416-4a8b-8469-8ef95e7626a3,6129d71c-87ff-4a50-a77e-6ac5ec4c17d6,Default Workflow,Ideation,OneTrust Automation,2,2026-03-20T02:18:21.347+00:00,2026-03-20,2026,March,03,Quarter 1,2026-03-20T02:18:01.367+00:00,2026-03-20,2026,March,03,Quarter 1,False,0.00023124999746128365,131.38356225694494,America/Nassau
models,52,032d5d18-a14b-4c91-aa33-366acc16db60,bcaa9d24-f5b0-4d1e-b55e-33053b6138d2,22d257f6-edd1-467a-a2a7-cfd58720f462,Workflow_8308963,Not Started,e8f95e3c-8416-4a8b-8469-8ef95e7626a3,6129d71c-87ff-4a50-a77e-6ac5ec4c17d6,Default Workflow,Ideation,OneTrust Automation,2,2026-03-20T01:18:21.347+00:00,2026-03-20,2026,March,03,Quarter 1,2026-03-20T01:18:01.367+00:00,2026-03-20,2026,March,03,Quarter 1,False,0.00023124999746128365,131.42522892361163,Jamaica
models,52,032d5d18-a14b-4c91-aa33-366acc16db60,bcaa9d24-f5b0-4d1e-b55e-33053b6138d2,22d257f6-edd1-467a-a2a7-cfd58720f462,Workflow_8308963,Not Started,e8f95e3c-8416-4a8b-8469-8ef95e7626a3,6129d71c-87ff-4a50-a77e-6ac5ec4c17d6,Default Workflow,Ideation,OneTrust Automation,2,2026-03-20T13:18:21.347+00:00,2026-03-20,2026,March,03,Quarter 1,2026-03-20T13:18:01.367+00:00,2026-03-20,2026,March,03,Quarter 1,False,0.00023124999746128365,130.92522892361163,Asia/Vientiane
models,52,032d5d18-a14b-4c91-aa33-366acc16db60,bcaa9d24-f5b0-4d1e-b55e-33053b6138d2,22d257f6-edd1-467a-a2a7-cfd58720f462,Workflow_8308963,Not Started,e8f95e3c-8416-4a8b-8469-8ef95e7626a3,6129d71c-87ff-4a50-a77e-6ac5ec4c17d6,Default Workflow,Ideation,OneTrust Automation,2,2026-03-20T00:18:21.347+00:00,2026-03-20,2026,March,03,Quarter 1,2026-03-20T00:18:01.367+00:00,2026-03-20,2026,March,03,Quarter 1,False,0.00023124999746128365,131.46689559027828,MST7MDT
models,52,032d5d18-a14b-4c91-aa33-366acc16db60,bcaa9d24-f5b0-4d1e-b55e-33053b6138d2,22d257f6-edd1-467a-a2a7-cfd58720f462,Workflow_8308963,Not Started,e8f95e3c-8416-4a8b-8469-8ef95e7626a3,6129d71c-87ff-4a50-a77e-6ac5ec4c17d6,Default Workflow,Ideation,OneTrust Automation,2,2026-03-20T02:18:21.347+00:00,2026-03-20,2026,March,03,Quarter 1,2026-03-20T02:18:01.367+00:00,2026-03-20,2026,March,03,Quarter 1,False,0.00023124999746128365,131.38356225694494,America/Indiana/Winamac
models,52,032d5d18-a14b-4c91-aa33-366acc16db60,bcaa9d24-f5b0-4d1e-b55e-33053b6138d2,22d257f6-edd1-467a-a2a7-cfd58720f462,Workflow_8308963,Not Started,e8f95e3c-8416-4a8b-8469-8ef95e7626a3,6129d71c-87ff-4a50-a77e-6ac5ec4c17d6,Default Workflow,Ideation,OneTrust Automation,2,2026-03-20T12:18:21.347+00:00,2026-03-20,2026,March,03,Quarter 1,2026-03-20T12:18:01.367+00:00,2026-03-20,2026,March,03,Quarter 1,False,0.00023124999746128365,130.96689559027828,Asia/Thimbu
models,52,032d5d18-a14b-4c91-aa33-366acc16db60,bcaa9d24-f5b0-4d1e-b55e-33053b6138d2,22d257f6-edd1-467a-a2a7-cfd58720f462,Workflow_8308963,Not Started,e8f95e3c-8416-4a8b-8469-8ef95e7626a3,6129d71c-87ff-4a50-a77e-6ac5ec4c17d6,Default Workflow,Ideation,OneTrust Automation,2,2026-03-20T07:18:21.347+00:00,2026-03-20,2026,March,03,Quarter 1,2026-03-20T07:18:01.367+00:00,2026-03-20,2026,March,03,Quarter 1,False,0.00023124999746128365,131.17522892361163,Europe/Vaduz
models,52,032d5d18-a14b-4c91-aa33-366acc16db60,bcaa9d24-f5b0-4d1e-b55e-33053b6138d2,22d257f6-edd1-467a-a2a7-cfd58720f462,Workflow_8308963,Not Started,e8f95e3c-8416-4a8b-8469-8ef95e7626a3,6129d71c-87ff-4a50-a77e-6ac5ec4c17d6,Default Workflow,Ideation,OneTrust Automation,2,2026-03-20T18:18:21.347+00:00,2026-03-20,2026,March,03,Quarter 1,2026-03-20T18:18:01.367+00:00,2026-03-20,2026,March,03,Quarter 1,False,0.00023124999746128365,130.71689559027828,Etc/GMT-12
models,52,032d5d18-a14b-4c91-aa33-366acc16db60,bcaa9d24-f5b0-4d1e-b55e-33053b6138d2,22d257f6-edd1-467a-a2a7-cfd58720f462,Workflow_8308963,Not Started,e8f95e3c-8416-4a8b-8469-8ef95e7626a3,6129d71c-87ff-4a50-a77e-6ac5ec4c17d6,Default Workflow,Ideation,OneTrust Automation,2,2026-03-20T02:18:21.347+00:00,2026-03-20,2026,March,03,Quarter 1,2026-03-20T02:18:01.367+00:00,2026-03-20,2026,March,03,Quarter 1,False,0.00023124999746128365,131.38356225694494,America/Puerto_Rico
models,52,032d5d18-a14b-4c91-aa33-366acc16db60,bcaa9d24-f5b0-4d1e-b55e-33053b6138d2,22d257f6-edd1-467a-a2a7-cfd58720f462,Workflow_8308963,Not Started,e8f95e3c-8416-4a8b-8469-8ef95e7626a3,6129d71c-87ff-4a50-a77e-6ac5ec4c17d6,Default Workflow,Ideation,OneTrust Automation,2,2026-03-20T14:18:21.347+00:00,2026-03-20,2026,March,03,Quarter 1,2026-03-20T14:18:01.367+00:00,2026-03-20,2026,March,03,Quarter 1,False,0.00023124999746128365,130.88356225694494,Asia/Brunei
models,52,032d5d18-a14b-4c91-aa33-366acc16db60,bcaa9d24-f5b0-4d1e-b55e-33053b6138d2,22d257f6-edd1-467a-a2a7-cfd58720f462,Workflow_8308963,Not Started,e8f95e3c-8416-4a8b-8469-8ef95e7626a3,6129d71c-87ff-4a50-a77e-6ac5ec4c17d6,Default Workflow,Ideation,OneTrust Automation,2,2026-03-20T07:18:21.347+00:00,2026-03-20,2026,March,03,Quarter 1,2026-03-20T07:18:01.367+00:00,2026-03-20,2026,March,03,Quarter 1,False,0.00023124999746128365,131.17522892361163,Africa/Tunis
models,52,032d5d18-a14b-4c91-aa33-366acc16db60,bcaa9d24-f5b0-4d1e-b55e-33053b6138d2,22d257f6-edd1-467a-a2a7-cfd58720f462,Workflow_8308963,Not Started,e8f95e3c-8416-4a8b-8469-8ef95e7626a3,6129d71c-87ff-4a50-a77e-6ac5ec4c17d6,Default Workflow,Ideation,OneTrust Automation,2,2026-03-20T05:18:21.347+00:00,2026-03-20,2026,March,03,Quarter 1,2026-03-20T05:18:01.367+00:00,2026-03-20,2026,March,03,Quarter 1,False,0.00023124999746128365,131.25856225694494,Atlantic/Cape_Verde
models,52,032d5d18-a14b-4c91-aa33-366acc16db60,bcaa9d24-f5b0-4d1e-b55e-33053b6138d2,22d257f6-edd1-467a-a2a7-cfd58720f462,Workflow_8308963,Not Started,e8f95e3c-8416-4a8b-8469-8ef95e7626a3,6129d71c-87ff-4a50-a77e-6ac5ec4c17d6,Default Workflow,Ideation,OneTrust Automation,2,2026-03-20T08:18:21.347+00:00,2026-03-20,2026,March,03,Quarter 1,2026-03-20T08:18:01.367+00:00,2026-03-20,2026,March,03,Quarter 1,False,0.00023124999746128365,131.13356225694494,Asia/Jerusalem
models,52,032d5d18-a14b-4c91-aa33-366acc16db60,bcaa9d24-f5b0-4d1e-b55e-33053b6138d2,22d257f6-edd1-467a-a2a7-cfd58720f462,Workflow_8308963,Not Started,e8f95e3c-8416-4a8b-8469-8ef95e7626a3,6129d71c-87ff-4a50-a77e-6ac5ec4c17d6,Default Workflow,Ideation,OneTrust Automation,2,2026-03-20T07:18:21.347+00:00,2026-03-20,2026,March,03,Quarter 1,2026-03-20T07:18:01.367+00:00,2026-03-20,2026,March,03,Quarter 1,False,0.00023124999746128365,131.17522892361163,Africa/Bangui
models,52,032d5d18-a14b-4c91-aa33-366acc16db60,bcaa9d24-f5b0-4d1e-b55e-33053b6138d2,22d257f6-edd1-467a-a2a7-cfd58720f462,Workflow_8308963,Not Started,e8f95e3c-8416-4a8b-8469-8ef95e7626a3,6129d71c-87ff-4a50-a77e-6ac5ec4c17d6,Default Workflow,Ideation,OneTrust Automation,2,2026-03-20T01:18:21.347+00:00,2026-03-20,2026,March,03,Quarter 1,2026-03-20T01:18:01.367+00:00,2026-03-20,2026,March,03,Quarter 1,False,0.00023124999746128365,131.42522892361163,America/Panama
models,52,032d5d18-a14b-4c91-aa33-366acc16db60,bcaa9d24-f5b0-4d1e-b55e-33053b6138d2,22d257f6-edd1-467a-a2a7-cfd58720f462,Workflow_8308963,Not Started,e8f95e3c-8416-4a8b-8469-8ef95e7626a3,6129d71c-87ff-4a50-a77e-6ac5ec4c17d6,Default Workflow,Ideation,OneTrust Automation,2,2026-03-20T11:18:21.347+00:00,2026-03-20,2026,March,03,Quarter 1,2026-03-20T11:18:01.367+00:00,2026-03-20,2026,March,03,Quarter 1,False,0.00023124999746128365,131.00856225694494,Asia/Karachi
models,52,032d5d18-a14b-4c91-aa33-366acc16db60,bcaa9d24-f5b0-4d1e-b55e-33053b6138d2,22d257f6-edd1-467a-a2a7-cfd58720f462,Workflow_8308963,Not Started,e8f95e3c-8416-4a8b-8469-8ef95e7626a3,6129d71c-87ff-4a50-a77e-6ac5ec4c17d6,Default Workflow,Ideation,OneTrust Automation,2,2026-03-20T20:18:21.347+00:00,2026-03-20,2026,March,03,Quarter 1,2026-03-20T20:18:01.367+00:00,2026-03-20,2026,March,03,Quarter 1,False,0.00023124999746128365,130.63356225694494,Pacific/Kiritimati
models,52,032d5d18-a14b-4c91-aa33-366acc16db60,bcaa9d24-f5b0-4d1e-b55e-33053b6138d2,22d257f6-edd1-467a-a2a7-cfd58720f462,Workflow_8308963,Not Started,e8f95e3c-8416-4a8b-8469-8ef95e7626a3,6129d71c-87ff-4a50-a77e-6ac5ec4c17d6,Default Workflow,Ideation,OneTrust Automation,2,2026-03-20T01:18:21.347+00:00,2026-03-20,2026,March,03,Quarter 1,2026-03-20T01:18:01.367+00:00,2026-03-20,2026,March,03,Quarter 1,False,0.00023124999746128365,131.42522892361163,America/North_Dakota/Beulah
models,52,032d5d18-a14b-4c91-aa33-366acc16db60,bcaa9d24-f5b0-4d1e-b55e-33053b6138d2,22d257f6-edd1-467a-a2a7-cfd58720f462,Workflow_8308963,Not Started,e8f95e3c-8416-4a8b-8469-8ef95e7626a3,6129d71c-87ff-4a50-a77e-6ac5ec4c17d6,Default Workflow,Ideation,OneTrust Automation,2,2026-03-20T03:18:21.347+00:00,2026-03-20,2026,March,03,Quarter 1,2026-03-20T03:18:01.367+00:00,2026-03-20,2026,March,03,Quarter 1,False,0.00023124999746128365,131.34189559027828,Atlantic/Bermuda
models,52,032d5d18-a14b-4c91-aa33-366acc16db60,bcaa9d24-f5b0-4d1e-b55e-33053b6138d2,22d257f6-edd1-467a-a2a7-cfd58720f462,Workflow_8308963,Not Started,e8f95e3c-8416-4a8b-8469-8ef95e7626a3,6129d71c-87ff-4a50-a77e-6ac5ec4c17d6,Default Workflow,Ideation,OneTrust Automation,2,2026-03-20T14:18:21.347+00:00,2026-03-20,2026,March,03,Quarter 1,2026-03-20T14:18:01.367+00:00,2026-03-20,2026,March,03,Quarter 1,False,0.00023124999746128365,130.88356225694494,Australia/Perth
models,52,032d5d18-a14b-4c91-aa33-366acc16db60,bcaa9d24-f5b0-4d1e-b55e-33053b6138d2,22d257f6-edd1-467a-a2a7-cfd58720f462,Workflow_8308963,Not Started,e8f95e3c-8416-4a8b-8469-8ef95e7626a3,6129d71c-87ff-4a50-a77e-6ac5ec4c17d6,Default Workflow,Ideation,OneTrust Automation,2,2026-03-20T08:18:21.347+00:00,2026-03-20,2026,March,03,Quarter 1,2026-03-20T08:18:01.367+00:00,2026-03-20,2026,March,03,Quarter 1,False,0.00023124999746128365,131.13356225694494,Africa/Tripoli
models,52,032d5d18-a14b-4c91-aa33-366acc16db60,bcaa9d24-f5b0-4d1e-b55e-33053b6138d2,22d257f6-edd1-467a-a2a7-cfd58720f462,Workflow_8308963,Not Started,e8f95e3c-8416-4a8b-8469-8ef95e7626a3,6129d71c-87ff-4a50-a77e-6ac5ec4c17d6,Default Workflow,Ideation,OneTrust Automation,2,2026-03-20T00:18:21.347+00:00,2026-03-20,2026,March,03,Quarter 1,2026-03-20T00:18:01.367+00:00,2026-03-20,2026,March,03,Quarter 1,False,0.00023124999746128365,131.46689559027828,America/Managua
models,52,032d5d18-a14b-4c91-aa33-366acc16db60,bcaa9d24-f5b0-4d1e-b55e-33053b6138d2,22d257f6-edd1-467a-a2a7-cfd58720f462,Workflow_8308963,Not Started,e8f95e3c-8416-4a8b-8469-8ef95e7626a3,6129d71c-87ff-4a50-a77e-6ac5ec4c17d6,Default Workflow,Ideation,OneTrust Automation,2,2026-03-20T13:18:21.347+00:00,2026-03-20,2026,March,03,Quarter 1,2026-03-20T13:18:01.367+00:00,2026-03-20,2026,March,03,Quarter 1,False,0.00023124999746128365,130.92522892361163,Antarctica/Davis
models,52,032d5d18-a14b-4c91-aa33-366acc16db60,bcaa9d24-f5b0-4d1e-b55e-33053b6138d2,22d257f6-edd1-467a-a2a7-cfd58720f462,Workflow_8308963,Not Started,e8f95e3c-8416-4a8b-8469-8ef95e7626a3,6129d71c-87ff-4a50-a77e-6ac5ec4c17d6,Default Workflow,Ideation,OneTrust Automation,2,2026-03-20T06:18:21.347+00:00,2026-03-20,2026,March,03,Quarter 1,2026-03-20T06:18:01.367+00:00,2026-03-20,2026,March,03,Quarter 1,False,0.00023124999746128365,131.21689559027828,Africa/Nouakchott
models,52,032d5d18-a14b-4c91-aa33-366acc16db60,bcaa9d24-f5b0-4d1e-b55e-33053b6138d2,22d257f6-edd1-467a-a2a7-cfd58720f462,Workflow_8308963,Not Started,e8f95e3c-8416-4a8b-8469-8ef95e7626a3,6129d71c-87ff-4a50-a77e-6ac5ec4c17d6,Default Workflow,Ideation,OneTrust Automation,2,2026-03-20T15:18:21.347+00:00,2026-03-20,2026,March,03,Quarter 1,2026-03-20T15:18:01.367+00:00,2026-03-20,2026,March,03,Quarter 1,False,0.00023124999746128365,130.84189559027828,Asia/Yakutsk
models,52,032d5d18-a14b-4c91-aa33-366acc16db60,bcaa9d24-f5b0-4d1e-b55e-33053b6138d2,22d257f6-edd1-467a-a2a7-cfd58720f462,Workflow_8308963,Not Started,e8f95e3c-8416-4a8b-8469-8ef95e7626a3,6129d71c-87ff-4a50-a77e-6ac5ec4c17d6,Default Workflow,Ideation,OneTrust Automation,2,2026-03-20T12:18:21.347+00:00,2026-03-20,2026,March,03,Quarter 1,2026-03-20T12:18:01.367+00:00,2026-03-20,2026,March,03,Quarter 1,False,0.00023124999746128365,130.96689559027828,Etc/GMT-6
models,52,032d5d18-a14b-4c91-aa33-366acc16db60,bcaa9d24-f5b0-4d1e-b55e-33053b6138d2,22d257f6-edd1-467a-a2a7-cfd58720f462,Workflow_8308963,Not Started,e8f95e3c-8416-4a8b-8469-8ef95e7626a3,6129d71c-87ff-4a50-a77e-6ac5ec4c17d6,Default Workflow,Ideation,OneTrust Automation,2,2026-03-20T02:18:21.347+00:00,2026-03-20,2026,March,03,Quarter 1,2026-03-20T02:18:01.367+00:00,2026-03-20,2026,March,03,Quarter 1,False,0.00023124999746128365,131.38356225694494,America/Manaus
models,52,032d5d18-a14b-4c91-aa33-366acc16db60,bcaa9d24-f5b0-4d1e-b55e-33053b6138d2,22d257f6-edd1-467a-a2a7-cfd58720f462,Workflow_8308963,Not Started,e8f95e3c-8416-4a8b-8469-8ef95e7626a3,6129d71c-87ff-4a50-a77e-6ac5ec4c17d6,Default Workflow,Ideation,OneTrust Automation,2,2026-03-20T02:18:21.347+00:00,2026-03-20,2026,March,03,Quarter 1,2026-03-20T02:18:01.367+00:00,2026-03-20,2026,March,03,Quarter 1,False,0.00023124999746128365,131.38356225694494,America/Kralendijk
models,52,032d5d18-a14b-4c91-aa33-366acc16db60,bcaa9d24-f5b0-4d1e-b55e-33053b6138d2,22d257f6-edd1-467a-a2a7-cfd58720f462,Workflow_8308963,Not Started,e8f95e3c-8416-4a8b-8469-8ef95e7626a3,6129d71c-87ff-4a50-a77e-6ac5ec4c17d6,Default Workflow,Ideation,OneTrust Automation,2,2026-03-20T01:18:21.347+00:00,2026-03-20,2026,March,03,Quarter 1,2026-03-20T01:18:01.367+00:00,2026-03-20,2026,March,03,Quarter 1,False,0.00023124999746128365,131.42522892361163,America/Bogota
models,52,032d5d18-a14b-4c91-aa33-366acc16db60,bcaa9d24-f5b0-4d1e-b55e-33053b6138d2,22d257f6-edd1-467a-a2a7-cfd58720f462,Workflow_8308963,Not Started,e8f95e3c-8416-4a8b-8469-8ef95e7626a3,6129d71c-87ff-4a50-a77e-6ac5ec4c17d6,Default Workflow,Ideation,OneTrust Automation,2,2026-03-20T00:18:21.347+00:00,2026-03-20,2026,March,03,Quarter 1,2026-03-20T00:18:01.367+00:00,2026-03-20,2026,March,03,Quarter 1,False,0.00023124999746128365,131.46689559027828,America/Swift_Current
models,52,032d5d18-a14b-4c91-aa33-366acc16db60,bcaa9d24-f5b0-4d1e-b55e-33053b6138d2,22d257f6-edd1-467a-a2a7-cfd58720f462,Workflow_8308963,Not Started,e8f95e3c-8416-4a8b-8469-8ef95e7626a3,6129d71c-87ff-4a50-a77e-6ac5ec4c17d6,Default Workflow,Ideation,OneTrust Automation,2,2026-03-20T08:18:21.347+00:00,2026-03-20,2026,March,03,Quarter 1,2026-03-20T08:18:01.367+00:00,2026-03-20,2026,March,03,Quarter 1,False,0.00023124999746128365,131.13356225694494,Africa/Lubumbashi
models,52,032d5d18-a14b-4c91-aa33-366acc16db60,bcaa9d24-f5b0-4d1e-b55e-33053b6138d2,22d257f6-edd1-467a-a2a7-cfd58720f462,Workflow_8308963,Not Started,e8f95e3c-8416-4a8b-8469-8ef95e7626a3,6129d71c-87ff-4a50-a77e-6ac5ec4c17d6,Default Workflow,Ideation,OneTrust Automation,2,2026-03-20T08:18:21.347+00:00,2026-03-20,2026,March,03,Quarter 1,2026-03-20T08:18:01.367+00:00,2026-03-20,2026,March,03,Quarter 1,False,0.00023124999746128365,131.13356225694494,Europe/Kaliningrad
models,52,032d5d18-a14b-4c91-aa33-366acc16db60,bcaa9d24-f5b0-4d1e-b55e-33053b6138d2,22d257f6-edd1-467a-a2a7-cfd58720f462,Workflow_8308963,Not Started,e8f95e3c-8416-4a8b-8469-8ef95e7626a3,6129d71c-87ff-4a50-a77e-6ac5ec4c17d6,Default Workflow,Ideation,OneTrust Automation,2,2026-03-20T08:18:21.347+00:00,2026-03-20,2026,March,03,Quarter 1,2026-03-20T08:18:01.367+00:00,2026-03-20,2026,March,03,Quarter 1,False,0.00023124999746128365,131.13356225694494,Africa/Mbabane
models,52,032d5d18-a14b-4c91-aa33-366acc16db60,bcaa9d24-f5b0-4d1e-b55e-33053b6138d2,22d257f6-edd1-467a-a2a7-cfd58720f462,Workflow_8308963,Not Started,e8f95e3c-8416-4a8b-8469-8ef95e7626a3,6129d71c-87ff-4a50-a77e-6ac5ec4c17d6,Default Workflow,Ideation,OneTrust Automation,2,2026-03-20T06:18:21.347+00:00,2026-03-20,2026,March,03,Quarter 1,2026-03-20T06:18:01.367+00:00,2026-03-20,2026,March,03,Quarter 1,False,0.00023124999746128365,131.21689559027828,Atlantic/Madeira
models,52,032d5d18-a14b-4c91-aa33-366acc16db60,bcaa9d24-f5b0-4d1e-b55e-33053b6138d2,22d257f6-edd1-467a-a2a7-cfd58720f462,Workflow_8308963,Not Started,e8f95e3c-8416-4a8b-8469-8ef95e7626a3,6129d71c-87ff-4a50-a77e-6ac5ec4c17d6,Default Workflow,Ideation,OneTrust Automation,2,2026-03-20T03:18:21.347+00:00,2026-03-20,2026,March,03,Quarter 1,2026-03-20T03:18:01.367+00:00,2026-03-20,2026,March,03,Quarter 1,False,0.00023124999746128365,131.34189559027828,America/Thule
models,52,032d5d18-a14b-4c91-aa33-366acc16db60,bcaa9d24-f5b0-4d1e-b55e-33053b6138d2,22d257f6-edd1-467a-a2a7-cfd58720f462,Workflow_8308963,Not Started,e8f95e3c-8416-4a8b-8469-8ef95e7626a3,6129d71c-87ff-4a50-a77e-6ac5ec4c17d6,Default Workflow,Ideation,OneTrust Automation,2,2026-03-20T17:18:21.347+00:00,2026-03-20,2026,March,03,Quarter 1,2026-03-20T17:18:01.367+00:00,2026-03-20,2026,March,03,Quarter 1,False,0.00023124999746128365,130.75856225694494,Asia/Sakhalin
models,52,032d5d18-a14b-4c91-aa33-366acc16db60,bcaa9d24-f5b0-4d1e-b55e-33053b6138d2,22d257f6-edd1-467a-a2a7-cfd58720f462,Workflow_8308963,Not Started,e8f95e3c-8416-4a8b-8469-8ef95e7626a3,6129d71c-87ff-4a50-a77e-6ac5ec4c17d6,Default Workflow,Ideation,OneTrust Automation,2,2026-03-20T09:18:21.347+00:00,2026-03-20,2026,March,03,Quarter 1,2026-03-20T09:18:01.367+00:00,2026-03-20,2026,March,03,Quarter 1,False,0.00023124999746128365,131.09189559027828,Africa/Nairobi
models,52,032d5d18-a14b-4c91-aa33-366acc16db60,bcaa9d24-f5b0-4d1e-b55e-33053b6138d2,22d257f6-edd1-467a-a2a7-cfd58720f462,Workflow_8308963,Not Started,e8f95e3c-8416-4a8b-8469-8ef95e7626a3,6129d71c-87ff-4a50-a77e-6ac5ec4c17d6,Default Workflow,Ideation,OneTrust Automation,2,2026-03-20T07:18:21.347+00:00,2026-03-20,2026,March,03,Quarter 1,2026-03-20T07:18:01.367+00:00,2026-03-20,2026,March,03,Quarter 1,False,0.00023124999746128365,131.17522892361163,Europe/Vatican
models,52,032d5d18-a14b-4c91-aa33-366acc16db60,bcaa9d24-f5b0-4d1e-b55e-33053b6138d2,22d257f6-edd1-467a-a2a7-cfd58720f462,Workflow_8308963,Not Started,e8f95e3c-8416-4a8b-8469-8ef95e7626a3,6129d71c-87ff-4a50-a77e-6ac5ec4c17d6,Default Workflow,Ideation,OneTrust Automation,2,2026-03-20T08:18:21.347+00:00,2026-03-20,2026,March,03,Quarter 1,2026-03-20T08:18:01.367+00:00,2026-03-20,2026,March,03,Quarter 1,False,0.00023124999746128365,131.13356225694494,EET
models,52,032d5d18-a14b-4c91-aa33-366acc16db60,bcaa9d24-f5b0-4d1e-b55e-33053b6138d2,22d257f6-edd1-467a-a2a7-cfd58720f462,Workflow_8308963,Not Started,e8f95e3c-8416-4a8b-8469-8ef95e7626a3,6129d71c-87ff-4a50-a77e-6ac5ec4c17d6,Default Workflow,Ideation,OneTrust Automation,2,2026-03-20T03:18:21.347+00:00,2026-03-20,2026,March,03,Quarter 1,2026-03-20T03:18:01.367+00:00,2026-03-20,2026,March,03,Quarter 1,False,0.00023124999746128365,131.34189559027828,America/Moncton
models,52,032d5d18-a14b-4c91-aa33-366acc16db60,bcaa9d24-f5b0-4d1e-b55e-33053b6138d2,22d257f6-edd1-467a-a2a7-cfd58720f462,Workflow_8308963,Not Started,e8f95e3c-8416-4a8b-8469-8ef95e7626a3,6129d71c-87ff-4a50-a77e-6ac5ec4c17d6,Default Workflow,Ideation,OneTrust Automation,2,2026-03-20T03:18:21.347+00:00,2026-03-20,2026,March,03,Quarter 1,2026-03-20T03:18:01.367+00:00,2026-03-20,2026,March,03,Quarter 1,False,0.00023124999746128365,131.34189559027828,America/Cordoba
models,52,032d5d18-a14b-4c91-aa33-366acc16db60,bcaa9d24-f5b0-4d1e-b55e-33053b6138d2,22d257f6-edd1-467a-a2a7-cfd58720f462,Workflow_8308963,Not Started,e8f95e3c-8416-4a8b-8469-8ef95e7626a3,6129d71c-87ff-4a50-a77e-6ac5ec4c17d6,Default Workflow,Ideation,OneTrust Automation,2,2026-03-20T12:48:21.347+00:00,2026-03-20,2026,March,03,Quarter 1,2026-03-20T12:48:01.367+00:00,2026-03-20,2026,March,03,Quarter 1,False,0.00023124999746128365,130.94606225694494,Indian/Cocos
models,52,032d5d18-a14b-4c91-aa33-366acc16db60,bcaa9d24-f5b0-4d1e-b55e-33053b6138d2,22d257f6-edd1-467a-a2a7-cfd58720f462,Workflow_8308963,Not Started,e8f95e3c-8416-4a8b-8469-8ef95e7626a3,6129d71c-87ff-4a50-a77e-6ac5ec4c17d6,Default Workflow,Ideation,OneTrust Automation,2,2026-03-20T03:18:21.347+00:00,2026-03-20,2026,March,03,Quarter 1,2026-03-20T03:18:01.367+00:00,2026-03-20,2026,March,03,Quarter 1,False,0.00023124999746128365,131.34189559027828,America/Argentina/Salta
models,52,032d5d18-a14b-4c91-aa33-366acc16db60,bcaa9d24-f5b0-4d1e-b55e-33053b6138d2,22d257f6-edd1-467a-a2a7-cfd58720f462,Workflow_8308963,Not Started,e8f95e3c-8416-4a8b-8469-8ef95e7626a3,6129d71c-87ff-4a50-a77e-6ac5ec4c17d6,Default Workflow,Ideation,OneTrust Automation,2,2026-03-20T06:18:21.347+00:00,2026-03-20,2026,March,03,Quarter 1,2026-03-20T06:18:01.367+00:00,2026-03-20,2026,March,03,Quarter 1,False,0.00023124999746128365,131.21689559027828,GMT+0
models,52,032d5d18-a14b-4c91-aa33-366acc16db60,bcaa9d24-f5b0-4d1e-b55e-33053b6138d2,22d257f6-edd1-467a-a2a7-cfd58720f462,Workflow_8308963,Not Started,e8f95e3c-8416-4a8b-8469-8ef95e7626a3,6129d71c-87ff-4a50-a77e-6ac5ec4c17d6,Default Workflow,Ideation,OneTrust Automation,2,2026-03-20T11:18:21.347+00:00,2026-03-20,2026,March,03,Quarter 1,2026-03-20T11:18:01.367+00:00,2026-03-20,2026,March,03,Quarter 1,False,0.00023124999746128365,131.00856225694494,Asia/Aqtobe
models,52,032d5d18-a14b-4c91-aa33-366acc16db60,bcaa9d24-f5b0-4d1e-b55e-33053b6138d2,22d257f6-edd1-467a-a2a7-cfd58720f462,Workflow_8308963,Not Started,e8f95e3c-8416-4a8b-8469-8ef95e7626a3,6129d71c-87ff-4a50-a77e-6ac5ec4c17d6,Default Workflow,Ideation,OneTrust Automation,2,2026-03-20T02:18:21.347+00:00,2026-03-20,2026,March,03,Quarter 1,2026-03-20T02:18:01.367+00:00,2026-03-20,2026,March,03,Quarter 1,False,0.00023124999746128365,131.38356225694494,America/Kentucky/Louisville
models,52,032d5d18-a14b-4c91-aa33-366acc16db60,bcaa9d24-f5b0-4d1e-b55e-33053b6138d2,22d257f6-edd1-467a-a2a7-cfd58720f462,Workflow_8308963,Not Started,e8f95e3c-8416-4a8b-8469-8ef95e7626a3,6129d71c-87ff-4a50-a77e-6ac5ec4c17d6,Default Workflow,Ideation,OneTrust Automation,2,2026-03-20T02:18:21.347+00:00,2026-03-20,2026,March,03,Quarter 1,2026-03-20T02:18:01.367+00:00,2026-03-20,2026,March,03,Quarter 1,False,0.00023124999746128365,131.38356225694494,America/Indiana/Indianapolis
models,52,032d5d18-a14b-4c91-aa33-366acc16db60,bcaa9d24-f5b0-4d1e-b55e-33053b6138d2,22d257f6-edd1-467a-a2a7-cfd58720f462,Workflow_8308963,Not Started,e8f95e3c-8416-4a8b-8469-8ef95e7626a3,6129d71c-87ff-4a50-a77e-6ac5ec4c17d6,Default Workflow,Ideation,OneTrust Automation,2,2026-03-20T13:18:21.347+00:00,2026-03-20,2026,March,03,Quarter 1,2026-03-20T13:18:01.367+00:00,2026-03-20,2026,March,03,Quarter 1,False,0.00023124999746128365,130.92522892361163,Asia/Novokuznetsk
models,52,032d5d18-a14b-4c91-aa33-366acc16db60,bcaa9d24-f5b0-4d1e-b55e-33053b6138d2,22d257f6-edd1-467a-a2a7-cfd58720f462,Workflow_8308963,Not Started,e8f95e3c-8416-4a8b-8469-8ef95e7626a3,6129d71c-87ff-4a50-a77e-6ac5ec4c17d6,Default Workflow,Ideation,OneTrust Automation,2,2026-03-20T06:18:21.347+00:00,2026-03-20,2026,March,03,Quarter 1,2026-03-20T06:18:01.367+00:00,2026-03-20,2026,March,03,Quarter 1,False,0.00023124999746128365,131.21689559027828,GMT-0
models,52,032d5d18-a14b-4c91-aa33-366acc16db60,bcaa9d24-f5b0-4d1e-b55e-33053b6138d2,22d257f6-edd1-467a-a2a7-cfd58720f462,Workflow_8308963,Not Started,e8f95e3c-8416-4a8b-8469-8ef95e7626a3,6129d71c-87ff-4a50-a77e-6ac5ec4c17d6,Default Workflow,Ideation,OneTrust Automation,2,2026-03-20T06:18:21.347+00:00,2026-03-20,2026,March,03,Quarter 1,2026-03-20T06:18:01.367+00:00,2026-03-20,2026,March,03,Quarter 1,False,0.00023124999746128365,131.21689559027828,Africa/El_Aaiun
models,52,032d5d18-a14b-4c91-aa33-366acc16db60,bcaa9d24-f5b0-4d1e-b55e-33053b6138d2,22d257f6-edd1-467a-a2a7-cfd58720f462,Workflow_8308963,Not Started,e8f95e3c-8416-4a8b-8469-8ef95e7626a3,6129d71c-87ff-4a50-a77e-6ac5ec4c17d6,Default Workflow,Ideation,OneTrust Automation,2,2026-03-20T18:18:21.347+00:00,2026-03-20,2026,March,03,Quarter 1,2026-03-20T18:18:01.367+00:00,2026-03-20,2026,March,03,Quarter 1,False,0.00023124999746128365,130.71689559027828,Pacific/Nauru
models,52,032d5d18-a14b-4c91-aa33-366acc16db60,bcaa9d24-f5b0-4d1e-b55e-33053b6138d2,22d257f6-edd1-467a-a2a7-cfd58720f462,Workflow_8308963,Not Started,e8f95e3c-8416-4a8b-8469-8ef95e7626a3,6129d71c-87ff-4a50-a77e-6ac5ec4c17d6,Default Workflow,Ideation,OneTrust Automation,2,2026-03-20T08:18:21.347+00:00,2026-03-20,2026,March,03,Quarter 1,2026-03-20T08:18:01.367+00:00,2026-03-20,2026,March,03,Quarter 1,False,0.00023124999746128365,131.13356225694494,Europe/Kiev
models,52,032d5d18-a14b-4c91-aa33-366acc16db60,bcaa9d24-f5b0-4d1e-b55e-33053b6138d2,22d257f6-edd1-467a-a2a7-cfd58720f462,Workflow_8308963,Not Started,e8f95e3c-8416-4a8b-8469-8ef95e7626a3,6129d71c-87ff-4a50-a77e-6ac5ec4c17d6,Default Workflow,Ideation,OneTrust Automation,2,2026-03-20T08:18:21.347+00:00,2026-03-20,2026,March,03,Quarter 1,2026-03-20T08:18:01.367+00:00,2026-03-20,2026,March,03,Quarter 1,False,0.00023124999746128365,131.13356225694494,Asia/Nicosia
models,52,032d5d18-a14b-4c91-aa33-366acc16db60,bcaa9d24-f5b0-4d1e-b55e-33053b6138d2,22d257f6-edd1-467a-a2a7-cfd58720f462,Workflow_8308963,Not Started,e8f95e3c-8416-4a8b-8469-8ef95e7626a3,6129d71c-87ff-4a50-a77e-6ac5ec4c17d6,Default Workflow,Ideation,OneTrust Automation,2,2026-03-20T11:18:21.347+00:00,2026-03-20,2026,March,03,Quarter 1,2026-03-20T11:18:01.367+00:00,2026-03-20,2026,March,03,Quarter 1,False,0.00023124999746128365,131.00856225694494,Indian/Maldives
models,52,032d5d18-a14b-4c91-aa33-366acc16db60,bcaa9d24-f5b0-4d1e-b55e-33053b6138d2,22d257f6-edd1-467a-a2a7-cfd58720f462,Workflow_8308963,Not Started,e8f95e3c-8416-4a8b-8469-8ef95e7626a3,6129d71c-87ff-4a50-a77e-6ac5ec4c17d6,Default Workflow,Ideation,OneTrust Automation,2,2026-03-20T03:18:21.347+00:00,2026-03-20,2026,March,03,Quarter 1,2026-03-20T03:18:01.367+00:00,2026-03-20,2026,March,03,Quarter 1,False,0.00023124999746128365,131.34189559027828,America/Argentina/La_Rioja
models,52,032d5d18-a14b-4c91-aa33-366acc16db60,bcaa9d24-f5b0-4d1e-b55e-33053b6138d2,22d257f6-edd1-467a-a2a7-cfd58720f462,Workflow_8308963,Not Started,e8f95e3c-8416-4a8b-8469-8ef95e7626a3,6129d71c-87ff-4a50-a77e-6ac5ec4c17d6,Default Workflow,Ideation,OneTrust Automation,2,2026-03-19T22:18:21.347+00:00,2026-03-19,2026,March,03,Quarter 1,2026-03-19T22:18:01.367+00:00,2026-03-19,2026,March,03,Quarter 1,False,0.00023124999746128365,131.55022892361163,America/Juneau
models,52,032d5d18-a14b-4c91-aa33-366acc16db60,bcaa9d24-f5b0-4d1e-b55e-33053b6138d2,22d257f6-edd1-467a-a2a7-cfd58720f462,Workflow_8308963,Not Started,e8f95e3c-8416-4a8b-8469-8ef95e7626a3,6129d71c-87ff-4a50-a77e-6ac5ec4c17d6,Default Workflow,Ideation,OneTrust Automation,2,2026-03-20T17:18:21.347+00:00,2026-03-20,2026,March,03,Quarter 1,2026-03-20T17:18:01.367+00:00,2026-03-20,2026,March,03,Quarter 1,False,0.00023124999746128365,130.75856225694494,Australia/Lord_Howe
models,52,032d5d18-a14b-4c91-aa33-366acc16db60,bcaa9d24-f5b0-4d1e-b55e-33053b6138d2,22d257f6-edd1-467a-a2a7-cfd58720f462,Workflow_8308963,Not Started,e8f95e3c-8416-4a8b-8469-8ef95e7626a3,6129d71c-87ff-4a50-a77e-6ac5ec4c17d6,Default Workflow,Ideation,OneTrust Automation,2,2026-03-19T22:18:21.347+00:00,2026-03-19,2026,March,03,Quarter 1,2026-03-19T22:18:01.367+00:00,2026-03-19,2026,March,03,Quarter 1,False,0.00023124999746128365,131.55022892361163,America/Anchorage
models,52,032d5d18-a14b-4c91-aa33-366acc16db60,bcaa9d24-f5b0-4d1e-b55e-33053b6138d2,22d257f6-edd1-467a-a2a7-cfd58720f462,Workflow_8308963,Not Started,e8f95e3c-8416-4a8b-8469-8ef95e7626a3,6129d71c-87ff-4a50-a77e-6ac5ec4c17d6,Default Workflow,Ideation,OneTrust Automation,2,2026-03-20T10:48:21.347+00:00,2026-03-20,2026,March,03,Quarter 1,2026-03-20T10:48:01.367+00:00,2026-03-20,2026,March,03,Quarter 1,False,0.00023124999746128365,131.02939559027828,Asia/Kabul
models,52,032d5d18-a14b-4c91-aa33-366acc16db60,bcaa9d24-f5b0-4d1e-b55e-33053b6138d2,22d257f6-edd1-467a-a2a7-cfd58720f462,Workflow_8308963,Not Started,e8f95e3c-8416-4a8b-8469-8ef95e7626a3,6129d71c-87ff-4a50-a77e-6ac5ec4c17d6,Default Workflow,Ideation,OneTrust Automation,2,2026-03-20T00:18:21.347+00:00,2026-03-20,2026,March,03,Quarter 1,2026-03-20T00:18:01.367+00:00,2026-03-20,2026,March,03,Quarter 1,False,0.00023124999746128365,131.46689559027828,Canada/Mountain
models,52,032d5d18-a14b-4c91-aa33-366acc16db60,bcaa9d24-f5b0-4d1e-b55e-33053b6138d2,22d257f6-edd1-467a-a2a7-cfd58720f462,Workflow_8308963,Not Started,e8f95e3c-8416-4a8b-8469-8ef95e7626a3,6129d71c-87ff-4a50-a77e-6ac5ec4c17d6,Default Workflow,Ideation,OneTrust Automation,2,2026-03-20T14:18:21.347+00:00,2026-03-20,2026,March,03,Quarter 1,2026-03-20T14:18:01.367+00:00,2026-03-20,2026,March,03,Quarter 1,False,0.00023124999746128365,130.88356225694494,Asia/Chongqing
models,52,032d5d18-a14b-4c91-aa33-366acc16db60,bcaa9d24-f5b0-4d1e-b55e-33053b6138d2,22d257f6-edd1-467a-a2a7-cfd58720f462,Workflow_8308963,Not Started,e8f95e3c-8416-4a8b-8469-8ef95e7626a3,6129d71c-87ff-4a50-a77e-6ac5ec4c17d6,Default Workflow,Ideation,OneTrust Automation,2,2026-03-20T02:18:21.347+00:00,2026-03-20,2026,March,03,Quarter 1,2026-03-20T02:18:01.367+00:00,2026-03-20,2026,March,03,Quarter 1,False,0.00023124999746128365,131.38356225694494,America/Blanc-Sablon
models,52,032d5d18-a14b-4c91-aa33-366acc16db60,bcaa9d24-f5b0-4d1e-b55e-33053b6138d2,22d257f6-edd1-467a-a2a7-cfd58720f462,Workflow_8308963,Not Started,e8f95e3c-8416-4a8b-8469-8ef95e7626a3,6129d71c-87ff-4a50-a77e-6ac5ec4c17d6,Default Workflow,Ideation,OneTrust Automation,2,2026-03-20T09:18:21.347+00:00,2026-03-20,2026,March,03,Quarter 1,2026-03-20T09:18:01.367+00:00,2026-03-20,2026,March,03,Quarter 1,False,0.00023124999746128365,131.09189559027828,Indian/Mayotte
models,52,032d5d18-a14b-4c91-aa33-366acc16db60,bcaa9d24-f5b0-4d1e-b55e-33053b6138d2,22d257f6-edd1-467a-a2a7-cfd58720f462,Workflow_8308963,Not Started,e8f95e3c-8416-4a8b-8469-8ef95e7626a3,6129d71c-87ff-4a50-a77e-6ac5ec4c17d6,Default Workflow,Ideation,OneTrust Automation,2,2026-03-20T11:18:21.347+00:00,2026-03-20,2026,March,03,Quarter 1,2026-03-20T11:18:01.367+00:00,2026-03-20,2026,March,03,Quarter 1,False,0.00023124999746128365,131.00856225694494,Asia/Yekaterinburg
models,52,032d5d18-a14b-4c91-aa33-366acc16db60,bcaa9d24-f5b0-4d1e-b55e-33053b6138d2,22d257f6-edd1-467a-a2a7-cfd58720f462,Workflow_8308963,Not Started,e8f95e3c-8416-4a8b-8469-8ef95e7626a3,6129d71c-87ff-4a50-a77e-6ac5ec4c17d6,Default Workflow,Ideation,OneTrust Automation,2,2026-03-20T02:18:21.347+00:00,2026-03-20,2026,March,03,Quarter 1,2026-03-20T02:18:01.367+00:00,2026-03-20,2026,March,03,Quarter 1,False,0.00023124999746128365,131.38356225694494,America/Nipigon
models,52,032d5d18-a14b-4c91-aa33-366acc16db60,bcaa9d24-f5b0-4d1e-b55e-33053b6138d2,22d257f6-edd1-467a-a2a7-cfd58720f462,Workflow_8308963,Not Started,e8f95e3c-8416-4a8b-8469-8ef95e7626a3,6129d71c-87ff-4a50-a77e-6ac5ec4c17d6,Default Workflow,Ideation,OneTrust Automation,2,2026-03-20T03:18:21.347+00:00,2026-03-20,2026,March,03,Quarter 1,2026-03-20T03:18:01.367+00:00,2026-03-20,2026,March,03,Quarter 1,False,0.00023124999746128365,131.34189559027828,America/Sao_Paulo
models,52,032d5d18-a14b-4c91-aa33-366acc16db60,bcaa9d24-f5b0-4d1e-b55e-33053b6138d2,22d257f6-edd1-467a-a2a7-cfd58720f462,Workflow_8308963,Not Started,e8f95e3c-8416-4a8b-8469-8ef95e7626a3,6129d71c-87ff-4a50-a77e-6ac5ec4c17d6,Default Workflow,Ideation,OneTrust Automation,2,2026-03-20T14:18:21.347+00:00,2026-03-20,2026,March,03,Quarter 1,2026-03-20T14:18:01.367+00:00,2026-03-20,2026,March,03,Quarter 1,False,0.00023124999746128365,130.88356225694494,Asia/Taipei
models,52,032d5d18-a14b-4c91-aa33-366acc16db60,bcaa9d24-f5b0-4d1e-b55e-33053b6138d2,22d257f6-edd1-467a-a2a7-cfd58720f462,Workflow_8308963,Not Started,e8f95e3c-8416-4a8b-8469-8ef95e7626a3,6129d71c-87ff-4a50-a77e-6ac5ec4c17d6,Default Workflow,Ideation,OneTrust Automation,2,2026-03-20T02:18:21.347+00:00,2026-03-20,2026,March,03,Quarter 1,2026-03-20T02:18:01.367+00:00,2026-03-20,2026,March,03,Quarter 1,False,0.00023124999746128365,131.38356225694494,America/Montreal
models,52,032d5d18-a14b-4c91-aa33-366acc16db60,bcaa9d24-f5b0-4d1e-b55e-33053b6138d2,22d257f6-edd1-467a-a2a7-cfd58720f462,Workflow_8308963,Not Started,e8f95e3c-8416-4a8b-8469-8ef95e7626a3,6129d71c-87ff-4a50-a77e-6ac5ec4c17d6,Default Workflow,Ideation,OneTrust Automation,2,2026-03-20T01:18:21.347+00:00,2026-03-20,2026,March,03,Quarter 1,2026-03-20T01:18:01.367+00:00,2026-03-20,2026,March,03,Quarter 1,False,0.00023124999746128365,131.42522892361163,America/Menominee
models,52,032d5d18-a14b-4c91-aa33-366acc16db60,bcaa9d24-f5b0-4d1e-b55e-33053b6138d2,22d257f6-edd1-467a-a2a7-cfd58720f462,Workflow_8308963,Not Started,e8f95e3c-8416-4a8b-8469-8ef95e7626a3,6129d71c-87ff-4a50-a77e-6ac5ec4c17d6,Default Workflow,Ideation,OneTrust Automation,2,2026-03-20T02:18:21.347+00:00,2026-03-20,2026,March,03,Quarter 1,2026-03-20T02:18:01.367+00:00,2026-03-20,2026,March,03,Quarter 1,False,0.00023124999746128365,131.38356225694494,America/Martinique
models,52,032d5d18-a14b-4c91-aa33-366acc16db60,bcaa9d24-f5b0-4d1e-b55e-33053b6138d2,22d257f6-edd1-467a-a2a7-cfd58720f462,Workflow_8308963,Not Started,e8f95e3c-8416-4a8b-8469-8ef95e7626a3,6129d71c-87ff-4a50-a77e-6ac5ec4c17d6,Default Workflow,Ideation,OneTrust Automation,2,2026-03-20T08:18:21.347+00:00,2026-03-20,2026,March,03,Quarter 1,2026-03-20T08:18:01.367+00:00,2026-03-20,2026,March,03,Quarter 1,False,0.00023124999746128365,131.13356225694494,Europe/Mariehamn
models,52,032d5d18-a14b-4c91-aa33-366acc16db60,bcaa9d24-f5b0-4d1e-b55e-33053b6138d2,22d257f6-edd1-467a-a2a7-cfd58720f462,Workflow_8308963,Not Started,e8f95e3c-8416-4a8b-8469-8ef95e7626a3,6129d71c-87ff-4a50-a77e-6ac5ec4c17d6,Default Workflow,Ideation,OneTrust Automation,2,2026-03-20T07:18:21.347+00:00,2026-03-20,2026,March,03,Quarter 1,2026-03-20T07:18:01.367+00:00,2026-03-20,2026,March,03,Quarter 1,False,0.00023124999746128365,131.17522892361163,Europe/Sarajevo
models,52,032d5d18-a14b-4c91-aa33-366acc16db60,bcaa9d24-f5b0-4d1e-b55e-33053b6138d2,22d257f6-edd1-467a-a2a7-cfd58720f462,Workflow_8308963,Not Started,e8f95e3c-8416-4a8b-8469-8ef95e7626a3,6129d71c-87ff-4a50-a77e-6ac5ec4c17d6,Default Workflow,Ideation,OneTrust Automation,2,2026-03-20T11:18:21.347+00:00,2026-03-20,2026,March,03,Quarter 1,2026-03-20T11:18:01.367+00:00,2026-03-20,2026,March,03,Quarter 1,False,0.00023124999746128365,131.00856225694494,Antarctica/Vostok
models,52,032d5d18-a14b-4c91-aa33-366acc16db60,bcaa9d24-f5b0-4d1e-b55e-33053b6138d2,22d257f6-edd1-467a-a2a7-cfd58720f462,Workflow_8308963,Not Started,e8f95e3c-8416-4a8b-8469-8ef95e7626a3,6129d71c-87ff-4a50-a77e-6ac5ec4c17d6,Default Workflow,Ideation,OneTrust Automation,2,2026-03-20T07:18:21.347+00:00,2026-03-20,2026,March,03,Quarter 1,2026-03-20T07:18:01.367+00:00,2026-03-20,2026,March,03,Quarter 1,False,0.00023124999746128365,131.17522892361163,Europe/Zurich
models,52,032d5d18-a14b-4c91-aa33-366acc16db60,bcaa9d24-f5b0-4d1e-b55e-33053b6138d2,22d257f6-edd1-467a-a2a7-cfd58720f462,Workflow_8308963,Not Started,e8f95e3c-8416-4a8b-8469-8ef95e7626a3,6129d71c-87ff-4a50-a77e-6ac5ec4c17d6,Default Workflow,Ideation,OneTrust Automation,2,2026-03-20T00:18:21.347+00:00,2026-03-20,2026,March,03,Quarter 1,2026-03-20T00:18:01.367+00:00,2026-03-20,2026,March,03,Quarter 1,False,0.00023124999746128365,131.46689559027828,Canada/Saskatchewan
models,52,032d5d18-a14b-4c91-aa33-366acc16db60,bcaa9d24-f5b0-4d1e-b55e-33053b6138d2,22d257f6-edd1-467a-a2a7-cfd58720f462,Workflow_8308963,Not Started,e8f95e3c-8416-4a8b-8469-8ef95e7626a3,6129d71c-87ff-4a50-a77e-6ac5ec4c17d6,Default Workflow,Ideation,OneTrust Automation,2,2026-03-20T02:18:21.347+00:00,2026-03-20,2026,March,03,Quarter 1,2026-03-20T02:18:01.367+00:00,2026-03-20,2026,March,03,Quarter 1,False,0.00023124999746128365,131.38356225694494,America/Montserrat
models,52,032d5d18-a14b-4c91-aa33-366acc16db60,bcaa9d24-f5b0-4d1e-b55e-33053b6138d2,22d257f6-edd1-467a-a2a7-cfd58720f462,Workflow_8308963,Not Started,e8f95e3c-8416-4a8b-8469-8ef95e7626a3,6129d71c-87ff-4a50-a77e-6ac5ec4c17d6,Default Workflow,Ideation,OneTrust Automation,2,2026-03-20T11:18:21.347+00:00,2026-03-20,2026,March,03,Quarter 1,2026-03-20T11:18:01.367+00:00,2026-03-20,2026,March,03,Quarter 1,False,0.00023124999746128365,131.00856225694494,Asia/Ashgabat
models,52,032d5d18-a14b-4c91-aa33-366acc16db60,bcaa9d24-f5b0-4d1e-b55e-33053b6138d2,22d257f6-edd1-467a-a2a7-cfd58720f462,Workflow_8308963,Not Started,e8f95e3c-8416-4a8b-8469-8ef95e7626a3,6129d71c-87ff-4a50-a77e-6ac5ec4c17d6,Default Workflow,Ideation,OneTrust Automation,2,2026-03-20T09:18:21.347+00:00,2026-03-20,2026,March,03,Quarter 1,2026-03-20T09:18:01.367+00:00,2026-03-20,2026,March,03,Quarter 1,False,0.00023124999746128365,131.09189559027828,Asia/Damascus
models,52,032d5d18-a14b-4c91-aa33-366acc16db60,bcaa9d24-f5b0-4d1e-b55e-33053b6138d2,22d257f6-edd1-467a-a2a7-cfd58720f462,Workflow_8308963,Not Started,e8f95e3c-8416-4a8b-8469-8ef95e7626a3,6129d71c-87ff-4a50-a77e-6ac5ec4c17d6,Default Workflow,Ideation,OneTrust Automation,2,2026-03-20T06:18:21.347+00:00,2026-03-20,2026,March,03,Quarter 1,2026-03-20T06:18:01.367+00:00,2026-03-20,2026,March,03,Quarter 1,False,0.00023124999746128365,131.21689559027828,Africa/Conakry
models,52,032d5d18-a14b-4c91-aa33-366acc16db60,bcaa9d24-f5b0-4d1e-b55e-33053b6138d2,22d257f6-edd1-467a-a2a7-cfd58720f462,Workflow_8308963,Not Started,e8f95e3c-8416-4a8b-8469-8ef95e7626a3,6129d71c-87ff-4a50-a77e-6ac5ec4c17d6,Default Workflow,Ideation,OneTrust Automation,2,2026-03-20T13:18:21.347+00:00,2026-03-20,2026,March,03,Quarter 1,2026-03-20T13:18:01.367+00:00,2026-03-20,2026,March,03,Quarter 1,False,0.00023124999746128365,130.92522892361163,Asia/Pontianak
models,52,032d5d18-a14b-4c91-aa33-366acc16db60,bcaa9d24-f5b0-4d1e-b55e-33053b6138d2,22d257f6-edd1-467a-a2a7-cfd58720f462,Workflow_8308963,Not Started,e8f95e3c-8416-4a8b-8469-8ef95e7626a3,6129d71c-87ff-4a50-a77e-6ac5ec4c17d6,Default Workflow,Ideation,OneTrust Automation,2,2026-03-20T08:18:21.347+00:00,2026-03-20,2026,March,03,Quarter 1,2026-03-20T08:18:01.367+00:00,2026-03-20,2026,March,03,Quarter 1,False,0.00023124999746128365,131.13356225694494,Africa/Lusaka
models,52,032d5d18-a14b-4c91-aa33-366acc16db60,bcaa9d24-f5b0-4d1e-b55e-33053b6138d2,22d257f6-edd1-467a-a2a7-cfd58720f462,Workflow_8308963,Not Started,e8f95e3c-8416-4a8b-8469-8ef95e7626a3,6129d71c-87ff-4a50-a77e-6ac5ec4c17d6,Default Workflow,Ideation,OneTrust Automation,2,2026-03-20T02:18:21.347+00:00,2026-03-20,2026,March,03,Quarter 1,2026-03-20T02:18:01.367+00:00,2026-03-20,2026,March,03,Quarter 1,False,0.00023124999746128365,131.38356225694494,America/Antigua
models,52,032d5d18-a14b-4c91-aa33-366acc16db60,bcaa9d24-f5b0-4d1e-b55e-33053b6138d2,22d257f6-edd1-467a-a2a7-cfd58720f462,Workflow_8308963,Not Started,e8f95e3c-8416-4a8b-8469-8ef95e7626a3,6129d71c-87ff-4a50-a77e-6ac5ec4c17d6,Default Workflow,Ideation,OneTrust Automation,2,2026-03-20T03:18:21.347+00:00,2026-03-20,2026,March,03,Quarter 1,2026-03-20T03:18:01.367+00:00,2026-03-20,2026,March,03,Quarter 1,False,0.00023124999746128365,131.34189559027828,America/Argentina/Ushuaia
models,52,032d5d18-a14b-4c91-aa33-366acc16db60,bcaa9d24-f5b0-4d1e-b55e-33053b6138d2,22d257f6-edd1-467a-a2a7-cfd58720f462,Workflow_8308963,Not Started,e8f95e3c-8416-4a8b-8469-8ef95e7626a3,6129d71c-87ff-4a50-a77e-6ac5ec4c17d6,Default Workflow,Ideation,OneTrust Automation,2,2026-03-20T02:18:21.347+00:00,2026-03-20,2026,March,03,Quarter 1,2026-03-20T02:18:01.367+00:00,2026-03-20,2026,March,03,Quarter 1,False,0.00023124999746128365,131.38356225694494,America/Porto_Velho
models,52,032d5d18-a14b-4c91-aa33-366acc16db60,bcaa9d24-f5b0-4d1e-b55e-33053b6138d2,22d257f6-edd1-467a-a2a7-cfd58720f462,Workflow_8308963,Not Started,e8f95e3c-8416-4a8b-8469-8ef95e7626a3,6129d71c-87ff-4a50-a77e-6ac5ec4c17d6,Default Workflow,Ideation,OneTrust Automation,2,2026-03-20T00:18:21.347+00:00,2026-03-20,2026,March,03,Quarter 1,2026-03-20T00:18:01.367+00:00,2026-03-20,2026,March,03,Quarter 1,False,0.00023124999746128365,131.46689559027828,America/El_Salvador
models,52,032d5d18-a14b-4c91-aa33-366acc16db60,bcaa9d24-f5b0-4d1e-b55e-33053b6138d2,22d257f6-edd1-467a-a2a7-cfd58720f462,Workflow_8308963,Not Started,e8f95e3c-8416-4a8b-8469-8ef95e7626a3,6129d71c-87ff-4a50-a77e-6ac5ec4c17d6,Default Workflow,Ideation,OneTrust Automation,2,2026-03-20T17:18:21.347+00:00,2026-03-20,2026,March,03,Quarter 1,2026-03-20T17:18:01.367+00:00,2026-03-20,2026,March,03,Quarter 1,False,0.00023124999746128365,130.75856225694494,Australia/ACT
models,52,032d5d18-a14b-4c91-aa33-366acc16db60,bcaa9d24-f5b0-4d1e-b55e-33053b6138d2,22d257f6-edd1-467a-a2a7-cfd58720f462,Workflow_8308963,Not Started,e8f95e3c-8416-4a8b-8469-8ef95e7626a3,6129d71c-87ff-4a50-a77e-6ac5ec4c17d6,Default Workflow,Ideation,OneTrust Automation,2,2026-03-20T02:18:21.347+00:00,2026-03-20,2026,March,03,Quarter 1,2026-03-20T02:18:01.367+00:00,2026-03-20,2026,March,03,Quarter 1,False,0.00023124999746128365,131.38356225694494,America/St_Kitts
models,52,032d5d18-a14b-4c91-aa33-366acc16db60,bcaa9d24-f5b0-4d1e-b55e-33053b6138d2,22d257f6-edd1-467a-a2a7-cfd58720f462,Workflow_8308963,Not Started,e8f95e3c-8416-4a8b-8469-8ef95e7626a3,6129d71c-87ff-4a50-a77e-6ac5ec4c17d6,Default Workflow,Ideation,OneTrust Automation,2,2026-03-20T19:18:21.347+00:00,2026-03-20,2026,March,03,Quarter 1,2026-03-20T19:18:01.367+00:00,2026-03-20,2026,March,03,Quarter 1,False,0.00023124999746128365,130.67522892361163,Pacific/Fakaofo
models,52,032d5d18-a14b-4c91-aa33-366acc16db60,bcaa9d24-f5b0-4d1e-b55e-33053b6138d2,22d257f6-edd1-467a-a2a7-cfd58720f462,Workflow_8308963,Not Started,e8f95e3c-8416-4a8b-8469-8ef95e7626a3,6129d71c-87ff-4a50-a77e-6ac5ec4c17d6,Default Workflow,Ideation,OneTrust Automation,2,2026-03-20T03:18:21.347+00:00,2026-03-20,2026,March,03,Quarter 1,2026-03-20T03:18:01.367+00:00,2026-03-20,2026,March,03,Quarter 1,False,0.00023124999746128365,131.34189559027828,America/Maceio
models,52,032d5d18-a14b-4c91-aa33-366acc16db60,bcaa9d24-f5b0-4d1e-b55e-33053b6138d2,22d257f6-edd1-467a-a2a7-cfd58720f462,Workflow_8308963,Not Started,e8f95e3c-8416-4a8b-8469-8ef95e7626a3,6129d71c-87ff-4a50-a77e-6ac5ec4c17d6,Default Workflow,Ideation,OneTrust Automation,2,2026-03-20T15:18:21.347+00:00,2026-03-20,2026,March,03,Quarter 1,2026-03-20T15:18:01.367+00:00,2026-03-20,2026,March,03,Quarter 1,False,0.00023124999746128365,130.84189559027828,Pacific/Palau
models,52,032d5d18-a14b-4c91-aa33-366acc16db60,bcaa9d24-f5b0-4d1e-b55e-33053b6138d2,22d257f6-edd1-467a-a2a7-cfd58720f462,Workflow_8308963,Not Started,e8f95e3c-8416-4a8b-8469-8ef95e7626a3,6129d71c-87ff-4a50-a77e-6ac5ec4c17d6,Default Workflow,Ideation,OneTrust Automation,2,2026-03-20T14:18:21.347+00:00,2026-03-20,2026,March,03,Quarter 1,2026-03-20T14:18:01.367+00:00,2026-03-20,2026,March,03,Quarter 1,False,0.00023124999746128365,130.88356225694494,Asia/Kuching
models,52,032d5d18-a14b-4c91-aa33-366acc16db60,bcaa9d24-f5b0-4d1e-b55e-33053b6138d2,22d257f6-edd1-467a-a2a7-cfd58720f462,Workflow_8308963,Not Started,e8f95e3c-8416-4a8b-8469-8ef95e7626a3,6129d71c-87ff-4a50-a77e-6ac5ec4c17d6,Default Workflow,Ideation,OneTrust Automation,2,2026-03-20T03:18:21.347+00:00,2026-03-20,2026,March,03,Quarter 1,2026-03-20T03:18:01.367+00:00,2026-03-20,2026,March,03,Quarter 1,False,0.00023124999746128365,131.34189559027828,Canada/Atlantic
models,52,032d5d18-a14b-4c91-aa33-366acc16db60,bcaa9d24-f5b0-4d1e-b55e-33053b6138d2,22d257f6-edd1-467a-a2a7-cfd58720f462,Workflow_8308963,Not Started,e8f95e3c-8416-4a8b-8469-8ef95e7626a3,6129d71c-87ff-4a50-a77e-6ac5ec4c17d6,Default Workflow,Ideation,OneTrust Automation,2,2026-03-20T00:18:21.347+00:00,2026-03-20,2026,March,03,Quarter 1,2026-03-20T00:18:01.367+00:00,2026-03-20,2026,March,03,Quarter 1,False,0.00023124999746128365,131.46689559027828,America/Monterrey
models,52,032d5d18-a14b-4c91-aa33-366acc16db60,bcaa9d24-f5b0-4d1e-b55e-33053b6138d2,22d257f6-edd1-467a-a2a7-cfd58720f462,Workflow_8308963,Not Started,e8f95e3c-8416-4a8b-8469-8ef95e7626a3,6129d71c-87ff-4a50-a77e-6ac5ec4c17d6,Default Workflow,Ideation,OneTrust Automation,2,2026-03-20T15:18:21.347+00:00,2026-03-20,2026,March,03,Quarter 1,2026-03-20T15:18:01.367+00:00,2026-03-20,2026,March,03,Quarter 1,False,0.00023124999746128365,130.84189559027828,Etc/GMT-9
models,52,032d5d18-a14b-4c91-aa33-366acc16db60,bcaa9d24-f5b0-4d1e-b55e-33053b6138d2,22d257f6-edd1-467a-a2a7-cfd58720f462,Workflow_8308963,Not Started,e8f95e3c-8416-4a8b-8469-8ef95e7626a3,6129d71c-87ff-4a50-a77e-6ac5ec4c17d6,Default Workflow,Ideation,OneTrust Automation,2,2026-03-20T06:18:21.347+00:00,2026-03-20,2026,March,03,Quarter 1,2026-03-20T06:18:01.367+00:00,2026-03-20,2026,March,03,Quarter 1,False,0.00023124999746128365,131.21689559027828,Portugal
models,52,032d5d18-a14b-4c91-aa33-366acc16db60,bcaa9d24-f5b0-4d1e-b55e-33053b6138d2,22d257f6-edd1-467a-a2a7-cfd58720f462,Workflow_8308963,Not Started,e8f95e3c-8416-4a8b-8469-8ef95e7626a3,6129d71c-87ff-4a50-a77e-6ac5ec4c17d6,Default Workflow,Ideation,OneTrust Automation,2,2026-03-20T07:18:21.347+00:00,2026-03-20,2026,March,03,Quarter 1,2026-03-20T07:18:01.367+00:00,2026-03-20,2026,March,03,Quarter 1,False,0.00023124999746128365,131.17522892361163,Europe/Stockholm
models,52,032d5d18-a14b-4c91-aa33-366acc16db60,bcaa9d24-f5b0-4d1e-b55e-33053b6138d2,22d257f6-edd1-467a-a2a7-cfd58720f462,Workflow_8308963,Not Started,e8f95e3c-8416-4a8b-8469-8ef95e7626a3,6129d71c-87ff-4a50-a77e-6ac5ec4c17d6,Default Workflow,Ideation,OneTrust Automation,2,2026-03-20T15:18:21.347+00:00,2026-03-20,2026,March,03,Quarter 1,2026-03-20T15:18:01.367+00:00,2026-03-20,2026,March,03,Quarter 1,False,0.00023124999746128365,130.84189559027828,Asia/Chita
models,52,032d5d18-a14b-4c91-aa33-366acc16db60,bcaa9d24-f5b0-4d1e-b55e-33053b6138d2,22d257f6-edd1-467a-a2a7-cfd58720f462,Workflow_8308963,Not Started,e8f95e3c-8416-4a8b-8469-8ef95e7626a3,6129d71c-87ff-4a50-a77e-6ac5ec4c17d6,Default Workflow,Ideation,OneTrust Automation,2,2026-03-20T02:18:21.347+00:00,2026-03-20,2026,March,03,Quarter 1,2026-03-20T02:18:01.367+00:00,2026-03-20,2026,March,03,Quarter 1,False,0.00023124999746128365,131.38356225694494,America/Detroit
models,52,032d5d18-a14b-4c91-aa33-366acc16db60,bcaa9d24-f5b0-4d1e-b55e-33053b6138d2,22d257f6-edd1-467a-a2a7-cfd58720f462,Workflow_8308963,Not Started,e8f95e3c-8416-4a8b-8469-8ef95e7626a3,6129d71c-87ff-4a50-a77e-6ac5ec4c17d6,Default Workflow,Ideation,OneTrust Automation,2,2026-03-20T02:18:21.347+00:00,2026-03-20,2026,March,03,Quarter 1,2026-03-20T02:18:01.367+00:00,2026-03-20,2026,March,03,Quarter 1,False,0.00023124999746128365,131.38356225694494,America/Aruba
models,52,032d5d18-a14b-4c91-aa33-366acc16db60,bcaa9d24-f5b0-4d1e-b55e-33053b6138d2,22d257f6-edd1-467a-a2a7-cfd58720f462,Workflow_8308963,Not Started,e8f95e3c-8416-4a8b-8469-8ef95e7626a3,6129d71c-87ff-4a50-a77e-6ac5ec4c17d6,Default Workflow,Ideation,OneTrust Automation,2,2026-03-20T16:18:21.347+00:00,2026-03-20,2026,March,03,Quarter 1,2026-03-20T16:18:01.367+00:00,2026-03-20,2026,March,03,Quarter 1,False,0.00023124999746128365,130.80022892361163,Pacific/Chuuk
models,52,032d5d18-a14b-4c91-aa33-366acc16db60,bcaa9d24-f5b0-4d1e-b55e-33053b6138d2,22d257f6-edd1-467a-a2a7-cfd58720f462,Workflow_8308963,Not Started,e8f95e3c-8416-4a8b-8469-8ef95e7626a3,6129d71c-87ff-4a50-a77e-6ac5ec4c17d6,Default Workflow,Ideation,OneTrust Automation,2,2026-03-20T02:18:21.347+00:00,2026-03-20,2026,March,03,Quarter 1,2026-03-20T02:18:01.367+00:00,2026-03-20,2026,March,03,Quarter 1,False,0.00023124999746128365,131.38356225694494,America/Barbados
models,52,032d5d18-a14b-4c91-aa33-366acc16db60,bcaa9d24-f5b0-4d1e-b55e-33053b6138d2,22d257f6-edd1-467a-a2a7-cfd58720f462,Workflow_8308963,Not Started,e8f95e3c-8416-4a8b-8469-8ef95e7626a3,6129d71c-87ff-4a50-a77e-6ac5ec4c17d6,Default Workflow,Ideation,OneTrust Automation,2,2026-03-20T01:18:21.347+00:00,2026-03-20,2026,March,03,Quarter 1,2026-03-20T01:18:01.367+00:00,2026-03-20,2026,March,03,Quarter 1,False,0.00023124999746128365,131.42522892361163,America/Indiana/Tell_City
models,52,032d5d18-a14b-4c91-aa33-366acc16db60,bcaa9d24-f5b0-4d1e-b55e-33053b6138d2,22d257f6-edd1-467a-a2a7-cfd58720f462,Workflow_8308963,Not Started,e8f95e3c-8416-4a8b-8469-8ef95e7626a3,6129d71c-87ff-4a50-a77e-6ac5ec4c17d6,Default Workflow,Ideation,OneTrust Automation,2,2026-03-20T16:48:21.347+00:00,2026-03-20,2026,March,03,Quarter 1,2026-03-20T16:48:01.367+00:00,2026-03-20,2026,March,03,Quarter 1,False,0.00023124999746128365,130.77939559027828,Australia/South
models,52,032d5d18-a14b-4c91-aa33-366acc16db60,bcaa9d24-f5b0-4d1e-b55e-33053b6138d2,22d257f6-edd1-467a-a2a7-cfd58720f462,Workflow_8308963,Not Started,e8f95e3c-8416-4a8b-8469-8ef95e7626a3,6129d71c-87ff-4a50-a77e-6ac5ec4c17d6,Default Workflow,Ideation,OneTrust Automation,2,2026-03-20T19:18:21.347+00:00,2026-03-20,2026,March,03,Quarter 1,2026-03-20T19:18:01.367+00:00,2026-03-20,2026,March,03,Quarter 1,False,0.00023124999746128365,130.67522892361163,Pacific/Kanton
models,52,032d5d18-a14b-4c91-aa33-366acc16db60,bcaa9d24-f5b0-4d1e-b55e-33053b6138d2,22d257f6-edd1-467a-a2a7-cfd58720f462,Workflow_8308963,Not Started,e8f95e3c-8416-4a8b-8469-8ef95e7626a3,6129d71c-87ff-4a50-a77e-6ac5ec4c17d6,Default Workflow,Ideation,OneTrust Automation,2,2026-03-20T16:48:21.347+00:00,2026-03-20,2026,March,03,Quarter 1,2026-03-20T16:48:01.367+00:00,2026-03-20,2026,March,03,Quarter 1,False,0.00023124999746128365,130.77939559027828,Australia/Yancowinna
models,52,032d5d18-a14b-4c91-aa33-366acc16db60,bcaa9d24-f5b0-4d1e-b55e-33053b6138d2,22d257f6-edd1-467a-a2a7-cfd58720f462,Workflow_8308963,Not Started,e8f95e3c-8416-4a8b-8469-8ef95e7626a3,6129d71c-87ff-4a50-a77e-6ac5ec4c17d6,Default Workflow,Ideation,OneTrust Automation,2,2026-03-19T23:18:21.347+00:00,2026-03-19,2026,March,03,Quarter 1,2026-03-19T23:18:01.367+00:00,2026-03-19,2026,March,03,Quarter 1,False,0.00023124999746128365,131.50856225694494,America/Whitehorse
models,52,032d5d18-a14b-4c91-aa33-366acc16db60,bcaa9d24-f5b0-4d1e-b55e-33053b6138d2,22d257f6-edd1-467a-a2a7-cfd58720f462,Workflow_8308963,Not Started,e8f95e3c-8416-4a8b-8469-8ef95e7626a3,6129d71c-87ff-4a50-a77e-6ac5ec4c17d6,Default Workflow,Ideation,OneTrust Automation,2,2026-03-19T23:18:21.347+00:00,2026-03-19,2026,March,03,Quarter 1,2026-03-19T23:18:01.367+00:00,2026-03-19,2026,March,03,Quarter 1,False,0.00023124999746128365,131.50856225694494,America/Vancouver
models,52,032d5d18-a14b-4c91-aa33-366acc16db60,bcaa9d24-f5b0-4d1e-b55e-33053b6138d2,22d257f6-edd1-467a-a2a7-cfd58720f462,Workflow_8308963,Not Started,e8f95e3c-8416-4a8b-8469-8ef95e7626a3,6129d71c-87ff-4a50-a77e-6ac5ec4c17d6,Default Workflow,Ideation,OneTrust Automation,2,2026-03-20T09:18:21.347+00:00,2026-03-20,2026,March,03,Quarter 1,2026-03-20T09:18:01.367+00:00,2026-03-20,2026,March,03,Quarter 1,False,0.00023124999746128365,131.09189559027828,Europe/Istanbul
models,52,032d5d18-a14b-4c91-aa33-366acc16db60,bcaa9d24-f5b0-4d1e-b55e-33053b6138d2,22d257f6-edd1-467a-a2a7-cfd58720f462,Workflow_8308963,Not Started,e8f95e3c-8416-4a8b-8469-8ef95e7626a3,6129d71c-87ff-4a50-a77e-6ac5ec4c17d6,Default Workflow,Ideation,OneTrust Automation,2,2026-03-20T08:18:21.347+00:00,2026-03-20,2026,March,03,Quarter 1,2026-03-20T08:18:01.367+00:00,2026-03-20,2026,March,03,Quarter 1,False,0.00023124999746128365,131.13356225694494,Europe/Tallinn
models,52,032d5d18-a14b-4c91-aa33-366acc16db60,bcaa9d24-f5b0-4d1e-b55e-33053b6138d2,22d257f6-edd1-467a-a2a7-cfd58720f462,Workflow_8308963,Not Started,e8f95e3c-8416-4a8b-8469-8ef95e7626a3,6129d71c-87ff-4a50-a77e-6ac5ec4c17d6,Default Workflow,Ideation,OneTrust Automation,2,2026-03-19T23:18:21.347+00:00,2026-03-19,2026,March,03,Quarter 1,2026-03-19T23:18:01.367+00:00,2026-03-19,2026,March,03,Quarter 1,False,0.00023124999746128365,131.50856225694494,Etc/GMT+7
models,52,032d5d18-a14b-4c91-aa33-366acc16db60,bcaa9d24-f5b0-4d1e-b55e-33053b6138d2,22d257f6-edd1-467a-a2a7-cfd58720f462,Workflow_8308963,Not Started,e8f95e3c-8416-4a8b-8469-8ef95e7626a3,6129d71c-87ff-4a50-a77e-6ac5ec4c17d6,Default Workflow,Ideation,OneTrust Automation,2,2026-03-20T06:18:21.347+00:00,2026-03-20,2026,March,03,Quarter 1,2026-03-20T06:18:01.367+00:00,2026-03-20,2026,March,03,Quarter 1,False,0.00023124999746128365,131.21689559027828,Africa/Timbuktu
models,52,032d5d18-a14b-4c91-aa33-366acc16db60,bcaa9d24-f5b0-4d1e-b55e-33053b6138d2,22d257f6-edd1-467a-a2a7-cfd58720f462,Workflow_8308963,Not Started,e8f95e3c-8416-4a8b-8469-8ef95e7626a3,6129d71c-87ff-4a50-a77e-6ac5ec4c17d6,Default Workflow,Ideation,OneTrust Automation,2,2026-03-20T16:18:21.347+00:00,2026-03-20,2026,March,03,Quarter 1,2026-03-20T16:18:01.367+00:00,2026-03-20,2026,March,03,Quarter 1,False,0.00023124999746128365,130.80022892361163,Pacific/Yap
models,52,032d5d18-a14b-4c91-aa33-366acc16db60,bcaa9d24-f5b0-4d1e-b55e-33053b6138d2,22d257f6-edd1-467a-a2a7-cfd58720f462,Workflow_8308963,Not Started,e8f95e3c-8416-4a8b-8469-8ef95e7626a3,6129d71c-87ff-4a50-a77e-6ac5ec4c17d6,Default Workflow,Ideation,OneTrust Automation,2,2026-03-20T03:18:21.347+00:00,2026-03-20,2026,March,03,Quarter 1,2026-03-20T03:18:01.367+00:00,2026-03-20,2026,March,03,Quarter 1,False,0.00023124999746128365,131.34189559027828,America/Rosario
models,52,032d5d18-a14b-4c91-aa33-366acc16db60,bcaa9d24-f5b0-4d1e-b55e-33053b6138d2,22d257f6-edd1-467a-a2a7-cfd58720f462,Workflow_8308963,Not Started,e8f95e3c-8416-4a8b-8469-8ef95e7626a3,6129d71c-87ff-4a50-a77e-6ac5ec4c17d6,Default Workflow,Ideation,OneTrust Automation,2,2026-03-20T02:18:21.347+00:00,2026-03-20,2026,March,03,Quarter 1,2026-03-20T02:18:01.367+00:00,2026-03-20,2026,March,03,Quarter 1,False,0.00023124999746128365,131.38356225694494,America/Caracas
models,52,032d5d18-a14b-4c91-aa33-366acc16db60,bcaa9d24-f5b0-4d1e-b55e-33053b6138d2,22d257f6-edd1-467a-a2a7-cfd58720f462,Workflow_8308963,Not Started,e8f95e3c-8416-4a8b-8469-8ef95e7626a3,6129d71c-87ff-4a50-a77e-6ac5ec4c17d6,Default Workflow,Ideation,OneTrust Automation,2,2026-03-20T12:18:21.347+00:00,2026-03-20,2026,March,03,Quarter 1,2026-03-20T12:18:01.367+00:00,2026-03-20,2026,March,03,Quarter 1,False,0.00023124999746128365,130.96689559027828,Indian/Chagos
models,52,032d5d18-a14b-4c91-aa33-366acc16db60,bcaa9d24-f5b0-4d1e-b55e-33053b6138d2,22d257f6-edd1-467a-a2a7-cfd58720f462,Workflow_8308963,Not Started,e8f95e3c-8416-4a8b-8469-8ef95e7626a3,6129d71c-87ff-4a50-a77e-6ac5ec4c17d6,Default Workflow,Ideation,OneTrust Automation,2,2026-03-20T01:18:21.347+00:00,2026-03-20,2026,March,03,Quarter 1,2026-03-20T01:18:01.367+00:00,2026-03-20,2026,March,03,Quarter 1,False,0.00023124999746128365,131.42522892361163,Brazil/Acre
models,52,032d5d18-a14b-4c91-aa33-366acc16db60,bcaa9d24-f5b0-4d1e-b55e-33053b6138d2,22d257f6-edd1-467a-a2a7-cfd58720f462,Workflow_8308963,Not Started,e8f95e3c-8416-4a8b-8469-8ef95e7626a3,6129d71c-87ff-4a50-a77e-6ac5ec4c17d6,Default Workflow,Ideation,OneTrust Automation,2,2026-03-20T06:18:21.347+00:00,2026-03-20,2026,March,03,Quarter 1,2026-03-20T06:18:01.367+00:00,2026-03-20,2026,March,03,Quarter 1,False,0.00023124999746128365,131.21689559027828,Africa/Bamako
models,52,032d5d18-a14b-4c91-aa33-366acc16db60,bcaa9d24-f5b0-4d1e-b55e-33053b6138d2,22d257f6-edd1-467a-a2a7-cfd58720f462,Workflow_8308963,Not Started,e8f95e3c-8416-4a8b-8469-8ef95e7626a3,6129d71c-87ff-4a50-a77e-6ac5ec4c17d6,Default Workflow,Ideation,OneTrust Automation,2,2026-03-20T07:18:21.347+00:00,2026-03-20,2026,March,03,Quarter 1,2026-03-20T07:18:01.367+00:00,2026-03-20,2026,March,03,Quarter 1,False,0.00023124999746128365,131.17522892361163,Europe/Copenhagen
models,52,032d5d18-a14b-4c91-aa33-366acc16db60,bcaa9d24-f5b0-4d1e-b55e-33053b6138d2,22d257f6-edd1-467a-a2a7-cfd58720f462,Workflow_8308963,Not Started,e8f95e3c-8416-4a8b-8469-8ef95e7626a3,6129d71c-87ff-4a50-a77e-6ac5ec4c17d6,Default Workflow,Ideation,OneTrust Automation,2,2026-03-20T02:18:21.347+00:00,2026-03-20,2026,March,03,Quarter 1,2026-03-20T02:18:01.367+00:00,2026-03-20,2026,March,03,Quarter 1,False,0.00023124999746128365,131.38356225694494,America/New_York
models,52,032d5d18-a14b-4c91-aa33-366acc16db60,bcaa9d24-f5b0-4d1e-b55e-33053b6138d2,22d257f6-edd1-467a-a2a7-cfd58720f462,Workflow_8308963,Not Started,e8f95e3c-8416-4a8b-8469-8ef95e7626a3,6129d71c-87ff-4a50-a77e-6ac5ec4c17d6,Default Workflow,Ideation,OneTrust Automation,2,2026-03-20T07:18:21.347+00:00,2026-03-20,2026,March,03,Quarter 1,2026-03-20T07:18:01.367+00:00,2026-03-20,2026,March,03,Quarter 1,False,0.00023124999746128365,131.17522892361163,Europe/Zagreb
models,52,032d5d18-a14b-4c91-aa33-366acc16db60,bcaa9d24-f5b0-4d1e-b55e-33053b6138d2,22d257f6-edd1-467a-a2a7-cfd58720f462,Workflow_8308963,Not Started,e8f95e3c-8416-4a8b-8469-8ef95e7626a3,6129d71c-87ff-4a50-a77e-6ac5ec4c17d6,Default Workflow,Ideation,OneTrust Automation,2,2026-03-20T19:18:21.347+00:00,2026-03-20,2026,March,03,Quarter 1,2026-03-20T19:18:01.367+00:00,2026-03-20,2026,March,03,Quarter 1,False,0.00023124999746128365,130.67522892361163,Pacific/Enderbury
models,52,032d5d18-a14b-4c91-aa33-366acc16db60,bcaa9d24-f5b0-4d1e-b55e-33053b6138d2,22d257f6-edd1-467a-a2a7-cfd58720f462,Workflow_8308963,Not Started,e8f95e3c-8416-4a8b-8469-8ef95e7626a3,6129d71c-87ff-4a50-a77e-6ac5ec4c17d6,Default Workflow,Ideation,OneTrust Automation,2,2026-03-19T23:18:21.347+00:00,2026-03-19,2026,March,03,Quarter 1,2026-03-19T23:18:01.367+00:00,2026-03-19,2026,March,03,Quarter 1,False,0.00023124999746128365,131.50856225694494,Canada/Yukon
models,52,032d5d18-a14b-4c91-aa33-366acc16db60,bcaa9d24-f5b0-4d1e-b55e-33053b6138d2,22d257f6-edd1-467a-a2a7-cfd58720f462,Workflow_8308963,Not Started,e8f95e3c-8416-4a8b-8469-8ef95e7626a3,6129d71c-87ff-4a50-a77e-6ac5ec4c17d6,Default Workflow,Ideation,OneTrust Automation,2,2026-03-20T08:18:21.347+00:00,2026-03-20,2026,March,03,Quarter 1,2026-03-20T08:18:01.367+00:00,2026-03-20,2026,March,03,Quarter 1,False,0.00023124999746128365,131.13356225694494,Europe/Bucharest
models,52,032d5d18-a14b-4c91-aa33-366acc16db60,bcaa9d24-f5b0-4d1e-b55e-33053b6138d2,22d257f6-edd1-467a-a2a7-cfd58720f462,Workflow_8308963,Not Started,e8f95e3c-8416-4a8b-8469-8ef95e7626a3,6129d71c-87ff-4a50-a77e-6ac5ec4c17d6,Default Workflow,Ideation,OneTrust Automation,2,2026-03-20T06:18:21.347+00:00,2026-03-20,2026,March,03,Quarter 1,2026-03-20T06:18:01.367+00:00,2026-03-20,2026,March,03,Quarter 1,False,0.00023124999746128365,131.21689559027828,Etc/Zulu
models,52,032d5d18-a14b-4c91-aa33-366acc16db60,bcaa9d24-f5b0-4d1e-b55e-33053b6138d2,22d257f6-edd1-467a-a2a7-cfd58720f462,Workflow_8308963,Not Started,e8f95e3c-8416-4a8b-8469-8ef95e7626a3,6129d71c-87ff-4a50-a77e-6ac5ec4c17d6,Default Workflow,Ideation,OneTrust Automation,2,2026-03-20T08:18:21.347+00:00,2026-03-20,2026,March,03,Quarter 1,2026-03-20T08:18:01.367+00:00,2026-03-20,2026,March,03,Quarter 1,False,0.00023124999746128365,131.13356225694494,Africa/Juba
models,52,032d5d18-a14b-4c91-aa33-366acc16db60,bcaa9d24-f5b0-4d1e-b55e-33053b6138d2,22d257f6-edd1-467a-a2a7-cfd58720f462,Workflow_8308963,Not Started,e8f95e3c-8416-4a8b-8469-8ef95e7626a3,6129d71c-87ff-4a50-a77e-6ac5ec4c17d6,Default Workflow,Ideation,OneTrust Automation,2,2026-03-20T03:18:21.347+00:00,2026-03-20,2026,March,03,Quarter 1,2026-03-20T03:18:01.367+00:00,2026-03-20,2026,March,03,Quarter 1,False,0.00023124999746128365,131.34189559027828,Etc/GMT+3
models,52,032d5d18-a14b-4c91-aa33-366acc16db60,bcaa9d24-f5b0-4d1e-b55e-33053b6138d2,22d257f6-edd1-467a-a2a7-cfd58720f462,Workflow_8308963,Not Started,e8f95e3c-8416-4a8b-8469-8ef95e7626a3,6129d71c-87ff-4a50-a77e-6ac5ec4c17d6,Default Workflow,Ideation,OneTrust Automation,2,2026-03-20T00:18:21.347+00:00,2026-03-20,2026,March,03,Quarter 1,2026-03-20T00:18:01.367+00:00,2026-03-20,2026,March,03,Quarter 1,False,0.00023124999746128365,131.46689559027828,US/Mountain
models,52,032d5d18-a14b-4c91-aa33-366acc16db60,bcaa9d24-f5b0-4d1e-b55e-33053b6138d2,22d257f6-edd1-467a-a2a7-cfd58720f462,Workflow_8308963,Not Started,e8f95e3c-8416-4a8b-8469-8ef95e7626a3,6129d71c-87ff-4a50-a77e-6ac5ec4c17d6,Default Workflow,Ideation,OneTrust Automation,2,2026-03-20T08:18:21.347+00:00,2026-03-20,2026,March,03,Quarter 1,2026-03-20T08:18:01.367+00:00,2026-03-20,2026,March,03,Quarter 1,False,0.00023124999746128365,131.13356225694494,Europe/Uzhgorod
models,52,032d5d18-a14b-4c91-aa33-366acc16db60,bcaa9d24-f5b0-4d1e-b55e-33053b6138d2,22d257f6-edd1-467a-a2a7-cfd58720f462,Workflow_8308963,Not Started,e8f95e3c-8416-4a8b-8469-8ef95e7626a3,6129d71c-87ff-4a50-a77e-6ac5ec4c17d6,Default Workflow,Ideation,OneTrust Automation,2,2026-03-20T06:18:21.347+00:00,2026-03-20,2026,March,03,Quarter 1,2026-03-20T06:18:01.367+00:00,2026-03-20,2026,March,03,Quarter 1,False,0.00023124999746128365,131.21689559027828,Zulu
models,52,032d5d18-a14b-4c91-aa33-366acc16db60,bcaa9d24-f5b0-4d1e-b55e-33053b6138d2,22d257f6-edd1-467a-a2a7-cfd58720f462,Workflow_8308963,Not Started,e8f95e3c-8416-4a8b-8469-8ef95e7626a3,6129d71c-87ff-4a50-a77e-6ac5ec4c17d6,Default Workflow,Ideation,OneTrust Automation,2,2026-03-20T01:18:21.347+00:00,2026-03-20,2026,March,03,Quarter 1,2026-03-20T01:18:01.367+00:00,2026-03-20,2026,March,03,Quarter 1,False,0.00023124999746128365,131.42522892361163,America/Eirunepe
models,52,032d5d18-a14b-4c91-aa33-366acc16db60,bcaa9d24-f5b0-4d1e-b55e-33053b6138d2,22d257f6-edd1-467a-a2a7-cfd58720f462,Workflow_8308963,Not Started,e8f95e3c-8416-4a8b-8469-8ef95e7626a3,6129d71c-87ff-4a50-a77e-6ac5ec4c17d6,Default Workflow,Ideation,OneTrust Automation,2,2026-03-20T02:18:21.347+00:00,2026-03-20,2026,March,03,Quarter 1,2026-03-20T02:18:01.367+00:00,2026-03-20,2026,March,03,Quarter 1,False,0.00023124999746128365,131.38356225694494,America/Marigot
models,52,032d5d18-a14b-4c91-aa33-366acc16db60,bcaa9d24-f5b0-4d1e-b55e-33053b6138d2,22d257f6-edd1-467a-a2a7-cfd58720f462,Workflow_8308963,Not Started,e8f95e3c-8416-4a8b-8469-8ef95e7626a3,6129d71c-87ff-4a50-a77e-6ac5ec4c17d6,Default Workflow,Ideation,OneTrust Automation,2,2026-03-20T06:18:21.347+00:00,2026-03-20,2026,March,03,Quarter 1,2026-03-20T06:18:01.367+00:00,2026-03-20,2026,March,03,Quarter 1,False,0.00023124999746128365,131.21689559027828,Europe/Dublin
models,52,032d5d18-a14b-4c91-aa33-366acc16db60,bcaa9d24-f5b0-4d1e-b55e-33053b6138d2,22d257f6-edd1-467a-a2a7-cfd58720f462,Workflow_8308963,Not Started,e8f95e3c-8416-4a8b-8469-8ef95e7626a3,6129d71c-87ff-4a50-a77e-6ac5ec4c17d6,Default Workflow,Ideation,OneTrust Automation,2,2026-03-20T06:18:21.347+00:00,2026-03-20,2026,March,03,Quarter 1,2026-03-20T06:18:01.367+00:00,2026-03-20,2026,March,03,Quarter 1,False,0.00023124999746128365,131.21689559027828,Europe/Guernsey
models,52,032d5d18-a14b-4c91-aa33-366acc16db60,bcaa9d24-f5b0-4d1e-b55e-33053b6138d2,22d257f6-edd1-467a-a2a7-cfd58720f462,Workflow_8308963,Not Started,e8f95e3c-8416-4a8b-8469-8ef95e7626a3,6129d71c-87ff-4a50-a77e-6ac5ec4c17d6,Default Workflow,Ideation,OneTrust Automation,2,2026-03-20T09:18:21.347+00:00,2026-03-20,2026,March,03,Quarter 1,2026-03-20T09:18:01.367+00:00,2026-03-20,2026,March,03,Quarter 1,False,0.00023124999746128365,131.09189559027828,Africa/Dar_es_Salaam
models,52,032d5d18-a14b-4c91-aa33-366acc16db60,bcaa9d24-f5b0-4d1e-b55e-33053b6138d2,22d257f6-edd1-467a-a2a7-cfd58720f462,Workflow_8308963,Not Started,e8f95e3c-8416-4a8b-8469-8ef95e7626a3,6129d71c-87ff-4a50-a77e-6ac5ec4c17d6,Default Workflow,Ideation,OneTrust Automation,2,2026-03-20T00:18:21.347+00:00,2026-03-20,2026,March,03,Quarter 1,2026-03-20T00:18:01.367+00:00,2026-03-20,2026,March,03,Quarter 1,False,0.00023124999746128365,131.46689559027828,Etc/GMT+6
models,52,032d5d18-a14b-4c91-aa33-366acc16db60,bcaa9d24-f5b0-4d1e-b55e-33053b6138d2,22d257f6-edd1-467a-a2a7-cfd58720f462,Workflow_8308963,Not Started,e8f95e3c-8416-4a8b-8469-8ef95e7626a3,6129d71c-87ff-4a50-a77e-6ac5ec4c17d6,Default Workflow,Ideation,OneTrust Automation,2,2026-03-20T06:18:21.347+00:00,2026-03-20,2026,March,03,Quarter 1,2026-03-20T06:18:01.367+00:00,2026-03-20,2026,March,03,Quarter 1,False,0.00023124999746128365,131.21689559027828,America/Danmarkshavn
models,52,032d5d18-a14b-4c91-aa33-366acc16db60,bcaa9d24-f5b0-4d1e-b55e-33053b6138d2,22d257f6-edd1-467a-a2a7-cfd58720f462,Workflow_8308963,Not Started,e8f95e3c-8416-4a8b-8469-8ef95e7626a3,6129d71c-87ff-4a50-a77e-6ac5ec4c17d6,Default Workflow,Ideation,OneTrust Automation,2,2026-03-20T03:18:21.347+00:00,2026-03-20,2026,March,03,Quarter 1,2026-03-20T03:18:01.367+00:00,2026-03-20,2026,March,03,Quarter 1,False,0.00023124999746128365,131.34189559027828,America/Buenos_Aires
models,52,032d5d18-a14b-4c91-aa33-366acc16db60,bcaa9d24-f5b0-4d1e-b55e-33053b6138d2,22d257f6-edd1-467a-a2a7-cfd58720f462,Workflow_8308963,Not Started,e8f95e3c-8416-4a8b-8469-8ef95e7626a3,6129d71c-87ff-4a50-a77e-6ac5ec4c17d6,Default Workflow,Ideation,OneTrust Automation,2,2026-03-20T17:18:21.347+00:00,2026-03-20,2026,March,03,Quarter 1,2026-03-20T17:18:01.367+00:00,2026-03-20,2026,March,03,Quarter 1,False,0.00023124999746128365,130.75856225694494,Australia/Victoria
models,52,032d5d18-a14b-4c91-aa33-366acc16db60,bcaa9d24-f5b0-4d1e-b55e-33053b6138d2,22d257f6-edd1-467a-a2a7-cfd58720f462,Workflow_8308963,Not Started,e8f95e3c-8416-4a8b-8469-8ef95e7626a3,6129d71c-87ff-4a50-a77e-6ac5ec4c17d6,Default Workflow,Ideation,OneTrust Automation,2,2026-03-20T04:18:21.347+00:00,2026-03-20,2026,March,03,Quarter 1,2026-03-20T04:18:01.367+00:00,2026-03-20,2026,March,03,Quarter 1,False,0.00023124999746128365,131.30022892361163,Etc/GMT+2
models,52,032d5d18-a14b-4c91-aa33-366acc16db60,bcaa9d24-f5b0-4d1e-b55e-33053b6138d2,22d257f6-edd1-467a-a2a7-cfd58720f462,Workflow_8308963,Not Started,e8f95e3c-8416-4a8b-8469-8ef95e7626a3,6129d71c-87ff-4a50-a77e-6ac5ec4c17d6,Default Workflow,Ideation,OneTrust Automation,2,2026-03-20T00:18:21.347+00:00,2026-03-20,2026,March,03,Quarter 1,2026-03-20T00:18:01.367+00:00,2026-03-20,2026,March,03,Quarter 1,False,0.00023124999746128365,131.46689559027828,America/Belize
models,52,032d5d18-a14b-4c91-aa33-366acc16db60,bcaa9d24-f5b0-4d1e-b55e-33053b6138d2,22d257f6-edd1-467a-a2a7-cfd58720f462,Workflow_8308963,Not Started,e8f95e3c-8416-4a8b-8469-8ef95e7626a3,6129d71c-87ff-4a50-a77e-6ac5ec4c17d6,Default Workflow,Ideation,OneTrust Automation,2,2026-03-20T03:18:21.347+00:00,2026-03-20,2026,March,03,Quarter 1,2026-03-20T03:18:01.367+00:00,2026-03-20,2026,March,03,Quarter 1,False,0.00023124999746128365,131.34189559027828,America/Fortaleza
models,52,032d5d18-a14b-4c91-aa33-366acc16db60,bcaa9d24-f5b0-4d1e-b55e-33053b6138d2,22d257f6-edd1-467a-a2a7-cfd58720f462,Workflow_8308963,Not Started,e8f95e3c-8416-4a8b-8469-8ef95e7626a3,6129d71c-87ff-4a50-a77e-6ac5ec4c17d6,Default Workflow,Ideation,OneTrust Automation,2,2026-03-20T04:18:21.347+00:00,2026-03-20,2026,March,03,Quarter 1,2026-03-20T04:18:01.367+00:00,2026-03-20,2026,March,03,Quarter 1,False,0.00023124999746128365,131.30022892361163,Brazil/DeNoronha
models,52,032d5d18-a14b-4c91-aa33-366acc16db60,bcaa9d24-f5b0-4d1e-b55e-33053b6138d2,22d257f6-edd1-467a-a2a7-cfd58720f462,Workflow_8308963,Not Started,e8f95e3c-8416-4a8b-8469-8ef95e7626a3,6129d71c-87ff-4a50-a77e-6ac5ec4c17d6,Default Workflow,Ideation,OneTrust Automation,2,2026-03-20T09:18:21.347+00:00,2026-03-20,2026,March,03,Quarter 1,2026-03-20T09:18:01.367+00:00,2026-03-20,2026,March,03,Quarter 1,False,0.00023124999746128365,131.09189559027828,Asia/Kuwait
models,52,032d5d18-a14b-4c91-aa33-366acc16db60,bcaa9d24-f5b0-4d1e-b55e-33053b6138d2,22d257f6-edd1-467a-a2a7-cfd58720f462,Workflow_8308963,Not Started,e8f95e3c-8416-4a8b-8469-8ef95e7626a3,6129d71c-87ff-4a50-a77e-6ac5ec4c17d6,Default Workflow,Ideation,OneTrust Automation,2,2026-03-20T17:18:21.347+00:00,2026-03-20,2026,March,03,Quarter 1,2026-03-20T17:18:01.367+00:00,2026-03-20,2026,March,03,Quarter 1,False,0.00023124999746128365,130.75856225694494,Asia/Magadan
models,52,032d5d18-a14b-4c91-aa33-366acc16db60,bcaa9d24-f5b0-4d1e-b55e-33053b6138d2,22d257f6-edd1-467a-a2a7-cfd58720f462,Workflow_8308963,Not Started,e8f95e3c-8416-4a8b-8469-8ef95e7626a3,6129d71c-87ff-4a50-a77e-6ac5ec4c17d6,Default Workflow,Ideation,OneTrust Automation,2,2026-03-20T06:18:21.347+00:00,2026-03-20,2026,March,03,Quarter 1,2026-03-20T06:18:01.367+00:00,2026-03-20,2026,March,03,Quarter 1,False,0.00023124999746128365,131.21689559027828,Africa/Dakar
models,52,032d5d18-a14b-4c91-aa33-366acc16db60,bcaa9d24-f5b0-4d1e-b55e-33053b6138d2,22d257f6-edd1-467a-a2a7-cfd58720f462,Workflow_8308963,Not Started,e8f95e3c-8416-4a8b-8469-8ef95e7626a3,6129d71c-87ff-4a50-a77e-6ac5ec4c17d6,Default Workflow,Ideation,OneTrust Automation,2,2026-03-20T01:18:21.347+00:00,2026-03-20,2026,March,03,Quarter 1,2026-03-20T01:18:01.367+00:00,2026-03-20,2026,March,03,Quarter 1,False,0.00023124999746128365,131.42522892361163,America/Cancun
models,52,032d5d18-a14b-4c91-aa33-366acc16db60,bcaa9d24-f5b0-4d1e-b55e-33053b6138d2,22d257f6-edd1-467a-a2a7-cfd58720f462,Workflow_8308963,Not Started,e8f95e3c-8416-4a8b-8469-8ef95e7626a3,6129d71c-87ff-4a50-a77e-6ac5ec4c17d6,Default Workflow,Ideation,OneTrust Automation,2,2026-03-20T13:18:21.347+00:00,2026-03-20,2026,March,03,Quarter 1,2026-03-20T13:18:01.367+00:00,2026-03-20,2026,March,03,Quarter 1,False,0.00023124999746128365,130.92522892361163,Asia/Krasnoyarsk
models,52,032d5d18-a14b-4c91-aa33-366acc16db60,bcaa9d24-f5b0-4d1e-b55e-33053b6138d2,22d257f6-edd1-467a-a2a7-cfd58720f462,Workflow_8308963,Not Started,e8f95e3c-8416-4a8b-8469-8ef95e7626a3,6129d71c-87ff-4a50-a77e-6ac5ec4c17d6,Default Workflow,Ideation,OneTrust Automation,2,2026-03-19T18:18:21.347+00:00,2026-03-19,2026,March,03,Quarter 1,2026-03-19T18:18:01.367+00:00,2026-03-19,2026,March,03,Quarter 1,False,0.00023124999746128365,131.71689559027828,Etc/GMT+12
models,52,032d5d18-a14b-4c91-aa33-366acc16db60,bcaa9d24-f5b0-4d1e-b55e-33053b6138d2,22d257f6-edd1-467a-a2a7-cfd58720f462,Workflow_8308963,Not Started,e8f95e3c-8416-4a8b-8469-8ef95e7626a3,6129d71c-87ff-4a50-a77e-6ac5ec4c17d6,Default Workflow,Ideation,OneTrust Automation,2,2026-03-20T16:18:21.347+00:00,2026-03-20,2026,March,03,Quarter 1,2026-03-20T16:18:01.367+00:00,2026-03-20,2026,March,03,Quarter 1,False,0.00023124999746128365,130.80022892361163,Pacific/Guam
models,52,032d5d18-a14b-4c91-aa33-366acc16db60,bcaa9d24-f5b0-4d1e-b55e-33053b6138d2,22d257f6-edd1-467a-a2a7-cfd58720f462,Workflow_8308963,Not Started,e8f95e3c-8416-4a8b-8469-8ef95e7626a3,6129d71c-87ff-4a50-a77e-6ac5ec4c17d6,Default Workflow,Ideation,OneTrust Automation,2,2026-03-20T09:18:21.347+00:00,2026-03-20,2026,March,03,Quarter 1,2026-03-20T09:18:01.367+00:00,2026-03-20,2026,March,03,Quarter 1,False,0.00023124999746128365,131.09189559027828,Etc/GMT-3
models,52,032d5d18-a14b-4c91-aa33-366acc16db60,bcaa9d24-f5b0-4d1e-b55e-33053b6138d2,22d257f6-edd1-467a-a2a7-cfd58720f462,Workflow_8308963,Not Started,e8f95e3c-8416-4a8b-8469-8ef95e7626a3,6129d71c-87ff-4a50-a77e-6ac5ec4c17d6,Default Workflow,Ideation,OneTrust Automation,2,2026-03-20T08:18:21.347+00:00,2026-03-20,2026,March,03,Quarter 1,2026-03-20T08:18:01.367+00:00,2026-03-20,2026,March,03,Quarter 1,False,0.00023124999746128365,131.13356225694494,Libya
models,52,032d5d18-a14b-4c91-aa33-366acc16db60,bcaa9d24-f5b0-4d1e-b55e-33053b6138d2,22d257f6-edd1-467a-a2a7-cfd58720f462,Workflow_8308963,Not Started,e8f95e3c-8416-4a8b-8469-8ef95e7626a3,6129d71c-87ff-4a50-a77e-6ac5ec4c17d6,Default Workflow,Ideation,OneTrust Automation,2,2026-03-20T09:18:21.347+00:00,2026-03-20,2026,March,03,Quarter 1,2026-03-20T09:18:01.367+00:00,2026-03-20,2026,March,03,Quarter 1,False,0.00023124999746128365,131.09189559027828,Asia/Qatar
models,52,032d5d18-a14b-4c91-aa33-366acc16db60,bcaa9d24-f5b0-4d1e-b55e-33053b6138d2,22d257f6-edd1-467a-a2a7-cfd58720f462,Workflow_8308963,Not Started,e8f95e3c-8416-4a8b-8469-8ef95e7626a3,6129d71c-87ff-4a50-a77e-6ac5ec4c17d6,Default Workflow,Ideation,OneTrust Automation,2,2026-03-20T02:18:21.347+00:00,2026-03-20,2026,March,03,Quarter 1,2026-03-20T02:18:01.367+00:00,2026-03-20,2026,March,03,Quarter 1,False,0.00023124999746128365,131.38356225694494,US/East-Indiana
models,52,032d5d18-a14b-4c91-aa33-366acc16db60,bcaa9d24-f5b0-4d1e-b55e-33053b6138d2,22d257f6-edd1-467a-a2a7-cfd58720f462,Workflow_8308963,Not Started,e8f95e3c-8416-4a8b-8469-8ef95e7626a3,6129d71c-87ff-4a50-a77e-6ac5ec4c17d6,Default Workflow,Ideation,OneTrust Automation,2,2026-03-20T11:18:21.347+00:00,2026-03-20,2026,March,03,Quarter 1,2026-03-20T11:18:01.367+00:00,2026-03-20,2026,March,03,Quarter 1,False,0.00023124999746128365,131.00856225694494,Asia/Ashkhabad
models,52,032d5d18-a14b-4c91-aa33-366acc16db60,bcaa9d24-f5b0-4d1e-b55e-33053b6138d2,22d257f6-edd1-467a-a2a7-cfd58720f462,Workflow_8308963,Not Started,e8f95e3c-8416-4a8b-8469-8ef95e7626a3,6129d71c-87ff-4a50-a77e-6ac5ec4c17d6,Default Workflow,Ideation,OneTrust Automation,2,2026-03-20T00:18:21.347+00:00,2026-03-20,2026,March,03,Quarter 1,2026-03-20T00:18:01.367+00:00,2026-03-20,2026,March,03,Quarter 1,False,0.00023124999746128365,131.46689559027828,America/Denver
models,52,032d5d18-a14b-4c91-aa33-366acc16db60,bcaa9d24-f5b0-4d1e-b55e-33053b6138d2,22d257f6-edd1-467a-a2a7-cfd58720f462,Workflow_8308963,Not Started,e8f95e3c-8416-4a8b-8469-8ef95e7626a3,6129d71c-87ff-4a50-a77e-6ac5ec4c17d6,Default Workflow,Ideation,OneTrust Automation,2,2026-03-20T06:18:21.347+00:00,2026-03-20,2026,March,03,Quarter 1,2026-03-20T06:18:01.367+00:00,2026-03-20,2026,March,03,Quarter 1,False,0.00023124999746128365,131.21689559027828,Etc/GMT0
models,52,032d5d18-a14b-4c91-aa33-366acc16db60,bcaa9d24-f5b0-4d1e-b55e-33053b6138d2,22d257f6-edd1-467a-a2a7-cfd58720f462,Workflow_8308963,Not Started,e8f95e3c-8416-4a8b-8469-8ef95e7626a3,6129d71c-87ff-4a50-a77e-6ac5ec4c17d6,Default Workflow,Ideation,OneTrust Automation,2,2026-03-20T03:18:21.347+00:00,2026-03-20,2026,March,03,Quarter 1,2026-03-20T03:18:01.367+00:00,2026-03-20,2026,March,03,Quarter 1,False,0.00023124999746128365,131.34189559027828,Brazil/East
models,52,032d5d18-a14b-4c91-aa33-366acc16db60,bcaa9d24-f5b0-4d1e-b55e-33053b6138d2,22d257f6-edd1-467a-a2a7-cfd58720f462,Workflow_8308963,Not Started,e8f95e3c-8416-4a8b-8469-8ef95e7626a3,6129d71c-87ff-4a50-a77e-6ac5ec4c17d6,Default Workflow,Ideation,OneTrust Automation,2,2026-03-20T09:18:21.347+00:00,2026-03-20,2026,March,03,Quarter 1,2026-03-20T09:18:01.367+00:00,2026-03-20,2026,March,03,Quarter 1,False,0.00023124999746128365,131.09189559027828,Africa/Mogadishu
models,52,032d5d18-a14b-4c91-aa33-366acc16db60,bcaa9d24-f5b0-4d1e-b55e-33053b6138d2,22d257f6-edd1-467a-a2a7-cfd58720f462,Workflow_8308963,Not Started,e8f95e3c-8416-4a8b-8469-8ef95e7626a3,6129d71c-87ff-4a50-a77e-6ac5ec4c17d6,Default Workflow,Ideation,OneTrust Automation,2,2026-03-20T07:18:21.347+00:00,2026-03-20,2026,March,03,Quarter 1,2026-03-20T07:18:01.367+00:00,2026-03-20,2026,March,03,Quarter 1,False,0.00023124999746128365,131.17522892361163,Europe/Oslo
models,52,032d5d18-a14b-4c91-aa33-366acc16db60,bcaa9d24-f5b0-4d1e-b55e-33053b6138d2,22d257f6-edd1-467a-a2a7-cfd58720f462,Workflow_8308963,Not Started,e8f95e3c-8416-4a8b-8469-8ef95e7626a3,6129d71c-87ff-4a50-a77e-6ac5ec4c17d6,Default Workflow,Ideation,OneTrust Automation,2,2026-03-20T11:18:21.347+00:00,2026-03-20,2026,March,03,Quarter 1,2026-03-20T11:18:01.367+00:00,2026-03-20,2026,March,03,Quarter 1,False,0.00023124999746128365,131.00856225694494,Antarctica/Mawson
models,52,032d5d18-a14b-4c91-aa33-366acc16db60,bcaa9d24-f5b0-4d1e-b55e-33053b6138d2,22d257f6-edd1-467a-a2a7-cfd58720f462,Workflow_8308963,Not Started,e8f95e3c-8416-4a8b-8469-8ef95e7626a3,6129d71c-87ff-4a50-a77e-6ac5ec4c17d6,Default Workflow,Ideation,OneTrust Automation,2,2026-03-20T06:18:21.347+00:00,2026-03-20,2026,March,03,Quarter 1,2026-03-20T06:18:01.367+00:00,2026-03-20,2026,March,03,Quarter 1,False,0.00023124999746128365,131.21689559027828,Africa/Abidjan
models,52,032d5d18-a14b-4c91-aa33-366acc16db60,bcaa9d24-f5b0-4d1e-b55e-33053b6138d2,22d257f6-edd1-467a-a2a7-cfd58720f462,Workflow_8308963,Not Started,e8f95e3c-8416-4a8b-8469-8ef95e7626a3,6129d71c-87ff-4a50-a77e-6ac5ec4c17d6,Default Workflow,Ideation,OneTrust Automation,2,2026-03-20T14:18:21.347+00:00,2026-03-20,2026,March,03,Quarter 1,2026-03-20T14:18:01.367+00:00,2026-03-20,2026,March,03,Quarter 1,False,0.00023124999746128365,130.88356225694494,Singapore
models,52,032d5d18-a14b-4c91-aa33-366acc16db60,bcaa9d24-f5b0-4d1e-b55e-33053b6138d2,22d257f6-edd1-467a-a2a7-cfd58720f462,Workflow_8308963,Not Started,e8f95e3c-8416-4a8b-8469-8ef95e7626a3,6129d71c-87ff-4a50-a77e-6ac5ec4c17d6,Default Workflow,Ideation,OneTrust Automation,2,2026-03-20T06:18:21.347+00:00,2026-03-20,2026,March,03,Quarter 1,2026-03-20T06:18:01.367+00:00,2026-03-20,2026,March,03,Quarter 1,False,0.00023124999746128365,131.21689559027828,Europe/Lisbon
models,52,032d5d18-a14b-4c91-aa33-366acc16db60,bcaa9d24-f5b0-4d1e-b55e-33053b6138d2,22d257f6-edd1-467a-a2a7-cfd58720f462,Workflow_8308963,Not Started,e8f95e3c-8416-4a8b-8469-8ef95e7626a3,6129d71c-87ff-4a50-a77e-6ac5ec4c17d6,Default Workflow,Ideation,OneTrust Automation,2,2026-03-20T06:18:21.347+00:00,2026-03-20,2026,March,03,Quarter 1,2026-03-20T06:18:01.367+00:00,2026-03-20,2026,March,03,Quarter 1,False,0.00023124999746128365,131.21689559027828,Etc/Greenwich
models,52,032d5d18-a14b-4c91-aa33-366acc16db60,bcaa9d24-f5b0-4d1e-b55e-33053b6138d2,22d257f6-edd1-467a-a2a7-cfd58720f462,Workflow_8308963,Not Started,e8f95e3c-8416-4a8b-8469-8ef95e7626a3,6129d71c-87ff-4a50-a77e-6ac5ec4c17d6,Default Workflow,Ideation,OneTrust Automation,2,2026-03-20T08:18:21.347+00:00,2026-03-20,2026,March,03,Quarter 1,2026-03-20T08:18:01.367+00:00,2026-03-20,2026,March,03,Quarter 1,False,0.00023124999746128365,131.13356225694494,Africa/Gaborone
models,52,032d5d18-a14b-4c91-aa33-366acc16db60,bcaa9d24-f5b0-4d1e-b55e-33053b6138d2,22d257f6-edd1-467a-a2a7-cfd58720f462,Workflow_8308963,Not Started,e8f95e3c-8416-4a8b-8469-8ef95e7626a3,6129d71c-87ff-4a50-a77e-6ac5ec4c17d6,Default Workflow,Ideation,OneTrust Automation,2,2026-03-20T06:18:21.347+00:00,2026-03-20,2026,March,03,Quarter 1,2026-03-20T06:18:01.367+00:00,2026-03-20,2026,March,03,Quarter 1,False,0.00023124999746128365,131.21689559027828,GB
models,52,032d5d18-a14b-4c91-aa33-366acc16db60,bcaa9d24-f5b0-4d1e-b55e-33053b6138d2,22d257f6-edd1-467a-a2a7-cfd58720f462,Workflow_8308963,Not Started,e8f95e3c-8416-4a8b-8469-8ef95e7626a3,6129d71c-87ff-4a50-a77e-6ac5ec4c17d6,Default Workflow,Ideation,OneTrust Automation,2,2026-03-20T14:18:21.347+00:00,2026-03-20,2026,March,03,Quarter 1,2026-03-20T14:18:01.367+00:00,2026-03-20,2026,March,03,Quarter 1,False,0.00023124999746128365,130.88356225694494,Antarctica/Casey
models,52,032d5d18-a14b-4c91-aa33-366acc16db60,bcaa9d24-f5b0-4d1e-b55e-33053b6138d2,22d257f6-edd1-467a-a2a7-cfd58720f462,Workflow_8308963,Not Started,e8f95e3c-8416-4a8b-8469-8ef95e7626a3,6129d71c-87ff-4a50-a77e-6ac5ec4c17d6,Default Workflow,Ideation,OneTrust Automation,2,2026-03-20T14:18:21.347+00:00,2026-03-20,2026,March,03,Quarter 1,2026-03-20T14:18:01.367+00:00,2026-03-20,2026,March,03,Quarter 1,False,0.00023124999746128365,130.88356225694494,Asia/Choibalsan
models,52,032d5d18-a14b-4c91-aa33-366acc16db60,bcaa9d24-f5b0-4d1e-b55e-33053b6138d2,22d257f6-edd1-467a-a2a7-cfd58720f462,Workflow_8308963,Not Started,e8f95e3c-8416-4a8b-8469-8ef95e7626a3,6129d71c-87ff-4a50-a77e-6ac5ec4c17d6,Default Workflow,Ideation,OneTrust Automation,2,2026-03-20T01:18:21.347+00:00,2026-03-20,2026,March,03,Quarter 1,2026-03-20T01:18:01.367+00:00,2026-03-20,2026,March,03,Quarter 1,False,0.00023124999746128365,131.42522892361163,Pacific/Easter
models,52,032d5d18-a14b-4c91-aa33-366acc16db60,bcaa9d24-f5b0-4d1e-b55e-33053b6138d2,22d257f6-edd1-467a-a2a7-cfd58720f462,Workflow_8308963,Not Started,e8f95e3c-8416-4a8b-8469-8ef95e7626a3,6129d71c-87ff-4a50-a77e-6ac5ec4c17d6,Default Workflow,Ideation,OneTrust Automation,2,2026-03-20T06:18:21.347+00:00,2026-03-20,2026,March,03,Quarter 1,2026-03-20T06:18:01.367+00:00,2026-03-20,2026,March,03,Quarter 1,False,0.00023124999746128365,131.21689559027828,Africa/Bissau
models,52,032d5d18-a14b-4c91-aa33-366acc16db60,bcaa9d24-f5b0-4d1e-b55e-33053b6138d2,22d257f6-edd1-467a-a2a7-cfd58720f462,Workflow_8308963,Not Started,e8f95e3c-8416-4a8b-8469-8ef95e7626a3,6129d71c-87ff-4a50-a77e-6ac5ec4c17d6,Default Workflow,Ideation,OneTrust Automation,2,2026-03-20T03:18:21.347+00:00,2026-03-20,2026,March,03,Quarter 1,2026-03-20T03:18:01.367+00:00,2026-03-20,2026,March,03,Quarter 1,False,0.00023124999746128365,131.34189559027828,Antarctica/Palmer
models,52,032d5d18-a14b-4c91-aa33-366acc16db60,bcaa9d24-f5b0-4d1e-b55e-33053b6138d2,22d257f6-edd1-467a-a2a7-cfd58720f462,Workflow_8308963,Not Started,e8f95e3c-8416-4a8b-8469-8ef95e7626a3,6129d71c-87ff-4a50-a77e-6ac5ec4c17d6,Default Workflow,Ideation,OneTrust Automation,2,2026-03-20T14:18:21.347+00:00,2026-03-20,2026,March,03,Quarter 1,2026-03-20T14:18:01.367+00:00,2026-03-20,2026,March,03,Quarter 1,False,0.00023124999746128365,130.88356225694494,Asia/Ujung_Pandang
models,52,032d5d18-a14b-4c91-aa33-366acc16db60,bcaa9d24-f5b0-4d1e-b55e-33053b6138d2,22d257f6-edd1-467a-a2a7-cfd58720f462,Workflow_8308963,Not Started,e8f95e3c-8416-4a8b-8469-8ef95e7626a3,6129d71c-87ff-4a50-a77e-6ac5ec4c17d6,Default Workflow,Ideation,OneTrust Automation,2,2026-03-20T16:18:21.347+00:00,2026-03-20,2026,March,03,Quarter 1,2026-03-20T16:18:01.367+00:00,2026-03-20,2026,March,03,Quarter 1,False,0.00023124999746128365,130.80022892361163,Australia/Brisbane
models,52,032d5d18-a14b-4c91-aa33-366acc16db60,bcaa9d24-f5b0-4d1e-b55e-33053b6138d2,22d257f6-edd1-467a-a2a7-cfd58720f462,Workflow_8308963,Not Started,e8f95e3c-8416-4a8b-8469-8ef95e7626a3,6129d71c-87ff-4a50-a77e-6ac5ec4c17d6,Default Workflow,Ideation,OneTrust Automation,2,2026-03-20T14:18:21.347+00:00,2026-03-20,2026,March,03,Quarter 1,2026-03-20T14:18:01.367+00:00,2026-03-20,2026,March,03,Quarter 1,False,0.00023124999746128365,130.88356225694494,Asia/Manila
models,52,032d5d18-a14b-4c91-aa33-366acc16db60,bcaa9d24-f5b0-4d1e-b55e-33053b6138d2,22d257f6-edd1-467a-a2a7-cfd58720f462,Workflow_8308963,Not Started,e8f95e3c-8416-4a8b-8469-8ef95e7626a3,6129d71c-87ff-4a50-a77e-6ac5ec4c17d6,Default Workflow,Ideation,OneTrust Automation,2,2026-03-20T07:18:21.347+00:00,2026-03-20,2026,March,03,Quarter 1,2026-03-20T07:18:01.367+00:00,2026-03-20,2026,March,03,Quarter 1,False,0.00023124999746128365,131.17522892361163,Europe/Gibraltar
models,52,032d5d18-a14b-4c91-aa33-366acc16db60,bcaa9d24-f5b0-4d1e-b55e-33053b6138d2,22d257f6-edd1-467a-a2a7-cfd58720f462,Workflow_8308963,Not Started,e8f95e3c-8416-4a8b-8469-8ef95e7626a3,6129d71c-87ff-4a50-a77e-6ac5ec4c17d6,Default Workflow,Ideation,OneTrust Automation,2,2026-03-20T02:18:21.347+00:00,2026-03-20,2026,March,03,Quarter 1,2026-03-20T02:18:01.367+00:00,2026-03-20,2026,March,03,Quarter 1,False,0.00023124999746128365,131.38356225694494,America/Guadeloupe
models,52,032d5d18-a14b-4c91-aa33-366acc16db60,bcaa9d24-f5b0-4d1e-b55e-33053b6138d2,22d257f6-edd1-467a-a2a7-cfd58720f462,Workflow_8308963,Not Started,e8f95e3c-8416-4a8b-8469-8ef95e7626a3,6129d71c-87ff-4a50-a77e-6ac5ec4c17d6,Default Workflow,Ideation,OneTrust Automation,2,2026-03-20T06:18:21.347+00:00,2026-03-20,2026,March,03,Quarter 1,2026-03-20T06:18:01.367+00:00,2026-03-20,2026,March,03,Quarter 1,False,0.00023124999746128365,131.21689559027828,Etc/GMT+0
models,52,032d5d18-a14b-4c91-aa33-366acc16db60,bcaa9d24-f5b0-4d1e-b55e-33053b6138d2,22d257f6-edd1-467a-a2a7-cfd58720f462,Workflow_8308963,Not Started,e8f95e3c-8416-4a8b-8469-8ef95e7626a3,6129d71c-87ff-4a50-a77e-6ac5ec4c17d6,Default Workflow,Ideation,OneTrust Automation,2,2026-03-20T02:18:21.347+00:00,2026-03-20,2026,March,03,Quarter 1,2026-03-20T02:18:01.367+00:00,2026-03-20,2026,March,03,Quarter 1,False,0.00023124999746128365,131.38356225694494,America/Indianapolis
models,52,032d5d18-a14b-4c91-aa33-366acc16db60,bcaa9d24-f5b0-4d1e-b55e-33053b6138d2,22d257f6-edd1-467a-a2a7-cfd58720f462,Workflow_8308963,Not Started,e8f95e3c-8416-4a8b-8469-8ef95e7626a3,6129d71c-87ff-4a50-a77e-6ac5ec4c17d6,Default Workflow,Ideation,OneTrust Automation,2,2026-03-20T01:18:21.347+00:00,2026-03-20,2026,March,03,Quarter 1,2026-03-20T01:18:01.367+00:00,2026-03-20,2026,March,03,Quarter 1,False,0.00023124999746128365,131.42522892361163,US/Central
models,52,032d5d18-a14b-4c91-aa33-366acc16db60,bcaa9d24-f5b0-4d1e-b55e-33053b6138d2,22d257f6-edd1-467a-a2a7-cfd58720f462,Workflow_8308963,Not Started,e8f95e3c-8416-4a8b-8469-8ef95e7626a3,6129d71c-87ff-4a50-a77e-6ac5ec4c17d6,Default Workflow,Ideation,OneTrust Automation,2,2026-03-20T10:18:21.347+00:00,2026-03-20,2026,March,03,Quarter 1,2026-03-20T10:18:01.367+00:00,2026-03-20,2026,March,03,Quarter 1,False,0.00023124999746128365,131.05022892361163,Asia/Dubai
models,52,032d5d18-a14b-4c91-aa33-366acc16db60,bcaa9d24-f5b0-4d1e-b55e-33053b6138d2,22d257f6-edd1-467a-a2a7-cfd58720f462,Workflow_8308963,Not Started,e8f95e3c-8416-4a8b-8469-8ef95e7626a3,6129d71c-87ff-4a50-a77e-6ac5ec4c17d6,Default Workflow,Ideation,OneTrust Automation,2,2026-03-20T09:18:21.347+00:00,2026-03-20,2026,March,03,Quarter 1,2026-03-20T09:18:01.367+00:00,2026-03-20,2026,March,03,Quarter 1,False,0.00023124999746128365,131.09189559027828,Europe/Minsk
models,52,032d5d18-a14b-4c91-aa33-366acc16db60,bcaa9d24-f5b0-4d1e-b55e-33053b6138d2,22d257f6-edd1-467a-a2a7-cfd58720f462,Workflow_8308963,Not Started,e8f95e3c-8416-4a8b-8469-8ef95e7626a3,6129d71c-87ff-4a50-a77e-6ac5ec4c17d6,Default Workflow,Ideation,OneTrust Automation,2,2026-03-20T15:18:21.347+00:00,2026-03-20,2026,March,03,Quarter 1,2026-03-20T15:18:01.367+00:00,2026-03-20,2026,March,03,Quarter 1,False,0.00023124999746128365,130.84189559027828,Asia/Dili
models,52,032d5d18-a14b-4c91-aa33-366acc16db60,bcaa9d24-f5b0-4d1e-b55e-33053b6138d2,22d257f6-edd1-467a-a2a7-cfd58720f462,Workflow_8308963,Not Started,e8f95e3c-8416-4a8b-8469-8ef95e7626a3,6129d71c-87ff-4a50-a77e-6ac5ec4c17d6,Default Workflow,Ideation,OneTrust Automation,2,2026-03-20T14:18:21.347+00:00,2026-03-20,2026,March,03,Quarter 1,2026-03-20T14:18:01.367+00:00,2026-03-20,2026,March,03,Quarter 1,False,0.00023124999746128365,130.88356225694494,Asia/Ulan_Bator
models,52,032d5d18-a14b-4c91-aa33-366acc16db60,bcaa9d24-f5b0-4d1e-b55e-33053b6138d2,22d257f6-edd1-467a-a2a7-cfd58720f462,Workflow_8308963,Not Started,e8f95e3c-8416-4a8b-8469-8ef95e7626a3,6129d71c-87ff-4a50-a77e-6ac5ec4c17d6,Default Workflow,Ideation,OneTrust Automation,2,2026-03-20T02:18:21.347+00:00,2026-03-20,2026,March,03,Quarter 1,2026-03-20T02:18:01.367+00:00,2026-03-20,2026,March,03,Quarter 1,False,0.00023124999746128365,131.38356225694494,EST5EDT
models,52,032d5d18-a14b-4c91-aa33-366acc16db60,bcaa9d24-f5b0-4d1e-b55e-33053b6138d2,22d257f6-edd1-467a-a2a7-cfd58720f462,Workflow_8308963,Not Started,e8f95e3c-8416-4a8b-8469-8ef95e7626a3,6129d71c-87ff-4a50-a77e-6ac5ec4c17d6,Default Workflow,Ideation,OneTrust Automation,2,2026-03-20T12:18:21.347+00:00,2026-03-20,2026,March,03,Quarter 1,2026-03-20T12:18:01.367+00:00,2026-03-20,2026,March,03,Quarter 1,False,0.00023124999746128365,130.96689559027828,Asia/Dhaka
models,52,032d5d18-a14b-4c91-aa33-366acc16db60,bcaa9d24-f5b0-4d1e-b55e-33053b6138d2,22d257f6-edd1-467a-a2a7-cfd58720f462,Workflow_8308963,Not Started,e8f95e3c-8416-4a8b-8469-8ef95e7626a3,6129d71c-87ff-4a50-a77e-6ac5ec4c17d6,Default Workflow,Ideation,OneTrust Automation,2,2026-03-20T12:18:21.347+00:00,2026-03-20,2026,March,03,Quarter 1,2026-03-20T12:18:01.367+00:00,2026-03-20,2026,March,03,Quarter 1,False,0.00023124999746128365,130.96689559027828,Asia/Thimphu
models,52,032d5d18-a14b-4c91-aa33-366acc16db60,bcaa9d24-f5b0-4d1e-b55e-33053b6138d2,22d257f6-edd1-467a-a2a7-cfd58720f462,Workflow_8308963,Not Started,e8f95e3c-8416-4a8b-8469-8ef95e7626a3,6129d71c-87ff-4a50-a77e-6ac5ec4c17d6,Default Workflow,Ideation,OneTrust Automation,2,2026-03-20T07:18:21.347+00:00,2026-03-20,2026,March,03,Quarter 1,2026-03-20T07:18:01.367+00:00,2026-03-20,2026,March,03,Quarter 1,False,0.00023124999746128365,131.17522892361163,Africa/Brazzaville
models,52,032d5d18-a14b-4c91-aa33-366acc16db60,bcaa9d24-f5b0-4d1e-b55e-33053b6138d2,22d257f6-edd1-467a-a2a7-cfd58720f462,Workflow_8308963,Not Started,e8f95e3c-8416-4a8b-8469-8ef95e7626a3,6129d71c-87ff-4a50-a77e-6ac5ec4c17d6,Default Workflow,Ideation,OneTrust Automation,2,2026-03-20T03:18:21.347+00:00,2026-03-20,2026,March,03,Quarter 1,2026-03-20T03:18:01.367+00:00,2026-03-20,2026,March,03,Quarter 1,False,0.00023124999746128365,131.34189559027828,America/Santarem
models,52,032d5d18-a14b-4c91-aa33-366acc16db60,bcaa9d24-f5b0-4d1e-b55e-33053b6138d2,22d257f6-edd1-467a-a2a7-cfd58720f462,Workflow_8308963,Not Started,e8f95e3c-8416-4a8b-8469-8ef95e7626a3,6129d71c-87ff-4a50-a77e-6ac5ec4c17d6,Default Workflow,Ideation,OneTrust Automation,2,2026-03-20T08:18:21.347+00:00,2026-03-20,2026,March,03,Quarter 1,2026-03-20T08:18:01.367+00:00,2026-03-20,2026,March,03,Quarter 1,False,0.00023124999746128365,131.13356225694494,Africa/Harare
models,52,032d5d18-a14b-4c91-aa33-366acc16db60,bcaa9d24-f5b0-4d1e-b55e-33053b6138d2,22d257f6-edd1-467a-a2a7-cfd58720f462,Workflow_8308963,Not Started,e8f95e3c-8416-4a8b-8469-8ef95e7626a3,6129d71c-87ff-4a50-a77e-6ac5ec4c17d6,Default Workflow,Ideation,OneTrust Automation,2,2026-03-20T06:18:21.347+00:00,2026-03-20,2026,March,03,Quarter 1,2026-03-20T06:18:01.367+00:00,2026-03-20,2026,March,03,Quarter 1,False,0.00023124999746128365,131.21689559027828,Africa/Lome
models,52,032d5d18-a14b-4c91-aa33-366acc16db60,bcaa9d24-f5b0-4d1e-b55e-33053b6138d2,22d257f6-edd1-467a-a2a7-cfd58720f462,Workflow_8308963,Not Started,e8f95e3c-8416-4a8b-8469-8ef95e7626a3,6129d71c-87ff-4a50-a77e-6ac5ec4c17d6,Default Workflow,Ideation,OneTrust Automation,2,2026-03-20T03:18:21.347+00:00,2026-03-20,2026,March,03,Quarter 1,2026-03-20T03:18:01.367+00:00,2026-03-20,2026,March,03,Quarter 1,False,0.00023124999746128365,131.34189559027828,America/Asuncion
models,52,032d5d18-a14b-4c91-aa33-366acc16db60,bcaa9d24-f5b0-4d1e-b55e-33053b6138d2,22d257f6-edd1-467a-a2a7-cfd58720f462,Workflow_8308963,Not Started,e8f95e3c-8416-4a8b-8469-8ef95e7626a3,6129d71c-87ff-4a50-a77e-6ac5ec4c17d6,Default Workflow,Ideation,OneTrust Automation,2,2026-03-20T10:18:21.347+00:00,2026-03-20,2026,March,03,Quarter 1,2026-03-20T10:18:01.367+00:00,2026-03-20,2026,March,03,Quarter 1,False,0.00023124999746128365,131.05022892361163,Asia/Tbilisi
models,52,032d5d18-a14b-4c91-aa33-366acc16db60,bcaa9d24-f5b0-4d1e-b55e-33053b6138d2,22d257f6-edd1-467a-a2a7-cfd58720f462,Workflow_8308963,Not Started,e8f95e3c-8416-4a8b-8469-8ef95e7626a3,6129d71c-87ff-4a50-a77e-6ac5ec4c17d6,Default Workflow,Ideation,OneTrust Automation,2,2026-03-20T13:18:21.347+00:00,2026-03-20,2026,March,03,Quarter 1,2026-03-20T13:18:01.367+00:00,2026-03-20,2026,March,03,Quarter 1,False,0.00023124999746128365,130.92522892361163,Asia/Barnaul
models,52,032d5d18-a14b-4c91-aa33-366acc16db60,bcaa9d24-f5b0-4d1e-b55e-33053b6138d2,22d257f6-edd1-467a-a2a7-cfd58720f462,Workflow_8308963,Not Started,e8f95e3c-8416-4a8b-8469-8ef95e7626a3,6129d71c-87ff-4a50-a77e-6ac5ec4c17d6,Default Workflow,Ideation,OneTrust Automation,2,2026-03-20T11:18:21.347+00:00,2026-03-20,2026,March,03,Quarter 1,2026-03-20T11:18:01.367+00:00,2026-03-20,2026,March,03,Quarter 1,False,0.00023124999746128365,131.00856225694494,Asia/Oral
models,52,032d5d18-a14b-4c91-aa33-366acc16db60,bcaa9d24-f5b0-4d1e-b55e-33053b6138d2,22d257f6-edd1-467a-a2a7-cfd58720f462,Workflow_8308963,Not Started,e8f95e3c-8416-4a8b-8469-8ef95e7626a3,6129d71c-87ff-4a50-a77e-6ac5ec4c17d6,Default Workflow,Ideation,OneTrust Automation,2,2026-03-20T08:18:21.347+00:00,2026-03-20,2026,March,03,Quarter 1,2026-03-20T08:18:01.367+00:00,2026-03-20,2026,March,03,Quarter 1,False,0.00023124999746128365,131.13356225694494,Africa/Kigali
models,52,032d5d18-a14b-4c91-aa33-366acc16db60,bcaa9d24-f5b0-4d1e-b55e-33053b6138d2,22d257f6-edd1-467a-a2a7-cfd58720f462,Workflow_8308963,Not Started,e8f95e3c-8416-4a8b-8469-8ef95e7626a3,6129d71c-87ff-4a50-a77e-6ac5ec4c17d6,Default Workflow,Ideation,OneTrust Automation,2,2026-03-20T11:18:21.347+00:00,2026-03-20,2026,March,03,Quarter 1,2026-03-20T11:18:01.367+00:00,2026-03-20,2026,March,03,Quarter 1,False,0.00023124999746128365,131.00856225694494,Indian/Kerguelen
models,52,032d5d18-a14b-4c91-aa33-366acc16db60,bcaa9d24-f5b0-4d1e-b55e-33053b6138d2,22d257f6-edd1-467a-a2a7-cfd58720f462,Workflow_8308963,Not Started,e8f95e3c-8416-4a8b-8469-8ef95e7626a3,6129d71c-87ff-4a50-a77e-6ac5ec4c17d6,Default Workflow,Ideation,OneTrust Automation,2,2026-03-20T04:18:21.347+00:00,2026-03-20,2026,March,03,Quarter 1,2026-03-20T04:18:01.367+00:00,2026-03-20,2026,March,03,Quarter 1,False,0.00023124999746128365,131.30022892361163,America/Godthab
models,52,032d5d18-a14b-4c91-aa33-366acc16db60,bcaa9d24-f5b0-4d1e-b55e-33053b6138d2,22d257f6-edd1-467a-a2a7-cfd58720f462,Workflow_8308963,Not Started,e8f95e3c-8416-4a8b-8469-8ef95e7626a3,6129d71c-87ff-4a50-a77e-6ac5ec4c17d6,Default Workflow,Ideation,OneTrust Automation,2,2026-03-20T12:18:21.347+00:00,2026-03-20,2026,March,03,Quarter 1,2026-03-20T12:18:01.367+00:00,2026-03-20,2026,March,03,Quarter 1,False,0.00023124999746128365,130.96689559027828,Asia/Urumqi
models,52,032d5d18-a14b-4c91-aa33-366acc16db60,bcaa9d24-f5b0-4d1e-b55e-33053b6138d2,22d257f6-edd1-467a-a2a7-cfd58720f462,Workflow_8308963,Not Started,e8f95e3c-8416-4a8b-8469-8ef95e7626a3,6129d71c-87ff-4a50-a77e-6ac5ec4c17d6,Default Workflow,Ideation,OneTrust Automation,2,2026-03-20T02:18:21.347+00:00,2026-03-20,2026,March,03,Quarter 1,2026-03-20T02:18:01.367+00:00,2026-03-20,2026,March,03,Quarter 1,False,0.00023124999746128365,131.38356225694494,Canada/Eastern
models,52,032d5d18-a14b-4c91-aa33-366acc16db60,bcaa9d24-f5b0-4d1e-b55e-33053b6138d2,22d257f6-edd1-467a-a2a7-cfd58720f462,Workflow_8308963,Not Started,e8f95e3c-8416-4a8b-8469-8ef95e7626a3,6129d71c-87ff-4a50-a77e-6ac5ec4c17d6,Default Workflow,Ideation,OneTrust Automation,2,2026-03-20T09:18:21.347+00:00,2026-03-20,2026,March,03,Quarter 1,2026-03-20T09:18:01.367+00:00,2026-03-20,2026,March,03,Quarter 1,False,0.00023124999746128365,131.09189559027828,Africa/Addis_Ababa
models,52,032d5d18-a14b-4c91-aa33-366acc16db60,bcaa9d24-f5b0-4d1e-b55e-33053b6138d2,22d257f6-edd1-467a-a2a7-cfd58720f462,Workflow_8308963,Not Started,e8f95e3c-8416-4a8b-8469-8ef95e7626a3,6129d71c-87ff-4a50-a77e-6ac5ec4c17d6,Default Workflow,Ideation,OneTrust Automation,2,2026-03-20T07:18:21.347+00:00,2026-03-20,2026,March,03,Quarter 1,2026-03-20T07:18:01.367+00:00,2026-03-20,2026,March,03,Quarter 1,False,0.00023124999746128365,131.17522892361163,Europe/Skopje
models,52,032d5d18-a14b-4c91-aa33-366acc16db60,bcaa9d24-f5b0-4d1e-b55e-33053b6138d2,22d257f6-edd1-467a-a2a7-cfd58720f462,Workflow_8308963,Not Started,e8f95e3c-8416-4a8b-8469-8ef95e7626a3,6129d71c-87ff-4a50-a77e-6ac5ec4c17d6,Default Workflow,Ideation,OneTrust Automation,2,2026-03-20T01:18:21.347+00:00,2026-03-20,2026,March,03,Quarter 1,2026-03-20T01:18:01.367+00:00,2026-03-20,2026,March,03,Quarter 1,False,0.00023124999746128365,131.42522892361163,America/Guayaquil
models,52,032d5d18-a14b-4c91-aa33-366acc16db60,bcaa9d24-f5b0-4d1e-b55e-33053b6138d2,22d257f6-edd1-467a-a2a7-cfd58720f462,Workflow_8308963,Not Started,e8f95e3c-8416-4a8b-8469-8ef95e7626a3,6129d71c-87ff-4a50-a77e-6ac5ec4c17d6,Default Workflow,Ideation,OneTrust Automation,2,2026-03-20T18:18:21.347+00:00,2026-03-20,2026,March,03,Quarter 1,2026-03-20T18:18:01.367+00:00,2026-03-20,2026,March,03,Quarter 1,False,0.00023124999746128365,130.71689559027828,Pacific/Kwajalein
models,52,032d5d18-a14b-4c91-aa33-366acc16db60,bcaa9d24-f5b0-4d1e-b55e-33053b6138d2,22d257f6-edd1-467a-a2a7-cfd58720f462,Workflow_8308963,Not Started,e8f95e3c-8416-4a8b-8469-8ef95e7626a3,6129d71c-87ff-4a50-a77e-6ac5ec4c17d6,Default Workflow,Ideation,OneTrust Automation,2,2026-03-19T23:18:21.347+00:00,2026-03-19,2026,March,03,Quarter 1,2026-03-19T23:18:01.367+00:00,2026-03-19,2026,March,03,Quarter 1,False,0.00023124999746128365,131.50856225694494,America/Tijuana
models,52,032d5d18-a14b-4c91-aa33-366acc16db60,bcaa9d24-f5b0-4d1e-b55e-33053b6138d2,22d257f6-edd1-467a-a2a7-cfd58720f462,Workflow_8308963,Not Started,e8f95e3c-8416-4a8b-8469-8ef95e7626a3,6129d71c-87ff-4a50-a77e-6ac5ec4c17d6,Default Workflow,Ideation,OneTrust Automation,2,2026-03-20T07:18:21.347+00:00,2026-03-20,2026,March,03,Quarter 1,2026-03-20T07:18:01.367+00:00,2026-03-20,2026,March,03,Quarter 1,False,0.00023124999746128365,131.17522892361163,Europe/Ljubljana
models,52,032d5d18-a14b-4c91-aa33-366acc16db60,bcaa9d24-f5b0-4d1e-b55e-33053b6138d2,22d257f6-edd1-467a-a2a7-cfd58720f462,Workflow_8308963,Not Started,e8f95e3c-8416-4a8b-8469-8ef95e7626a3,6129d71c-87ff-4a50-a77e-6ac5ec4c17d6,Default Workflow,Ideation,OneTrust Automation,2,2026-03-20T01:18:21.347+00:00,2026-03-20,2026,March,03,Quarter 1,2026-03-20T01:18:01.367+00:00,2026-03-20,2026,March,03,Quarter 1,False,0.00023124999746128365,131.42522892361163,Chile/EasterIsland
models,52,032d5d18-a14b-4c91-aa33-366acc16db60,bcaa9d24-f5b0-4d1e-b55e-33053b6138d2,22d257f6-edd1-467a-a2a7-cfd58720f462,Workflow_8308963,Not Started,e8f95e3c-8416-4a8b-8469-8ef95e7626a3,6129d71c-87ff-4a50-a77e-6ac5ec4c17d6,Default Workflow,Ideation,OneTrust Automation,2,2026-03-20T20:18:21.347+00:00,2026-03-20,2026,March,03,Quarter 1,2026-03-20T20:18:01.367+00:00,2026-03-20,2026,March,03,Quarter 1,False,0.00023124999746128365,130.63356225694494,Etc/GMT-14
models,52,032d5d18-a14b-4c91-aa33-366acc16db60,bcaa9d24-f5b0-4d1e-b55e-33053b6138d2,22d257f6-edd1-467a-a2a7-cfd58720f462,Workflow_8308963,Not Started,e8f95e3c-8416-4a8b-8469-8ef95e7626a3,6129d71c-87ff-4a50-a77e-6ac5ec4c17d6,Default Workflow,Ideation,OneTrust Automation,2,2026-03-20T14:18:21.347+00:00,2026-03-20,2026,March,03,Quarter 1,2026-03-20T14:18:01.367+00:00,2026-03-20,2026,March,03,Quarter 1,False,0.00023124999746128365,130.88356225694494,Asia/Macao
models,52,032d5d18-a14b-4c91-aa33-366acc16db60,bcaa9d24-f5b0-4d1e-b55e-33053b6138d2,22d257f6-edd1-467a-a2a7-cfd58720f462,Workflow_8308963,Not Started,e8f95e3c-8416-4a8b-8469-8ef95e7626a3,6129d71c-87ff-4a50-a77e-6ac5ec4c17d6,Default Workflow,Ideation,OneTrust Automation,2,2026-03-20T05:18:21.347+00:00,2026-03-20,2026,March,03,Quarter 1,2026-03-20T05:18:01.367+00:00,2026-03-20,2026,March,03,Quarter 1,False,0.00023124999746128365,131.25856225694494,Atlantic/Azores
models,52,032d5d18-a14b-4c91-aa33-366acc16db60,bcaa9d24-f5b0-4d1e-b55e-33053b6138d2,22d257f6-edd1-467a-a2a7-cfd58720f462,Workflow_8308963,Not Started,e8f95e3c-8416-4a8b-8469-8ef95e7626a3,6129d71c-87ff-4a50-a77e-6ac5ec4c17d6,Default Workflow,Ideation,OneTrust Automation,2,2026-03-20T02:18:21.347+00:00,2026-03-20,2026,March,03,Quarter 1,2026-03-20T02:18:01.367+00:00,2026-03-20,2026,March,03,Quarter 1,False,0.00023124999746128365,131.38356225694494,America/Lower_Princes
models,52,032d5d18-a14b-4c91-aa33-366acc16db60,bcaa9d24-f5b0-4d1e-b55e-33053b6138d2,22d257f6-edd1-467a-a2a7-cfd58720f462,Workflow_8308963,Not Started,e8f95e3c-8416-4a8b-8469-8ef95e7626a3,6129d71c-87ff-4a50-a77e-6ac5ec4c17d6,Default Workflow,Ideation,OneTrust Automation,2,2026-03-20T01:18:21.347+00:00,2026-03-20,2026,March,03,Quarter 1,2026-03-20T01:18:01.367+00:00,2026-03-20,2026,March,03,Quarter 1,False,0.00023124999746128365,131.42522892361163,America/Ojinaga
models,52,032d5d18-a14b-4c91-aa33-366acc16db60,bcaa9d24-f5b0-4d1e-b55e-33053b6138d2,22d257f6-edd1-467a-a2a7-cfd58720f462,Workflow_8308963,Not Started,e8f95e3c-8416-4a8b-8469-8ef95e7626a3,6129d71c-87ff-4a50-a77e-6ac5ec4c17d6,Default Workflow,Ideation,OneTrust Automation,2,2026-03-20T02:18:21.347+00:00,2026-03-20,2026,March,03,Quarter 1,2026-03-20T02:18:01.367+00:00,2026-03-20,2026,March,03,Quarter 1,False,0.00023124999746128365,131.38356225694494,America/Louisville
models,52,032d5d18-a14b-4c91-aa33-366acc16db60,bcaa9d24-f5b0-4d1e-b55e-33053b6138d2,22d257f6-edd1-467a-a2a7-cfd58720f462,Workflow_8308963,Not Started,e8f95e3c-8416-4a8b-8469-8ef95e7626a3,6129d71c-87ff-4a50-a77e-6ac5ec4c17d6,Default Workflow,Ideation,OneTrust Automation,2,2026-03-20T02:18:21.347+00:00,2026-03-20,2026,March,03,Quarter 1,2026-03-20T02:18:01.367+00:00,2026-03-20,2026,March,03,Quarter 1,False,0.00023124999746128365,131.38356225694494,America/Fort_Wayne
models,52,032d5d18-a14b-4c91-aa33-366acc16db60,bcaa9d24-f5b0-4d1e-b55e-33053b6138d2,22d257f6-edd1-467a-a2a7-cfd58720f462,Workflow_8308963,Not Started,e8f95e3c-8416-4a8b-8469-8ef95e7626a3,6129d71c-87ff-4a50-a77e-6ac5ec4c17d6,Default Workflow,Ideation,OneTrust Automation,2,2026-03-20T14:18:21.347+00:00,2026-03-20,2026,March,03,Quarter 1,2026-03-20T14:18:01.367+00:00,2026-03-20,2026,March,03,Quarter 1,False,0.00023124999746128365,130.88356225694494,Asia/Makassar
models,52,032d5d18-a14b-4c91-aa33-366acc16db60,bcaa9d24-f5b0-4d1e-b55e-33053b6138d2,22d257f6-edd1-467a-a2a7-cfd58720f462,Workflow_8308963,Not Started,e8f95e3c-8416-4a8b-8469-8ef95e7626a3,6129d71c-87ff-4a50-a77e-6ac5ec4c17d6,Default Workflow,Ideation,OneTrust Automation,2,2026-03-20T11:18:21.347+00:00,2026-03-20,2026,March,03,Quarter 1,2026-03-20T11:18:01.367+00:00,2026-03-20,2026,March,03,Quarter 1,False,0.00023124999746128365,131.00856225694494,Asia/Dushanbe
models,52,032d5d18-a14b-4c91-aa33-366acc16db60,bcaa9d24-f5b0-4d1e-b55e-33053b6138d2,22d257f6-edd1-467a-a2a7-cfd58720f462,Workflow_8308963,Not Started,e8f95e3c-8416-4a8b-8469-8ef95e7626a3,6129d71c-87ff-4a50-a77e-6ac5ec4c17d6,Default Workflow,Ideation,OneTrust Automation,2,2026-03-20T18:18:21.347+00:00,2026-03-20,2026,March,03,Quarter 1,2026-03-20T18:18:01.367+00:00,2026-03-20,2026,March,03,Quarter 1,False,0.00023124999746128365,130.71689559027828,Asia/Anadyr
models,52,032d5d18-a14b-4c91-aa33-366acc16db60,bcaa9d24-f5b0-4d1e-b55e-33053b6138d2,22d257f6-edd1-467a-a2a7-cfd58720f462,Workflow_8308963,Not Started,e8f95e3c-8416-4a8b-8469-8ef95e7626a3,6129d71c-87ff-4a50-a77e-6ac5ec4c17d6,Default Workflow,Ideation,OneTrust Automation,2,2026-03-20T15:18:21.347+00:00,2026-03-20,2026,March,03,Quarter 1,2026-03-20T15:18:01.367+00:00,2026-03-20,2026,March,03,Quarter 1,False,0.00023124999746128365,130.84189559027828,ROK
models,52,032d5d18-a14b-4c91-aa33-366acc16db60,bcaa9d24-f5b0-4d1e-b55e-33053b6138d2,22d257f6-edd1-467a-a2a7-cfd58720f462,Workflow_8308963,Not Started,e8f95e3c-8416-4a8b-8469-8ef95e7626a3,6129d71c-87ff-4a50-a77e-6ac5ec4c17d6,Default Workflow,Ideation,OneTrust Automation,2,2026-03-20T02:18:21.347+00:00,2026-03-20,2026,March,03,Quarter 1,2026-03-20T02:18:01.367+00:00,2026-03-20,2026,March,03,Quarter 1,False,0.00023124999746128365,131.38356225694494,America/Anguilla
models,52,032d5d18-a14b-4c91-aa33-366acc16db60,bcaa9d24-f5b0-4d1e-b55e-33053b6138d2,22d257f6-edd1-467a-a2a7-cfd58720f462,Workflow_8308963,Not Started,e8f95e3c-8416-4a8b-8469-8ef95e7626a3,6129d71c-87ff-4a50-a77e-6ac5ec4c17d6,Default Workflow,Ideation,OneTrust Automation,2,2026-03-20T07:18:21.347+00:00,2026-03-20,2026,March,03,Quarter 1,2026-03-20T07:18:01.367+00:00,2026-03-20,2026,March,03,Quarter 1,False,0.00023124999746128365,131.17522892361163,Europe/Bratislava
models,52,032d5d18-a14b-4c91-aa33-366acc16db60,bcaa9d24-f5b0-4d1e-b55e-33053b6138d2,22d257f6-edd1-467a-a2a7-cfd58720f462,Workflow_8308963,Not Started,e8f95e3c-8416-4a8b-8469-8ef95e7626a3,6129d71c-87ff-4a50-a77e-6ac5ec4c17d6,Default Workflow,Ideation,OneTrust Automation,2,2026-03-20T16:48:21.347+00:00,2026-03-20,2026,March,03,Quarter 1,2026-03-20T16:48:01.367+00:00,2026-03-20,2026,March,03,Quarter 1,False,0.00023124999746128365,130.77939559027828,Australia/Broken_Hill
models,52,032d5d18-a14b-4c91-aa33-366acc16db60,bcaa9d24-f5b0-4d1e-b55e-33053b6138d2,22d257f6-edd1-467a-a2a7-cfd58720f462,Workflow_8308963,Not Started,e8f95e3c-8416-4a8b-8469-8ef95e7626a3,6129d71c-87ff-4a50-a77e-6ac5ec4c17d6,Default Workflow,Ideation,OneTrust Automation,2,2026-03-19T19:18:21.347+00:00,2026-03-19,2026,March,03,Quarter 1,2026-03-19T19:18:01.367+00:00,2026-03-19,2026,March,03,Quarter 1,False,0.00023124999746128365,131.67522892361163,Pacific/Niue
models,52,032d5d18-a14b-4c91-aa33-366acc16db60,bcaa9d24-f5b0-4d1e-b55e-33053b6138d2,22d257f6-edd1-467a-a2a7-cfd58720f462,Workflow_8308963,Not Started,e8f95e3c-8416-4a8b-8469-8ef95e7626a3,6129d71c-87ff-4a50-a77e-6ac5ec4c17d6,Default Workflow,Ideation,OneTrust Automation,2,2026-03-20T02:18:21.347+00:00,2026-03-20,2026,March,03,Quarter 1,2026-03-20T02:18:01.367+00:00,2026-03-20,2026,March,03,Quarter 1,False,0.00023124999746128365,131.38356225694494,America/Pangnirtung
models,52,032d5d18-a14b-4c91-aa33-366acc16db60,bcaa9d24-f5b0-4d1e-b55e-33053b6138d2,22d257f6-edd1-467a-a2a7-cfd58720f462,Workflow_8308963,Not Started,e8f95e3c-8416-4a8b-8469-8ef95e7626a3,6129d71c-87ff-4a50-a77e-6ac5ec4c17d6,Default Workflow,Ideation,OneTrust Automation,2,2026-03-20T15:18:21.347+00:00,2026-03-20,2026,March,03,Quarter 1,2026-03-20T15:18:01.367+00:00,2026-03-20,2026,March,03,Quarter 1,False,0.00023124999746128365,130.84189559027828,Asia/Seoul
models,52,032d5d18-a14b-4c91-aa33-366acc16db60,bcaa9d24-f5b0-4d1e-b55e-33053b6138d2,22d257f6-edd1-467a-a2a7-cfd58720f462,Workflow_8308963,Not Started,e8f95e3c-8416-4a8b-8469-8ef95e7626a3,6129d71c-87ff-4a50-a77e-6ac5ec4c17d6,Default Workflow,Ideation,OneTrust Automation,2,2026-03-20T07:18:21.347+00:00,2026-03-20,2026,March,03,Quarter 1,2026-03-20T07:18:01.367+00:00,2026-03-20,2026,March,03,Quarter 1,False,0.00023124999746128365,131.17522892361163,Europe/Berlin
models,52,032d5d18-a14b-4c91-aa33-366acc16db60,bcaa9d24-f5b0-4d1e-b55e-33053b6138d2,22d257f6-edd1-467a-a2a7-cfd58720f462,Workflow_8308963,Not Started,e8f95e3c-8416-4a8b-8469-8ef95e7626a3,6129d71c-87ff-4a50-a77e-6ac5ec4c17d6,Default Workflow,Ideation,OneTrust Automation,2,2026-03-20T06:18:21.347+00:00,2026-03-20,2026,March,03,Quarter 1,2026-03-20T06:18:01.367+00:00,2026-03-20,2026,March,03,Quarter 1,False,0.00023124999746128365,131.21689559027828,Atlantic/St_Helena
models,52,032d5d18-a14b-4c91-aa33-366acc16db60,bcaa9d24-f5b0-4d1e-b55e-33053b6138d2,22d257f6-edd1-467a-a2a7-cfd58720f462,Workflow_8308963,Not Started,e8f95e3c-8416-4a8b-8469-8ef95e7626a3,6129d71c-87ff-4a50-a77e-6ac5ec4c17d6,Default Workflow,Ideation,OneTrust Automation,2,2026-03-20T07:18:21.347+00:00,2026-03-20,2026,March,03,Quarter 1,2026-03-20T07:18:01.367+00:00,2026-03-20,2026,March,03,Quarter 1,False,0.00023124999746128365,131.17522892361163,Europe/Brussels
models,52,032d5d18-a14b-4c91-aa33-366acc16db60,bcaa9d24-f5b0-4d1e-b55e-33053b6138d2,22d257f6-edd1-467a-a2a7-cfd58720f462,Workflow_8308963,Not Started,e8f95e3c-8416-4a8b-8469-8ef95e7626a3,6129d71c-87ff-4a50-a77e-6ac5ec4c17d6,Default Workflow,Ideation,OneTrust Automation,2,2026-03-19T23:18:21.347+00:00,2026-03-19,2026,March,03,Quarter 1,2026-03-19T23:18:01.367+00:00,2026-03-19,2026,March,03,Quarter 1,False,0.00023124999746128365,131.50856225694494,America/Hermosillo
models,52,032d5d18-a14b-4c91-aa33-366acc16db60,bcaa9d24-f5b0-4d1e-b55e-33053b6138d2,22d257f6-edd1-467a-a2a7-cfd58720f462,Workflow_8308963,Not Started,e8f95e3c-8416-4a8b-8469-8ef95e7626a3,6129d71c-87ff-4a50-a77e-6ac5ec4c17d6,Default Workflow,Ideation,OneTrust Automation,2,2026-03-19T20:18:21.347+00:00,2026-03-19,2026,March,03,Quarter 1,2026-03-19T20:18:01.367+00:00,2026-03-19,2026,March,03,Quarter 1,False,0.00023124999746128365,131.63356225694494,US/Hawaii
models,52,032d5d18-a14b-4c91-aa33-366acc16db60,bcaa9d24-f5b0-4d1e-b55e-33053b6138d2,22d257f6-edd1-467a-a2a7-cfd58720f462,Workflow_8308963,Not Started,e8f95e3c-8416-4a8b-8469-8ef95e7626a3,6129d71c-87ff-4a50-a77e-6ac5ec4c17d6,Default Workflow,Ideation,OneTrust Automation,2,2026-03-20T08:18:21.347+00:00,2026-03-20,2026,March,03,Quarter 1,2026-03-20T08:18:01.367+00:00,2026-03-20,2026,March,03,Quarter 1,False,0.00023124999746128365,131.13356225694494,Europe/Chisinau
models,52,032d5d18-a14b-4c91-aa33-366acc16db60,bcaa9d24-f5b0-4d1e-b55e-33053b6138d2,22d257f6-edd1-467a-a2a7-cfd58720f462,Workflow_8308963,Not Started,e8f95e3c-8416-4a8b-8469-8ef95e7626a3,6129d71c-87ff-4a50-a77e-6ac5ec4c17d6,Default Workflow,Ideation,OneTrust Automation,2,2026-03-20T17:18:21.347+00:00,2026-03-20,2026,March,03,Quarter 1,2026-03-20T17:18:01.367+00:00,2026-03-20,2026,March,03,Quarter 1,False,0.00023124999746128365,130.75856225694494,Australia/LHI
models,52,032d5d18-a14b-4c91-aa33-366acc16db60,bcaa9d24-f5b0-4d1e-b55e-33053b6138d2,22d257f6-edd1-467a-a2a7-cfd58720f462,Workflow_8308963,Not Started,e8f95e3c-8416-4a8b-8469-8ef95e7626a3,6129d71c-87ff-4a50-a77e-6ac5ec4c17d6,Default Workflow,Ideation,OneTrust Automation,2,2026-03-20T00:18:21.347+00:00,2026-03-20,2026,March,03,Quarter 1,2026-03-20T00:18:01.367+00:00,2026-03-20,2026,March,03,Quarter 1,False,0.00023124999746128365,131.46689559027828,America/Merida
models,52,032d5d18-a14b-4c91-aa33-366acc16db60,bcaa9d24-f5b0-4d1e-b55e-33053b6138d2,22d257f6-edd1-467a-a2a7-cfd58720f462,Workflow_8308963,Not Started,e8f95e3c-8416-4a8b-8469-8ef95e7626a3,6129d71c-87ff-4a50-a77e-6ac5ec4c17d6,Default Workflow,Ideation,OneTrust Automation,2,2026-03-20T11:18:21.347+00:00,2026-03-20,2026,March,03,Quarter 1,2026-03-20T11:18:01.367+00:00,2026-03-20,2026,March,03,Quarter 1,False,0.00023124999746128365,131.00856225694494,Asia/Qostanay
models,52,032d5d18-a14b-4c91-aa33-366acc16db60,bcaa9d24-f5b0-4d1e-b55e-33053b6138d2,22d257f6-edd1-467a-a2a7-cfd58720f462,Workflow_8308963,Not Started,e8f95e3c-8416-4a8b-8469-8ef95e7626a3,6129d71c-87ff-4a50-a77e-6ac5ec4c17d6,Default Workflow,Ideation,OneTrust Automation,2,2026-03-20T06:18:21.347+00:00,2026-03-20,2026,March,03,Quarter 1,2026-03-20T06:18:01.367+00:00,2026-03-20,2026,March,03,Quarter 1,False,0.00023124999746128365,131.21689559027828,Africa/Casablanca
models,52,032d5d18-a14b-4c91-aa33-366acc16db60,bcaa9d24-f5b0-4d1e-b55e-33053b6138d2,22d257f6-edd1-467a-a2a7-cfd58720f462,Workflow_8308963,Not Started,e8f95e3c-8416-4a8b-8469-8ef95e7626a3,6129d71c-87ff-4a50-a77e-6ac5ec4c17d6,Default Workflow,Ideation,OneTrust Automation,2,2026-03-20T09:48:21.347+00:00,2026-03-20,2026,March,03,Quarter 1,2026-03-20T09:48:01.367+00:00,2026-03-20,2026,March,03,Quarter 1,False,0.00023124999746128365,131.07106225694494,Iran
models,52,032d5d18-a14b-4c91-aa33-366acc16db60,bcaa9d24-f5b0-4d1e-b55e-33053b6138d2,22d257f6-edd1-467a-a2a7-cfd58720f462,Workflow_8308963,Not Started,e8f95e3c-8416-4a8b-8469-8ef95e7626a3,6129d71c-87ff-4a50-a77e-6ac5ec4c17d6,Default Workflow,Ideation,OneTrust Automation,2,2026-03-20T06:18:21.347+00:00,2026-03-20,2026,March,03,Quarter 1,2026-03-20T06:18:01.367+00:00,2026-03-20,2026,March,03,Quarter 1,False,0.00023124999746128365,131.21689559027828,Atlantic/Faeroe
models,52,032d5d18-a14b-4c91-aa33-366acc16db60,bcaa9d24-f5b0-4d1e-b55e-33053b6138d2,22d257f6-edd1-467a-a2a7-cfd58720f462,Workflow_8308963,Not Started,e8f95e3c-8416-4a8b-8469-8ef95e7626a3,6129d71c-87ff-4a50-a77e-6ac5ec4c17d6,Default Workflow,Ideation,OneTrust Automation,2,2026-03-20T06:18:21.347+00:00,2026-03-20,2026,March,03,Quarter 1,2026-03-20T06:18:01.367+00:00,2026-03-20,2026,March,03,Quarter 1,False,0.00023124999746128365,131.21689559027828,Antarctica/Troll
models,52,032d5d18-a14b-4c91-aa33-366acc16db60,bcaa9d24-f5b0-4d1e-b55e-33053b6138d2,22d257f6-edd1-467a-a2a7-cfd58720f462,Workflow_8308963,Not Started,e8f95e3c-8416-4a8b-8469-8ef95e7626a3,6129d71c-87ff-4a50-a77e-6ac5ec4c17d6,Default Workflow,Ideation,OneTrust Automation,2,2026-03-20T08:18:21.347+00:00,2026-03-20,2026,March,03,Quarter 1,2026-03-20T08:18:01.367+00:00,2026-03-20,2026,March,03,Quarter 1,False,0.00023124999746128365,131.13356225694494,Africa/Maseru
models,52,032d5d18-a14b-4c91-aa33-366acc16db60,bcaa9d24-f5b0-4d1e-b55e-33053b6138d2,22d257f6-edd1-467a-a2a7-cfd58720f462,Workflow_8308963,Not Started,e8f95e3c-8416-4a8b-8469-8ef95e7626a3,6129d71c-87ff-4a50-a77e-6ac5ec4c17d6,Default Workflow,Ideation,OneTrust Automation,2,2026-03-20T09:18:21.347+00:00,2026-03-20,2026,March,03,Quarter 1,2026-03-20T09:18:01.367+00:00,2026-03-20,2026,March,03,Quarter 1,False,0.00023124999746128365,131.09189559027828,Asia/Aden
models,52,032d5d18-a14b-4c91-aa33-366acc16db60,bcaa9d24-f5b0-4d1e-b55e-33053b6138d2,22d257f6-edd1-467a-a2a7-cfd58720f462,Workflow_8308963,Not Started,e8f95e3c-8416-4a8b-8469-8ef95e7626a3,6129d71c-87ff-4a50-a77e-6ac5ec4c17d6,Default Workflow,Ideation,OneTrust Automation,2,2026-03-19T21:18:21.347+00:00,2026-03-19,2026,March,03,Quarter 1,2026-03-19T21:18:01.367+00:00,2026-03-19,2026,March,03,Quarter 1,False,0.00023124999746128365,131.59189559027828,America/Adak
models,52,032d5d18-a14b-4c91-aa33-366acc16db60,bcaa9d24-f5b0-4d1e-b55e-33053b6138d2,22d257f6-edd1-467a-a2a7-cfd58720f462,Workflow_8308963,Not Started,e8f95e3c-8416-4a8b-8469-8ef95e7626a3,6129d71c-87ff-4a50-a77e-6ac5ec4c17d6,Default Workflow,Ideation,OneTrust Automation,2,2026-03-20T08:18:21.347+00:00,2026-03-20,2026,March,03,Quarter 1,2026-03-20T08:18:01.367+00:00,2026-03-20,2026,March,03,Quarter 1,False,0.00023124999746128365,131.13356225694494,Africa/Bujumbura
models,52,032d5d18-a14b-4c91-aa33-366acc16db60,bcaa9d24-f5b0-4d1e-b55e-33053b6138d2,22d257f6-edd1-467a-a2a7-cfd58720f462,Workflow_8308963,Not Started,e8f95e3c-8416-4a8b-8469-8ef95e7626a3,6129d71c-87ff-4a50-a77e-6ac5ec4c17d6,Default Workflow,Ideation,OneTrust Automation,2,2026-03-20T08:18:21.347+00:00,2026-03-20,2026,March,03,Quarter 1,2026-03-20T08:18:01.367+00:00,2026-03-20,2026,March,03,Quarter 1,False,0.00023124999746128365,131.13356225694494,Africa/Blantyre
models,52,032d5d18-a14b-4c91-aa33-366acc16db60,bcaa9d24-f5b0-4d1e-b55e-33053b6138d2,22d257f6-edd1-467a-a2a7-cfd58720f462,Workflow_8308963,Not Started,e8f95e3c-8416-4a8b-8469-8ef95e7626a3,6129d71c-87ff-4a50-a77e-6ac5ec4c17d6,Default Workflow,Ideation,OneTrust Automation,2,2026-03-19T19:18:21.347+00:00,2026-03-19,2026,March,03,Quarter 1,2026-03-19T19:18:01.367+00:00,2026-03-19,2026,March,03,Quarter 1,False,0.00023124999746128365,131.67522892361163,Etc/GMT+11
models,52,032d5d18-a14b-4c91-aa33-366acc16db60,bcaa9d24-f5b0-4d1e-b55e-33053b6138d2,22d257f6-edd1-467a-a2a7-cfd58720f462,Workflow_8308963,Not Started,e8f95e3c-8416-4a8b-8469-8ef95e7626a3,6129d71c-87ff-4a50-a77e-6ac5ec4c17d6,Default Workflow,Ideation,OneTrust Automation,2,2026-03-20T04:18:21.347+00:00,2026-03-20,2026,March,03,Quarter 1,2026-03-20T04:18:01.367+00:00,2026-03-20,2026,March,03,Quarter 1,False,0.00023124999746128365,131.30022892361163,America/Miquelon
models,52,032d5d18-a14b-4c91-aa33-366acc16db60,bcaa9d24-f5b0-4d1e-b55e-33053b6138d2,22d257f6-edd1-467a-a2a7-cfd58720f462,Workflow_8308963,Not Started,e8f95e3c-8416-4a8b-8469-8ef95e7626a3,6129d71c-87ff-4a50-a77e-6ac5ec4c17d6,Default Workflow,Ideation,OneTrust Automation,2,2026-03-20T12:18:21.347+00:00,2026-03-20,2026,March,03,Quarter 1,2026-03-20T12:18:01.367+00:00,2026-03-20,2026,March,03,Quarter 1,False,0.00023124999746128365,130.96689559027828,Asia/Omsk
models,52,032d5d18-a14b-4c91-aa33-366acc16db60,bcaa9d24-f5b0-4d1e-b55e-33053b6138d2,22d257f6-edd1-467a-a2a7-cfd58720f462,Workflow_8308963,Not Started,e8f95e3c-8416-4a8b-8469-8ef95e7626a3,6129d71c-87ff-4a50-a77e-6ac5ec4c17d6,Default Workflow,Ideation,OneTrust Automation,2,2026-03-20T06:18:21.347+00:00,2026-03-20,2026,March,03,Quarter 1,2026-03-20T06:18:01.367+00:00,2026-03-20,2026,March,03,Quarter 1,False,0.00023124999746128365,131.21689559027828,WET
models,52,032d5d18-a14b-4c91-aa33-366acc16db60,bcaa9d24-f5b0-4d1e-b55e-33053b6138d2,22d257f6-edd1-467a-a2a7-cfd58720f462,Workflow_8308963,Not Started,e8f95e3c-8416-4a8b-8469-8ef95e7626a3,6129d71c-87ff-4a50-a77e-6ac5ec4c17d6,Default Workflow,Ideation,OneTrust Automation,2,2026-03-20T08:18:21.347+00:00,2026-03-20,2026,March,03,Quarter 1,2026-03-20T08:18:01.367+00:00,2026-03-20,2026,March,03,Quarter 1,False,0.00023124999746128365,131.13356225694494,Etc/GMT-2
models,52,032d5d18-a14b-4c91-aa33-366acc16db60,bcaa9d24-f5b0-4d1e-b55e-33053b6138d2,22d257f6-edd1-467a-a2a7-cfd58720f462,Workflow_8308963,Not Started,e8f95e3c-8416-4a8b-8469-8ef95e7626a3,6129d71c-87ff-4a50-a77e-6ac5ec4c17d6,Default Workflow,Ideation,OneTrust Automation,2,2026-03-20T09:18:21.347+00:00,2026-03-20,2026,March,03,Quarter 1,2026-03-20T09:18:01.367+00:00,2026-03-20,2026,March,03,Quarter 1,False,0.00023124999746128365,131.09189559027828,Turkey
models,52,032d5d18-a14b-4c91-aa33-366acc16db60,bcaa9d24-f5b0-4d1e-b55e-33053b6138d2,22d257f6-edd1-467a-a2a7-cfd58720f462,Workflow_8308963,Not Started,e8f95e3c-8416-4a8b-8469-8ef95e7626a3,6129d71c-87ff-4a50-a77e-6ac5ec4c17d6,Default Workflow,Ideation,OneTrust Automation,2,2026-03-20T15:48:21.347+00:00,2026-03-20,2026,March,03,Quarter 1,2026-03-20T15:48:01.367+00:00,2026-03-20,2026,March,03,Quarter 1,False,0.00023124999746128365,130.82106225694494,Australia/Darwin
models,52,032d5d18-a14b-4c91-aa33-366acc16db60,bcaa9d24-f5b0-4d1e-b55e-33053b6138d2,22d257f6-edd1-467a-a2a7-cfd58720f462,Workflow_8308963,Not Started,e8f95e3c-8416-4a8b-8469-8ef95e7626a3,6129d71c-87ff-4a50-a77e-6ac5ec4c17d6,Default Workflow,Ideation,OneTrust Automation,2,2026-03-20T08:18:21.347+00:00,2026-03-20,2026,March,03,Quarter 1,2026-03-20T08:18:01.367+00:00,2026-03-20,2026,March,03,Quarter 1,False,0.00023124999746128365,131.13356225694494,Africa/Khartoum
models,52,032d5d18-a14b-4c91-aa33-366acc16db60,bcaa9d24-f5b0-4d1e-b55e-33053b6138d2,22d257f6-edd1-467a-a2a7-cfd58720f462,Workflow_8308963,Not Started,e8f95e3c-8416-4a8b-8469-8ef95e7626a3,6129d71c-87ff-4a50-a77e-6ac5ec4c17d6,Default Workflow,Ideation,OneTrust Automation,2,2026-03-20T12:18:21.347+00:00,2026-03-20,2026,March,03,Quarter 1,2026-03-20T12:18:01.367+00:00,2026-03-20,2026,March,03,Quarter 1,False,0.00023124999746128365,130.96689559027828,Asia/Kashgar
models,52,032d5d18-a14b-4c91-aa33-366acc16db60,bcaa9d24-f5b0-4d1e-b55e-33053b6138d2,22d257f6-edd1-467a-a2a7-cfd58720f462,Workflow_8308963,Not Started,e8f95e3c-8416-4a8b-8469-8ef95e7626a3,6129d71c-87ff-4a50-a77e-6ac5ec4c17d6,Default Workflow,Ideation,OneTrust Automation,2,2026-03-20T18:18:21.347+00:00,2026-03-20,2026,March,03,Quarter 1,2026-03-20T18:18:01.367+00:00,2026-03-20,2026,March,03,Quarter 1,False,0.00023124999746128365,130.71689559027828,Pacific/Funafuti
models,52,032d5d18-a14b-4c91-aa33-366acc16db60,bcaa9d24-f5b0-4d1e-b55e-33053b6138d2,22d257f6-edd1-467a-a2a7-cfd58720f462,Workflow_8308963,Not Started,e8f95e3c-8416-4a8b-8469-8ef95e7626a3,6129d71c-87ff-4a50-a77e-6ac5ec4c17d6,Default Workflow,Ideation,OneTrust Automation,2,2026-03-19T19:18:21.347+00:00,2026-03-19,2026,March,03,Quarter 1,2026-03-19T19:18:01.367+00:00,2026-03-19,2026,March,03,Quarter 1,False,0.00023124999746128365,131.67522892361163,Pacific/Samoa
models,52,032d5d18-a14b-4c91-aa33-366acc16db60,bcaa9d24-f5b0-4d1e-b55e-33053b6138d2,22d257f6-edd1-467a-a2a7-cfd58720f462,Workflow_8308963,Not Started,e8f95e3c-8416-4a8b-8469-8ef95e7626a3,6129d71c-87ff-4a50-a77e-6ac5ec4c17d6,Default Workflow,Ideation,OneTrust Automation,2,2026-03-19T23:18:21.347+00:00,2026-03-19,2026,March,03,Quarter 1,2026-03-19T23:18:01.367+00:00,2026-03-19,2026,March,03,Quarter 1,False,0.00023124999746128365,131.50856225694494,America/Los_Angeles
models,52,032d5d18-a14b-4c91-aa33-366acc16db60,bcaa9d24-f5b0-4d1e-b55e-33053b6138d2,22d257f6-edd1-467a-a2a7-cfd58720f462,Workflow_8308963,Not Started,e8f95e3c-8416-4a8b-8469-8ef95e7626a3,6129d71c-87ff-4a50-a77e-6ac5ec4c17d6,Default Workflow,Ideation,OneTrust Automation,2,2026-03-20T01:18:21.347+00:00,2026-03-20,2026,March,03,Quarter 1,2026-03-20T01:18:01.367+00:00,2026-03-20,2026,March,03,Quarter 1,False,0.00023124999746128365,131.42522892361163,America/Porto_Acre
models,52,032d5d18-a14b-4c91-aa33-366acc16db60,bcaa9d24-f5b0-4d1e-b55e-33053b6138d2,22d257f6-edd1-467a-a2a7-cfd58720f462,Workflow_8308963,Not Started,e8f95e3c-8416-4a8b-8469-8ef95e7626a3,6129d71c-87ff-4a50-a77e-6ac5ec4c17d6,Default Workflow,Ideation,OneTrust Automation,2,2026-03-20T06:18:21.347+00:00,2026-03-20,2026,March,03,Quarter 1,2026-03-20T06:18:01.367+00:00,2026-03-20,2026,March,03,Quarter 1,False,0.00023124999746128365,131.21689559027828,Etc/UTC
models,52,032d5d18-a14b-4c91-aa33-366acc16db60,bcaa9d24-f5b0-4d1e-b55e-33053b6138d2,22d257f6-edd1-467a-a2a7-cfd58720f462,Workflow_8308963,Not Started,e8f95e3c-8416-4a8b-8469-8ef95e7626a3,6129d71c-87ff-4a50-a77e-6ac5ec4c17d6,Default Workflow,Ideation,OneTrust Automation,2,2026-03-20T07:18:21.347+00:00,2026-03-20,2026,March,03,Quarter 1,2026-03-20T07:18:01.367+00:00,2026-03-20,2026,March,03,Quarter 1,False,0.00023124999746128365,131.17522892361163,Europe/Madrid
models,52,032d5d18-a14b-4c91-aa33-366acc16db60,bcaa9d24-f5b0-4d1e-b55e-33053b6138d2,22d257f6-edd1-467a-a2a7-cfd58720f462,Workflow_8308963,Not Started,e8f95e3c-8416-4a8b-8469-8ef95e7626a3,6129d71c-87ff-4a50-a77e-6ac5ec4c17d6,Default Workflow,Ideation,OneTrust Automation,2,2026-03-20T06:18:21.347+00:00,2026-03-20,2026,March,03,Quarter 1,2026-03-20T06:18:01.367+00:00,2026-03-20,2026,March,03,Quarter 1,False,0.00023124999746128365,131.21689559027828,Africa/Sao_Tome
models,52,032d5d18-a14b-4c91-aa33-366acc16db60,bcaa9d24-f5b0-4d1e-b55e-33053b6138d2,22d257f6-edd1-467a-a2a7-cfd58720f462,Workflow_8308963,Not Started,e8f95e3c-8416-4a8b-8469-8ef95e7626a3,6129d71c-87ff-4a50-a77e-6ac5ec4c17d6,Default Workflow,Ideation,OneTrust Automation,2,2026-03-20T03:18:21.347+00:00,2026-03-20,2026,March,03,Quarter 1,2026-03-20T03:18:01.367+00:00,2026-03-20,2026,March,03,Quarter 1,False,0.00023124999746128365,131.34189559027828,America/Argentina/Tucuman
models,52,032d5d18-a14b-4c91-aa33-366acc16db60,bcaa9d24-f5b0-4d1e-b55e-33053b6138d2,22d257f6-edd1-467a-a2a7-cfd58720f462,Workflow_8308963,Not Started,e8f95e3c-8416-4a8b-8469-8ef95e7626a3,6129d71c-87ff-4a50-a77e-6ac5ec4c17d6,Default Workflow,Ideation,OneTrust Automation,2,2026-03-20T02:18:21.347+00:00,2026-03-20,2026,March,03,Quarter 1,2026-03-20T02:18:01.367+00:00,2026-03-20,2026,March,03,Quarter 1,False,0.00023124999746128365,131.38356225694494,America/Boa_Vista
models,52,032d5d18-a14b-4c91-aa33-366acc16db60,bcaa9d24-f5b0-4d1e-b55e-33053b6138d2,22d257f6-edd1-467a-a2a7-cfd58720f462,Workflow_8308963,Not Started,e8f95e3c-8416-4a8b-8469-8ef95e7626a3,6129d71c-87ff-4a50-a77e-6ac5ec4c17d6,Default Workflow,Ideation,OneTrust Automation,2,2026-03-20T17:18:21.347+00:00,2026-03-20,2026,March,03,Quarter 1,2026-03-20T17:18:01.367+00:00,2026-03-20,2026,March,03,Quarter 1,False,0.00023124999746128365,130.75856225694494,Pacific/Noumea
models,52,032d5d18-a14b-4c91-aa33-366acc16db60,bcaa9d24-f5b0-4d1e-b55e-33053b6138d2,22d257f6-edd1-467a-a2a7-cfd58720f462,Workflow_8308963,Not Started,e8f95e3c-8416-4a8b-8469-8ef95e7626a3,6129d71c-87ff-4a50-a77e-6ac5ec4c17d6,Default Workflow,Ideation,OneTrust Automation,2,2026-03-20T13:18:21.347+00:00,2026-03-20,2026,March,03,Quarter 1,2026-03-20T13:18:01.367+00:00,2026-03-20,2026,March,03,Quarter 1,False,0.00023124999746128365,130.92522892361163,Asia/Tomsk
models,52,032d5d18-a14b-4c91-aa33-366acc16db60,bcaa9d24-f5b0-4d1e-b55e-33053b6138d2,22d257f6-edd1-467a-a2a7-cfd58720f462,Workflow_8308963,Not Started,e8f95e3c-8416-4a8b-8469-8ef95e7626a3,6129d71c-87ff-4a50-a77e-6ac5ec4c17d6,Default Workflow,Ideation,OneTrust Automation,2,2026-03-20T07:18:21.347+00:00,2026-03-20,2026,March,03,Quarter 1,2026-03-20T07:18:01.367+00:00,2026-03-20,2026,March,03,Quarter 1,False,0.00023124999746128365,131.17522892361163,Atlantic/Jan_Mayen
models,52,032d5d18-a14b-4c91-aa33-366acc16db60,bcaa9d24-f5b0-4d1e-b55e-33053b6138d2,22d257f6-edd1-467a-a2a7-cfd58720f462,Workflow_8308963,Not Started,e8f95e3c-8416-4a8b-8469-8ef95e7626a3,6129d71c-87ff-4a50-a77e-6ac5ec4c17d6,Default Workflow,Ideation,OneTrust Automation,2,2026-03-20T16:18:21.347+00:00,2026-03-20,2026,March,03,Quarter 1,2026-03-20T16:18:01.367+00:00,2026-03-20,2026,March,03,Quarter 1,False,0.00023124999746128365,130.80022892361163,Asia/Vladivostok
models,52,032d5d18-a14b-4c91-aa33-366acc16db60,bcaa9d24-f5b0-4d1e-b55e-33053b6138d2,22d257f6-edd1-467a-a2a7-cfd58720f462,Workflow_8308963,Not Started,e8f95e3c-8416-4a8b-8469-8ef95e7626a3,6129d71c-87ff-4a50-a77e-6ac5ec4c17d6,Default Workflow,Ideation,OneTrust Automation,2,2026-03-20T13:18:21.347+00:00,2026-03-20,2026,March,03,Quarter 1,2026-03-20T13:18:01.367+00:00,2026-03-20,2026,March,03,Quarter 1,False,0.00023124999746128365,130.92522892361163,Etc/GMT-7
models,52,032d5d18-a14b-4c91-aa33-366acc16db60,bcaa9d24-f5b0-4d1e-b55e-33053b6138d2,22d257f6-edd1-467a-a2a7-cfd58720f462,Workflow_8308963,Not Started,e8f95e3c-8416-4a8b-8469-8ef95e7626a3,6129d71c-87ff-4a50-a77e-6ac5ec4c17d6,Default Workflow,Ideation,OneTrust Automation,2,2026-03-20T09:18:21.347+00:00,2026-03-20,2026,March,03,Quarter 1,2026-03-20T09:18:01.367+00:00,2026-03-20,2026,March,03,Quarter 1,False,0.00023124999746128365,131.09189559027828,Asia/Istanbul
models,52,032d5d18-a14b-4c91-aa33-366acc16db60,bcaa9d24-f5b0-4d1e-b55e-33053b6138d2,22d257f6-edd1-467a-a2a7-cfd58720f462,Workflow_8308963,Not Started,e8f95e3c-8416-4a8b-8469-8ef95e7626a3,6129d71c-87ff-4a50-a77e-6ac5ec4c17d6,Default Workflow,Ideation,OneTrust Automation,2,2026-03-20T14:18:21.347+00:00,2026-03-20,2026,March,03,Quarter 1,2026-03-20T14:18:01.367+00:00,2026-03-20,2026,March,03,Quarter 1,False,0.00023124999746128365,130.88356225694494,Asia/Chungking
models,52,032d5d18-a14b-4c91-aa33-366acc16db60,bcaa9d24-f5b0-4d1e-b55e-33053b6138d2,22d257f6-edd1-467a-a2a7-cfd58720f462,Workflow_8308963,Not Started,e8f95e3c-8416-4a8b-8469-8ef95e7626a3,6129d71c-87ff-4a50-a77e-6ac5ec4c17d6,Default Workflow,Ideation,OneTrust Automation,2,2026-03-20T02:18:21.347+00:00,2026-03-20,2026,March,03,Quarter 1,2026-03-20T02:18:01.367+00:00,2026-03-20,2026,March,03,Quarter 1,False,0.00023124999746128365,131.38356225694494,Cuba
models,52,032d5d18-a14b-4c91-aa33-366acc16db60,bcaa9d24-f5b0-4d1e-b55e-33053b6138d2,22d257f6-edd1-467a-a2a7-cfd58720f462,Workflow_8308963,Not Started,e8f95e3c-8416-4a8b-8469-8ef95e7626a3,6129d71c-87ff-4a50-a77e-6ac5ec4c17d6,Default Workflow,Ideation,OneTrust Automation,2,2026-03-20T17:18:21.347+00:00,2026-03-20,2026,March,03,Quarter 1,2026-03-20T17:18:01.367+00:00,2026-03-20,2026,March,03,Quarter 1,False,0.00023124999746128365,130.75856225694494,Antarctica/Macquarie
models,52,032d5d18-a14b-4c91-aa33-366acc16db60,bcaa9d24-f5b0-4d1e-b55e-33053b6138d2,22d257f6-edd1-467a-a2a7-cfd58720f462,Workflow_8308963,Not Started,e8f95e3c-8416-4a8b-8469-8ef95e7626a3,6129d71c-87ff-4a50-a77e-6ac5ec4c17d6,Default Workflow,Ideation,OneTrust Automation,2,2026-03-19T23:18:21.347+00:00,2026-03-19,2026,March,03,Quarter 1,2026-03-19T23:18:01.367+00:00,2026-03-19,2026,March,03,Quarter 1,False,0.00023124999746128365,131.50856225694494,Canada/Pacific
models,52,032d5d18-a14b-4c91-aa33-366acc16db60,bcaa9d24-f5b0-4d1e-b55e-33053b6138d2,22d257f6-edd1-467a-a2a7-cfd58720f462,Workflow_8308963,Not Started,e8f95e3c-8416-4a8b-8469-8ef95e7626a3,6129d71c-87ff-4a50-a77e-6ac5ec4c17d6,Default Workflow,Ideation,OneTrust Automation,2,2026-03-20T01:18:21.347+00:00,2026-03-20,2026,March,03,Quarter 1,2026-03-20T01:18:01.367+00:00,2026-03-20,2026,March,03,Quarter 1,False,0.00023124999746128365,131.42522892361163,America/Matamoros
models,52,032d5d18-a14b-4c91-aa33-366acc16db60,bcaa9d24-f5b0-4d1e-b55e-33053b6138d2,22d257f6-edd1-467a-a2a7-cfd58720f462,Workflow_8308963,Not Started,e8f95e3c-8416-4a8b-8469-8ef95e7626a3,6129d71c-87ff-4a50-a77e-6ac5ec4c17d6,Default Workflow,Ideation,OneTrust Automation,2,2026-03-20T09:18:21.347+00:00,2026-03-20,2026,March,03,Quarter 1,2026-03-20T09:18:01.367+00:00,2026-03-20,2026,March,03,Quarter 1,False,0.00023124999746128365,131.09189559027828,Europe/Kirov
models,52,032d5d18-a14b-4c91-aa33-366acc16db60,bcaa9d24-f5b0-4d1e-b55e-33053b6138d2,22d257f6-edd1-467a-a2a7-cfd58720f462,Workflow_8308963,Not Started,e8f95e3c-8416-4a8b-8469-8ef95e7626a3,6129d71c-87ff-4a50-a77e-6ac5ec4c17d6,Default Workflow,Ideation,OneTrust Automation,2,2026-03-20T17:18:21.347+00:00,2026-03-20,2026,March,03,Quarter 1,2026-03-20T17:18:01.367+00:00,2026-03-20,2026,March,03,Quarter 1,False,0.00023124999746128365,130.75856225694494,Pacific/Bougainville
models,52,032d5d18-a14b-4c91-aa33-366acc16db60,bcaa9d24-f5b0-4d1e-b55e-33053b6138d2,22d257f6-edd1-467a-a2a7-cfd58720f462,Workflow_8308963,Not Started,e8f95e3c-8416-4a8b-8469-8ef95e7626a3,6129d71c-87ff-4a50-a77e-6ac5ec4c17d6,Default Workflow,Ideation,OneTrust Automation,2,2026-03-20T09:18:21.347+00:00,2026-03-20,2026,March,03,Quarter 1,2026-03-20T09:18:01.367+00:00,2026-03-20,2026,March,03,Quarter 1,False,0.00023124999746128365,131.09189559027828,Africa/Asmara
models,52,032d5d18-a14b-4c91-aa33-366acc16db60,bcaa9d24-f5b0-4d1e-b55e-33053b6138d2,22d257f6-edd1-467a-a2a7-cfd58720f462,Workflow_8308963,Not Started,e8f95e3c-8416-4a8b-8469-8ef95e7626a3,6129d71c-87ff-4a50-a77e-6ac5ec4c17d6,Default Workflow,Ideation,OneTrust Automation,2,2026-03-20T02:18:21.347+00:00,2026-03-20,2026,March,03,Quarter 1,2026-03-20T02:18:01.367+00:00,2026-03-20,2026,March,03,Quarter 1,False,0.00023124999746128365,131.38356225694494,America/Virgin
models,52,032d5d18-a14b-4c91-aa33-366acc16db60,bcaa9d24-f5b0-4d1e-b55e-33053b6138d2,22d257f6-edd1-467a-a2a7-cfd58720f462,Workflow_8308963,Not Started,e8f95e3c-8416-4a8b-8469-8ef95e7626a3,6129d71c-87ff-4a50-a77e-6ac5ec4c17d6,Default Workflow,Ideation,OneTrust Automation,2,2026-03-20T07:18:21.347+00:00,2026-03-20,2026,March,03,Quarter 1,2026-03-20T07:18:01.367+00:00,2026-03-20,2026,March,03,Quarter 1,False,0.00023124999746128365,131.17522892361163,Arctic/Longyearbyen
models,52,032d5d18-a14b-4c91-aa33-366acc16db60,bcaa9d24-f5b0-4d1e-b55e-33053b6138d2,22d257f6-edd1-467a-a2a7-cfd58720f462,Workflow_8308963,Not Started,e8f95e3c-8416-4a8b-8469-8ef95e7626a3,6129d71c-87ff-4a50-a77e-6ac5ec4c17d6,Default Workflow,Ideation,OneTrust Automation,2,2026-03-20T02:18:21.347+00:00,2026-03-20,2026,March,03,Quarter 1,2026-03-20T02:18:01.367+00:00,2026-03-20,2026,March,03,Quarter 1,False,0.00023124999746128365,131.38356225694494,Etc/GMT+4
models,52,032d5d18-a14b-4c91-aa33-366acc16db60,bcaa9d24-f5b0-4d1e-b55e-33053b6138d2,22d257f6-edd1-467a-a2a7-cfd58720f462,Workflow_8308963,Not Started,e8f95e3c-8416-4a8b-8469-8ef95e7626a3,6129d71c-87ff-4a50-a77e-6ac5ec4c17d6,Default Workflow,Ideation,OneTrust Automation,2,2026-03-20T09:18:21.347+00:00,2026-03-20,2026,March,03,Quarter 1,2026-03-20T09:18:01.367+00:00,2026-03-20,2026,March,03,Quarter 1,False,0.00023124999746128365,131.09189559027828,Asia/Riyadh
models,52,032d5d18-a14b-4c91-aa33-366acc16db60,bcaa9d24-f5b0-4d1e-b55e-33053b6138d2,22d257f6-edd1-467a-a2a7-cfd58720f462,Workflow_8308963,Not Started,e8f95e3c-8416-4a8b-8469-8ef95e7626a3,6129d71c-87ff-4a50-a77e-6ac5ec4c17d6,Default Workflow,Ideation,OneTrust Automation,2,2026-03-19T22:18:21.347+00:00,2026-03-19,2026,March,03,Quarter 1,2026-03-19T22:18:01.367+00:00,2026-03-19,2026,March,03,Quarter 1,False,0.00023124999746128365,131.55022892361163,America/Sitka
models,52,032d5d18-a14b-4c91-aa33-366acc16db60,bcaa9d24-f5b0-4d1e-b55e-33053b6138d2,22d257f6-edd1-467a-a2a7-cfd58720f462,Workflow_8308963,Not Started,e8f95e3c-8416-4a8b-8469-8ef95e7626a3,6129d71c-87ff-4a50-a77e-6ac5ec4c17d6,Default Workflow,Ideation,OneTrust Automation,2,2026-03-20T08:18:21.347+00:00,2026-03-20,2026,March,03,Quarter 1,2026-03-20T08:18:01.367+00:00,2026-03-20,2026,March,03,Quarter 1,False,0.00023124999746128365,131.13356225694494,Europe/Riga
models,52,032d5d18-a14b-4c91-aa33-366acc16db60,bcaa9d24-f5b0-4d1e-b55e-33053b6138d2,22d257f6-edd1-467a-a2a7-cfd58720f462,Workflow_8308963,Not Started,e8f95e3c-8416-4a8b-8469-8ef95e7626a3,6129d71c-87ff-4a50-a77e-6ac5ec4c17d6,Default Workflow,Ideation,OneTrust Automation,2,2026-03-19T23:18:21.347+00:00,2026-03-19,2026,March,03,Quarter 1,2026-03-19T23:18:01.367+00:00,2026-03-19,2026,March,03,Quarter 1,False,0.00023124999746128365,131.50856225694494,America/Creston
models,52,032d5d18-a14b-4c91-aa33-366acc16db60,bcaa9d24-f5b0-4d1e-b55e-33053b6138d2,22d257f6-edd1-467a-a2a7-cfd58720f462,Workflow_8308963,Not Started,e8f95e3c-8416-4a8b-8469-8ef95e7626a3,6129d71c-87ff-4a50-a77e-6ac5ec4c17d6,Default Workflow,Ideation,OneTrust Automation,2,2026-03-20T01:18:21.347+00:00,2026-03-20,2026,March,03,Quarter 1,2026-03-20T01:18:01.367+00:00,2026-03-20,2026,March,03,Quarter 1,False,0.00023124999746128365,131.42522892361163,America/Rainy_River
models,52,032d5d18-a14b-4c91-aa33-366acc16db60,bcaa9d24-f5b0-4d1e-b55e-33053b6138d2,22d257f6-edd1-467a-a2a7-cfd58720f462,Workflow_8308963,Not Started,e8f95e3c-8416-4a8b-8469-8ef95e7626a3,6129d71c-87ff-4a50-a77e-6ac5ec4c17d6,Default Workflow,Ideation,OneTrust Automation,2,2026-03-20T03:18:21.347+00:00,2026-03-20,2026,March,03,Quarter 1,2026-03-20T03:18:01.367+00:00,2026-03-20,2026,March,03,Quarter 1,False,0.00023124999746128365,131.34189559027828,America/Recife
models,52,032d5d18-a14b-4c91-aa33-366acc16db60,bcaa9d24-f5b0-4d1e-b55e-33053b6138d2,22d257f6-edd1-467a-a2a7-cfd58720f462,Workflow_8308963,Not Started,e8f95e3c-8416-4a8b-8469-8ef95e7626a3,6129d71c-87ff-4a50-a77e-6ac5ec4c17d6,Default Workflow,Ideation,OneTrust Automation,2,2026-03-20T02:18:21.347+00:00,2026-03-20,2026,March,03,Quarter 1,2026-03-20T02:18:01.367+00:00,2026-03-20,2026,March,03,Quarter 1,False,0.00023124999746128365,131.38356225694494,America/Curacao
models,52,032d5d18-a14b-4c91-aa33-366acc16db60,bcaa9d24-f5b0-4d1e-b55e-33053b6138d2,22d257f6-edd1-467a-a2a7-cfd58720f462,Workflow_8308963,Not Started,e8f95e3c-8416-4a8b-8469-8ef95e7626a3,6129d71c-87ff-4a50-a77e-6ac5ec4c17d6,Default Workflow,Ideation,OneTrust Automation,2,2026-03-20T07:18:21.347+00:00,2026-03-20,2026,March,03,Quarter 1,2026-03-20T07:18:01.367+00:00,2026-03-20,2026,March,03,Quarter 1,False,0.00023124999746128365,131.17522892361163,Europe/Monaco
models,52,032d5d18-a14b-4c91-aa33-366acc16db60,bcaa9d24-f5b0-4d1e-b55e-33053b6138d2,22d257f6-edd1-467a-a2a7-cfd58720f462,Workflow_8308963,Not Started,e8f95e3c-8416-4a8b-8469-8ef95e7626a3,6129d71c-87ff-4a50-a77e-6ac5ec4c17d6,Default Workflow,Ideation,OneTrust Automation,2,2026-03-20T04:18:21.347+00:00,2026-03-20,2026,March,03,Quarter 1,2026-03-20T04:18:01.367+00:00,2026-03-20,2026,March,03,Quarter 1,False,0.00023124999746128365,131.30022892361163,America/Noronha
models,52,032d5d18-a14b-4c91-aa33-366acc16db60,bcaa9d24-f5b0-4d1e-b55e-33053b6138d2,22d257f6-edd1-467a-a2a7-cfd58720f462,Workflow_8308963,Not Started,e8f95e3c-8416-4a8b-8469-8ef95e7626a3,6129d71c-87ff-4a50-a77e-6ac5ec4c17d6,Default Workflow,Ideation,OneTrust Automation,2,2026-03-20T16:48:21.347+00:00,2026-03-20,2026,March,03,Quarter 1,2026-03-20T16:48:01.367+00:00,2026-03-20,2026,March,03,Quarter 1,False,0.00023124999746128365,130.77939559027828,Australia/Adelaide
models,52,032d5d18-a14b-4c91-aa33-366acc16db60,bcaa9d24-f5b0-4d1e-b55e-33053b6138d2,22d257f6-edd1-467a-a2a7-cfd58720f462,Workflow_8308963,Not Started,e8f95e3c-8416-4a8b-8469-8ef95e7626a3,6129d71c-87ff-4a50-a77e-6ac5ec4c17d6,Default Workflow,Ideation,OneTrust Automation,2,2026-03-20T09:18:21.347+00:00,2026-03-20,2026,March,03,Quarter 1,2026-03-20T09:18:01.367+00:00,2026-03-20,2026,March,03,Quarter 1,False,0.00023124999746128365,131.09189559027828,Europe/Volgograd
models,52,032d5d18-a14b-4c91-aa33-366acc16db60,bcaa9d24-f5b0-4d1e-b55e-33053b6138d2,22d257f6-edd1-467a-a2a7-cfd58720f462,Workflow_8308963,Not Started,e8f95e3c-8416-4a8b-8469-8ef95e7626a3,6129d71c-87ff-4a50-a77e-6ac5ec4c17d6,Default Workflow,Ideation,OneTrust Automation,2,2026-03-20T03:18:21.347+00:00,2026-03-20,2026,March,03,Quarter 1,2026-03-20T03:18:01.367+00:00,2026-03-20,2026,March,03,Quarter 1,False,0.00023124999746128365,131.34189559027828,America/Catamarca
models,52,032d5d18-a14b-4c91-aa33-366acc16db60,bcaa9d24-f5b0-4d1e-b55e-33053b6138d2,22d257f6-edd1-467a-a2a7-cfd58720f462,Workflow_8308963,Not Started,e8f95e3c-8416-4a8b-8469-8ef95e7626a3,6129d71c-87ff-4a50-a77e-6ac5ec4c17d6,Default Workflow,Ideation,OneTrust Automation,2,2026-03-20T02:18:21.347+00:00,2026-03-20,2026,March,03,Quarter 1,2026-03-20T02:18:01.367+00:00,2026-03-20,2026,March,03,Quarter 1,False,0.00023124999746128365,131.38356225694494,America/Port_of_Spain
models,52,032d5d18-a14b-4c91-aa33-366acc16db60,bcaa9d24-f5b0-4d1e-b55e-33053b6138d2,22d257f6-edd1-467a-a2a7-cfd58720f462,Workflow_8308963,Not Started,e8f95e3c-8416-4a8b-8469-8ef95e7626a3,6129d71c-87ff-4a50-a77e-6ac5ec4c17d6,Default Workflow,Ideation,OneTrust Automation,2,2026-03-20T07:18:21.347+00:00,2026-03-20,2026,March,03,Quarter 1,2026-03-20T07:18:01.367+00:00,2026-03-20,2026,March,03,Quarter 1,False,0.00023124999746128365,131.17522892361163,Europe/Busingen
models,52,032d5d18-a14b-4c91-aa33-366acc16db60,bcaa9d24-f5b0-4d1e-b55e-33053b6138d2,22d257f6-edd1-467a-a2a7-cfd58720f462,Workflow_8308963,Not Started,e8f95e3c-8416-4a8b-8469-8ef95e7626a3,6129d71c-87ff-4a50-a77e-6ac5ec4c17d6,Default Workflow,Ideation,OneTrust Automation,2,2026-03-20T06:18:21.347+00:00,2026-03-20,2026,March,03,Quarter 1,2026-03-20T06:18:01.367+00:00,2026-03-20,2026,March,03,Quarter 1,False,0.00023124999746128365,131.21689559027828,Europe/Isle_of_Man
models,52,032d5d18-a14b-4c91-aa33-366acc16db60,bcaa9d24-f5b0-4d1e-b55e-33053b6138d2,22d257f6-edd1-467a-a2a7-cfd58720f462,Workflow_8308963,Not Started,e8f95e3c-8416-4a8b-8469-8ef95e7626a3,6129d71c-87ff-4a50-a77e-6ac5ec4c17d6,Default Workflow,Ideation,OneTrust Automation,2,2026-03-20T01:18:21.347+00:00,2026-03-20,2026,March,03,Quarter 1,2026-03-20T01:18:01.367+00:00,2026-03-20,2026,March,03,Quarter 1,False,0.00023124999746128365,131.42522892361163,America/Coral_Harbour
models,52,032d5d18-a14b-4c91-aa33-366acc16db60,bcaa9d24-f5b0-4d1e-b55e-33053b6138d2,22d257f6-edd1-467a-a2a7-cfd58720f462,Workflow_8308963,Not Started,e8f95e3c-8416-4a8b-8469-8ef95e7626a3,6129d71c-87ff-4a50-a77e-6ac5ec4c17d6,Default Workflow,Ideation,OneTrust Automation,2,2026-03-20T10:18:21.347+00:00,2026-03-20,2026,March,03,Quarter 1,2026-03-20T10:18:01.367+00:00,2026-03-20,2026,March,03,Quarter 1,False,0.00023124999746128365,131.05022892361163,Etc/GMT-4
models,52,032d5d18-a14b-4c91-aa33-366acc16db60,bcaa9d24-f5b0-4d1e-b55e-33053b6138d2,22d257f6-edd1-467a-a2a7-cfd58720f462,Workflow_8308963,Not Started,e8f95e3c-8416-4a8b-8469-8ef95e7626a3,6129d71c-87ff-4a50-a77e-6ac5ec4c17d6,Default Workflow,Ideation,OneTrust Automation,2,2026-03-19T19:18:21.347+00:00,2026-03-19,2026,March,03,Quarter 1,2026-03-19T19:18:01.367+00:00,2026-03-19,2026,March,03,Quarter 1,False,0.00023124999746128365,131.67522892361163,Pacific/Pago_Pago
models,52,032d5d18-a14b-4c91-aa33-366acc16db60,bcaa9d24-f5b0-4d1e-b55e-33053b6138d2,22d257f6-edd1-467a-a2a7-cfd58720f462,Workflow_8308963,Not Started,e8f95e3c-8416-4a8b-8469-8ef95e7626a3,6129d71c-87ff-4a50-a77e-6ac5ec4c17d6,Default Workflow,Ideation,OneTrust Automation,2,2026-03-20T20:03:21.347+00:00,2026-03-20,2026,March,03,Quarter 1,2026-03-20T20:03:01.367+00:00,2026-03-20,2026,March,03,Quarter 1,False,0.00023124999746128365,130.64397892361163,Pacific/Chatham
models,52,032d5d18-a14b-4c91-aa33-366acc16db60,bcaa9d24-f5b0-4d1e-b55e-33053b6138d2,22d257f6-edd1-467a-a2a7-cfd58720f462,Workflow_8308963,Not Started,e8f95e3c-8416-4a8b-8469-8ef95e7626a3,6129d71c-87ff-4a50-a77e-6ac5ec4c17d6,Default Workflow,Ideation,OneTrust Automation,2,2026-03-20T13:18:21.347+00:00,2026-03-20,2026,March,03,Quarter 1,2026-03-20T13:18:01.367+00:00,2026-03-20,2026,March,03,Quarter 1,False,0.00023124999746128365,130.92522892361163,Asia/Jakarta
models,52,032d5d18-a14b-4c91-aa33-366acc16db60,bcaa9d24-f5b0-4d1e-b55e-33053b6138d2,22d257f6-edd1-467a-a2a7-cfd58720f462,Workflow_8308963,Not Started,e8f95e3c-8416-4a8b-8469-8ef95e7626a3,6129d71c-87ff-4a50-a77e-6ac5ec4c17d6,Default Workflow,Ideation,OneTrust Automation,2,2026-03-20T01:18:21.347+00:00,2026-03-20,2026,March,03,Quarter 1,2026-03-20T01:18:01.367+00:00,2026-03-20,2026,March,03,Quarter 1,False,0.00023124999746128365,131.42522892361163,America/Atikokan
models,52,032d5d18-a14b-4c91-aa33-366acc16db60,bcaa9d24-f5b0-4d1e-b55e-33053b6138d2,22d257f6-edd1-467a-a2a7-cfd58720f462,Workflow_8308963,Not Started,e8f95e3c-8416-4a8b-8469-8ef95e7626a3,6129d71c-87ff-4a50-a77e-6ac5ec4c17d6,Default Workflow,Ideation,OneTrust Automation,2,2026-03-20T03:18:21.347+00:00,2026-03-20,2026,March,03,Quarter 1,2026-03-20T03:18:01.367+00:00,2026-03-20,2026,March,03,Quarter 1,False,0.00023124999746128365,131.34189559027828,America/Montevideo
models,52,032d5d18-a14b-4c91-aa33-366acc16db60,bcaa9d24-f5b0-4d1e-b55e-33053b6138d2,22d257f6-edd1-467a-a2a7-cfd58720f462,Workflow_8308963,Not Started,e8f95e3c-8416-4a8b-8469-8ef95e7626a3,6129d71c-87ff-4a50-a77e-6ac5ec4c17d6,Default Workflow,Ideation,OneTrust Automation,2,2026-03-20T10:18:21.347+00:00,2026-03-20,2026,March,03,Quarter 1,2026-03-20T10:18:01.367+00:00,2026-03-20,2026,March,03,Quarter 1,False,0.00023124999746128365,131.05022892361163,Indian/Reunion
models,52,032d5d18-a14b-4c91-aa33-366acc16db60,bcaa9d24-f5b0-4d1e-b55e-33053b6138d2,22d257f6-edd1-467a-a2a7-cfd58720f462,Workflow_8308963,Not Started,e8f95e3c-8416-4a8b-8469-8ef95e7626a3,6129d71c-87ff-4a50-a77e-6ac5ec4c17d6,Default Workflow,Ideation,OneTrust Automation,2,2026-03-20T02:18:21.347+00:00,2026-03-20,2026,March,03,Quarter 1,2026-03-20T02:18:01.367+00:00,2026-03-20,2026,March,03,Quarter 1,False,0.00023124999746128365,131.38356225694494,America/Cuiaba
models,52,032d5d18-a14b-4c91-aa33-366acc16db60,bcaa9d24-f5b0-4d1e-b55e-33053b6138d2,22d257f6-edd1-467a-a2a7-cfd58720f462,Workflow_8308963,Not Started,e8f95e3c-8416-4a8b-8469-8ef95e7626a3,6129d71c-87ff-4a50-a77e-6ac5ec4c17d6,Default Workflow,Ideation,OneTrust Automation,2,2026-03-20T07:18:21.347+00:00,2026-03-20,2026,March,03,Quarter 1,2026-03-20T07:18:01.367+00:00,2026-03-20,2026,March,03,Quarter 1,False,0.00023124999746128365,131.17522892361163,Africa/Kinshasa
models,52,032d5d18-a14b-4c91-aa33-366acc16db60,bcaa9d24-f5b0-4d1e-b55e-33053b6138d2,22d257f6-edd1-467a-a2a7-cfd58720f462,Workflow_8308963,Not Started,e8f95e3c-8416-4a8b-8469-8ef95e7626a3,6129d71c-87ff-4a50-a77e-6ac5ec4c17d6,Default Workflow,Ideation,OneTrust Automation,2,2026-03-20T00:18:21.347+00:00,2026-03-20,2026,March,03,Quarter 1,2026-03-20T00:18:01.367+00:00,2026-03-20,2026,March,03,Quarter 1,False,0.00023124999746128365,131.46689559027828,America/Ciudad_Juarez
models,52,032d5d18-a14b-4c91-aa33-366acc16db60,bcaa9d24-f5b0-4d1e-b55e-33053b6138d2,22d257f6-edd1-467a-a2a7-cfd58720f462,Workflow_8308963,Not Started,e8f95e3c-8416-4a8b-8469-8ef95e7626a3,6129d71c-87ff-4a50-a77e-6ac5ec4c17d6,Default Workflow,Ideation,OneTrust Automation,2,2026-03-20T00:18:21.347+00:00,2026-03-20,2026,March,03,Quarter 1,2026-03-20T00:18:01.367+00:00,2026-03-20,2026,March,03,Quarter 1,False,0.00023124999746128365,131.46689559027828,Navajo
models,52,032d5d18-a14b-4c91-aa33-366acc16db60,bcaa9d24-f5b0-4d1e-b55e-33053b6138d2,22d257f6-edd1-467a-a2a7-cfd58720f462,Workflow_8308963,Not Started,e8f95e3c-8416-4a8b-8469-8ef95e7626a3,6129d71c-87ff-4a50-a77e-6ac5ec4c17d6,Default Workflow,Ideation,OneTrust Automation,2,2026-03-20T07:18:21.347+00:00,2026-03-20,2026,March,03,Quarter 1,2026-03-20T07:18:01.367+00:00,2026-03-20,2026,March,03,Quarter 1,False,0.00023124999746128365,131.17522892361163,Europe/Prague
models,52,032d5d18-a14b-4c91-aa33-366acc16db60,bcaa9d24-f5b0-4d1e-b55e-33053b6138d2,22d257f6-edd1-467a-a2a7-cfd58720f462,Workflow_8308963,Not Started,e8f95e3c-8416-4a8b-8469-8ef95e7626a3,6129d71c-87ff-4a50-a77e-6ac5ec4c17d6,Default Workflow,Ideation,OneTrust Automation,2,2026-03-20T09:18:21.347+00:00,2026-03-20,2026,March,03,Quarter 1,2026-03-20T09:18:01.367+00:00,2026-03-20,2026,March,03,Quarter 1,False,0.00023124999746128365,131.09189559027828,Antarctica/Syowa
models,52,032d5d18-a14b-4c91-aa33-366acc16db60,bcaa9d24-f5b0-4d1e-b55e-33053b6138d2,22d257f6-edd1-467a-a2a7-cfd58720f462,Workflow_8308963,Not Started,e8f95e3c-8416-4a8b-8469-8ef95e7626a3,6129d71c-87ff-4a50-a77e-6ac5ec4c17d6,Default Workflow,Ideation,OneTrust Automation,2,2026-03-19T23:18:21.347+00:00,2026-03-19,2026,March,03,Quarter 1,2026-03-19T23:18:01.367+00:00,2026-03-19,2026,March,03,Quarter 1,False,0.00023124999746128365,131.50856225694494,Mexico/BajaSur
models,52,032d5d18-a14b-4c91-aa33-366acc16db60,bcaa9d24-f5b0-4d1e-b55e-33053b6138d2,22d257f6-edd1-467a-a2a7-cfd58720f462,Workflow_8308963,Not Started,e8f95e3c-8416-4a8b-8469-8ef95e7626a3,6129d71c-87ff-4a50-a77e-6ac5ec4c17d6,Default Workflow,Ideation,OneTrust Automation,2,2026-03-20T06:18:21.347+00:00,2026-03-20,2026,March,03,Quarter 1,2026-03-20T06:18:01.367+00:00,2026-03-20,2026,March,03,Quarter 1,False,0.00023124999746128365,131.21689559027828,GMT
models,52,032d5d18-a14b-4c91-aa33-366acc16db60,bcaa9d24-f5b0-4d1e-b55e-33053b6138d2,22d257f6-edd1-467a-a2a7-cfd58720f462,Workflow_8308963,Not Started,e8f95e3c-8416-4a8b-8469-8ef95e7626a3,6129d71c-87ff-4a50-a77e-6ac5ec4c17d6,Default Workflow,Ideation,OneTrust Automation,2,2026-03-20T13:18:21.347+00:00,2026-03-20,2026,March,03,Quarter 1,2026-03-20T13:18:01.367+00:00,2026-03-20,2026,March,03,Quarter 1,False,0.00023124999746128365,130.92522892361163,Asia/Ho_Chi_Minh
models,52,032d5d18-a14b-4c91-aa33-366acc16db60,bcaa9d24-f5b0-4d1e-b55e-33053b6138d2,22d257f6-edd1-467a-a2a7-cfd58720f462,Workflow_8308963,Not Started,e8f95e3c-8416-4a8b-8469-8ef95e7626a3,6129d71c-87ff-4a50-a77e-6ac5ec4c17d6,Default Workflow,Ideation,OneTrust Automation,2,2026-03-20T02:18:21.347+00:00,2026-03-20,2026,March,03,Quarter 1,2026-03-20T02:18:01.367+00:00,2026-03-20,2026,March,03,Quarter 1,False,0.00023124999746128365,131.38356225694494,America/La_Paz
models,52,032d5d18-a14b-4c91-aa33-366acc16db60,bcaa9d24-f5b0-4d1e-b55e-33053b6138d2,22d257f6-edd1-467a-a2a7-cfd58720f462,Workflow_8308963,Not Started,e8f95e3c-8416-4a8b-8469-8ef95e7626a3,6129d71c-87ff-4a50-a77e-6ac5ec4c17d6,Default Workflow,Ideation,OneTrust Automation,2,2026-03-20T16:18:21.347+00:00,2026-03-20,2026,March,03,Quarter 1,2026-03-20T16:18:01.367+00:00,2026-03-20,2026,March,03,Quarter 1,False,0.00023124999746128365,130.80022892361163,Etc/GMT-10
models,52,032d5d18-a14b-4c91-aa33-366acc16db60,bcaa9d24-f5b0-4d1e-b55e-33053b6138d2,22d257f6-edd1-467a-a2a7-cfd58720f462,Workflow_8308963,Not Started,e8f95e3c-8416-4a8b-8469-8ef95e7626a3,6129d71c-87ff-4a50-a77e-6ac5ec4c17d6,Default Workflow,Ideation,OneTrust Automation,2,2026-03-20T01:18:21.347+00:00,2026-03-20,2026,March,03,Quarter 1,2026-03-20T01:18:01.367+00:00,2026-03-20,2026,March,03,Quarter 1,False,0.00023124999746128365,131.42522892361163,America/Rankin_Inlet
models,52,032d5d18-a14b-4c91-aa33-366acc16db60,bcaa9d24-f5b0-4d1e-b55e-33053b6138d2,22d257f6-edd1-467a-a2a7-cfd58720f462,Workflow_8308963,Not Started,e8f95e3c-8416-4a8b-8469-8ef95e7626a3,6129d71c-87ff-4a50-a77e-6ac5ec4c17d6,Default Workflow,Ideation,OneTrust Automation,2,2026-03-20T17:18:21.347+00:00,2026-03-20,2026,March,03,Quarter 1,2026-03-20T17:18:01.367+00:00,2026-03-20,2026,March,03,Quarter 1,False,0.00023124999746128365,130.75856225694494,Pacific/Pohnpei
models,52,032d5d18-a14b-4c91-aa33-366acc16db60,bcaa9d24-f5b0-4d1e-b55e-33053b6138d2,22d257f6-edd1-467a-a2a7-cfd58720f462,Workflow_8308963,Not Started,e8f95e3c-8416-4a8b-8469-8ef95e7626a3,6129d71c-87ff-4a50-a77e-6ac5ec4c17d6,Default Workflow,Ideation,OneTrust Automation,2,2026-03-20T18:18:21.347+00:00,2026-03-20,2026,March,03,Quarter 1,2026-03-20T18:18:01.367+00:00,2026-03-20,2026,March,03,Quarter 1,False,0.00023124999746128365,130.71689559027828,Pacific/Majuro
models,52,032d5d18-a14b-4c91-aa33-366acc16db60,bcaa9d24-f5b0-4d1e-b55e-33053b6138d2,22d257f6-edd1-467a-a2a7-cfd58720f462,Workflow_8308963,Not Started,e8f95e3c-8416-4a8b-8469-8ef95e7626a3,6129d71c-87ff-4a50-a77e-6ac5ec4c17d6,Default Workflow,Ideation,OneTrust Automation,2,2026-03-20T02:18:21.347+00:00,2026-03-20,2026,March,03,Quarter 1,2026-03-20T02:18:01.367+00:00,2026-03-20,2026,March,03,Quarter 1,False,0.00023124999746128365,131.38356225694494,America/Guyana
models,52,032d5d18-a14b-4c91-aa33-366acc16db60,bcaa9d24-f5b0-4d1e-b55e-33053b6138d2,22d257f6-edd1-467a-a2a7-cfd58720f462,Workflow_8308963,Not Started,e8f95e3c-8416-4a8b-8469-8ef95e7626a3,6129d71c-87ff-4a50-a77e-6ac5ec4c17d6,Default Workflow,Ideation,OneTrust Automation,2,2026-03-20T15:03:21.347+00:00,2026-03-20,2026,March,03,Quarter 1,2026-03-20T15:03:01.367+00:00,2026-03-20,2026,March,03,Quarter 1,False,0.00023124999746128365,130.85231225694494,Australia/Eucla
models,52,032d5d18-a14b-4c91-aa33-366acc16db60,bcaa9d24-f5b0-4d1e-b55e-33053b6138d2,22d257f6-edd1-467a-a2a7-cfd58720f462,Workflow_8308963,Not Started,e8f95e3c-8416-4a8b-8469-8ef95e7626a3,6129d71c-87ff-4a50-a77e-6ac5ec4c17d6,Default Workflow,Ideation,OneTrust Automation,2,2026-03-20T03:18:21.347+00:00,2026-03-20,2026,March,03,Quarter 1,2026-03-20T03:18:01.367+00:00,2026-03-20,2026,March,03,Quarter 1,False,0.00023124999746128365,131.34189559027828,America/Argentina/San_Luis
models,52,032d5d18-a14b-4c91-aa33-366acc16db60,bcaa9d24-f5b0-4d1e-b55e-33053b6138d2,22d257f6-edd1-467a-a2a7-cfd58720f462,Workflow_8308963,Not Started,e8f95e3c-8416-4a8b-8469-8ef95e7626a3,6129d71c-87ff-4a50-a77e-6ac5ec4c17d6,Default Workflow,Ideation,OneTrust Automation,2,2026-03-20T07:18:21.347+00:00,2026-03-20,2026,March,03,Quarter 1,2026-03-20T07:18:01.367+00:00,2026-03-20,2026,March,03,Quarter 1,False,0.00023124999746128365,131.17522892361163,Europe/Malta
models,52,032d5d18-a14b-4c91-aa33-366acc16db60,bcaa9d24-f5b0-4d1e-b55e-33053b6138d2,22d257f6-edd1-467a-a2a7-cfd58720f462,Workflow_8308963,Not Started,e8f95e3c-8416-4a8b-8469-8ef95e7626a3,6129d71c-87ff-4a50-a77e-6ac5ec4c17d6,Default Workflow,Ideation,OneTrust Automation,2,2026-03-20T03:18:21.347+00:00,2026-03-20,2026,March,03,Quarter 1,2026-03-20T03:18:01.367+00:00,2026-03-20,2026,March,03,Quarter 1,False,0.00023124999746128365,131.34189559027828,America/Argentina/San_Juan
models,52,032d5d18-a14b-4c91-aa33-366acc16db60,bcaa9d24-f5b0-4d1e-b55e-33053b6138d2,22d257f6-edd1-467a-a2a7-cfd58720f462,Workflow_8308963,Not Started,e8f95e3c-8416-4a8b-8469-8ef95e7626a3,6129d71c-87ff-4a50-a77e-6ac5ec4c17d6,Default Workflow,Ideation,OneTrust Automation,2,2026-03-20T08:18:21.347+00:00,2026-03-20,2026,March,03,Quarter 1,2026-03-20T08:18:01.367+00:00,2026-03-20,2026,March,03,Quarter 1,False,0.00023124999746128365,131.13356225694494,Africa/Maputo
models,52,032d5d18-a14b-4c91-aa33-366acc16db60,bcaa9d24-f5b0-4d1e-b55e-33053b6138d2,22d257f6-edd1-467a-a2a7-cfd58720f462,Workflow_8308963,Not Started,e8f95e3c-8416-4a8b-8469-8ef95e7626a3,6129d71c-87ff-4a50-a77e-6ac5ec4c17d6,Default Workflow,Ideation,OneTrust Automation,2,2026-03-20T02:18:21.347+00:00,2026-03-20,2026,March,03,Quarter 1,2026-03-20T02:18:01.367+00:00,2026-03-20,2026,March,03,Quarter 1,False,0.00023124999746128365,131.38356225694494,America/Toronto
models,52,032d5d18-a14b-4c91-aa33-366acc16db60,bcaa9d24-f5b0-4d1e-b55e-33053b6138d2,22d257f6-edd1-467a-a2a7-cfd58720f462,Workflow_8308963,Not Started,e8f95e3c-8416-4a8b-8469-8ef95e7626a3,6129d71c-87ff-4a50-a77e-6ac5ec4c17d6,Default Workflow,Ideation,OneTrust Automation,2,2026-03-19T20:18:21.347+00:00,2026-03-19,2026,March,03,Quarter 1,2026-03-19T20:18:01.367+00:00,2026-03-19,2026,March,03,Quarter 1,False,0.00023124999746128365,131.63356225694494,Pacific/Rarotonga
models,52,032d5d18-a14b-4c91-aa33-366acc16db60,bcaa9d24-f5b0-4d1e-b55e-33053b6138d2,22d257f6-edd1-467a-a2a7-cfd58720f462,Workflow_8308963,Not Started,e8f95e3c-8416-4a8b-8469-8ef95e7626a3,6129d71c-87ff-4a50-a77e-6ac5ec4c17d6,Default Workflow,Ideation,OneTrust Automation,2,2026-03-20T06:18:21.347+00:00,2026-03-20,2026,March,03,Quarter 1,2026-03-20T06:18:01.367+00:00,2026-03-20,2026,March,03,Quarter 1,False,0.00023124999746128365,131.21689559027828,Eire
models,52,032d5d18-a14b-4c91-aa33-366acc16db60,bcaa9d24-f5b0-4d1e-b55e-33053b6138d2,22d257f6-edd1-467a-a2a7-cfd58720f462,Workflow_8308963,Not Started,e8f95e3c-8416-4a8b-8469-8ef95e7626a3,6129d71c-87ff-4a50-a77e-6ac5ec4c17d6,Default Workflow,Ideation,OneTrust Automation,2,2026-03-20T07:18:21.347+00:00,2026-03-20,2026,March,03,Quarter 1,2026-03-20T07:18:01.367+00:00,2026-03-20,2026,March,03,Quarter 1,False,0.00023124999746128365,131.17522892361163,Etc/GMT-1
models,52,032d5d18-a14b-4c91-aa33-366acc16db60,bcaa9d24-f5b0-4d1e-b55e-33053b6138d2,22d257f6-edd1-467a-a2a7-cfd58720f462,Workflow_8308963,Not Started,e8f95e3c-8416-4a8b-8469-8ef95e7626a3,6129d71c-87ff-4a50-a77e-6ac5ec4c17d6,Default Workflow,Ideation,OneTrust Automation,2,2026-03-20T08:18:21.347+00:00,2026-03-20,2026,March,03,Quarter 1,2026-03-20T08:18:01.367+00:00,2026-03-20,2026,March,03,Quarter 1,False,0.00023124999746128365,131.13356225694494,Africa/Johannesburg
models,52,032d5d18-a14b-4c91-aa33-366acc16db60,bcaa9d24-f5b0-4d1e-b55e-33053b6138d2,22d257f6-edd1-467a-a2a7-cfd58720f462,Workflow_8308963,Not Started,e8f95e3c-8416-4a8b-8469-8ef95e7626a3,6129d71c-87ff-4a50-a77e-6ac5ec4c17d6,Default Workflow,Ideation,OneTrust Automation,2,2026-03-20T01:18:21.347+00:00,2026-03-20,2026,March,03,Quarter 1,2026-03-20T01:18:01.367+00:00,2026-03-20,2026,March,03,Quarter 1,False,0.00023124999746128365,131.42522892361163,America/Chicago
models,52,032d5d18-a14b-4c91-aa33-366acc16db60,bcaa9d24-f5b0-4d1e-b55e-33053b6138d2,22d257f6-edd1-467a-a2a7-cfd58720f462,Workflow_8308963,Not Started,e8f95e3c-8416-4a8b-8469-8ef95e7626a3,6129d71c-87ff-4a50-a77e-6ac5ec4c17d6,Default Workflow,Ideation,OneTrust Automation,2,2026-03-20T11:18:21.347+00:00,2026-03-20,2026,March,03,Quarter 1,2026-03-20T11:18:01.367+00:00,2026-03-20,2026,March,03,Quarter 1,False,0.00023124999746128365,131.00856225694494,Asia/Aqtau
models,52,032d5d18-a14b-4c91-aa33-366acc16db60,bcaa9d24-f5b0-4d1e-b55e-33053b6138d2,22d257f6-edd1-467a-a2a7-cfd58720f462,Workflow_8308963,Not Started,e8f95e3c-8416-4a8b-8469-8ef95e7626a3,6129d71c-87ff-4a50-a77e-6ac5ec4c17d6,Default Workflow,Ideation,OneTrust Automation,2,2026-03-20T16:18:21.347+00:00,2026-03-20,2026,March,03,Quarter 1,2026-03-20T16:18:01.367+00:00,2026-03-20,2026,March,03,Quarter 1,False,0.00023124999746128365,130.80022892361163,Australia/Queensland
models,52,032d5d18-a14b-4c91-aa33-366acc16db60,bcaa9d24-f5b0-4d1e-b55e-33053b6138d2,22d257f6-edd1-467a-a2a7-cfd58720f462,Workflow_8308963,Not Started,e8f95e3c-8416-4a8b-8469-8ef95e7626a3,6129d71c-87ff-4a50-a77e-6ac5ec4c17d6,Default Workflow,Ideation,OneTrust Automation,2,2026-03-20T07:18:21.347+00:00,2026-03-20,2026,March,03,Quarter 1,2026-03-20T07:18:01.367+00:00,2026-03-20,2026,March,03,Quarter 1,False,0.00023124999746128365,131.17522892361163,Europe/Podgorica
models,52,032d5d18-a14b-4c91-aa33-366acc16db60,bcaa9d24-f5b0-4d1e-b55e-33053b6138d2,22d257f6-edd1-467a-a2a7-cfd58720f462,Workflow_8308963,Not Started,e8f95e3c-8416-4a8b-8469-8ef95e7626a3,6129d71c-87ff-4a50-a77e-6ac5ec4c17d6,Default Workflow,Ideation,OneTrust Automation,2,2026-03-20T13:18:21.347+00:00,2026-03-20,2026,March,03,Quarter 1,2026-03-20T13:18:01.367+00:00,2026-03-20,2026,March,03,Quarter 1,False,0.00023124999746128365,130.92522892361163,Asia/Saigon
models,52,032d5d18-a14b-4c91-aa33-366acc16db60,bcaa9d24-f5b0-4d1e-b55e-33053b6138d2,22d257f6-edd1-467a-a2a7-cfd58720f462,Workflow_8308963,Not Started,e8f95e3c-8416-4a8b-8469-8ef95e7626a3,6129d71c-87ff-4a50-a77e-6ac5ec4c17d6,Default Workflow,Ideation,OneTrust Automation,2,2026-03-20T03:18:21.347+00:00,2026-03-20,2026,March,03,Quarter 1,2026-03-20T03:18:01.367+00:00,2026-03-20,2026,March,03,Quarter 1,False,0.00023124999746128365,131.34189559027828,Chile/Continental
models,52,032d5d18-a14b-4c91-aa33-366acc16db60,bcaa9d24-f5b0-4d1e-b55e-33053b6138d2,22d257f6-edd1-467a-a2a7-cfd58720f462,Workflow_8308963,Not Started,e8f95e3c-8416-4a8b-8469-8ef95e7626a3,6129d71c-87ff-4a50-a77e-6ac5ec4c17d6,Default Workflow,Ideation,OneTrust Automation,2,2026-03-20T02:18:21.347+00:00,2026-03-20,2026,March,03,Quarter 1,2026-03-20T02:18:01.367+00:00,2026-03-20,2026,March,03,Quarter 1,False,0.00023124999746128365,131.38356225694494,America/Campo_Grande
models,52,032d5d18-a14b-4c91-aa33-366acc16db60,bcaa9d24-f5b0-4d1e-b55e-33053b6138d2,22d257f6-edd1-467a-a2a7-cfd58720f462,Workflow_8308963,Not Started,e8f95e3c-8416-4a8b-8469-8ef95e7626a3,6129d71c-87ff-4a50-a77e-6ac5ec4c17d6,Default Workflow,Ideation,OneTrust Automation,2,2026-03-20T02:18:21.347+00:00,2026-03-20,2026,March,03,Quarter 1,2026-03-20T02:18:01.367+00:00,2026-03-20,2026,March,03,Quarter 1,False,0.00023124999746128365,131.38356225694494,America/Indiana/Vevay
models,52,032d5d18-a14b-4c91-aa33-366acc16db60,bcaa9d24-f5b0-4d1e-b55e-33053b6138d2,22d257f6-edd1-467a-a2a7-cfd58720f462,Workflow_8308963,Not Started,e8f95e3c-8416-4a8b-8469-8ef95e7626a3,6129d71c-87ff-4a50-a77e-6ac5ec4c17d6,Default Workflow,Ideation,OneTrust Automation,2,2026-03-19T20:18:21.347+00:00,2026-03-19,2026,March,03,Quarter 1,2026-03-19T20:18:01.367+00:00,2026-03-19,2026,March,03,Quarter 1,False,0.00023124999746128365,131.63356225694494,HST
models,52,032d5d18-a14b-4c91-aa33-366acc16db60,bcaa9d24-f5b0-4d1e-b55e-33053b6138d2,22d257f6-edd1-467a-a2a7-cfd58720f462,Workflow_8308963,Not Started,e8f95e3c-8416-4a8b-8469-8ef95e7626a3,6129d71c-87ff-4a50-a77e-6ac5ec4c17d6,Default Workflow,Ideation,OneTrust Automation,2,2026-03-20T04:18:21.347+00:00,2026-03-20,2026,March,03,Quarter 1,2026-03-20T04:18:01.367+00:00,2026-03-20,2026,March,03,Quarter 1,False,0.00023124999746128365,131.30022892361163,America/Scoresbysund
models,52,032d5d18-a14b-4c91-aa33-366acc16db60,bcaa9d24-f5b0-4d1e-b55e-33053b6138d2,22d257f6-edd1-467a-a2a7-cfd58720f462,Workflow_8308963,Not Started,e8f95e3c-8416-4a8b-8469-8ef95e7626a3,6129d71c-87ff-4a50-a77e-6ac5ec4c17d6,Default Workflow,Ideation,OneTrust Automation,2,2026-03-20T07:18:21.347+00:00,2026-03-20,2026,March,03,Quarter 1,2026-03-20T07:18:01.367+00:00,2026-03-20,2026,March,03,Quarter 1,False,0.00023124999746128365,131.17522892361163,MET
models,52,032d5d18-a14b-4c91-aa33-366acc16db60,bcaa9d24-f5b0-4d1e-b55e-33053b6138d2,22d257f6-edd1-467a-a2a7-cfd58720f462,Workflow_8308963,Not Started,e8f95e3c-8416-4a8b-8469-8ef95e7626a3,6129d71c-87ff-4a50-a77e-6ac5ec4c17d6,Default Workflow,Ideation,OneTrust Automation,2,2026-03-20T00:18:21.347+00:00,2026-03-20,2026,March,03,Quarter 1,2026-03-20T00:18:01.367+00:00,2026-03-20,2026,March,03,Quarter 1,False,0.00023124999746128365,131.46689559027828,America/Tegucigalpa
models,52,032d5d18-a14b-4c91-aa33-366acc16db60,bcaa9d24-f5b0-4d1e-b55e-33053b6138d2,22d257f6-edd1-467a-a2a7-cfd58720f462,Workflow_8308963,Not Started,e8f95e3c-8416-4a8b-8469-8ef95e7626a3,6129d71c-87ff-4a50-a77e-6ac5ec4c17d6,Default Workflow,Ideation,OneTrust Automation,2,2026-03-20T06:18:21.347+00:00,2026-03-20,2026,March,03,Quarter 1,2026-03-20T06:18:01.367+00:00,2026-03-20,2026,March,03,Quarter 1,False,0.00023124999746128365,131.21689559027828,Atlantic/Reykjavik
models,52,032d5d18-a14b-4c91-aa33-366acc16db60,bcaa9d24-f5b0-4d1e-b55e-33053b6138d2,22d257f6-edd1-467a-a2a7-cfd58720f462,Workflow_8308963,Not Started,e8f95e3c-8416-4a8b-8469-8ef95e7626a3,6129d71c-87ff-4a50-a77e-6ac5ec4c17d6,Default Workflow,Ideation,OneTrust Automation,2,2026-03-20T05:18:21.347+00:00,2026-03-20,2026,March,03,Quarter 1,2026-03-20T05:18:01.367+00:00,2026-03-20,2026,March,03,Quarter 1,False,0.00023124999746128365,131.25856225694494,Etc/GMT+1
models,52,032d5d18-a14b-4c91-aa33-366acc16db60,bcaa9d24-f5b0-4d1e-b55e-33053b6138d2,22d257f6-edd1-467a-a2a7-cfd58720f462,Workflow_8308963,Not Started,e8f95e3c-8416-4a8b-8469-8ef95e7626a3,6129d71c-87ff-4a50-a77e-6ac5ec4c17d6,Default Workflow,Ideation,OneTrust Automation,2,2026-03-20T08:18:21.347+00:00,2026-03-20,2026,March,03,Quarter 1,2026-03-20T08:18:01.367+00:00,2026-03-20,2026,March,03,Quarter 1,False,0.00023124999746128365,131.13356225694494,Europe/Zaporozhye
models,52,032d5d18-a14b-4c91-aa33-366acc16db60,bcaa9d24-f5b0-4d1e-b55e-33053b6138d2,22d257f6-edd1-467a-a2a7-cfd58720f462,Workflow_8308963,Not Started,e8f95e3c-8416-4a8b-8469-8ef95e7626a3,6129d71c-87ff-4a50-a77e-6ac5ec4c17d6,Default Workflow,Ideation,OneTrust Automation,2,2026-03-20T00:18:21.347+00:00,2026-03-20,2026,March,03,Quarter 1,2026-03-20T00:18:01.367+00:00,2026-03-20,2026,March,03,Quarter 1,False,0.00023124999746128365,131.46689559027828,America/Shiprock
models,52,032d5d18-a14b-4c91-aa33-366acc16db60,bcaa9d24-f5b0-4d1e-b55e-33053b6138d2,22d257f6-edd1-467a-a2a7-cfd58720f462,Workflow_8308963,Not Started,e8f95e3c-8416-4a8b-8469-8ef95e7626a3,6129d71c-87ff-4a50-a77e-6ac5ec4c17d6,Default Workflow,Ideation,OneTrust Automation,2,2026-03-19T22:18:21.347+00:00,2026-03-19,2026,March,03,Quarter 1,2026-03-19T22:18:01.367+00:00,2026-03-19,2026,March,03,Quarter 1,False,0.00023124999746128365,131.55022892361163,America/Metlakatla
models,52,032d5d18-a14b-4c91-aa33-366acc16db60,bcaa9d24-f5b0-4d1e-b55e-33053b6138d2,22d257f6-edd1-467a-a2a7-cfd58720f462,Workflow_8308963,Not Started,e8f95e3c-8416-4a8b-8469-8ef95e7626a3,6129d71c-87ff-4a50-a77e-6ac5ec4c17d6,Default Workflow,Ideation,OneTrust Automation,2,2026-03-20T08:18:21.347+00:00,2026-03-20,2026,March,03,Quarter 1,2026-03-20T08:18:01.367+00:00,2026-03-20,2026,March,03,Quarter 1,False,0.00023124999746128365,131.13356225694494,Asia/Hebron
models,52,032d5d18-a14b-4c91-aa33-366acc16db60,bcaa9d24-f5b0-4d1e-b55e-33053b6138d2,22d257f6-edd1-467a-a2a7-cfd58720f462,Workflow_8308963,Not Started,e8f95e3c-8416-4a8b-8469-8ef95e7626a3,6129d71c-87ff-4a50-a77e-6ac5ec4c17d6,Default Workflow,Ideation,OneTrust Automation,2,2026-03-20T08:18:21.347+00:00,2026-03-20,2026,March,03,Quarter 1,2026-03-20T08:18:01.367+00:00,2026-03-20,2026,March,03,Quarter 1,False,0.00023124999746128365,131.13356225694494,Europe/Helsinki
models,52,032d5d18-a14b-4c91-aa33-366acc16db60,bcaa9d24-f5b0-4d1e-b55e-33053b6138d2,22d257f6-edd1-467a-a2a7-cfd58720f462,Workflow_8308963,Not Started,e8f95e3c-8416-4a8b-8469-8ef95e7626a3,6129d71c-87ff-4a50-a77e-6ac5ec4c17d6,Default Workflow,Ideation,OneTrust Automation,2,2026-03-20T03:18:21.347+00:00,2026-03-20,2026,March,03,Quarter 1,2026-03-20T03:18:01.367+00:00,2026-03-20,2026,March,03,Quarter 1,False,0.00023124999746128365,131.34189559027828,America/Halifax
models,52,032d5d18-a14b-4c91-aa33-366acc16db60,bcaa9d24-f5b0-4d1e-b55e-33053b6138d2,22d257f6-edd1-467a-a2a7-cfd58720f462,Workflow_8308963,Not Started,e8f95e3c-8416-4a8b-8469-8ef95e7626a3,6129d71c-87ff-4a50-a77e-6ac5ec4c17d6,Default Workflow,Ideation,OneTrust Automation,2,2026-03-20T09:18:21.347+00:00,2026-03-20,2026,March,03,Quarter 1,2026-03-20T09:18:01.367+00:00,2026-03-20,2026,March,03,Quarter 1,False,0.00023124999746128365,131.09189559027828,Africa/Djibouti
models,52,032d5d18-a14b-4c91-aa33-366acc16db60,bcaa9d24-f5b0-4d1e-b55e-33053b6138d2,22d257f6-edd1-467a-a2a7-cfd58720f462,Workflow_8308963,Not Started,e8f95e3c-8416-4a8b-8469-8ef95e7626a3,6129d71c-87ff-4a50-a77e-6ac5ec4c17d6,Default Workflow,Ideation,OneTrust Automation,2,2026-03-20T14:18:21.347+00:00,2026-03-20,2026,March,03,Quarter 1,2026-03-20T14:18:01.367+00:00,2026-03-20,2026,March,03,Quarter 1,False,0.00023124999746128365,130.88356225694494,Asia/Hong_Kong
models,52,032d5d18-a14b-4c91-aa33-366acc16db60,bcaa9d24-f5b0-4d1e-b55e-33053b6138d2,22d257f6-edd1-467a-a2a7-cfd58720f462,Workflow_8308963,Not Started,e8f95e3c-8416-4a8b-8469-8ef95e7626a3,6129d71c-87ff-4a50-a77e-6ac5ec4c17d6,Default Workflow,Ideation,OneTrust Automation,2,2026-03-20T17:18:21.347+00:00,2026-03-20,2026,March,03,Quarter 1,2026-03-20T17:18:01.367+00:00,2026-03-20,2026,March,03,Quarter 1,False,0.00023124999746128365,130.75856225694494,Australia/Currie
models,52,032d5d18-a14b-4c91-aa33-366acc16db60,bcaa9d24-f5b0-4d1e-b55e-33053b6138d2,22d257f6-edd1-467a-a2a7-cfd58720f462,Workflow_8308963,Not Started,e8f95e3c-8416-4a8b-8469-8ef95e7626a3,6129d71c-87ff-4a50-a77e-6ac5ec4c17d6,Default Workflow,Ideation,OneTrust Automation,2,2026-03-19T20:18:21.347+00:00,2026-03-19,2026,March,03,Quarter 1,2026-03-19T20:18:01.367+00:00,2026-03-19,2026,March,03,Quarter 1,False,0.00023124999746128365,131.63356225694494,Pacific/Tahiti
models,52,032d5d18-a14b-4c91-aa33-366acc16db60,bcaa9d24-f5b0-4d1e-b55e-33053b6138d2,22d257f6-edd1-467a-a2a7-cfd58720f462,Workflow_8308963,Not Started,e8f95e3c-8416-4a8b-8469-8ef95e7626a3,6129d71c-87ff-4a50-a77e-6ac5ec4c17d6,Default Workflow,Ideation,OneTrust Automation,2,2026-03-20T01:18:21.347+00:00,2026-03-20,2026,March,03,Quarter 1,2026-03-20T01:18:01.367+00:00,2026-03-20,2026,March,03,Quarter 1,False,0.00023124999746128365,131.42522892361163,America/Lima
models,52,032d5d18-a14b-4c91-aa33-366acc16db60,bcaa9d24-f5b0-4d1e-b55e-33053b6138d2,22d257f6-edd1-467a-a2a7-cfd58720f462,Workflow_8308963,Not Started,e8f95e3c-8416-4a8b-8469-8ef95e7626a3,6129d71c-87ff-4a50-a77e-6ac5ec4c17d6,Default Workflow,Ideation,OneTrust Automation,2,2026-03-20T00:18:21.347+00:00,2026-03-20,2026,March,03,Quarter 1,2026-03-20T00:18:01.367+00:00,2026-03-20,2026,March,03,Quarter 1,False,0.00023124999746128365,131.46689559027828,America/Chihuahua
models,52,032d5d18-a14b-4c91-aa33-366acc16db60,bcaa9d24-f5b0-4d1e-b55e-33053b6138d2,22d257f6-edd1-467a-a2a7-cfd58720f462,Workflow_8308963,Not Started,e8f95e3c-8416-4a8b-8469-8ef95e7626a3,6129d71c-87ff-4a50-a77e-6ac5ec4c17d6,Default Workflow,Ideation,OneTrust Automation,2,2026-03-20T15:18:21.347+00:00,2026-03-20,2026,March,03,Quarter 1,2026-03-20T15:18:01.367+00:00,2026-03-20,2026,March,03,Quarter 1,False,0.00023124999746128365,130.84189559027828,Asia/Tokyo
models,52,032d5d18-a14b-4c91-aa33-366acc16db60,bcaa9d24-f5b0-4d1e-b55e-33053b6138d2,22d257f6-edd1-467a-a2a7-cfd58720f462,Workflow_8308963,Not Started,e8f95e3c-8416-4a8b-8469-8ef95e7626a3,6129d71c-87ff-4a50-a77e-6ac5ec4c17d6,Default Workflow,Ideation,OneTrust Automation,2,2026-03-20T03:18:21.347+00:00,2026-03-20,2026,March,03,Quarter 1,2026-03-20T03:18:01.367+00:00,2026-03-20,2026,March,03,Quarter 1,False,0.00023124999746128365,131.34189559027828,America/Punta_Arenas
models,52,032d5d18-a14b-4c91-aa33-366acc16db60,bcaa9d24-f5b0-4d1e-b55e-33053b6138d2,22d257f6-edd1-467a-a2a7-cfd58720f462,Workflow_8308963,Not Started,e8f95e3c-8416-4a8b-8469-8ef95e7626a3,6129d71c-87ff-4a50-a77e-6ac5ec4c17d6,Default Workflow,Ideation,OneTrust Automation,2,2026-03-20T06:18:21.347+00:00,2026-03-20,2026,March,03,Quarter 1,2026-03-20T06:18:01.367+00:00,2026-03-20,2026,March,03,Quarter 1,False,0.00023124999746128365,131.21689559027828,Etc/GMT
models,52,032d5d18-a14b-4c91-aa33-366acc16db60,bcaa9d24-f5b0-4d1e-b55e-33053b6138d2,22d257f6-edd1-467a-a2a7-cfd58720f462,Workflow_8308963,Not Started,e8f95e3c-8416-4a8b-8469-8ef95e7626a3,6129d71c-87ff-4a50-a77e-6ac5ec4c17d6,Default Workflow,Ideation,OneTrust Automation,2,2026-03-20T18:18:21.347+00:00,2026-03-20,2026,March,03,Quarter 1,2026-03-20T18:18:01.367+00:00,2026-03-20,2026,March,03,Quarter 1,False,0.00023124999746128365,130.71689559027828,Pacific/Wake
models,52,032d5d18-a14b-4c91-aa33-366acc16db60,bcaa9d24-f5b0-4d1e-b55e-33053b6138d2,22d257f6-edd1-467a-a2a7-cfd58720f462,Workflow_8308963,Not Started,e8f95e3c-8416-4a8b-8469-8ef95e7626a3,6129d71c-87ff-4a50-a77e-6ac5ec4c17d6,Default Workflow,Ideation,OneTrust Automation,2,2026-03-20T04:18:21.347+00:00,2026-03-20,2026,March,03,Quarter 1,2026-03-20T04:18:01.367+00:00,2026-03-20,2026,March,03,Quarter 1,False,0.00023124999746128365,131.30022892361163,America/Nuuk
models,52,032d5d18-a14b-4c91-aa33-366acc16db60,bcaa9d24-f5b0-4d1e-b55e-33053b6138d2,22d257f6-edd1-467a-a2a7-cfd58720f462,Workflow_8308963,Not Started,e8f95e3c-8416-4a8b-8469-8ef95e7626a3,6129d71c-87ff-4a50-a77e-6ac5ec4c17d6,Default Workflow,Ideation,OneTrust Automation,2,2026-03-19T21:18:21.347+00:00,2026-03-19,2026,March,03,Quarter 1,2026-03-19T21:18:01.367+00:00,2026-03-19,2026,March,03,Quarter 1,False,0.00023124999746128365,131.59189559027828,Pacific/Gambier
models,52,032d5d18-a14b-4c91-aa33-366acc16db60,bcaa9d24-f5b0-4d1e-b55e-33053b6138d2,22d257f6-edd1-467a-a2a7-cfd58720f462,Workflow_8308963,Not Started,e8f95e3c-8416-4a8b-8469-8ef95e7626a3,6129d71c-87ff-4a50-a77e-6ac5ec4c17d6,Default Workflow,Ideation,OneTrust Automation,2,2026-03-20T09:18:21.347+00:00,2026-03-20,2026,March,03,Quarter 1,2026-03-20T09:18:01.367+00:00,2026-03-20,2026,March,03,Quarter 1,False,0.00023124999746128365,131.09189559027828,Asia/Amman
models,52,032d5d18-a14b-4c91-aa33-366acc16db60,bcaa9d24-f5b0-4d1e-b55e-33053b6138d2,22d257f6-edd1-467a-a2a7-cfd58720f462,Workflow_8308963,Not Started,e8f95e3c-8416-4a8b-8469-8ef95e7626a3,6129d71c-87ff-4a50-a77e-6ac5ec4c17d6,Default Workflow,Ideation,OneTrust Automation,2,2026-03-20T14:18:21.347+00:00,2026-03-20,2026,March,03,Quarter 1,2026-03-20T14:18:01.367+00:00,2026-03-20,2026,March,03,Quarter 1,False,0.00023124999746128365,130.88356225694494,Asia/Harbin
models,52,032d5d18-a14b-4c91-aa33-366acc16db60,bcaa9d24-f5b0-4d1e-b55e-33053b6138d2,22d257f6-edd1-467a-a2a7-cfd58720f462,Workflow_8308963,Not Started,e8f95e3c-8416-4a8b-8469-8ef95e7626a3,6129d71c-87ff-4a50-a77e-6ac5ec4c17d6,Default Workflow,Ideation,OneTrust Automation,2,2026-03-20T03:18:21.347+00:00,2026-03-20,2026,March,03,Quarter 1,2026-03-20T03:18:01.367+00:00,2026-03-20,2026,March,03,Quarter 1,False,0.00023124999746128365,131.34189559027828,America/Belem
models,52,032d5d18-a14b-4c91-aa33-366acc16db60,bcaa9d24-f5b0-4d1e-b55e-33053b6138d2,22d257f6-edd1-467a-a2a7-cfd58720f462,Workflow_8308963,Not Started,e8f95e3c-8416-4a8b-8469-8ef95e7626a3,6129d71c-87ff-4a50-a77e-6ac5ec4c17d6,Default Workflow,Ideation,OneTrust Automation,2,2026-03-20T14:18:21.347+00:00,2026-03-20,2026,March,03,Quarter 1,2026-03-20T14:18:01.367+00:00,2026-03-20,2026,March,03,Quarter 1,False,0.00023124999746128365,130.88356225694494,Etc/GMT-8
models,52,032d5d18-a14b-4c91-aa33-366acc16db60,bcaa9d24-f5b0-4d1e-b55e-33053b6138d2,22d257f6-edd1-467a-a2a7-cfd58720f462,Workflow_8308963,Not Started,e8f95e3c-8416-4a8b-8469-8ef95e7626a3,6129d71c-87ff-4a50-a77e-6ac5ec4c17d6,Default Workflow,Ideation,OneTrust Automation,2,2026-03-20T10:18:21.347+00:00,2026-03-20,2026,March,03,Quarter 1,2026-03-20T10:18:01.367+00:00,2026-03-20,2026,March,03,Quarter 1,False,0.00023124999746128365,131.05022892361163,Indian/Mahe
models,52,032d5d18-a14b-4c91-aa33-366acc16db60,bcaa9d24-f5b0-4d1e-b55e-33053b6138d2,22d257f6-edd1-467a-a2a7-cfd58720f462,Workflow_8308963,Not Started,e8f95e3c-8416-4a8b-8469-8ef95e7626a3,6129d71c-87ff-4a50-a77e-6ac5ec4c17d6,Default Workflow,Ideation,OneTrust Automation,2,2026-03-20T07:18:21.347+00:00,2026-03-20,2026,March,03,Quarter 1,2026-03-20T07:18:01.367+00:00,2026-03-20,2026,March,03,Quarter 1,False,0.00023124999746128365,131.17522892361163,Africa/Niamey
models,52,032d5d18-a14b-4c91-aa33-366acc16db60,bcaa9d24-f5b0-4d1e-b55e-33053b6138d2,22d257f6-edd1-467a-a2a7-cfd58720f462,Workflow_8308963,Not Started,e8f95e3c-8416-4a8b-8469-8ef95e7626a3,6129d71c-87ff-4a50-a77e-6ac5ec4c17d6,Default Workflow,Ideation,OneTrust Automation,2,2026-03-19T23:18:21.347+00:00,2026-03-19,2026,March,03,Quarter 1,2026-03-19T23:18:01.367+00:00,2026-03-19,2026,March,03,Quarter 1,False,0.00023124999746128365,131.50856225694494,PST8PDT
models,52,032d5d18-a14b-4c91-aa33-366acc16db60,bcaa9d24-f5b0-4d1e-b55e-33053b6138d2,22d257f6-edd1-467a-a2a7-cfd58720f462,Workflow_8308963,Not Started,e8f95e3c-8416-4a8b-8469-8ef95e7626a3,6129d71c-87ff-4a50-a77e-6ac5ec4c17d6,Default Workflow,Ideation,OneTrust Automation,2,2026-03-20T06:18:21.347+00:00,2026-03-20,2026,March,03,Quarter 1,2026-03-20T06:18:01.367+00:00,2026-03-20,2026,March,03,Quarter 1,False,0.00023124999746128365,131.21689559027828,Africa/Banjul
models,52,032d5d18-a14b-4c91-aa33-366acc16db60,bcaa9d24-f5b0-4d1e-b55e-33053b6138d2,22d257f6-edd1-467a-a2a7-cfd58720f462,Workflow_8308963,Not Started,e8f95e3c-8416-4a8b-8469-8ef95e7626a3,6129d71c-87ff-4a50-a77e-6ac5ec4c17d6,Default Workflow,Ideation,OneTrust Automation,2,2026-03-20T16:18:21.347+00:00,2026-03-20,2026,March,03,Quarter 1,2026-03-20T16:18:01.367+00:00,2026-03-20,2026,March,03,Quarter 1,False,0.00023124999746128365,130.80022892361163,Pacific/Saipan
models,52,032d5d18-a14b-4c91-aa33-366acc16db60,bcaa9d24-f5b0-4d1e-b55e-33053b6138d2,22d257f6-edd1-467a-a2a7-cfd58720f462,Workflow_8308963,Not Started,e8f95e3c-8416-4a8b-8469-8ef95e7626a3,6129d71c-87ff-4a50-a77e-6ac5ec4c17d6,Default Workflow,Ideation,OneTrust Automation,2,2026-03-20T17:18:21.347+00:00,2026-03-20,2026,March,03,Quarter 1,2026-03-20T17:18:01.367+00:00,2026-03-20,2026,March,03,Quarter 1,False,0.00023124999746128365,130.75856225694494,Australia/Canberra
models,52,032d5d18-a14b-4c91-aa33-366acc16db60,bcaa9d24-f5b0-4d1e-b55e-33053b6138d2,22d257f6-edd1-467a-a2a7-cfd58720f462,Workflow_8308963,Not Started,e8f95e3c-8416-4a8b-8469-8ef95e7626a3,6129d71c-87ff-4a50-a77e-6ac5ec4c17d6,Default Workflow,Ideation,OneTrust Automation,2,2026-03-20T01:18:21.347+00:00,2026-03-20,2026,March,03,Quarter 1,2026-03-20T01:18:01.367+00:00,2026-03-20,2026,March,03,Quarter 1,False,0.00023124999746128365,131.42522892361163,America/North_Dakota/Center
models,52,032d5d18-a14b-4c91-aa33-366acc16db60,bcaa9d24-f5b0-4d1e-b55e-33053b6138d2,22d257f6-edd1-467a-a2a7-cfd58720f462,Workflow_8308963,Not Started,e8f95e3c-8416-4a8b-8469-8ef95e7626a3,6129d71c-87ff-4a50-a77e-6ac5ec4c17d6,Default Workflow,Ideation,OneTrust Automation,2,2026-03-20T09:18:21.347+00:00,2026-03-20,2026,March,03,Quarter 1,2026-03-20T09:18:01.367+00:00,2026-03-20,2026,March,03,Quarter 1,False,0.00023124999746128365,131.09189559027828,Indian/Antananarivo
models,52,032d5d18-a14b-4c91-aa33-366acc16db60,bcaa9d24-f5b0-4d1e-b55e-33053b6138d2,22d257f6-edd1-467a-a2a7-cfd58720f462,Workflow_8308963,Not Started,e8f95e3c-8416-4a8b-8469-8ef95e7626a3,6129d71c-87ff-4a50-a77e-6ac5ec4c17d6,Default Workflow,Ideation,OneTrust Automation,2,2026-03-20T18:18:21.347+00:00,2026-03-20,2026,March,03,Quarter 1,2026-03-20T18:18:01.367+00:00,2026-03-20,2026,March,03,Quarter 1,False,0.00023124999746128365,130.71689559027828,Pacific/Tarawa
models,52,032d5d18-a14b-4c91-aa33-366acc16db60,bcaa9d24-f5b0-4d1e-b55e-33053b6138d2,22d257f6-edd1-467a-a2a7-cfd58720f462,Workflow_8308963,Not Started,e8f95e3c-8416-4a8b-8469-8ef95e7626a3,6129d71c-87ff-4a50-a77e-6ac5ec4c17d6,Default Workflow,Ideation,OneTrust Automation,2,2026-03-19T23:18:21.347+00:00,2026-03-19,2026,March,03,Quarter 1,2026-03-19T23:18:01.367+00:00,2026-03-19,2026,March,03,Quarter 1,False,0.00023124999746128365,131.50856225694494,America/Phoenix
models,52,032d5d18-a14b-4c91-aa33-366acc16db60,bcaa9d24-f5b0-4d1e-b55e-33053b6138d2,22d257f6-edd1-467a-a2a7-cfd58720f462,Workflow_8308963,Not Started,e8f95e3c-8416-4a8b-8469-8ef95e7626a3,6129d71c-87ff-4a50-a77e-6ac5ec4c17d6,Default Workflow,Ideation,OneTrust Automation,2,2026-03-20T15:18:21.347+00:00,2026-03-20,2026,March,03,Quarter 1,2026-03-20T15:18:01.367+00:00,2026-03-20,2026,March,03,Quarter 1,False,0.00023124999746128365,130.84189559027828,Asia/Khandyga
models,52,032d5d18-a14b-4c91-aa33-366acc16db60,bcaa9d24-f5b0-4d1e-b55e-33053b6138d2,22d257f6-edd1-467a-a2a7-cfd58720f462,Workflow_8308963,Not Started,e8f95e3c-8416-4a8b-8469-8ef95e7626a3,6129d71c-87ff-4a50-a77e-6ac5ec4c17d6,Default Workflow,Ideation,OneTrust Automation,2,2026-03-20T00:18:21.347+00:00,2026-03-20,2026,March,03,Quarter 1,2026-03-20T00:18:01.367+00:00,2026-03-20,2026,March,03,Quarter 1,False,0.00023124999746128365,131.46689559027828,Pacific/Galapagos
models,52,032d5d18-a14b-4c91-aa33-366acc16db60,bcaa9d24-f5b0-4d1e-b55e-33053b6138d2,22d257f6-edd1-467a-a2a7-cfd58720f462,Workflow_8308963,Not Started,e8f95e3c-8416-4a8b-8469-8ef95e7626a3,6129d71c-87ff-4a50-a77e-6ac5ec4c17d6,Default Workflow,Ideation,OneTrust Automation,2,2026-03-20T01:18:21.347+00:00,2026-03-20,2026,March,03,Quarter 1,2026-03-20T01:18:01.367+00:00,2026-03-20,2026,March,03,Quarter 1,False,0.00023124999746128365,131.42522892361163,America/Knox_IN
models,52,032d5d18-a14b-4c91-aa33-366acc16db60,bcaa9d24-f5b0-4d1e-b55e-33053b6138d2,22d257f6-edd1-467a-a2a7-cfd58720f462,Workflow_8308963,Not Started,e8f95e3c-8416-4a8b-8469-8ef95e7626a3,6129d71c-87ff-4a50-a77e-6ac5ec4c17d6,Default Workflow,Ideation,OneTrust Automation,2,2026-03-20T07:18:21.347+00:00,2026-03-20,2026,March,03,Quarter 1,2026-03-20T07:18:01.367+00:00,2026-03-20,2026,March,03,Quarter 1,False,0.00023124999746128365,131.17522892361163,Africa/Algiers
models,52,032d5d18-a14b-4c91-aa33-366acc16db60,bcaa9d24-f5b0-4d1e-b55e-33053b6138d2,22d257f6-edd1-467a-a2a7-cfd58720f462,Workflow_8308963,Not Started,e8f95e3c-8416-4a8b-8469-8ef95e7626a3,6129d71c-87ff-4a50-a77e-6ac5ec4c17d6,Default Workflow,Ideation,OneTrust Automation,2,2026-03-20T15:18:21.347+00:00,2026-03-20,2026,March,03,Quarter 1,2026-03-20T15:18:01.367+00:00,2026-03-20,2026,March,03,Quarter 1,False,0.00023124999746128365,130.84189559027828,Asia/Pyongyang
models,52,032d5d18-a14b-4c91-aa33-366acc16db60,bcaa9d24-f5b0-4d1e-b55e-33053b6138d2,22d257f6-edd1-467a-a2a7-cfd58720f462,Workflow_8308963,Not Started,e8f95e3c-8416-4a8b-8469-8ef95e7626a3,6129d71c-87ff-4a50-a77e-6ac5ec4c17d6,Default Workflow,Ideation,OneTrust Automation,2,2026-03-20T08:18:21.347+00:00,2026-03-20,2026,March,03,Quarter 1,2026-03-20T08:18:01.367+00:00,2026-03-20,2026,March,03,Quarter 1,False,0.00023124999746128365,131.13356225694494,Asia/Famagusta
models,52,032d5d18-a14b-4c91-aa33-366acc16db60,bcaa9d24-f5b0-4d1e-b55e-33053b6138d2,22d257f6-edd1-467a-a2a7-cfd58720f462,Workflow_8308963,Not Started,e8f95e3c-8416-4a8b-8469-8ef95e7626a3,6129d71c-87ff-4a50-a77e-6ac5ec4c17d6,Default Workflow,Ideation,OneTrust Automation,2,2026-03-20T02:18:21.347+00:00,2026-03-20,2026,March,03,Quarter 1,2026-03-20T02:18:01.367+00:00,2026-03-20,2026,March,03,Quarter 1,False,0.00023124999746128365,131.38356225694494,America/Havana
models,52,032d5d18-a14b-4c91-aa33-366acc16db60,bcaa9d24-f5b0-4d1e-b55e-33053b6138d2,22d257f6-edd1-467a-a2a7-cfd58720f462,Workflow_8308963,Not Started,e8f95e3c-8416-4a8b-8469-8ef95e7626a3,6129d71c-87ff-4a50-a77e-6ac5ec4c17d6,Default Workflow,Ideation,OneTrust Automation,2,2026-03-20T06:18:21.347+00:00,2026-03-20,2026,March,03,Quarter 1,2026-03-20T06:18:01.367+00:00,2026-03-20,2026,March,03,Quarter 1,False,0.00023124999746128365,131.21689559027828,Iceland
models,52,032d5d18-a14b-4c91-aa33-366acc16db60,bcaa9d24-f5b0-4d1e-b55e-33053b6138d2,22d257f6-edd1-467a-a2a7-cfd58720f462,Workflow_8308963,Not Started,e8f95e3c-8416-4a8b-8469-8ef95e7626a3,6129d71c-87ff-4a50-a77e-6ac5ec4c17d6,Default Workflow,Ideation,OneTrust Automation,2,2026-03-19T23:18:21.347+00:00,2026-03-19,2026,March,03,Quarter 1,2026-03-19T23:18:01.367+00:00,2026-03-19,2026,March,03,Quarter 1,False,0.00023124999746128365,131.50856225694494,US/Pacific
models,52,032d5d18-a14b-4c91-aa33-366acc16db60,bcaa9d24-f5b0-4d1e-b55e-33053b6138d2,22d257f6-edd1-467a-a2a7-cfd58720f462,Workflow_8308963,Not Started,e8f95e3c-8416-4a8b-8469-8ef95e7626a3,6129d71c-87ff-4a50-a77e-6ac5ec4c17d6,Default Workflow,Ideation,OneTrust Automation,2,2026-03-20T03:48:21.347+00:00,2026-03-20,2026,March,03,Quarter 1,2026-03-20T03:48:01.367+00:00,2026-03-20,2026,March,03,Quarter 1,False,0.00023124999746128365,131.32106225694494,Canada/Newfoundland
models,52,032d5d18-a14b-4c91-aa33-366acc16db60,bcaa9d24-f5b0-4d1e-b55e-33053b6138d2,22d257f6-edd1-467a-a2a7-cfd58720f462,Workflow_8308963,Not Started,e8f95e3c-8416-4a8b-8469-8ef95e7626a3,6129d71c-87ff-4a50-a77e-6ac5ec4c17d6,Default Workflow,Ideation,OneTrust Automation,2,2026-03-20T01:18:21.347+00:00,2026-03-20,2026,March,03,Quarter 1,2026-03-20T01:18:01.367+00:00,2026-03-20,2026,March,03,Quarter 1,False,0.00023124999746128365,131.42522892361163,CST6CDT
models,52,032d5d18-a14b-4c91-aa33-366acc16db60,bcaa9d24-f5b0-4d1e-b55e-33053b6138d2,22d257f6-edd1-467a-a2a7-cfd58720f462,Workflow_8308963,Not Started,e8f95e3c-8416-4a8b-8469-8ef95e7626a3,6129d71c-87ff-4a50-a77e-6ac5ec4c17d6,Default Workflow,Ideation,OneTrust Automation,2,2026-03-20T03:18:21.347+00:00,2026-03-20,2026,March,03,Quarter 1,2026-03-20T03:18:01.367+00:00,2026-03-20,2026,March,03,Quarter 1,False,0.00023124999746128365,131.34189559027828,America/Argentina/Catamarca
models,52,032d5d18-a14b-4c91-aa33-366acc16db60,bcaa9d24-f5b0-4d1e-b55e-33053b6138d2,22d257f6-edd1-467a-a2a7-cfd58720f462,Workflow_8308963,Not Started,e8f95e3c-8416-4a8b-8469-8ef95e7626a3,6129d71c-87ff-4a50-a77e-6ac5ec4c17d6,Default Workflow,Ideation,OneTrust Automation,2,2026-03-20T06:18:21.347+00:00,2026-03-20,2026,March,03,Quarter 1,2026-03-20T06:18:01.367+00:00,2026-03-20,2026,March,03,Quarter 1,False,0.00023124999746128365,131.21689559027828,Europe/London
models,52,032d5d18-a14b-4c91-aa33-366acc16db60,bcaa9d24-f5b0-4d1e-b55e-33053b6138d2,22d257f6-edd1-467a-a2a7-cfd58720f462,Workflow_8308963,Not Started,e8f95e3c-8416-4a8b-8469-8ef95e7626a3,6129d71c-87ff-4a50-a77e-6ac5ec4c17d6,Default Workflow,Ideation,OneTrust Automation,2,2026-03-20T06:18:21.347+00:00,2026-03-20,2026,March,03,Quarter 1,2026-03-20T06:18:01.367+00:00,2026-03-20,2026,March,03,Quarter 1,False,0.00023124999746128365,131.21689559027828,Europe/Belfast
models,52,032d5d18-a14b-4c91-aa33-366acc16db60,bcaa9d24-f5b0-4d1e-b55e-33053b6138d2,22d257f6-edd1-467a-a2a7-cfd58720f462,Workflow_8308963,Not Started,e8f95e3c-8416-4a8b-8469-8ef95e7626a3,6129d71c-87ff-4a50-a77e-6ac5ec4c17d6,Default Workflow,Ideation,OneTrust Automation,2,2026-03-20T03:18:21.347+00:00,2026-03-20,2026,March,03,Quarter 1,2026-03-20T03:18:01.367+00:00,2026-03-20,2026,March,03,Quarter 1,False,0.00023124999746128365,131.34189559027828,America/Argentina/Buenos_Aires
models,52,032d5d18-a14b-4c91-aa33-366acc16db60,bcaa9d24-f5b0-4d1e-b55e-33053b6138d2,22d257f6-edd1-467a-a2a7-cfd58720f462,Workflow_8308963,Not Started,e8f95e3c-8416-4a8b-8469-8ef95e7626a3,6129d71c-87ff-4a50-a77e-6ac5ec4c17d6,Default Workflow,Ideation,OneTrust Automation,2,2026-03-20T06:18:21.347+00:00,2026-03-20,2026,March,03,Quarter 1,2026-03-20T06:18:01.367+00:00,2026-03-20,2026,March,03,Quarter 1,False,0.00023124999746128365,131.21689559027828,Atlantic/Canary
models,52,032d5d18-a14b-4c91-aa33-366acc16db60,bcaa9d24-f5b0-4d1e-b55e-33053b6138d2,22d257f6-edd1-467a-a2a7-cfd58720f462,Workflow_8308963,Not Started,e8f95e3c-8416-4a8b-8469-8ef95e7626a3,6129d71c-87ff-4a50-a77e-6ac5ec4c17d6,Default Workflow,Ideation,OneTrust Automation,2,2026-03-20T07:18:21.347+00:00,2026-03-20,2026,March,03,Quarter 1,2026-03-20T07:18:01.367+00:00,2026-03-20,2026,March,03,Quarter 1,False,0.00023124999746128365,131.17522892361163,Europe/San_Marino
models,52,032d5d18-a14b-4c91-aa33-366acc16db60,bcaa9d24-f5b0-4d1e-b55e-33053b6138d2,22d257f6-edd1-467a-a2a7-cfd58720f462,Workflow_8308963,Not Started,e8f95e3c-8416-4a8b-8469-8ef95e7626a3,6129d71c-87ff-4a50-a77e-6ac5ec4c17d6,Default Workflow,Ideation,OneTrust Automation,2,2026-03-20T14:18:21.347+00:00,2026-03-20,2026,March,03,Quarter 1,2026-03-20T14:18:01.367+00:00,2026-03-20,2026,March,03,Quarter 1,False,0.00023124999746128365,130.88356225694494,Asia/Shanghai
models,52,032d5d18-a14b-4c91-aa33-366acc16db60,bcaa9d24-f5b0-4d1e-b55e-33053b6138d2,22d257f6-edd1-467a-a2a7-cfd58720f462,Workflow_8308963,Not Started,e8f95e3c-8416-4a8b-8469-8ef95e7626a3,6129d71c-87ff-4a50-a77e-6ac5ec4c17d6,Default Workflow,Ideation,OneTrust Automation,2,2026-03-20T06:18:21.347+00:00,2026-03-20,2026,March,03,Quarter 1,2026-03-20T06:18:01.367+00:00,2026-03-20,2026,March,03,Quarter 1,False,0.00023124999746128365,131.21689559027828,Universal
models,52,032d5d18-a14b-4c91-aa33-366acc16db60,bcaa9d24-f5b0-4d1e-b55e-33053b6138d2,22d257f6-edd1-467a-a2a7-cfd58720f462,Workflow_8308963,Not Started,e8f95e3c-8416-4a8b-8469-8ef95e7626a3,6129d71c-87ff-4a50-a77e-6ac5ec4c17d6,Default Workflow,Ideation,OneTrust Automation,2,2026-03-20T09:18:21.347+00:00,2026-03-20,2026,March,03,Quarter 1,2026-03-20T09:18:01.367+00:00,2026-03-20,2026,March,03,Quarter 1,False,0.00023124999746128365,131.09189559027828,Asia/Bahrain
models,52,032d5d18-a14b-4c91-aa33-366acc16db60,bcaa9d24-f5b0-4d1e-b55e-33053b6138d2,22d257f6-edd1-467a-a2a7-cfd58720f462,Workflow_8308963,Not Started,e8f95e3c-8416-4a8b-8469-8ef95e7626a3,6129d71c-87ff-4a50-a77e-6ac5ec4c17d6,Default Workflow,Ideation,OneTrust Automation,2,2026-03-20T07:18:21.347+00:00,2026-03-20,2026,March,03,Quarter 1,2026-03-20T07:18:01.367+00:00,2026-03-20,2026,March,03,Quarter 1,False,0.00023124999746128365,131.17522892361163,Africa/Douala
models,52,032d5d18-a14b-4c91-aa33-366acc16db60,bcaa9d24-f5b0-4d1e-b55e-33053b6138d2,22d257f6-edd1-467a-a2a7-cfd58720f462,Workflow_8308963,Not Started,e8f95e3c-8416-4a8b-8469-8ef95e7626a3,6129d71c-87ff-4a50-a77e-6ac5ec4c17d6,Default Workflow,Ideation,OneTrust Automation,2,2026-03-20T18:18:21.347+00:00,2026-03-20,2026,March,03,Quarter 1,2026-03-20T18:18:01.367+00:00,2026-03-20,2026,March,03,Quarter 1,False,0.00023124999746128365,130.71689559027828,Kwajalein
models,52,032d5d18-a14b-4c91-aa33-366acc16db60,bcaa9d24-f5b0-4d1e-b55e-33053b6138d2,22d257f6-edd1-467a-a2a7-cfd58720f462,Workflow_8308963,Not Started,e8f95e3c-8416-4a8b-8469-8ef95e7626a3,6129d71c-87ff-4a50-a77e-6ac5ec4c17d6,Default Workflow,Ideation,OneTrust Automation,2,2026-03-20T09:18:21.347+00:00,2026-03-20,2026,March,03,Quarter 1,2026-03-20T09:18:01.367+00:00,2026-03-20,2026,March,03,Quarter 1,False,0.00023124999746128365,131.09189559027828,Europe/Moscow
models,52,032d5d18-a14b-4c91-aa33-366acc16db60,bcaa9d24-f5b0-4d1e-b55e-33053b6138d2,22d257f6-edd1-467a-a2a7-cfd58720f462,Workflow_8308963,Not Started,e8f95e3c-8416-4a8b-8469-8ef95e7626a3,6129d71c-87ff-4a50-a77e-6ac5ec4c17d6,Default Workflow,Ideation,OneTrust Automation,2,2026-03-20T00:18:21.347+00:00,2026-03-20,2026,March,03,Quarter 1,2026-03-20T00:18:01.367+00:00,2026-03-20,2026,March,03,Quarter 1,False,0.00023124999746128365,131.46689559027828,America/Inuvik
models,52,032d5d18-a14b-4c91-aa33-366acc16db60,bcaa9d24-f5b0-4d1e-b55e-33053b6138d2,22d257f6-edd1-467a-a2a7-cfd58720f462,Workflow_8308963,Not Started,e8f95e3c-8416-4a8b-8469-8ef95e7626a3,6129d71c-87ff-4a50-a77e-6ac5ec4c17d6,Default Workflow,Ideation,OneTrust Automation,2,2026-03-20T19:18:21.347+00:00,2026-03-20,2026,March,03,Quarter 1,2026-03-20T19:18:01.367+00:00,2026-03-20,2026,March,03,Quarter 1,False,0.00023124999746128365,130.67522892361163,NZ
models,52,032d5d18-a14b-4c91-aa33-366acc16db60,bcaa9d24-f5b0-4d1e-b55e-33053b6138d2,22d257f6-edd1-467a-a2a7-cfd58720f462,Workflow_8308963,Not Started,e8f95e3c-8416-4a8b-8469-8ef95e7626a3,6129d71c-87ff-4a50-a77e-6ac5ec4c17d6,Default Workflow,Ideation,OneTrust Automation,2,2026-03-20T07:18:21.347+00:00,2026-03-20,2026,March,03,Quarter 1,2026-03-20T07:18:01.367+00:00,2026-03-20,2026,March,03,Quarter 1,False,0.00023124999746128365,131.17522892361163,Europe/Warsaw
models,52,032d5d18-a14b-4c91-aa33-366acc16db60,bcaa9d24-f5b0-4d1e-b55e-33053b6138d2,22d257f6-edd1-467a-a2a7-cfd58720f462,Workflow_8308963,Not Started,e8f95e3c-8416-4a8b-8469-8ef95e7626a3,6129d71c-87ff-4a50-a77e-6ac5ec4c17d6,Default Workflow,Ideation,OneTrust Automation,2,2026-03-20T03:18:21.347+00:00,2026-03-20,2026,March,03,Quarter 1,2026-03-20T03:18:01.367+00:00,2026-03-20,2026,March,03,Quarter 1,False,0.00023124999746128365,131.34189559027828,America/Goose_Bay
models,52,032d5d18-a14b-4c91-aa33-366acc16db60,bcaa9d24-f5b0-4d1e-b55e-33053b6138d2,22d257f6-edd1-467a-a2a7-cfd58720f462,Workflow_8308963,Not Started,e8f95e3c-8416-4a8b-8469-8ef95e7626a3,6129d71c-87ff-4a50-a77e-6ac5ec4c17d6,Default Workflow,Ideation,OneTrust Automation,2,2026-03-20T08:18:21.347+00:00,2026-03-20,2026,March,03,Quarter 1,2026-03-20T08:18:01.367+00:00,2026-03-20,2026,March,03,Quarter 1,False,0.00023124999746128365,131.13356225694494,Europe/Kyiv
models,52,032d5d18-a14b-4c91-aa33-366acc16db60,bcaa9d24-f5b0-4d1e-b55e-33053b6138d2,22d257f6-edd1-467a-a2a7-cfd58720f462,Workflow_8308963,Not Started,e8f95e3c-8416-4a8b-8469-8ef95e7626a3,6129d71c-87ff-4a50-a77e-6ac5ec4c17d6,Default Workflow,Ideation,OneTrust Automation,2,2026-03-19T23:18:21.347+00:00,2026-03-19,2026,March,03,Quarter 1,2026-03-19T23:18:01.367+00:00,2026-03-19,2026,March,03,Quarter 1,False,0.00023124999746128365,131.50856225694494,America/Santa_Isabel
models,52,032d5d18-a14b-4c91-aa33-366acc16db60,bcaa9d24-f5b0-4d1e-b55e-33053b6138d2,22d257f6-edd1-467a-a2a7-cfd58720f462,Workflow_8308963,Not Started,e8f95e3c-8416-4a8b-8469-8ef95e7626a3,6129d71c-87ff-4a50-a77e-6ac5ec4c17d6,Default Workflow,Ideation,OneTrust Automation,2,2026-03-20T06:18:21.347+00:00,2026-03-20,2026,March,03,Quarter 1,2026-03-20T06:18:01.367+00:00,2026-03-20,2026,March,03,Quarter 1,False,0.00023124999746128365,131.21689559027828,Etc/GMT-0
models,52,032d5d18-a14b-4c91-aa33-366acc16db60,bcaa9d24-f5b0-4d1e-b55e-33053b6138d2,22d257f6-edd1-467a-a2a7-cfd58720f462,Workflow_8308963,Not Started,e8f95e3c-8416-4a8b-8469-8ef95e7626a3,6129d71c-87ff-4a50-a77e-6ac5ec4c17d6,Default Workflow,Ideation,OneTrust Automation,2,2026-03-19T20:18:21.347+00:00,2026-03-19,2026,March,03,Quarter 1,2026-03-19T20:18:01.367+00:00,2026-03-19,2026,March,03,Quarter 1,False,0.00023124999746128365,131.63356225694494,Pacific/Johnston
models,52,032d5d18-a14b-4c91-aa33-366acc16db60,bcaa9d24-f5b0-4d1e-b55e-33053b6138d2,22d257f6-edd1-467a-a2a7-cfd58720f462,Workflow_8308963,Not Started,e8f95e3c-8416-4a8b-8469-8ef95e7626a3,6129d71c-87ff-4a50-a77e-6ac5ec4c17d6,Default Workflow,Ideation,OneTrust Automation,2,2026-03-20T17:18:21.347+00:00,2026-03-20,2026,March,03,Quarter 1,2026-03-20T17:18:01.367+00:00,2026-03-20,2026,March,03,Quarter 1,False,0.00023124999746128365,130.75856225694494,Australia/Tasmania
models,52,032d5d18-a14b-4c91-aa33-366acc16db60,bcaa9d24-f5b0-4d1e-b55e-33053b6138d2,22d257f6-edd1-467a-a2a7-cfd58720f462,Workflow_8308963,Not Started,e8f95e3c-8416-4a8b-8469-8ef95e7626a3,6129d71c-87ff-4a50-a77e-6ac5ec4c17d6,Default Workflow,Ideation,OneTrust Automation,2,2026-03-19T21:18:21.347+00:00,2026-03-19,2026,March,03,Quarter 1,2026-03-19T21:18:01.367+00:00,2026-03-19,2026,March,03,Quarter 1,False,0.00023124999746128365,131.59189559027828,America/Atka
models,52,032d5d18-a14b-4c91-aa33-366acc16db60,bcaa9d24-f5b0-4d1e-b55e-33053b6138d2,22d257f6-edd1-467a-a2a7-cfd58720f462,Workflow_8308963,Not Started,e8f95e3c-8416-4a8b-8469-8ef95e7626a3,6129d71c-87ff-4a50-a77e-6ac5ec4c17d6,Default Workflow,Ideation,OneTrust Automation,2,2026-03-20T06:18:21.347+00:00,2026-03-20,2026,March,03,Quarter 1,2026-03-20T06:18:01.367+00:00,2026-03-20,2026,March,03,Quarter 1,False,0.00023124999746128365,131.21689559027828,Etc/Universal
models,52,032d5d18-a14b-4c91-aa33-366acc16db60,bcaa9d24-f5b0-4d1e-b55e-33053b6138d2,22d257f6-edd1-467a-a2a7-cfd58720f462,Workflow_8308963,Not Started,e8f95e3c-8416-4a8b-8469-8ef95e7626a3,6129d71c-87ff-4a50-a77e-6ac5ec4c17d6,Default Workflow,Ideation,OneTrust Automation,2,2026-03-20T09:18:21.347+00:00,2026-03-20,2026,March,03,Quarter 1,2026-03-20T09:18:01.367+00:00,2026-03-20,2026,March,03,Quarter 1,False,0.00023124999746128365,131.09189559027828,Asia/Baghdad
models,52,032d5d18-a14b-4c91-aa33-366acc16db60,bcaa9d24-f5b0-4d1e-b55e-33053b6138d2,22d257f6-edd1-467a-a2a7-cfd58720f462,Workflow_8308963,Not Started,e8f95e3c-8416-4a8b-8469-8ef95e7626a3,6129d71c-87ff-4a50-a77e-6ac5ec4c17d6,Default Workflow,Ideation,OneTrust Automation,2,2026-03-20T08:18:21.347+00:00,2026-03-20,2026,March,03,Quarter 1,2026-03-20T08:18:01.367+00:00,2026-03-20,2026,March,03,Quarter 1,False,0.00023124999746128365,131.13356225694494,Asia/Tel_Aviv
models,52,032d5d18-a14b-4c91-aa33-366acc16db60,bcaa9d24-f5b0-4d1e-b55e-33053b6138d2,22d257f6-edd1-467a-a2a7-cfd58720f462,Workflow_8308963,Not Started,e8f95e3c-8416-4a8b-8469-8ef95e7626a3,6129d71c-87ff-4a50-a77e-6ac5ec4c17d6,Default Workflow,Ideation,OneTrust Automation,2,2026-03-20T01:18:21.347+00:00,2026-03-20,2026,March,03,Quarter 1,2026-03-20T01:18:01.367+00:00,2026-03-20,2026,March,03,Quarter 1,False,0.00023124999746128365,131.42522892361163,US/Indiana-Starke
models,52,032d5d18-a14b-4c91-aa33-366acc16db60,bcaa9d24-f5b0-4d1e-b55e-33053b6138d2,22d257f6-edd1-467a-a2a7-cfd58720f462,Workflow_8308963,Not Started,e8f95e3c-8416-4a8b-8469-8ef95e7626a3,6129d71c-87ff-4a50-a77e-6ac5ec4c17d6,Default Workflow,Ideation,OneTrust Automation,2,2026-03-20T14:18:21.347+00:00,2026-03-20,2026,March,03,Quarter 1,2026-03-20T14:18:01.367+00:00,2026-03-20,2026,March,03,Quarter 1,False,0.00023124999746128365,130.88356225694494,PRC
models,52,032d5d18-a14b-4c91-aa33-366acc16db60,bcaa9d24-f5b0-4d1e-b55e-33053b6138d2,22d257f6-edd1-467a-a2a7-cfd58720f462,Workflow_8308963,Not Started,e8f95e3c-8416-4a8b-8469-8ef95e7626a3,6129d71c-87ff-4a50-a77e-6ac5ec4c17d6,Default Workflow,Ideation,OneTrust Automation,2,2026-03-20T17:18:21.347+00:00,2026-03-20,2026,March,03,Quarter 1,2026-03-20T17:18:01.367+00:00,2026-03-20,2026,March,03,Quarter 1,False,0.00023124999746128365,130.75856225694494,Australia/NSW
models,52,032d5d18-a14b-4c91-aa33-366acc16db60,bcaa9d24-f5b0-4d1e-b55e-33053b6138d2,22d257f6-edd1-467a-a2a7-cfd58720f462,Workflow_8308963,Not Started,e8f95e3c-8416-4a8b-8469-8ef95e7626a3,6129d71c-87ff-4a50-a77e-6ac5ec4c17d6,Default Workflow,Ideation,OneTrust Automation,2,2026-03-20T07:18:21.347+00:00,2026-03-20,2026,March,03,Quarter 1,2026-03-20T07:18:01.367+00:00,2026-03-20,2026,March,03,Quarter 1,False,0.00023124999746128365,131.17522892361163,Europe/Belgrade
models,52,032d5d18-a14b-4c91-aa33-366acc16db60,bcaa9d24-f5b0-4d1e-b55e-33053b6138d2,22d257f6-edd1-467a-a2a7-cfd58720f462,Workflow_8308963,Not Started,e8f95e3c-8416-4a8b-8469-8ef95e7626a3,6129d71c-87ff-4a50-a77e-6ac5ec4c17d6,Default Workflow,Ideation,OneTrust Automation,2,2026-03-20T14:18:21.347+00:00,2026-03-20,2026,March,03,Quarter 1,2026-03-20T14:18:01.367+00:00,2026-03-20,2026,March,03,Quarter 1,False,0.00023124999746128365,130.88356225694494,Hongkong
